 ---------------------------------------------------------------
Surface and Strip forces by surface

 Surface forces referred to Sref,Cref,Bref about Xmom,Ymom,Zmom
 Standard axis orientation,  X fwd, Z down         

  Surface # 1     main_wing_1                             
     # chordwise = 10   # spanwise = 50     First strip =  1
     Surface area =  12.267           ave. chord =  2.7530    
     CLsurf  =   0.062301     Clsurf  =  -0.005108
     CYsurf  =  -0.000031     Cmsurf  =  -0.037251
     CDsurf  =   0.001594     Cnsurf  =  -0.000133
     CDisurf =   0.000627     CDvsurf =   0.000000

  Forces referred to Ssurf, Cave about hinge axis thru LE
     cl_surf =   0.326222     cd_surf =   0.008346

 Strip Forces referred to strip area, chord
    j    xLE         yLE         zLE         Chord       Area        Dihedral   c cl        ai_ff       cl           clj         cd          cdv         cm_c/4     c.p.x/c      Dcj
     1   12.56      0.1059E-02   1.385       2.772      0.1174E-01   0.000      0.7695      0.1230E-01  0.2778       0.000      0.3697E-02   0.000     -0.3877E-02  0.2640       0.000    
     2   12.56      0.9524E-02   1.385       2.772      0.3517E-01   0.000      0.7696      0.1722E-01  0.2778       0.000      0.3697E-02   0.000     -0.3876E-02  0.2640       0.000    
     3   12.56      0.2642E-01   1.385       2.772      0.5846E-01 -0.6032E-12  0.7696      0.1762E-01  0.2778       0.000      0.3696E-02   0.000     -0.3875E-02  0.2639       0.000    
     4   12.56      0.5168E-01   1.385       2.772      0.8152E-01  0.4326E-12  0.7696      0.1773E-01  0.2778       0.000      0.3693E-02   0.000     -0.3869E-02  0.2639       0.000    
     5   12.56      0.8521E-01   1.385       2.772      0.1043       0.000      0.7697      0.1777E-01  0.2779       0.000      0.3687E-02   0.000     -0.3856E-02  0.2639       0.000    
     6   12.56      0.1269       1.385       2.772      0.1266       0.000      0.7699      0.1780E-01  0.2779       0.000      0.3675E-02   0.000     -0.3830E-02  0.2638       0.000    
     7   12.56      0.1765       1.385       2.772      0.1484       0.000      0.7702      0.1781E-01  0.2781       0.000      0.3655E-02   0.000     -0.3785E-02  0.2636       0.000    
     8   12.56      0.2339       1.385       2.772      0.1697      0.2079E-12  0.7708      0.1781E-01  0.2783       0.000      0.3624E-02   0.000     -0.3715E-02  0.2634       0.000    
     9   12.56      0.2988       1.385       2.772      0.1902     -0.3708E-12  0.7715      0.1780E-01  0.2785       0.000      0.3578E-02   0.000     -0.3613E-02  0.2630       0.000    
    10   12.56      0.3711       1.385       2.772      0.2100      0.3358E-12  0.7725      0.1777E-01  0.2789       0.000      0.3513E-02   0.000     -0.3472E-02  0.2624       0.000    
    11   12.56      0.4503       1.385       2.772      0.2290     -0.1540E-12  0.7739      0.1774E-01  0.2794       0.000      0.3425E-02   0.000     -0.3282E-02  0.2617       0.000    
    12   12.56      0.5363       1.385       2.772      0.2471       0.000      0.7756      0.1767E-01  0.2800       0.000      0.3308E-02   0.000     -0.3039E-02  0.2609       0.000    
    13   12.56      0.6285       1.385       2.772      0.2642       0.000      0.7777      0.1758E-01  0.2808       0.000      0.3158E-02   0.000     -0.2735E-02  0.2597       0.000    
    14   12.56      0.7268       1.385       2.772      0.2803       0.000      0.7803      0.1744E-01  0.2817       0.000      0.2966E-02   0.000     -0.2365E-02  0.2584       0.000    
    15   12.56      0.8307       1.385       2.772      0.2953       0.000      0.7834      0.1722E-01  0.2829       0.000      0.2726E-02   0.000     -0.1928E-02  0.2568       0.000    
    16   12.56      0.9398       1.385       2.772      0.3091       0.000      0.7868      0.1690E-01  0.2841       0.000      0.2425E-02   0.000     -0.1420E-02  0.2550       0.000    
    17   12.56       1.054       1.385       2.772      0.3217       0.000      0.7907      0.1642E-01  0.2855       0.000      0.2046E-02   0.000     -0.8422E-03  0.2529       0.000    
    18   12.56       1.172       1.385       2.772      0.3330       0.000      0.7949      0.1566E-01  0.2871       0.000      0.1560E-02   0.000     -0.1933E-03  0.2507       0.000    
    19   12.56       1.294       1.385       2.772      0.3430       0.000      0.7993      0.1444E-01  0.2887       0.000      0.9013E-03   0.000      0.5298E-03  0.2482       0.000    
    20   12.56       1.419       1.385       2.772      0.3516       0.000      0.8039      0.1227E-01  0.2904       0.000     -0.8263E-04   0.000      0.1339E-02  0.2454       0.000    
    21   12.56       1.547       1.385       2.772      0.3589       0.000      0.8085      0.7593E-02  0.2922       0.000     -0.1876E-02   0.000      0.2267E-02  0.2422       0.000    
    22   12.56       1.692       1.385       2.770      0.4438       0.000      0.8135     -0.1418E-01  0.2945       0.000     -0.7868E-02   0.000      0.3487E-02  0.2382       0.000    
    23   12.56       1.843       1.385       2.767      0.3910     -0.9004E-13  0.5955      0.4633E-01  0.3978      0.1829      0.2938E-01   0.000      0.3049E-01  0.1733       1.973    
    24   12.56       1.985       1.385       2.765      0.3937      0.8933E-13  0.5586      0.4420E-01  0.3993      0.1975      0.2628E-01   0.000      0.3172E-01  0.1706       1.975    
    25   12.56       2.128       1.385       2.762      0.3949      0.8897E-13  0.5411      0.4301E-01  0.3994      0.2038      0.2547E-01   0.000      0.3232E-01  0.1691       1.977    
    26   12.56       2.271       1.385       2.759      0.3945     -0.8897E-13  0.5319      0.4245E-01  0.3977      0.2051      0.2508E-01   0.000      0.3223E-01  0.1690       1.979    
    27   12.56       2.414       1.385       2.756      0.3925       0.000      0.5282      0.4665E-01  0.3962      0.2048      0.2492E-01   0.000      0.3200E-01  0.1692       1.981    
    28   12.56       2.555       1.385       2.753      0.3890       0.000      0.5294      0.4050E-01  0.3989      0.2068      0.2510E-01   0.000      0.3258E-01  0.1683       1.983    
    29   12.56       2.696       1.385       2.751      0.3840       0.000      0.5351      0.4235E-01  0.4025      0.2082      0.2548E-01   0.000      0.3320E-01  0.1675       1.985    
    30   12.56       2.835       1.385       2.748      0.3775       0.000      0.5462      0.4301E-01  0.4054      0.2069      0.2607E-01   0.000      0.3343E-01  0.1676       1.987    
    31   12.56       2.971       1.385       2.745      0.3695       0.000      0.5660      0.4422E-01  0.4066      0.2007      0.2717E-01   0.000      0.3304E-01  0.1688       1.989    
    32   12.56       3.104       1.385       2.743      0.3601       0.000      0.6058      0.4636E-01  0.4068      0.1862      0.3104E-01   0.000      0.3213E-01  0.1710       1.991    
    33   12.56       3.231       1.385       2.740      0.3363      0.1037E-12  0.8316     -0.2569E-01  0.3045       0.000     -0.1230E-01   0.000      0.5344E-02  0.2325       0.000    
    34   12.56       3.351       1.385       2.738      0.3246     -0.1073E-12  0.8300      0.2853E-02  0.3038       0.000     -0.4332E-02   0.000      0.4491E-02  0.2352       0.000    
    35   12.57       3.468       1.385       2.735      0.3117       0.000      0.8285      0.8896E-02  0.3034       0.000     -0.2189E-02   0.000      0.3909E-02  0.2371       0.000    
    36   12.57       3.579       1.385       2.733      0.2975       0.000      0.8271      0.1147E-01  0.3031       0.000     -0.1179E-02   0.000      0.3475E-02  0.2385       0.000    
    37   12.57       3.685       1.385       2.731      0.2822       0.000      0.8256      0.1284E-01  0.3028       0.000     -0.5943E-03   0.000      0.3139E-02  0.2396       0.000    
    38   12.57       3.786       1.385       2.729      0.2658       0.000      0.8242      0.1366E-01  0.3024       0.000     -0.2141E-03   0.000      0.2876E-02  0.2405       0.000    
    39   12.57       3.880       1.385       2.727      0.2485       0.000      0.8229      0.1417E-01  0.3021       0.000      0.5443E-04   0.000      0.2668E-02  0.2412       0.000    
    40   12.57       3.968       1.385       2.726      0.2301      0.1507E-12  0.8215      0.1452E-01  0.3018       0.000      0.2588E-03   0.000      0.2504E-02  0.2417       0.000    
    41   12.57       4.049       1.385       2.724      0.2109     -0.1643E-12  0.8202      0.1477E-01  0.3015       0.000      0.4299E-03   0.000      0.2374E-02  0.2421       0.000    
    42   12.57       4.123       1.385       2.723      0.1909       0.000      0.8190      0.1500E-01  0.3012       0.000      0.6316E-03   0.000      0.2269E-02  0.2425       0.000    
    43   12.57       4.192       1.385       2.718      0.1874       0.000      0.8177      0.1497E-01  0.3013       0.000      0.6782E-03   0.000      0.2201E-02  0.2427       0.000    
    44   12.57       4.257       1.385       2.710      0.1634       0.000      0.8165      0.1475E-01  0.3017       0.000      0.6087E-03   0.000      0.2158E-02  0.2428       0.000    
    45   12.57       4.313       1.385       2.703      0.1390       0.000      0.8154      0.1457E-01  0.3021       0.000      0.5897E-03   0.000      0.2126E-02  0.2430       0.000    
    46   12.57       4.360       1.385       2.697      0.1143       0.000      0.8144      0.1443E-01  0.3024       0.000      0.5766E-03   0.000      0.2105E-02  0.2430       0.000    
    47   12.58       4.397       1.385       2.692      0.8919E-01  0.3840E-12  0.8136      0.1430E-01  0.3026       0.000      0.5657E-03   0.000      0.2092E-02  0.2431       0.000    
    48   12.58       4.426       1.385       2.689      0.6388E-01 -0.5355E-12  0.8131      0.1421E-01  0.3028       0.000      0.5564E-03   0.000      0.2084E-02  0.2431       0.000    
    49   12.58       4.445       1.385       2.687      0.3839E-01   0.000      0.8127      0.1414E-01  0.3029       0.000      0.5472E-03   0.000      0.2080E-02  0.2431       0.000    
    50   12.58       4.455       1.385       2.685      0.1281E-01   0.000      0.8125      0.1411E-01  0.3029       0.000      0.5409E-03   0.000      0.2078E-02  0.2431       0.000    

 Surface forces referred to Sref,Cref,Bref about Xmom,Ymom,Zmom
 Standard axis orientation,  X fwd, Z down         

  Surface # 2     main_wing_1 (YDUP)                      
     # chordwise = 10   # spanwise = 50     First strip = 51
     Surface area =  12.267           ave. chord =  2.7530    
     CLsurf  =   0.062211     Clsurf  =   0.005101
     CYsurf  =   0.000031     Cmsurf  =  -0.037212
     CDsurf  =   0.001588     Cnsurf  =   0.000133
     CDisurf =   0.000627     CDvsurf =   0.000000

  Forces referred to Ssurf, Cave about hinge axis thru LE
     cl_surf =   0.325747     cd_surf =   0.008316

 Strip Forces referred to strip area, chord
    j    xLE         yLE         zLE         Chord       Area        Dihedral   c cl        ai_ff       cl           clj         cd          cdv         cm_c/4     c.p.x/c      Dcj
    51   12.56     -0.1059E-02   1.385       2.772      0.1174E-01   0.000      0.7695      0.2337E-01  0.2778       0.000      0.3697E-02   0.000     -0.3877E-02  0.2640       0.000    
    52   12.56     -0.9524E-02   1.385       2.772      0.3517E-01   0.000      0.7695      0.1845E-01  0.2778       0.000      0.3697E-02   0.000     -0.3876E-02  0.2640       0.000    
    53   12.56     -0.2642E-01   1.385       2.772      0.5846E-01  0.6032E-12  0.7696      0.1806E-01  0.2778       0.000      0.3696E-02   0.000     -0.3875E-02  0.2639       0.000    
    54   12.56     -0.5168E-01   1.385       2.772      0.8152E-01 -0.4326E-12  0.7696      0.1795E-01  0.2778       0.000      0.3694E-02   0.000     -0.3869E-02  0.2639       0.000    
    55   12.56     -0.8521E-01   1.385       2.772      0.1043       0.000      0.7697      0.1790E-01  0.2779       0.000      0.3688E-02   0.000     -0.3855E-02  0.2639       0.000    
    56   12.56     -0.1269       1.385       2.772      0.1266       0.000      0.7699      0.1786E-01  0.2779       0.000      0.3677E-02   0.000     -0.3829E-02  0.2638       0.000    
    57   12.56     -0.1765       1.385       2.772      0.1484       0.000      0.7702      0.1784E-01  0.2780       0.000      0.3657E-02   0.000     -0.3784E-02  0.2636       0.000    
    58   12.56     -0.2339       1.385       2.772      0.1697     -0.2079E-12  0.7707      0.1782E-01  0.2782       0.000      0.3626E-02   0.000     -0.3714E-02  0.2633       0.000    
    59   12.56     -0.2988       1.385       2.772      0.1902      0.3708E-12  0.7714      0.1781E-01  0.2785       0.000      0.3579E-02   0.000     -0.3611E-02  0.2630       0.000    
    60   12.56     -0.3711       1.385       2.772      0.2100     -0.3358E-12  0.7724      0.1778E-01  0.2789       0.000      0.3514E-02   0.000     -0.3468E-02  0.2624       0.000    
    61   12.56     -0.4503       1.385       2.772      0.2290      0.1540E-12  0.7737      0.1774E-01  0.2793       0.000      0.3425E-02   0.000     -0.3278E-02  0.2617       0.000    
    62   12.56     -0.5363       1.385       2.772      0.2471       0.000      0.7755      0.1768E-01  0.2800       0.000      0.3308E-02   0.000     -0.3034E-02  0.2608       0.000    
    63   12.56     -0.6285       1.385       2.772      0.2642       0.000      0.7776      0.1759E-01  0.2807       0.000      0.3157E-02   0.000     -0.2729E-02  0.2597       0.000    
    64   12.56     -0.7268       1.385       2.772      0.2803       0.000      0.7801      0.1745E-01  0.2817       0.000      0.2965E-02   0.000     -0.2359E-02  0.2584       0.000    
    65   12.56     -0.8307       1.385       2.772      0.2953       0.000      0.7831      0.1723E-01  0.2828       0.000      0.2724E-02   0.000     -0.1921E-02  0.2568       0.000    
    66   12.56     -0.9398       1.385       2.772      0.3091       0.000      0.7866      0.1691E-01  0.2840       0.000      0.2423E-02   0.000     -0.1413E-02  0.2550       0.000    
    67   12.56      -1.054       1.385       2.772      0.3217       0.000      0.7904      0.1642E-01  0.2854       0.000      0.2045E-02   0.000     -0.8357E-03  0.2529       0.000    
    68   12.56      -1.172       1.385       2.772      0.3330       0.000      0.7945      0.1567E-01  0.2869       0.000      0.1559E-02   0.000     -0.1879E-03  0.2507       0.000    
    69   12.56      -1.294       1.385       2.772      0.3430       0.000      0.7989      0.1445E-01  0.2886       0.000      0.9018E-03   0.000      0.5330E-03  0.2482       0.000    
    70   12.56      -1.419       1.385       2.772      0.3516       0.000      0.8034      0.1228E-01  0.2902       0.000     -0.7824E-04   0.000      0.1337E-02  0.2454       0.000    
    71   12.56      -1.547       1.385       2.772      0.3589       0.000      0.8079      0.7606E-02  0.2920       0.000     -0.1862E-02   0.000      0.2258E-02  0.2423       0.000    
    72   12.56      -1.692       1.385       2.770      0.4438       0.000      0.8126     -0.1416E-01  0.2941       0.000     -0.7816E-02   0.000      0.3461E-02  0.2382       0.000    
    73   12.56      -1.843       1.385       2.767      0.3910      0.9004E-13  0.5948      0.4633E-01  0.3973      0.1826      0.2932E-01   0.000      0.3043E-01  0.1734       1.973    
    74   12.56      -1.985       1.385       2.765      0.3937     -0.8933E-13  0.5578      0.4420E-01  0.3985      0.1971      0.2621E-01   0.000      0.3159E-01  0.1707       1.975    
    75   12.56      -2.128       1.385       2.762      0.3949     -0.8897E-13  0.5402      0.4299E-01  0.3981      0.2028      0.2537E-01   0.000      0.3206E-01  0.1695       1.977    
    76   12.56      -2.271       1.385       2.759      0.3945      0.8897E-13  0.5309      0.4248E-01  0.3954      0.2032      0.2493E-01   0.000      0.3172E-01  0.1698       1.979    
    77   12.56      -2.414       1.385       2.756      0.3925       0.000      0.5271      0.4823E-01  0.3932      0.2022      0.2474E-01   0.000      0.3134E-01  0.1703       1.981    
    78   12.56      -2.555       1.385       2.753      0.3890       0.000      0.5283      0.3996E-01  0.3964      0.2048      0.2495E-01   0.000      0.3205E-01  0.1691       1.983    
    79   12.56      -2.696       1.385       2.751      0.3840       0.000      0.5342      0.4234E-01  0.4009      0.2069      0.2537E-01   0.000      0.3286E-01  0.1680       1.985    
    80   12.56      -2.835       1.385       2.748      0.3775       0.000      0.5455      0.4300E-01  0.4046      0.2063      0.2600E-01   0.000      0.3327E-01  0.1678       1.987    
    81   12.56      -2.971       1.385       2.745      0.3695       0.000      0.5655      0.4422E-01  0.4062      0.2005      0.2713E-01   0.000      0.3298E-01  0.1688       1.989    
    82   12.56      -3.104       1.385       2.743      0.3601       0.000      0.6054      0.4636E-01  0.4065      0.1861      0.3102E-01   0.000      0.3212E-01  0.1710       1.991    
    83   12.56      -3.231       1.385       2.740      0.3363     -0.1037E-12  0.8312     -0.2567E-01  0.3044       0.000     -0.1228E-01   0.000      0.5345E-02  0.2324       0.000    
    84   12.56      -3.351       1.385       2.738      0.3246      0.1073E-12  0.8298      0.2866E-02  0.3037       0.000     -0.4339E-02   0.000      0.4500E-02  0.2352       0.000    
    85   12.57      -3.468       1.385       2.735      0.3117       0.000      0.8284      0.8906E-02  0.3034       0.000     -0.2200E-02   0.000      0.3923E-02  0.2371       0.000    
    86   12.57      -3.579       1.385       2.733      0.2975       0.000      0.8270      0.1148E-01  0.3031       0.000     -0.1190E-02   0.000      0.3490E-02  0.2385       0.000    
    87   12.57      -3.685       1.385       2.731      0.2822       0.000      0.8256      0.1285E-01  0.3028       0.000     -0.6055E-03   0.000      0.3155E-02  0.2396       0.000    
    88   12.57      -3.786       1.385       2.729      0.2658       0.000      0.8243      0.1367E-01  0.3024       0.000     -0.2247E-03   0.000      0.2891E-02  0.2404       0.000    
    89   12.57      -3.880       1.385       2.727      0.2485       0.000      0.8229      0.1418E-01  0.3021       0.000      0.4444E-04   0.000      0.2683E-02  0.2411       0.000    
    90   12.57      -3.968       1.385       2.726      0.2301     -0.1507E-12  0.8216      0.1453E-01  0.3018       0.000      0.2495E-03   0.000      0.2518E-02  0.2417       0.000    
    91   12.57      -4.049       1.385       2.724      0.2109      0.1643E-12  0.8203      0.1478E-01  0.3015       0.000      0.4211E-03   0.000      0.2387E-02  0.2421       0.000    
    92   12.57      -4.123       1.385       2.723      0.1909       0.000      0.8191      0.1501E-01  0.3012       0.000      0.6234E-03   0.000      0.2281E-02  0.2424       0.000    
    93   12.57      -4.192       1.385       2.718      0.1874       0.000      0.8178      0.1498E-01  0.3013       0.000      0.6705E-03   0.000      0.2213E-02  0.2427       0.000    
    94   12.57      -4.257       1.385       2.710      0.1634       0.000      0.8166      0.1475E-01  0.3017       0.000      0.6012E-03   0.000      0.2169E-02  0.2428       0.000    
    95   12.57      -4.313       1.385       2.703      0.1390       0.000      0.8155      0.1458E-01  0.3021       0.000      0.5825E-03   0.000      0.2137E-02  0.2429       0.000    
    96   12.57      -4.360       1.385       2.697      0.1143       0.000      0.8145      0.1443E-01  0.3024       0.000      0.5695E-03   0.000      0.2116E-02  0.2430       0.000    
    97   12.58      -4.397       1.385       2.692      0.8919E-01 -0.3840E-12  0.8138      0.1431E-01  0.3026       0.000      0.5589E-03   0.000      0.2102E-02  0.2431       0.000    
    98   12.58      -4.426       1.385       2.689      0.6388E-01  0.5355E-12  0.8132      0.1421E-01  0.3028       0.000      0.5496E-03   0.000      0.2094E-02  0.2431       0.000    
    99   12.58      -4.445       1.385       2.687      0.3839E-01   0.000      0.8128      0.1415E-01  0.3029       0.000      0.5405E-03   0.000      0.2090E-02  0.2431       0.000    
   100   12.58      -4.455       1.385       2.685      0.1281E-01   0.000      0.8126      0.1411E-01  0.3030       0.000      0.5342E-03   0.000      0.2088E-02  0.2431       0.000    

 Surface forces referred to Sref,Cref,Bref about Xmom,Ymom,Zmom
 Standard axis orientation,  X fwd, Z down         

  Surface # 3     main_wing_2                             
     # chordwise = 10   # spanwise = 50     First strip =101
     Surface area =  9.6919           ave. chord =  2.4412    
     CLsurf  =   0.052855     Clsurf  =  -0.012164
     CYsurf  =  -0.000158     Cmsurf  =  -0.031301
     CDsurf  =   0.001348     Cnsurf  =  -0.000304
     CDisurf =   0.000387     CDvsurf =   0.000000

  Forces referred to Ssurf, Cave about hinge axis thru LE
     cl_surf =   0.350281     cd_surf =   0.008933

 Strip Forces referred to strip area, chord
    j    xLE         yLE         zLE         Chord       Area        Dihedral   c cl        ai_ff       cl           clj         cd          cdv         cm_c/4     c.p.x/c      Dcj
   101   12.58       4.457       1.385       2.685      0.1079E-01   0.000      0.8124      0.1410E-01  0.3030       0.000      0.5430E-03   0.000      0.2078E-02  0.2431       0.000    
   102   12.58       4.465       1.385       2.684      0.3232E-01   0.000      0.8123      0.1407E-01  0.3030       0.000      0.5400E-03   0.000      0.2077E-02  0.2431       0.000    
   103   12.58       4.481       1.385       2.682      0.5369E-01   0.000      0.8119      0.1402E-01  0.3031       0.000      0.5381E-03   0.000      0.2075E-02  0.2432       0.000    
   104   12.58       4.505       1.385       2.679      0.7478E-01   0.000      0.8114      0.1393E-01  0.3032       0.000      0.5303E-03   0.000      0.2073E-02  0.2432       0.000    
   105   12.58       4.537       1.385       2.675      0.9550E-01   0.000      0.8107      0.1381E-01  0.3034       0.000      0.5177E-03   0.000      0.2072E-02  0.2432       0.000    
   106   12.58       4.576       1.385       2.670      0.1157       0.000      0.8099      0.1365E-01  0.3037       0.000      0.4992E-03   0.000      0.2076E-02  0.2432       0.000    
   107   12.58       4.623       1.385       2.665      0.1354       0.000      0.8089      0.1346E-01  0.3040       0.000      0.4733E-03   0.000      0.2085E-02  0.2431       0.000    
   108   12.58       4.678       1.385       2.658      0.1544       0.000      0.8077      0.1321E-01  0.3043       0.000      0.4375E-03   0.000      0.2103E-02  0.2431       0.000    
   109   12.59       4.739       1.385       2.650      0.1726      0.1953E-12  0.8064      0.1291E-01  0.3047       0.000      0.3882E-03   0.000      0.2134E-02  0.2430       0.000    
   110   12.59       4.808       1.385       2.642      0.1900     -0.1769E-12  0.8049      0.1255E-01  0.3051       0.000      0.3209E-03   0.000      0.2183E-02  0.2428       0.000    
   111   12.59       4.883       1.385       2.633      0.2065       0.000      0.8032      0.1209E-01  0.3055       0.000      0.2289E-03   0.000      0.2254E-02  0.2426       0.000    
   112   12.59       4.965       1.385       2.623      0.2219       0.000      0.8014      0.1152E-01  0.3060       0.000      0.1023E-03   0.000      0.2353E-02  0.2423       0.000    
   113   12.60       5.052       1.385       2.612      0.2363       0.000      0.7995      0.1079E-01  0.3065       0.000     -0.7420E-04   0.000      0.2490E-02  0.2419       0.000    
   114   12.60       5.146       1.385       2.600      0.2496       0.000      0.7974      0.9827E-02  0.3071       0.000     -0.3262E-03   0.000      0.2674E-02  0.2413       0.000    
   115   12.60       5.244       1.385       2.588      0.2617       0.000      0.7953      0.8473E-02  0.3077       0.000     -0.6998E-03   0.000      0.2919E-02  0.2405       0.000    
   116   12.61       5.348       1.385       2.576      0.2726      0.1202E-12  0.7930      0.6426E-02  0.3084       0.000     -0.1289E-02   0.000      0.3244E-02  0.2395       0.000    
   117   12.61       5.456       1.385       2.562      0.2822     -0.1155E-12  0.7907      0.2917E-02  0.3091       0.000     -0.2323E-02   0.000      0.3680E-02  0.2381       0.000    
   118   12.61       5.568       1.385       2.548      0.2905     -0.1116E-12  0.7883     -0.4718E-02  0.3100       0.000     -0.4534E-02   0.000      0.4279E-02  0.2362       0.000    
   119   12.62       5.684       1.385       2.534      0.2976      0.1083E-12  0.7861     -0.3867E-01  0.3113       0.000     -0.1273E-01   0.000      0.5177E-02  0.2334       0.000    
   120   12.62       5.798       1.385       2.520      0.2825      0.1135E-12  0.5715      0.4578E-01  0.4231      0.1966      0.3348E-01   0.000      0.3428E-01  0.1690       2.167    
   121   12.62       5.912       1.385       2.506      0.2867     -0.1112E-12  0.5304      0.4327E-01  0.4244      0.2131      0.2910E-01   0.000      0.3546E-01  0.1664       2.179    
   122   12.63       6.027       1.385       2.492      0.2898       0.000      0.5079      0.4174E-01  0.4249      0.2214      0.2794E-01   0.000      0.3625E-01  0.1647       2.191    
   123   12.63       6.144       1.385       2.478      0.2916       0.000      0.4932      0.4074E-01  0.4242      0.2254      0.2738E-01   0.000      0.3659E-01  0.1638       2.204    
   124   12.63       6.262       1.385       2.463      0.2922       0.000      0.4833      0.4024E-01  0.4224      0.2264      0.2704E-01   0.000      0.3647E-01  0.1636       2.217    
   125   12.64       6.381       1.385       2.448      0.2916       0.000      0.4768      0.4085E-01  0.4210      0.2266      0.2688E-01   0.000      0.3635E-01  0.1637       2.230    
   126   12.64       6.500       1.385       2.434      0.2898       0.000      0.4735      0.3897E-01  0.4223      0.2280      0.2696E-01   0.000      0.3671E-01  0.1631       2.244    
   127   12.64       6.619       1.385       2.419      0.2869       0.000      0.4734      0.4003E-01  0.4254      0.2300      0.2724E-01   0.000      0.3736E-01  0.1622       2.257    
   128   12.65       6.738       1.385       2.405      0.2830       0.000      0.4769      0.4048E-01  0.4289      0.2309      0.2768E-01   0.000      0.3789E-01  0.1617       2.271    
   129   12.65       6.855       1.385       2.390      0.2779       0.000      0.4850      0.4141E-01  0.4313      0.2286      0.2833E-01   0.000      0.3793E-01  0.1620       2.284    
   130   12.66       6.970       1.385       2.376      0.2718       0.000      0.5010      0.4290E-01  0.4325      0.2219      0.2960E-01   0.000      0.3748E-01  0.1633       2.298    
   131   12.66       7.083       1.385       2.362      0.2648       0.000      0.5351      0.4546E-01  0.4328      0.2066      0.3410E-01   0.000      0.3657E-01  0.1655       2.312    
   132   12.66       7.198       1.385       2.348      0.2757      0.1083E-12  0.7341     -0.4410E-01  0.3137       0.000     -0.1246E-01   0.000      0.5462E-02  0.2326       0.000    
   133   12.67       7.314       1.385       2.334      0.2661     -0.1116E-12  0.7289     -0.8737E-02  0.3130       0.000     -0.4559E-02   0.000      0.4459E-02  0.2358       0.000    
   134   12.67       7.426       1.385       2.320      0.2555       0.000      0.7239     -0.1094E-02  0.3126       0.000     -0.2395E-02   0.000      0.3768E-02  0.2379       0.000    
   135   12.67       7.534       1.385       2.307      0.2441     -0.1202E-12  0.7192      0.2211E-02  0.3123       0.000     -0.1377E-02   0.000      0.3250E-02  0.2396       0.000    
   136   12.68       7.638       1.385       2.294      0.2319      0.2517E-12  0.7147      0.3990E-02  0.3120       0.000     -0.7924E-03   0.000      0.2851E-02  0.2409       0.000    
   137   12.68       7.736       1.385       2.282      0.2190     -0.1326E-12  0.7104      0.5055E-02  0.3118       0.000     -0.4200E-03   0.000      0.2540E-02  0.2419       0.000    
   138   12.68       7.829       1.385       2.270      0.2054       0.000      0.7064      0.5733E-02  0.3116       0.000     -0.1682E-03   0.000      0.2297E-02  0.2426       0.000    
   139   12.68       7.917       1.385       2.260      0.1912       0.000      0.7027      0.6179E-02  0.3114       0.000      0.8170E-05   0.000      0.2107E-02  0.2432       0.000    
   140   12.69       7.999       1.385       2.250      0.1764       0.000      0.6992      0.6479E-02  0.3112       0.000      0.1342E-03   0.000      0.1962E-02  0.2437       0.000    
   141   12.69       8.074       1.385       2.240      0.1611       0.000      0.6960      0.6680E-02  0.3111       0.000      0.2252E-03   0.000      0.1851E-02  0.2440       0.000    
   142   12.69       8.142       1.385       2.232      0.1454      0.1953E-12  0.6932      0.6814E-02  0.3110       0.000      0.2907E-03   0.000      0.1769E-02  0.2443       0.000    
   143   12.69       8.204       1.385       2.224      0.1292       0.000      0.6906      0.6902E-02  0.3109       0.000      0.3374E-03   0.000      0.1710E-02  0.2445       0.000    
   144   12.69       8.258       1.385       2.218      0.1127     -0.2504E-12  0.6883      0.6956E-02  0.3108       0.000      0.3702E-03   0.000      0.1668E-02  0.2446       0.000    
   145   12.70       8.305       1.385       2.212      0.9586E-01   0.000      0.6863      0.6988E-02  0.3107       0.000      0.3924E-03   0.000      0.1640E-02  0.2447       0.000    
   146   12.70       8.345       1.385       2.207      0.7878E-01   0.000      0.6847      0.7005E-02  0.3106       0.000      0.4070E-03   0.000      0.1623E-02  0.2448       0.000    
   147   12.70       8.377       1.385       2.203      0.6149E-01   0.000      0.6834      0.7011E-02  0.3106       0.000      0.4159E-03   0.000      0.1612E-02  0.2448       0.000    
   148   12.70       8.401       1.385       2.200      0.4404E-01   0.000      0.6824      0.7013E-02  0.3105       0.000      0.4206E-03   0.000      0.1607E-02  0.2448       0.000    
   149   12.70       8.417       1.385       2.198      0.2647E-01   0.000      0.6817      0.7012E-02  0.3105       0.000      0.4214E-03   0.000      0.1604E-02  0.2448       0.000    
   150   12.70       8.425       1.385       2.197      0.8830E-02   0.000      0.6814      0.7011E-02  0.3105       0.000      0.4232E-03   0.000      0.1603E-02  0.2448       0.000    

 Surface forces referred to Sref,Cref,Bref about Xmom,Ymom,Zmom
 Standard axis orientation,  X fwd, Z down         

  Surface # 4     main_wing_2 (YDUP)                      
     # chordwise = 10   # spanwise = 50     First strip =151
     Surface area =  9.6919           ave. chord =  2.4412    
     CLsurf  =   0.052858     Clsurf  =   0.012164
     CYsurf  =   0.000158     Cmsurf  =  -0.031303
     CDsurf  =   0.001348     Cnsurf  =   0.000304
     CDisurf =   0.000386     CDvsurf =   0.000000

  Forces referred to Ssurf, Cave about hinge axis thru LE
     cl_surf =   0.350307     cd_surf =   0.008931

 Strip Forces referred to strip area, chord
    j    xLE         yLE         zLE         Chord       Area        Dihedral   c cl        ai_ff       cl           clj         cd          cdv         cm_c/4     c.p.x/c      Dcj
   151   12.58      -4.457       1.385       2.685      0.1079E-01   0.000      0.8125      0.1411E-01  0.3030       0.000      0.5364E-03   0.000      0.2088E-02  0.2431       0.000    
   152   12.58      -4.465       1.385       2.684      0.3232E-01   0.000      0.8124      0.1408E-01  0.3031       0.000      0.5334E-03   0.000      0.2087E-02  0.2431       0.000    
   153   12.58      -4.481       1.385       2.682      0.5369E-01   0.000      0.8120      0.1402E-01  0.3032       0.000      0.5315E-03   0.000      0.2084E-02  0.2431       0.000    
   154   12.58      -4.505       1.385       2.679      0.7478E-01   0.000      0.8115      0.1393E-01  0.3033       0.000      0.5239E-03   0.000      0.2082E-02  0.2431       0.000    
   155   12.58      -4.537       1.385       2.675      0.9550E-01   0.000      0.8109      0.1381E-01  0.3035       0.000      0.5113E-03   0.000      0.2082E-02  0.2431       0.000    
   156   12.58      -4.576       1.385       2.670      0.1157       0.000      0.8100      0.1366E-01  0.3037       0.000      0.4930E-03   0.000      0.2085E-02  0.2431       0.000    
   157   12.58      -4.623       1.385       2.665      0.1354       0.000      0.8090      0.1346E-01  0.3040       0.000      0.4672E-03   0.000      0.2094E-02  0.2431       0.000    
   158   12.58      -4.678       1.385       2.658      0.1544       0.000      0.8079      0.1321E-01  0.3043       0.000      0.4315E-03   0.000      0.2112E-02  0.2431       0.000    
   159   12.59      -4.739       1.385       2.650      0.1726     -0.1953E-12  0.8065      0.1291E-01  0.3047       0.000      0.3824E-03   0.000      0.2143E-02  0.2430       0.000    
   160   12.59      -4.808       1.385       2.642      0.1900      0.1769E-12  0.8050      0.1255E-01  0.3051       0.000      0.3152E-03   0.000      0.2191E-02  0.2428       0.000    
   161   12.59      -4.883       1.385       2.633      0.2065       0.000      0.8034      0.1209E-01  0.3056       0.000      0.2232E-03   0.000      0.2261E-02  0.2426       0.000    
   162   12.59      -4.965       1.385       2.623      0.2219       0.000      0.8016      0.1153E-01  0.3061       0.000      0.9664E-04   0.000      0.2361E-02  0.2423       0.000    
   163   12.60      -5.052       1.385       2.612      0.2363       0.000      0.7997      0.1080E-01  0.3066       0.000     -0.7998E-04   0.000      0.2497E-02  0.2419       0.000    
   164   12.60      -5.146       1.385       2.600      0.2496       0.000      0.7976      0.9828E-02  0.3072       0.000     -0.3322E-03   0.000      0.2681E-02  0.2413       0.000    
   165   12.60      -5.244       1.385       2.588      0.2617       0.000      0.7954      0.8473E-02  0.3078       0.000     -0.7063E-03   0.000      0.2927E-02  0.2405       0.000    
   166   12.61      -5.348       1.385       2.576      0.2726     -0.1202E-12  0.7932      0.6426E-02  0.3085       0.000     -0.1297E-02   0.000      0.3252E-02  0.2395       0.000    
   167   12.61      -5.456       1.385       2.562      0.2822      0.1155E-12  0.7909      0.2917E-02  0.3092       0.000     -0.2332E-02   0.000      0.3689E-02  0.2381       0.000    
   168   12.61      -5.568       1.385       2.548      0.2905      0.1116E-12  0.7885     -0.4718E-02  0.3101       0.000     -0.4547E-02   0.000      0.4291E-02  0.2362       0.000    
   169   12.62      -5.684       1.385       2.534      0.2976     -0.1083E-12  0.7863     -0.3867E-01  0.3114       0.000     -0.1276E-01   0.000      0.5191E-02  0.2333       0.000    
   170   12.62      -5.798       1.385       2.520      0.2825     -0.1135E-12  0.5716      0.4578E-01  0.4232      0.1967      0.3349E-01   0.000      0.3429E-01  0.1690       2.167    
   171   12.62      -5.912       1.385       2.506      0.2867      0.1112E-12  0.5305      0.4327E-01  0.4246      0.2132      0.2912E-01   0.000      0.3549E-01  0.1664       2.179    
   172   12.63      -6.027       1.385       2.492      0.2898       0.000      0.5080      0.4174E-01  0.4251      0.2215      0.2795E-01   0.000      0.3629E-01  0.1646       2.191    
   173   12.63      -6.144       1.385       2.478      0.2916       0.000      0.4933      0.4074E-01  0.4245      0.2256      0.2740E-01   0.000      0.3665E-01  0.1637       2.204    
   174   12.63      -6.262       1.385       2.463      0.2922       0.000      0.4834      0.4019E-01  0.4227      0.2268      0.2707E-01   0.000      0.3657E-01  0.1635       2.217    
   175   12.64      -6.381       1.385       2.448      0.2916       0.000      0.4768      0.3911E-01  0.4214      0.2269      0.2690E-01   0.000      0.3644E-01  0.1635       2.230    
   176   12.64      -6.500       1.385       2.434      0.2898       0.000      0.4735      0.4071E-01  0.4219      0.2277      0.2694E-01   0.000      0.3663E-01  0.1632       2.244    
   177   12.64      -6.619       1.385       2.419      0.2869       0.000      0.4734      0.4008E-01  0.4251      0.2297      0.2722E-01   0.000      0.3728E-01  0.1623       2.257    
   178   12.65      -6.738       1.385       2.405      0.2830       0.000      0.4769      0.4049E-01  0.4287      0.2307      0.2766E-01   0.000      0.3784E-01  0.1617       2.271    
   179   12.65      -6.855       1.385       2.390      0.2779       0.000      0.4850      0.4141E-01  0.4311      0.2285      0.2832E-01   0.000      0.3790E-01  0.1621       2.284    
   180   12.66      -6.970       1.385       2.376      0.2718       0.000      0.5009      0.4290E-01  0.4324      0.2218      0.2959E-01   0.000      0.3746E-01  0.1634       2.298    
   181   12.66      -7.083       1.385       2.362      0.2648       0.000      0.5350      0.4546E-01  0.4327      0.2065      0.3409E-01   0.000      0.3656E-01  0.1655       2.312    
   182   12.66      -7.198       1.385       2.348      0.2757     -0.1083E-12  0.7340     -0.4410E-01  0.3137       0.000     -0.1244E-01   0.000      0.5453E-02  0.2326       0.000    
   183   12.67      -7.314       1.385       2.334      0.2661      0.1116E-12  0.7288     -0.8737E-02  0.3129       0.000     -0.4552E-02   0.000      0.4453E-02  0.2358       0.000    
   184   12.67      -7.426       1.385       2.320      0.2555       0.000      0.7238     -0.1094E-02  0.3125       0.000     -0.2391E-02   0.000      0.3764E-02  0.2380       0.000    
   185   12.67      -7.534       1.385       2.307      0.2441      0.1202E-12  0.7191      0.2210E-02  0.3122       0.000     -0.1374E-02   0.000      0.3247E-02  0.2396       0.000    
   186   12.68      -7.638       1.385       2.294      0.2319     -0.2517E-12  0.7146      0.3989E-02  0.3120       0.000     -0.7906E-03   0.000      0.2849E-02  0.2409       0.000    
   187   12.68      -7.736       1.385       2.282      0.2190      0.1326E-12  0.7104      0.5055E-02  0.3118       0.000     -0.4187E-03   0.000      0.2538E-02  0.2419       0.000    
   188   12.68      -7.829       1.385       2.270      0.2054       0.000      0.7064      0.5733E-02  0.3116       0.000     -0.1673E-03   0.000      0.2296E-02  0.2426       0.000    
   189   12.68      -7.917       1.385       2.260      0.1912       0.000      0.7027      0.6179E-02  0.3114       0.000      0.8828E-05   0.000      0.2107E-02  0.2432       0.000    
   190   12.69      -7.999       1.385       2.250      0.1764       0.000      0.6992      0.6479E-02  0.3112       0.000      0.1347E-03   0.000      0.1961E-02  0.2437       0.000    
   191   12.69      -8.074       1.385       2.240      0.1611       0.000      0.6960      0.6680E-02  0.3111       0.000      0.2255E-03   0.000      0.1851E-02  0.2440       0.000    
   192   12.69      -8.142       1.385       2.232      0.1454     -0.1953E-12  0.6931      0.6814E-02  0.3110       0.000      0.2909E-03   0.000      0.1769E-02  0.2443       0.000    
   193   12.69      -8.204       1.385       2.224      0.1292       0.000      0.6905      0.6902E-02  0.3109       0.000      0.3376E-03   0.000      0.1710E-02  0.2445       0.000    
   194   12.69      -8.258       1.385       2.218      0.1127      0.2504E-12  0.6883      0.6956E-02  0.3108       0.000      0.3703E-03   0.000      0.1668E-02  0.2446       0.000    
   195   12.70      -8.305       1.385       2.212      0.9586E-01   0.000      0.6863      0.6988E-02  0.3107       0.000      0.3926E-03   0.000      0.1640E-02  0.2447       0.000    
   196   12.70      -8.345       1.385       2.207      0.7878E-01   0.000      0.6847      0.7005E-02  0.3106       0.000      0.4071E-03   0.000      0.1623E-02  0.2448       0.000    
   197   12.70      -8.377       1.385       2.203      0.6149E-01   0.000      0.6833      0.7011E-02  0.3106       0.000      0.4159E-03   0.000      0.1612E-02  0.2448       0.000    
   198   12.70      -8.401       1.385       2.200      0.4404E-01   0.000      0.6824      0.7013E-02  0.3105       0.000      0.4207E-03   0.000      0.1607E-02  0.2448       0.000    
   199   12.70      -8.417       1.385       2.198      0.2647E-01   0.000      0.6817      0.7012E-02  0.3105       0.000      0.4215E-03   0.000      0.1604E-02  0.2448       0.000    
   200   12.70      -8.425       1.385       2.197      0.8830E-02   0.000      0.6814      0.7011E-02  0.3105       0.000      0.4233E-03   0.000      0.1603E-02  0.2448       0.000    

 Surface forces referred to Sref,Cref,Bref about Xmom,Ymom,Zmom
 Standard axis orientation,  X fwd, Z down         

  Surface # 5     main_wing_3                             
     # chordwise = 10   # spanwise = 50     First strip =201
     Surface area =  10.157           ave. chord =  1.8617    
     CLsurf  =   0.049089     Clsurf  =  -0.018892
     CYsurf  =  -0.000149     Cmsurf  =  -0.029261
     CDsurf  =   0.001275     Cnsurf  =  -0.000485
     CDisurf =   0.000423     CDvsurf =   0.000000

  Forces referred to Ssurf, Cave about hinge axis thru LE
     cl_surf =   0.310436     cd_surf =   0.008062

 Strip Forces referred to strip area, chord
    j    xLE         yLE         zLE         Chord       Area        Dihedral   c cl        ai_ff       cl           clj         cd          cdv         cm_c/4     c.p.x/c      Dcj
   201   12.70       8.427       1.385       2.197      0.1202E-01   0.000      0.6813      0.7011E-02  0.3105       0.000      0.4228E-03   0.000      0.1603E-02  0.2448       0.000    
   202   12.70       8.438       1.385       2.196      0.3599E-01   0.000      0.6809      0.7008E-02  0.3105       0.000      0.4258E-03   0.000      0.1602E-02  0.2448       0.000    
   203   12.70       8.460       1.385       2.193      0.5975E-01   0.000      0.6799      0.7002E-02  0.3105       0.000      0.4302E-03   0.000      0.1601E-02  0.2448       0.000    
   204   12.70       8.493       1.385       2.189      0.8316E-01   0.000      0.6786      0.6988E-02  0.3104       0.000      0.4327E-03   0.000      0.1602E-02  0.2448       0.000    
   205   12.70       8.536       1.385       2.184      0.1061       0.000      0.6768      0.6960E-02  0.3104       0.000      0.4317E-03   0.000      0.1609E-02  0.2448       0.000    
   206   12.70       8.590       1.385       2.177      0.1284       0.000      0.6746      0.6911E-02  0.3103       0.000      0.4242E-03   0.000      0.1628E-02  0.2448       0.000    
   207   12.71       8.654       1.385       2.169      0.1500       0.000      0.6720      0.6828E-02  0.3102       0.000      0.4059E-03   0.000      0.1663E-02  0.2446       0.000    
   208   12.71       8.728       1.385       2.160      0.1708       0.000      0.6690      0.6697E-02  0.3101       0.000      0.3713E-03   0.000      0.1722E-02  0.2444       0.000    
   209   12.71       8.812       1.385       2.150      0.1906       0.000      0.6656      0.6495E-02  0.3100       0.000      0.3123E-03   0.000      0.1816E-02  0.2441       0.000    
   210   12.71       8.905       1.385       2.138      0.2093     -0.1300E-12  0.6618      0.6182E-02  0.3099       0.000      0.2164E-03   0.000      0.1957E-02  0.2437       0.000    
   211   12.72       9.008       1.385       2.126      0.2269      0.1192E-12  0.6577      0.5694E-02  0.3099       0.000      0.6344E-04   0.000      0.2160E-02  0.2430       0.000    
   212   12.72       9.119       1.385       2.112      0.2433       0.000      0.6533      0.4904E-02  0.3098       0.000     -0.1835E-03   0.000      0.2449E-02  0.2421       0.000    
   213   12.72       9.238       1.385       2.097      0.2583       0.000      0.6486      0.3544E-02  0.3097       0.000     -0.5997E-03   0.000      0.2857E-02  0.2408       0.000    
   214   12.73       9.365       1.385       2.082      0.2720       0.000      0.6437      0.9313E-03  0.3097       0.000     -0.1368E-02   0.000      0.3438E-02  0.2389       0.000    
   215   12.73       9.499       1.385       2.065      0.2842       0.000      0.6386     -0.5334E-02  0.3098       0.000     -0.3095E-02   0.000      0.4285E-02  0.2362       0.000    
   216   12.74       9.640       1.385       2.048      0.2950       0.000      0.6334     -0.3546E-01  0.3102       0.000     -0.9748E-02   0.000      0.5622E-02  0.2319       0.000    
   217   12.74       9.783       1.385       2.030      0.2861       0.000      0.4357      0.4492E-01  0.4490      0.2346      0.3358E-01   0.000      0.4242E-01  0.1555       2.690    
   218   12.75       9.926       1.385       2.013      0.2936      0.8721E-13  0.3973      0.4226E-01  0.4496      0.2524      0.3028E-01   0.000      0.4435E-01  0.1514       2.713    
   219   12.75       10.07       1.385       1.994      0.2997     -0.8467E-13  0.3759      0.4080E-01  0.4485      0.2602      0.2930E-01   0.000      0.4549E-01  0.1486       2.738    
   220   12.76       10.23       1.385       1.976      0.3043       0.000      0.3616      0.4009E-01  0.4448      0.2620      0.2873E-01   0.000      0.4569E-01  0.1473       2.764    
   221   12.76       10.38       1.385       1.957      0.3076       0.000      0.3518      0.3709E-01  0.4413      0.2617      0.2840E-01   0.000      0.4569E-01  0.1465       2.791    
   222   12.76       10.54       1.385       1.937      0.3095       0.000      0.3462      0.4019E-01  0.4422      0.2637      0.2846E-01   0.000      0.4646E-01  0.1449       2.819    
   223   12.77       10.70       1.385       1.917      0.3100       0.000      0.3452      0.4065E-01  0.4464      0.2666      0.2888E-01   0.000      0.4763E-01  0.1433       2.848    
   224   12.77       10.86       1.385       1.897      0.3093       0.000      0.3508      0.4203E-01  0.4480      0.2633      0.2958E-01   0.000      0.4773E-01  0.1435       2.878    
   225   12.78       11.03       1.385       1.877      0.3072       0.000      0.3719      0.4465E-01  0.4469      0.2491      0.3201E-01   0.000      0.4663E-01  0.1457       2.909    
   226   12.78       11.20       1.385       1.856      0.3232       0.000      0.5418     -0.2581E-01  0.2926       0.000     -0.7003E-02   0.000      0.6566E-02  0.2276       0.000    
   227   12.79       11.37       1.385       1.835      0.3182       0.000      0.5279      0.1356E-02  0.2881       0.000     -0.1483E-02   0.000      0.5081E-02  0.2324       0.000    
   228   12.80       11.54       1.385       1.814      0.3120       0.000      0.5137      0.7541E-02  0.2836       0.000      0.2277E-04   0.000      0.4200E-02  0.2352       0.000    
   229   12.80       11.71       1.385       1.793      0.3047       0.000      0.4991      0.1054E-01  0.2787       0.000      0.7473E-03   0.000      0.3664E-02  0.2369       0.000    
   230   12.81       11.88       1.385       1.772      0.2964       0.000      0.4841      0.1249E-01  0.2735       0.000      0.1183E-02   0.000      0.3364E-02  0.2377       0.000    
   231   12.81       12.05       1.385       1.752      0.2870       0.000      0.4685      0.1400E-01  0.2678       0.000      0.1480E-02   0.000      0.3237E-02  0.2379       0.000    
   232   12.82       12.21       1.385       1.732      0.2768       0.000      0.4524      0.1533E-01  0.2615       0.000      0.1701E-02   0.000      0.3243E-02  0.2376       0.000    
   233   12.82       12.37       1.385       1.712      0.2657      0.8199E-13  0.4357      0.1658E-01  0.2547       0.000      0.1875E-02   0.000      0.3352E-02  0.2368       0.000    
   234   12.83       12.52       1.385       1.694      0.2539     -0.8487E-13  0.4183      0.1782E-01  0.2472       0.000      0.2017E-02   0.000      0.3543E-02  0.2357       0.000    
   235   12.83       12.67       1.385       1.676      0.2414       0.000      0.4002      0.1906E-01  0.2390       0.000      0.2134E-02   0.000      0.3799E-02  0.2341       0.000    
   236   12.83       12.81       1.385       1.658      0.2282       0.000      0.3812      0.2033E-01  0.2301       0.000      0.2230E-02   0.000      0.4105E-02  0.2322       0.000    
   237   12.84       12.94       1.385       1.642      0.2145       0.000      0.3613      0.2161E-01  0.2203       0.000      0.2306E-02   0.000      0.4446E-02  0.2298       0.000    
   238   12.84       13.07       1.385       1.626      0.2003       0.000      0.3405      0.2291E-01  0.2096       0.000      0.2362E-02   0.000      0.4803E-02  0.2271       0.000    
   239   12.85       13.19       1.385       1.612      0.1856       0.000      0.3187      0.2421E-01  0.1979       0.000      0.2396E-02   0.000      0.5155E-02  0.2240       0.000    
   240   12.85       13.30       1.385       1.598      0.1706       0.000      0.2958      0.2550E-01  0.1853       0.000      0.2405E-02   0.000      0.5478E-02  0.2204       0.000    
   241   12.85       13.40       1.385       1.585      0.1552       0.000      0.2719      0.2676E-01  0.1716       0.000      0.2388E-02   0.000      0.5740E-02  0.2166       0.000    
   242   12.86       13.50       1.385       1.574      0.1395       0.000      0.2469      0.2797E-01  0.1570       0.000      0.2340E-02   0.000      0.5910E-02  0.2123       0.000    
   243   12.86       13.58       1.385       1.564      0.1236       0.000      0.2208      0.2912E-01  0.1413       0.000      0.2259E-02   0.000      0.5951E-02  0.2079       0.000    
   244   12.86       13.65       1.385       1.554      0.1075       0.000      0.1938      0.3019E-01  0.1247       0.000      0.2140E-02   0.000      0.5827E-02  0.2033       0.000    
   245   12.86       13.72       1.385       1.547      0.9123E-01   0.000      0.1657      0.3117E-01  0.1072       0.000      0.1980E-02   0.000      0.5508E-02  0.1986       0.000    
   246   12.86       13.77       1.385       1.540      0.7482E-01   0.000      0.1369      0.3205E-01  0.8892E-01   0.000      0.1776E-02   0.000      0.4970E-02  0.1941       0.000    
   247   12.87       13.81       1.385       1.535      0.5830E-01   0.000      0.1073      0.3281E-01  0.6993E-01   0.000      0.1524E-02   0.000      0.4201E-02  0.1899       0.000    
   248   12.87       13.85       1.385       1.531      0.4170E-01   0.000      0.7709E-01  0.3344E-01  0.5037E-01   0.000      0.1206E-02   0.000      0.3207E-02  0.1863       0.000    
   249   12.87       13.87       1.385       1.528      0.2504E-01   0.000      0.4644E-01  0.3390E-01  0.3040E-01   0.000      0.7808E-03   0.000      0.2016E-02  0.1837       0.000    
   250   12.87       13.88       1.385       1.527      0.8351E-02   0.000      0.1551E-01  0.3413E-01  0.1016E-01   0.000      0.2528E-03   0.000      0.6879E-03  0.1823       0.000    

 Surface forces referred to Sref,Cref,Bref about Xmom,Ymom,Zmom
 Standard axis orientation,  X fwd, Z down         

  Surface # 6     main_wing_3 (YDUP)                      
     # chordwise = 10   # spanwise = 50     First strip =251
     Surface area =  10.157           ave. chord =  1.8617    
     CLsurf  =   0.049089     Clsurf  =   0.018892
     CYsurf  =   0.000149     Cmsurf  =  -0.029261
     CDsurf  =   0.001275     Cnsurf  =   0.000485
     CDisurf =   0.000423     CDvsurf =   0.000000

  Forces referred to Ssurf, Cave about hinge axis thru LE
     cl_surf =   0.310438     cd_surf =   0.008062

 Strip Forces referred to strip area, chord
    j    xLE         yLE         zLE         Chord       Area        Dihedral   c cl        ai_ff       cl           clj         cd          cdv         cm_c/4     c.p.x/c      Dcj
   251   12.70      -8.427       1.385       2.197      0.1202E-01   0.000      0.6813      0.7011E-02  0.3105       0.000      0.4228E-03   0.000      0.1603E-02  0.2448       0.000    
   252   12.70      -8.438       1.385       2.196      0.3599E-01   0.000      0.6808      0.7008E-02  0.3105       0.000      0.4258E-03   0.000      0.1602E-02  0.2448       0.000    
   253   12.70      -8.460       1.385       2.193      0.5975E-01   0.000      0.6799      0.7002E-02  0.3105       0.000      0.4302E-03   0.000      0.1601E-02  0.2448       0.000    
   254   12.70      -8.493       1.385       2.189      0.8316E-01   0.000      0.6786      0.6988E-02  0.3104       0.000      0.4327E-03   0.000      0.1602E-02  0.2448       0.000    
   255   12.70      -8.536       1.385       2.184      0.1061       0.000      0.6768      0.6960E-02  0.3104       0.000      0.4317E-03   0.000      0.1610E-02  0.2448       0.000    
   256   12.70      -8.590       1.385       2.177      0.1284       0.000      0.6746      0.6911E-02  0.3103       0.000      0.4241E-03   0.000      0.1628E-02  0.2448       0.000    
   257   12.71      -8.654       1.385       2.169      0.1500       0.000      0.6720      0.6828E-02  0.3102       0.000      0.4058E-03   0.000      0.1663E-02  0.2446       0.000    
   258   12.71      -8.728       1.385       2.160      0.1708       0.000      0.6690      0.6698E-02  0.3101       0.000      0.3712E-03   0.000      0.1723E-02  0.2444       0.000    
   259   12.71      -8.812       1.385       2.150      0.1906       0.000      0.6656      0.6495E-02  0.3100       0.000      0.3121E-03   0.000      0.1817E-02  0.2441       0.000    
   260   12.71      -8.905       1.385       2.138      0.2093      0.1300E-12  0.6618      0.6182E-02  0.3099       0.000      0.2163E-03   0.000      0.1957E-02  0.2437       0.000    
   261   12.72      -9.008       1.385       2.126      0.2269     -0.1192E-12  0.6577      0.5694E-02  0.3099       0.000      0.6327E-04   0.000      0.2160E-02  0.2430       0.000    
   262   12.72      -9.119       1.385       2.112      0.2433       0.000      0.6533      0.4903E-02  0.3098       0.000     -0.1837E-03   0.000      0.2449E-02  0.2421       0.000    
   263   12.72      -9.238       1.385       2.097      0.2583       0.000      0.6486      0.3543E-02  0.3097       0.000     -0.5999E-03   0.000      0.2858E-02  0.2408       0.000    
   264   12.73      -9.365       1.385       2.082      0.2720       0.000      0.6437      0.9311E-03  0.3097       0.000     -0.1369E-02   0.000      0.3438E-02  0.2389       0.000    
   265   12.73      -9.499       1.385       2.065      0.2842       0.000      0.6386     -0.5335E-02  0.3098       0.000     -0.3096E-02   0.000      0.4285E-02  0.2362       0.000    
   266   12.74      -9.640       1.385       2.048      0.2950       0.000      0.6334     -0.3546E-01  0.3102       0.000     -0.9749E-02   0.000      0.5623E-02  0.2319       0.000    
   267   12.74      -9.783       1.385       2.030      0.2861       0.000      0.4357      0.4492E-01  0.4490      0.2346      0.3358E-01   0.000      0.4242E-01  0.1555       2.690    
   268   12.75      -9.926       1.385       2.013      0.2936     -0.8721E-13  0.3973      0.4226E-01  0.4496      0.2525      0.3028E-01   0.000      0.4435E-01  0.1514       2.713    
   269   12.75      -10.07       1.385       1.994      0.2997      0.8467E-13  0.3759      0.4080E-01  0.4485      0.2603      0.2930E-01   0.000      0.4549E-01  0.1486       2.738    
   270   12.76      -10.23       1.385       1.976      0.3043       0.000      0.3616      0.4009E-01  0.4448      0.2620      0.2873E-01   0.000      0.4569E-01  0.1473       2.764    
   271   12.76      -10.38       1.385       1.957      0.3076       0.000      0.3518      0.3709E-01  0.4413      0.2617      0.2840E-01   0.000      0.4569E-01  0.1465       2.791    
   272   12.76      -10.54       1.385       1.937      0.3095       0.000      0.3462      0.4019E-01  0.4422      0.2637      0.2846E-01   0.000      0.4646E-01  0.1449       2.819    
   273   12.77      -10.70       1.385       1.917      0.3100       0.000      0.3452      0.4065E-01  0.4464      0.2666      0.2888E-01   0.000      0.4763E-01  0.1433       2.848    
   274   12.77      -10.86       1.385       1.897      0.3093       0.000      0.3508      0.4203E-01  0.4480      0.2633      0.2958E-01   0.000      0.4773E-01  0.1435       2.878    
   275   12.78      -11.03       1.385       1.877      0.3072       0.000      0.3719      0.4465E-01  0.4469      0.2491      0.3201E-01   0.000      0.4663E-01  0.1457       2.909    
   276   12.78      -11.20       1.385       1.856      0.3232       0.000      0.5418     -0.2582E-01  0.2926       0.000     -0.7004E-02   0.000      0.6566E-02  0.2276       0.000    
   277   12.79      -11.37       1.385       1.835      0.3182       0.000      0.5279      0.1356E-02  0.2881       0.000     -0.1484E-02   0.000      0.5081E-02  0.2324       0.000    
   278   12.80      -11.54       1.385       1.814      0.3120       0.000      0.5137      0.7540E-02  0.2836       0.000      0.2259E-04   0.000      0.4200E-02  0.2352       0.000    
   279   12.80      -11.71       1.385       1.793      0.3047       0.000      0.4991      0.1054E-01  0.2788       0.000      0.7471E-03   0.000      0.3664E-02  0.2369       0.000    
   280   12.81      -11.88       1.385       1.772      0.2964       0.000      0.4841      0.1249E-01  0.2735       0.000      0.1183E-02   0.000      0.3364E-02  0.2377       0.000    
   281   12.81      -12.05       1.385       1.752      0.2870       0.000      0.4685      0.1400E-01  0.2678       0.000      0.1480E-02   0.000      0.3237E-02  0.2379       0.000    
   282   12.82      -12.21       1.385       1.732      0.2768       0.000      0.4524      0.1533E-01  0.2615       0.000      0.1701E-02   0.000      0.3243E-02  0.2376       0.000    
   283   12.82      -12.37       1.385       1.712      0.2657     -0.8199E-13  0.4357      0.1658E-01  0.2547       0.000      0.1875E-02   0.000      0.3352E-02  0.2368       0.000    
   284   12.83      -12.52       1.385       1.694      0.2539      0.8487E-13  0.4183      0.1782E-01  0.2472       0.000      0.2017E-02   0.000      0.3543E-02  0.2357       0.000    
   285   12.83      -12.67       1.385       1.676      0.2414       0.000      0.4002      0.1906E-01  0.2390       0.000      0.2134E-02   0.000      0.3799E-02  0.2341       0.000    
   286   12.83      -12.81       1.385       1.658      0.2282       0.000      0.3812      0.2033E-01  0.2301       0.000      0.2230E-02   0.000      0.4105E-02  0.2322       0.000    
   287   12.84      -12.94       1.385       1.642      0.2145       0.000      0.3614      0.2161E-01  0.2203       0.000      0.2306E-02   0.000      0.4446E-02  0.2298       0.000    
   288   12.84      -13.07       1.385       1.626      0.2003       0.000      0.3405      0.2291E-01  0.2096       0.000      0.2362E-02   0.000      0.4803E-02  0.2271       0.000    
   289   12.85      -13.19       1.385       1.612      0.1856       0.000      0.3187      0.2421E-01  0.1979       0.000      0.2396E-02   0.000      0.5155E-02  0.2240       0.000    
   290   12.85      -13.30       1.385       1.598      0.1706       0.000      0.2958      0.2550E-01  0.1853       0.000      0.2405E-02   0.000      0.5478E-02  0.2204       0.000    
   291   12.85      -13.40       1.385       1.585      0.1552       0.000      0.2719      0.2676E-01  0.1716       0.000      0.2388E-02   0.000      0.5741E-02  0.2166       0.000    
   292   12.86      -13.50       1.385       1.574      0.1395       0.000      0.2469      0.2797E-01  0.1570       0.000      0.2340E-02   0.000      0.5910E-02  0.2123       0.000    
   293   12.86      -13.58       1.385       1.564      0.1236       0.000      0.2208      0.2912E-01  0.1413       0.000      0.2259E-02   0.000      0.5951E-02  0.2079       0.000    
   294   12.86      -13.65       1.385       1.554      0.1075       0.000      0.1938      0.3019E-01  0.1247       0.000      0.2140E-02   0.000      0.5827E-02  0.2033       0.000    
   295   12.86      -13.72       1.385       1.547      0.9123E-01   0.000      0.1657      0.3117E-01  0.1072       0.000      0.1980E-02   0.000      0.5508E-02  0.1986       0.000    
   296   12.86      -13.77       1.385       1.540      0.7482E-01   0.000      0.1369      0.3205E-01  0.8892E-01   0.000      0.1776E-02   0.000      0.4970E-02  0.1941       0.000    
   297   12.87      -13.81       1.385       1.535      0.5830E-01   0.000      0.1073      0.3281E-01  0.6993E-01   0.000      0.1524E-02   0.000      0.4201E-02  0.1899       0.000    
   298   12.87      -13.85       1.385       1.531      0.4170E-01   0.000      0.7709E-01  0.3344E-01  0.5037E-01   0.000      0.1206E-02   0.000      0.3207E-02  0.1863       0.000    
   299   12.87      -13.87       1.385       1.528      0.2504E-01   0.000      0.4644E-01  0.3390E-01  0.3040E-01   0.000      0.7808E-03   0.000      0.2016E-02  0.1837       0.000    
   300   12.87      -13.88       1.385       1.527      0.8351E-02   0.000      0.1551E-01  0.3413E-01  0.1016E-01   0.000      0.2528E-03   0.000      0.6879E-03  0.1823       0.000    

 Surface forces referred to Sref,Cref,Bref about Xmom,Ymom,Zmom
 Standard axis orientation,  X fwd, Z down         

  Surface # 7     horizontal_stabilizer                   
     # chordwise = 10   # spanwise = 30     First strip =301
     Surface area =  10.986           ave. chord =  1.9136    
     CLsurf  =   0.029954     Clsurf  =  -0.002699
     CYsurf  =  -0.000069     Cmsurf  =  -0.164464
     CDsurf  =   0.000656     Cnsurf  =  -0.000049
     CDisurf =   0.000656     CDvsurf =   0.000000

  Forces referred to Ssurf, Cave about hinge axis thru LE
     cl_surf =   0.175130     cd_surf =   0.003837

 Strip Forces referred to strip area, chord
    j    xLE         yLE         zLE         Chord       Area        Dihedral   c cl        ai_ff       cl           clj         cd          cdv         cm_c/4     c.p.x/c      Dcj
   301   23.85      0.3934E-02   6.002       2.391      0.3760E-01   0.000      0.4152      0.2865E-01  0.1731       0.000      0.1572E-01   0.000     -0.1239E-02  0.2572       0.000    
   302   23.86      0.3534E-01   6.002       2.386      0.1122       0.000      0.4152      0.2859E-01  0.1740       0.000      0.5485E-02   0.000     -0.1172E-02  0.2567       0.000    
   303   23.87      0.9781E-01   6.002       2.376      0.1847       0.000      0.4151      0.2853E-01  0.1747       0.000      0.4812E-02   0.000     -0.9679E-03  0.2555       0.000    
   304   23.88      0.1907       6.002       2.360      0.2541     -0.4726E-12  0.4149      0.2847E-01  0.1758       0.000      0.4565E-02   0.000     -0.6746E-03  0.2538       0.000    
   305   23.90      0.3129       6.002       2.340      0.3192      0.3731E-12  0.4145      0.2839E-01  0.1772       0.000      0.4404E-02   0.000     -0.3540E-03  0.2520       0.000    
   306   23.92      0.4631       6.002       2.315      0.3788       0.000      0.4136      0.2831E-01  0.1787       0.000      0.4285E-02   0.000     -0.4792E-04  0.2503       0.000    
   307   23.95      0.6397       6.002       2.285      0.4321       0.000      0.4123      0.2822E-01  0.1804       0.000      0.4196E-02   0.000      0.2206E-03  0.2488       0.000    
   308   23.97      0.8407       6.002       2.252      0.4784       0.000      0.4103      0.2811E-01  0.1823       0.000      0.4129E-02   0.000      0.4421E-03  0.2476       0.000    
   309   24.01       1.064       6.002       2.215      0.5171       0.000      0.4076      0.2800E-01  0.1841       0.000      0.4076E-02   0.000      0.6172E-03  0.2466       0.000    
   310   24.04       1.307       6.002       2.174      0.5479       0.000      0.4039      0.2789E-01  0.1858       0.000      0.4035E-02   0.000      0.7529E-03  0.2459       0.000    
   311   24.08       1.567       6.002       2.131      0.5704       0.000      0.3993      0.2779E-01  0.1874       0.000      0.4001E-02   0.000      0.8600E-03  0.2454       0.000    
   312   24.12       1.842       6.002       2.085      0.5849       0.000      0.3936      0.2771E-01  0.1888       0.000      0.3971E-02   0.000      0.9508E-03  0.2450       0.000    
   313   24.16       2.128       6.002       2.037      0.5913       0.000      0.3867      0.2768E-01  0.1899       0.000      0.3943E-02   0.000      0.1038E-02  0.2445       0.000    
   314   24.21       2.421       6.002       1.988      0.5901     -0.1715E-12  0.3787      0.2770E-01  0.1905       0.000      0.3915E-02   0.000      0.1132E-02  0.2441       0.000    
   315   24.25       2.720       6.002       1.939      0.5817       0.000      0.3695      0.2781E-01  0.1907       0.000      0.3886E-02   0.000      0.1246E-02  0.2435       0.000    
   316   24.29       3.021       6.002       1.889      0.5667      0.1696E-12  0.3591      0.2803E-01  0.1902       0.000      0.3855E-02   0.000      0.1390E-02  0.2427       0.000    
   317   24.34       3.319       6.002       1.839      0.5457       0.000      0.3473      0.2837E-01  0.1890       0.000      0.3818E-02   0.000      0.1576E-02  0.2417       0.000    
   318   24.38       3.613       6.002       1.790      0.5194       0.000      0.3342      0.2887E-01  0.1868       0.000      0.3774E-02   0.000      0.1816E-02  0.2403       0.000    
   319   24.42       3.899       6.002       1.742      0.4887       0.000      0.3196      0.2954E-01  0.1835       0.000      0.3720E-02   0.000      0.2124E-02  0.2384       0.000    
   320   24.46       4.174       6.002       1.696      0.4541       0.000      0.3032      0.3039E-01  0.1788       0.000      0.3650E-02   0.000      0.2511E-02  0.2360       0.000    
   321   24.50       4.434       6.002       1.653      0.4165      0.2020E-12  0.2851      0.3143E-01  0.1725       0.000      0.3560E-02   0.000      0.2984E-02  0.2327       0.000    
   322   24.54       4.677       6.002       1.613      0.3765     -0.2179E-12  0.2648      0.3264E-01  0.1643       0.000      0.3439E-02   0.000      0.3539E-02  0.2285       0.000    
   323   24.57       4.900       6.002       1.575      0.3347      0.2395E-12  0.2423      0.3398E-01  0.1538       0.000      0.3280E-02   0.000      0.4151E-02  0.2230       0.000    
   324   24.60       5.101       6.002       1.542      0.2915     -0.2691E-12  0.2173      0.3539E-01  0.1409       0.000      0.3072E-02   0.000      0.4756E-02  0.2163       0.000    
   325   24.63       5.278       6.002       1.512      0.2475       0.000      0.1897      0.3680E-01  0.1254       0.000      0.2806E-02   0.000      0.5247E-02  0.2082       0.000    
   326   24.65       5.428       6.002       1.487      0.2029       0.000      0.1595      0.3813E-01  0.1073       0.000      0.2473E-02   0.000      0.5475E-02  0.1990       0.000    
   327   24.67       5.550       6.002       1.467      0.1580       0.000      0.1270      0.3931E-01  0.8655E-01   0.000      0.2069E-02   0.000      0.5268E-02  0.1891       0.000    
   328   24.68       5.643       6.002       1.452      0.1129       0.000      0.9234E-01  0.4031E-01  0.6362E-01   0.000      0.1589E-02   0.000      0.4481E-02  0.1796       0.000    
   329   24.69       5.706       6.002       1.441      0.6773E-01   0.000      0.5610E-01  0.4107E-01  0.3893E-01   0.000      0.1026E-02   0.000      0.3055E-02  0.1715       0.000    
   330   24.69       5.737       6.002       1.436      0.2258E-01   0.000      0.1882E-01  0.4151E-01  0.1311E-01   0.000      0.3080E-03   0.000      0.1089E-02  0.1669       0.000    

 Surface forces referred to Sref,Cref,Bref about Xmom,Ymom,Zmom
 Standard axis orientation,  X fwd, Z down         

  Surface # 8     horizontal_stabilizer (YDUP)            
     # chordwise = 10   # spanwise = 30     First strip =331
     Surface area =  10.986           ave. chord =  1.9136    
     CLsurf  =   0.029952     Clsurf  =   0.002699
     CYsurf  =   0.000069     Cmsurf  =  -0.164455
     CDsurf  =   0.000656     Cnsurf  =   0.000049
     CDisurf =   0.000656     CDvsurf =   0.000000

  Forces referred to Ssurf, Cave about hinge axis thru LE
     cl_surf =   0.175120     cd_surf =   0.003837

 Strip Forces referred to strip area, chord
    j    xLE         yLE         zLE         Chord       Area        Dihedral   c cl        ai_ff       cl           clj         cd          cdv         cm_c/4     c.p.x/c      Dcj
   331   23.85     -0.3934E-02   6.002       2.391      0.3760E-01   0.000      0.4152      0.2865E-01  0.1730       0.000      0.1574E-01   0.000     -0.1238E-02  0.2572       0.000    
   332   23.86     -0.3534E-01   6.002       2.386      0.1122       0.000      0.4152      0.2859E-01  0.1740       0.000      0.5486E-02   0.000     -0.1172E-02  0.2567       0.000    
   333   23.87     -0.9781E-01   6.002       2.376      0.1847       0.000      0.4151      0.2853E-01  0.1747       0.000      0.4812E-02   0.000     -0.9681E-03  0.2555       0.000    
   334   23.88     -0.1907       6.002       2.360      0.2541      0.4726E-12  0.4149      0.2847E-01  0.1758       0.000      0.4565E-02   0.000     -0.6747E-03  0.2538       0.000    
   335   23.90     -0.3129       6.002       2.340      0.3192     -0.3731E-12  0.4144      0.2839E-01  0.1771       0.000      0.4404E-02   0.000     -0.3541E-03  0.2520       0.000    
   336   23.92     -0.4631       6.002       2.315      0.3788       0.000      0.4136      0.2831E-01  0.1787       0.000      0.4285E-02   0.000     -0.4801E-04  0.2503       0.000    
   337   23.95     -0.6397       6.002       2.285      0.4321       0.000      0.4123      0.2822E-01  0.1804       0.000      0.4196E-02   0.000      0.2205E-03  0.2488       0.000    
   338   23.97     -0.8407       6.002       2.252      0.4784       0.000      0.4103      0.2811E-01  0.1822       0.000      0.4129E-02   0.000      0.4420E-03  0.2476       0.000    
   339   24.01      -1.064       6.002       2.215      0.5171       0.000      0.4075      0.2800E-01  0.1841       0.000      0.4076E-02   0.000      0.6172E-03  0.2466       0.000    
   340   24.04      -1.307       6.002       2.174      0.5479       0.000      0.4039      0.2789E-01  0.1858       0.000      0.4035E-02   0.000      0.7529E-03  0.2459       0.000    
   341   24.08      -1.567       6.002       2.131      0.5704       0.000      0.3992      0.2779E-01  0.1874       0.000      0.4001E-02   0.000      0.8600E-03  0.2454       0.000    
   342   24.12      -1.842       6.002       2.085      0.5849       0.000      0.3935      0.2771E-01  0.1888       0.000      0.3971E-02   0.000      0.9508E-03  0.2450       0.000    
   343   24.16      -2.128       6.002       2.037      0.5913       0.000      0.3867      0.2768E-01  0.1899       0.000      0.3943E-02   0.000      0.1038E-02  0.2445       0.000    
   344   24.21      -2.421       6.002       1.988      0.5901      0.1715E-12  0.3787      0.2770E-01  0.1905       0.000      0.3916E-02   0.000      0.1132E-02  0.2441       0.000    
   345   24.25      -2.720       6.002       1.939      0.5817       0.000      0.3695      0.2781E-01  0.1907       0.000      0.3887E-02   0.000      0.1246E-02  0.2435       0.000    
   346   24.29      -3.021       6.002       1.889      0.5667     -0.1696E-12  0.3591      0.2803E-01  0.1902       0.000      0.3855E-02   0.000      0.1390E-02  0.2427       0.000    
   347   24.34      -3.319       6.002       1.839      0.5457       0.000      0.3473      0.2837E-01  0.1889       0.000      0.3818E-02   0.000      0.1576E-02  0.2417       0.000    
   348   24.38      -3.613       6.002       1.790      0.5194       0.000      0.3342      0.2887E-01  0.1868       0.000      0.3774E-02   0.000      0.1816E-02  0.2403       0.000    
   349   24.42      -3.899       6.002       1.742      0.4887       0.000      0.3195      0.2954E-01  0.1835       0.000      0.3720E-02   0.000      0.2124E-02  0.2384       0.000    
   350   24.46      -4.174       6.002       1.696      0.4541       0.000      0.3032      0.3039E-01  0.1788       0.000      0.3651E-02   0.000      0.2511E-02  0.2360       0.000    
   351   24.50      -4.434       6.002       1.653      0.4165     -0.2020E-12  0.2851      0.3143E-01  0.1725       0.000      0.3560E-02   0.000      0.2984E-02  0.2327       0.000    
   352   24.54      -4.677       6.002       1.613      0.3765      0.2179E-12  0.2648      0.3264E-01  0.1643       0.000      0.3439E-02   0.000      0.3539E-02  0.2285       0.000    
   353   24.57      -4.900       6.002       1.575      0.3347     -0.2395E-12  0.2423      0.3398E-01  0.1538       0.000      0.3280E-02   0.000      0.4151E-02  0.2230       0.000    
   354   24.60      -5.101       6.002       1.542      0.2915      0.2691E-12  0.2172      0.3539E-01  0.1409       0.000      0.3072E-02   0.000      0.4755E-02  0.2163       0.000    
   355   24.63      -5.278       6.002       1.512      0.2475       0.000      0.1897      0.3680E-01  0.1254       0.000      0.2806E-02   0.000      0.5247E-02  0.2082       0.000    
   356   24.65      -5.428       6.002       1.487      0.2029       0.000      0.1595      0.3813E-01  0.1073       0.000      0.2473E-02   0.000      0.5475E-02  0.1990       0.000    
   357   24.67      -5.550       6.002       1.467      0.1580       0.000      0.1270      0.3932E-01  0.8655E-01   0.000      0.2069E-02   0.000      0.5268E-02  0.1891       0.000    
   358   24.68      -5.643       6.002       1.452      0.1129       0.000      0.9233E-01  0.4031E-01  0.6362E-01   0.000      0.1589E-02   0.000      0.4481E-02  0.1796       0.000    
   359   24.69      -5.706       6.002       1.441      0.6773E-01   0.000      0.5610E-01  0.4107E-01  0.3893E-01   0.000      0.1026E-02   0.000      0.3055E-02  0.1715       0.000    
   360   24.69      -5.737       6.002       1.436      0.2258E-01   0.000      0.1882E-01  0.4151E-01  0.1311E-01   0.000      0.3080E-03   0.000      0.1089E-02  0.1669       0.000    

 Surface forces referred to Sref,Cref,Bref about Xmom,Ymom,Zmom
 Standard axis orientation,  X fwd, Z down         

  Surface # 9     vertical_stabilizer                     
     # chordwise = 10   # spanwise = 30     First strip =361
     Surface area =  15.396           ave. chord =  3.1020    
     CLsurf  =   0.000000     Clsurf  =  -0.000000
     CYsurf  =  -0.000004     Cmsurf  =  -0.000000
     CDsurf  =  -0.000000     Cnsurf  =   0.000002
     CDisurf =  -0.000000     CDvsurf =   0.000000

  Forces referred to Ssurf, Cave about hinge axis thru LE
     cl_surf =   0.000000     cd_surf =  -0.000000

 Strip Forces referred to strip area, chord
    j    xLE         yLE         zLE         Chord       Area        Dihedral   c cl        ai_ff       cl           clj         cd          cdv         cm_c/4     c.p.x/c      Dcj
   361   20.77       0.000       1.055       3.872      0.1480       90.00      0.2072E-04 -0.1418E-04  0.5351E-05   0.000      0.1616E-10   0.000      0.5321E-06  0.1506       0.000    
   362   20.80       0.000       1.105       3.857      0.2409       90.00      0.3840E-04  0.5636E-03  0.9958E-05   0.000     -0.1639E-10   0.000      0.1032E-05  0.1463       0.000    
   363   20.85       0.000       1.180       3.833      0.3307       90.00      0.5708E-04  0.6855E-04  0.1489E-04   0.000     -0.9840E-10   0.000      0.1667E-05  0.1380       0.000    
   364   20.91       0.000       1.278       3.803      0.4158       90.00      0.7797E-04  0.1538E-03  0.2050E-04   0.000     -0.3043E-09   0.000      0.2531E-05  0.1266       0.000    
   365   20.99       0.000       1.398       3.765      0.4947       90.00      0.2689E-03 -0.4189E-03  0.7141E-04   0.000     -0.2151E-09   0.000      0.8132E-05  0.1361       0.000    
   366   21.07       0.000       1.540       3.721      0.5664       90.00      0.7474E-04 -0.1742E-04  0.2009E-04   0.000     -0.1731E-09   0.000      0.1916E-05  0.1546       0.000    
   367   21.17       0.000       1.702       3.670      0.6298       90.00      0.7254E-04 -0.2383E-05  0.1977E-04   0.000     -0.1572E-09   0.000      0.1713E-05  0.1633       0.000    
   368   21.29       0.000       1.883       3.614      0.6841       90.00      0.6863E-04 -0.1562E-05  0.1899E-04   0.000     -0.1242E-09   0.000      0.1429E-05  0.1748       0.000    
   369   21.41       0.000       2.080       3.552      0.7286       90.00      0.6440E-04 -0.1508E-05  0.1813E-04   0.000     -0.9981E-10   0.000      0.1173E-05  0.1853       0.000    
   370   21.54       0.000       2.293       3.486      0.7630       90.00      0.6017E-04 -0.1518E-05  0.1726E-04   0.000     -0.8186E-10   0.000      0.9548E-06  0.1947       0.000    
   371   21.68       0.000       2.518       3.415      0.7871       90.00      0.5604E-04 -0.1537E-05  0.1641E-04   0.000     -0.6810E-10   0.000      0.7702E-06  0.2031       0.000    
   372   21.83       0.000       2.753       3.342      0.8009       90.00      0.5207E-04 -0.1554E-05  0.1558E-04   0.000     -0.5724E-10   0.000      0.6133E-06  0.2106       0.000    
   373   21.98       0.000       2.996       3.266      0.8048       90.00      0.4834E-04 -0.1569E-05  0.1480E-04   0.000     -0.4855E-10   0.000      0.4797E-06  0.2176       0.000    
   374   22.14       0.000       3.245       3.188      0.7991       90.00      0.4489E-04 -0.1579E-05  0.1408E-04   0.000     -0.4156E-10   0.000      0.3652E-06  0.2241       0.000    
   375   22.29       0.000       3.497       3.109      0.7845       90.00      0.4176E-04 -0.1586E-05  0.1343E-04   0.000     -0.3595E-10   0.000      0.2663E-06  0.2302       0.000    
   376   22.45       0.000       3.749       3.031      0.7617       90.00      0.3898E-04 -0.1588E-05  0.1286E-04   0.000     -0.3146E-10   0.000      0.1798E-06  0.2360       0.000    
   377   22.60       0.000       3.999       2.952      0.7315       90.00      0.3656E-04 -0.1584E-05  0.1238E-04   0.000     -0.2787E-10   0.000      0.1032E-06  0.2417       0.000    
   378   22.76       0.000       4.244       2.876      0.6949       90.00      0.3450E-04 -0.1572E-05  0.1200E-04   0.000     -0.2502E-10   0.000      0.3494E-07  0.2471       0.000    
   379   22.90       0.000       4.482       2.802      0.6527       90.00      0.3279E-04 -0.1549E-05  0.1170E-04   0.000     -0.2277E-10   0.000     -0.2532E-07  0.2522       0.000    
   380   23.05       0.000       4.709       2.730      0.6058       90.00      0.3140E-04 -0.1513E-05  0.1150E-04   0.000     -0.2104E-10   0.000     -0.7631E-07  0.2566       0.000    
   381   23.18       0.000       4.925       2.663      0.5551       90.00      0.3030E-04 -0.1462E-05  0.1138E-04   0.000     -0.1973E-10   0.000     -0.1152E-06  0.2601       0.000    
   382   23.31       0.000       5.126       2.600      0.5015       90.00      0.2946E-04 -0.1395E-05  0.1133E-04   0.000     -0.1879E-10   0.000     -0.1381E-06  0.2622       0.000    
   383   23.42       0.000       5.310       2.543      0.4456       90.00      0.2882E-04 -0.1314E-05  0.1134E-04   0.000     -0.1818E-10   0.000     -0.1409E-06  0.2624       0.000    
   384   23.52       0.000       5.476       2.491      0.3881       90.00      0.2836E-04 -0.1222E-05  0.1138E-04   0.000     -0.1786E-10   0.000     -0.1206E-06  0.2606       0.000    
   385   23.61       0.000       5.621       2.445      0.3294       90.00      0.2800E-04 -0.1121E-05  0.1145E-04   0.000     -0.1784E-10   0.000     -0.7731E-07  0.2568       0.000    
   386   23.69       0.000       5.745       2.407      0.2700       90.00      0.2770E-04 -0.1016E-05  0.1151E-04   0.000     -0.1812E-10   0.000     -0.1565E-07  0.2514       0.000    
   387   23.75       0.000       5.845       2.375      0.2103       90.00      0.2742E-04 -0.9118E-06  0.1154E-04   0.000     -0.1826E-10   0.000      0.5658E-07  0.2451       0.000    
   388   23.80       0.000       5.922       2.352      0.1503       90.00      0.2693E-04 -0.8046E-06  0.1145E-04   0.000     -0.1584E-10   0.000      0.1268E-06  0.2389       0.000    
   389   23.83       0.000       5.973       2.336      0.9017E-01   90.00      0.2519E-04 -0.7244E-06  0.1078E-04   0.000      0.2965E-11   0.000      0.9967E-07  0.2408       0.000    
   390   23.85       0.000       5.999       2.328      0.3006E-01   90.00      0.1228E-04 -0.9151E-06  0.5276E-05   0.000      0.2481E-09   0.000     -0.1076E-05  0.4539       0.000    

 Surface forces referred to Sref,Cref,Bref about Xmom,Ymom,Zmom
 Standard axis orientation,  X fwd, Z down         

  Surface #10     fuselage_horizontal                     
     # chordwise = 10   # spanwise = 30     First strip =391
     Surface area =  65.503           ave. chord =  23.647    
     CLsurf  =   0.007554     Clsurf  =   0.000000
     CYsurf  =   0.000001     Cmsurf  =   0.049476
     CDsurf  =   0.000033     Cnsurf  =  -0.000000
     CDisurf =   0.000033     CDvsurf =   0.000000

  Forces referred to Ssurf, Cave about hinge axis thru LE
     cl_surf =   0.007408     cd_surf =   0.000033

 Strip Forces referred to strip area, chord
    j    xLE         yLE         zLE         Chord       Area        Dihedral   c cl        ai_ff       cl           clj         cd          cdv         cm_c/4     c.p.x/c      Dcj
   391   3.132      -1.339       0.000       15.61       1.441       0.000      0.6656E-01  0.4418E-01  0.4288E-02   0.000     -0.3279E-03   0.000      0.2454E-02 -0.3223       0.000    
   392   2.645      -1.247       0.000       17.73       1.637       0.000      0.1007      0.4908E-01  0.5696E-02   0.000     -0.2223E-03   0.000      0.2887E-02 -0.2569       0.000    
   393   2.159      -1.154       0.000       19.86       1.834       0.000      0.1262      0.5222E-01  0.6371E-02   0.000     -0.1096E-03   0.000      0.2946E-02 -0.2124       0.000    
   394   1.788      -1.062       0.000       21.39       1.975       0.000      0.1449      0.5372E-01  0.6785E-02   0.000     -0.2245E-04   0.000      0.3044E-02 -0.1986       0.000    
   395   1.533     -0.9695       0.000       22.32       2.061       0.000      0.1605      0.5388E-01  0.7201E-02   0.000      0.2293E-04   0.000      0.3171E-02 -0.1904       0.000    
   396   1.278     -0.8772       0.000       23.26       2.147       0.000      0.1732      0.5370E-01  0.7457E-02   0.000      0.9650E-05   0.000      0.3252E-02 -0.1860       0.000    
   397   1.058     -0.7848       0.000       24.08       2.223       0.000      0.1834      0.5317E-01  0.7629E-02   0.000      0.8846E-05   0.000      0.3318E-02 -0.1850       0.000    
   398  0.8733     -0.6925       0.000       24.78       2.288       0.000      0.1920      0.5286E-01  0.7758E-02   0.000      0.3355E-05   0.000      0.3371E-02 -0.1845       0.000    
   399  0.6887     -0.6002       0.000       25.49       2.353       0.000      0.1990      0.5236E-01  0.7818E-02   0.000     -0.2413E-04   0.000      0.3397E-02 -0.1846       0.000    
   400  0.5311     -0.5078       0.000       26.02       2.403       0.000      0.2046      0.5196E-01  0.7876E-02   0.000     -0.7853E-04   0.000      0.3427E-02 -0.1852       0.000    
   401  0.4004     -0.4155       0.000       26.38       2.436       0.000      0.2093      0.5173E-01  0.7947E-02   0.000     -0.7274E-05   0.000      0.3459E-02 -0.1852       0.000    
   402  0.2697     -0.3232       0.000       26.74       2.469       0.000      0.2130      0.5152E-01  0.7982E-02   0.000     -0.7224E-04   0.000      0.3472E-02 -0.1849       0.000    
   403  0.1703     -0.2308       0.000       26.95       2.488       0.000      0.2158      0.5145E-01  0.8019E-02   0.000     -0.2446E-04   0.000      0.3488E-02 -0.1850       0.000    
   404  0.1022     -0.1385       0.000       27.02       2.495       0.000      0.2177      0.5144E-01  0.8058E-02   0.000      0.2105E-03   0.000      0.3507E-02 -0.1852       0.000    
   405  0.3407E-01 -0.4617E-01   0.000       27.09       2.501       0.000      0.2187      0.5141E-01  0.8043E-02   0.000      0.8148E-03   0.000      0.3510E-02 -0.1864       0.000    
   406  0.3407E-01  0.4617E-01   0.000       27.09       2.501       0.000      0.2187      0.5152E-01  0.8042E-02   0.000      0.8148E-03   0.000      0.3510E-02 -0.1865       0.000    
   407  0.1022      0.1385       0.000       27.02       2.495       0.000      0.2176      0.5148E-01  0.8056E-02   0.000      0.2104E-03   0.000      0.3507E-02 -0.1854       0.000    
   408  0.1703      0.2308       0.000       26.95       2.488       0.000      0.2157      0.5146E-01  0.8015E-02   0.000     -0.2477E-04   0.000      0.3489E-02 -0.1853       0.000    
   409  0.2697      0.3232       0.000       26.74       2.469       0.000      0.2129      0.5152E-01  0.7978E-02   0.000     -0.7265E-04   0.000      0.3473E-02 -0.1853       0.000    
   410  0.4004      0.4155       0.000       26.38       2.436       0.000      0.2092      0.5173E-01  0.7941E-02   0.000     -0.7643E-05   0.000      0.3460E-02 -0.1857       0.000    
   411  0.5311      0.5078       0.000       26.02       2.403       0.000      0.2044      0.5196E-01  0.7870E-02   0.000     -0.7899E-04   0.000      0.3429E-02 -0.1857       0.000    
   412  0.6887      0.6002       0.000       25.49       2.353       0.000      0.1988      0.5236E-01  0.7812E-02   0.000     -0.2456E-04   0.000      0.3399E-02 -0.1851       0.000    
   413  0.8733      0.6925       0.000       24.78       2.288       0.000      0.1918      0.5286E-01  0.7751E-02   0.000      0.2957E-05   0.000      0.3372E-02 -0.1851       0.000    
   414   1.058      0.7848       0.000       24.08       2.223       0.000      0.1833      0.5317E-01  0.7621E-02   0.000      0.8451E-05   0.000      0.3320E-02 -0.1856       0.000    
   415   1.278      0.8772       0.000       23.26       2.147       0.000      0.1730      0.5370E-01  0.7450E-02   0.000      0.9282E-05   0.000      0.3253E-02 -0.1867       0.000    
   416   1.533      0.9695       0.000       22.32       2.061       0.000      0.1604      0.5388E-01  0.7193E-02   0.000      0.2262E-04   0.000      0.3173E-02 -0.1911       0.000    
   417   1.788       1.062       0.000       21.39       1.975       0.000      0.1447      0.5372E-01  0.6778E-02   0.000     -0.2269E-04   0.000      0.3046E-02 -0.1994       0.000    
   418   2.159       1.154       0.000       19.86       1.834       0.000      0.1261      0.5223E-01  0.6363E-02   0.000     -0.1098E-03   0.000      0.2948E-02 -0.2134       0.000    
   419   2.645       1.247       0.000       17.73       1.637       0.000      0.1005      0.4909E-01  0.5687E-02   0.000     -0.2225E-03   0.000      0.2889E-02 -0.2580       0.000    
   420   3.132       1.339       0.000       15.61       1.441       0.000      0.6645E-01  0.4419E-01  0.4280E-02   0.000     -0.3282E-03   0.000      0.2456E-02 -0.3238       0.000    

 Surface forces referred to Sref,Cref,Bref about Xmom,Ymom,Zmom
 Standard axis orientation,  X fwd, Z down         

  Surface #11     fuselage_vertical                       
     # chordwise = 10   # spanwise = 30     First strip =421
     Surface area =  65.103           ave. chord =  23.503    
     CLsurf  =   0.000000     Clsurf  =   0.000000
     CYsurf  =  -0.000003     Cmsurf  =  -0.000000
     CDsurf  =   0.000000     Cnsurf  =   0.000001
     CDisurf =   0.000000     CDvsurf =   0.000000

  Forces referred to Ssurf, Cave about hinge axis thru LE
     cl_surf =   0.000000     cd_surf =   0.000000

 Strip Forces referred to strip area, chord
    j    xLE         yLE         zLE         Chord       Area        Dihedral   c cl        ai_ff       cl           clj         cd          cdv         cm_c/4     c.p.x/c      Dcj
   421   2.856       0.000      -1.339       15.65       1.445       90.00     -0.9441E-06 -0.4679E-05 -0.6031E-07   0.000     -0.8125E-11   0.000     -0.4904E-06  -7.882       0.000    
   422   1.819       0.000      -1.247       17.87       1.650       90.00     -0.7221E-06 -0.3962E-05 -0.4040E-07   0.000     -0.5426E-11   0.000     -0.6127E-06  -14.91       0.000    
   423  0.7817       0.000      -1.154       20.09       1.855       90.00     -0.5795E-07 -0.3164E-05 -0.2884E-08   0.000      0.1132E-10   0.000     -0.6496E-06  -99.00       0.000    
   424  0.2207       0.000      -1.062       21.48       1.984       90.00     -0.8235E-05 -0.2186E-05 -0.3833E-06   0.000      0.2604E-10   0.000     -0.4545E-06 -0.9359       0.000    
   425  0.1361       0.000     -0.9695       22.06       2.037       90.00     -0.7426E-05 -0.2035E-05 -0.3367E-06   0.000      0.1709E-10   0.000     -0.5059E-06  -1.253       0.000    
   426  0.5142E-01   0.000     -0.8772       22.63       2.090       90.00     -0.6006E-05 -0.1798E-05 -0.2654E-06   0.000      0.1798E-10   0.000     -0.5517E-06  -1.829       0.000    
   427  0.1405E-01   0.000     -0.7848       23.10       2.133       90.00     -0.5308E-05 -0.1531E-05 -0.2298E-06   0.000      0.1934E-10   0.000     -0.5660E-06  -2.213       0.000    
   428  0.2395E-01   0.000     -0.6925       23.47       2.167       90.00     -0.2502E-05 -0.1361E-05 -0.1066E-06   0.000      0.1984E-10   0.000     -0.6154E-06  -5.522       0.000    
   429  0.3385E-01   0.000     -0.6002       23.83       2.200       90.00      0.1147E-05 -0.1113E-05  0.4811E-07   0.000      0.1922E-10   0.000     -0.6636E-06   14.04       0.000    
   430  0.6640E-01   0.000     -0.5078       24.15       2.229       90.00      0.5280E-05 -0.8356E-06  0.2187E-06   0.000      0.1667E-10   0.000     -0.7059E-06   3.478       0.000    
   431  0.1216       0.000     -0.4155       24.41       2.254       90.00      0.1136E-04 -0.4776E-06  0.4656E-06   0.000      0.1265E-10   0.000     -0.7593E-06   1.881       0.000    
   432  0.1768       0.000     -0.3232       24.67       2.278       90.00      0.1936E-04  0.3082E-06  0.7847E-06   0.000      0.8214E-11   0.000     -0.8137E-06   1.287       0.000    
   433  0.2450       0.000     -0.2308       24.90       2.299       90.00      0.3036E-04  0.3061E-05  0.1219E-05   0.000      0.4990E-11   0.000     -0.8855E-06  0.9763       0.000    
   434  0.3263       0.000     -0.1385       25.09       2.317       90.00      0.4682E-04  0.1535E-04  0.1866E-05   0.000      0.6805E-11   0.000     -0.9769E-06  0.7736       0.000    
   435  0.4076       0.000     -0.4617E-01   25.29       2.335       90.00      0.7003E-04  0.5502E-04  0.2769E-05   0.000      0.2057E-10   0.000     -0.1097E-05  0.6461       0.000    
   436  0.5006       0.000      0.4617E-01   25.46       2.351       90.00      0.9700E-04 -0.5636E-04  0.3809E-05   0.000      0.4375E-10   0.000     -0.1258E-05  0.5802       0.000    
   437  0.6052       0.000      0.1385       25.61       2.365       90.00      0.1194E-03 -0.1671E-04  0.4663E-05   0.000      0.5487E-10   0.000     -0.1354E-05  0.5405       0.000    
   438  0.7098       0.000      0.2308       25.76       2.378       90.00      0.1298E-03 -0.4362E-05  0.5039E-05   0.000      0.3432E-10   0.000     -0.1345E-05  0.5170       0.000    
   439  0.8268       0.000      0.3232       25.85       2.387       90.00      0.1420E-03 -0.1513E-05  0.5494E-05   0.000      0.1396E-10   0.000     -0.1495E-05  0.5221       0.000    
   440  0.9561       0.000      0.4155       25.90       2.392       90.00      0.1506E-03 -0.7925E-06  0.5813E-05   0.000      0.4459E-11   0.000     -0.1514E-05  0.5105       0.000    
   441   1.086       0.000      0.5078       25.95       2.396       90.00      0.1569E-03 -0.5806E-06  0.6045E-05   0.000     -0.1721E-10   0.000     -0.1516E-05  0.5007       0.000    
   442   1.230       0.000      0.6002       25.89       2.391       90.00      0.1730E-03 -0.5809E-06  0.6682E-05   0.000     -0.3808E-10   0.000     -0.1931E-05  0.5391       0.000    
   443   1.390       0.000      0.6925       25.73       2.376       90.00      0.1759E-03 -0.7691E-06  0.6835E-05   0.000     -0.1908E-10   0.000     -0.1929E-05  0.5322       0.000    
   444   1.549       0.000      0.7848       25.57       2.361       90.00      0.1762E-03 -0.1396E-05  0.6891E-05   0.000     -0.1875E-10   0.000     -0.1898E-05  0.5255       0.000    
   445   1.732       0.000      0.8772       25.39       2.344       90.00      0.1734E-03 -0.4158E-05  0.6832E-05   0.000     -0.4337E-10   0.000     -0.1829E-05  0.5178       0.000    
   446   1.938       0.000      0.9695       25.18       2.325       90.00      0.1624E-03 -0.2936E-04  0.6448E-05   0.000     -0.9638E-10   0.000     -0.1632E-05  0.5030       0.000    
   447   2.144       0.000       1.062       24.98       2.306       90.00      0.1388E-03 -0.6429E-04  0.5558E-05   0.000     -0.3128E-09   0.000     -0.1218E-05  0.4692       0.000    
   448   2.435       0.000       1.154       23.15       2.138       90.00      0.2876E-03  0.8967E-04  0.1242E-04   0.000      0.2232E-09   0.000     -0.7271E-05  0.8354       0.000    
   449   2.811       0.000       1.247       19.71       1.820       90.00      0.2014E-03  0.7841E-04  0.1022E-04   0.000      0.1228E-09   0.000     -0.6710E-05  0.9067       0.000    
   450   3.187       0.000       1.339       16.27       1.502       90.00     -0.2116E-03  0.2018E-04 -0.1301E-04   0.000      0.4084E-10   0.000      0.5414E-05  0.6661       0.000    

 Surface forces referred to Sref,Cref,Bref about Xmom,Ymom,Zmom
 Standard axis orientation,  X fwd, Z down         

  Surface #12     nacelle_horizontal                      
     # chordwise =  6   # spanwise = 11     First strip =451
     Surface area = 0.29083           ave. chord = 0.67760    
     CLsurf  =   0.000350     Clsurf  =  -0.000031
     CYsurf  =   0.000000     Cmsurf  =   0.000160
     CDsurf  =   0.000004     Cnsurf  =  -0.000001
     CDisurf =   0.000004     CDvsurf =   0.000000

  Forces referred to Ssurf, Cave about hinge axis thru LE
     cl_surf =   0.077266     cd_surf =   0.000806

 Strip Forces referred to strip area, chord
    j    xLE         yLE         zLE         Chord       Area        Dihedral   c cl        ai_ff       cl           clj         cd          cdv         cm_c/4     c.p.x/c      Dcj
   451   10.71       2.277       1.170      0.2365      0.1017E-01   0.000      0.3152E-01  0.8576E-01  0.1337       0.000     -0.4057E-02   0.000      0.5867E-02  0.2061       0.000    
   452   10.59       2.320       1.170      0.5568      0.2389E-01   0.000      0.4731E-01  0.9673E-01  0.8509E-01   0.000     -0.7580E-04   0.000      0.7284E-02  0.1644       0.000    
   453   10.53       2.363       1.170      0.7354      0.3155E-01   0.000      0.5682E-01  0.9847E-01  0.7733E-01   0.000      0.7316E-03   0.000      0.7245E-02  0.1563       0.000    
   454   10.49       2.406       1.170      0.8754      0.3755E-01   0.000      0.6235E-01  0.9594E-01  0.7125E-01   0.000      0.1414E-02   0.000      0.6900E-02  0.1532       0.000    
   455   10.46       2.438       1.170      0.9609      0.2061E-01   0.000      0.6427E-01  0.8782E-01  0.6687E-01   0.000      0.2126E-02   0.000      0.6619E-02  0.1510       0.000    
   456   10.46       2.460       1.170       1.007      0.2160E-01   0.000      0.6498E-01  0.7005E-01  0.6451E-01   0.000      0.2096E-02   0.000      0.6462E-02  0.1498       0.000    
   457   10.46       2.492       1.170      0.9840      0.4231E-01   0.000      0.6491E-01  0.1226      0.6596E-01   0.000      0.1854E-02   0.000      0.6609E-02  0.1498       0.000    
   458   10.49       2.535       1.170      0.8754      0.3755E-01   0.000      0.6174E-01  0.1066      0.7055E-01   0.000      0.1352E-02   0.000      0.6976E-02  0.1511       0.000    
   459   10.53       2.578       1.170      0.7354      0.3155E-01   0.000      0.5584E-01  0.1010      0.7599E-01   0.000      0.6982E-03   0.000      0.7355E-02  0.1532       0.000    
   460   10.59       2.621       1.170      0.5568      0.2389E-01   0.000      0.4657E-01  0.9809E-01  0.8375E-01   0.000     -0.5290E-04   0.000      0.7486E-02  0.1606       0.000    
   461   10.71       2.664       1.170      0.2365      0.1015E-01   0.000      0.3145E-01  0.8755E-01  0.1333       0.000     -0.3734E-02   0.000      0.6490E-02  0.2013       0.000    

 Surface forces referred to Sref,Cref,Bref about Xmom,Ymom,Zmom
 Standard axis orientation,  X fwd, Z down         

  Surface #13     nacelle_horizontal (YDUP)               
     # chordwise =  6   # spanwise = 11     First strip =462
     Surface area = 0.29083           ave. chord = 0.67760    
     CLsurf  =   0.000227     Clsurf  =   0.000020
     CYsurf  =  -0.000000     Cmsurf  =   0.000104
     CDsurf  =   0.000002     Cnsurf  =   0.000001
     CDisurf =   0.000002     CDvsurf =   0.000000

  Forces referred to Ssurf, Cave about hinge axis thru LE
     cl_surf =   0.050111     cd_surf =   0.000489

 Strip Forces referred to strip area, chord
    j    xLE         yLE         zLE         Chord       Area        Dihedral   c cl        ai_ff       cl           clj         cd          cdv         cm_c/4     c.p.x/c      Dcj
   462   10.71      -2.277       1.170      0.2365      0.1017E-01   0.000      0.2319E-01  0.1333      0.9827E-01   0.000     -0.1930E-02   0.000      0.5613E-02  0.1929       0.000    
   463   10.59      -2.320       1.170      0.5568      0.2389E-01   0.000      0.3258E-01  0.1253      0.5859E-01   0.000      0.4800E-04   0.000      0.5876E-02  0.1497       0.000    
   464   10.53      -2.363       1.170      0.7354      0.3155E-01   0.000      0.3843E-01  0.1392      0.5231E-01   0.000      0.4392E-03   0.000      0.5500E-02  0.1449       0.000    
   465   10.49      -2.406       1.170      0.8754      0.3755E-01   0.000      0.3944E-01  0.1154      0.4507E-01   0.000      0.8672E-03   0.000      0.4754E-02  0.1445       0.000    
   466   10.46      -2.438       1.170      0.9609      0.2061E-01   0.000      0.3605E-01 -0.4443E-03  0.3751E-01   0.000      0.1044E-02   0.000      0.3974E-02  0.1441       0.000    
   467   10.46      -2.460       1.170       1.007      0.2160E-01   0.000      0.3624E-01 -0.4090E-01  0.3598E-01   0.000      0.9551E-03   0.000      0.3847E-02  0.1431       0.000    
   468   10.46      -2.492       1.170      0.9840      0.4231E-01   0.000      0.4013E-01  0.1609      0.4079E-01   0.000      0.9967E-03   0.000      0.4375E-02  0.1427       0.000    
   469   10.49      -2.535       1.170      0.8754      0.3755E-01   0.000      0.3988E-01  0.1444      0.4558E-01   0.000      0.7785E-03   0.000      0.4905E-02  0.1424       0.000    
   470   10.53      -2.578       1.170      0.7354      0.3155E-01   0.000      0.3581E-01  0.1145      0.4873E-01   0.000      0.4601E-03   0.000      0.5328E-02  0.1407       0.000    
   471   10.59      -2.621       1.170      0.5568      0.2389E-01   0.000      0.3101E-01  0.1225      0.5576E-01   0.000      0.1062E-03   0.000      0.5870E-02  0.1447       0.000    
   472   10.71      -2.664       1.170      0.2365      0.1015E-01   0.000      0.2266E-01  0.1350      0.9601E-01   0.000     -0.1605E-02   0.000      0.5962E-02  0.1879       0.000    

 Surface forces referred to Sref,Cref,Bref about Xmom,Ymom,Zmom
 Standard axis orientation,  X fwd, Z down         

  Surface #14     nacelle_vertical                        
     # chordwise =  6   # spanwise = 11     First strip =473
     Surface area = 0.29085           ave. chord = 0.67766    
     CLsurf  =   0.000000     Clsurf  =   0.000000
     CYsurf  =  -0.000043     Cmsurf  =   0.000000
     CDsurf  =  -0.000000     Cnsurf  =  -0.000002
     CDisurf =  -0.000000     CDvsurf =   0.000000

  Forces referred to Ssurf, Cave about hinge axis thru LE
     cl_surf =   0.000022     cd_surf =  -0.000039

 Strip Forces referred to strip area, chord
    j    xLE         yLE         zLE         Chord       Area        Dihedral   c cl        ai_ff       cl           clj         cd          cdv         cm_c/4     c.p.x/c      Dcj
   473   10.71       2.471      0.9772      0.2365      0.1015E-01   90.00      0.2041E-02  0.2287E-02  0.8628E-02   0.000     -0.1171E-03   0.000      0.3816E-02 -0.1923       0.000    
   474   10.59       2.471       1.020      0.5568      0.2389E-01   90.00      0.3609E-02  0.3179E-02  0.6481E-02   0.000     -0.3940E-04   0.000      0.1574E-02  0.7216E-02   0.000    
   475   10.53       2.471       1.063      0.7354      0.3162E-01   90.00      0.4012E-02  0.1493E-02  0.5455E-02   0.000     -0.2252E-04   0.000      0.1150E-02  0.3925E-01   0.000    
   476   10.49       2.471       1.106      0.8754      0.3755E-01   90.00      0.3335E-02 -0.1217E-01  0.3810E-02   0.000     -0.9398E-05   0.000      0.7189E-03  0.6132E-01   0.000    
   477   10.46       2.471       1.138      0.9609      0.2061E-01   90.00      0.3858E-02 -0.2531E-01  0.4015E-02   0.000     -0.8488E-05   0.000      0.6727E-03  0.8243E-01   0.000    
   478   10.46       2.471       1.160       1.007      0.2160E-01   90.00      0.6394E-02 -0.5597E-02  0.6349E-02   0.000     -0.1475E-04   0.000      0.1070E-02  0.8143E-01   0.000    
   479   10.46       2.471       1.192      0.9840      0.4221E-01   90.00      0.1198E-01  0.2361E-01  0.1218E-01   0.000     -0.2741E-04   0.000      0.2132E-03  0.2325       0.000    
   480   10.49       2.471       1.235      0.8754      0.3755E-01   90.00      0.1231E-01  0.1812E-01  0.1406E-01   0.000     -0.5027E-04   0.000      0.5190E-04  0.2463       0.000    
   481   10.53       2.471       1.278      0.7354      0.3162E-01   90.00      0.9688E-02  0.3001E-02  0.1317E-01   0.000     -0.5462E-04   0.000     -0.1776E-03  0.2635       0.000    
   482   10.59       2.471       1.321      0.5568      0.2389E-01   90.00      0.7552E-02 -0.1893E-02  0.1356E-01   0.000     -0.6283E-04   0.000     -0.5542E-03  0.2909       0.000    
   483   10.71       2.471       1.364      0.2365      0.1015E-01   90.00      0.5427E-02 -0.1239E-01  0.2294E-01   0.000     -0.1362E-03   0.000     -0.3597E-02  0.4068       0.000    

 Surface forces referred to Sref,Cref,Bref about Xmom,Ymom,Zmom
 Standard axis orientation,  X fwd, Z down         

  Surface #15     nacelle_vertical (YDUP)                 
     # chordwise =  6   # spanwise = 11     First strip =484
     Surface area = 0.29085           ave. chord = 0.67766    
     CLsurf  =   0.000000     Clsurf  =  -0.000000
     CYsurf  =   0.000028     Cmsurf  =   0.000000
     CDsurf  =  -0.000000     Cnsurf  =   0.000001
     CDisurf =  -0.000000     CDvsurf =   0.000000

  Forces referred to Ssurf, Cave about hinge axis thru LE
     cl_surf =   0.000014     cd_surf =  -0.000026

 Strip Forces referred to strip area, chord
    j    xLE         yLE         zLE         Chord       Area        Dihedral   c cl        ai_ff       cl           clj         cd          cdv         cm_c/4     c.p.x/c      Dcj
   484   10.71      -2.471      0.9772      0.2365      0.1015E-01  -90.00      0.1463E-02  0.7847E-02  0.6186E-02   0.000     -0.7489E-04   0.000      0.2894E-02 -0.2179       0.000    
   485   10.59      -2.471       1.020      0.5568      0.2389E-01  -90.00      0.2434E-02  0.7873E-02  0.4371E-02   0.000     -0.2703E-04   0.000      0.1162E-02 -0.1583E-01   0.000    
   486   10.53      -2.471       1.063      0.7354      0.3162E-01  -90.00      0.2512E-02  0.6572E-02  0.3416E-02   0.000     -0.1506E-04   0.000      0.7942E-03  0.1752E-01   0.000    
   487   10.49      -2.471       1.106      0.8754      0.3755E-01  -90.00      0.1281E-02 -0.2567E-01  0.1463E-02   0.000     -0.3787E-05   0.000      0.3170E-03  0.3336E-01   0.000    
   488   10.46      -2.471       1.138      0.9609      0.2061E-01  -90.00      0.1005E-02 -0.7551E-01  0.1046E-02   0.000     -0.2876E-05   0.000      0.1866E-03  0.7155E-01   0.000    
   489   10.46      -2.471       1.160       1.007      0.2160E-01  -90.00      0.3321E-02 -0.7792E-01  0.3298E-02   0.000     -0.9626E-05   0.000      0.5803E-03  0.7402E-01   0.000    
   490   10.46      -2.471       1.192      0.9840      0.4221E-01  -90.00      0.8505E-02  0.6807E-01  0.8644E-02   0.000     -0.2333E-04   0.000      0.2305E-03  0.2233       0.000    
   491   10.49      -2.471       1.235      0.8754      0.3755E-01  -90.00      0.8773E-02  0.3538E-01  0.1002E-01   0.000     -0.3973E-04   0.000      0.1245E-03  0.2376       0.000    
   492   10.53      -2.471       1.278      0.7354      0.3162E-01  -90.00      0.6267E-02  0.1006E-02  0.8522E-02   0.000     -0.3389E-04   0.000     -0.2874E-04  0.2534       0.000    
   493   10.59      -2.471       1.321      0.5568      0.2389E-01  -90.00      0.4946E-02 -0.2656E-02  0.8882E-02   0.000     -0.3736E-04   0.000     -0.2439E-03  0.2775       0.000    
   494   10.71      -2.471       1.364      0.2365      0.1015E-01  -90.00      0.3853E-02 -0.1167E-01  0.1629E-01   0.000     -0.8048E-04   0.000     -0.2349E-02  0.3942       0.000    

 Surface forces referred to Sref,Cref,Bref about Xmom,Ymom,Zmom
 Standard axis orientation,  X fwd, Z down         

  Surface #16     nacelle_2_horizontal                    
     # chordwise =  6   # spanwise = 11     First strip =495
     Surface area = 0.29085           ave. chord = 0.67765    
     CLsurf  =   0.000336     Clsurf  =  -0.000078
     CYsurf  =   0.000000     Cmsurf  =   0.000136
     CDsurf  =   0.000004     Cnsurf  =  -0.000003
     CDisurf =   0.000004     CDvsurf =   0.000000

  Forces referred to Ssurf, Cave about hinge axis thru LE
     cl_surf =   0.074254     cd_surf =   0.000893

 Strip Forces referred to strip area, chord
    j    xLE         yLE         zLE         Chord       Area        Dihedral   c cl        ai_ff       cl           clj         cd          cdv         cm_c/4     c.p.x/c      Dcj
   495   10.84       6.248       1.170      0.2365      0.1015E-01   0.000      0.3062E-01  0.8229E-01  0.1298       0.000     -0.3404E-02   0.000      0.5940E-02  0.2042       0.000    
   496   10.72       6.291       1.170      0.5568      0.2394E-01   0.000      0.4573E-01  0.9331E-01  0.8224E-01   0.000      0.8459E-04   0.000      0.7070E-02  0.1640       0.000    
   497   10.66       6.334       1.170      0.7354      0.3155E-01   0.000      0.5493E-01  0.9522E-01  0.7475E-01   0.000      0.8127E-03   0.000      0.6988E-02  0.1565       0.000    
   498   10.61       6.376       1.170      0.8754      0.3755E-01   0.000      0.6036E-01  0.9420E-01  0.6897E-01   0.000      0.1441E-02   0.000      0.6622E-02  0.1540       0.000    
   499   10.59       6.409       1.170      0.9609      0.2061E-01   0.000      0.6212E-01  0.8750E-01  0.6463E-01   0.000      0.2108E-02   0.000      0.6315E-02  0.1523       0.000    
   500   10.58       6.430       1.170       1.007      0.2160E-01   0.000      0.6262E-01  0.6767E-01  0.6216E-01   0.000      0.2074E-02   0.000      0.6148E-02  0.1511       0.000    
   501   10.59       6.462       1.170      0.9840      0.4221E-01   0.000      0.6211E-01  0.1162      0.6311E-01   0.000      0.1839E-02   0.000      0.6269E-02  0.1507       0.000    
   502   10.61       6.505       1.170      0.8754      0.3764E-01   0.000      0.5897E-01  0.1006      0.6739E-01   0.000      0.1383E-02   0.000      0.6595E-02  0.1521       0.000    
   503   10.66       6.548       1.170      0.7354      0.3155E-01   0.000      0.5338E-01  0.9619E-01  0.7264E-01   0.000      0.7872E-03   0.000      0.6951E-02  0.1543       0.000    
   504   10.72       6.591       1.170      0.5568      0.2389E-01   0.000      0.4448E-01  0.9334E-01  0.7998E-01   0.000      0.9585E-04   0.000      0.7043E-02  0.1619       0.000    
   505   10.84       6.634       1.170      0.2365      0.1015E-01   0.000      0.2986E-01  0.8258E-01  0.1266       0.000     -0.3213E-02   0.000      0.5940E-02  0.2031       0.000    

 Surface forces referred to Sref,Cref,Bref about Xmom,Ymom,Zmom
 Standard axis orientation,  X fwd, Z down         

  Surface #17     nacelle_2_vertical                      
     # chordwise =  6   # spanwise = 11     First strip =506
     Surface area = 0.29085           ave. chord = 0.67766    
     CLsurf  =   0.000000     Clsurf  =  -0.000000
     CYsurf  =  -0.000005     Cmsurf  =   0.000000
     CDsurf  =  -0.000000     Cnsurf  =  -0.000000
     CDisurf =  -0.000000     CDvsurf =   0.000000

  Forces referred to Ssurf, Cave about hinge axis thru LE
     cl_surf =   0.000001     cd_surf =  -0.000002

 Strip Forces referred to strip area, chord
    j    xLE         yLE         zLE         Chord       Area        Dihedral   c cl        ai_ff       cl           clj         cd          cdv         cm_c/4     c.p.x/c      Dcj
   506   10.84       6.441      0.9772      0.2365      0.1015E-01   90.00     -0.3387E-03  0.1227E-01 -0.1432E-02   0.000     -0.2611E-05   0.000     -0.5854E-03 -0.1588       0.000    
   507   10.72       6.441       1.020      0.5568      0.2389E-01   90.00     -0.8302E-03  0.1180E-01 -0.1491E-02   0.000     -0.1270E-05   0.000     -0.2939E-03  0.5287E-01   0.000    
   508   10.66       6.441       1.063      0.7354      0.3162E-01   90.00     -0.1487E-02  0.1003E-01 -0.2023E-02   0.000     -0.2016E-05   0.000     -0.3485E-03  0.7771E-01   0.000    
   509   10.61       6.441       1.106      0.8754      0.3755E-01   90.00     -0.2761E-02 -0.2874E-02 -0.3154E-02   0.000     -0.3734E-05   0.000     -0.5365E-03  0.7989E-01   0.000    
   510   10.59       6.441       1.138      0.9609      0.2061E-01   90.00     -0.2573E-02 -0.1462E-01 -0.2678E-02   0.000      0.2455E-07   0.000     -0.4341E-03  0.8791E-01   0.000    
   511   10.58       6.441       1.160       1.007      0.2160E-01   90.00     -0.2540E-03  0.6766E-02 -0.2523E-03   0.000      0.8615E-07   0.000     -0.2174E-04  0.1638       0.000    
   512   10.59       6.441       1.192      0.9840      0.4221E-01   90.00      0.3931E-02  0.2988E-01  0.3995E-02   0.000     -0.1287E-05   0.000      0.8592E-04  0.2285       0.000    
   513   10.61       6.441       1.235      0.8754      0.3755E-01   90.00      0.4519E-02  0.2706E-01  0.5162E-02   0.000     -0.5481E-05   0.000      0.4880E-05  0.2491       0.000    
   514   10.66       6.441       1.278      0.7354      0.3162E-01   90.00      0.2695E-02  0.1418E-01  0.3665E-02   0.000     -0.3360E-05   0.000     -0.9207E-04  0.2751       0.000    
   515   10.72       6.441       1.321      0.5568      0.2389E-01   90.00      0.1701E-02  0.1262E-01  0.3055E-02   0.000     -0.2380E-05   0.000     -0.1779E-03  0.3082       0.000    
   516   10.84       6.441       1.364      0.2365      0.1015E-01   90.00      0.1047E-02  0.1719E-01  0.4428E-02   0.000     -0.4434E-05   0.000     -0.7385E-03  0.4168       0.000    

 Surface forces referred to Sref,Cref,Bref about Xmom,Ymom,Zmom
 Standard axis orientation,  X fwd, Z down         

  Surface #18     nacelle_3_horizontal                    
     # chordwise =  6   # spanwise = 11     First strip =517
     Surface area = 0.29085           ave. chord = 0.67765    
     CLsurf  =   0.000322     Clsurf  =  -0.000121
     CYsurf  =  -0.000000     Cmsurf  =   0.000104
     CDsurf  =   0.000005     Cnsurf  =  -0.000005
     CDisurf =   0.000005     CDvsurf =   0.000000

  Forces referred to Ssurf, Cave about hinge axis thru LE
     cl_surf =   0.071103     cd_surf =   0.001060

 Strip Forces referred to strip area, chord
    j    xLE         yLE         zLE         Chord       Area        Dihedral   c cl        ai_ff       cl           clj         cd          cdv         cm_c/4     c.p.x/c      Dcj
   517   11.03       10.22       1.170      0.2365      0.1015E-01   0.000      0.2888E-01  0.8112E-01  0.1224       0.000     -0.2614E-02   0.000      0.5732E-02  0.2032       0.000    
   518   10.91       10.26       1.170      0.5568      0.2394E-01   0.000      0.4287E-01  0.9095E-01  0.7707E-01   0.000      0.3743E-03   0.000      0.6721E-02  0.1628       0.000    
   519   10.85       10.30       1.170      0.7354      0.3155E-01   0.000      0.5133E-01  0.9345E-01  0.6984E-01   0.000      0.9818E-03   0.000      0.6604E-02  0.1554       0.000    
   520   10.81       10.35       1.170      0.8754      0.3755E-01   0.000      0.5657E-01  0.9731E-01  0.6463E-01   0.000      0.1499E-02   0.000      0.6281E-02  0.1528       0.000    
   521   10.78       10.39       1.170      0.9840      0.4221E-01   0.000      0.5941E-01  0.1113      0.6037E-01   0.000      0.1875E-02   0.000      0.5989E-02  0.1508       0.000    
   522   10.78       10.42       1.170       1.007      0.2160E-01   0.000      0.5976E-01  0.6619E-01  0.5931E-01   0.000      0.2066E-02   0.000      0.5887E-02  0.1508       0.000    
   523   10.79       10.44       1.170      0.9609      0.2061E-01   0.000      0.5922E-01  0.8407E-01  0.6160E-01   0.000      0.2119E-02   0.000      0.6048E-02  0.1518       0.000    
   524   10.81       10.48       1.170      0.8754      0.3764E-01   0.000      0.5752E-01  0.9055E-01  0.6572E-01   0.000      0.1549E-02   0.000      0.6333E-02  0.1536       0.000    
   525   10.85       10.52       1.170      0.7354      0.3155E-01   0.000      0.5242E-01  0.9190E-01  0.7132E-01   0.000      0.1012E-02   0.000      0.6664E-02  0.1566       0.000    
   526   10.91       10.56       1.170      0.5568      0.2389E-01   0.000      0.4370E-01  0.9015E-01  0.7858E-01   0.000      0.3714E-03   0.000      0.6767E-02  0.1639       0.000    
   527   11.03       10.60       1.170      0.2365      0.1015E-01   0.000      0.2935E-01  0.8036E-01  0.1244       0.000     -0.2757E-02   0.000      0.5724E-02  0.2040       0.000    

 Surface forces referred to Sref,Cref,Bref about Xmom,Ymom,Zmom
 Standard axis orientation,  X fwd, Z down         

  Surface #19     nacelle_3_vertical                      
     # chordwise =  6   # spanwise = 11     First strip =528
     Surface area = 0.29085           ave. chord = 0.67766    
     CLsurf  =   0.000000     Clsurf  =  -0.000000
     CYsurf  =   0.000010     Cmsurf  =   0.000000
     CDsurf  =  -0.000000     Cnsurf  =   0.000000
     CDisurf =  -0.000000     CDvsurf =   0.000000

  Forces referred to Ssurf, Cave about hinge axis thru LE
     cl_surf =   0.000002     cd_surf =  -0.000002

 Strip Forces referred to strip area, chord
    j    xLE         yLE         zLE         Chord       Area        Dihedral   c cl        ai_ff       cl           clj         cd          cdv         cm_c/4     c.p.x/c      Dcj
   528   11.03       10.41      0.9772      0.2365      0.1015E-01   90.00     -0.1009E-03  0.1647E-01 -0.4265E-03   0.000     -0.2112E-06   0.000     -0.1520E-03 -0.1064       0.000    
   529   10.91       10.41       1.020      0.5568      0.2389E-01   90.00     -0.6283E-04  0.1631E-01 -0.1128E-03   0.000     -0.3850E-08   0.000      0.8300E-04  0.9855       0.000    
   530   10.85       10.41       1.063      0.7354      0.3162E-01   90.00      0.3152E-03  0.1775E-01  0.4286E-03   0.000     -0.3751E-06   0.000      0.2449E-03 -0.3214       0.000    
   531   10.81       10.41       1.106      0.8754      0.3755E-01   90.00      0.1381E-02  0.2991E-01  0.1577E-02   0.000     -0.1758E-05   0.000      0.4976E-03 -0.6548E-01   0.000    
   532   10.79       10.41       1.138      0.9609      0.2061E-01   90.00      0.1159E-02  0.4132E-01  0.1206E-02   0.000      0.2355E-06   0.000      0.4460E-03 -0.1198       0.000    
   533   10.78       10.41       1.160       1.007      0.2160E-01   90.00     -0.1033E-02  0.2172E-01 -0.1025E-02   0.000     -0.1709E-06   0.000      0.6971E-04  0.3180       0.000    
   534   10.78       10.41       1.192      0.9840      0.4221E-01   90.00     -0.5059E-02 -0.1861E-02 -0.5142E-02   0.000     -0.1810E-05   0.000      0.1106E-03  0.2715       0.000    
   535   10.81       10.41       1.235      0.8754      0.3755E-01   90.00     -0.5378E-02  0.2076E-02 -0.6143E-02   0.000     -0.6081E-05   0.000      0.1777E-03  0.2789       0.000    
   536   10.85       10.41       1.278      0.7354      0.3162E-01   90.00     -0.3344E-02  0.1480E-01 -0.4547E-02   0.000     -0.4046E-05   0.000      0.2459E-03  0.3041       0.000    
   537   10.91       10.41       1.321      0.5568      0.2389E-01   90.00     -0.2091E-02  0.1590E-01 -0.3756E-02   0.000     -0.2924E-05   0.000      0.2983E-03  0.3294       0.000    
   538   11.03       10.41       1.364      0.2365      0.1015E-01   90.00     -0.1200E-02  0.1079E-01 -0.5072E-02   0.000     -0.5204E-05   0.000      0.8828E-03  0.4241       0.000    

 Surface forces referred to Sref,Cref,Bref about Xmom,Ymom,Zmom
 Standard axis orientation,  X fwd, Z down         

  Surface #20     nacelle_4_horizontal                    
     # chordwise =  6   # spanwise = 11     First strip =539
     Surface area = 0.29083           ave. chord = 0.67760    
     CLsurf  =   0.000227     Clsurf  =   0.000020
     CYsurf  =  -0.000000     Cmsurf  =   0.000104
     CDsurf  =   0.000002     Cnsurf  =   0.000001
     CDisurf =   0.000002     CDvsurf =   0.000000

  Forces referred to Ssurf, Cave about hinge axis thru LE
     cl_surf =   0.050111     cd_surf =   0.000489

 Strip Forces referred to strip area, chord
    j    xLE         yLE         zLE         Chord       Area        Dihedral   c cl        ai_ff       cl           clj         cd          cdv         cm_c/4     c.p.x/c      Dcj
   539   10.71      -2.664       1.170      0.2365      0.1015E-01   0.000      0.2266E-01  0.1350      0.9601E-01   0.000     -0.1605E-02   0.000      0.5962E-02  0.1879       0.000    
   540   10.59      -2.621       1.170      0.5568      0.2389E-01   0.000      0.3101E-01  0.1225      0.5576E-01   0.000      0.1062E-03   0.000      0.5870E-02  0.1447       0.000    
   541   10.53      -2.578       1.170      0.7354      0.3155E-01   0.000      0.3581E-01  0.1145      0.4873E-01   0.000      0.4601E-03   0.000      0.5328E-02  0.1407       0.000    
   542   10.49      -2.535       1.170      0.8754      0.3755E-01   0.000      0.3988E-01  0.1444      0.4558E-01   0.000      0.7785E-03   0.000      0.4905E-02  0.1424       0.000    
   543   10.46      -2.492       1.170      0.9840      0.4231E-01   0.000      0.4013E-01  0.1609      0.4079E-01   0.000      0.9967E-03   0.000      0.4375E-02  0.1427       0.000    
   544   10.46      -2.460       1.170       1.007      0.2160E-01   0.000      0.3624E-01 -0.4090E-01  0.3598E-01   0.000      0.9551E-03   0.000      0.3847E-02  0.1431       0.000    
   545   10.46      -2.438       1.170      0.9609      0.2061E-01   0.000      0.3605E-01 -0.4443E-03  0.3751E-01   0.000      0.1044E-02   0.000      0.3974E-02  0.1441       0.000    
   546   10.49      -2.406       1.170      0.8754      0.3755E-01   0.000      0.3944E-01  0.1154      0.4507E-01   0.000      0.8672E-03   0.000      0.4754E-02  0.1445       0.000    
   547   10.53      -2.363       1.170      0.7354      0.3155E-01   0.000      0.3843E-01  0.1392      0.5231E-01   0.000      0.4392E-03   0.000      0.5500E-02  0.1449       0.000    
   548   10.59      -2.320       1.170      0.5568      0.2389E-01   0.000      0.3258E-01  0.1253      0.5859E-01   0.000      0.4800E-04   0.000      0.5876E-02  0.1497       0.000    
   549   10.71      -2.277       1.170      0.2365      0.1017E-01   0.000      0.2319E-01  0.1333      0.9827E-01   0.000     -0.1930E-02   0.000      0.5613E-02  0.1929       0.000    

 Surface forces referred to Sref,Cref,Bref about Xmom,Ymom,Zmom
 Standard axis orientation,  X fwd, Z down         

  Surface #21     nacelle_4_vertical                      
     # chordwise =  6   # spanwise = 11     First strip =550
     Surface area = 0.29085           ave. chord = 0.67766    
     CLsurf  =   0.000000     Clsurf  =  -0.000000
     CYsurf  =   0.000028     Cmsurf  =   0.000000
     CDsurf  =  -0.000000     Cnsurf  =   0.000001
     CDisurf =  -0.000000     CDvsurf =   0.000000

  Forces referred to Ssurf, Cave about hinge axis thru LE
     cl_surf =   0.000014     cd_surf =  -0.000026

 Strip Forces referred to strip area, chord
    j    xLE         yLE         zLE         Chord       Area        Dihedral   c cl        ai_ff       cl           clj         cd          cdv         cm_c/4     c.p.x/c      Dcj
   550   10.71      -2.471      0.9772      0.2365      0.1015E-01   90.00     -0.1463E-02 -0.7847E-02 -0.6186E-02   0.000     -0.7489E-04   0.000     -0.2894E-02 -0.2179       0.000    
   551   10.59      -2.471       1.020      0.5568      0.2389E-01   90.00     -0.2434E-02 -0.7873E-02 -0.4371E-02   0.000     -0.2703E-04   0.000     -0.1162E-02 -0.1583E-01   0.000    
   552   10.53      -2.471       1.063      0.7354      0.3162E-01   90.00     -0.2512E-02 -0.6572E-02 -0.3416E-02   0.000     -0.1506E-04   0.000     -0.7942E-03  0.1752E-01   0.000    
   553   10.49      -2.471       1.106      0.8754      0.3755E-01   90.00     -0.1281E-02  0.2567E-01 -0.1463E-02   0.000     -0.3787E-05   0.000     -0.3170E-03  0.3336E-01   0.000    
   554   10.46      -2.471       1.138      0.9609      0.2061E-01   90.00     -0.1005E-02  0.7551E-01 -0.1046E-02   0.000     -0.2876E-05   0.000     -0.1866E-03  0.7155E-01   0.000    
   555   10.46      -2.471       1.160       1.007      0.2160E-01   90.00     -0.3321E-02  0.7792E-01 -0.3298E-02   0.000     -0.9626E-05   0.000     -0.5803E-03  0.7402E-01   0.000    
   556   10.46      -2.471       1.192      0.9840      0.4221E-01   90.00     -0.8505E-02 -0.6807E-01 -0.8644E-02   0.000     -0.2333E-04   0.000     -0.2305E-03  0.2233       0.000    
   557   10.49      -2.471       1.235      0.8754      0.3755E-01   90.00     -0.8773E-02 -0.3538E-01 -0.1002E-01   0.000     -0.3973E-04   0.000     -0.1245E-03  0.2376       0.000    
   558   10.53      -2.471       1.278      0.7354      0.3162E-01   90.00     -0.6267E-02 -0.1006E-02 -0.8522E-02   0.000     -0.3389E-04   0.000      0.2874E-04  0.2534       0.000    
   559   10.59      -2.471       1.321      0.5568      0.2389E-01   90.00     -0.4946E-02  0.2656E-02 -0.8882E-02   0.000     -0.3736E-04   0.000      0.2439E-03  0.2775       0.000    
   560   10.71      -2.471       1.364      0.2365      0.1015E-01   90.00     -0.3853E-02  0.1167E-01 -0.1629E-01   0.000     -0.8048E-04   0.000      0.2349E-02  0.3942       0.000    

 Surface forces referred to Sref,Cref,Bref about Xmom,Ymom,Zmom
 Standard axis orientation,  X fwd, Z down         

  Surface #22     nacelle_5_horizontal                    
     # chordwise =  6   # spanwise = 11     First strip =561
     Surface area = 0.29085           ave. chord = 0.67765    
     CLsurf  =   0.000336     Clsurf  =   0.000078
     CYsurf  =   0.000000     Cmsurf  =   0.000136
     CDsurf  =   0.000004     Cnsurf  =   0.000003
     CDisurf =   0.000004     CDvsurf =   0.000000

  Forces referred to Ssurf, Cave about hinge axis thru LE
     cl_surf =   0.074265     cd_surf =   0.000893

 Strip Forces referred to strip area, chord
    j    xLE         yLE         zLE         Chord       Area        Dihedral   c cl        ai_ff       cl           clj         cd          cdv         cm_c/4     c.p.x/c      Dcj
   561   10.84      -6.634       1.170      0.2365      0.1015E-01   0.000      0.3053E-01  0.8179E-01  0.1294       0.000     -0.3418E-02   0.000      0.5994E-02  0.2037       0.000    
   562   10.72      -6.591       1.170      0.5568      0.2389E-01   0.000      0.4561E-01  0.9284E-01  0.8202E-01   0.000      0.7473E-04   0.000      0.7102E-02  0.1634       0.000    
   563   10.66      -6.548       1.170      0.7354      0.3155E-01   0.000      0.5480E-01  0.9486E-01  0.7458E-01   0.000      0.8095E-03   0.000      0.7016E-02  0.1559       0.000    
   564   10.61      -6.505       1.170      0.8754      0.3764E-01   0.000      0.6026E-01  0.9403E-01  0.6885E-01   0.000      0.1438E-02   0.000      0.6642E-02  0.1535       0.000    
   565   10.59      -6.473       1.170      0.9609      0.2061E-01   0.000      0.6206E-01  0.8761E-01  0.6457E-01   0.000      0.2105E-02   0.000      0.6327E-02  0.1520       0.000    
   566   10.58      -6.452       1.170       1.007      0.2160E-01   0.000      0.6261E-01  0.6847E-01  0.6215E-01   0.000      0.2074E-02   0.000      0.6151E-02  0.1510       0.000    
   567   10.59      -6.419       1.170      0.9840      0.4221E-01   0.000      0.6217E-01  0.1159      0.6317E-01   0.000      0.1841E-02   0.000      0.6260E-02  0.1509       0.000    
   568   10.61      -6.376       1.170      0.8754      0.3755E-01   0.000      0.5909E-01  0.1008      0.6752E-01   0.000      0.1386E-02   0.000      0.6575E-02  0.1526       0.000    
   569   10.66      -6.334       1.170      0.7354      0.3155E-01   0.000      0.5352E-01  0.9656E-01  0.7283E-01   0.000      0.7903E-03   0.000      0.6923E-02  0.1550       0.000    
   570   10.72      -6.291       1.170      0.5568      0.2394E-01   0.000      0.4461E-01  0.9382E-01  0.8022E-01   0.000      0.1054E-03   0.000      0.7011E-02  0.1626       0.000    
   571   10.84      -6.248       1.170      0.2365      0.1015E-01   0.000      0.2995E-01  0.8308E-01  0.1270       0.000     -0.3200E-02   0.000      0.5885E-02  0.2036       0.000    

 Surface forces referred to Sref,Cref,Bref about Xmom,Ymom,Zmom
 Standard axis orientation,  X fwd, Z down         

  Surface #23     nacelle_5_vertical                      
     # chordwise =  6   # spanwise = 11     First strip =572
     Surface area = 0.29085           ave. chord = 0.67766    
     CLsurf  =   0.000000     Clsurf  =   0.000000
     CYsurf  =  -0.000006     Cmsurf  =   0.000000
     CDsurf  =  -0.000000     Cnsurf  =  -0.000000
     CDisurf =  -0.000000     CDvsurf =   0.000000

  Forces referred to Ssurf, Cave about hinge axis thru LE
     cl_surf =   0.000001     cd_surf =  -0.000002

 Strip Forces referred to strip area, chord
    j    xLE         yLE         zLE         Chord       Area        Dihedral   c cl        ai_ff       cl           clj         cd          cdv         cm_c/4     c.p.x/c      Dcj
   572   10.84      -6.441      0.9772      0.2365      0.1015E-01   90.00     -0.1821E-03 -0.1197E-01 -0.7698E-03   0.000     -0.8055E-06   0.000     -0.3289E-03 -0.1772       0.000    
   573   10.72      -6.441       1.020      0.5568      0.2389E-01   90.00     -0.5227E-03 -0.1231E-01 -0.9388E-03   0.000     -0.6649E-06   0.000     -0.2390E-03 -0.4546E-02   0.000    
   574   10.66      -6.441       1.063      0.7354      0.3162E-01   90.00     -0.1103E-02 -0.1410E-01 -0.1500E-02   0.000     -0.1525E-05   0.000     -0.3410E-03  0.2268E-01   0.000    
   575   10.61      -6.441       1.106      0.8754      0.3755E-01   90.00     -0.2344E-02 -0.2706E-01 -0.2677E-02   0.000     -0.3449E-05   0.000     -0.5604E-03  0.4065E-01   0.000    
   576   10.59      -6.441       1.138      0.9609      0.2061E-01   90.00     -0.2173E-02 -0.3905E-01 -0.2262E-02   0.000     -0.8463E-07   0.000     -0.4778E-03  0.3873E-01   0.000    
   577   10.58      -6.441       1.160       1.007      0.2160E-01   90.00      0.1020E-03 -0.1815E-01  0.1013E-03   0.000      0.9286E-07   0.000     -0.7501E-04  0.9908       0.000    
   578   10.59      -6.441       1.192      0.9840      0.4221E-01   90.00      0.4214E-02  0.5675E-02  0.4282E-02   0.000     -0.1149E-05   0.000      0.4777E-05  0.2489       0.000    
   579   10.61      -6.441       1.235      0.8754      0.3755E-01   90.00      0.4643E-02  0.2003E-02  0.5304E-02   0.000     -0.5154E-05   0.000     -0.6121E-04  0.2615       0.000    
   580   10.66      -6.441       1.278      0.7354      0.3162E-01   90.00      0.2682E-02 -0.1142E-01  0.3646E-02   0.000     -0.2940E-05   0.000     -0.1398E-03  0.2883       0.000    
   581   10.72      -6.441       1.321      0.5568      0.2389E-01   90.00      0.1574E-02 -0.1441E-01  0.2826E-02   0.000     -0.1748E-05   0.000     -0.1975E-03  0.3199       0.000    
   582   10.84      -6.441       1.364      0.2365      0.1015E-01   90.00      0.8569E-03 -0.2439E-01  0.3623E-02   0.000     -0.2656E-05   0.000     -0.6347E-03  0.4252       0.000    

 Surface forces referred to Sref,Cref,Bref about Xmom,Ymom,Zmom
 Standard axis orientation,  X fwd, Z down         

  Surface #24     nacelle_6_horizontal                    
     # chordwise =  6   # spanwise = 11     First strip =583
     Surface area = 0.29085           ave. chord = 0.67765    
     CLsurf  =   0.000322     Clsurf  =   0.000121
     CYsurf  =   0.000000     Cmsurf  =   0.000104
     CDsurf  =   0.000005     Cnsurf  =   0.000005
     CDisurf =   0.000005     CDvsurf =   0.000000

  Forces referred to Ssurf, Cave about hinge axis thru LE
     cl_surf =   0.071104     cd_surf =   0.001060

 Strip Forces referred to strip area, chord
    j    xLE         yLE         zLE         Chord       Area        Dihedral   c cl        ai_ff       cl           clj         cd          cdv         cm_c/4     c.p.x/c      Dcj
   583   11.03      -10.60       1.170      0.2365      0.1015E-01   0.000      0.2935E-01  0.8036E-01  0.1244       0.000     -0.2757E-02   0.000      0.5724E-02  0.2040       0.000    
   584   10.91      -10.56       1.170      0.5568      0.2389E-01   0.000      0.4370E-01  0.9015E-01  0.7858E-01   0.000      0.3713E-03   0.000      0.6767E-02  0.1639       0.000    
   585   10.85      -10.52       1.170      0.7354      0.3155E-01   0.000      0.5242E-01  0.9190E-01  0.7132E-01   0.000      0.1012E-02   0.000      0.6664E-02  0.1566       0.000    
   586   10.81      -10.48       1.170      0.8754      0.3764E-01   0.000      0.5753E-01  0.9055E-01  0.6572E-01   0.000      0.1549E-02   0.000      0.6333E-02  0.1536       0.000    
   587   10.79      -10.44       1.170      0.9609      0.2061E-01   0.000      0.5922E-01  0.8407E-01  0.6160E-01   0.000      0.2119E-02   0.000      0.6049E-02  0.1518       0.000    
   588   10.78      -10.42       1.170       1.007      0.2160E-01   0.000      0.5976E-01  0.6619E-01  0.5931E-01   0.000      0.2066E-02   0.000      0.5887E-02  0.1508       0.000    
   589   10.78      -10.39       1.170      0.9840      0.4221E-01   0.000      0.5942E-01  0.1113      0.6037E-01   0.000      0.1875E-02   0.000      0.5989E-02  0.1508       0.000    
   590   10.81      -10.35       1.170      0.8754      0.3755E-01   0.000      0.5657E-01  0.9731E-01  0.6463E-01   0.000      0.1499E-02   0.000      0.6281E-02  0.1528       0.000    
   591   10.85      -10.30       1.170      0.7354      0.3155E-01   0.000      0.5133E-01  0.9345E-01  0.6984E-01   0.000      0.9818E-03   0.000      0.6604E-02  0.1554       0.000    
   592   10.91      -10.26       1.170      0.5568      0.2394E-01   0.000      0.4287E-01  0.9095E-01  0.7707E-01   0.000      0.3742E-03   0.000      0.6721E-02  0.1628       0.000    
   593   11.03      -10.22       1.170      0.2365      0.1015E-01   0.000      0.2888E-01  0.8112E-01  0.1224       0.000     -0.2614E-02   0.000      0.5732E-02  0.2032       0.000    

 Surface forces referred to Sref,Cref,Bref about Xmom,Ymom,Zmom
 Standard axis orientation,  X fwd, Z down         

  Surface #25     nacelle_6_vertical                      
     # chordwise =  6   # spanwise = 11     First strip =594
     Surface area = 0.29085           ave. chord = 0.67766    
     CLsurf  =   0.000000     Clsurf  =   0.000000
     CYsurf  =  -0.000010     Cmsurf  =   0.000000
     CDsurf  =  -0.000000     Cnsurf  =  -0.000000
     CDisurf =  -0.000000     CDvsurf =   0.000000

  Forces referred to Ssurf, Cave about hinge axis thru LE
     cl_surf =   0.000002     cd_surf =  -0.000002

 Strip Forces referred to strip area, chord
    j    xLE         yLE         zLE         Chord       Area        Dihedral   c cl        ai_ff       cl           clj         cd          cdv         cm_c/4     c.p.x/c      Dcj
   594   11.03      -10.41      0.9772      0.2365      0.1015E-01   90.00      0.1007E-03 -0.1647E-01  0.4255E-03   0.000     -0.2102E-06   0.000      0.1516E-03 -0.1062       0.000    
   595   10.91      -10.41       1.020      0.5568      0.2389E-01   90.00      0.6236E-04 -0.1631E-01  0.1120E-03   0.000     -0.3927E-08   0.000     -0.8315E-04  0.9924       0.000    
   596   10.85      -10.41       1.063      0.7354      0.3162E-01   90.00     -0.3158E-03 -0.1775E-01 -0.4294E-03   0.000     -0.3758E-06   0.000     -0.2450E-03 -0.3205       0.000    
   597   10.81      -10.41       1.106      0.8754      0.3755E-01   90.00     -0.1381E-02 -0.2991E-01 -0.1578E-02   0.000     -0.1759E-05   0.000     -0.4976E-03 -0.6537E-01   0.000    
   598   10.79      -10.41       1.138      0.9609      0.2061E-01   90.00     -0.1160E-02 -0.4132E-01 -0.1207E-02   0.000      0.2353E-06   0.000     -0.4461E-03 -0.1196       0.000    
   599   10.78      -10.41       1.160       1.007      0.2160E-01   90.00      0.1032E-02 -0.2172E-01  0.1024E-02   0.000     -0.1705E-06   0.000     -0.6978E-04  0.3181       0.000    
   600   10.78      -10.41       1.192      0.9840      0.4221E-01   90.00      0.5059E-02  0.1863E-02  0.5141E-02   0.000     -0.1809E-05   0.000     -0.1106E-03  0.2715       0.000    
   601   10.81      -10.41       1.235      0.8754      0.3755E-01   90.00      0.5377E-02 -0.2075E-02  0.6142E-02   0.000     -0.6079E-05   0.000     -0.1776E-03  0.2789       0.000    
   602   10.85      -10.41       1.278      0.7354      0.3162E-01   90.00      0.3343E-02 -0.1480E-01  0.4545E-02   0.000     -0.4044E-05   0.000     -0.2459E-03  0.3041       0.000    
   603   10.91      -10.41       1.321      0.5568      0.2389E-01   90.00      0.2091E-02 -0.1590E-01  0.3755E-02   0.000     -0.2922E-05   0.000     -0.2982E-03  0.3294       0.000    
   604   11.03      -10.41       1.364      0.2365      0.1015E-01   90.00      0.1199E-02 -0.1078E-01  0.5070E-02   0.000     -0.5199E-05   0.000     -0.8825E-03  0.4241       0.000    
