 ---------------------------------------------------------------
Surface and Strip forces by surface

 Surface forces referred to Sref,Cref,Bref about Xmom,Ymom,Zmom
 Standard axis orientation,  X fwd, Z down         

  Surface # 1     main_wing_1                             
     # chordwise = 10   # spanwise = 50     First strip =  1
     Surface area =  10.056           ave. chord =  2.7310    
     CLsurf  =   0.048504     Clsurf  =  -0.003349
     CYsurf  =  -0.000014     Cmsurf  =  -0.030199
     CDsurf  =   0.000993     Cnsurf  =  -0.000101
     CDisurf =   0.000492     CDvsurf =   0.000000

  Forces referred to Ssurf, Cave about hinge axis thru LE
     cl_surf =   0.303290     cd_surf =   0.006207

 Strip Forces referred to strip area, chord
    j    xLE         yLE         zLE         Chord       Area        Dihedral   c cl        ai_ff       cl           clj         cd          cdv         cm_c/4     c.p.x/c      Dcj
     1   12.52      0.9096E-03   1.385       2.742      0.9976E-02   0.000      0.7437      0.1402E-01  0.2713       0.000      0.3898E-02   0.000     -0.3940E-02  0.2645       0.000    
     2   12.52      0.8181E-02   1.385       2.742      0.2989E-01   0.000      0.7437      0.1848E-01  0.2713       0.000      0.3898E-02   0.000     -0.3940E-02  0.2645       0.000    
     3   12.52      0.2269E-01   1.385       2.743      0.4968E-01 -0.7023E-12  0.7437      0.1884E-01  0.2714       0.000      0.3897E-02   0.000     -0.3939E-02  0.2645       0.000    
     4   12.52      0.4439E-01   1.385       2.743      0.6928E-01  0.5036E-12  0.7438      0.1894E-01  0.2714       0.000      0.3895E-02   0.000     -0.3936E-02  0.2645       0.000    
     5   12.52      0.7319E-01   1.385       2.743      0.8860E-01   0.000      0.7438      0.1898E-01  0.2714       0.000      0.3892E-02   0.000     -0.3927E-02  0.2645       0.000    
     6   12.52      0.1090       1.385       2.743      0.1076       0.000      0.7440      0.1901E-01  0.2714       0.000      0.3884E-02   0.000     -0.3910E-02  0.2644       0.000    
     7   12.52      0.1516       1.385       2.743      0.1261       0.000      0.7442      0.1903E-01  0.2715       0.000      0.3872E-02   0.000     -0.3882E-02  0.2643       0.000    
     8   12.52      0.2009       1.385       2.743      0.1442       0.000      0.7446      0.1904E-01  0.2717       0.000      0.3853E-02   0.000     -0.3837E-02  0.2641       0.000    
     9   12.52      0.2567       1.385       2.742      0.1617       0.000      0.7451      0.1905E-01  0.2719       0.000      0.3825E-02   0.000     -0.3771E-02  0.2639       0.000    
    10   12.52      0.3187       1.385       2.743      0.1785       0.000      0.7458      0.1906E-01  0.2721       0.000      0.3786E-02   0.000     -0.3680E-02  0.2635       0.000    
    11   12.52      0.3868       1.385       2.743      0.1946     -0.1792E-12  0.7468      0.1907E-01  0.2725       0.000      0.3733E-02   0.000     -0.3558E-02  0.2631       0.000    
    12   12.52      0.4606       1.385       2.743      0.2100      0.3323E-12  0.7481      0.1907E-01  0.2730       0.000      0.3664E-02   0.000     -0.3401E-02  0.2625       0.000    
    13   12.52      0.5399       1.385       2.743      0.2246     -0.1554E-12  0.7497      0.1907E-01  0.2735       0.000      0.3576E-02   0.000     -0.3204E-02  0.2617       0.000    
    14   12.52      0.6243       1.385       2.743      0.2382       0.000      0.7516      0.1906E-01  0.2742       0.000      0.3466E-02   0.000     -0.2965E-02  0.2608       0.000    
    15   12.52      0.7135       1.385       2.743      0.2509       0.000      0.7538      0.1904E-01  0.2751       0.000      0.3331E-02   0.000     -0.2682E-02  0.2598       0.000    
    16   12.52      0.8072       1.385       2.743      0.2627       0.000      0.7564      0.1899E-01  0.2760       0.000      0.3168E-02   0.000     -0.2353E-02  0.2585       0.000    
    17   12.52      0.9050       1.385       2.743      0.2734       0.000      0.7593      0.1890E-01  0.2771       0.000      0.2974E-02   0.000     -0.1981E-02  0.2571       0.000    
    18   12.52       1.006       1.385       2.743      0.2830       0.000      0.7625      0.1876E-01  0.2783       0.000      0.2745E-02   0.000     -0.1567E-02  0.2556       0.000    
    19   12.52       1.111       1.385       2.743      0.2915       0.000      0.7660      0.1854E-01  0.2796       0.000      0.2475E-02   0.000     -0.1115E-02  0.2540       0.000    
    20   12.52       1.219       1.385       2.743      0.2988       0.000      0.7696      0.1821E-01  0.2809       0.000      0.2155E-02   0.000     -0.6295E-03  0.2522       0.000    
    21   12.52       1.329       1.385       2.743      0.3050       0.000      0.7733      0.1770E-01  0.2823       0.000      0.1766E-02   0.000     -0.1143E-03  0.2504       0.000    
    22   12.52       1.441       1.385       2.743      0.3099       0.000      0.7771      0.1689E-01  0.2837       0.000      0.1270E-02   0.000      0.4280E-03  0.2485       0.000    
    23   12.52       1.555       1.385       2.743      0.3137       0.000      0.7807      0.1549E-01  0.2850       0.000      0.5810E-03   0.000      0.9966E-03  0.2465       0.000    
    24   12.52       1.662       1.385       2.742      0.2714     -0.1285E-12  0.7838      0.1291E-01  0.2863       0.000     -0.5027E-03   0.000      0.1578E-02  0.2445       0.000    
    25   12.52       1.761       1.385       2.740      0.2723      0.1280E-12  0.7865      0.7249E-02  0.2876       0.000     -0.2540E-02   0.000      0.2183E-02  0.2424       0.000    
    26   12.52       1.860       1.385       2.738      0.2721       0.000      0.7888     -0.1943E-01  0.2891       0.000     -0.9977E-02   0.000      0.2910E-02  0.2399       0.000    
    27   12.52       1.969       1.385       2.735      0.3241      0.1074E-12  0.5960      0.4589E-01  0.3613      0.1437      0.2593E-01   0.000      0.2177E-01  0.1898       1.402    
    28   12.52       2.088       1.385       2.733      0.3213     -0.2164E-12  0.5660      0.4376E-01  0.3613      0.1544      0.2304E-01   0.000      0.2225E-01  0.1884       1.403    
    29   12.52       2.204       1.385       2.731      0.3172      0.1095E-12  0.5534      0.4292E-01  0.3597      0.1574      0.2231E-01   0.000      0.2215E-01  0.1884       1.404    
    30   12.52       2.320       1.385       2.729      0.3119       0.000      0.5490      0.4940E-01  0.3590      0.1580      0.2211E-01   0.000      0.2205E-01  0.1886       1.405    
    31   12.52       2.433       1.385       2.726      0.3053       0.000      0.5510      0.4093E-01  0.3613      0.1595      0.2229E-01   0.000      0.2253E-01  0.1876       1.406    
    32   12.52       2.544       1.385       2.724      0.2976       0.000      0.5591      0.4292E-01  0.3643      0.1593      0.2278E-01   0.000      0.2301E-01  0.1868       1.407    
    33   12.52       2.651       1.385       2.722      0.2887      0.1200E-12  0.5754      0.4401E-01  0.3668      0.1556      0.2383E-01   0.000      0.2319E-01  0.1868       1.408    
    34   12.52       2.756       1.385       2.720      0.2786     -0.1242E-12  0.6094      0.4618E-01  0.3679      0.1442      0.2763E-01   0.000      0.2289E-01  0.1878       1.410    
    35   12.52       2.856       1.385       2.718      0.2664       0.000      0.8039     -0.1976E-01  0.2968       0.000     -0.1106E-01   0.000      0.4186E-02  0.2359       0.000    
    36   12.53       2.952       1.385       2.716      0.2543       0.000      0.8041      0.5740E-02  0.2967       0.000     -0.3760E-02   0.000      0.3725E-02  0.2374       0.000    
    37   12.53       3.043       1.385       2.714      0.2413      0.1431E-12  0.8042      0.1104E-01  0.2968       0.000     -0.1888E-02   0.000      0.3419E-02  0.2385       0.000    
    38   12.53       3.129       1.385       2.713      0.2273     -0.3036E-12  0.8040      0.1326E-01  0.2969       0.000     -0.1016E-02   0.000      0.3195E-02  0.2392       0.000    
    39   12.53       3.211       1.385       2.711      0.2125      0.1623E-12  0.8037      0.1442E-01  0.2969       0.000     -0.5280E-03   0.000      0.3027E-02  0.2398       0.000    
    40   12.53       3.286       1.385       2.709      0.1968       0.000      0.8034      0.1508E-01  0.2969       0.000     -0.2268E-03   0.000      0.2899E-02  0.2402       0.000    
    41   12.53       3.356       1.385       2.708      0.1804       0.000      0.8030      0.1547E-01  0.2969       0.000     -0.2987E-04   0.000      0.2803E-02  0.2406       0.000    
    42   12.53       3.419       1.385       2.707      0.1633       0.000      0.8027      0.1571E-01  0.2969       0.000      0.1026E-03   0.000      0.2732E-02  0.2408       0.000    
    43   12.53       3.476       1.385       2.706      0.1456      0.2364E-12  0.8023      0.1584E-01  0.2969       0.000      0.1926E-03   0.000      0.2679E-02  0.2410       0.000    
    44   12.53       3.527       1.385       2.705      0.1273     -0.2703E-12  0.8019      0.1591E-01  0.2969       0.000      0.2535E-03   0.000      0.2643E-02  0.2411       0.000    
    45   12.53       3.570       1.385       2.704      0.1085       0.000      0.8016      0.1595E-01  0.2969       0.000      0.2941E-03   0.000      0.2617E-02  0.2412       0.000    
    46   12.53       3.607       1.385       2.703      0.8938E-01   0.000      0.8013      0.1595E-01  0.2968       0.000      0.3204E-03   0.000      0.2601E-02  0.2412       0.000    
    47   12.53       3.637       1.385       2.702      0.6987E-01   0.000      0.8010      0.1594E-01  0.2968       0.000      0.3373E-03   0.000      0.2591E-02  0.2413       0.000    
    48   12.53       3.659       1.385       2.702      0.5010E-01   0.000      0.8008      0.1593E-01  0.2968       0.000      0.3489E-03   0.000      0.2586E-02  0.2413       0.000    
    49   12.53       3.674       1.385       2.702      0.3013E-01   0.000      0.8007      0.1592E-01  0.2968       0.000      0.3631E-03   0.000      0.2583E-02  0.2413       0.000    
    50   12.53       3.681       1.385       2.702      0.1006E-01   0.000      0.8006      0.1591E-01  0.2967       0.000      0.4117E-03   0.000      0.2582E-02  0.2413       0.000    

 Surface forces referred to Sref,Cref,Bref about Xmom,Ymom,Zmom
 Standard axis orientation,  X fwd, Z down         

  Surface # 2     main_wing_1 (YDUP)                      
     # chordwise = 10   # spanwise = 50     First strip = 51
     Surface area =  10.056           ave. chord =  2.7310    
     CLsurf  =   0.048444     Clsurf  =   0.003344
     CYsurf  =   0.000014     Cmsurf  =  -0.030172
     CDsurf  =   0.000990     Cnsurf  =   0.000101
     CDisurf =   0.000492     CDvsurf =   0.000000

  Forces referred to Ssurf, Cave about hinge axis thru LE
     cl_surf =   0.302917     cd_surf =   0.006188

 Strip Forces referred to strip area, chord
    j    xLE         yLE         zLE         Chord       Area        Dihedral   c cl        ai_ff       cl           clj         cd          cdv         cm_c/4     c.p.x/c      Dcj
    51   12.52     -0.9096E-03   1.385       2.742      0.9976E-02   0.000      0.7437      0.2406E-01  0.2713       0.000      0.3898E-02   0.000     -0.3940E-02  0.2645       0.000    
    52   12.52     -0.8181E-02   1.385       2.742      0.2989E-01   0.000      0.7437      0.1960E-01  0.2713       0.000      0.3898E-02   0.000     -0.3940E-02  0.2645       0.000    
    53   12.52     -0.2269E-01   1.385       2.743      0.4968E-01  0.7023E-12  0.7437      0.1924E-01  0.2713       0.000      0.3897E-02   0.000     -0.3939E-02  0.2645       0.000    
    54   12.52     -0.4439E-01   1.385       2.743      0.6928E-01 -0.5036E-12  0.7437      0.1914E-01  0.2714       0.000      0.3896E-02   0.000     -0.3935E-02  0.2645       0.000    
    55   12.52     -0.7319E-01   1.385       2.743      0.8860E-01   0.000      0.7438      0.1910E-01  0.2714       0.000      0.3892E-02   0.000     -0.3927E-02  0.2645       0.000    
    56   12.52     -0.1090       1.385       2.743      0.1076       0.000      0.7439      0.1908E-01  0.2714       0.000      0.3885E-02   0.000     -0.3910E-02  0.2644       0.000    
    57   12.52     -0.1516       1.385       2.743      0.1261       0.000      0.7442      0.1906E-01  0.2715       0.000      0.3873E-02   0.000     -0.3881E-02  0.2643       0.000    
    58   12.52     -0.2009       1.385       2.743      0.1442       0.000      0.7445      0.1906E-01  0.2716       0.000      0.3854E-02   0.000     -0.3835E-02  0.2641       0.000    
    59   12.52     -0.2567       1.385       2.742      0.1617       0.000      0.7450      0.1906E-01  0.2718       0.000      0.3826E-02   0.000     -0.3769E-02  0.2639       0.000    
    60   12.52     -0.3187       1.385       2.743      0.1785       0.000      0.7458      0.1907E-01  0.2721       0.000      0.3787E-02   0.000     -0.3677E-02  0.2635       0.000    
    61   12.52     -0.3868       1.385       2.743      0.1946      0.1792E-12  0.7467      0.1907E-01  0.2725       0.000      0.3733E-02   0.000     -0.3555E-02  0.2630       0.000    
    62   12.52     -0.4606       1.385       2.743      0.2100     -0.3323E-12  0.7480      0.1908E-01  0.2729       0.000      0.3664E-02   0.000     -0.3397E-02  0.2624       0.000    
    63   12.52     -0.5399       1.385       2.743      0.2246      0.1554E-12  0.7495      0.1908E-01  0.2735       0.000      0.3575E-02   0.000     -0.3200E-02  0.2617       0.000    
    64   12.52     -0.6243       1.385       2.743      0.2382       0.000      0.7514      0.1907E-01  0.2742       0.000      0.3465E-02   0.000     -0.2960E-02  0.2608       0.000    
    65   12.52     -0.7135       1.385       2.743      0.2509       0.000      0.7537      0.1904E-01  0.2750       0.000      0.3329E-02   0.000     -0.2676E-02  0.2597       0.000    
    66   12.52     -0.8072       1.385       2.743      0.2627       0.000      0.7562      0.1899E-01  0.2760       0.000      0.3166E-02   0.000     -0.2347E-02  0.2585       0.000    
    67   12.52     -0.9050       1.385       2.743      0.2734       0.000      0.7591      0.1891E-01  0.2770       0.000      0.2972E-02   0.000     -0.1974E-02  0.2571       0.000    
    68   12.52      -1.006       1.385       2.743      0.2830       0.000      0.7623      0.1877E-01  0.2782       0.000      0.2742E-02   0.000     -0.1560E-02  0.2556       0.000    
    69   12.52      -1.111       1.385       2.743      0.2915       0.000      0.7657      0.1855E-01  0.2795       0.000      0.2473E-02   0.000     -0.1109E-02  0.2540       0.000    
    70   12.52      -1.219       1.385       2.743      0.2988       0.000      0.7693      0.1822E-01  0.2808       0.000      0.2153E-02   0.000     -0.6239E-03  0.2522       0.000    
    71   12.52      -1.329       1.385       2.743      0.3050       0.000      0.7730      0.1771E-01  0.2822       0.000      0.1764E-02   0.000     -0.1106E-03  0.2504       0.000    
    72   12.52      -1.441       1.385       2.743      0.3099       0.000      0.7766      0.1690E-01  0.2835       0.000      0.1270E-02   0.000      0.4283E-03  0.2485       0.000    
    73   12.52      -1.555       1.385       2.743      0.3137       0.000      0.7801      0.1550E-01  0.2848       0.000      0.5850E-03   0.000      0.9910E-03  0.2465       0.000    
    74   12.52      -1.662       1.385       2.742      0.2714      0.1285E-12  0.7831      0.1292E-01  0.2861       0.000     -0.4891E-03   0.000      0.1562E-02  0.2445       0.000    
    75   12.52      -1.761       1.385       2.740      0.2723     -0.1280E-12  0.7856      0.7260E-02  0.2873       0.000     -0.2504E-02   0.000      0.2151E-02  0.2425       0.000    
    76   12.52      -1.860       1.385       2.738      0.2721       0.000      0.7875     -0.1941E-01  0.2886       0.000     -0.9855E-02   0.000      0.2850E-02  0.2401       0.000    
    77   12.52      -1.969       1.385       2.735      0.3241     -0.1074E-12  0.5951      0.4589E-01  0.3606      0.1433      0.2585E-01   0.000      0.2165E-01  0.1900       1.402    
    78   12.52      -2.088       1.385       2.733      0.3213      0.2164E-12  0.5651      0.4375E-01  0.3601      0.1536      0.2296E-01   0.000      0.2202E-01  0.1888       1.403    
    79   12.52      -2.204       1.385       2.731      0.3172     -0.1095E-12  0.5524      0.4295E-01  0.3579      0.1559      0.2220E-01   0.000      0.2176E-01  0.1892       1.404    
    80   12.52      -2.320       1.385       2.729      0.3119       0.000      0.5480      0.5094E-01  0.3569      0.1563      0.2198E-01   0.000      0.2160E-01  0.1895       1.405    
    81   12.52      -2.433       1.385       2.726      0.3053       0.000      0.5500      0.4066E-01  0.3594      0.1579      0.2217E-01   0.000      0.2213E-01  0.1884       1.406    
    82   12.52      -2.544       1.385       2.724      0.2976       0.000      0.5583      0.4293E-01  0.3629      0.1582      0.2269E-01   0.000      0.2273E-01  0.1874       1.407    
    83   12.52      -2.651       1.385       2.722      0.2887     -0.1200E-12  0.5748      0.4400E-01  0.3660      0.1551      0.2377E-01   0.000      0.2306E-01  0.1870       1.408    
    84   12.52      -2.756       1.385       2.720      0.2786      0.1242E-12  0.6089      0.4617E-01  0.3675      0.1440      0.2759E-01   0.000      0.2283E-01  0.1879       1.410    
    85   12.52      -2.856       1.385       2.718      0.2664       0.000      0.8033     -0.1974E-01  0.2965       0.000     -0.1102E-01   0.000      0.4172E-02  0.2359       0.000    
    86   12.53      -2.952       1.385       2.716      0.2543       0.000      0.8039      0.5749E-02  0.2966       0.000     -0.3765E-02   0.000      0.3728E-02  0.2374       0.000    
    87   12.53      -3.043       1.385       2.714      0.2413     -0.1431E-12  0.8040      0.1105E-01  0.2967       0.000     -0.1902E-02   0.000      0.3431E-02  0.2384       0.000    
    88   12.53      -3.129       1.385       2.713      0.2273      0.3036E-12  0.8040      0.1327E-01  0.2969       0.000     -0.1033E-02   0.000      0.3212E-02  0.2392       0.000    
    89   12.53      -3.211       1.385       2.711      0.2125     -0.1623E-12  0.8038      0.1442E-01  0.2969       0.000     -0.5452E-03   0.000      0.3045E-02  0.2397       0.000    
    90   12.53      -3.286       1.385       2.709      0.1968       0.000      0.8035      0.1508E-01  0.2970       0.000     -0.2434E-03   0.000      0.2919E-02  0.2402       0.000    
    91   12.53      -3.356       1.385       2.708      0.1804       0.000      0.8031      0.1548E-01  0.2970       0.000     -0.4578E-04   0.000      0.2822E-02  0.2405       0.000    
    92   12.53      -3.419       1.385       2.707      0.1633       0.000      0.8028      0.1571E-01  0.2970       0.000      0.8741E-04   0.000      0.2750E-02  0.2407       0.000    
    93   12.53      -3.476       1.385       2.706      0.1456     -0.2364E-12  0.8024      0.1585E-01  0.2970       0.000      0.1781E-03   0.000      0.2698E-02  0.2409       0.000    
    94   12.53      -3.527       1.385       2.705      0.1273      0.2703E-12  0.8021      0.1592E-01  0.2969       0.000      0.2396E-03   0.000      0.2661E-02  0.2410       0.000    
    95   12.53      -3.570       1.385       2.704      0.1085       0.000      0.8017      0.1595E-01  0.2969       0.000      0.2806E-03   0.000      0.2635E-02  0.2411       0.000    
    96   12.53      -3.607       1.385       2.703      0.8938E-01   0.000      0.8014      0.1595E-01  0.2969       0.000      0.3073E-03   0.000      0.2619E-02  0.2412       0.000    
    97   12.53      -3.637       1.385       2.702      0.6987E-01   0.000      0.8012      0.1595E-01  0.2969       0.000      0.3244E-03   0.000      0.2609E-02  0.2412       0.000    
    98   12.53      -3.659       1.385       2.702      0.5010E-01   0.000      0.8010      0.1593E-01  0.2968       0.000      0.3363E-03   0.000      0.2603E-02  0.2412       0.000    
    99   12.53      -3.674       1.385       2.702      0.3013E-01   0.000      0.8009      0.1592E-01  0.2968       0.000      0.3505E-03   0.000      0.2600E-02  0.2412       0.000    
   100   12.53      -3.681       1.385       2.702      0.1006E-01   0.000      0.8008      0.1591E-01  0.2968       0.000      0.3993E-03   0.000      0.2598E-02  0.2412       0.000    

 Surface forces referred to Sref,Cref,Bref about Xmom,Ymom,Zmom
 Standard axis orientation,  X fwd, Z down         

  Surface # 3     main_wing_2                             
     # chordwise = 10   # spanwise = 50     First strip =101
     Surface area =  6.8294           ave. chord =  2.5797    
     CLsurf  =   0.035351     Clsurf  =  -0.006419
     CYsurf  =  -0.000096     Cmsurf  =  -0.021544
     CDsurf  =   0.000767     Cnsurf  =  -0.000183
     CDisurf =   0.000257     CDvsurf =   0.000000

  Forces referred to Ssurf, Cave about hinge axis thru LE
     cl_surf =   0.325471     cd_surf =   0.007060

 Strip Forces referred to strip area, chord
    j    xLE         yLE         zLE         Chord       Area        Dihedral   c cl        ai_ff       cl           clj         cd          cdv         cm_c/4     c.p.x/c      Dcj
   101   12.53       3.683       1.385       2.702      0.7279E-02   0.000      0.8006      0.1591E-01  0.2967       0.000      0.3766E-03   0.000      0.2581E-02  0.2413       0.000    
   102   12.53       3.688       1.385       2.701      0.2181E-01 -0.1576E-11  0.8006      0.1590E-01  0.2967       0.000      0.3711E-03   0.000      0.2581E-02  0.2413       0.000    
   103   12.53       3.699       1.385       2.701      0.3625E-01  0.9482E-12  0.8005      0.1589E-01  0.2967       0.000      0.3616E-03   0.000      0.2579E-02  0.2413       0.000    
   104   12.53       3.715       1.385       2.701      0.5054E-01 -0.6799E-12  0.8003      0.1587E-01  0.2967       0.000      0.3605E-03   0.000      0.2578E-02  0.2413       0.000    
   105   12.53       3.736       1.385       2.701      0.6462E-01  0.5316E-12  0.8001      0.1583E-01  0.2967       0.000      0.3604E-03   0.000      0.2578E-02  0.2413       0.000    
   106   12.53       3.763       1.385       2.700      0.7845E-01   0.000      0.7999      0.1578E-01  0.2966       0.000      0.3583E-03   0.000      0.2580E-02  0.2413       0.000    
   107   12.53       3.794       1.385       2.699      0.9195E-01   0.000      0.7996      0.1571E-01  0.2966       0.000      0.3520E-03   0.000      0.2586E-02  0.2413       0.000    
   108   12.53       3.831       1.385       2.699      0.1051     -0.3267E-12  0.7992      0.1562E-01  0.2965       0.000      0.3391E-03   0.000      0.2596E-02  0.2412       0.000    
   109   12.53       3.872       1.385       2.698      0.1178      0.2914E-12  0.7988      0.1548E-01  0.2965       0.000      0.3168E-03   0.000      0.2612E-02  0.2412       0.000    
   110   12.53       3.918       1.385       2.697      0.1300       0.000      0.7983      0.1531E-01  0.2964       0.000      0.2821E-03   0.000      0.2638E-02  0.2411       0.000    
   111   12.53       3.969       1.385       2.696      0.1417     -0.2420E-12  0.7977      0.1507E-01  0.2963       0.000      0.2313E-03   0.000      0.2674E-02  0.2410       0.000    
   112   12.53       4.023       1.385       2.695      0.1529      0.2243E-12  0.7970      0.1475E-01  0.2961       0.000      0.1619E-03   0.000      0.2723E-02  0.2408       0.000    
   113   12.53       4.082       1.385       2.694      0.1634       0.000      0.7962      0.1435E-01  0.2960       0.000      0.1188E-03   0.000      0.2786E-02  0.2406       0.000    
   114   12.53       4.140       1.385       2.690      0.1502      0.2279E-12  0.7954      0.1363E-01  0.2961       0.000     -0.8027E-04   0.000      0.2879E-02  0.2403       0.000    
   115   12.53       4.198       1.385       2.683      0.1578     -0.2163E-12  0.7944      0.1252E-01  0.2966       0.000     -0.5152E-03   0.000      0.2999E-02  0.2399       0.000    
   116   12.54       4.258       1.385       2.675      0.1647     -0.2067E-12  0.7933      0.1104E-01  0.2970       0.000     -0.1009E-02   0.000      0.3143E-02  0.2394       0.000    
   117   12.54       4.321       1.385       2.668      0.1709      0.1986E-12  0.7922      0.8837E-02  0.2975       0.000     -0.1740E-02   0.000      0.3321E-02  0.2388       0.000    
   118   12.54       4.386       1.385       2.660      0.1764       0.000      0.7908      0.5073E-02  0.2979       0.000     -0.2966E-02   0.000      0.3546E-02  0.2381       0.000    
   119   12.54       4.453       1.385       2.651      0.1811       0.000      0.7894     -0.3159E-02  0.2984       0.000     -0.5447E-02   0.000      0.3841E-02  0.2371       0.000    
   120   12.54       4.522       1.385       2.643      0.1851       0.000      0.7877     -0.4077E-01  0.2993       0.000     -0.1572E-01   0.000      0.4265E-02  0.2357       0.000    
   121   12.55       4.601       1.385       2.633      0.2303       0.000      0.5991      0.4598E-01  0.3734      0.1462      0.2919E-01   0.000      0.2347E-01  0.1871       1.456    
   122   12.55       4.689       1.385       2.622      0.2331       0.000      0.5648      0.4360E-01  0.3737      0.1586      0.2486E-01   0.000      0.2393E-01  0.1860       1.462    
   123   12.55       4.779       1.385       2.611      0.2349       0.000      0.5469      0.4225E-01  0.3730      0.1639      0.2375E-01   0.000      0.2404E-01  0.1856       1.468    
   124   12.55       4.869       1.385       2.600      0.2358       0.000      0.5361      0.4155E-01  0.3718      0.1658      0.2326E-01   0.000      0.2389E-01  0.1857       1.474    
   125   12.56       4.960       1.385       2.589      0.2357       0.000      0.5301      0.4095E-01  0.3710      0.1665      0.2306E-01   0.000      0.2377E-01  0.1859       1.481    
   126   12.56       5.051       1.385       2.578      0.2347       0.000      0.5281      0.4133E-01  0.3717      0.1671      0.2311E-01   0.000      0.2390E-01  0.1857       1.487    
   127   12.56       5.142       1.385       2.567      0.2328       0.000      0.5302      0.4139E-01  0.3739      0.1676      0.2340E-01   0.000      0.2428E-01  0.1851       1.494    
   128   12.57       5.233       1.385       2.555      0.2299       0.000      0.5371      0.4198E-01  0.3767      0.1668      0.2399E-01   0.000      0.2464E-01  0.1846       1.500    
   129   12.57       5.322       1.385       2.544      0.2262       0.000      0.5513      0.4327E-01  0.3788      0.1624      0.2520E-01   0.000      0.2468E-01  0.1849       1.507    
   130   12.57       5.410       1.385       2.534      0.2216       0.000      0.5820      0.4567E-01  0.3799      0.1505      0.2976E-01   0.000      0.2434E-01  0.1859       1.513    
   131   12.57       5.491       1.385       2.524      0.1890       0.000      0.7630     -0.4265E-01  0.3035       0.000     -0.1436E-01   0.000      0.4314E-02  0.2358       0.000    
   132   12.58       5.565       1.385       2.514      0.1837     -0.1741E-12  0.7610     -0.5906E-02  0.3033       0.000     -0.5200E-02   0.000      0.3829E-02  0.2374       0.000    
   133   12.58       5.638       1.385       2.506      0.1777      0.1794E-12  0.7589      0.1848E-02  0.3035       0.000     -0.2894E-02   0.000      0.3485E-02  0.2385       0.000    
   134   12.58       5.707       1.385       2.497      0.1711       0.000      0.7569      0.5172E-02  0.3036       0.000     -0.1777E-02   0.000      0.3221E-02  0.2394       0.000    
   135   12.58       5.774       1.385       2.489      0.1639       0.000      0.7549      0.6948E-02  0.3038       0.000     -0.1133E-02   0.000      0.3009E-02  0.2401       0.000    
   136   12.58       5.839       1.385       2.481      0.1560       0.000      0.7529      0.8000E-02  0.3039       0.000     -0.7236E-03   0.000      0.2839E-02  0.2407       0.000    
   137   12.59       5.900       1.385       2.473      0.1477       0.000      0.7510      0.8658E-02  0.3041       0.000     -0.4472E-03   0.000      0.2700E-02  0.2411       0.000    
   138   12.59       5.958       1.385       2.466      0.1388       0.000      0.7492      0.9078E-02  0.3042       0.000     -0.2538E-03   0.000      0.2589E-02  0.2415       0.000    
   139   12.59       6.013       1.385       2.459      0.1295       0.000      0.7475      0.9345E-02  0.3043       0.000     -0.1156E-03   0.000      0.2499E-02  0.2418       0.000    
   140   12.59       6.063       1.385       2.453      0.1197     -0.2607E-12  0.7459      0.9511E-02  0.3045       0.000     -0.1632E-04   0.000      0.2429E-02  0.2420       0.000    
   141   12.59       6.110       1.385       2.447      0.1095      0.2843E-12  0.7444      0.9608E-02  0.3046       0.000      0.5489E-04   0.000      0.2374E-02  0.2422       0.000    
   142   12.59       6.153       1.385       2.442      0.9897E-01   0.000      0.7430      0.9655E-02  0.3047       0.000      0.1053E-03   0.000      0.2333E-02  0.2423       0.000    
   143   12.59       6.191       1.385       2.437      0.8809E-01   0.000      0.7418      0.9670E-02  0.3047       0.000      0.1401E-03   0.000      0.2303E-02  0.2424       0.000    
   144   12.60       6.225       1.385       2.433      0.7693E-01   0.000      0.7407      0.9662E-02  0.3048       0.000      0.1632E-03   0.000      0.2281E-02  0.2425       0.000    
   145   12.60       6.254       1.385       2.430      0.6552E-01   0.000      0.7398      0.9641E-02  0.3049       0.000      0.1778E-03   0.000      0.2266E-02  0.2426       0.000    
   146   12.60       6.279       1.385       2.427      0.5390E-01   0.000      0.7390      0.9613E-02  0.3049       0.000      0.1863E-03   0.000      0.2256E-02  0.2426       0.000    
   147   12.60       6.299       1.385       2.424      0.4210E-01   0.000      0.7384      0.9584E-02  0.3050       0.000      0.1906E-03   0.000      0.2250E-02  0.2426       0.000    
   148   12.60       6.314       1.385       2.422      0.3017E-01   0.000      0.7379      0.9559E-02  0.3050       0.000      0.1924E-03   0.000      0.2246E-02  0.2426       0.000    
   149   12.60       6.324       1.385       2.421      0.1814E-01   0.000      0.7376      0.9540E-02  0.3050       0.000      0.1928E-03   0.000      0.2244E-02  0.2426       0.000    
   150   12.60       6.329       1.385       2.421      0.6053E-02   0.000      0.7374      0.9530E-02  0.3051       0.000      0.1910E-03   0.000      0.2244E-02  0.2426       0.000    

 Surface forces referred to Sref,Cref,Bref about Xmom,Ymom,Zmom
 Standard axis orientation,  X fwd, Z down         

  Surface # 4     main_wing_2 (YDUP)                      
     # chordwise = 10   # spanwise = 50     First strip =151
     Surface area =  6.8294           ave. chord =  2.5797    
     CLsurf  =   0.035356     Clsurf  =   0.006419
     CYsurf  =   0.000096     Cmsurf  =  -0.021546
     CDsurf  =   0.000767     Cnsurf  =   0.000184
     CDisurf =   0.000256     CDvsurf =   0.000000

  Forces referred to Ssurf, Cave about hinge axis thru LE
     cl_surf =   0.325516     cd_surf =   0.007057

 Strip Forces referred to strip area, chord
    j    xLE         yLE         zLE         Chord       Area        Dihedral   c cl        ai_ff       cl           clj         cd          cdv         cm_c/4     c.p.x/c      Dcj
   151   12.53      -3.683       1.385       2.702      0.7279E-02   0.000      0.8008      0.1591E-01  0.2968       0.000      0.3641E-03   0.000      0.2598E-02  0.2412       0.000    
   152   12.53      -3.688       1.385       2.701      0.2181E-01  0.1576E-11  0.8008      0.1590E-01  0.2968       0.000      0.3587E-03   0.000      0.2598E-02  0.2412       0.000    
   153   12.53      -3.699       1.385       2.701      0.3625E-01 -0.9482E-12  0.8007      0.1589E-01  0.2968       0.000      0.3492E-03   0.000      0.2596E-02  0.2413       0.000    
   154   12.53      -3.715       1.385       2.701      0.5054E-01  0.6799E-12  0.8005      0.1587E-01  0.2968       0.000      0.3483E-03   0.000      0.2595E-02  0.2413       0.000    
   155   12.53      -3.736       1.385       2.701      0.6462E-01 -0.5316E-12  0.8003      0.1584E-01  0.2967       0.000      0.3483E-03   0.000      0.2595E-02  0.2413       0.000    
   156   12.53      -3.763       1.385       2.700      0.7845E-01   0.000      0.8001      0.1579E-01  0.2967       0.000      0.3465E-03   0.000      0.2597E-02  0.2412       0.000    
   157   12.53      -3.794       1.385       2.699      0.9195E-01   0.000      0.7998      0.1572E-01  0.2967       0.000      0.3403E-03   0.000      0.2602E-02  0.2412       0.000    
   158   12.53      -3.831       1.385       2.699      0.1051      0.3267E-12  0.7994      0.1562E-01  0.2966       0.000      0.3276E-03   0.000      0.2611E-02  0.2412       0.000    
   159   12.53      -3.872       1.385       2.698      0.1178     -0.2914E-12  0.7990      0.1549E-01  0.2965       0.000      0.3055E-03   0.000      0.2628E-02  0.2411       0.000    
   160   12.53      -3.918       1.385       2.697      0.1300       0.000      0.7984      0.1531E-01  0.2964       0.000      0.2709E-03   0.000      0.2653E-02  0.2411       0.000    
   161   12.53      -3.969       1.385       2.696      0.1417      0.2420E-12  0.7979      0.1507E-01  0.2963       0.000      0.2203E-03   0.000      0.2689E-02  0.2409       0.000    
   162   12.53      -4.023       1.385       2.695      0.1529     -0.2243E-12  0.7972      0.1476E-01  0.2962       0.000      0.1509E-03   0.000      0.2737E-02  0.2408       0.000    
   163   12.53      -4.082       1.385       2.694      0.1634       0.000      0.7964      0.1436E-01  0.2961       0.000      0.1078E-03   0.000      0.2801E-02  0.2405       0.000    
   164   12.53      -4.140       1.385       2.690      0.1502     -0.2279E-12  0.7956      0.1364E-01  0.2962       0.000     -0.9147E-04   0.000      0.2893E-02  0.2402       0.000    
   165   12.53      -4.198       1.385       2.683      0.1578      0.2163E-12  0.7946      0.1252E-01  0.2966       0.000     -0.5270E-03   0.000      0.3013E-02  0.2398       0.000    
   166   12.54      -4.258       1.385       2.675      0.1647      0.2067E-12  0.7936      0.1104E-01  0.2971       0.000     -0.1021E-02   0.000      0.3158E-02  0.2394       0.000    
   167   12.54      -4.321       1.385       2.668      0.1709     -0.1986E-12  0.7924      0.8839E-02  0.2975       0.000     -0.1753E-02   0.000      0.3336E-02  0.2388       0.000    
   168   12.54      -4.386       1.385       2.660      0.1764       0.000      0.7911      0.5075E-02  0.2980       0.000     -0.2981E-02   0.000      0.3560E-02  0.2381       0.000    
   169   12.54      -4.453       1.385       2.651      0.1811       0.000      0.7896     -0.3158E-02  0.2985       0.000     -0.5465E-02   0.000      0.3856E-02  0.2371       0.000    
   170   12.54      -4.522       1.385       2.643      0.1851       0.000      0.7880     -0.4077E-01  0.2994       0.000     -0.1575E-01   0.000      0.4279E-02  0.2357       0.000    
   171   12.55      -4.601       1.385       2.633      0.2303       0.000      0.5992      0.4598E-01  0.3735      0.1462      0.2920E-01   0.000      0.2348E-01  0.1871       1.456    
   172   12.55      -4.689       1.385       2.622      0.2331       0.000      0.5649      0.4360E-01  0.3738      0.1586      0.2486E-01   0.000      0.2394E-01  0.1860       1.462    
   173   12.55      -4.779       1.385       2.611      0.2349       0.000      0.5469      0.4226E-01  0.3731      0.1639      0.2376E-01   0.000      0.2404E-01  0.1856       1.468    
   174   12.55      -4.869       1.385       2.600      0.2358       0.000      0.5362      0.4159E-01  0.3717      0.1658      0.2326E-01   0.000      0.2387E-01  0.1858       1.474    
   175   12.56      -4.960       1.385       2.589      0.2357       0.000      0.5302      0.4231E-01  0.3709      0.1664      0.2306E-01   0.000      0.2375E-01  0.1860       1.481    
   176   12.56      -5.051       1.385       2.578      0.2347       0.000      0.5282      0.3997E-01  0.3719      0.1672      0.2312E-01   0.000      0.2393E-01  0.1856       1.487    
   177   12.56      -5.142       1.385       2.567      0.2328       0.000      0.5303      0.4135E-01  0.3741      0.1678      0.2341E-01   0.000      0.2431E-01  0.1850       1.494    
   178   12.57      -5.233       1.385       2.555      0.2299       0.000      0.5372      0.4198E-01  0.3768      0.1669      0.2400E-01   0.000      0.2465E-01  0.1846       1.500    
   179   12.57      -5.322       1.385       2.544      0.2262       0.000      0.5514      0.4327E-01  0.3788      0.1624      0.2520E-01   0.000      0.2468E-01  0.1849       1.507    
   180   12.57      -5.410       1.385       2.534      0.2216       0.000      0.5821      0.4567E-01  0.3799      0.1505      0.2976E-01   0.000      0.2434E-01  0.1859       1.513    
   181   12.57      -5.491       1.385       2.524      0.1890       0.000      0.7630     -0.4266E-01  0.3035       0.000     -0.1436E-01   0.000      0.4310E-02  0.2358       0.000    
   182   12.58      -5.565       1.385       2.514      0.1837      0.1741E-12  0.7610     -0.5908E-02  0.3033       0.000     -0.5196E-02   0.000      0.3825E-02  0.2374       0.000    
   183   12.58      -5.638       1.385       2.506      0.1777     -0.1794E-12  0.7589      0.1847E-02  0.3035       0.000     -0.2890E-02   0.000      0.3482E-02  0.2385       0.000    
   184   12.58      -5.707       1.385       2.497      0.1711       0.000      0.7569      0.5171E-02  0.3036       0.000     -0.1774E-02   0.000      0.3217E-02  0.2394       0.000    
   185   12.58      -5.774       1.385       2.489      0.1639       0.000      0.7549      0.6947E-02  0.3038       0.000     -0.1131E-02   0.000      0.3007E-02  0.2401       0.000    
   186   12.58      -5.839       1.385       2.481      0.1560       0.000      0.7529      0.7999E-02  0.3039       0.000     -0.7221E-03   0.000      0.2836E-02  0.2407       0.000    
   187   12.59      -5.900       1.385       2.473      0.1477       0.000      0.7510      0.8656E-02  0.3041       0.000     -0.4462E-03   0.000      0.2698E-02  0.2411       0.000    
   188   12.59      -5.958       1.385       2.466      0.1388       0.000      0.7492      0.9076E-02  0.3042       0.000     -0.2531E-03   0.000      0.2587E-02  0.2415       0.000    
   189   12.59      -6.013       1.385       2.459      0.1295       0.000      0.7475      0.9344E-02  0.3044       0.000     -0.1153E-03   0.000      0.2498E-02  0.2418       0.000    
   190   12.59      -6.063       1.385       2.453      0.1197      0.2607E-12  0.7459      0.9510E-02  0.3045       0.000     -0.1631E-04   0.000      0.2428E-02  0.2420       0.000    
   191   12.59      -6.110       1.385       2.447      0.1095     -0.2843E-12  0.7444      0.9606E-02  0.3046       0.000      0.5464E-04   0.000      0.2374E-02  0.2422       0.000    
   192   12.59      -6.153       1.385       2.442      0.9897E-01   0.000      0.7431      0.9654E-02  0.3047       0.000      0.1048E-03   0.000      0.2333E-02  0.2423       0.000    
   193   12.59      -6.191       1.385       2.437      0.8809E-01   0.000      0.7419      0.9668E-02  0.3048       0.000      0.1394E-03   0.000      0.2302E-02  0.2424       0.000    
   194   12.60      -6.225       1.385       2.433      0.7693E-01   0.000      0.7408      0.9661E-02  0.3048       0.000      0.1624E-03   0.000      0.2281E-02  0.2425       0.000    
   195   12.60      -6.254       1.385       2.430      0.6552E-01   0.000      0.7399      0.9639E-02  0.3049       0.000      0.1768E-03   0.000      0.2266E-02  0.2426       0.000    
   196   12.60      -6.279       1.385       2.427      0.5390E-01   0.000      0.7391      0.9612E-02  0.3050       0.000      0.1851E-03   0.000      0.2256E-02  0.2426       0.000    
   197   12.60      -6.299       1.385       2.424      0.4210E-01   0.000      0.7384      0.9583E-02  0.3050       0.000      0.1894E-03   0.000      0.2250E-02  0.2426       0.000    
   198   12.60      -6.314       1.385       2.422      0.3017E-01   0.000      0.7380      0.9558E-02  0.3050       0.000      0.1911E-03   0.000      0.2247E-02  0.2426       0.000    
   199   12.60      -6.324       1.385       2.421      0.1814E-01   0.000      0.7376      0.9539E-02  0.3051       0.000      0.1914E-03   0.000      0.2245E-02  0.2426       0.000    
   200   12.60      -6.329       1.385       2.421      0.6053E-02   0.000      0.7375      0.9529E-02  0.3051       0.000      0.1896E-03   0.000      0.2244E-02  0.2426       0.000    

 Surface forces referred to Sref,Cref,Bref about Xmom,Ymom,Zmom
 Standard axis orientation,  X fwd, Z down         

  Surface # 5     main_wing_3                             
     # chordwise = 10   # spanwise = 50     First strip =201
     Surface area =  5.9775           ave. chord =  2.2578    
     CLsurf  =   0.031809     Clsurf  =  -0.008826
     CYsurf  =  -0.000099     Cmsurf  =  -0.019456
     CDsurf  =   0.000707     Cnsurf  =  -0.000252
     CDisurf =   0.000219     CDvsurf =   0.000000

  Forces referred to Ssurf, Cave about hinge axis thru LE
     cl_surf =   0.334591     cd_surf =   0.007432

 Strip Forces referred to strip area, chord
    j    xLE         yLE         zLE         Chord       Area        Dihedral   c cl        ai_ff       cl           clj         cd          cdv         cm_c/4     c.p.x/c      Dcj
   201   12.60       6.330       1.385       2.420      0.6053E-02  0.5087E-11  0.7374      0.9528E-02  0.3051       0.000      0.1910E-03   0.000      0.2244E-02  0.2426       0.000    
   202   12.60       6.335       1.385       2.420      0.1813E-01 -0.1698E-11  0.7372      0.9518E-02  0.3051       0.000      0.1930E-03   0.000      0.2243E-02  0.2426       0.000    
   203   12.60       6.345       1.385       2.419      0.3012E-01   0.000      0.7369      0.9496E-02  0.3051       0.000      0.1931E-03   0.000      0.2242E-02  0.2427       0.000    
   204   12.60       6.360       1.385       2.417      0.4197E-01   0.000      0.7364      0.9461E-02  0.3051       0.000      0.1919E-03   0.000      0.2241E-02  0.2427       0.000    
   205   12.60       6.380       1.385       2.414      0.5363E-01 -0.5728E-12  0.7358      0.9409E-02  0.3052       0.000      0.1882E-03   0.000      0.2242E-02  0.2427       0.000    
   206   12.60       6.404       1.385       2.411      0.6503E-01  0.4717E-12  0.7350      0.9337E-02  0.3052       0.000      0.1806E-03   0.000      0.2245E-02  0.2426       0.000    
   207   12.60       6.434       1.385       2.408      0.7613E-01 -0.4024E-12  0.7341      0.9239E-02  0.3053       0.000      0.1669E-03   0.000      0.2252E-02  0.2426       0.000    
   208   12.60       6.468       1.385       2.404      0.8687E-01  0.7040E-12  0.7330      0.9109E-02  0.3054       0.000      0.1447E-03   0.000      0.2264E-02  0.2426       0.000    
   209   12.60       6.506       1.385       2.399      0.9722E-01 -0.3139E-12  0.7317      0.8937E-02  0.3055       0.000      0.1108E-03   0.000      0.2285E-02  0.2425       0.000    
   210   12.61       6.549       1.385       2.394      0.1071     -0.2843E-12  0.7304      0.8713E-02  0.3055       0.000      0.6139E-04   0.000      0.2316E-02  0.2424       0.000    
   211   12.61       6.595       1.385       2.388      0.1165      0.2607E-12  0.7288      0.8421E-02  0.3057       0.000     -0.9013E-05   0.000      0.2360E-02  0.2423       0.000    
   212   12.61       6.646       1.385       2.382      0.1254       0.000      0.7272      0.8039E-02  0.3058       0.000     -0.1078E-03   0.000      0.2420E-02  0.2421       0.000    
   213   12.61       6.701       1.385       2.375      0.1337      0.2260E-12  0.7254      0.7534E-02  0.3059       0.000     -0.2458E-03   0.000      0.2500E-02  0.2418       0.000    
   214   12.61       6.759       1.385       2.368      0.1414     -0.2130E-12  0.7235      0.6851E-02  0.3060       0.000     -0.4400E-03   0.000      0.2605E-02  0.2415       0.000    
   215   12.61       6.820       1.385       2.360      0.1485       0.000      0.7215      0.5899E-02  0.3062       0.000     -0.7187E-03   0.000      0.2739E-02  0.2411       0.000    
   216   12.62       6.884       1.385       2.352      0.1549       0.000      0.7194      0.4507E-02  0.3063       0.000     -0.1133E-02   0.000      0.2911E-02  0.2405       0.000    
   217   12.62       6.952       1.385       2.344      0.1606     -0.1856E-12  0.7171      0.2320E-02  0.3064       0.000     -0.1789E-02   0.000      0.3130E-02  0.2398       0.000    
   218   12.62       7.021       1.385       2.335      0.1657      0.1793E-12  0.7147     -0.1559E-02  0.3066       0.000     -0.2937E-02   0.000      0.3413E-02  0.2389       0.000    
   219   12.62       7.093       1.385       2.327      0.1700       0.000      0.7122     -0.1026E-01  0.3068       0.000     -0.5344E-02   0.000      0.3789E-02  0.2377       0.000    
   220   12.62       7.167       1.385       2.318      0.1736       0.000      0.7095     -0.5051E-01  0.3074       0.000     -0.1484E-01   0.000      0.4337E-02  0.2359       0.000    
   221   12.63       7.249       1.385       2.308      0.2019       0.000      0.5306      0.4509E-01  0.3918      0.1622      0.3055E-01   0.000      0.2638E-01  0.1827       1.661    
   222   12.63       7.337       1.385       2.297      0.2042       0.000      0.4972      0.4240E-01  0.3918      0.1756      0.2628E-01   0.000      0.2700E-01  0.1811       1.669    
   223   12.63       7.426       1.385       2.286      0.2057       0.000      0.4794      0.4089E-01  0.3907      0.1812      0.2513E-01   0.000      0.2720E-01  0.1804       1.677    
   224   12.64       7.517       1.385       2.275      0.2063       0.000      0.4683      0.4010E-01  0.3889      0.1833      0.2459E-01   0.000      0.2710E-01  0.1803       1.685    
   225   12.64       7.608       1.385       2.263      0.2061       0.000      0.4617      0.3904E-01  0.3876      0.1839      0.2436E-01   0.000      0.2701E-01  0.1803       1.694    
   226   12.64       7.699       1.385       2.252      0.2051       0.000      0.4588      0.4038E-01  0.3878      0.1844      0.2437E-01   0.000      0.2716E-01  0.1800       1.702    
   227   12.64       7.790       1.385       2.241      0.2032       0.000      0.4596      0.4007E-01  0.3899      0.1850      0.2464E-01   0.000      0.2760E-01  0.1792       1.711    
   228   12.65       7.880       1.385       2.230      0.2006       0.000      0.4651      0.4078E-01  0.3926      0.1843      0.2521E-01   0.000      0.2801E-01  0.1787       1.719    
   229   12.65       7.970       1.385       2.219      0.1973       0.000      0.4773      0.4225E-01  0.3945      0.1797      0.2639E-01   0.000      0.2805E-01  0.1789       1.728    
   230   12.65       8.058       1.385       2.208      0.1932       0.000      0.5047      0.4495E-01  0.3953      0.1671      0.3075E-01   0.000      0.2763E-01  0.1801       1.736    
   231   12.65       8.139       1.385       2.198      0.1646      0.1699E-12  0.6719     -0.5291E-01  0.3068       0.000     -0.1413E-01   0.000      0.4578E-02  0.2351       0.000    
   232   12.66       8.213       1.385       2.189      0.1599     -0.3483E-12  0.6689     -0.1180E-01  0.3063       0.000     -0.5172E-02   0.000      0.3995E-02  0.2370       0.000    
   233   12.66       8.285       1.385       2.180      0.1546       0.000      0.6659     -0.2955E-02  0.3060       0.000     -0.2834E-02   0.000      0.3588E-02  0.2383       0.000    
   234   12.66       8.355       1.385       2.172      0.1488      0.1857E-12  0.6630      0.9340E-03  0.3058       0.000     -0.1712E-02   0.000      0.3278E-02  0.2393       0.000    
   235   12.66       8.422       1.385       2.163      0.1424     -0.1932E-12  0.6601      0.3087E-02  0.3056       0.000     -0.1063E-02   0.000      0.3032E-02  0.2401       0.000    
   236   12.67       8.486       1.385       2.155      0.1356      0.2023E-12  0.6574      0.4425E-02  0.3054       0.000     -0.6478E-03   0.000      0.2836E-02  0.2407       0.000    
   237   12.67       8.548       1.385       2.148      0.1283       0.000      0.6547      0.5314E-02  0.3053       0.000     -0.3643E-03   0.000      0.2679E-02  0.2412       0.000    
   238   12.67       8.606       1.385       2.141      0.1205       0.000      0.6522      0.5931E-02  0.3051       0.000     -0.1634E-03   0.000      0.2555E-02  0.2416       0.000    
   239   12.67       8.660       1.385       2.134      0.1123       0.000      0.6498      0.6370E-02  0.3049       0.000     -0.1761E-04   0.000      0.2457E-02  0.2419       0.000    
   240   12.67       8.711       1.385       2.128      0.1038       0.000      0.6476      0.6688E-02  0.3047       0.000      0.8927E-04   0.000      0.2381E-02  0.2422       0.000    
   241   12.67       8.758       1.385       2.122      0.9495E-01   0.000      0.6455      0.6918E-02  0.3046       0.000      0.1678E-03   0.000      0.2324E-02  0.2424       0.000    
   242   12.68       8.800       1.385       2.117      0.8578E-01   0.000      0.6436      0.7084E-02  0.3045       0.000      0.2252E-03   0.000      0.2281E-02  0.2425       0.000    
   243   12.68       8.839       1.385       2.112      0.7633E-01  0.3520E-12  0.6419      0.7203E-02  0.3043       0.000      0.2665E-03   0.000      0.2252E-02  0.2426       0.000    
   244   12.68       8.873       1.385       2.108      0.6664E-01 -0.4024E-12  0.6404      0.7287E-02  0.3042       0.000      0.2957E-03   0.000      0.2232E-02  0.2427       0.000    
   245   12.68       8.902       1.385       2.104      0.5674E-01   0.000      0.6391      0.7344E-02  0.3041       0.000      0.3157E-03   0.000      0.2219E-02  0.2427       0.000    
   246   12.68       8.927       1.385       2.101      0.4667E-01   0.000      0.6380      0.7381E-02  0.3040       0.000      0.3287E-03   0.000      0.2212E-02  0.2427       0.000    
   247   12.68       8.946       1.385       2.099      0.3645E-01   0.000      0.6371      0.7405E-02  0.3040       0.000      0.3368E-03   0.000      0.2208E-02  0.2427       0.000    
   248   12.68       8.961       1.385       2.097      0.2611E-01   0.000      0.6365      0.7419E-02  0.3039       0.000      0.3413E-03   0.000      0.2207E-02  0.2427       0.000    
   249   12.68       8.971       1.385       2.096      0.1570E-01   0.000      0.6360      0.7426E-02  0.3039       0.000      0.3431E-03   0.000      0.2206E-02  0.2427       0.000    
   250   12.68       8.976       1.385       2.095      0.5239E-02   0.000      0.6358      0.7429E-02  0.3039       0.000      0.3426E-03   0.000      0.2206E-02  0.2427       0.000    

 Surface forces referred to Sref,Cref,Bref about Xmom,Ymom,Zmom
 Standard axis orientation,  X fwd, Z down         

  Surface # 6     main_wing_3 (YDUP)                      
     # chordwise = 10   # spanwise = 50     First strip =251
     Surface area =  5.9775           ave. chord =  2.2578    
     CLsurf  =   0.031809     Clsurf  =   0.008826
     CYsurf  =   0.000099     Cmsurf  =  -0.019456
     CDsurf  =   0.000707     Cnsurf  =   0.000252
     CDisurf =   0.000219     CDvsurf =   0.000000

  Forces referred to Ssurf, Cave about hinge axis thru LE
     cl_surf =   0.334594     cd_surf =   0.007432

 Strip Forces referred to strip area, chord
    j    xLE         yLE         zLE         Chord       Area        Dihedral   c cl        ai_ff       cl           clj         cd          cdv         cm_c/4     c.p.x/c      Dcj
   251   12.60      -6.330       1.385       2.420      0.6053E-02 -0.5087E-11  0.7375      0.9526E-02  0.3051       0.000      0.1896E-03   0.000      0.2244E-02  0.2426       0.000    
   252   12.60      -6.335       1.385       2.420      0.1813E-01  0.1698E-11  0.7373      0.9516E-02  0.3051       0.000      0.1916E-03   0.000      0.2244E-02  0.2426       0.000    
   253   12.60      -6.345       1.385       2.419      0.3012E-01   0.000      0.7370      0.9495E-02  0.3051       0.000      0.1916E-03   0.000      0.2243E-02  0.2426       0.000    
   254   12.60      -6.360       1.385       2.417      0.4197E-01   0.000      0.7365      0.9460E-02  0.3052       0.000      0.1903E-03   0.000      0.2242E-02  0.2427       0.000    
   255   12.60      -6.380       1.385       2.414      0.5363E-01  0.5728E-12  0.7359      0.9408E-02  0.3052       0.000      0.1866E-03   0.000      0.2243E-02  0.2427       0.000    
   256   12.60      -6.404       1.385       2.411      0.6503E-01 -0.4717E-12  0.7351      0.9336E-02  0.3053       0.000      0.1788E-03   0.000      0.2246E-02  0.2426       0.000    
   257   12.60      -6.434       1.385       2.408      0.7613E-01  0.4024E-12  0.7341      0.9238E-02  0.3053       0.000      0.1649E-03   0.000      0.2253E-02  0.2426       0.000    
   258   12.60      -6.468       1.385       2.404      0.8687E-01 -0.7040E-12  0.7330      0.9107E-02  0.3054       0.000      0.1426E-03   0.000      0.2266E-02  0.2426       0.000    
   259   12.60      -6.506       1.385       2.399      0.9722E-01  0.3139E-12  0.7318      0.8936E-02  0.3055       0.000      0.1085E-03   0.000      0.2287E-02  0.2425       0.000    
   260   12.61      -6.549       1.385       2.394      0.1071      0.2843E-12  0.7304      0.8712E-02  0.3056       0.000      0.5879E-04   0.000      0.2318E-02  0.2424       0.000    
   261   12.61      -6.595       1.385       2.388      0.1165     -0.2607E-12  0.7289      0.8420E-02  0.3057       0.000     -0.1192E-04   0.000      0.2362E-02  0.2423       0.000    
   262   12.61      -6.646       1.385       2.382      0.1254       0.000      0.7273      0.8038E-02  0.3058       0.000     -0.1111E-03   0.000      0.2423E-02  0.2421       0.000    
   263   12.61      -6.701       1.385       2.375      0.1337     -0.2260E-12  0.7255      0.7532E-02  0.3059       0.000     -0.2495E-03   0.000      0.2504E-02  0.2418       0.000    
   264   12.61      -6.759       1.385       2.368      0.1414      0.2130E-12  0.7236      0.6849E-02  0.3061       0.000     -0.4443E-03   0.000      0.2609E-02  0.2415       0.000    
   265   12.61      -6.820       1.385       2.360      0.1485       0.000      0.7216      0.5897E-02  0.3062       0.000     -0.7237E-03   0.000      0.2744E-02  0.2410       0.000    
   266   12.62      -6.884       1.385       2.352      0.1549       0.000      0.7195      0.4506E-02  0.3063       0.000     -0.1139E-02   0.000      0.2916E-02  0.2405       0.000    
   267   12.62      -6.952       1.385       2.344      0.1606      0.1856E-12  0.7172      0.2319E-02  0.3065       0.000     -0.1796E-02   0.000      0.3136E-02  0.2398       0.000    
   268   12.62      -7.021       1.385       2.335      0.1657     -0.1793E-12  0.7149     -0.1560E-02  0.3067       0.000     -0.2946E-02   0.000      0.3419E-02  0.2389       0.000    
   269   12.62      -7.093       1.385       2.327      0.1700       0.000      0.7123     -0.1027E-01  0.3069       0.000     -0.5354E-02   0.000      0.3796E-02  0.2376       0.000    
   270   12.62      -7.167       1.385       2.318      0.1736       0.000      0.7096     -0.5051E-01  0.3074       0.000     -0.1486E-01   0.000      0.4344E-02  0.2359       0.000    
   271   12.63      -7.249       1.385       2.308      0.2019       0.000      0.5306      0.4509E-01  0.3919      0.1622      0.3056E-01   0.000      0.2638E-01  0.1827       1.661    
   272   12.63      -7.337       1.385       2.297      0.2042       0.000      0.4973      0.4240E-01  0.3918      0.1756      0.2628E-01   0.000      0.2700E-01  0.1811       1.669    
   273   12.63      -7.426       1.385       2.286      0.2057       0.000      0.4794      0.4090E-01  0.3906      0.1812      0.2513E-01   0.000      0.2719E-01  0.1804       1.677    
   274   12.64      -7.517       1.385       2.275      0.2063       0.000      0.4683      0.4014E-01  0.3887      0.1831      0.2459E-01   0.000      0.2707E-01  0.1804       1.685    
   275   12.64      -7.608       1.385       2.263      0.2061       0.000      0.4616      0.4037E-01  0.3874      0.1838      0.2435E-01   0.000      0.2698E-01  0.1804       1.694    
   276   12.64      -7.699       1.385       2.252      0.2051       0.000      0.4588      0.3906E-01  0.3879      0.1845      0.2438E-01   0.000      0.2719E-01  0.1799       1.702    
   277   12.64      -7.790       1.385       2.241      0.2032       0.000      0.4597      0.4003E-01  0.3900      0.1852      0.2465E-01   0.000      0.2762E-01  0.1792       1.711    
   278   12.65      -7.880       1.385       2.230      0.2006       0.000      0.4651      0.4077E-01  0.3926      0.1843      0.2522E-01   0.000      0.2802E-01  0.1786       1.719    
   279   12.65      -7.970       1.385       2.219      0.1973       0.000      0.4773      0.4225E-01  0.3945      0.1797      0.2639E-01   0.000      0.2805E-01  0.1789       1.728    
   280   12.65      -8.058       1.385       2.208      0.1932       0.000      0.5047      0.4495E-01  0.3953      0.1670      0.3074E-01   0.000      0.2763E-01  0.1801       1.736    
   281   12.65      -8.139       1.385       2.198      0.1646     -0.1699E-12  0.6718     -0.5291E-01  0.3068       0.000     -0.1412E-01   0.000      0.4571E-02  0.2351       0.000    
   282   12.66      -8.213       1.385       2.189      0.1599      0.3483E-12  0.6688     -0.1180E-01  0.3062       0.000     -0.5162E-02   0.000      0.3988E-02  0.2370       0.000    
   283   12.66      -8.285       1.385       2.180      0.1546       0.000      0.6658     -0.2955E-02  0.3060       0.000     -0.2827E-02   0.000      0.3582E-02  0.2383       0.000    
   284   12.66      -8.355       1.385       2.172      0.1488     -0.1857E-12  0.6629      0.9342E-03  0.3058       0.000     -0.1705E-02   0.000      0.3272E-02  0.2393       0.000    
   285   12.66      -8.422       1.385       2.163      0.1424      0.1932E-12  0.6601      0.3087E-02  0.3056       0.000     -0.1058E-02   0.000      0.3027E-02  0.2401       0.000    
   286   12.67      -8.486       1.385       2.155      0.1356     -0.2023E-12  0.6573      0.4425E-02  0.3054       0.000     -0.6432E-03   0.000      0.2832E-02  0.2407       0.000    
   287   12.67      -8.548       1.385       2.148      0.1283       0.000      0.6546      0.5315E-02  0.3052       0.000     -0.3603E-03   0.000      0.2675E-02  0.2412       0.000    
   288   12.67      -8.606       1.385       2.141      0.1205       0.000      0.6521      0.5932E-02  0.3050       0.000     -0.1598E-03   0.000      0.2551E-02  0.2416       0.000    
   289   12.67      -8.660       1.385       2.134      0.1123       0.000      0.6497      0.6371E-02  0.3049       0.000     -0.1448E-04   0.000      0.2453E-02  0.2420       0.000    
   290   12.67      -8.711       1.385       2.128      0.1038       0.000      0.6475      0.6688E-02  0.3047       0.000      0.9208E-04   0.000      0.2378E-02  0.2422       0.000    
   291   12.67      -8.758       1.385       2.122      0.9495E-01   0.000      0.6454      0.6918E-02  0.3046       0.000      0.1704E-03   0.000      0.2321E-02  0.2424       0.000    
   292   12.68      -8.800       1.385       2.117      0.8578E-01   0.000      0.6436      0.7085E-02  0.3044       0.000      0.2275E-03   0.000      0.2279E-02  0.2425       0.000    
   293   12.68      -8.839       1.385       2.112      0.7633E-01 -0.3520E-12  0.6419      0.7204E-02  0.3043       0.000      0.2687E-03   0.000      0.2250E-02  0.2426       0.000    
   294   12.68      -8.873       1.385       2.108      0.6664E-01  0.4024E-12  0.6404      0.7288E-02  0.3042       0.000      0.2978E-03   0.000      0.2230E-02  0.2427       0.000    
   295   12.68      -8.902       1.385       2.104      0.5674E-01   0.000      0.6391      0.7345E-02  0.3041       0.000      0.3176E-03   0.000      0.2217E-02  0.2427       0.000    
   296   12.68      -8.927       1.385       2.101      0.4667E-01   0.000      0.6380      0.7382E-02  0.3040       0.000      0.3306E-03   0.000      0.2210E-02  0.2427       0.000    
   297   12.68      -8.946       1.385       2.099      0.3645E-01   0.000      0.6371      0.7406E-02  0.3039       0.000      0.3386E-03   0.000      0.2206E-02  0.2427       0.000    
   298   12.68      -8.961       1.385       2.097      0.2611E-01   0.000      0.6364      0.7419E-02  0.3039       0.000      0.3430E-03   0.000      0.2205E-02  0.2427       0.000    
   299   12.68      -8.971       1.385       2.096      0.1570E-01   0.000      0.6360      0.7427E-02  0.3039       0.000      0.3448E-03   0.000      0.2205E-02  0.2427       0.000    
   300   12.68      -8.976       1.385       2.095      0.5239E-02   0.000      0.6358      0.7430E-02  0.3038       0.000      0.3443E-03   0.000      0.2205E-02  0.2427       0.000    

 Surface forces referred to Sref,Cref,Bref about Xmom,Ymom,Zmom
 Standard axis orientation,  X fwd, Z down         

  Surface # 7     main_wing_4                             
     # chordwise = 10   # spanwise = 50     First strip =301
     Surface area =  8.5756           ave. chord =  1.8026    
     CLsurf  =   0.038180     Clsurf  =  -0.015185
     CYsurf  =  -0.000126     Cmsurf  =  -0.023546
     CDsurf  =   0.000772     Cnsurf  =  -0.000481
     CDisurf =   0.000338     CDvsurf =   0.000000

  Forces referred to Ssurf, Cave about hinge axis thru LE
     cl_surf =   0.279934     cd_surf =   0.005657

 Strip Forces referred to strip area, chord
    j    xLE         yLE         zLE         Chord       Area        Dihedral   c cl        ai_ff       cl           clj         cd          cdv         cm_c/4     c.p.x/c      Dcj
   301   12.68       8.978       1.385       2.095      0.9983E-02   0.000      0.6358      0.7430E-02  0.3039       0.000      0.3439E-03   0.000      0.2206E-02  0.2427       0.000    
   302   12.68       8.988       1.385       2.094      0.2989E-01  0.8911E-12  0.6353      0.7435E-02  0.3038       0.000      0.3477E-03   0.000      0.2207E-02  0.2427       0.000    
   303   12.68       9.007       1.385       2.091      0.4964E-01 -0.5361E-12  0.6345      0.7440E-02  0.3038       0.000      0.3512E-03   0.000      0.2209E-02  0.2427       0.000    
   304   12.68       9.035       1.385       2.088      0.6910E-01   0.000      0.6332      0.7438E-02  0.3037       0.000      0.3518E-03   0.000      0.2215E-02  0.2427       0.000    
   305   12.68       9.073       1.385       2.083      0.8818E-01   0.000      0.6315      0.7416E-02  0.3035       0.000      0.3456E-03   0.000      0.2231E-02  0.2427       0.000    
   306   12.68       9.120       1.385       2.078      0.1068      0.2476E-12  0.6294      0.7358E-02  0.3034       0.000      0.3269E-03   0.000      0.2260E-02  0.2426       0.000    
   307   12.69       9.176       1.385       2.071      0.1248     -0.2112E-12  0.6269      0.7237E-02  0.3032       0.000      0.2874E-03   0.000      0.2310E-02  0.2424       0.000    
   308   12.69       9.240       1.385       2.063      0.1421     -0.1847E-12  0.6240      0.7018E-02  0.3029       0.000      0.2151E-03   0.000      0.2391E-02  0.2421       0.000    
   309   12.69       9.313       1.385       2.054      0.1586      0.1647E-12  0.6207      0.6636E-02  0.3027       0.000      0.9078E-04   0.000      0.2513E-02  0.2417       0.000    
   310   12.69       9.394       1.385       2.044      0.1743       0.000      0.6170      0.5977E-02  0.3023       0.000     -0.1196E-03   0.000      0.2692E-02  0.2411       0.000    
   311   12.70       9.484       1.385       2.033      0.1890       0.000      0.6130      0.4796E-02  0.3020       0.000     -0.4853E-03   0.000      0.2948E-02  0.2402       0.000    
   312   12.70       9.580       1.385       2.021      0.2027       0.000      0.6085      0.2469E-02  0.3016       0.000     -0.1176E-02   0.000      0.3314E-02  0.2390       0.000    
   313   12.70       9.684       1.385       2.008      0.2154       0.000      0.6036     -0.3219E-02  0.3011       0.000     -0.2751E-02   0.000      0.3844E-02  0.2372       0.000    
   314   12.71       9.795       1.385       1.994      0.2270       0.000      0.5982     -0.3113E-01  0.3008       0.000     -0.8898E-02   0.000      0.4678E-02  0.2344       0.000    
   315   12.71       9.909       1.385       1.980      0.2267       0.000      0.4279      0.4444E-01  0.3992      0.1834      0.2906E-01   0.000      0.3087E-01  0.1727       1.936    
   316   12.71       10.03       1.385       1.966      0.2355       0.000      0.3954      0.4172E-01  0.3976      0.1968      0.2599E-01   0.000      0.3176E-01  0.1701       1.950    
   317   12.72       10.15       1.385       1.951      0.2432       0.000      0.3780      0.4049E-01  0.3940      0.2005      0.2503E-01   0.000      0.3183E-01  0.1692       1.965    
   318   12.72       10.28       1.385       1.935      0.2498       0.000      0.3678      0.4070E-01  0.3908      0.2010      0.2462E-01   0.000      0.3178E-01  0.1687       1.981    
   319   12.72       10.41       1.385       1.919      0.2551       0.000      0.3638      0.4025E-01  0.3915      0.2023      0.2470E-01   0.000      0.3236E-01  0.1674       1.997    
   320   12.73       10.54       1.385       1.903      0.2593       0.000      0.3671      0.4126E-01  0.3945      0.2019      0.2531E-01   0.000      0.3311E-01  0.1661       2.015    
   321   12.73       10.68       1.385       1.886      0.2623       0.000      0.3850      0.4388E-01  0.3956      0.1917      0.2748E-01   0.000      0.3287E-01  0.1669       2.033    
   322   12.74       10.82       1.385       1.868      0.2738       0.000      0.5385     -0.2182E-01  0.2890       0.000     -0.6211E-02   0.000      0.5100E-02  0.2324       0.000    
   323   12.74       10.97       1.385       1.850      0.2745       0.000      0.5287      0.2710E-02  0.2863       0.000     -0.1165E-02   0.000      0.4132E-02  0.2356       0.000    
   324   12.75       11.12       1.385       1.832      0.2739     -0.8508E-13  0.5184      0.8087E-02  0.2834       0.000      0.1848E-03   0.000      0.3525E-02  0.2376       0.000    
   325   12.75       11.27       1.385       1.813      0.2722      0.8475E-13  0.5075      0.1061E-01  0.2802       0.000      0.8241E-03   0.000      0.3128E-02  0.2388       0.000    
   326   12.76       11.42       1.385       1.795      0.2694       0.000      0.4961      0.1219E-01  0.2767       0.000      0.1204E-02   0.000      0.2880E-02  0.2396       0.000    
   327   12.76       11.57       1.385       1.776      0.2656     -0.8508E-13  0.4843      0.1339E-01  0.2729       0.000      0.1462E-02   0.000      0.2748E-02  0.2399       0.000    
   328   12.76       11.72       1.385       1.758      0.2608      0.1715E-12  0.4719      0.1441E-01  0.2687       0.000      0.1653E-02   0.000      0.2709E-02  0.2399       0.000    
   329   12.77       11.86       1.385       1.740      0.2550       0.000      0.4591      0.1536E-01  0.2641       0.000      0.1805E-02   0.000      0.2747E-02  0.2396       0.000    
   330   12.77       12.01       1.385       1.722      0.2484       0.000      0.4457      0.1629E-01  0.2590       0.000      0.1931E-02   0.000      0.2850E-02  0.2390       0.000    
   331   12.78       12.15       1.385       1.705      0.2409       0.000      0.4317      0.1723E-01  0.2535       0.000      0.2039E-02   0.000      0.3009E-02  0.2381       0.000    
   332   12.78       12.29       1.385       1.687      0.2326     -0.9230E-13  0.4171      0.1821E-01  0.2474       0.000      0.2134E-02   0.000      0.3216E-02  0.2370       0.000    
   333   12.79       12.43       1.385       1.671      0.2236       0.000      0.4018      0.1922E-01  0.2407       0.000      0.2217E-02   0.000      0.3465E-02  0.2356       0.000    
   334   12.79       12.56       1.385       1.654      0.2139       0.000      0.3858      0.2028E-01  0.2334       0.000      0.2290E-02   0.000      0.3750E-02  0.2339       0.000    
   335   12.79       12.69       1.385       1.639      0.2036       0.000      0.3690      0.2137E-01  0.2254       0.000      0.2351E-02   0.000      0.4064E-02  0.2320       0.000    
   336   12.80       12.81       1.385       1.624      0.1927       0.000      0.3515      0.2249E-01  0.2166       0.000      0.2401E-02   0.000      0.4397E-02  0.2297       0.000    
   337   12.80       12.92       1.385       1.610      0.1814       0.000      0.3330      0.2363E-01  0.2070       0.000      0.2436E-02   0.000      0.4738E-02  0.2271       0.000    
   338   12.81       13.03       1.385       1.596      0.1695       0.000      0.3136      0.2479E-01  0.1966       0.000      0.2455E-02   0.000      0.5073E-02  0.2242       0.000    
   339   12.81       13.14       1.385       1.584      0.1573       0.000      0.2933      0.2594E-01  0.1853       0.000      0.2456E-02   0.000      0.5382E-02  0.2210       0.000    
   340   12.81       13.23       1.385       1.572      0.1447       0.000      0.2720      0.2708E-01  0.1731       0.000      0.2435E-02   0.000      0.5645E-02  0.2174       0.000    
   341   12.81       13.32       1.385       1.561      0.1318       0.000      0.2497      0.2818E-01  0.1601       0.000      0.2391E-02   0.000      0.5834E-02  0.2136       0.000    
   342   12.82       13.40       1.385       1.551      0.1186     -0.1664E-12  0.2265      0.2924E-01  0.1461       0.000      0.2320E-02   0.000      0.5923E-02  0.2095       0.000    
   343   12.82       13.47       1.385       1.542      0.1052      0.3732E-12  0.2024      0.3025E-01  0.1313       0.000      0.2219E-02   0.000      0.5882E-02  0.2052       0.000    
   344   12.82       13.54       1.385       1.534      0.9152E-01 -0.2133E-12  0.1774      0.3118E-01  0.1157       0.000      0.2085E-02   0.000      0.5686E-02  0.2009       0.000    
   345   12.82       13.59       1.385       1.528      0.7772E-01   0.000      0.1517      0.3204E-01  0.9931E-01   0.000      0.1915E-02   0.000      0.5309E-02  0.1965       0.000    
   346   12.82       13.64       1.385       1.522      0.6377E-01   0.000      0.1251      0.3280E-01  0.8226E-01   0.000      0.1706E-02   0.000      0.4738E-02  0.1924       0.000    
   347   12.82       13.68       1.385       1.517      0.4971E-01   0.000      0.9803E-01  0.3347E-01  0.6462E-01   0.000      0.1455E-02   0.000      0.3968E-02  0.1886       0.000    
   348   12.83       13.70       1.385       1.514      0.3557E-01   0.000      0.7040E-01  0.3402E-01  0.4651E-01   0.000      0.1140E-02   0.000      0.3005E-02  0.1854       0.000    
   349   12.83       13.72       1.385       1.512      0.2136E-01   0.000      0.4240E-01  0.3441E-01  0.2805E-01   0.000      0.7276E-03   0.000      0.1878E-02  0.1830       0.000    
   350   12.83       13.73       1.385       1.510      0.7125E-02   0.000      0.1416E-01  0.3461E-01  0.9375E-02   0.000      0.2328E-03   0.000      0.6389E-03  0.1818       0.000    

 Surface forces referred to Sref,Cref,Bref about Xmom,Ymom,Zmom
 Standard axis orientation,  X fwd, Z down         

  Surface # 8     main_wing_4 (YDUP)                      
     # chordwise = 10   # spanwise = 50     First strip =351
     Surface area =  8.5756           ave. chord =  1.8026    
     CLsurf  =   0.038179     Clsurf  =   0.015185
     CYsurf  =   0.000126     Cmsurf  =  -0.023546
     CDsurf  =   0.000772     Cnsurf  =   0.000481
     CDisurf =   0.000338     CDvsurf =   0.000000

  Forces referred to Ssurf, Cave about hinge axis thru LE
     cl_surf =   0.279927     cd_surf =   0.005657

 Strip Forces referred to strip area, chord
    j    xLE         yLE         zLE         Chord       Area        Dihedral   c cl        ai_ff       cl           clj         cd          cdv         cm_c/4     c.p.x/c      Dcj
   351   12.68      -8.978       1.385       2.095      0.9983E-02   0.000      0.6357      0.7431E-02  0.3038       0.000      0.3456E-03   0.000      0.2205E-02  0.2427       0.000    
   352   12.68      -8.988       1.385       2.094      0.2989E-01 -0.8911E-12  0.6353      0.7436E-02  0.3038       0.000      0.3494E-03   0.000      0.2205E-02  0.2427       0.000    
   353   12.68      -9.007       1.385       2.091      0.4964E-01  0.5361E-12  0.6344      0.7441E-02  0.3037       0.000      0.3528E-03   0.000      0.2207E-02  0.2427       0.000    
   354   12.68      -9.035       1.385       2.088      0.6910E-01   0.000      0.6332      0.7439E-02  0.3037       0.000      0.3533E-03   0.000      0.2214E-02  0.2427       0.000    
   355   12.68      -9.073       1.385       2.083      0.8818E-01   0.000      0.6315      0.7417E-02  0.3035       0.000      0.3471E-03   0.000      0.2229E-02  0.2427       0.000    
   356   12.68      -9.120       1.385       2.078      0.1068     -0.2476E-12  0.6294      0.7358E-02  0.3034       0.000      0.3282E-03   0.000      0.2259E-02  0.2426       0.000    
   357   12.69      -9.176       1.385       2.071      0.1248      0.2112E-12  0.6269      0.7238E-02  0.3032       0.000      0.2886E-03   0.000      0.2309E-02  0.2424       0.000    
   358   12.69      -9.240       1.385       2.063      0.1421      0.1847E-12  0.6240      0.7018E-02  0.3029       0.000      0.2162E-03   0.000      0.2390E-02  0.2421       0.000    
   359   12.69      -9.313       1.385       2.054      0.1586     -0.1647E-12  0.6207      0.6637E-02  0.3026       0.000      0.9180E-04   0.000      0.2513E-02  0.2417       0.000    
   360   12.69      -9.394       1.385       2.044      0.1743       0.000      0.6170      0.5978E-02  0.3023       0.000     -0.1187E-03   0.000      0.2692E-02  0.2411       0.000    
   361   12.70      -9.484       1.385       2.033      0.1890       0.000      0.6129      0.4797E-02  0.3020       0.000     -0.4844E-03   0.000      0.2948E-02  0.2402       0.000    
   362   12.70      -9.580       1.385       2.021      0.2027       0.000      0.6085      0.2470E-02  0.3016       0.000     -0.1175E-02   0.000      0.3314E-02  0.2390       0.000    
   363   12.70      -9.684       1.385       2.008      0.2154       0.000      0.6035     -0.3218E-02  0.3011       0.000     -0.2750E-02   0.000      0.3844E-02  0.2372       0.000    
   364   12.71      -9.795       1.385       1.994      0.2270       0.000      0.5982     -0.3113E-01  0.3008       0.000     -0.8897E-02   0.000      0.4678E-02  0.2344       0.000    
   365   12.71      -9.909       1.385       1.980      0.2267       0.000      0.4279      0.4444E-01  0.3991      0.1834      0.2906E-01   0.000      0.3087E-01  0.1727       1.936    
   366   12.71      -10.03       1.385       1.966      0.2355       0.000      0.3954      0.4172E-01  0.3976      0.1968      0.2599E-01   0.000      0.3176E-01  0.1701       1.950    
   367   12.72      -10.15       1.385       1.951      0.2432       0.000      0.3780      0.4049E-01  0.3940      0.2005      0.2503E-01   0.000      0.3183E-01  0.1692       1.965    
   368   12.72      -10.28       1.385       1.935      0.2498       0.000      0.3678      0.4070E-01  0.3908      0.2010      0.2462E-01   0.000      0.3178E-01  0.1687       1.981    
   369   12.72      -10.41       1.385       1.919      0.2551       0.000      0.3638      0.4025E-01  0.3915      0.2022      0.2470E-01   0.000      0.3236E-01  0.1674       1.997    
   370   12.73      -10.54       1.385       1.903      0.2593       0.000      0.3671      0.4126E-01  0.3945      0.2019      0.2531E-01   0.000      0.3311E-01  0.1661       2.015    
   371   12.73      -10.68       1.385       1.886      0.2623       0.000      0.3850      0.4388E-01  0.3956      0.1917      0.2748E-01   0.000      0.3287E-01  0.1669       2.033    
   372   12.74      -10.82       1.385       1.868      0.2738       0.000      0.5385     -0.2182E-01  0.2889       0.000     -0.6211E-02   0.000      0.5100E-02  0.2324       0.000    
   373   12.74      -10.97       1.385       1.850      0.2745       0.000      0.5287      0.2711E-02  0.2862       0.000     -0.1165E-02   0.000      0.4132E-02  0.2356       0.000    
   374   12.75      -11.12       1.385       1.832      0.2739      0.8508E-13  0.5184      0.8088E-02  0.2834       0.000      0.1849E-03   0.000      0.3526E-02  0.2376       0.000    
   375   12.75      -11.27       1.385       1.813      0.2722     -0.8475E-13  0.5075      0.1061E-01  0.2802       0.000      0.8242E-03   0.000      0.3128E-02  0.2388       0.000    
   376   12.76      -11.42       1.385       1.795      0.2694       0.000      0.4961      0.1219E-01  0.2767       0.000      0.1204E-02   0.000      0.2880E-02  0.2396       0.000    
   377   12.76      -11.57       1.385       1.776      0.2656      0.8508E-13  0.4843      0.1339E-01  0.2729       0.000      0.1462E-02   0.000      0.2748E-02  0.2399       0.000    
   378   12.76      -11.72       1.385       1.758      0.2608     -0.1715E-12  0.4719      0.1441E-01  0.2687       0.000      0.1653E-02   0.000      0.2709E-02  0.2399       0.000    
   379   12.77      -11.86       1.385       1.740      0.2550       0.000      0.4591      0.1536E-01  0.2641       0.000      0.1805E-02   0.000      0.2747E-02  0.2396       0.000    
   380   12.77      -12.01       1.385       1.722      0.2484       0.000      0.4457      0.1629E-01  0.2590       0.000      0.1931E-02   0.000      0.2850E-02  0.2390       0.000    
   381   12.78      -12.15       1.385       1.705      0.2409       0.000      0.4317      0.1723E-01  0.2535       0.000      0.2039E-02   0.000      0.3009E-02  0.2381       0.000    
   382   12.78      -12.29       1.385       1.687      0.2326      0.9230E-13  0.4171      0.1821E-01  0.2474       0.000      0.2134E-02   0.000      0.3216E-02  0.2370       0.000    
   383   12.79      -12.43       1.385       1.671      0.2236       0.000      0.4018      0.1922E-01  0.2407       0.000      0.2217E-02   0.000      0.3465E-02  0.2356       0.000    
   384   12.79      -12.56       1.385       1.654      0.2139       0.000      0.3858      0.2028E-01  0.2334       0.000      0.2290E-02   0.000      0.3750E-02  0.2339       0.000    
   385   12.79      -12.69       1.385       1.639      0.2036       0.000      0.3690      0.2137E-01  0.2254       0.000      0.2351E-02   0.000      0.4064E-02  0.2320       0.000    
   386   12.80      -12.81       1.385       1.624      0.1927       0.000      0.3514      0.2249E-01  0.2166       0.000      0.2401E-02   0.000      0.4397E-02  0.2297       0.000    
   387   12.80      -12.92       1.385       1.610      0.1814       0.000      0.3330      0.2363E-01  0.2070       0.000      0.2436E-02   0.000      0.4738E-02  0.2271       0.000    
   388   12.81      -13.03       1.385       1.596      0.1695       0.000      0.3136      0.2479E-01  0.1966       0.000      0.2455E-02   0.000      0.5073E-02  0.2242       0.000    
   389   12.81      -13.14       1.385       1.584      0.1573       0.000      0.2933      0.2594E-01  0.1853       0.000      0.2456E-02   0.000      0.5382E-02  0.2210       0.000    
   390   12.81      -13.23       1.385       1.572      0.1447       0.000      0.2720      0.2708E-01  0.1731       0.000      0.2435E-02   0.000      0.5645E-02  0.2174       0.000    
   391   12.81      -13.32       1.385       1.561      0.1318       0.000      0.2497      0.2818E-01  0.1601       0.000      0.2391E-02   0.000      0.5834E-02  0.2136       0.000    
   392   12.82      -13.40       1.385       1.551      0.1186      0.1664E-12  0.2265      0.2924E-01  0.1461       0.000      0.2320E-02   0.000      0.5923E-02  0.2095       0.000    
   393   12.82      -13.47       1.385       1.542      0.1052     -0.3732E-12  0.2024      0.3025E-01  0.1313       0.000      0.2219E-02   0.000      0.5882E-02  0.2052       0.000    
   394   12.82      -13.54       1.385       1.534      0.9152E-01  0.2133E-12  0.1774      0.3118E-01  0.1157       0.000      0.2085E-02   0.000      0.5686E-02  0.2009       0.000    
   395   12.82      -13.59       1.385       1.528      0.7772E-01   0.000      0.1517      0.3204E-01  0.9931E-01   0.000      0.1915E-02   0.000      0.5309E-02  0.1965       0.000    
   396   12.82      -13.64       1.385       1.522      0.6377E-01   0.000      0.1251      0.3280E-01  0.8226E-01   0.000      0.1706E-02   0.000      0.4738E-02  0.1924       0.000    
   397   12.82      -13.68       1.385       1.517      0.4971E-01   0.000      0.9803E-01  0.3347E-01  0.6462E-01   0.000      0.1455E-02   0.000      0.3968E-02  0.1886       0.000    
   398   12.83      -13.70       1.385       1.514      0.3557E-01   0.000      0.7040E-01  0.3402E-01  0.4651E-01   0.000      0.1140E-02   0.000      0.3005E-02  0.1854       0.000    
   399   12.83      -13.72       1.385       1.512      0.2136E-01   0.000      0.4240E-01  0.3441E-01  0.2805E-01   0.000      0.7276E-03   0.000      0.1878E-02  0.1830       0.000    
   400   12.83      -13.73       1.385       1.510      0.7125E-02   0.000      0.1416E-01  0.3461E-01  0.9375E-02   0.000      0.2328E-03   0.000      0.6389E-03  0.1818       0.000    

 Surface forces referred to Sref,Cref,Bref about Xmom,Ymom,Zmom
 Standard axis orientation,  X fwd, Z down         

  Surface # 9     horizontal_stabilizer                   
     # chordwise = 10   # spanwise = 30     First strip =401
     Surface area =  10.747           ave. chord =  1.8927    
     CLsurf  =   0.030161     Clsurf  =  -0.002716
     CYsurf  =  -0.000069     Cmsurf  =  -0.167188
     CDsurf  =   0.000653     Cnsurf  =  -0.000050
     CDisurf =   0.000653     CDvsurf =   0.000000

  Forces referred to Ssurf, Cave about hinge axis thru LE
     cl_surf =   0.176459     cd_surf =   0.003823

 Strip Forces referred to strip area, chord
    j    xLE         yLE         zLE         Chord       Area        Dihedral   c cl        ai_ff       cl           clj         cd          cdv         cm_c/4     c.p.x/c      Dcj
   401   23.80      0.3891E-02   5.918       2.365      0.3679E-01   0.000      0.4139      0.2854E-01  0.1744       0.000      0.1590E-01   0.000     -0.1242E-02  0.2571       0.000    
   402   23.80      0.3495E-01   5.918       2.360      0.1097       0.000      0.4139      0.2848E-01  0.1753       0.000      0.5497E-02   0.000     -0.1174E-02  0.2567       0.000    
   403   23.81      0.9674E-01   5.918       2.350      0.1807       0.000      0.4138      0.2842E-01  0.1761       0.000      0.4813E-02   0.000     -0.9685E-03  0.2555       0.000    
   404   23.83      0.1886       5.918       2.334      0.2486       0.000      0.4136      0.2835E-01  0.1772       0.000      0.4562E-02   0.000     -0.6728E-03  0.2538       0.000    
   405   23.84      0.3094       5.918       2.314      0.3122       0.000      0.4132      0.2828E-01  0.1785       0.000      0.4397E-02   0.000     -0.3496E-03  0.2520       0.000    
   406   23.87      0.4580       5.918       2.290      0.3706       0.000      0.4124      0.2820E-01  0.1801       0.000      0.4276E-02   0.000     -0.4104E-04  0.2502       0.000    
   407   23.89      0.6327       5.918       2.260      0.4227       0.000      0.4110      0.2810E-01  0.1819       0.000      0.4185E-02   0.000      0.2297E-03  0.2487       0.000    
   408   23.92      0.8315       5.918       2.227      0.4680       0.000      0.4090      0.2800E-01  0.1837       0.000      0.4115E-02   0.000      0.4531E-03  0.2475       0.000    
   409   23.95       1.052       5.918       2.190      0.5059      0.2204E-12  0.4063      0.2789E-01  0.1855       0.000      0.4061E-02   0.000      0.6297E-03  0.2466       0.000    
   410   23.99       1.293       5.918       2.150      0.5359     -0.2042E-12  0.4026      0.2778E-01  0.1873       0.000      0.4019E-02   0.000      0.7667E-03  0.2459       0.000    
   411   24.03       1.550       5.918       2.108      0.5580       0.000      0.3980      0.2767E-01  0.1889       0.000      0.3983E-02   0.000      0.8748E-03  0.2454       0.000    
   412   24.07       1.822       5.918       2.062      0.5721       0.000      0.3923      0.2759E-01  0.1903       0.000      0.3952E-02   0.000      0.9663E-03  0.2449       0.000    
   413   24.11       2.104       5.918       2.015      0.5784      0.1773E-12  0.3855      0.2756E-01  0.1913       0.000      0.3924E-02   0.000      0.1053E-02  0.2445       0.000    
   414   24.15       2.395       5.918       1.967      0.5773     -0.3468E-12  0.3775      0.2758E-01  0.1920       0.000      0.3895E-02   0.000      0.1148E-02  0.2440       0.000    
   415   24.19       2.690       5.918       1.917      0.5690       0.000      0.3683      0.2769E-01  0.1921       0.000      0.3866E-02   0.000      0.1262E-02  0.2434       0.000    
   416   24.24       2.988       5.918       1.868      0.5543      0.1715E-12  0.3578      0.2791E-01  0.1916       0.000      0.3835E-02   0.000      0.1406E-02  0.2427       0.000    
   417   24.28       3.283       5.918       1.819      0.5338       0.000      0.3461      0.2826E-01  0.1904       0.000      0.3798E-02   0.000      0.1592E-02  0.2416       0.000    
   418   24.32       3.574       5.918       1.770      0.5081       0.000      0.3330      0.2876E-01  0.1882       0.000      0.3756E-02   0.000      0.1833E-02  0.2403       0.000    
   419   24.37       3.856       5.918       1.723      0.4780       0.000      0.3183      0.2944E-01  0.1848       0.000      0.3702E-02   0.000      0.2141E-02  0.2384       0.000    
   420   24.41       4.128       5.918       1.678      0.4443       0.000      0.3021      0.3030E-01  0.1801       0.000      0.3634E-02   0.000      0.2530E-02  0.2360       0.000    
   421   24.44       4.385       5.918       1.635      0.4075       0.000      0.2839      0.3134E-01  0.1737       0.000      0.3545E-02   0.000      0.3006E-02  0.2327       0.000    
   422   24.48       4.626       5.918       1.595      0.3683       0.000      0.2638      0.3256E-01  0.1654       0.000      0.3426E-02   0.000      0.3565E-02  0.2285       0.000    
   423   24.51       4.847       5.918       1.558      0.3274       0.000      0.2413      0.3391E-01  0.1549       0.000      0.3269E-02   0.000      0.4180E-02  0.2230       0.000    
   424   24.54       5.045       5.918       1.525      0.2852       0.000      0.2164      0.3533E-01  0.1419       0.000      0.3063E-02   0.000      0.4789E-02  0.2163       0.000    
   425   24.57       5.220       5.918       1.496      0.2421       0.000      0.1889      0.3675E-01  0.1263       0.000      0.2798E-02   0.000      0.5284E-02  0.2082       0.000    
   426   24.59       5.369       5.918       1.471      0.1985       0.000      0.1589      0.3809E-01  0.1080       0.000      0.2468E-02   0.000      0.5513E-02  0.1990       0.000    
   427   24.60       5.490       5.918       1.451      0.1545       0.000      0.1264      0.3928E-01  0.8715E-01   0.000      0.2066E-02   0.000      0.5305E-02  0.1891       0.000    
   428   24.62       5.581       5.918       1.436      0.1104       0.000      0.9196E-01  0.4029E-01  0.6406E-01   0.000      0.1588E-02   0.000      0.4512E-02  0.1796       0.000    
   429   24.63       5.643       5.918       1.425      0.6626E-01   0.000      0.5587E-01  0.4105E-01  0.3920E-01   0.000      0.1026E-02   0.000      0.3077E-02  0.1715       0.000    
   430   24.63       5.674       5.918       1.420      0.2209E-01   0.000      0.1874E-01  0.4149E-01  0.1320E-01   0.000      0.3074E-03   0.000      0.1097E-02  0.1669       0.000    

 Surface forces referred to Sref,Cref,Bref about Xmom,Ymom,Zmom
 Standard axis orientation,  X fwd, Z down         

  Surface #10     horizontal_stabilizer (YDUP)            
     # chordwise = 10   # spanwise = 30     First strip =431
     Surface area =  10.747           ave. chord =  1.8927    
     CLsurf  =   0.030159     Clsurf  =   0.002716
     CYsurf  =   0.000069     Cmsurf  =  -0.167180
     CDsurf  =   0.000653     Cnsurf  =   0.000050
     CDisurf =   0.000653     CDvsurf =   0.000000

  Forces referred to Ssurf, Cave about hinge axis thru LE
     cl_surf =   0.176451     cd_surf =   0.003823

 Strip Forces referred to strip area, chord
    j    xLE         yLE         zLE         Chord       Area        Dihedral   c cl        ai_ff       cl           clj         cd          cdv         cm_c/4     c.p.x/c      Dcj
   431   23.80     -0.3891E-02   5.918       2.365      0.3679E-01   0.000      0.4139      0.2854E-01  0.1744       0.000      0.1591E-01   0.000     -0.1241E-02  0.2571       0.000    
   432   23.80     -0.3495E-01   5.918       2.360      0.1097       0.000      0.4139      0.2848E-01  0.1753       0.000      0.5498E-02   0.000     -0.1174E-02  0.2567       0.000    
   433   23.81     -0.9674E-01   5.918       2.350      0.1807       0.000      0.4138      0.2842E-01  0.1761       0.000      0.4813E-02   0.000     -0.9686E-03  0.2555       0.000    
   434   23.83     -0.1886       5.918       2.334      0.2486       0.000      0.4136      0.2835E-01  0.1772       0.000      0.4562E-02   0.000     -0.6729E-03  0.2538       0.000    
   435   23.84     -0.3094       5.918       2.314      0.3122       0.000      0.4132      0.2828E-01  0.1785       0.000      0.4397E-02   0.000     -0.3497E-03  0.2520       0.000    
   436   23.87     -0.4580       5.918       2.290      0.3706       0.000      0.4123      0.2820E-01  0.1801       0.000      0.4276E-02   0.000     -0.4112E-04  0.2502       0.000    
   437   23.89     -0.6327       5.918       2.260      0.4227       0.000      0.4110      0.2810E-01  0.1819       0.000      0.4185E-02   0.000      0.2296E-03  0.2487       0.000    
   438   23.92     -0.8315       5.918       2.227      0.4680       0.000      0.4090      0.2800E-01  0.1837       0.000      0.4115E-02   0.000      0.4531E-03  0.2475       0.000    
   439   23.95      -1.052       5.918       2.190      0.5059     -0.2204E-12  0.4063      0.2789E-01  0.1855       0.000      0.4062E-02   0.000      0.6297E-03  0.2466       0.000    
   440   23.99      -1.293       5.918       2.150      0.5359      0.2042E-12  0.4026      0.2778E-01  0.1873       0.000      0.4019E-02   0.000      0.7667E-03  0.2459       0.000    
   441   24.03      -1.550       5.918       2.108      0.5580       0.000      0.3980      0.2767E-01  0.1889       0.000      0.3983E-02   0.000      0.8748E-03  0.2454       0.000    
   442   24.07      -1.822       5.918       2.062      0.5721       0.000      0.3923      0.2760E-01  0.1903       0.000      0.3952E-02   0.000      0.9662E-03  0.2449       0.000    
   443   24.11      -2.104       5.918       2.015      0.5784     -0.1773E-12  0.3855      0.2756E-01  0.1913       0.000      0.3924E-02   0.000      0.1053E-02  0.2445       0.000    
   444   24.15      -2.395       5.918       1.967      0.5773      0.3468E-12  0.3775      0.2759E-01  0.1920       0.000      0.3896E-02   0.000      0.1148E-02  0.2440       0.000    
   445   24.19      -2.690       5.918       1.917      0.5690       0.000      0.3683      0.2770E-01  0.1921       0.000      0.3866E-02   0.000      0.1262E-02  0.2434       0.000    
   446   24.24      -2.988       5.918       1.868      0.5543     -0.1715E-12  0.3578      0.2791E-01  0.1916       0.000      0.3835E-02   0.000      0.1406E-02  0.2427       0.000    
   447   24.28      -3.283       5.918       1.819      0.5338       0.000      0.3461      0.2826E-01  0.1904       0.000      0.3799E-02   0.000      0.1592E-02  0.2416       0.000    
   448   24.32      -3.574       5.918       1.770      0.5081       0.000      0.3330      0.2876E-01  0.1882       0.000      0.3756E-02   0.000      0.1833E-02  0.2403       0.000    
   449   24.37      -3.856       5.918       1.723      0.4780       0.000      0.3183      0.2944E-01  0.1848       0.000      0.3702E-02   0.000      0.2141E-02  0.2384       0.000    
   450   24.41      -4.128       5.918       1.678      0.4443       0.000      0.3021      0.3030E-01  0.1801       0.000      0.3634E-02   0.000      0.2530E-02  0.2360       0.000    
   451   24.44      -4.385       5.918       1.635      0.4075       0.000      0.2839      0.3134E-01  0.1737       0.000      0.3545E-02   0.000      0.3006E-02  0.2327       0.000    
   452   24.48      -4.626       5.918       1.595      0.3683       0.000      0.2638      0.3256E-01  0.1654       0.000      0.3426E-02   0.000      0.3565E-02  0.2285       0.000    
   453   24.51      -4.847       5.918       1.558      0.3274       0.000      0.2413      0.3391E-01  0.1549       0.000      0.3269E-02   0.000      0.4180E-02  0.2230       0.000    
   454   24.54      -5.045       5.918       1.525      0.2852       0.000      0.2164      0.3533E-01  0.1419       0.000      0.3063E-02   0.000      0.4789E-02  0.2163       0.000    
   455   24.57      -5.220       5.918       1.496      0.2421       0.000      0.1889      0.3675E-01  0.1263       0.000      0.2798E-02   0.000      0.5284E-02  0.2082       0.000    
   456   24.59      -5.369       5.918       1.471      0.1985       0.000      0.1588      0.3809E-01  0.1080       0.000      0.2468E-02   0.000      0.5513E-02  0.1990       0.000    
   457   24.60      -5.490       5.918       1.451      0.1545       0.000      0.1264      0.3928E-01  0.8715E-01   0.000      0.2066E-02   0.000      0.5305E-02  0.1891       0.000    
   458   24.62      -5.581       5.918       1.436      0.1104       0.000      0.9195E-01  0.4029E-01  0.6406E-01   0.000      0.1588E-02   0.000      0.4512E-02  0.1796       0.000    
   459   24.63      -5.643       5.918       1.425      0.6626E-01   0.000      0.5587E-01  0.4106E-01  0.3920E-01   0.000      0.1026E-02   0.000      0.3077E-02  0.1715       0.000    
   460   24.63      -5.674       5.918       1.420      0.2209E-01   0.000      0.1874E-01  0.4149E-01  0.1320E-01   0.000      0.3074E-03   0.000      0.1097E-02  0.1669       0.000    

 Surface forces referred to Sref,Cref,Bref about Xmom,Ymom,Zmom
 Standard axis orientation,  X fwd, Z down         

  Surface #11     vertical_stabilizer                     
     # chordwise = 10   # spanwise = 30     First strip =461
     Surface area =  14.879           ave. chord =  3.0495    
     CLsurf  =   0.000000     Clsurf  =  -0.000000
     CYsurf  =  -0.000003     Cmsurf  =  -0.000000
     CDsurf  =  -0.000000     Cnsurf  =   0.000001
     CDisurf =  -0.000000     CDvsurf =   0.000000

  Forces referred to Ssurf, Cave about hinge axis thru LE
     cl_surf =   0.000000     cd_surf =  -0.000000

 Strip Forces referred to strip area, chord
    j    xLE         yLE         zLE         Chord       Area        Dihedral   c cl        ai_ff       cl           clj         cd          cdv         cm_c/4     c.p.x/c      Dcj
   461   20.77       0.000       1.055       3.807      0.1430       90.00      0.1581E-04 -0.1149E-04  0.4153E-05   0.000      0.9788E-11   0.000      0.4049E-06  0.1525       0.000    
   462   20.80       0.000       1.104       3.791      0.2329       90.00      0.2929E-04  0.3064E-03  0.7726E-05   0.000     -0.9131E-11   0.000      0.7847E-06  0.1484       0.000    
   463   20.85       0.000       1.177       3.769      0.3196       90.00      0.4350E-04  0.4463E-04  0.1154E-04   0.000     -0.5649E-10   0.000      0.1267E-05  0.1403       0.000    
   464   20.91       0.000       1.274       3.739      0.4018       90.00      0.5887E-04  0.9078E-04  0.1575E-04   0.000     -0.1771E-09   0.000      0.1910E-05  0.1287       0.000    
   465   20.98       0.000       1.392       3.702      0.4781       90.00      0.3186E-03 -0.6256E-03  0.8607E-04   0.000     -0.1422E-09   0.000      0.9925E-05  0.1347       0.000    
   466   21.07       0.000       1.532       3.658      0.5475       90.00      0.5753E-04 -0.1603E-04  0.1573E-04   0.000     -0.1034E-09   0.000      0.1471E-05  0.1565       0.000    
   467   21.17       0.000       1.691       3.608      0.6087       90.00      0.5626E-04 -0.2115E-05  0.1559E-04   0.000     -0.9711E-10   0.000      0.1332E-05  0.1646       0.000    
   468   21.28       0.000       1.869       3.553      0.6612       90.00      0.5335E-04 -0.1308E-05  0.1502E-04   0.000     -0.7696E-10   0.000      0.1110E-05  0.1761       0.000    
   469   21.40       0.000       2.063       3.492      0.7042       90.00      0.5015E-04 -0.1244E-05  0.1436E-04   0.000     -0.6190E-10   0.000      0.9078E-06  0.1868       0.000    
   470   21.53       0.000       2.271       3.427      0.7374       90.00      0.4697E-04 -0.1247E-05  0.1371E-04   0.000     -0.5095E-10   0.000      0.7369E-06  0.1962       0.000    
   471   21.67       0.000       2.493       3.358      0.7607       90.00      0.4390E-04 -0.1261E-05  0.1307E-04   0.000     -0.4267E-10   0.000      0.5935E-06  0.2046       0.000    
   472   21.81       0.000       2.724       3.285      0.7740       90.00      0.4097E-04 -0.1276E-05  0.1247E-04   0.000     -0.3622E-10   0.000      0.4728E-06  0.2121       0.000    
   473   21.96       0.000       2.963       3.211      0.7778       90.00      0.3822E-04 -0.1290E-05  0.1190E-04   0.000     -0.3109E-10   0.000      0.3706E-06  0.2189       0.000    
   474   22.11       0.000       3.208       3.134      0.7723       90.00      0.3569E-04 -0.1301E-05  0.1139E-04   0.000     -0.2697E-10   0.000      0.2831E-06  0.2251       0.000    
   475   22.27       0.000       3.455       3.057      0.7582       90.00      0.3338E-04 -0.1310E-05  0.1092E-04   0.000     -0.2365E-10   0.000      0.2072E-06  0.2310       0.000    
   476   22.42       0.000       3.703       2.979      0.7362       90.00      0.3133E-04 -0.1315E-05  0.1052E-04   0.000     -0.2096E-10   0.000      0.1401E-06  0.2367       0.000    
   477   22.57       0.000       3.949       2.903      0.7070       90.00      0.2953E-04 -0.1314E-05  0.1018E-04   0.000     -0.1879E-10   0.000      0.7995E-07  0.2421       0.000    
   478   22.72       0.000       4.190       2.827      0.6716       90.00      0.2800E-04 -0.1307E-05  0.9902E-05   0.000     -0.1705E-10   0.000      0.2562E-07  0.2474       0.000    
   479   22.87       0.000       4.423       2.754      0.6308       90.00      0.2671E-04 -0.1290E-05  0.9698E-05   0.000     -0.1566E-10   0.000     -0.2289E-07  0.2524       0.000    
   480   23.01       0.000       4.647       2.684      0.5855       90.00      0.2566E-04 -0.1262E-05  0.9560E-05   0.000     -0.1458E-10   0.000     -0.6430E-07  0.2567       0.000    
   481   23.14       0.000       4.859       2.618      0.5365       90.00      0.2483E-04 -0.1221E-05  0.9485E-05   0.000     -0.1376E-10   0.000     -0.9606E-07  0.2601       0.000    
   482   23.26       0.000       5.057       2.556      0.4847       90.00      0.2419E-04 -0.1167E-05  0.9464E-05   0.000     -0.1316E-10   0.000     -0.1147E-06  0.2621       0.000    
   483   23.38       0.000       5.238       2.500      0.4307       90.00      0.2371E-04 -0.1100E-05  0.9486E-05   0.000     -0.1278E-10   0.000     -0.1167E-06  0.2623       0.000    
   484   23.48       0.000       5.401       2.449      0.3751       90.00      0.2335E-04 -0.1023E-05  0.9535E-05   0.000     -0.1259E-10   0.000     -0.9950E-07  0.2604       0.000    
   485   23.57       0.000       5.544       2.404      0.3184       90.00      0.2307E-04 -0.9401E-06  0.9596E-05   0.000     -0.1260E-10   0.000     -0.6329E-07  0.2566       0.000    
   486   23.64       0.000       5.665       2.366      0.2610       90.00      0.2284E-04 -0.8548E-06  0.9652E-05   0.000     -0.1281E-10   0.000     -0.1195E-07  0.2512       0.000    
   487   23.70       0.000       5.764       2.335      0.2032       90.00      0.2261E-04 -0.7722E-06  0.9683E-05   0.000     -0.1295E-10   0.000      0.4768E-07  0.2451       0.000    
   488   23.75       0.000       5.839       2.312      0.1452       90.00      0.2223E-04 -0.6882E-06  0.9614E-05   0.000     -0.1119E-10   0.000      0.1049E-06  0.2391       0.000    
   489   23.78       0.000       5.889       2.296      0.8715E-01   90.00      0.2088E-04 -0.6080E-06  0.9093E-05   0.000      0.2741E-11   0.000      0.7860E-07  0.2414       0.000    
   490   23.80       0.000       5.915       2.288      0.2905E-01   90.00      0.1103E-04 -0.5697E-06  0.4819E-05   0.000      0.1798E-09   0.000     -0.8612E-06  0.4287       0.000    

 Surface forces referred to Sref,Cref,Bref about Xmom,Ymom,Zmom
 Standard axis orientation,  X fwd, Z down         

  Surface #12     fuselage_horizontal                     
     # chordwise = 10   # spanwise = 30     First strip =491
     Surface area =  65.503           ave. chord =  23.647    
     CLsurf  =   0.007712     Clsurf  =   0.000000
     CYsurf  =   0.000001     Cmsurf  =   0.050649
     CDsurf  =   0.000038     Cnsurf  =  -0.000000
     CDisurf =   0.000038     CDvsurf =   0.000000

  Forces referred to Ssurf, Cave about hinge axis thru LE
     cl_surf =   0.007403     cd_surf =   0.000037

 Strip Forces referred to strip area, chord
    j    xLE         yLE         zLE         Chord       Area        Dihedral   c cl        ai_ff       cl           clj         cd          cdv         cm_c/4     c.p.x/c      Dcj
   491   3.132      -1.339       0.000       15.61       1.441       0.000      0.6690E-01  0.4510E-01  0.4309E-02   0.000     -0.3262E-03   0.000      0.2414E-02 -0.3103       0.000    
   492   2.645      -1.247       0.000       17.73       1.637       0.000      0.1010      0.4991E-01  0.5715E-02   0.000     -0.2242E-03   0.000      0.2846E-02 -0.2479       0.000    
   493   2.159      -1.154       0.000       19.86       1.834       0.000      0.1264      0.5286E-01  0.6382E-02   0.000     -0.1203E-03   0.000      0.2912E-02 -0.2062       0.000    
   494   1.788      -1.062       0.000       21.39       1.975       0.000      0.1453      0.5410E-01  0.6802E-02   0.000     -0.3430E-04   0.000      0.3011E-02 -0.1927       0.000    
   495   1.533     -0.9695       0.000       22.32       2.061       0.000      0.1608      0.5420E-01  0.7211E-02   0.000      0.1123E-04   0.000      0.3142E-02 -0.1857       0.000    
   496   1.278     -0.8772       0.000       23.26       2.147       0.000      0.1733      0.5397E-01  0.7461E-02   0.000      0.6955E-06   0.000      0.3224E-02 -0.1822       0.000    
   497   1.058     -0.7848       0.000       24.08       2.223       0.000      0.1834      0.5335E-01  0.7627E-02   0.000      0.3532E-05   0.000      0.3293E-02 -0.1818       0.000    
   498  0.8733     -0.6925       0.000       24.78       2.288       0.000      0.1918      0.5301E-01  0.7751E-02   0.000      0.1771E-05   0.000      0.3347E-02 -0.1818       0.000    
   499  0.6887     -0.6002       0.000       25.49       2.353       0.000      0.1987      0.5247E-01  0.7807E-02   0.000     -0.1797E-04   0.000      0.3375E-02 -0.1823       0.000    
   500  0.5311     -0.5078       0.000       26.02       2.403       0.000      0.2042      0.5204E-01  0.7862E-02   0.000     -0.6216E-04   0.000      0.3406E-02 -0.1832       0.000    
   501  0.4004     -0.4155       0.000       26.38       2.436       0.000      0.2089      0.5180E-01  0.7930E-02   0.000      0.5301E-05   0.000      0.3438E-02 -0.1835       0.000    
   502  0.2697     -0.3232       0.000       26.74       2.469       0.000      0.2125      0.5159E-01  0.7963E-02   0.000     -0.4393E-04   0.000      0.3452E-02 -0.1835       0.000    
   503  0.1703     -0.2308       0.000       26.95       2.488       0.000      0.2152      0.5151E-01  0.7998E-02   0.000      0.8121E-05   0.000      0.3468E-02 -0.1837       0.000    
   504  0.1022     -0.1385       0.000       27.02       2.495       0.000      0.2172      0.5151E-01  0.8037E-02   0.000      0.2214E-03   0.000      0.3487E-02 -0.1839       0.000    
   505  0.3407E-01 -0.4617E-01   0.000       27.09       2.501       0.000      0.2181      0.5148E-01  0.8022E-02   0.000      0.8061E-03   0.000      0.3491E-02 -0.1852       0.000    
   506  0.3407E-01  0.4617E-01   0.000       27.09       2.501       0.000      0.2181      0.5157E-01  0.8022E-02   0.000      0.8061E-03   0.000      0.3491E-02 -0.1852       0.000    
   507  0.1022      0.1385       0.000       27.02       2.495       0.000      0.2171      0.5153E-01  0.8035E-02   0.000      0.2214E-03   0.000      0.3488E-02 -0.1841       0.000    
   508  0.1703      0.2308       0.000       26.95       2.488       0.000      0.2152      0.5152E-01  0.7995E-02   0.000      0.7886E-05   0.000      0.3469E-02 -0.1839       0.000    
   509  0.2697      0.3232       0.000       26.74       2.469       0.000      0.2124      0.5159E-01  0.7959E-02   0.000     -0.4425E-04   0.000      0.3453E-02 -0.1838       0.000    
   510  0.4004      0.4155       0.000       26.38       2.436       0.000      0.2088      0.5180E-01  0.7926E-02   0.000      0.5017E-05   0.000      0.3439E-02 -0.1839       0.000    
   511  0.5311      0.5078       0.000       26.02       2.403       0.000      0.2041      0.5204E-01  0.7858E-02   0.000     -0.6252E-04   0.000      0.3407E-02 -0.1836       0.000    
   512  0.6887      0.6002       0.000       25.49       2.353       0.000      0.1986      0.5247E-01  0.7802E-02   0.000     -0.1831E-04   0.000      0.3376E-02 -0.1827       0.000    
   513  0.8733      0.6925       0.000       24.78       2.288       0.000      0.1917      0.5301E-01  0.7746E-02   0.000      0.1463E-05   0.000      0.3348E-02 -0.1823       0.000    
   514   1.058      0.7848       0.000       24.08       2.223       0.000      0.1833      0.5335E-01  0.7622E-02   0.000      0.3227E-05   0.000      0.3294E-02 -0.1823       0.000    
   515   1.278      0.8772       0.000       23.26       2.147       0.000      0.1732      0.5397E-01  0.7455E-02   0.000      0.4118E-06   0.000      0.3226E-02 -0.1827       0.000    
   516   1.533      0.9695       0.000       22.32       2.061       0.000      0.1606      0.5421E-01  0.7205E-02   0.000      0.1099E-04   0.000      0.3143E-02 -0.1862       0.000    
   517   1.788       1.062       0.000       21.39       1.975       0.000      0.1451      0.5410E-01  0.6797E-02   0.000     -0.3448E-04   0.000      0.3013E-02 -0.1933       0.000    
   518   2.159       1.154       0.000       19.86       1.834       0.000      0.1263      0.5287E-01  0.6375E-02   0.000     -0.1204E-03   0.000      0.2913E-02 -0.2069       0.000    
   519   2.645       1.247       0.000       17.73       1.637       0.000      0.1009      0.4992E-01  0.5709E-02   0.000     -0.2243E-03   0.000      0.2847E-02 -0.2487       0.000    
   520   3.132       1.339       0.000       15.61       1.441       0.000      0.6682E-01  0.4511E-01  0.4304E-02   0.000     -0.3264E-03   0.000      0.2416E-02 -0.3114       0.000    

 Surface forces referred to Sref,Cref,Bref about Xmom,Ymom,Zmom
 Standard axis orientation,  X fwd, Z down         

  Surface #13     fuselage_vertical                       
     # chordwise = 10   # spanwise = 30     First strip =521
     Surface area =  65.103           ave. chord =  23.503    
     CLsurf  =   0.000000     Clsurf  =   0.000000
     CYsurf  =  -0.000003     Cmsurf  =  -0.000000
     CDsurf  =   0.000000     Cnsurf  =   0.000001
     CDisurf =   0.000000     CDvsurf =   0.000000

  Forces referred to Ssurf, Cave about hinge axis thru LE
     cl_surf =   0.000000     cd_surf =   0.000000

 Strip Forces referred to strip area, chord
    j    xLE         yLE         zLE         Chord       Area        Dihedral   c cl        ai_ff       cl           clj         cd          cdv         cm_c/4     c.p.x/c      Dcj
   521   2.856       0.000      -1.339       15.65       1.445       90.00     -0.8197E-06 -0.3430E-05 -0.5237E-07   0.000     -0.4864E-11   0.000     -0.3758E-06  -6.927       0.000    
   522   1.819       0.000      -1.247       17.87       1.650       90.00     -0.7159E-06 -0.2963E-05 -0.4006E-07   0.000     -0.3288E-11   0.000     -0.4693E-06  -11.47       0.000    
   523  0.7817       0.000      -1.154       20.09       1.855       90.00     -0.2557E-06 -0.2407E-05 -0.1273E-07   0.000      0.6564E-11   0.000     -0.4980E-06  -38.87       0.000    
   524  0.2207       0.000      -1.062       21.48       1.984       90.00     -0.6693E-05 -0.1686E-05 -0.3115E-06   0.000      0.1541E-10   0.000     -0.3454E-06 -0.8587       0.000    
   525  0.1361       0.000     -0.9695       22.06       2.037       90.00     -0.6109E-05 -0.1576E-05 -0.2769E-06   0.000      0.1018E-10   0.000     -0.3850E-06  -1.140       0.000    
   526  0.5142E-01   0.000     -0.8772       22.63       2.090       90.00     -0.5046E-05 -0.1399E-05 -0.2230E-06   0.000      0.1073E-10   0.000     -0.4206E-06  -1.636       0.000    
   527  0.1405E-01   0.000     -0.7848       23.10       2.133       90.00     -0.4555E-05 -0.1196E-05 -0.1972E-06   0.000      0.1151E-10   0.000     -0.4314E-06  -1.938       0.000    
   528  0.2395E-01   0.000     -0.6925       23.47       2.167       90.00     -0.2417E-05 -0.1067E-05 -0.1030E-06   0.000      0.1174E-10   0.000     -0.4700E-06  -4.313       0.000    
   529  0.3385E-01   0.000     -0.6002       23.83       2.200       90.00      0.3739E-06 -0.8760E-06  0.1569E-07   0.000      0.1130E-10   0.000     -0.5079E-06   32.62       0.000    
   530  0.6640E-01   0.000     -0.5078       24.15       2.229       90.00      0.3524E-05 -0.6617E-06  0.1460E-06   0.000      0.9724E-11   0.000     -0.5411E-06   3.957       0.000    
   531  0.1216       0.000     -0.4155       24.41       2.254       90.00      0.8188E-05 -0.3858E-06  0.3355E-06   0.000      0.7313E-11   0.000     -0.5834E-06   1.989       0.000    
   532  0.1768       0.000     -0.3232       24.67       2.278       90.00      0.1432E-04  0.2175E-06  0.5804E-06   0.000      0.4717E-11   0.000     -0.6268E-06   1.330       0.000    
   533  0.2450       0.000     -0.2308       24.90       2.299       90.00      0.2273E-04  0.2326E-05  0.9132E-06   0.000      0.2917E-11   0.000     -0.6836E-06  0.9986       0.000    
   534  0.3263       0.000     -0.1385       25.09       2.317       90.00      0.3535E-04  0.1174E-04  0.1409E-05   0.000      0.4225E-11   0.000     -0.7565E-06  0.7870       0.000    
   535  0.4076       0.000     -0.4617E-01   25.29       2.335       90.00      0.5313E-04  0.4212E-04  0.2101E-05   0.000      0.1267E-10   0.000     -0.8520E-06  0.6556       0.000    
   536  0.5006       0.000      0.4617E-01   25.46       2.351       90.00      0.7377E-04 -0.4317E-04  0.2897E-05   0.000      0.2643E-10   0.000     -0.9794E-06  0.5881       0.000    
   537  0.6052       0.000      0.1385       25.61       2.365       90.00      0.9096E-04 -0.1280E-04  0.3552E-05   0.000      0.3274E-10   0.000     -0.1057E-05  0.5475       0.000    
   538  0.7098       0.000      0.2308       25.76       2.378       90.00      0.9907E-04 -0.3345E-05  0.3846E-05   0.000      0.2001E-10   0.000     -0.1053E-05  0.5238       0.000    
   539  0.8268       0.000      0.3232       25.85       2.387       90.00      0.1085E-03 -0.1160E-05  0.4198E-05   0.000      0.7604E-11   0.000     -0.1168E-05  0.5283       0.000    
   540  0.9561       0.000      0.4155       25.90       2.392       90.00      0.1151E-03 -0.6060E-06  0.4446E-05   0.000      0.2017E-11   0.000     -0.1184E-05  0.5163       0.000    
   541   1.086       0.000      0.5078       25.95       2.396       90.00      0.1201E-03 -0.4404E-06  0.4628E-05   0.000     -0.1089E-10   0.000     -0.1185E-05  0.5061       0.000    
   542   1.230       0.000      0.6002       25.89       2.391       90.00      0.1325E-03 -0.4367E-06  0.5117E-05   0.000     -0.2332E-10   0.000     -0.1503E-05  0.5437       0.000    
   543   1.390       0.000      0.6925       25.73       2.376       90.00      0.1348E-03 -0.5740E-06  0.5240E-05   0.000     -0.1166E-10   0.000     -0.1501E-05  0.5365       0.000    
   544   1.549       0.000      0.7848       25.57       2.361       90.00      0.1352E-03 -0.1037E-05  0.5288E-05   0.000     -0.1143E-10   0.000     -0.1478E-05  0.5295       0.000    
   545   1.732       0.000      0.8772       25.39       2.344       90.00      0.1332E-03 -0.3089E-05  0.5248E-05   0.000     -0.2644E-10   0.000     -0.1425E-05  0.5216       0.000    
   546   1.938       0.000      0.9695       25.18       2.325       90.00      0.1249E-03 -0.2208E-04  0.4959E-05   0.000     -0.5878E-10   0.000     -0.1273E-05  0.5068       0.000    
   547   2.144       0.000       1.062       24.98       2.306       90.00      0.1066E-03 -0.5308E-04  0.4270E-05   0.000     -0.1903E-09   0.000     -0.9499E-06  0.4725       0.000    
   548   2.435       0.000       1.154       23.15       2.138       90.00      0.2223E-03  0.5891E-04  0.9603E-05   0.000      0.1329E-09   0.000     -0.5620E-05  0.8352       0.000    
   549   2.811       0.000       1.247       19.71       1.820       90.00      0.1643E-03  0.5232E-04  0.8334E-05   0.000      0.7691E-10   0.000     -0.5326E-05  0.8891       0.000    
   550   3.187       0.000       1.339       16.27       1.502       90.00     -0.9751E-04  0.2897E-04 -0.5995E-05   0.000      0.2531E-10   0.000      0.2137E-05  0.6065       0.000    

 Surface forces referred to Sref,Cref,Bref about Xmom,Ymom,Zmom
 Standard axis orientation,  X fwd, Z down         

  Surface #14     nacelle_horizontal                      
     # chordwise =  6   # spanwise = 11     First strip =551
     Surface area = 0.21965           ave. chord = 0.58888    
     CLsurf  =   0.000270     Clsurf  =  -0.000023
     CYsurf  =   0.000000     Cmsurf  =   0.000125
     CDsurf  =   0.000003     Cnsurf  =  -0.000001
     CDisurf =   0.000003     CDvsurf =   0.000000

  Forces referred to Ssurf, Cave about hinge axis thru LE
     cl_surf =   0.077380     cd_surf =   0.000924

 Strip Forces referred to strip area, chord
    j    xLE         yLE         zLE         Chord       Area        Dihedral   c cl        ai_ff       cl           clj         cd          cdv         cm_c/4     c.p.x/c      Dcj
   551   10.65       2.190       1.198      0.2056      0.7669E-02   0.000      0.2742E-01  0.8312E-01  0.1338       0.000     -0.3918E-02   0.000      0.5617E-02  0.2080       0.000    
   552   10.55       2.228       1.199      0.4838      0.1805E-01   0.000      0.4137E-01  0.9520E-01  0.8561E-01   0.000      0.6383E-04   0.000      0.6971E-02  0.1686       0.000    
   553   10.49       2.265       1.198      0.6391      0.2384E-01   0.000      0.4985E-01  0.9761E-01  0.7806E-01   0.000      0.8639E-03   0.000      0.6931E-02  0.1612       0.000    
   554   10.46       2.302       1.198      0.7608      0.2838E-01   0.000      0.5501E-01  0.9834E-01  0.7233E-01   0.000      0.1535E-02   0.000      0.6624E-02  0.1584       0.000    
   555   10.44       2.330       1.198      0.8351      0.1557E-01   0.000      0.5668E-01  0.9317E-01  0.6785E-01   0.000      0.2242E-02   0.000      0.6362E-02  0.1562       0.000    
   556   10.43       2.349       1.198      0.8752      0.1632E-01   0.000      0.5677E-01  0.7039E-01  0.6484E-01   0.000      0.2167E-02   0.000      0.6166E-02  0.1549       0.000    
   557   10.43       2.377       1.198      0.8551      0.3190E-01   0.000      0.5589E-01  0.1172      0.6534E-01   0.000      0.1918E-02   0.000      0.6242E-02  0.1545       0.000    
   558   10.46       2.414       1.198      0.7608      0.2838E-01   0.000      0.5308E-01  0.1018      0.6979E-01   0.000      0.1460E-02   0.000      0.6614E-02  0.1552       0.000    
   559   10.49       2.451       1.198      0.6391      0.2384E-01   0.000      0.4830E-01  0.9906E-01  0.7565E-01   0.000      0.8398E-03   0.000      0.7039E-02  0.1570       0.000    
   560   10.55       2.489       1.198      0.4839      0.1805E-01   0.000      0.4040E-01  0.9643E-01  0.8361E-01   0.000      0.9923E-04   0.000      0.7209E-02  0.1638       0.000    
   561   10.65       2.526       1.198      0.2056      0.7669E-02   0.000      0.2729E-01  0.8499E-01  0.1331       0.000     -0.3514E-02   0.000      0.6366E-02  0.2022       0.000    

 Surface forces referred to Sref,Cref,Bref about Xmom,Ymom,Zmom
 Standard axis orientation,  X fwd, Z down         

  Surface #15     nacelle_horizontal (YDUP)               
     # chordwise =  6   # spanwise = 11     First strip =562
     Surface area = 0.21965           ave. chord = 0.58888    
     CLsurf  =   0.000169     Clsurf  =   0.000014
     CYsurf  =  -0.000001     Cmsurf  =   0.000078
     CDsurf  =   0.000002     Cnsurf  =   0.000001
     CDisurf =   0.000002     CDvsurf =   0.000000

  Forces referred to Ssurf, Cave about hinge axis thru LE
     cl_surf =   0.048304     cd_surf =   0.000552

 Strip Forces referred to strip area, chord
    j    xLE         yLE         zLE         Chord       Area        Dihedral   c cl        ai_ff       cl           clj         cd          cdv         cm_c/4     c.p.x/c      Dcj
   562   10.65      -2.190       1.198      0.2056      0.7669E-02   0.000      0.1950E-01  0.1310      0.9506E-01   0.000     -0.1604E-02   0.000      0.5335E-02  0.1939       0.000    
   563   10.55      -2.228       1.199      0.4838      0.1805E-01   0.000      0.2725E-01  0.1224      0.5639E-01   0.000      0.2009E-03   0.000      0.5522E-02  0.1521       0.000    
   564   10.49      -2.265       1.198      0.6391      0.2384E-01   0.000      0.3190E-01  0.1277      0.4995E-01   0.000      0.5600E-03   0.000      0.5112E-02  0.1477       0.000    
   565   10.46      -2.302       1.198      0.7608      0.2838E-01   0.000      0.3560E-01  0.1357      0.4681E-01   0.000      0.8925E-03   0.000      0.4772E-02  0.1481       0.000    
   566   10.44      -2.330       1.198      0.8351      0.1557E-01   0.000      0.3520E-01  0.8398E-01  0.4215E-01   0.000      0.1219E-02   0.000      0.4342E-02  0.1470       0.000    
   567   10.43      -2.349       1.198      0.8752      0.1632E-01   0.000      0.3176E-01  0.5121E-01  0.3628E-01   0.000      0.1089E-02   0.000      0.3773E-02  0.1460       0.000    
   568   10.43      -2.377       1.198      0.8551      0.3190E-01   0.000      0.2740E-01         NaN  0.3204E-01   0.000      0.7997E-03   0.000      0.3320E-02  0.1464       0.000    
   569   10.46      -2.414       1.198      0.7608      0.2838E-01   0.000      0.3120E-01  0.1289      0.4102E-01   0.000      0.8652E-03   0.000      0.4315E-02  0.1448       0.000    
   570   10.49      -2.451       1.198      0.6391      0.2384E-01   0.000      0.3126E-01  0.1284      0.4896E-01   0.000      0.5190E-03   0.000      0.5200E-02  0.1438       0.000    
   571   10.55      -2.489       1.198      0.4839      0.1805E-01   0.000      0.2700E-01  0.1236      0.5586E-01   0.000      0.1839E-03   0.000      0.5712E-02  0.1477       0.000    
   572   10.65      -2.526       1.198      0.2056      0.7669E-02   0.000      0.1965E-01  0.1322      0.9578E-01   0.000     -0.1480E-02   0.000      0.5860E-02  0.1888       0.000    

 Surface forces referred to Sref,Cref,Bref about Xmom,Ymom,Zmom
 Standard axis orientation,  X fwd, Z down         

  Surface #16     nacelle_vertical                        
     # chordwise =  6   # spanwise = 11     First strip =573
     Surface area = 0.21965           ave. chord = 0.58888    
     CLsurf  =   0.000000     Clsurf  =   0.000000
     CYsurf  =  -0.000032     Cmsurf  =   0.000000
     CDsurf  =  -0.000000     Cnsurf  =  -0.000001
     CDisurf =  -0.000000     CDvsurf =   0.000000

  Forces referred to Ssurf, Cave about hinge axis thru LE
     cl_surf =   0.000022     cd_surf =  -0.000038

 Strip Forces referred to strip area, chord
    j    xLE         yLE         zLE         Chord       Area        Dihedral   c cl        ai_ff       cl           clj         cd          cdv         cm_c/4     c.p.x/c      Dcj
   573   10.65       2.358       1.031      0.2056      0.7669E-02   90.00      0.1794E-02  0.2090E-02  0.8724E-02   0.000     -0.1221E-03   0.000      0.3882E-02 -0.1950       0.000    
   574   10.55       2.358       1.068      0.4839      0.1805E-01   90.00      0.3070E-02  0.2850E-02  0.6344E-02   0.000     -0.4095E-04   0.000      0.1604E-02 -0.2872E-02   0.000    
   575   10.49       2.358       1.105      0.6391      0.2384E-01   90.00      0.3277E-02  0.1256E-02  0.5129E-02   0.000     -0.2309E-04   0.000      0.1159E-02  0.2400E-01   0.000    
   576   10.46       2.358       1.143      0.7608      0.2838E-01   90.00      0.2518E-02 -0.1173E-01  0.3310E-02   0.000     -0.9747E-05   0.000      0.7037E-03  0.3740E-01   0.000    
   577   10.43       2.358       1.180      0.8552      0.3190E-01   90.00      0.3197E-02 -0.1315E-01  0.3738E-02   0.000     -0.9989E-05   0.000      0.6815E-03  0.6770E-01   0.000    
   578   10.43       2.358       1.208      0.8752      0.1632E-01   90.00      0.7666E-02  0.4744E-02  0.8759E-02   0.000     -0.1533E-04   0.000      0.1763E-03  0.2299       0.000    
   579   10.44       2.358       1.226      0.8351      0.1557E-01   90.00      0.1025E-01  0.2912E-01  0.1228E-01   0.000     -0.2169E-04   0.000      0.2148E-03  0.2325       0.000    
   580   10.46       2.358       1.254      0.7608      0.2838E-01   90.00      0.1049E-01  0.1722E-01  0.1380E-01   0.000     -0.4976E-04   0.000      0.5707E-04  0.2459       0.000    
   581   10.49       2.358       1.292      0.6391      0.2384E-01   90.00      0.8437E-02  0.2854E-02  0.1320E-01   0.000     -0.5574E-04   0.000     -0.1698E-03  0.2629       0.000    
   582   10.55       2.358       1.329      0.4839      0.1805E-01   90.00      0.6661E-02 -0.1553E-02  0.1377E-01   0.000     -0.6553E-04   0.000     -0.5438E-03  0.2895       0.000    
   583   10.65       2.358       1.366      0.2056      0.7669E-02   90.00      0.4836E-02 -0.7761E-02  0.2352E-01   0.000     -0.1432E-03   0.000     -0.3659E-02  0.4056       0.000    

 Surface forces referred to Sref,Cref,Bref about Xmom,Ymom,Zmom
 Standard axis orientation,  X fwd, Z down         

  Surface #17     nacelle_vertical (YDUP)                 
     # chordwise =  6   # spanwise = 11     First strip =584
     Surface area = 0.21965           ave. chord = 0.58888    
     CLsurf  =   0.000000     Clsurf  =  -0.000000
     CYsurf  =   0.000021     Cmsurf  =   0.000000
     CDsurf  =  -0.000000     Cnsurf  =   0.000001
     CDisurf =  -0.000000     CDvsurf =   0.000000

  Forces referred to Ssurf, Cave about hinge axis thru LE
     cl_surf =   0.000001     cd_surf =  -0.000027

 Strip Forces referred to strip area, chord
    j    xLE         yLE         zLE         Chord       Area        Dihedral   c cl        ai_ff       cl           clj         cd          cdv         cm_c/4     c.p.x/c      Dcj
   584   10.65      -2.358       1.031      0.2056      0.7669E-02  -90.00      0.1557E-02  0.7274E-02  0.7574E-02   0.000     -0.1082E-03   0.000      0.3494E-02 -0.2113       0.000    
   585   10.55      -2.358       1.068      0.4839      0.1805E-01  -90.00      0.2674E-02  0.5869E-02  0.5527E-02   0.000     -0.3996E-04   0.000      0.1437E-02 -0.9900E-02   0.000    
   586   10.49      -2.358       1.105      0.6391      0.2384E-01  -90.00      0.3187E-02  0.4830E-02  0.4987E-02   0.000     -0.2830E-04   0.000      0.1117E-02  0.2608E-01   0.000    
   587   10.46      -2.358       1.143      0.7608      0.2838E-01  -90.00      0.3602E-02  0.8128E-02  0.4734E-02   0.000     -0.2080E-04   0.000      0.9446E-03  0.5048E-01   0.000    
   588   10.43      -2.358       1.180      0.8552      0.3190E-01  -90.00      0.3755E-02  0.9871E-02  0.4391E-02   0.000     -0.1414E-04   0.000      0.7942E-03  0.6914E-01   0.000    
   589   10.43      -2.358       1.208      0.8752      0.1632E-01  -90.00      0.4137E-02 -0.1412E-01  0.4726E-02   0.000     -0.1142E-04   0.000      0.1243E-03  0.2237       0.000    
   590   10.44      -2.358       1.226      0.8351      0.1557E-01  -90.00      0.4187E-02 -0.9255E-02  0.5014E-02   0.000     -0.1102E-04   0.000      0.1258E-03  0.2249       0.000    
   591   10.46      -2.358       1.254      0.7608      0.2838E-01  -90.00      0.4674E-02  0.3960E-02  0.6144E-02   0.000     -0.1732E-04   0.000      0.8991E-04  0.2354       0.000    
   592   10.49      -2.358       1.292      0.6391      0.2384E-01  -90.00      0.4572E-02  0.5309E-02  0.7154E-02   0.000     -0.2605E-04   0.000      0.9108E-05  0.2487       0.000    
   593   10.55      -2.358       1.329      0.4839      0.1805E-01  -90.00      0.3916E-02  0.7901E-03  0.8092E-02   0.000     -0.3338E-04   0.000     -0.1809E-03  0.2723       0.000    
   594   10.65      -2.358       1.366      0.2056      0.7669E-02  -90.00      0.3147E-02 -0.3540E-02  0.1530E-01   0.000     -0.7255E-04   0.000     -0.2170E-02  0.3918       0.000    

 Surface forces referred to Sref,Cref,Bref about Xmom,Ymom,Zmom
 Standard axis orientation,  X fwd, Z down         

  Surface #18     nacelle_2_horizontal                    
     # chordwise =  6   # spanwise = 11     First strip =595
     Surface area = 0.21965           ave. chord = 0.58888    
     CLsurf  =   0.000264     Clsurf  =  -0.000048
     CYsurf  =  -0.000000     Cmsurf  =   0.000116
     CDsurf  =   0.000003     Cnsurf  =  -0.000002
     CDisurf =   0.000003     CDvsurf =   0.000000

  Forces referred to Ssurf, Cave about hinge axis thru LE
     cl_surf =   0.075634     cd_surf =   0.000965

 Strip Forces referred to strip area, chord
    j    xLE         yLE         zLE         Chord       Area        Dihedral   c cl        ai_ff       cl           clj         cd          cdv         cm_c/4     c.p.x/c      Dcj
   595   10.71       4.838       1.198      0.2056      0.7669E-02   0.000      0.2646E-01  0.8178E-01  0.1290       0.000     -0.3285E-02   0.000      0.5847E-02  0.2047       0.000    
   596   10.60       4.875       1.198      0.4839      0.1805E-01   0.000      0.3953E-01  0.9385E-01  0.8180E-01   0.000      0.1664E-03   0.000      0.6862E-02  0.1661       0.000    
   597   10.55       4.912       1.198      0.6391      0.2384E-01   0.000      0.4743E-01  0.9664E-01  0.7427E-01   0.000      0.8782E-03   0.000      0.6787E-02  0.1586       0.000    
   598   10.51       4.950       1.198      0.7608      0.2838E-01   0.000      0.5236E-01  0.1011      0.6884E-01   0.000      0.1480E-02   0.000      0.6438E-02  0.1565       0.000    
   599   10.49       4.987       1.198      0.8552      0.3190E-01   0.000      0.5507E-01  0.1168      0.6438E-01   0.000      0.1923E-02   0.000      0.6107E-02  0.1551       0.000    
   600   10.49       5.015       1.198      0.8752      0.1632E-01   0.000      0.5547E-01  0.6838E-01  0.6335E-01   0.000      0.2146E-02   0.000      0.5987E-02  0.1555       0.000    
   601   10.49       5.034       1.198      0.8351      0.1557E-01   0.000      0.5494E-01  0.8766E-01  0.6577E-01   0.000      0.2196E-02   0.000      0.6157E-02  0.1564       0.000    
   602   10.51       5.062       1.199      0.7608      0.2838E-01   0.000      0.5330E-01  0.9408E-01  0.7008E-01   0.000      0.1531E-02   0.000      0.6475E-02  0.1576       0.000    
   603   10.55       5.099       1.198      0.6391      0.2384E-01   0.000      0.4847E-01  0.9496E-01  0.7591E-01   0.000      0.8966E-03   0.000      0.6853E-02  0.1597       0.000    
   604   10.60       5.136       1.198      0.4839      0.1805E-01   0.000      0.4035E-01  0.9289E-01  0.8349E-01   0.000      0.1404E-03   0.000      0.6940E-02  0.1669       0.000    
   605   10.71       5.174       1.198      0.2056      0.7669E-02   0.000      0.2692E-01  0.8047E-01  0.1313       0.000     -0.3489E-02   0.000      0.5972E-02  0.2045       0.000    

 Surface forces referred to Sref,Cref,Bref about Xmom,Ymom,Zmom
 Standard axis orientation,  X fwd, Z down         

  Surface #19     nacelle_2_vertical                      
     # chordwise =  6   # spanwise = 11     First strip =606
     Surface area = 0.21965           ave. chord = 0.58888    
     CLsurf  =  -0.000000     Clsurf  =   0.000000
     CYsurf  =  -0.000004     Cmsurf  =  -0.000000
     CDsurf  =  -0.000000     Cnsurf  =  -0.000000
     CDisurf =  -0.000000     CDvsurf =   0.000000

  Forces referred to Ssurf, Cave about hinge axis thru LE
     cl_surf =  -0.000002     cd_surf =  -0.000003

 Strip Forces referred to strip area, chord
    j    xLE         yLE         zLE         Chord       Area        Dihedral   c cl        ai_ff       cl           clj         cd          cdv         cm_c/4     c.p.x/c      Dcj
   606   10.71       5.006       1.031      0.2056      0.7669E-02   90.00      0.5408E-03  0.9959E-02  0.2630E-02   0.000     -0.9225E-05   0.000      0.1095E-02 -0.1664       0.000    
   607   10.60       5.006       1.068      0.4839      0.1805E-01   90.00      0.1252E-02  0.1073E-01  0.2588E-02   0.000     -0.4394E-05   0.000      0.5551E-03  0.3549E-01   0.000    
   608   10.55       5.006       1.105      0.6391      0.2384E-01   90.00      0.2070E-02  0.1269E-01  0.3240E-02   0.000     -0.5586E-05   0.000      0.6071E-03  0.6260E-01   0.000    
   609   10.51       5.006       1.143      0.7608      0.2838E-01   90.00      0.3470E-02  0.2598E-01  0.4561E-02   0.000     -0.7996E-05   0.000      0.8080E-03  0.7286E-01   0.000    
   610   10.49       5.006       1.180      0.8552      0.3190E-01   90.00      0.3336E-02  0.2949E-01  0.3901E-02   0.000     -0.2371E-05   0.000      0.6652E-03  0.7949E-01   0.000    
   611   10.49       5.006       1.208      0.8752      0.1632E-01   90.00      0.3992E-03  0.4774E-02  0.4561E-03   0.000     -0.1410E-06   0.000      0.1025E-04  0.2275       0.000    
   612   10.49       5.006       1.226      0.8351      0.1557E-01   90.00     -0.2078E-02 -0.1631E-01 -0.2488E-02   0.000      0.3480E-06   0.000     -0.3186E-04  0.2372       0.000    
   613   10.51       5.006       1.254      0.7608      0.2838E-01   90.00     -0.2370E-02 -0.4000E-02 -0.3115E-02   0.000     -0.1837E-05   0.000      0.1300E-04  0.2542       0.000    
   614   10.55       5.006       1.292      0.6391      0.2384E-01   90.00     -0.9831E-03  0.9351E-02 -0.1538E-02   0.000     -0.5070E-06   0.000      0.5925E-04  0.2885       0.000    
   615   10.60       5.006       1.329      0.4839      0.1805E-01   90.00     -0.3437E-03  0.1161E-01 -0.7103E-03   0.000     -0.5800E-07   0.000      0.6876E-04  0.3468       0.000    
   616   10.71       5.006       1.366      0.2056      0.7669E-02   90.00     -0.4866E-04  0.1669E-01 -0.2367E-03   0.000     -0.2845E-08   0.000      0.7756E-04  0.5777       0.000    

 Surface forces referred to Sref,Cref,Bref about Xmom,Ymom,Zmom
 Standard axis orientation,  X fwd, Z down         

  Surface #20     nacelle_3_horizontal                    
     # chordwise =  6   # spanwise = 11     First strip =617
     Surface area = 0.21965           ave. chord = 0.58888    
     CLsurf  =   0.000259     Clsurf  =  -0.000072
     CYsurf  =  -0.000000     Cmsurf  =   0.000099
     CDsurf  =   0.000004     Cnsurf  =  -0.000003
     CDisurf =   0.000004     CDvsurf =   0.000000

  Forces referred to Ssurf, Cave about hinge axis thru LE
     cl_surf =   0.074110     cd_surf =   0.001032

 Strip Forces referred to strip area, chord
    j    xLE         yLE         zLE         Chord       Area        Dihedral   c cl        ai_ff       cl           clj         cd          cdv         cm_c/4     c.p.x/c      Dcj
   617   10.84       7.485       1.198      0.2056      0.7669E-02   0.000      0.2592E-01  0.7809E-01  0.1264       0.000     -0.3001E-02   0.000      0.5810E-02  0.2040       0.000    
   618   10.73       7.523       1.198      0.4839      0.1805E-01   0.000      0.3874E-01  0.9030E-01  0.8017E-01   0.000      0.2755E-03   0.000      0.6690E-02  0.1665       0.000    
   619   10.68       7.560       1.198      0.6391      0.2384E-01   0.000      0.4647E-01  0.9317E-01  0.7277E-01   0.000      0.9543E-03   0.000      0.6601E-02  0.1593       0.000    
   620   10.64       7.597       1.198      0.7608      0.2838E-01   0.000      0.5126E-01  0.9728E-01  0.6740E-01   0.000      0.1521E-02   0.000      0.6269E-02  0.1570       0.000    
   621   10.62       7.635       1.198      0.8552      0.3190E-01   0.000      0.5392E-01  0.1126      0.6303E-01   0.000      0.1934E-02   0.000      0.5944E-02  0.1557       0.000    
   622   10.62       7.663       1.198      0.8752      0.1632E-01   0.000      0.5435E-01  0.6557E-01  0.6207E-01   0.000      0.2143E-02   0.000      0.5830E-02  0.1561       0.000    
   623   10.62       7.681       1.198      0.8351      0.1557E-01   0.000      0.5388E-01  0.8467E-01  0.6449E-01   0.000      0.2202E-02   0.000      0.6000E-02  0.1570       0.000    
   624   10.64       7.709       1.199      0.7608      0.2838E-01   0.000      0.5227E-01  0.9082E-01  0.6872E-01   0.000      0.1574E-02   0.000      0.6304E-02  0.1583       0.000    
   625   10.68       7.746       1.198      0.6391      0.2384E-01   0.000      0.4754E-01  0.9167E-01  0.7444E-01   0.000      0.9755E-03   0.000      0.6650E-02  0.1607       0.000    
   626   10.73       7.784       1.198      0.4839      0.1805E-01   0.000      0.3954E-01  0.8946E-01  0.8183E-01   0.000      0.2535E-03   0.000      0.6746E-02  0.1676       0.000    
   627   10.84       7.821       1.198      0.2056      0.7669E-02   0.000      0.2635E-01  0.7701E-01  0.1285       0.000     -0.3210E-02   0.000      0.5865E-02  0.2044       0.000    

 Surface forces referred to Sref,Cref,Bref about Xmom,Ymom,Zmom
 Standard axis orientation,  X fwd, Z down         

  Surface #21     nacelle_3_vertical                      
     # chordwise =  6   # spanwise = 11     First strip =628
     Surface area = 0.21965           ave. chord = 0.58888    
     CLsurf  =  -0.000000     Clsurf  =   0.000000
     CYsurf  =  -0.000000     Cmsurf  =   0.000000
     CDsurf  =  -0.000000     Cnsurf  =  -0.000000
     CDisurf =  -0.000000     CDvsurf =   0.000000

  Forces referred to Ssurf, Cave about hinge axis thru LE
     cl_surf =  -0.000000     cd_surf =  -0.000002

 Strip Forces referred to strip area, chord
    j    xLE         yLE         zLE         Chord       Area        Dihedral   c cl        ai_ff       cl           clj         cd          cdv         cm_c/4     c.p.x/c      Dcj
   628   10.84       7.653       1.031      0.2056      0.7669E-02   90.00      0.3022E-03  0.1243E-01  0.1470E-02   0.000     -0.2629E-05   0.000      0.5936E-03 -0.1539       0.000    
   629   10.73       7.653       1.068      0.4839      0.1805E-01   90.00      0.8005E-03  0.1298E-01  0.1654E-02   0.000     -0.1572E-05   0.000      0.3436E-03  0.4233E-01   0.000    
   630   10.68       7.653       1.105      0.6391      0.2384E-01   90.00      0.1498E-02  0.1481E-01  0.2344E-02   0.000     -0.2730E-05   0.000      0.4348E-03  0.6453E-01   0.000    
   631   10.64       7.653       1.143      0.7608      0.2838E-01   90.00      0.2804E-02  0.2773E-01  0.3686E-02   0.000     -0.4929E-05   0.000      0.6558E-03  0.7211E-01   0.000    
   632   10.62       7.653       1.180      0.8552      0.3190E-01   90.00      0.2623E-02  0.3096E-01  0.3068E-02   0.000     -0.1052E-05   0.000      0.5330E-03  0.7627E-01   0.000    
   633   10.62       7.653       1.208      0.8752      0.1632E-01   90.00     -0.3879E-03  0.7405E-02 -0.4432E-03   0.000      0.7605E-07   0.000      0.4665E-05  0.2605       0.000    
   634   10.62       7.653       1.226      0.8351      0.1557E-01   90.00     -0.2814E-02 -0.1349E-01 -0.3370E-02   0.000     -0.5841E-07   0.000     -0.3542E-04  0.2395       0.000    
   635   10.64       7.653       1.254      0.7608      0.2838E-01   90.00     -0.3090E-02 -0.1502E-02 -0.4062E-02   0.000     -0.3346E-05   0.000      0.1795E-04  0.2544       0.000    
   636   10.68       7.653       1.292      0.6391      0.2384E-01   90.00     -0.1663E-02  0.1165E-01 -0.2602E-02   0.000     -0.1668E-05   0.000      0.7648E-04  0.2794       0.000    
   637   10.73       7.653       1.329      0.4839      0.1805E-01   90.00     -0.9247E-03  0.1419E-01 -0.1911E-02   0.000     -0.8656E-06   0.000      0.1166E-03  0.3110       0.000    
   638   10.84       7.653       1.366      0.2056      0.7669E-02   90.00     -0.4901E-03  0.2263E-01 -0.2384E-02   0.000     -0.1178E-05   0.000      0.4084E-03  0.4213       0.000    

 Surface forces referred to Sref,Cref,Bref about Xmom,Ymom,Zmom
 Standard axis orientation,  X fwd, Z down         

  Surface #22     nacelle_4_horizontal                    
     # chordwise =  6   # spanwise = 11     First strip =639
     Surface area = 0.21965           ave. chord = 0.58888    
     CLsurf  =   0.000251     Clsurf  =  -0.000094
     CYsurf  =   0.000000     Cmsurf  =   0.000082
     CDsurf  =   0.000004     Cnsurf  =  -0.000003
     CDisurf =   0.000004     CDvsurf =   0.000000

  Forces referred to Ssurf, Cave about hinge axis thru LE
     cl_surf =   0.071712     cd_surf =   0.001152

 Strip Forces referred to strip area, chord
    j    xLE         yLE         zLE         Chord       Area        Dihedral   c cl        ai_ff       cl           clj         cd          cdv         cm_c/4     c.p.x/c      Dcj
   639   10.97       10.13       1.198      0.2056      0.7669E-02   0.000      0.2569E-01  0.7694E-01  0.1253       0.000     -0.2699E-02   0.000      0.5613E-02  0.2052       0.000    
   640   10.87       10.17       1.198      0.4839      0.1805E-01   0.000      0.3837E-01  0.8808E-01  0.7938E-01   0.000      0.4616E-03   0.000      0.6506E-02  0.1680       0.000    
   641   10.81       10.21       1.198      0.6391      0.2384E-01   0.000      0.4605E-01  0.9016E-01  0.7210E-01   0.000      0.1108E-02   0.000      0.6363E-02  0.1618       0.000    
   642   10.77       10.24       1.198      0.7608      0.2838E-01   0.000      0.5055E-01  0.8888E-01  0.6645E-01   0.000      0.1640E-02   0.000      0.6016E-02  0.1595       0.000    
   643   10.75       10.27       1.198      0.8351      0.1557E-01   0.000      0.5203E-01  0.8220E-01  0.6228E-01   0.000      0.2201E-02   0.000      0.5738E-02  0.1579       0.000    
   644   10.75       10.29       1.198      0.8752      0.1632E-01   0.000      0.5249E-01  0.6358E-01  0.5994E-01   0.000      0.2125E-02   0.000      0.5584E-02  0.1568       0.000    
   645   10.75       10.32       1.198      0.8551      0.3190E-01   0.000      0.5210E-01  0.1106      0.6090E-01   0.000      0.1949E-02   0.000      0.5688E-02  0.1566       0.000    
   646   10.77       10.36       1.198      0.7608      0.2838E-01   0.000      0.4955E-01  0.9569E-01  0.6514E-01   0.000      0.1595E-02   0.000      0.5973E-02  0.1583       0.000    
   647   10.81       10.39       1.198      0.6391      0.2384E-01   0.000      0.4491E-01  0.9136E-01  0.7031E-01   0.000      0.1096E-02   0.000      0.6306E-02  0.1603       0.000    
   648   10.87       10.43       1.198      0.4839      0.1805E-01   0.000      0.3744E-01  0.8838E-01  0.7747E-01   0.000      0.4967E-03   0.000      0.6456E-02  0.1667       0.000    
   649   10.97       10.47       1.198      0.2056      0.7669E-02   0.000      0.2515E-01  0.7779E-01  0.1226       0.000     -0.2486E-02   0.000      0.5541E-02  0.2048       0.000    

 Surface forces referred to Sref,Cref,Bref about Xmom,Ymom,Zmom
 Standard axis orientation,  X fwd, Z down         

  Surface #23     nacelle_4_vertical                      
     # chordwise =  6   # spanwise = 11     First strip =650
     Surface area = 0.21965           ave. chord = 0.58888    
     CLsurf  =  -0.000000     Clsurf  =  -0.000000
     CYsurf  =   0.000004     Cmsurf  =  -0.000000
     CDsurf  =  -0.000000     Cnsurf  =   0.000000
     CDisurf =  -0.000000     CDvsurf =   0.000000

  Forces referred to Ssurf, Cave about hinge axis thru LE
     cl_surf =  -0.000002     cd_surf =  -0.000003

 Strip Forces referred to strip area, chord
    j    xLE         yLE         zLE         Chord       Area        Dihedral   c cl        ai_ff       cl           clj         cd          cdv         cm_c/4     c.p.x/c      Dcj
   650   10.97       10.30       1.031      0.2056      0.7669E-02   90.00     -0.6149E-03  0.1702E-01 -0.2991E-02   0.000     -0.1114E-04   0.000     -0.1199E-02 -0.1509       0.000    
   651   10.87       10.30       1.068      0.4839      0.1805E-01   90.00     -0.1416E-02  0.1600E-01 -0.2926E-02   0.000     -0.4444E-05   0.000     -0.5165E-03  0.7347E-01   0.000    
   652   10.81       10.30       1.105      0.6391      0.2384E-01   90.00     -0.2272E-02  0.1403E-01 -0.3555E-02   0.000     -0.5026E-05   0.000     -0.5112E-03  0.1062       0.000    
   653   10.77       10.30       1.143      0.7608      0.2838E-01   90.00     -0.3651E-02  0.1391E-02 -0.4799E-02   0.000     -0.6592E-05   0.000     -0.6613E-03  0.1122       0.000    
   654   10.75       10.30       1.180      0.8552      0.3190E-01   90.00     -0.3547E-02 -0.1918E-02 -0.4148E-02   0.000     -0.1704E-05   0.000     -0.4989E-03  0.1297       0.000    
   655   10.75       10.30       1.208      0.8752      0.1632E-01   90.00     -0.7284E-03  0.2100E-01 -0.8322E-03   0.000     -0.5103E-07   0.000      0.1514E-03  0.4319       0.000    
   656   10.75       10.30       1.226      0.8351      0.1557E-01   90.00      0.1688E-02  0.4128E-01  0.2021E-02   0.000      0.1899E-06   0.000      0.1852E-03  0.1584       0.000    
   657   10.77       10.30       1.254      0.7608      0.2838E-01   90.00      0.2068E-02  0.3008E-01  0.2718E-02   0.000     -0.2143E-05   0.000      0.1383E-03  0.1991       0.000    
   658   10.81       10.30       1.292      0.6391      0.2384E-01   90.00      0.9084E-03  0.1787E-01  0.1422E-02   0.000     -0.8515E-06   0.000      0.7033E-04  0.2005       0.000    
   659   10.87       10.30       1.329      0.4839      0.1805E-01   90.00      0.4391E-03  0.1552E-01  0.9076E-03   0.000     -0.3402E-06   0.000      0.1642E-04  0.2319       0.000    
   660   10.97       10.30       1.366      0.2056      0.7669E-02   90.00      0.2479E-03  0.9948E-02  0.1206E-02   0.000     -0.3980E-06   0.000     -0.1724E-03  0.3930       0.000    

 Surface forces referred to Sref,Cref,Bref about Xmom,Ymom,Zmom
 Standard axis orientation,  X fwd, Z down         

  Surface #24     nacelle_5_horizontal                    
     # chordwise =  6   # spanwise = 11     First strip =661
     Surface area = 0.21965           ave. chord = 0.58888    
     CLsurf  =   0.000171     Clsurf  =   0.000015
     CYsurf  =   0.000000     Cmsurf  =   0.000079
     CDsurf  =   0.000002     Cnsurf  =   0.000001
     CDisurf =   0.000002     CDvsurf =   0.000000

  Forces referred to Ssurf, Cave about hinge axis thru LE
     cl_surf =   0.048819     cd_surf =   0.000565

 Strip Forces referred to strip area, chord
    j    xLE         yLE         zLE         Chord       Area        Dihedral   c cl        ai_ff       cl           clj         cd          cdv         cm_c/4     c.p.x/c      Dcj
   661   10.65      -2.526       1.198      0.2056      0.7669E-02   0.000      0.1983E-01  0.1322      0.9667E-01   0.000     -0.1513E-02   0.000      0.5856E-02  0.1894       0.000    
   662   10.55      -2.489       1.199      0.4838      0.1805E-01   0.000      0.2737E-01  0.1236      0.5663E-01   0.000      0.1976E-03   0.000      0.5714E-02  0.1491       0.000    
   663   10.49      -2.451       1.198      0.6391      0.2384E-01   0.000      0.3187E-01  0.1284      0.4992E-01   0.000      0.5568E-03   0.000      0.5214E-02  0.1455       0.000    
   664   10.46      -2.414       1.198      0.7608      0.2838E-01   0.000      0.3521E-01  0.1289      0.4630E-01   0.000      0.8899E-03   0.000      0.4767E-02  0.1470       0.000    
   665   10.44      -2.386       1.198      0.8351      0.1557E-01   0.000      0.3482E-01  0.7032E-01  0.4169E-01   0.000      0.1208E-02   0.000      0.4274E-02  0.1475       0.000    
   666   10.43      -2.368       1.198      0.8752      0.1632E-01   0.000      0.3211E-01  0.2791E-01  0.3667E-01   0.000      0.1106E-02   0.000      0.3760E-02  0.1475       0.000    
   667   10.43      -2.340       1.198      0.8551      0.3190E-01   0.000      0.2855E-01         NaN  0.3339E-01   0.000      0.8453E-03   0.000      0.3407E-02  0.1480       0.000    
   668   10.46      -2.302       1.198      0.7608      0.2838E-01   0.000      0.3233E-01  0.1357      0.4251E-01   0.000      0.9058E-03   0.000      0.4345E-02  0.1478       0.000    
   669   10.49      -2.265       1.198      0.6391      0.2384E-01   0.000      0.3186E-01  0.1277      0.4989E-01   0.000      0.5439E-03   0.000      0.5116E-02  0.1475       0.000    
   670   10.55      -2.228       1.198      0.4839      0.1805E-01   0.000      0.2726E-01  0.1224      0.5642E-01   0.000      0.1961E-03   0.000      0.5529E-02  0.1520       0.000    
   671   10.65      -2.190       1.198      0.2056      0.7669E-02   0.000      0.1951E-01  0.1310      0.9511E-01   0.000     -0.1607E-02   0.000      0.5337E-02  0.1939       0.000    

 Surface forces referred to Sref,Cref,Bref about Xmom,Ymom,Zmom
 Standard axis orientation,  X fwd, Z down         

  Surface #25     nacelle_5_vertical                      
     # chordwise =  6   # spanwise = 11     First strip =672
     Surface area = 0.21965           ave. chord = 0.58888    
     CLsurf  =   0.000000     Clsurf  =  -0.000000
     CYsurf  =   0.000021     Cmsurf  =   0.000000
     CDsurf  =  -0.000000     Cnsurf  =   0.000001
     CDisurf =  -0.000000     CDvsurf =   0.000000

  Forces referred to Ssurf, Cave about hinge axis thru LE
     cl_surf =   0.000001     cd_surf =  -0.000027

 Strip Forces referred to strip area, chord
    j    xLE         yLE         zLE         Chord       Area        Dihedral   c cl        ai_ff       cl           clj         cd          cdv         cm_c/4     c.p.x/c      Dcj
   672   10.65      -2.358       1.031      0.2056      0.7669E-02   90.00     -0.1557E-02 -0.7274E-02 -0.7574E-02   0.000     -0.1082E-03   0.000     -0.3494E-02 -0.2113       0.000    
   673   10.55      -2.358       1.068      0.4839      0.1805E-01   90.00     -0.2674E-02 -0.5869E-02 -0.5527E-02   0.000     -0.3996E-04   0.000     -0.1437E-02 -0.9900E-02   0.000    
   674   10.49      -2.358       1.105      0.6391      0.2384E-01   90.00     -0.3187E-02 -0.4830E-02 -0.4987E-02   0.000     -0.2830E-04   0.000     -0.1117E-02  0.2608E-01   0.000    
   675   10.46      -2.358       1.143      0.7608      0.2838E-01   90.00     -0.3602E-02 -0.8128E-02 -0.4734E-02   0.000     -0.2080E-04   0.000     -0.9446E-03  0.5048E-01   0.000    
   676   10.43      -2.358       1.180      0.8552      0.3190E-01   90.00     -0.3755E-02 -0.9871E-02 -0.4391E-02   0.000     -0.1414E-04   0.000     -0.7942E-03  0.6914E-01   0.000    
   677   10.43      -2.358       1.208      0.8752      0.1632E-01   90.00     -0.4137E-02  0.1412E-01 -0.4726E-02   0.000     -0.1142E-04   0.000     -0.1243E-03  0.2237       0.000    
   678   10.44      -2.358       1.226      0.8351      0.1557E-01   90.00     -0.4187E-02  0.9255E-02 -0.5014E-02   0.000     -0.1102E-04   0.000     -0.1258E-03  0.2249       0.000    
   679   10.46      -2.358       1.254      0.7608      0.2838E-01   90.00     -0.4674E-02 -0.3960E-02 -0.6144E-02   0.000     -0.1732E-04   0.000     -0.8991E-04  0.2354       0.000    
   680   10.49      -2.358       1.292      0.6391      0.2384E-01   90.00     -0.4572E-02 -0.5309E-02 -0.7154E-02   0.000     -0.2605E-04   0.000     -0.9108E-05  0.2487       0.000    
   681   10.55      -2.358       1.329      0.4839      0.1805E-01   90.00     -0.3916E-02 -0.7901E-03 -0.8092E-02   0.000     -0.3338E-04   0.000      0.1809E-03  0.2723       0.000    
   682   10.65      -2.358       1.366      0.2056      0.7669E-02   90.00     -0.3147E-02  0.3540E-02 -0.1530E-01   0.000     -0.7255E-04   0.000      0.2170E-02  0.3918       0.000    

 Surface forces referred to Sref,Cref,Bref about Xmom,Ymom,Zmom
 Standard axis orientation,  X fwd, Z down         

  Surface #26     nacelle_6_horizontal                    
     # chordwise =  6   # spanwise = 11     First strip =683
     Surface area = 0.21965           ave. chord = 0.58888    
     CLsurf  =   0.000264     Clsurf  =   0.000048
     CYsurf  =  -0.000000     Cmsurf  =   0.000116
     CDsurf  =   0.000003     Cnsurf  =   0.000002
     CDisurf =   0.000003     CDvsurf =   0.000000

  Forces referred to Ssurf, Cave about hinge axis thru LE
     cl_surf =   0.075627     cd_surf =   0.000964

 Strip Forces referred to strip area, chord
    j    xLE         yLE         zLE         Chord       Area        Dihedral   c cl        ai_ff       cl           clj         cd          cdv         cm_c/4     c.p.x/c      Dcj
   683   10.71      -5.174       1.198      0.2056      0.7669E-02   0.000      0.2641E-01  0.8116E-01  0.1288       0.000     -0.3276E-02   0.000      0.5969E-02  0.2037       0.000    
   684   10.60      -5.136       1.198      0.4839      0.1805E-01   0.000      0.3944E-01  0.9332E-01  0.8161E-01   0.000      0.1668E-03   0.000      0.6908E-02  0.1653       0.000    
   685   10.55      -5.099       1.198      0.6391      0.2384E-01   0.000      0.4731E-01  0.9623E-01  0.7408E-01   0.000      0.8786E-03   0.000      0.6814E-02  0.1580       0.000    
   686   10.51      -5.062       1.198      0.7608      0.2838E-01   0.000      0.5222E-01  0.1007      0.6865E-01   0.000      0.1478E-02   0.000      0.6448E-02  0.1561       0.000    
   687   10.49      -5.024       1.198      0.8552      0.3190E-01   0.000      0.5497E-01  0.1167      0.6427E-01   0.000      0.1920E-02   0.000      0.6104E-02  0.1550       0.000    
   688   10.49      -4.996       1.198      0.8752      0.1632E-01   0.000      0.5548E-01  0.6799E-01  0.6336E-01   0.000      0.2146E-02   0.000      0.5989E-02  0.1555       0.000    
   689   10.49      -4.978       1.198      0.8351      0.1557E-01   0.000      0.5505E-01  0.8806E-01  0.6590E-01   0.000      0.2200E-02   0.000      0.6161E-02  0.1565       0.000    
   690   10.51      -4.950       1.199      0.7608      0.2838E-01   0.000      0.5343E-01  0.9455E-01  0.7025E-01   0.000      0.1532E-02   0.000      0.6467E-02  0.1580       0.000    
   691   10.55      -4.912       1.198      0.6391      0.2384E-01   0.000      0.4859E-01  0.9538E-01  0.7609E-01   0.000      0.8948E-03   0.000      0.6828E-02  0.1603       0.000    
   692   10.60      -4.875       1.198      0.4839      0.1805E-01   0.000      0.4044E-01  0.9345E-01  0.8369E-01   0.000      0.1383E-03   0.000      0.6897E-02  0.1676       0.000    
   693   10.71      -4.838       1.198      0.2056      0.7669E-02   0.000      0.2697E-01  0.8111E-01  0.1315       0.000     -0.3501E-02   0.000      0.5852E-02  0.2055       0.000    

 Surface forces referred to Sref,Cref,Bref about Xmom,Ymom,Zmom
 Standard axis orientation,  X fwd, Z down         

  Surface #27     nacelle_6_vertical                      
     # chordwise =  6   # spanwise = 11     First strip =694
     Surface area = 0.21965           ave. chord = 0.58888    
     CLsurf  =   0.000000     Clsurf  =   0.000000
     CYsurf  =   0.000002     Cmsurf  =   0.000000
     CDsurf  =  -0.000000     Cnsurf  =   0.000000
     CDisurf =  -0.000000     CDvsurf =   0.000000

  Forces referred to Ssurf, Cave about hinge axis thru LE
     cl_surf =   0.000001     cd_surf =  -0.000002

 Strip Forces referred to strip area, chord
    j    xLE         yLE         zLE         Chord       Area        Dihedral   c cl        ai_ff       cl           clj         cd          cdv         cm_c/4     c.p.x/c      Dcj
   694   10.71      -5.006       1.031      0.2056      0.7669E-02   90.00      0.2572E-03 -0.1107E-01  0.1251E-02   0.000     -0.1617E-05   0.000      0.4747E-03 -0.1294       0.000    
   695   10.60      -5.006       1.068      0.4839      0.1805E-01   90.00      0.7195E-03 -0.1060E-01  0.1487E-02   0.000     -0.9155E-06   0.000      0.2550E-03  0.7853E-01   0.000    
   696   10.55      -5.006       1.105      0.6391      0.2384E-01   90.00      0.1397E-02 -0.8842E-02  0.2186E-02   0.000     -0.1845E-05   0.000      0.3398E-03  0.9454E-01   0.000    
   697   10.51      -5.006       1.143      0.7608      0.2838E-01   90.00      0.2690E-02  0.4159E-02  0.3536E-02   0.000     -0.3729E-05   0.000      0.5609E-03  0.9139E-01   0.000    
   698   10.49      -5.006       1.180      0.8552      0.3190E-01   90.00      0.2451E-02  0.7054E-02  0.2866E-02   0.000     -0.3977E-06   0.000      0.4296E-03  0.1001       0.000    
   699   10.49      -5.006       1.208      0.8752      0.1632E-01   90.00     -0.7490E-03 -0.1606E-01 -0.8558E-03   0.000      0.4786E-07   0.000     -0.5633E-04  0.1842       0.000    
   700   10.49      -5.006       1.226      0.8351      0.1557E-01   90.00     -0.3282E-02 -0.3794E-01 -0.3931E-02   0.000     -0.7443E-06   0.000     -0.9412E-04  0.2261       0.000    
   701   10.51      -5.006       1.254      0.7608      0.2838E-01   90.00     -0.3627E-02 -0.2608E-01 -0.4767E-02   0.000     -0.5394E-05   0.000     -0.2686E-04  0.2444       0.000    
   702   10.55      -5.006       1.292      0.6391      0.2384E-01   90.00     -0.2215E-02 -0.1302E-01 -0.3465E-02   0.000     -0.3515E-05   0.000      0.5728E-04  0.2665       0.000    
   703   10.60      -5.006       1.329      0.4839      0.1805E-01   90.00     -0.1458E-02 -0.1125E-01 -0.3014E-02   0.000     -0.2740E-05   0.000      0.1411E-03  0.2968       0.000    
   704   10.71      -5.006       1.366      0.2056      0.7669E-02   90.00     -0.9529E-03 -0.1362E-01 -0.4634E-02   0.000     -0.5220E-05   0.000      0.7440E-03  0.4105       0.000    

 Surface forces referred to Sref,Cref,Bref about Xmom,Ymom,Zmom
 Standard axis orientation,  X fwd, Z down         

  Surface #28     nacelle_7_horizontal                    
     # chordwise =  6   # spanwise = 11     First strip =705
     Surface area = 0.21965           ave. chord = 0.58888    
     CLsurf  =   0.000259     Clsurf  =   0.000072
     CYsurf  =  -0.000000     Cmsurf  =   0.000099
     CDsurf  =   0.000004     Cnsurf  =   0.000003
     CDisurf =   0.000004     CDvsurf =   0.000000

  Forces referred to Ssurf, Cave about hinge axis thru LE
     cl_surf =   0.074114     cd_surf =   0.001032

 Strip Forces referred to strip area, chord
    j    xLE         yLE         zLE         Chord       Area        Dihedral   c cl        ai_ff       cl           clj         cd          cdv         cm_c/4     c.p.x/c      Dcj
   705   10.84      -7.821       1.198      0.2056      0.7669E-02   0.000      0.2585E-01  0.7769E-01  0.1261       0.000     -0.3009E-02   0.000      0.5863E-02  0.2035       0.000    
   706   10.73      -7.784       1.198      0.4839      0.1805E-01   0.000      0.3865E-01  0.8987E-01  0.7998E-01   0.000      0.2764E-03   0.000      0.6716E-02  0.1660       0.000    
   707   10.68      -7.746       1.198      0.6391      0.2384E-01   0.000      0.4640E-01  0.9291E-01  0.7265E-01   0.000      0.9562E-03   0.000      0.6614E-02  0.1590       0.000    
   708   10.64      -7.709       1.198      0.7608      0.2838E-01   0.000      0.5121E-01  0.9728E-01  0.6733E-01   0.000      0.1522E-02   0.000      0.6279E-02  0.1568       0.000    
   709   10.62      -7.672       1.198      0.8552      0.3190E-01   0.000      0.5391E-01  0.1130      0.6302E-01   0.000      0.1935E-02   0.000      0.5947E-02  0.1556       0.000    
   710   10.62      -7.644       1.198      0.8752      0.1632E-01   0.000      0.5436E-01  0.6496E-01  0.6208E-01   0.000      0.2143E-02   0.000      0.5829E-02  0.1561       0.000    
   711   10.62      -7.625       1.198      0.8351      0.1557E-01   0.000      0.5390E-01  0.8430E-01  0.6452E-01   0.000      0.2202E-02   0.000      0.5996E-02  0.1571       0.000    
   712   10.64      -7.597       1.199      0.7608      0.2838E-01   0.000      0.5233E-01  0.9082E-01  0.6879E-01   0.000      0.1573E-02   0.000      0.6296E-02  0.1585       0.000    
   713   10.68      -7.560       1.198      0.6391      0.2384E-01   0.000      0.4762E-01  0.9193E-01  0.7457E-01   0.000      0.9734E-03   0.000      0.6639E-02  0.1610       0.000    
   714   10.73      -7.523       1.198      0.4839      0.1805E-01   0.000      0.3964E-01  0.8989E-01  0.8202E-01   0.000      0.2520E-03   0.000      0.6722E-02  0.1680       0.000    
   715   10.84      -7.485       1.198      0.2056      0.7669E-02   0.000      0.2643E-01  0.7742E-01  0.1289       0.000     -0.3204E-02   0.000      0.5814E-02  0.2049       0.000    

 Surface forces referred to Sref,Cref,Bref about Xmom,Ymom,Zmom
 Standard axis orientation,  X fwd, Z down         

  Surface #29     nacelle_7_vertical                      
     # chordwise =  6   # spanwise = 11     First strip =716
     Surface area = 0.21965           ave. chord = 0.58888    
     CLsurf  =  -0.000000     Clsurf  =   0.000000
     CYsurf  =  -0.000002     Cmsurf  =  -0.000000
     CDsurf  =  -0.000000     Cnsurf  =  -0.000000
     CDisurf =  -0.000000     CDvsurf =   0.000000

  Forces referred to Ssurf, Cave about hinge axis thru LE
     cl_surf =  -0.000001     cd_surf =  -0.000003

 Strip Forces referred to strip area, chord
    j    xLE         yLE         zLE         Chord       Area        Dihedral   c cl        ai_ff       cl           clj         cd          cdv         cm_c/4     c.p.x/c      Dcj
   716   10.84      -7.653       1.031      0.2056      0.7669E-02   90.00      0.4760E-03 -0.1353E-01  0.2315E-02   0.000     -0.6698E-05   0.000      0.9372E-03 -0.1548       0.000    
   717   10.73      -7.653       1.068      0.4839      0.1805E-01   90.00      0.1128E-02 -0.1285E-01  0.2330E-02   0.000     -0.2973E-05   0.000      0.4459E-03  0.5864E-01   0.000    
   718   10.68      -7.653       1.105      0.6391      0.2384E-01   90.00      0.1896E-02 -0.1104E-01  0.2967E-02   0.000     -0.3895E-05   0.000      0.4883E-03  0.8540E-01   0.000    
   719   10.64      -7.653       1.143      0.7608      0.2838E-01   90.00      0.3230E-02  0.1780E-02  0.4245E-02   0.000     -0.5838E-05   0.000      0.6792E-03  0.9002E-01   0.000    
   720   10.62      -7.653       1.180      0.8552      0.3190E-01   90.00      0.3046E-02  0.4824E-02  0.3562E-02   0.000     -0.1288E-05   0.000      0.5359E-03  0.9953E-01   0.000    
   721   10.62      -7.653       1.208      0.8752      0.1632E-01   90.00      0.4223E-04 -0.1844E-01  0.4826E-04   0.000      0.7477E-07   0.000     -0.4866E-04   1.258       0.000    
   722   10.62      -7.653       1.226      0.8351      0.1557E-01   90.00     -0.2440E-02 -0.3963E-01 -0.2922E-02   0.000     -0.3779E-07   0.000     -0.8360E-04  0.2214       0.000    
   723   10.64      -7.653       1.254      0.7608      0.2838E-01   90.00     -0.2790E-02 -0.2796E-01 -0.3668E-02   0.000     -0.3071E-05   0.000     -0.2686E-04  0.2427       0.000    
   724   10.68      -7.653       1.292      0.6391      0.2384E-01   90.00     -0.1474E-02 -0.1525E-01 -0.2307E-02   0.000     -0.1482E-05   0.000      0.4047E-04  0.2675       0.000    
   725   10.73      -7.653       1.329      0.4839      0.1805E-01   90.00     -0.8433E-03 -0.1384E-01 -0.1743E-02   0.000     -0.8070E-06   0.000      0.9102E-04  0.3022       0.000    
   726   10.84      -7.653       1.366      0.2056      0.7669E-02   90.00     -0.4921E-03 -0.1962E-01 -0.2393E-02   0.000     -0.1288E-05   0.000      0.3970E-03  0.4159       0.000    

 Surface forces referred to Sref,Cref,Bref about Xmom,Ymom,Zmom
 Standard axis orientation,  X fwd, Z down         

  Surface #30     nacelle_8_horizontal                    
     # chordwise =  6   # spanwise = 11     First strip =727
     Surface area = 0.21965           ave. chord = 0.58888    
     CLsurf  =   0.000251     Clsurf  =   0.000094
     CYsurf  =  -0.000000     Cmsurf  =   0.000082
     CDsurf  =   0.000004     Cnsurf  =   0.000003
     CDisurf =   0.000004     CDvsurf =   0.000000

  Forces referred to Ssurf, Cave about hinge axis thru LE
     cl_surf =   0.071712     cd_surf =   0.001152

 Strip Forces referred to strip area, chord
    j    xLE         yLE         zLE         Chord       Area        Dihedral   c cl        ai_ff       cl           clj         cd          cdv         cm_c/4     c.p.x/c      Dcj
   727   10.97      -10.47       1.198      0.2056      0.7669E-02   0.000      0.2515E-01  0.7779E-01  0.1226       0.000     -0.2486E-02   0.000      0.5541E-02  0.2048       0.000    
   728   10.87      -10.43       1.198      0.4839      0.1805E-01   0.000      0.3744E-01  0.8838E-01  0.7747E-01   0.000      0.4967E-03   0.000      0.6456E-02  0.1667       0.000    
   729   10.81      -10.39       1.198      0.6391      0.2384E-01   0.000      0.4491E-01  0.9136E-01  0.7031E-01   0.000      0.1096E-02   0.000      0.6306E-02  0.1603       0.000    
   730   10.77      -10.36       1.198      0.7608      0.2838E-01   0.000      0.4955E-01  0.9569E-01  0.6514E-01   0.000      0.1595E-02   0.000      0.5973E-02  0.1583       0.000    
   731   10.75      -10.32       1.198      0.8552      0.3190E-01   0.000      0.5210E-01  0.1105      0.6090E-01   0.000      0.1949E-02   0.000      0.5688E-02  0.1566       0.000    
   732   10.75      -10.29       1.198      0.8752      0.1632E-01   0.000      0.5249E-01  0.6358E-01  0.5994E-01   0.000      0.2125E-02   0.000      0.5584E-02  0.1568       0.000    
   733   10.75      -10.27       1.198      0.8351      0.1557E-01   0.000      0.5203E-01  0.8220E-01  0.6228E-01   0.000      0.2201E-02   0.000      0.5739E-02  0.1579       0.000    
   734   10.77      -10.24       1.198      0.7608      0.2838E-01   0.000      0.5055E-01  0.8888E-01  0.6645E-01   0.000      0.1640E-02   0.000      0.6016E-02  0.1595       0.000    
   735   10.81      -10.21       1.198      0.6391      0.2384E-01   0.000      0.4605E-01  0.9015E-01  0.7210E-01   0.000      0.1108E-02   0.000      0.6363E-02  0.1618       0.000    
   736   10.87      -10.17       1.198      0.4839      0.1805E-01   0.000      0.3837E-01  0.8808E-01  0.7938E-01   0.000      0.4616E-03   0.000      0.6506E-02  0.1680       0.000    
   737   10.97      -10.13       1.198      0.2056      0.7669E-02   0.000      0.2569E-01  0.7694E-01  0.1253       0.000     -0.2699E-02   0.000      0.5613E-02  0.2052       0.000    

 Surface forces referred to Sref,Cref,Bref about Xmom,Ymom,Zmom
 Standard axis orientation,  X fwd, Z down         

  Surface #31     nacelle_8_vertical                      
     # chordwise =  6   # spanwise = 11     First strip =738
     Surface area = 0.21965           ave. chord = 0.58888    
     CLsurf  =  -0.000000     Clsurf  =   0.000000
     CYsurf  =  -0.000004     Cmsurf  =  -0.000000
     CDsurf  =  -0.000000     Cnsurf  =  -0.000000
     CDisurf =  -0.000000     CDvsurf =   0.000000

  Forces referred to Ssurf, Cave about hinge axis thru LE
     cl_surf =  -0.000002     cd_surf =  -0.000003

 Strip Forces referred to strip area, chord
    j    xLE         yLE         zLE         Chord       Area        Dihedral   c cl        ai_ff       cl           clj         cd          cdv         cm_c/4     c.p.x/c      Dcj
   738   10.97      -10.30       1.031      0.2056      0.7669E-02   90.00      0.6144E-03 -0.1701E-01  0.2988E-02   0.000     -0.1112E-04   0.000      0.1198E-02 -0.1509       0.000    
   739   10.87      -10.30       1.068      0.4839      0.1805E-01   90.00      0.1415E-02 -0.1600E-01  0.2924E-02   0.000     -0.4437E-05   0.000      0.5161E-03  0.7347E-01   0.000    
   740   10.81      -10.30       1.105      0.6391      0.2384E-01   90.00      0.2270E-02 -0.1402E-01  0.3553E-02   0.000     -0.5020E-05   0.000      0.5110E-03  0.1062       0.000    
   741   10.77      -10.30       1.143      0.7608      0.2838E-01   90.00      0.3650E-02 -0.1387E-02  0.4797E-02   0.000     -0.6587E-05   0.000      0.6611E-03  0.1122       0.000    
   742   10.75      -10.30       1.180      0.8552      0.3190E-01   90.00      0.3545E-02  0.1922E-02  0.4146E-02   0.000     -0.1701E-05   0.000      0.4988E-03  0.1297       0.000    
   743   10.75      -10.30       1.208      0.8752      0.1632E-01   90.00      0.7264E-03 -0.2099E-01  0.8300E-03   0.000     -0.5027E-07   0.000     -0.1513E-03  0.4323       0.000    
   744   10.75      -10.30       1.226      0.8351      0.1557E-01   90.00     -0.1690E-02 -0.4127E-01 -0.2023E-02   0.000      0.1892E-06   0.000     -0.1851E-03  0.1585       0.000    
   745   10.77      -10.30       1.254      0.7608      0.2838E-01   90.00     -0.2070E-02 -0.3008E-01 -0.2721E-02   0.000     -0.2146E-05   0.000     -0.1382E-03  0.1992       0.000    
   746   10.81      -10.30       1.292      0.6391      0.2384E-01   90.00     -0.9101E-03 -0.1787E-01 -0.1424E-02   0.000     -0.8538E-06   0.000     -0.7016E-04  0.2007       0.000    
   747   10.87      -10.30       1.329      0.4839      0.1805E-01   90.00     -0.4406E-03 -0.1552E-01 -0.9105E-03   0.000     -0.3420E-06   0.000     -0.1620E-04  0.2322       0.000    
   748   10.97      -10.30       1.366      0.2056      0.7669E-02   90.00     -0.2490E-03 -0.9943E-02 -0.1211E-02   0.000     -0.4011E-06   0.000      0.1733E-03  0.3931       0.000    
