 ---------------------------------------------------------------
Surface and Strip forces by surface

 Surface forces referred to Sref,Cref,Bref about Xmom,Ymom,Zmom
 Standard axis orientation,  X fwd, Z down         

  Surface # 1     main_wing_1                             
     # chordwise = 10   # spanwise = 50     First strip =  1
     Surface area =  10.156           ave. chord =  2.7502    
     CLsurf  =   0.051391     Clsurf  =  -0.003566
     CYsurf  =  -0.000015     Cmsurf  =  -0.031067
     CDsurf  =   0.001327     Cnsurf  =  -0.000084
     CDisurf =   0.000542     CDvsurf =   0.000000

  Forces referred to Ssurf, Cave about hinge axis thru LE
     cl_surf =   0.322659     cd_surf =   0.008332

 Strip Forces referred to strip area, chord
    j    xLE         yLE         zLE         Chord       Area        Dihedral   c cl        ai_ff       cl           clj         cd          cdv         cm_c/4     c.p.x/c      Dcj
     1   12.55      0.9096E-03   1.385       2.762      0.1005E-01   0.000      0.7674      0.1231E-01  0.2780       0.000      0.3706E-02   0.000     -0.3932E-02  0.2641       0.000    
     2   12.55      0.8181E-02   1.385       2.762      0.3010E-01   0.000      0.7674      0.1712E-01  0.2780       0.000      0.3706E-02   0.000     -0.3932E-02  0.2641       0.000    
     3   12.55      0.2269E-01   1.385       2.762      0.5003E-01 -0.7023E-12  0.7674      0.1750E-01  0.2780       0.000      0.3705E-02   0.000     -0.3930E-02  0.2641       0.000    
     4   12.55      0.4439E-01   1.385       2.762      0.6977E-01  0.5036E-12  0.7674      0.1761E-01  0.2781       0.000      0.3703E-02   0.000     -0.3926E-02  0.2641       0.000    
     5   12.55      0.7319E-01   1.385       2.762      0.8923E-01   0.000      0.7675      0.1766E-01  0.2781       0.000      0.3699E-02   0.000     -0.3917E-02  0.2641       0.000    
     6   12.55      0.1090       1.385       2.762      0.1083       0.000      0.7677      0.1768E-01  0.2781       0.000      0.3690E-02   0.000     -0.3898E-02  0.2640       0.000    
     7   12.55      0.1516       1.385       2.762      0.1270       0.000      0.7679      0.1770E-01  0.2782       0.000      0.3675E-02   0.000     -0.3866E-02  0.2639       0.000    
     8   12.55      0.2009       1.385       2.762      0.1452       0.000      0.7683      0.1770E-01  0.2784       0.000      0.3653E-02   0.000     -0.3815E-02  0.2637       0.000    
     9   12.55      0.2567       1.385       2.762      0.1628     -0.2158E-12  0.7688      0.1770E-01  0.2786       0.000      0.3620E-02   0.000     -0.3742E-02  0.2634       0.000    
    10   12.55      0.3187       1.385       2.762      0.1798      0.3909E-12  0.7696      0.1769E-01  0.2789       0.000      0.3573E-02   0.000     -0.3639E-02  0.2630       0.000    
    11   12.55      0.3868       1.385       2.762      0.1960     -0.1792E-12  0.7706      0.1767E-01  0.2792       0.000      0.3509E-02   0.000     -0.3501E-02  0.2625       0.000    
    12   12.55      0.4606       1.385       2.762      0.2115      0.1661E-12  0.7719      0.1763E-01  0.2797       0.000      0.3426E-02   0.000     -0.3324E-02  0.2619       0.000    
    13   12.55      0.5399       1.385       2.762      0.2261     -0.1554E-12  0.7736      0.1759E-01  0.2803       0.000      0.3319E-02   0.000     -0.3101E-02  0.2611       0.000    
    14   12.55      0.6243       1.385       2.762      0.2399       0.000      0.7755      0.1751E-01  0.2810       0.000      0.3184E-02   0.000     -0.2830E-02  0.2601       0.000    
    15   12.55      0.7135       1.385       2.762      0.2527       0.000      0.7779      0.1740E-01  0.2819       0.000      0.3016E-02   0.000     -0.2506E-02  0.2589       0.000    
    16   12.55      0.8072       1.385       2.762      0.2645       0.000      0.7806      0.1723E-01  0.2829       0.000      0.2809E-02   0.000     -0.2128E-02  0.2575       0.000    
    17   12.55      0.9050       1.385       2.762      0.2753       0.000      0.7837      0.1699E-01  0.2840       0.000      0.2557E-02   0.000     -0.1696E-02  0.2560       0.000    
    18   12.55       1.006       1.385       2.762      0.2850       0.000      0.7871      0.1664E-01  0.2853       0.000      0.2248E-02   0.000     -0.1209E-02  0.2542       0.000    
    19   12.55       1.111       1.385       2.762      0.2935       0.000      0.7908      0.1611E-01  0.2866       0.000      0.1864E-02   0.000     -0.6689E-03  0.2523       0.000    
    20   12.55       1.219       1.385       2.762      0.3009       0.000      0.7947      0.1532E-01  0.2881       0.000      0.1374E-02   0.000     -0.7495E-04  0.2503       0.000    
    21   12.55       1.329       1.385       2.762      0.3071       0.000      0.7987      0.1404E-01  0.2896       0.000      0.7111E-03   0.000      0.5757E-03  0.2480       0.000    
    22   12.55       1.441       1.385       2.762      0.3121       0.000      0.8029      0.1178E-01  0.2911       0.000     -0.2883E-03   0.000      0.1293E-02  0.2456       0.000    
    23   12.55       1.555       1.385       2.762      0.3159       0.000      0.8071      0.6948E-02  0.2927       0.000     -0.2122E-02   0.000      0.2106E-02  0.2428       0.000    
    24   12.55       1.682       1.385       2.760      0.3829       0.000      0.8115     -0.1537E-01  0.2948       0.000     -0.8305E-02   0.000      0.3159E-02  0.2393       0.000    
    25   12.55       1.809       1.385       2.758      0.3223       0.000      0.6069      0.4630E-01  0.3847      0.1650      0.2885E-01   0.000      0.2663E-01  0.1808       1.723    
    26   12.55       1.926       1.385       2.756      0.3221       0.000      0.5718      0.4414E-01  0.3862      0.1789      0.2542E-01   0.000      0.2765E-01  0.1784       1.724    
    27   12.55       2.043       1.385       2.753      0.3205      0.1093E-12  0.5550      0.4291E-01  0.3865      0.1852      0.2455E-01   0.000      0.2821E-01  0.1770       1.726    
    28   12.55       2.159       1.385       2.751      0.3177       0.000      0.5460      0.4225E-01  0.3855      0.1873      0.2416E-01   0.000      0.2826E-01  0.1767       1.727    
    29   12.55       2.274       1.385       2.749      0.3137     -0.2230E-12  0.5419      0.4283E-01  0.3842      0.1873      0.2398E-01   0.000      0.2807E-01  0.1769       1.729    
    30   12.55       2.387       1.385       2.746      0.3084      0.1133E-12  0.5418      0.3456E-01  0.3854      0.1884      0.2405E-01   0.000      0.2835E-01  0.1764       1.730    
    31   12.55       2.498       1.385       2.744      0.3019       0.000      0.5454      0.4195E-01  0.3882      0.1898      0.2431E-01   0.000      0.2891E-01  0.1755       1.731    
    32   12.55       2.607       1.385       2.742      0.2943       0.000      0.5528      0.4237E-01  0.3913      0.1899      0.2476E-01   0.000      0.2937E-01  0.1749       1.733    
    33   12.55       2.713       1.385       2.740      0.2855       0.000      0.5651      0.4318E-01  0.3932      0.1872      0.2544E-01   0.000      0.2943E-01  0.1752       1.734    
    34   12.55       2.815       1.385       2.738      0.2756     -0.1264E-12  0.5854      0.4446E-01  0.3941      0.1806      0.2679E-01   0.000      0.2910E-01  0.1762       1.735    
    35   12.55       2.914       1.385       2.736      0.2646      0.1315E-12  0.6242      0.4662E-01  0.3942      0.1664      0.3183E-01   0.000      0.2846E-01  0.1778       1.737    
    36   12.55       3.007       1.385       2.734      0.2406      0.1446E-12  0.8329     -0.3428E-01  0.3058       0.000     -0.1552E-01   0.000      0.5410E-02  0.2323       0.000    
    37   12.55       3.092       1.385       2.733      0.2282     -0.1523E-12  0.8324     -0.1193E-02  0.3053       0.000     -0.6024E-02   0.000      0.4836E-02  0.2342       0.000    
    38   12.55       3.173       1.385       2.731      0.2150       0.000      0.8319      0.5873E-02  0.3052       0.000     -0.3599E-02   0.000      0.4456E-02  0.2354       0.000    
    39   12.55       3.250       1.385       2.730      0.2010       0.000      0.8314      0.8911E-02  0.3052       0.000     -0.2448E-02   0.000      0.4185E-02  0.2363       0.000    
    40   12.55       3.321       1.385       2.728      0.1862       0.000      0.8310      0.1053E-01  0.3051       0.000     -0.1801E-02   0.000      0.3985E-02  0.2369       0.000    
    41   12.55       3.386       1.385       2.727      0.1707       0.000      0.8306      0.1147E-01  0.3051       0.000     -0.1403E-02   0.000      0.3838E-02  0.2374       0.000    
    42   12.55       3.446       1.385       2.726      0.1545       0.000      0.8301      0.1203E-01  0.3050       0.000     -0.1148E-02   0.000      0.3732E-02  0.2378       0.000    
    43   12.55       3.499       1.385       2.725      0.1377       0.000      0.8297      0.1238E-01  0.3050       0.000     -0.9808E-03   0.000      0.3655E-02  0.2380       0.000    
    44   12.56       3.547       1.385       2.724      0.1204       0.000      0.8294      0.1258E-01  0.3050       0.000     -0.8720E-03   0.000      0.3603E-02  0.2382       0.000    
    45   12.56       3.588       1.385       2.723      0.1027       0.000      0.8291      0.1268E-01  0.3049       0.000     -0.8029E-03   0.000      0.3568E-02  0.2383       0.000    
    46   12.56       3.622       1.385       2.722      0.8456E-01   0.000      0.8288      0.1273E-01  0.3049       0.000     -0.7609E-03   0.000      0.3547E-02  0.2384       0.000    
    47   12.56       3.650       1.385       2.722      0.6611E-01   0.000      0.8286      0.1274E-01  0.3049       0.000     -0.7369E-03   0.000      0.3534E-02  0.2384       0.000    
    48   12.56       3.671       1.385       2.721      0.4740E-01   0.000      0.8284      0.1274E-01  0.3049       0.000     -0.7244E-03   0.000      0.3528E-02  0.2384       0.000    
    49   12.56       3.685       1.385       2.721      0.2851E-01   0.000      0.8283      0.1273E-01  0.3049       0.000     -0.7187E-03   0.000      0.3525E-02  0.2384       0.000    
    50   12.56       3.692       1.385       2.721      0.9516E-02   0.000      0.8282      0.1272E-01  0.3049       0.000     -0.7165E-03   0.000      0.3524E-02  0.2384       0.000    

 Surface forces referred to Sref,Cref,Bref about Xmom,Ymom,Zmom
 Standard axis orientation,  X fwd, Z down         

  Surface # 2     main_wing_1 (YDUP)                      
     # chordwise = 10   # spanwise = 50     First strip = 51
     Surface area =  10.156           ave. chord =  2.7502    
     CLsurf  =   0.051320     Clsurf  =   0.003560
     CYsurf  =   0.000015     Cmsurf  =  -0.031036
     CDsurf  =   0.001323     Cnsurf  =   0.000084
     CDisurf =   0.000541     CDvsurf =   0.000000

  Forces referred to Ssurf, Cave about hinge axis thru LE
     cl_surf =   0.322216     cd_surf =   0.008306

 Strip Forces referred to strip area, chord
    j    xLE         yLE         zLE         Chord       Area        Dihedral   c cl        ai_ff       cl           clj         cd          cdv         cm_c/4     c.p.x/c      Dcj
    51   12.55     -0.9096E-03   1.385       2.762      0.1005E-01   0.000      0.7674      0.2313E-01  0.2780       0.000      0.3706E-02   0.000     -0.3932E-02  0.2641       0.000    
    52   12.55     -0.8181E-02   1.385       2.762      0.3010E-01   0.000      0.7674      0.1832E-01  0.2780       0.000      0.3706E-02   0.000     -0.3931E-02  0.2641       0.000    
    53   12.55     -0.2269E-01   1.385       2.762      0.5003E-01  0.7023E-12  0.7674      0.1794E-01  0.2780       0.000      0.3705E-02   0.000     -0.3930E-02  0.2641       0.000    
    54   12.55     -0.4439E-01   1.385       2.762      0.6977E-01 -0.5036E-12  0.7674      0.1783E-01  0.2781       0.000      0.3703E-02   0.000     -0.3926E-02  0.2641       0.000    
    55   12.55     -0.7319E-01   1.385       2.762      0.8923E-01   0.000      0.7675      0.1778E-01  0.2781       0.000      0.3699E-02   0.000     -0.3916E-02  0.2641       0.000    
    56   12.55     -0.1090       1.385       2.762      0.1083       0.000      0.7676      0.1775E-01  0.2781       0.000      0.3691E-02   0.000     -0.3897E-02  0.2640       0.000    
    57   12.55     -0.1516       1.385       2.762      0.1270       0.000      0.7678      0.1773E-01  0.2782       0.000      0.3677E-02   0.000     -0.3865E-02  0.2639       0.000    
    58   12.55     -0.2009       1.385       2.762      0.1452       0.000      0.7682      0.1772E-01  0.2783       0.000      0.3654E-02   0.000     -0.3814E-02  0.2637       0.000    
    59   12.55     -0.2567       1.385       2.762      0.1628      0.2158E-12  0.7688      0.1771E-01  0.2785       0.000      0.3621E-02   0.000     -0.3740E-02  0.2634       0.000    
    60   12.55     -0.3187       1.385       2.762      0.1798     -0.3909E-12  0.7695      0.1769E-01  0.2788       0.000      0.3573E-02   0.000     -0.3636E-02  0.2630       0.000    
    61   12.55     -0.3868       1.385       2.762      0.1960      0.1792E-12  0.7705      0.1767E-01  0.2792       0.000      0.3510E-02   0.000     -0.3498E-02  0.2625       0.000    
    62   12.55     -0.4606       1.385       2.762      0.2115     -0.1661E-12  0.7718      0.1764E-01  0.2797       0.000      0.3426E-02   0.000     -0.3320E-02  0.2619       0.000    
    63   12.55     -0.5399       1.385       2.762      0.2261      0.1554E-12  0.7734      0.1759E-01  0.2803       0.000      0.3318E-02   0.000     -0.3097E-02  0.2611       0.000    
    64   12.55     -0.6243       1.385       2.762      0.2399       0.000      0.7754      0.1752E-01  0.2810       0.000      0.3183E-02   0.000     -0.2825E-02  0.2601       0.000    
    65   12.55     -0.7135       1.385       2.762      0.2527       0.000      0.7777      0.1740E-01  0.2818       0.000      0.3014E-02   0.000     -0.2501E-02  0.2589       0.000    
    66   12.55     -0.8072       1.385       2.762      0.2645       0.000      0.7804      0.1724E-01  0.2828       0.000      0.2808E-02   0.000     -0.2123E-02  0.2575       0.000    
    67   12.55     -0.9050       1.385       2.762      0.2753       0.000      0.7835      0.1700E-01  0.2839       0.000      0.2555E-02   0.000     -0.1690E-02  0.2560       0.000    
    68   12.55      -1.006       1.385       2.762      0.2850       0.000      0.7869      0.1664E-01  0.2852       0.000      0.2246E-02   0.000     -0.1203E-02  0.2542       0.000    
    69   12.55      -1.111       1.385       2.762      0.2935       0.000      0.7905      0.1612E-01  0.2865       0.000      0.1863E-02   0.000     -0.6634E-03  0.2523       0.000    
    70   12.55      -1.219       1.385       2.762      0.3009       0.000      0.7944      0.1532E-01  0.2879       0.000      0.1373E-02   0.000     -0.7062E-04  0.2502       0.000    
    71   12.55      -1.329       1.385       2.762      0.3071       0.000      0.7984      0.1405E-01  0.2894       0.000      0.7116E-03   0.000      0.5777E-03  0.2480       0.000    
    72   12.55      -1.441       1.385       2.762      0.3121       0.000      0.8024      0.1179E-01  0.2910       0.000     -0.2841E-03   0.000      0.1291E-02  0.2456       0.000    
    73   12.55      -1.555       1.385       2.762      0.3159       0.000      0.8065      0.6959E-02  0.2925       0.000     -0.2109E-02   0.000      0.2097E-02  0.2428       0.000    
    74   12.55      -1.682       1.385       2.760      0.3829       0.000      0.8107     -0.1535E-01  0.2945       0.000     -0.8257E-02   0.000      0.3135E-02  0.2394       0.000    
    75   12.55      -1.809       1.385       2.758      0.3223       0.000      0.6063      0.4630E-01  0.3843      0.1648      0.2881E-01   0.000      0.2658E-01  0.1808       1.723    
    76   12.55      -1.926       1.385       2.756      0.3221       0.000      0.5712      0.4414E-01  0.3855      0.1785      0.2537E-01   0.000      0.2755E-01  0.1785       1.724    
    77   12.55      -2.043       1.385       2.753      0.3205     -0.1093E-12  0.5543      0.4290E-01  0.3855      0.1845      0.2448E-01   0.000      0.2801E-01  0.1773       1.726    
    78   12.55      -2.159       1.385       2.751      0.3177       0.000      0.5451      0.4225E-01  0.3838      0.1859      0.2404E-01   0.000      0.2789E-01  0.1773       1.727    
    79   12.55      -2.274       1.385       2.749      0.3137      0.2230E-12  0.5409      0.4314E-01  0.3818      0.1853      0.2383E-01   0.000      0.2753E-01  0.1779       1.729    
    80   12.55      -2.387       1.385       2.746      0.3084     -0.1133E-12  0.5408      0.3166E-01  0.3830      0.1864      0.2390E-01   0.000      0.2783E-01  0.1773       1.730    
    81   12.55      -2.498       1.385       2.744      0.3019       0.000      0.5445      0.4195E-01  0.3863      0.1882      0.2420E-01   0.000      0.2850E-01  0.1762       1.731    
    82   12.55      -2.607       1.385       2.742      0.2943       0.000      0.5521      0.4235E-01  0.3901      0.1891      0.2468E-01   0.000      0.2914E-01  0.1753       1.733    
    83   12.55      -2.713       1.385       2.740      0.2855       0.000      0.5645      0.4317E-01  0.3926      0.1868      0.2539E-01   0.000      0.2932E-01  0.1753       1.734    
    84   12.55      -2.815       1.385       2.738      0.2756      0.1264E-12  0.5849      0.4446E-01  0.3937      0.1804      0.2675E-01   0.000      0.2905E-01  0.1762       1.735    
    85   12.55      -2.914       1.385       2.736      0.2646     -0.1315E-12  0.6238      0.4662E-01  0.3940      0.1663      0.3181E-01   0.000      0.2844E-01  0.1778       1.737    
    86   12.55      -3.007       1.385       2.734      0.2406     -0.1446E-12  0.8325     -0.3426E-01  0.3057       0.000     -0.1550E-01   0.000      0.5409E-02  0.2323       0.000    
    87   12.55      -3.092       1.385       2.733      0.2282      0.1523E-12  0.8321     -0.1181E-02  0.3052       0.000     -0.6029E-02   0.000      0.4843E-02  0.2341       0.000    
    88   12.55      -3.173       1.385       2.731      0.2150       0.000      0.8317      0.5883E-02  0.3052       0.000     -0.3609E-02   0.000      0.4468E-02  0.2354       0.000    
    89   12.55      -3.250       1.385       2.730      0.2010       0.000      0.8313      0.8920E-02  0.3051       0.000     -0.2460E-02   0.000      0.4198E-02  0.2362       0.000    
    90   12.55      -3.321       1.385       2.728      0.1862       0.000      0.8309      0.1053E-01  0.3051       0.000     -0.1813E-02   0.000      0.4000E-02  0.2369       0.000    
    91   12.55      -3.386       1.385       2.727      0.1707       0.000      0.8305      0.1147E-01  0.3051       0.000     -0.1415E-02   0.000      0.3853E-02  0.2374       0.000    
    92   12.55      -3.446       1.385       2.726      0.1545       0.000      0.8301      0.1204E-01  0.3050       0.000     -0.1159E-02   0.000      0.3747E-02  0.2377       0.000    
    93   12.55      -3.499       1.385       2.725      0.1377       0.000      0.8297      0.1238E-01  0.3050       0.000     -0.9921E-03   0.000      0.3670E-02  0.2380       0.000    
    94   12.56      -3.547       1.385       2.724      0.1204       0.000      0.8294      0.1258E-01  0.3050       0.000     -0.8830E-03   0.000      0.3618E-02  0.2381       0.000    
    95   12.56      -3.588       1.385       2.723      0.1027       0.000      0.8291      0.1269E-01  0.3050       0.000     -0.8135E-03   0.000      0.3583E-02  0.2383       0.000    
    96   12.56      -3.622       1.385       2.722      0.8456E-01   0.000      0.8288      0.1274E-01  0.3049       0.000     -0.7712E-03   0.000      0.3561E-02  0.2383       0.000    
    97   12.56      -3.650       1.385       2.722      0.6611E-01   0.000      0.8286      0.1275E-01  0.3049       0.000     -0.7469E-03   0.000      0.3549E-02  0.2384       0.000    
    98   12.56      -3.671       1.385       2.721      0.4740E-01   0.000      0.8284      0.1274E-01  0.3049       0.000     -0.7343E-03   0.000      0.3542E-02  0.2384       0.000    
    99   12.56      -3.685       1.385       2.721      0.2851E-01   0.000      0.8283      0.1273E-01  0.3049       0.000     -0.7285E-03   0.000      0.3539E-02  0.2384       0.000    
   100   12.56      -3.692       1.385       2.721      0.9516E-02   0.000      0.8283      0.1272E-01  0.3049       0.000     -0.7263E-03   0.000      0.3538E-02  0.2384       0.000    

 Surface forces referred to Sref,Cref,Bref about Xmom,Ymom,Zmom
 Standard axis orientation,  X fwd, Z down         

  Surface # 3     main_wing_2                             
     # chordwise = 10   # spanwise = 50     First strip =101
     Surface area =  6.9452           ave. chord =  2.5990    
     CLsurf  =   0.038255     Clsurf  =  -0.006933
     CYsurf  =  -0.000096     Cmsurf  =  -0.022510
     CDsurf  =   0.001103     Cnsurf  =  -0.000150
     CDisurf =   0.000299     CDvsurf =   0.000000

  Forces referred to Ssurf, Cave about hinge axis thru LE
     cl_surf =   0.351208     cd_surf =   0.010127

 Strip Forces referred to strip area, chord
    j    xLE         yLE         zLE         Chord       Area        Dihedral   c cl        ai_ff       cl           clj         cd          cdv         cm_c/4     c.p.x/c      Dcj
   101   12.56       3.693       1.385       2.721      0.7640E-02   0.000      0.8282      0.1272E-01  0.3049       0.000     -0.7162E-03   0.000      0.3524E-02  0.2384       0.000    
   102   12.56       3.699       1.385       2.721      0.2289E-01   0.000      0.8282      0.1271E-01  0.3049       0.000     -0.7149E-03   0.000      0.3523E-02  0.2384       0.000    
   103   12.56       3.710       1.385       2.720      0.3805E-01   0.000      0.8281      0.1269E-01  0.3048       0.000     -0.7135E-03   0.000      0.3522E-02  0.2384       0.000    
   104   12.56       3.727       1.385       2.720      0.5305E-01 -0.6524E-12  0.8279      0.1266E-01  0.3048       0.000     -0.7137E-03   0.000      0.3522E-02  0.2384       0.000    
   105   12.56       3.749       1.385       2.720      0.6783E-01  0.5101E-12  0.8278      0.1260E-01  0.3048       0.000     -0.7188E-03   0.000      0.3525E-02  0.2384       0.000    
   106   12.56       3.777       1.385       2.719      0.8234E-01   0.000      0.8275      0.1251E-01  0.3048       0.000     -0.7326E-03   0.000      0.3532E-02  0.2384       0.000    
   107   12.56       3.810       1.385       2.719      0.9652E-01   0.000      0.8272      0.1237E-01  0.3048       0.000     -0.7603E-03   0.000      0.3547E-02  0.2384       0.000    
   108   12.56       3.848       1.385       2.718      0.1103     -0.3135E-12  0.8269      0.1216E-01  0.3047       0.000     -0.8083E-03   0.000      0.3571E-02  0.2383       0.000    
   109   12.56       3.891       1.385       2.717      0.1236      0.2796E-12  0.8265      0.1186E-01  0.3047       0.000     -0.8854E-03   0.000      0.3609E-02  0.2382       0.000    
   110   12.56       3.939       1.385       2.716      0.1365       0.000      0.8260      0.1144E-01  0.3046       0.000     -0.1003E-02   0.000      0.3665E-02  0.2380       0.000    
   111   12.56       3.991       1.385       2.715      0.1488     -0.2322E-12  0.8255      0.1083E-01  0.3046       0.000     -0.1179E-02   0.000      0.3744E-02  0.2377       0.000    
   112   12.56       4.048       1.385       2.714      0.1604      0.2152E-12  0.8250      0.9940E-02  0.3045       0.000     -0.1438E-02   0.000      0.3850E-02  0.2374       0.000    
   113   12.56       4.109       1.385       2.713      0.1715       0.000      0.8244      0.8636E-02  0.3044       0.000     -0.1771E-02   0.000      0.3990E-02  0.2369       0.000    
   114   12.56       4.167       1.385       2.709      0.1390     -0.2480E-12  0.8237      0.6641E-02  0.3046       0.000     -0.2379E-02   0.000      0.4173E-02  0.2363       0.000    
   115   12.56       4.219       1.385       2.702      0.1460      0.2354E-12  0.8230      0.3670E-02  0.3051       0.000     -0.3491E-02   0.000      0.4395E-02  0.2356       0.000    
   116   12.56       4.275       1.385       2.696      0.1525       0.000      0.8223     -0.1318E-02  0.3057       0.000     -0.5130E-02   0.000      0.4672E-02  0.2347       0.000    
   117   12.56       4.333       1.385       2.689      0.1583       0.000      0.8215     -0.1212E-01  0.3064       0.000     -0.8359E-02   0.000      0.5035E-02  0.2336       0.000    
   118   12.57       4.392       1.385       2.681      0.1634       0.000      0.8207     -0.6090E-01  0.3077       0.000     -0.2215E-01   0.000      0.5542E-02  0.2320       0.000    
   119   12.57       4.464       1.385       2.672      0.2191       0.000      0.6183      0.4656E-01  0.3984      0.1674      0.3375E-01   0.000      0.2898E-01  0.1773       1.778    
   120   12.57       4.547       1.385       2.662      0.2238      0.1514E-12  0.5794      0.4426E-01  0.3997      0.1823      0.2792E-01   0.000      0.2972E-01  0.1756       1.785    
   121   12.57       4.632       1.385       2.652      0.2275     -0.1483E-12  0.5580      0.4281E-01  0.4003      0.1902      0.2646E-01   0.000      0.3026E-01  0.1744       1.792    
   122   12.58       4.718       1.385       2.641      0.2303       0.000      0.5438      0.4180E-01  0.4004      0.1948      0.2579E-01   0.000      0.3056E-01  0.1737       1.799    
   123   12.58       4.806       1.385       2.630      0.2321       0.000      0.5339      0.4111E-01  0.3997      0.1970      0.2541E-01   0.000      0.3057E-01  0.1735       1.806    
   124   12.58       4.895       1.385       2.619      0.2330     -0.1430E-12  0.5270      0.4079E-01  0.3984      0.1975      0.2517E-01   0.000      0.3038E-01  0.1737       1.814    
   125   12.58       4.984       1.385       2.608      0.2329      0.2850E-12  0.5227      0.4164E-01  0.3978      0.1977      0.2507E-01   0.000      0.3028E-01  0.1739       1.822    
   126   12.59       5.073       1.385       2.597      0.2319     -0.1425E-12  0.5207      0.3934E-01  0.3988      0.1986      0.2514E-01   0.000      0.3048E-01  0.1736       1.829    
   127   12.59       5.163       1.385       2.586      0.2300       0.000      0.5212      0.4054E-01  0.4011      0.1999      0.2534E-01   0.000      0.3090E-01  0.1729       1.837    
   128   12.59       5.251       1.385       2.576      0.2273       0.000      0.5243      0.4082E-01  0.4039      0.2006      0.2569E-01   0.000      0.3133E-01  0.1724       1.845    
   129   12.59       5.339       1.385       2.565      0.2236       0.000      0.5305      0.4142E-01  0.4061      0.1996      0.2618E-01   0.000      0.3151E-01  0.1724       1.853    
   130   12.60       5.425       1.385       2.554      0.2191       0.000      0.5410      0.4237E-01  0.4076      0.1960      0.2696E-01   0.000      0.3139E-01  0.1730       1.860    
   131   12.60       5.510       1.385       2.544      0.2138       0.000      0.5589      0.4380E-01  0.4084      0.1890      0.2854E-01   0.000      0.3102E-01  0.1741       1.868    
   132   12.60       5.593       1.385       2.534      0.2077       0.000      0.5942      0.4618E-01  0.4087      0.1745      0.3466E-01   0.000      0.3040E-01  0.1756       1.875    
   133   12.61       5.670       1.385       2.524      0.1798      0.1786E-12  0.7876     -0.5863E-01  0.3134       0.000     -0.1866E-01   0.000      0.5582E-02  0.2322       0.000    
   134   12.61       5.740       1.385       2.515      0.1731     -0.1849E-12  0.7850     -0.1383E-01  0.3129       0.000     -0.7474E-02   0.000      0.4978E-02  0.2341       0.000    
   135   12.61       5.808       1.385       2.507      0.1657       0.000      0.7827     -0.4125E-02  0.3128       0.000     -0.4642E-02   0.000      0.4552E-02  0.2354       0.000    
   136   12.61       5.872       1.385       2.499      0.1578       0.000      0.7805      0.1281E-03  0.3129       0.000     -0.3255E-02   0.000      0.4231E-02  0.2365       0.000    
   137   12.61       5.934       1.385       2.492      0.1494      0.2122E-12  0.7784      0.2447E-02  0.3130       0.000     -0.2451E-02   0.000      0.3982E-02  0.2373       0.000    
   138   12.61       5.992       1.385       2.485      0.1404     -0.2251E-12  0.7764      0.3845E-02  0.3130       0.000     -0.1941E-02   0.000      0.3786E-02  0.2379       0.000    
   139   12.62       6.047       1.385       2.478      0.1310       0.000      0.7746      0.4733E-02  0.3131       0.000     -0.1599E-02   0.000      0.3633E-02  0.2384       0.000    
   140   12.62       6.098       1.385       2.472      0.1211       0.000      0.7729      0.5307E-02  0.3132       0.000     -0.1364E-02   0.000      0.3514E-02  0.2388       0.000    
   141   12.62       6.145       1.385       2.466      0.1108     -0.2832E-12  0.7714      0.5678E-02  0.3133       0.000     -0.1201E-02   0.000      0.3423E-02  0.2391       0.000    
   142   12.62       6.188       1.385       2.460      0.1001       0.000      0.7700      0.5911E-02  0.3134       0.000     -0.1088E-02   0.000      0.3355E-02  0.2393       0.000    
   143   12.62       6.226       1.385       2.456      0.8911E-01   0.000      0.7687      0.6049E-02  0.3135       0.000     -0.1011E-02   0.000      0.3305E-02  0.2395       0.000    
   144   12.62       6.260       1.385       2.452      0.7782E-01  0.4008E-12  0.7676      0.6120E-02  0.3136       0.000     -0.9596E-03   0.000      0.3271E-02  0.2396       0.000    
   145   12.62       6.290       1.385       2.448      0.6628E-01   0.000      0.7666      0.6147E-02  0.3137       0.000     -0.9276E-03   0.000      0.3248E-02  0.2396       0.000    
   146   12.62       6.314       1.385       2.445      0.5452E-01   0.000      0.7658      0.6146E-02  0.3137       0.000     -0.9090E-03   0.000      0.3233E-02  0.2397       0.000    
   147   12.63       6.334       1.385       2.442      0.4259E-01   0.000      0.7652      0.6130E-02  0.3138       0.000     -0.8993E-03   0.000      0.3224E-02  0.2397       0.000    
   148   12.63       6.349       1.385       2.441      0.3052E-01   0.000      0.7647      0.6109E-02  0.3138       0.000     -0.8953E-03   0.000      0.3219E-02  0.2397       0.000    
   149   12.63       6.359       1.385       2.439      0.1835E-01   0.000      0.7644      0.6091E-02  0.3138       0.000     -0.8944E-03   0.000      0.3217E-02  0.2397       0.000    
   150   12.63       6.364       1.385       2.439      0.6123E-02   0.000      0.7642      0.6081E-02  0.3138       0.000     -0.8957E-03   0.000      0.3216E-02  0.2398       0.000    

 Surface forces referred to Sref,Cref,Bref about Xmom,Ymom,Zmom
 Standard axis orientation,  X fwd, Z down         

  Surface # 4     main_wing_2 (YDUP)                      
     # chordwise = 10   # spanwise = 50     First strip =151
     Surface area =  6.9452           ave. chord =  2.5990    
     CLsurf  =   0.038257     Clsurf  =   0.006934
     CYsurf  =   0.000096     Cmsurf  =  -0.022511
     CDsurf  =   0.001103     Cnsurf  =   0.000150
     CDisurf =   0.000298     CDvsurf =   0.000000

  Forces referred to Ssurf, Cave about hinge axis thru LE
     cl_surf =   0.351233     cd_surf =   0.010125

 Strip Forces referred to strip area, chord
    j    xLE         yLE         zLE         Chord       Area        Dihedral   c cl        ai_ff       cl           clj         cd          cdv         cm_c/4     c.p.x/c      Dcj
   151   12.56      -3.693       1.385       2.721      0.7640E-02   0.000      0.8283      0.1272E-01  0.3049       0.000     -0.7259E-03   0.000      0.3538E-02  0.2384       0.000    
   152   12.56      -3.699       1.385       2.721      0.2289E-01   0.000      0.8282      0.1271E-01  0.3049       0.000     -0.7246E-03   0.000      0.3537E-02  0.2384       0.000    
   153   12.56      -3.710       1.385       2.720      0.3805E-01   0.000      0.8281      0.1270E-01  0.3049       0.000     -0.7231E-03   0.000      0.3536E-02  0.2384       0.000    
   154   12.56      -3.727       1.385       2.720      0.5305E-01  0.6524E-12  0.8280      0.1266E-01  0.3048       0.000     -0.7232E-03   0.000      0.3536E-02  0.2384       0.000    
   155   12.56      -3.749       1.385       2.720      0.6783E-01 -0.5101E-12  0.8278      0.1261E-01  0.3048       0.000     -0.7281E-03   0.000      0.3538E-02  0.2384       0.000    
   156   12.56      -3.777       1.385       2.719      0.8234E-01   0.000      0.8276      0.1252E-01  0.3048       0.000     -0.7417E-03   0.000      0.3545E-02  0.2384       0.000    
   157   12.56      -3.810       1.385       2.719      0.9652E-01   0.000      0.8273      0.1238E-01  0.3048       0.000     -0.7691E-03   0.000      0.3559E-02  0.2383       0.000    
   158   12.56      -3.848       1.385       2.718      0.1103      0.3135E-12  0.8269      0.1217E-01  0.3047       0.000     -0.8169E-03   0.000      0.3584E-02  0.2382       0.000    
   159   12.56      -3.891       1.385       2.717      0.1236     -0.2796E-12  0.8265      0.1187E-01  0.3047       0.000     -0.8937E-03   0.000      0.3621E-02  0.2381       0.000    
   160   12.56      -3.939       1.385       2.716      0.1365       0.000      0.8261      0.1144E-01  0.3046       0.000     -0.1011E-02   0.000      0.3677E-02  0.2379       0.000    
   161   12.56      -3.991       1.385       2.715      0.1488      0.2322E-12  0.8256      0.1083E-01  0.3046       0.000     -0.1187E-02   0.000      0.3755E-02  0.2377       0.000    
   162   12.56      -4.048       1.385       2.714      0.1604     -0.2152E-12  0.8250      0.9945E-02  0.3045       0.000     -0.1446E-02   0.000      0.3861E-02  0.2373       0.000    
   163   12.56      -4.109       1.385       2.713      0.1715       0.000      0.8244      0.8641E-02  0.3044       0.000     -0.1779E-02   0.000      0.4000E-02  0.2369       0.000    
   164   12.56      -4.167       1.385       2.709      0.1390      0.2480E-12  0.8238      0.6645E-02  0.3046       0.000     -0.2387E-02   0.000      0.4183E-02  0.2363       0.000    
   165   12.56      -4.219       1.385       2.702      0.1460     -0.2354E-12  0.8231      0.3674E-02  0.3052       0.000     -0.3498E-02   0.000      0.4405E-02  0.2356       0.000    
   166   12.56      -4.275       1.385       2.696      0.1525       0.000      0.8223     -0.1313E-02  0.3057       0.000     -0.5138E-02   0.000      0.4682E-02  0.2347       0.000    
   167   12.56      -4.333       1.385       2.689      0.1583       0.000      0.8216     -0.1211E-01  0.3064       0.000     -0.8368E-02   0.000      0.5044E-02  0.2335       0.000    
   168   12.57      -4.392       1.385       2.681      0.1634       0.000      0.8208     -0.6089E-01  0.3077       0.000     -0.2216E-01   0.000      0.5551E-02  0.2320       0.000    
   169   12.57      -4.464       1.385       2.672      0.2191       0.000      0.6183      0.4656E-01  0.3985      0.1674      0.3375E-01   0.000      0.2899E-01  0.1773       1.778    
   170   12.57      -4.547       1.385       2.662      0.2238     -0.1514E-12  0.5794      0.4426E-01  0.3997      0.1823      0.2792E-01   0.000      0.2973E-01  0.1756       1.785    
   171   12.57      -4.632       1.385       2.652      0.2275      0.1483E-12  0.5580      0.4281E-01  0.4003      0.1902      0.2646E-01   0.000      0.3027E-01  0.1744       1.792    
   172   12.58      -4.718       1.385       2.641      0.2303       0.000      0.5438      0.4180E-01  0.4004      0.1948      0.2579E-01   0.000      0.3057E-01  0.1737       1.799    
   173   12.58      -4.806       1.385       2.630      0.2321       0.000      0.5339      0.4111E-01  0.3997      0.1970      0.2541E-01   0.000      0.3058E-01  0.1735       1.806    
   174   12.58      -4.895       1.385       2.619      0.2330      0.1430E-12  0.5271      0.4079E-01  0.3984      0.1975      0.2517E-01   0.000      0.3039E-01  0.1737       1.814    
   175   12.58      -4.984       1.385       2.608      0.2329     -0.2850E-12  0.5227      0.4164E-01  0.3978      0.1977      0.2508E-01   0.000      0.3028E-01  0.1739       1.822    
   176   12.59      -5.073       1.385       2.597      0.2319      0.1425E-12  0.5207      0.3934E-01  0.3988      0.1986      0.2514E-01   0.000      0.3049E-01  0.1736       1.829    
   177   12.59      -5.163       1.385       2.586      0.2300       0.000      0.5212      0.4054E-01  0.4011      0.1999      0.2535E-01   0.000      0.3091E-01  0.1729       1.837    
   178   12.59      -5.251       1.385       2.576      0.2273       0.000      0.5243      0.4082E-01  0.4039      0.2006      0.2569E-01   0.000      0.3133E-01  0.1724       1.845    
   179   12.59      -5.339       1.385       2.565      0.2236       0.000      0.5305      0.4142E-01  0.4061      0.1996      0.2618E-01   0.000      0.3151E-01  0.1724       1.853    
   180   12.60      -5.425       1.385       2.554      0.2191       0.000      0.5410      0.4237E-01  0.4076      0.1960      0.2696E-01   0.000      0.3140E-01  0.1730       1.860    
   181   12.60      -5.510       1.385       2.544      0.2138       0.000      0.5589      0.4380E-01  0.4085      0.1890      0.2855E-01   0.000      0.3102E-01  0.1740       1.868    
   182   12.60      -5.593       1.385       2.534      0.2077       0.000      0.5942      0.4618E-01  0.4088      0.1746      0.3467E-01   0.000      0.3041E-01  0.1756       1.875    
   183   12.61      -5.670       1.385       2.524      0.1798     -0.1786E-12  0.7877     -0.5863E-01  0.3135       0.000     -0.1867E-01   0.000      0.5585E-02  0.2322       0.000    
   184   12.61      -5.740       1.385       2.515      0.1731      0.1849E-12  0.7851     -0.1383E-01  0.3129       0.000     -0.7478E-02   0.000      0.4980E-02  0.2341       0.000    
   185   12.61      -5.808       1.385       2.507      0.1657       0.000      0.7827     -0.4125E-02  0.3129       0.000     -0.4645E-02   0.000      0.4555E-02  0.2354       0.000    
   186   12.61      -5.872       1.385       2.499      0.1578       0.000      0.7805      0.1282E-03  0.3129       0.000     -0.3258E-02   0.000      0.4234E-02  0.2365       0.000    
   187   12.61      -5.934       1.385       2.492      0.1494     -0.2122E-12  0.7784      0.2446E-02  0.3130       0.000     -0.2453E-02   0.000      0.3984E-02  0.2373       0.000    
   188   12.61      -5.992       1.385       2.485      0.1404      0.2251E-12  0.7765      0.3845E-02  0.3131       0.000     -0.1943E-02   0.000      0.3788E-02  0.2379       0.000    
   189   12.62      -6.047       1.385       2.478      0.1310       0.000      0.7747      0.4732E-02  0.3132       0.000     -0.1601E-02   0.000      0.3634E-02  0.2384       0.000    
   190   12.62      -6.098       1.385       2.472      0.1211       0.000      0.7730      0.5307E-02  0.3133       0.000     -0.1366E-02   0.000      0.3515E-02  0.2388       0.000    
   191   12.62      -6.145       1.385       2.466      0.1108      0.2832E-12  0.7714      0.5678E-02  0.3133       0.000     -0.1203E-02   0.000      0.3424E-02  0.2391       0.000    
   192   12.62      -6.188       1.385       2.460      0.1001       0.000      0.7700      0.5911E-02  0.3134       0.000     -0.1090E-02   0.000      0.3356E-02  0.2393       0.000    
   193   12.62      -6.226       1.385       2.456      0.8911E-01   0.000      0.7688      0.6048E-02  0.3135       0.000     -0.1012E-02   0.000      0.3307E-02  0.2395       0.000    
   194   12.62      -6.260       1.385       2.452      0.7782E-01 -0.4008E-12  0.7677      0.6119E-02  0.3136       0.000     -0.9614E-03   0.000      0.3272E-02  0.2396       0.000    
   195   12.62      -6.290       1.385       2.448      0.6628E-01   0.000      0.7667      0.6146E-02  0.3137       0.000     -0.9293E-03   0.000      0.3249E-02  0.2396       0.000    
   196   12.62      -6.314       1.385       2.445      0.5452E-01   0.000      0.7659      0.6145E-02  0.3137       0.000     -0.9107E-03   0.000      0.3234E-02  0.2397       0.000    
   197   12.63      -6.334       1.385       2.442      0.4259E-01   0.000      0.7653      0.6129E-02  0.3138       0.000     -0.9010E-03   0.000      0.3225E-02  0.2397       0.000    
   198   12.63      -6.349       1.385       2.441      0.3052E-01   0.000      0.7648      0.6108E-02  0.3138       0.000     -0.8969E-03   0.000      0.3221E-02  0.2397       0.000    
   199   12.63      -6.359       1.385       2.439      0.1835E-01   0.000      0.7644      0.6090E-02  0.3139       0.000     -0.8961E-03   0.000      0.3218E-02  0.2397       0.000    
   200   12.63      -6.364       1.385       2.439      0.6123E-02   0.000      0.7643      0.6080E-02  0.3139       0.000     -0.8974E-03   0.000      0.3217E-02  0.2397       0.000    

 Surface forces referred to Sref,Cref,Bref about Xmom,Ymom,Zmom
 Standard axis orientation,  X fwd, Z down         

  Surface # 5     main_wing_3                             
     # chordwise = 10   # spanwise = 50     First strip =201
     Surface area =  6.0775           ave. chord =  2.2744    
     CLsurf  =   0.034645     Clsurf  =  -0.009611
     CYsurf  =  -0.000100     Cmsurf  =  -0.020493
     CDsurf  =   0.001030     Cnsurf  =  -0.000204
     CDisurf =   0.000259     CDvsurf =   0.000000

  Forces referred to Ssurf, Cave about hinge axis thru LE
     cl_surf =   0.363475     cd_surf =   0.010811

 Strip Forces referred to strip area, chord
    j    xLE         yLE         zLE         Chord       Area        Dihedral   c cl        ai_ff       cl           clj         cd          cdv         cm_c/4     c.p.x/c      Dcj
   201   12.63       6.365       1.385       2.439      0.6122E-02   0.000      0.7642      0.6078E-02  0.3139       0.000     -0.8957E-03   0.000      0.3216E-02  0.2398       0.000    
   202   12.63       6.370       1.385       2.438      0.1834E-01   0.000      0.7640      0.6067E-02  0.3139       0.000     -0.8939E-03   0.000      0.3216E-02  0.2398       0.000    
   203   12.63       6.380       1.385       2.437      0.3046E-01   0.000      0.7637      0.6041E-02  0.3139       0.000     -0.8938E-03   0.000      0.3215E-02  0.2398       0.000    
   204   12.63       6.395       1.385       2.435      0.4245E-01 -0.7297E-12  0.7632      0.5998E-02  0.3139       0.000     -0.8967E-03   0.000      0.3215E-02  0.2398       0.000    
   205   12.63       6.415       1.385       2.432      0.5424E-01  0.5706E-12  0.7626      0.5928E-02  0.3140       0.000     -0.9049E-03   0.000      0.3218E-02  0.2398       0.000    
   206   12.63       6.440       1.385       2.429      0.6577E-01 -0.4699E-12  0.7618      0.5821E-02  0.3141       0.000     -0.9219E-03   0.000      0.3225E-02  0.2397       0.000    
   207   12.63       6.469       1.385       2.426      0.7700E-01  0.4008E-12  0.7609      0.5666E-02  0.3141       0.000     -0.9520E-03   0.000      0.3240E-02  0.2397       0.000    
   208   12.63       6.503       1.385       2.422      0.8786E-01   0.000      0.7598      0.5446E-02  0.3142       0.000     -0.1001E-02   0.000      0.3265E-02  0.2396       0.000    
   209   12.63       6.542       1.385       2.417      0.9833E-01 -0.3127E-12  0.7586      0.5138E-02  0.3144       0.000     -0.1076E-02   0.000      0.3304E-02  0.2395       0.000    
   210   12.63       6.585       1.385       2.412      0.1083      0.2832E-12  0.7572      0.4711E-02  0.3145       0.000     -0.1188E-02   0.000      0.3361E-02  0.2393       0.000    
   211   12.63       6.632       1.385       2.406      0.1178       0.000      0.7558      0.4122E-02  0.3146       0.000     -0.1350E-02   0.000      0.3442E-02  0.2391       0.000    
   212   12.64       6.683       1.385       2.400      0.1268       0.000      0.7542      0.3300E-02  0.3148       0.000     -0.1585E-02   0.000      0.3553E-02  0.2387       0.000    
   213   12.64       6.737       1.385       2.393      0.1352       0.000      0.7525      0.2131E-02  0.3150       0.000     -0.1928E-02   0.000      0.3701E-02  0.2383       0.000    
   214   12.64       6.796       1.385       2.386      0.1430       0.000      0.7508      0.4017E-03  0.3152       0.000     -0.2444E-02   0.000      0.3896E-02  0.2376       0.000    
   215   12.64       6.857       1.385       2.378      0.1502       0.000      0.7489     -0.2325E-02  0.3155       0.000     -0.3263E-02   0.000      0.4152E-02  0.2368       0.000    
   216   12.64       6.922       1.385       2.370      0.1567       0.000      0.7470     -0.7136E-02  0.3158       0.000     -0.4689E-02   0.000      0.4489E-02  0.2358       0.000    
   217   12.65       6.989       1.385       2.362      0.1625       0.000      0.7451     -0.1780E-01  0.3163       0.000     -0.7639E-02   0.000      0.4947E-02  0.2344       0.000    
   218   12.65       7.059       1.385       2.353      0.1676       0.000      0.7432     -0.6609E-01  0.3172       0.000     -0.1927E-01   0.000      0.5616E-02  0.2323       0.000    
   219   12.65       7.136       1.385       2.344      0.1922       0.000      0.5508      0.4574E-01  0.4209      0.1862      0.3544E-01   0.000      0.3250E-01  0.1728       2.027    
   220   12.65       7.219       1.385       2.334      0.1962       0.000      0.5131      0.4312E-01  0.4218      0.2022      0.2968E-01   0.000      0.3345E-01  0.1707       2.036    
   221   12.66       7.304       1.385       2.323      0.1993       0.000      0.4919      0.4150E-01  0.4222      0.2108      0.2819E-01   0.000      0.3415E-01  0.1691       2.045    
   222   12.66       7.391       1.385       2.313      0.2016       0.000      0.4776      0.4038E-01  0.4219      0.2157      0.2748E-01   0.000      0.3457E-01  0.1681       2.055    
   223   12.66       7.478       1.385       2.302      0.2031       0.000      0.4674      0.3964E-01  0.4208      0.2180      0.2706E-01   0.000      0.3467E-01  0.1676       2.064    
   224   12.66       7.567       1.385       2.291      0.2038       0.000      0.4600      0.3924E-01  0.4190      0.2185      0.2678E-01   0.000      0.3454E-01  0.1676       2.074    
   225   12.67       7.656       1.385       2.280      0.2036      0.1425E-12  0.4549      0.3828E-01  0.4179      0.2187      0.2664E-01   0.000      0.3446E-01  0.1676       2.084    
   226   12.67       7.745       1.385       2.269      0.2026     -0.1425E-12  0.4520      0.3979E-01  0.4183      0.2193      0.2667E-01   0.000      0.3463E-01  0.1672       2.094    
   227   12.67       7.835       1.385       2.258      0.2008       0.000      0.4514      0.3923E-01  0.4204      0.2207      0.2686E-01   0.000      0.3512E-01  0.1664       2.104    
   228   12.67       7.923       1.385       2.247      0.1983       0.000      0.4533      0.3953E-01  0.4231      0.2217      0.2719E-01   0.000      0.3564E-01  0.1658       2.115    
   229   12.68       8.011       1.385       2.236      0.1950       0.000      0.4580      0.4023E-01  0.4253      0.2207      0.2766E-01   0.000      0.3586E-01  0.1657       2.125    
   230   12.68       8.098       1.385       2.226      0.1909       0.000      0.4667      0.4132E-01  0.4265      0.2171      0.2841E-01   0.000      0.3572E-01  0.1662       2.135    
   231   12.68       8.183       1.385       2.215      0.1862       0.000      0.4823      0.4294E-01  0.4271      0.2096      0.2994E-01   0.000      0.3528E-01  0.1674       2.145    
   232   12.68       8.266       1.385       2.205      0.1808       0.000      0.5139      0.4558E-01  0.4270      0.1943      0.3580E-01   0.000      0.3454E-01  0.1691       2.155    
   233   12.69       8.342       1.385       2.196      0.1564     -0.1786E-12  0.6921     -0.6934E-01  0.3166       0.000     -0.1825E-01   0.000      0.5935E-02  0.2313       0.000    
   234   12.69       8.412       1.385       2.187      0.1505      0.1849E-12  0.6885     -0.1978E-01  0.3156       0.000     -0.7367E-02   0.000      0.5206E-02  0.2335       0.000    
   235   12.69       8.480       1.385       2.179      0.1440       0.000      0.6852     -0.8880E-02  0.3152       0.000     -0.4503E-02   0.000      0.4699E-02  0.2351       0.000    
   236   12.69       8.544       1.385       2.171      0.1371     -0.2014E-12  0.6821     -0.4002E-02  0.3148       0.000     -0.3109E-02   0.000      0.4318E-02  0.2363       0.000    
   237   12.70       8.606       1.385       2.163      0.1297       0.000      0.6791     -0.1271E-02  0.3145       0.000     -0.2300E-02   0.000      0.4023E-02  0.2372       0.000    
   238   12.70       8.664       1.385       2.156      0.1219      0.2251E-12  0.6764      0.4354E-03  0.3142       0.000     -0.1784E-02   0.000      0.3794E-02  0.2379       0.000    
   239   12.70       8.719       1.385       2.149      0.1136       0.000      0.6738      0.1568E-02  0.3140       0.000     -0.1434E-02   0.000      0.3615E-02  0.2385       0.000    
   240   12.70       8.770       1.385       2.143      0.1050       0.000      0.6714      0.2347E-02  0.3138       0.000     -0.1191E-02   0.000      0.3478E-02  0.2389       0.000    
   241   12.70       8.817       1.385       2.137      0.9602E-01   0.000      0.6692      0.2891E-02  0.3136       0.000     -0.1018E-02   0.000      0.3375E-02  0.2392       0.000    
   242   12.70       8.860       1.385       2.132      0.8675E-01  0.3127E-12  0.6672      0.3272E-02  0.3134       0.000     -0.8957E-03   0.000      0.3298E-02  0.2395       0.000    
   243   12.70       8.898       1.385       2.127      0.7719E-01 -0.3506E-12  0.6654      0.3538E-02  0.3133       0.000     -0.8098E-03   0.000      0.3244E-02  0.2396       0.000    
   244   12.71       8.932       1.385       2.123      0.6739E-01   0.000      0.6639      0.3718E-02  0.3132       0.000     -0.7506E-03   0.000      0.3207E-02  0.2398       0.000    
   245   12.71       8.962       1.385       2.119      0.5738E-01   0.000      0.6625      0.3838E-02  0.3131       0.000     -0.7111E-03   0.000      0.3183E-02  0.2398       0.000    
   246   12.71       8.986       1.385       2.116      0.4720E-01   0.000      0.6614      0.3913E-02  0.3130       0.000     -0.6857E-03   0.000      0.3169E-02  0.2399       0.000    
   247   12.71       9.006       1.385       2.114      0.3686E-01   0.000      0.6605      0.3958E-02  0.3129       0.000     -0.6702E-03   0.000      0.3161E-02  0.2399       0.000    
   248   12.71       9.021       1.385       2.112      0.2641E-01   0.000      0.6598      0.3983E-02  0.3128       0.000     -0.6608E-03   0.000      0.3157E-02  0.2399       0.000    
   249   12.71       9.031       1.385       2.111      0.1588E-01   0.000      0.6593      0.3995E-02  0.3128       0.000     -0.6529E-03   0.000      0.3156E-02  0.2399       0.000    
   250   12.71       9.036       1.385       2.110      0.5298E-02   0.000      0.6591      0.4000E-02  0.3128       0.000     -0.6589E-03   0.000      0.3155E-02  0.2399       0.000    

 Surface forces referred to Sref,Cref,Bref about Xmom,Ymom,Zmom
 Standard axis orientation,  X fwd, Z down         

  Surface # 6     main_wing_3 (YDUP)                      
     # chordwise = 10   # spanwise = 50     First strip =251
     Surface area =  6.0775           ave. chord =  2.2744    
     CLsurf  =   0.034646     Clsurf  =   0.009612
     CYsurf  =   0.000100     Cmsurf  =  -0.020494
     CDsurf  =   0.001030     Cnsurf  =   0.000204
     CDisurf =   0.000259     CDvsurf =   0.000000

  Forces referred to Ssurf, Cave about hinge axis thru LE
     cl_surf =   0.363491     cd_surf =   0.010811

 Strip Forces referred to strip area, chord
    j    xLE         yLE         zLE         Chord       Area        Dihedral   c cl        ai_ff       cl           clj         cd          cdv         cm_c/4     c.p.x/c      Dcj
   251   12.63      -6.365       1.385       2.439      0.6122E-02   0.000      0.7643      0.6077E-02  0.3139       0.000     -0.8973E-03   0.000      0.3217E-02  0.2397       0.000    
   252   12.63      -6.370       1.385       2.438      0.1834E-01   0.000      0.7641      0.6066E-02  0.3139       0.000     -0.8955E-03   0.000      0.3217E-02  0.2398       0.000    
   253   12.63      -6.380       1.385       2.437      0.3046E-01   0.000      0.7638      0.6041E-02  0.3139       0.000     -0.8955E-03   0.000      0.3216E-02  0.2398       0.000    
   254   12.63      -6.395       1.385       2.435      0.4245E-01  0.7297E-12  0.7633      0.5997E-02  0.3140       0.000     -0.8983E-03   0.000      0.3216E-02  0.2398       0.000    
   255   12.63      -6.415       1.385       2.432      0.5424E-01 -0.5706E-12  0.7627      0.5927E-02  0.3140       0.000     -0.9065E-03   0.000      0.3219E-02  0.2397       0.000    
   256   12.63      -6.440       1.385       2.429      0.6577E-01  0.4699E-12  0.7619      0.5821E-02  0.3141       0.000     -0.9234E-03   0.000      0.3226E-02  0.2397       0.000    
   257   12.63      -6.469       1.385       2.426      0.7700E-01 -0.4008E-12  0.7609      0.5666E-02  0.3142       0.000     -0.9536E-03   0.000      0.3241E-02  0.2397       0.000    
   258   12.63      -6.503       1.385       2.422      0.8786E-01   0.000      0.7599      0.5445E-02  0.3143       0.000     -0.1003E-02   0.000      0.3266E-02  0.2396       0.000    
   259   12.63      -6.542       1.385       2.417      0.9833E-01  0.3127E-12  0.7586      0.5137E-02  0.3144       0.000     -0.1078E-02   0.000      0.3305E-02  0.2395       0.000    
   260   12.63      -6.585       1.385       2.412      0.1083     -0.2832E-12  0.7573      0.4710E-02  0.3145       0.000     -0.1190E-02   0.000      0.3362E-02  0.2393       0.000    
   261   12.63      -6.632       1.385       2.406      0.1178       0.000      0.7558      0.4121E-02  0.3147       0.000     -0.1352E-02   0.000      0.3443E-02  0.2391       0.000    
   262   12.64      -6.683       1.385       2.400      0.1268       0.000      0.7543      0.3299E-02  0.3148       0.000     -0.1587E-02   0.000      0.3554E-02  0.2387       0.000    
   263   12.64      -6.737       1.385       2.393      0.1352       0.000      0.7526      0.2130E-02  0.3150       0.000     -0.1930E-02   0.000      0.3702E-02  0.2382       0.000    
   264   12.64      -6.796       1.385       2.386      0.1430       0.000      0.7508      0.4005E-03  0.3153       0.000     -0.2446E-02   0.000      0.3897E-02  0.2376       0.000    
   265   12.64      -6.857       1.385       2.378      0.1502       0.000      0.7490     -0.2326E-02  0.3155       0.000     -0.3265E-02   0.000      0.4153E-02  0.2368       0.000    
   266   12.64      -6.922       1.385       2.370      0.1567       0.000      0.7470     -0.7138E-02  0.3159       0.000     -0.4691E-02   0.000      0.4490E-02  0.2358       0.000    
   267   12.65      -6.989       1.385       2.362      0.1625       0.000      0.7451     -0.1780E-01  0.3163       0.000     -0.7641E-02   0.000      0.4948E-02  0.2344       0.000    
   268   12.65      -7.059       1.385       2.353      0.1676       0.000      0.7432     -0.6610E-01  0.3173       0.000     -0.1928E-01   0.000      0.5616E-02  0.2323       0.000    
   269   12.65      -7.136       1.385       2.344      0.1922       0.000      0.5509      0.4574E-01  0.4209      0.1862      0.3544E-01   0.000      0.3250E-01  0.1728       2.027    
   270   12.65      -7.219       1.385       2.334      0.1962       0.000      0.5132      0.4312E-01  0.4218      0.2023      0.2969E-01   0.000      0.3345E-01  0.1707       2.036    
   271   12.66      -7.304       1.385       2.323      0.1993       0.000      0.4919      0.4150E-01  0.4222      0.2108      0.2819E-01   0.000      0.3415E-01  0.1691       2.045    
   272   12.66      -7.391       1.385       2.313      0.2016       0.000      0.4776      0.4038E-01  0.4219      0.2157      0.2748E-01   0.000      0.3457E-01  0.1681       2.055    
   273   12.66      -7.478       1.385       2.302      0.2031       0.000      0.4674      0.3964E-01  0.4208      0.2180      0.2706E-01   0.000      0.3467E-01  0.1676       2.064    
   274   12.66      -7.567       1.385       2.291      0.2038       0.000      0.4600      0.3924E-01  0.4191      0.2185      0.2678E-01   0.000      0.3454E-01  0.1676       2.074    
   275   12.67      -7.656       1.385       2.280      0.2036     -0.1425E-12  0.4549      0.3828E-01  0.4179      0.2187      0.2665E-01   0.000      0.3446E-01  0.1676       2.084    
   276   12.67      -7.745       1.385       2.269      0.2026      0.1425E-12  0.4521      0.3979E-01  0.4183      0.2193      0.2667E-01   0.000      0.3464E-01  0.1672       2.094    
   277   12.67      -7.835       1.385       2.258      0.2008       0.000      0.4515      0.3923E-01  0.4204      0.2207      0.2686E-01   0.000      0.3513E-01  0.1664       2.104    
   278   12.67      -7.923       1.385       2.247      0.1983       0.000      0.4533      0.3953E-01  0.4231      0.2217      0.2719E-01   0.000      0.3564E-01  0.1658       2.115    
   279   12.68      -8.011       1.385       2.236      0.1950       0.000      0.4580      0.4023E-01  0.4253      0.2207      0.2766E-01   0.000      0.3586E-01  0.1657       2.125    
   280   12.68      -8.098       1.385       2.226      0.1909       0.000      0.4667      0.4132E-01  0.4265      0.2171      0.2841E-01   0.000      0.3572E-01  0.1662       2.135    
   281   12.68      -8.183       1.385       2.215      0.1862       0.000      0.4823      0.4294E-01  0.4271      0.2096      0.2994E-01   0.000      0.3528E-01  0.1674       2.145    
   282   12.68      -8.266       1.385       2.205      0.1808       0.000      0.5139      0.4558E-01  0.4270      0.1943      0.3580E-01   0.000      0.3454E-01  0.1691       2.155    
   283   12.69      -8.342       1.385       2.196      0.1564      0.1786E-12  0.6921     -0.6934E-01  0.3166       0.000     -0.1826E-01   0.000      0.5935E-02  0.2313       0.000    
   284   12.69      -8.412       1.385       2.187      0.1505     -0.1849E-12  0.6886     -0.1979E-01  0.3157       0.000     -0.7368E-02   0.000      0.5207E-02  0.2335       0.000    
   285   12.69      -8.480       1.385       2.179      0.1440       0.000      0.6852     -0.8881E-02  0.3152       0.000     -0.4504E-02   0.000      0.4699E-02  0.2351       0.000    
   286   12.69      -8.544       1.385       2.171      0.1371      0.2014E-12  0.6821     -0.4004E-02  0.3148       0.000     -0.3110E-02   0.000      0.4318E-02  0.2363       0.000    
   287   12.70      -8.606       1.385       2.163      0.1297       0.000      0.6792     -0.1272E-02  0.3145       0.000     -0.2301E-02   0.000      0.4023E-02  0.2372       0.000    
   288   12.70      -8.664       1.385       2.156      0.1219     -0.2251E-12  0.6764      0.4338E-03  0.3143       0.000     -0.1784E-02   0.000      0.3794E-02  0.2379       0.000    
   289   12.70      -8.719       1.385       2.149      0.1136       0.000      0.6738      0.1567E-02  0.3140       0.000     -0.1435E-02   0.000      0.3615E-02  0.2385       0.000    
   290   12.70      -8.770       1.385       2.143      0.1050       0.000      0.6714      0.2345E-02  0.3138       0.000     -0.1191E-02   0.000      0.3478E-02  0.2389       0.000    
   291   12.70      -8.817       1.385       2.137      0.9602E-01   0.000      0.6692      0.2889E-02  0.3136       0.000     -0.1019E-02   0.000      0.3375E-02  0.2392       0.000    
   292   12.70      -8.860       1.385       2.132      0.8675E-01 -0.3127E-12  0.6673      0.3271E-02  0.3135       0.000     -0.8964E-03   0.000      0.3299E-02  0.2395       0.000    
   293   12.70      -8.898       1.385       2.127      0.7719E-01  0.3506E-12  0.6655      0.3536E-02  0.3133       0.000     -0.8104E-03   0.000      0.3244E-02  0.2396       0.000    
   294   12.71      -8.932       1.385       2.123      0.6739E-01   0.000      0.6639      0.3717E-02  0.3132       0.000     -0.7512E-03   0.000      0.3207E-02  0.2398       0.000    
   295   12.71      -8.962       1.385       2.119      0.5738E-01   0.000      0.6625      0.3836E-02  0.3131       0.000     -0.7117E-03   0.000      0.3183E-02  0.2398       0.000    
   296   12.71      -8.986       1.385       2.116      0.4720E-01   0.000      0.6614      0.3912E-02  0.3130       0.000     -0.6863E-03   0.000      0.3169E-02  0.2399       0.000    
   297   12.71      -9.006       1.385       2.114      0.3686E-01   0.000      0.6605      0.3957E-02  0.3129       0.000     -0.6708E-03   0.000      0.3161E-02  0.2399       0.000    
   298   12.71      -9.021       1.385       2.112      0.2641E-01   0.000      0.6598      0.3981E-02  0.3128       0.000     -0.6614E-03   0.000      0.3157E-02  0.2399       0.000    
   299   12.71      -9.031       1.385       2.111      0.1588E-01   0.000      0.6593      0.3993E-02  0.3128       0.000     -0.6534E-03   0.000      0.3156E-02  0.2399       0.000    
   300   12.71      -9.036       1.385       2.110      0.5298E-02   0.000      0.6591      0.3998E-02  0.3128       0.000     -0.6595E-03   0.000      0.3156E-02  0.2399       0.000    

 Surface forces referred to Sref,Cref,Bref about Xmom,Ymom,Zmom
 Standard axis orientation,  X fwd, Z down         

  Surface # 7     main_wing_4                             
     # chordwise = 10   # spanwise = 50     First strip =301
     Surface area =  8.7029           ave. chord =  1.8155    
     CLsurf  =   0.040962     Clsurf  =  -0.016243
     CYsurf  =  -0.000127     Cmsurf  =  -0.024616
     CDsurf  =   0.001051     Cnsurf  =  -0.000432
     CDisurf =   0.000365     CDvsurf =   0.000000

  Forces referred to Ssurf, Cave about hinge axis thru LE
     cl_surf =   0.300111     cd_surf =   0.007698

 Strip Forces referred to strip area, chord
    j    xLE         yLE         zLE         Chord       Area        Dihedral   c cl        ai_ff       cl           clj         cd          cdv         cm_c/4     c.p.x/c      Dcj
   301   12.71       9.038       1.385       2.110      0.9643E-02   0.000      0.6590      0.4001E-02  0.3128       0.000     -0.6433E-03   0.000      0.3156E-02  0.2399       0.000    
   302   12.71       9.047       1.385       2.109      0.2888E-01   0.000      0.6586      0.4007E-02  0.3128       0.000     -0.6493E-03   0.000      0.3156E-02  0.2399       0.000    
   303   12.71       9.065       1.385       2.107      0.4795E-01   0.000      0.6578      0.4010E-02  0.3127       0.000     -0.6492E-03   0.000      0.3158E-02  0.2399       0.000    
   304   12.71       9.093       1.385       2.103      0.6676E-01 -0.4008E-12  0.6565      0.3993E-02  0.3126       0.000     -0.6533E-03   0.000      0.3166E-02  0.2399       0.000    
   305   12.71       9.129       1.385       2.099      0.8520E-01  0.3134E-12  0.6549      0.3929E-02  0.3125       0.000     -0.6715E-03   0.000      0.3188E-02  0.2398       0.000    
   306   12.71       9.174       1.385       2.093      0.1032       0.000      0.6528      0.3781E-02  0.3123       0.000     -0.7162E-03   0.000      0.3231E-02  0.2397       0.000    
   307   12.71       9.227       1.385       2.087      0.1206     -0.2202E-12  0.6504      0.3491E-02  0.3121       0.000     -0.8049E-03   0.000      0.3308E-02  0.2394       0.000    
   308   12.72       9.289       1.385       2.079      0.1373       0.000      0.6476      0.2971E-02  0.3119       0.000     -0.9645E-03   0.000      0.3432E-02  0.2390       0.000    
   309   12.72       9.359       1.385       2.071      0.1534       0.000      0.6444      0.2061E-02  0.3117       0.000     -0.1242E-02   0.000      0.3622E-02  0.2384       0.000    
   310   12.72       9.437       1.385       2.061      0.1685      0.1556E-12  0.6409      0.4327E-03  0.3115       0.000     -0.1729E-02   0.000      0.3906E-02  0.2375       0.000    
   311   12.72       9.523       1.385       2.050      0.1828     -0.1427E-12  0.6371     -0.2733E-02  0.3113       0.000     -0.2652E-02   0.000      0.4323E-02  0.2361       0.000    
   312   12.73       9.616       1.385       2.039      0.1962      0.1322E-12  0.6331     -0.1030E-01  0.3112       0.000     -0.4741E-02   0.000      0.4942E-02  0.2341       0.000    
   313   12.73       9.715       1.385       2.027      0.2085       0.000      0.6288     -0.4655E-01  0.3114       0.000     -0.1279E-01   0.000      0.5935E-02  0.2309       0.000    
   314   12.73       9.824       1.385       2.013      0.2311       0.000      0.4431      0.4491E-01  0.4323      0.2125      0.3306E-01   0.000      0.3785E-01  0.1625       2.360    
   315   12.74       9.942       1.385       1.999      0.2417       0.000      0.4064      0.4217E-01  0.4325      0.2295      0.2924E-01   0.000      0.3934E-01  0.1590       2.377    
   316   12.74       10.07       1.385       1.984      0.2511     -0.1005E-12  0.3857      0.4061E-01  0.4313      0.2372      0.2812E-01   0.000      0.4025E-01  0.1567       2.395    
   317   12.74       10.19       1.385       1.968      0.2592      0.1932E-12  0.3717      0.3981E-01  0.4279      0.2393      0.2750E-01   0.000      0.4038E-01  0.1556       2.415    
   318   12.75       10.33       1.385       1.951      0.2660     -0.9331E-13  0.3620      0.3975E-01  0.4242      0.2389      0.2712E-01   0.000      0.4024E-01  0.1551       2.435    
   319   12.75       10.47       1.385       1.934      0.2716       0.000      0.3565      0.3962E-01  0.4246      0.2405      0.2712E-01   0.000      0.4084E-01  0.1538       2.457    
   320   12.76       10.61       1.385       1.917      0.2760     -0.8836E-13  0.3554      0.4017E-01  0.4279      0.2427      0.2748E-01   0.000      0.4184E-01  0.1522       2.479    
   321   12.76       10.76       1.385       1.899      0.2790      0.8658E-13  0.3609      0.4155E-01  0.4293      0.2395      0.2815E-01   0.000      0.4196E-01  0.1522       2.502    
   322   12.77       10.90       1.385       1.881      0.2809       0.000      0.3814      0.4425E-01  0.4283      0.2258      0.3057E-01   0.000      0.4101E-01  0.1542       2.526    
   323   12.77       11.05       1.385       1.862      0.2776       0.000      0.5471     -0.2923E-01  0.2946       0.000     -0.7897E-02   0.000      0.6271E-02  0.2287       0.000    
   324   12.78       11.20       1.385       1.844      0.2770     -0.8469E-13  0.5352     -0.2699E-03  0.2908       0.000     -0.1911E-02   0.000      0.4959E-02  0.2329       0.000    
   325   12.78       11.35       1.385       1.825      0.2753      0.8435E-13  0.5232      0.6223E-02  0.2870       0.000     -0.2812E-03   0.000      0.4142E-02  0.2356       0.000    
   326   12.78       11.50       1.385       1.807      0.2725       0.000      0.5108      0.9303E-02  0.2831       0.000      0.4993E-03   0.000      0.3609E-02  0.2373       0.000    
   327   12.79       11.65       1.385       1.788      0.2687      0.8469E-13  0.4980      0.1124E-01  0.2788       0.000      0.9662E-03   0.000      0.3273E-02  0.2383       0.000    
   328   12.79       11.80       1.385       1.770      0.2638     -0.8536E-13  0.4848      0.1269E-01  0.2742       0.000      0.1283E-02   0.000      0.3086E-02  0.2387       0.000    
   329   12.80       11.95       1.385       1.752      0.2580       0.000      0.4712      0.1390E-01  0.2693       0.000      0.1517E-02   0.000      0.3017E-02  0.2388       0.000    
   330   12.80       12.10       1.385       1.734      0.2512       0.000      0.4570      0.1502E-01  0.2639       0.000      0.1700E-02   0.000      0.3042E-02  0.2385       0.000    
   331   12.81       12.24       1.385       1.716      0.2436      0.8961E-13  0.4423      0.1609E-01  0.2580       0.000      0.1851E-02   0.000      0.3144E-02  0.2378       0.000    
   332   12.81       12.38       1.385       1.699      0.2353     -0.9187E-13  0.4270      0.1717E-01  0.2516       0.000      0.1978E-02   0.000      0.3311E-02  0.2368       0.000    
   333   12.82       12.52       1.385       1.682      0.2262       0.000      0.4111      0.1826E-01  0.2446       0.000      0.2087E-02   0.000      0.3532E-02  0.2356       0.000    
   334   12.82       12.65       1.385       1.666      0.2164       0.000      0.3944      0.1938E-01  0.2370       0.000      0.2180E-02   0.000      0.3798E-02  0.2340       0.000    
   335   12.82       12.78       1.385       1.650      0.2059       0.000      0.3771      0.2052E-01  0.2287       0.000      0.2259E-02   0.000      0.4098E-02  0.2321       0.000    
   336   12.83       12.90       1.385       1.635      0.1950       0.000      0.3589      0.2169E-01  0.2197       0.000      0.2322E-02   0.000      0.4423E-02  0.2299       0.000    
   337   12.83       13.02       1.385       1.621      0.1835       0.000      0.3398      0.2288E-01  0.2098       0.000      0.2370E-02   0.000      0.4760E-02  0.2273       0.000    
   338   12.83       13.13       1.385       1.607      0.1715     -0.1192E-12  0.3199      0.2407E-01  0.1992       0.000      0.2400E-02   0.000      0.5092E-02  0.2244       0.000    
   339   12.84       13.23       1.385       1.595      0.1591       0.000      0.2991      0.2526E-01  0.1877       0.000      0.2411E-02   0.000      0.5400E-02  0.2212       0.000    
   340   12.84       13.33       1.385       1.583      0.1464      0.1376E-12  0.2773      0.2643E-01  0.1753       0.000      0.2399E-02   0.000      0.5662E-02  0.2177       0.000    
   341   12.84       13.42       1.385       1.572      0.1333       0.000      0.2545      0.2756E-01  0.1620       0.000      0.2362E-02   0.000      0.5852E-02  0.2139       0.000    
   342   12.85       13.50       1.385       1.562      0.1200       0.000      0.2308      0.2865E-01  0.1478       0.000      0.2298E-02   0.000      0.5941E-02  0.2098       0.000    
   343   12.85       13.57       1.385       1.553      0.1064     -0.1857E-12  0.2062      0.2968E-01  0.1328       0.000      0.2203E-02   0.000      0.5901E-02  0.2056       0.000    
   344   12.85       13.63       1.385       1.545      0.9260E-01  0.2123E-12  0.1807      0.3063E-01  0.1170       0.000      0.2075E-02   0.000      0.5704E-02  0.2013       0.000    
   345   12.85       13.69       1.385       1.538      0.7863E-01   0.000      0.1544      0.3150E-01  0.1004       0.000      0.1909E-02   0.000      0.5327E-02  0.1970       0.000    
   346   12.85       13.74       1.385       1.533      0.6452E-01   0.000      0.1274      0.3228E-01  0.8316E-01   0.000      0.1704E-02   0.000      0.4754E-02  0.1928       0.000    
   347   12.85       13.77       1.385       1.528      0.5029E-01   0.000      0.9978E-01  0.3296E-01  0.6532E-01   0.000      0.1455E-02   0.000      0.3981E-02  0.1891       0.000    
   348   12.85       13.80       1.385       1.524      0.3599E-01   0.000      0.7166E-01  0.3352E-01  0.4701E-01   0.000      0.1143E-02   0.000      0.3015E-02  0.1859       0.000    
   349   12.86       13.82       1.385       1.522      0.2162E-01   0.000      0.4315E-01  0.3393E-01  0.2835E-01   0.000      0.7298E-03   0.000      0.1884E-02  0.1835       0.000    
   350   12.86       13.83       1.385       1.521      0.7209E-02   0.000      0.1441E-01  0.3413E-01  0.9475E-02   0.000      0.2333E-03   0.000      0.6410E-03  0.1823       0.000    

 Surface forces referred to Sref,Cref,Bref about Xmom,Ymom,Zmom
 Standard axis orientation,  X fwd, Z down         

  Surface # 8     main_wing_4 (YDUP)                      
     # chordwise = 10   # spanwise = 50     First strip =351
     Surface area =  8.7029           ave. chord =  1.8155    
     CLsurf  =   0.040963     Clsurf  =   0.016244
     CYsurf  =   0.000127     Cmsurf  =  -0.024617
     CDsurf  =   0.001051     Cnsurf  =   0.000432
     CDisurf =   0.000365     CDvsurf =   0.000000

  Forces referred to Ssurf, Cave about hinge axis thru LE
     cl_surf =   0.300117     cd_surf =   0.007698

 Strip Forces referred to strip area, chord
    j    xLE         yLE         zLE         Chord       Area        Dihedral   c cl        ai_ff       cl           clj         cd          cdv         cm_c/4     c.p.x/c      Dcj
   351   12.71      -9.038       1.385       2.110      0.9643E-02   0.000      0.6590      0.4000E-02  0.3128       0.000     -0.6438E-03   0.000      0.3156E-02  0.2399       0.000    
   352   12.71      -9.047       1.385       2.109      0.2888E-01   0.000      0.6586      0.4006E-02  0.3128       0.000     -0.6498E-03   0.000      0.3156E-02  0.2399       0.000    
   353   12.71      -9.065       1.385       2.107      0.4795E-01   0.000      0.6578      0.4009E-02  0.3127       0.000     -0.6498E-03   0.000      0.3158E-02  0.2399       0.000    
   354   12.71      -9.093       1.385       2.103      0.6676E-01  0.4008E-12  0.6565      0.3992E-02  0.3126       0.000     -0.6538E-03   0.000      0.3166E-02  0.2399       0.000    
   355   12.71      -9.129       1.385       2.099      0.8520E-01 -0.3134E-12  0.6549      0.3928E-02  0.3125       0.000     -0.6721E-03   0.000      0.3188E-02  0.2398       0.000    
   356   12.71      -9.174       1.385       2.093      0.1032       0.000      0.6528      0.3779E-02  0.3123       0.000     -0.7168E-03   0.000      0.3231E-02  0.2397       0.000    
   357   12.71      -9.227       1.385       2.087      0.1206      0.2202E-12  0.6504      0.3490E-02  0.3122       0.000     -0.8054E-03   0.000      0.3308E-02  0.2394       0.000    
   358   12.72      -9.289       1.385       2.079      0.1373       0.000      0.6476      0.2969E-02  0.3120       0.000     -0.9650E-03   0.000      0.3432E-02  0.2390       0.000    
   359   12.72      -9.359       1.385       2.071      0.1534       0.000      0.6444      0.2059E-02  0.3117       0.000     -0.1242E-02   0.000      0.3622E-02  0.2384       0.000    
   360   12.72      -9.437       1.385       2.061      0.1685     -0.1556E-12  0.6410      0.4312E-03  0.3115       0.000     -0.1730E-02   0.000      0.3906E-02  0.2375       0.000    
   361   12.72      -9.523       1.385       2.050      0.1828      0.1427E-12  0.6372     -0.2734E-02  0.3113       0.000     -0.2653E-02   0.000      0.4323E-02  0.2361       0.000    
   362   12.73      -9.616       1.385       2.039      0.1962     -0.1322E-12  0.6331     -0.1031E-01  0.3112       0.000     -0.4742E-02   0.000      0.4942E-02  0.2341       0.000    
   363   12.73      -9.715       1.385       2.027      0.2085       0.000      0.6289     -0.4655E-01  0.3114       0.000     -0.1279E-01   0.000      0.5935E-02  0.2309       0.000    
   364   12.73      -9.824       1.385       2.013      0.2311       0.000      0.4431      0.4491E-01  0.4323      0.2125      0.3306E-01   0.000      0.3785E-01  0.1625       2.360    
   365   12.74      -9.942       1.385       1.999      0.2417       0.000      0.4065      0.4217E-01  0.4326      0.2295      0.2924E-01   0.000      0.3934E-01  0.1590       2.377    
   366   12.74      -10.07       1.385       1.984      0.2511      0.1005E-12  0.3857      0.4061E-01  0.4314      0.2372      0.2812E-01   0.000      0.4025E-01  0.1567       2.395    
   367   12.74      -10.19       1.385       1.968      0.2592     -0.1932E-12  0.3717      0.3981E-01  0.4279      0.2393      0.2750E-01   0.000      0.4038E-01  0.1556       2.415    
   368   12.75      -10.33       1.385       1.951      0.2660      0.9331E-13  0.3620      0.3975E-01  0.4242      0.2389      0.2712E-01   0.000      0.4024E-01  0.1551       2.435    
   369   12.75      -10.47       1.385       1.934      0.2716       0.000      0.3565      0.3962E-01  0.4246      0.2405      0.2712E-01   0.000      0.4084E-01  0.1538       2.457    
   370   12.76      -10.61       1.385       1.917      0.2760      0.8836E-13  0.3555      0.4017E-01  0.4279      0.2427      0.2748E-01   0.000      0.4184E-01  0.1522       2.479    
   371   12.76      -10.76       1.385       1.899      0.2790     -0.8658E-13  0.3609      0.4155E-01  0.4293      0.2395      0.2815E-01   0.000      0.4196E-01  0.1522       2.502    
   372   12.77      -10.90       1.385       1.881      0.2809       0.000      0.3814      0.4425E-01  0.4283      0.2258      0.3057E-01   0.000      0.4101E-01  0.1542       2.526    
   373   12.77      -11.05       1.385       1.862      0.2776       0.000      0.5471     -0.2923E-01  0.2946       0.000     -0.7898E-02   0.000      0.6271E-02  0.2287       0.000    
   374   12.78      -11.20       1.385       1.844      0.2770      0.8469E-13  0.5353     -0.2711E-03  0.2908       0.000     -0.1911E-02   0.000      0.4959E-02  0.2329       0.000    
   375   12.78      -11.35       1.385       1.825      0.2753     -0.8435E-13  0.5232      0.6222E-02  0.2870       0.000     -0.2815E-03   0.000      0.4142E-02  0.2356       0.000    
   376   12.78      -11.50       1.385       1.807      0.2725       0.000      0.5108      0.9302E-02  0.2831       0.000      0.4991E-03   0.000      0.3609E-02  0.2373       0.000    
   377   12.79      -11.65       1.385       1.788      0.2687     -0.8469E-13  0.4980      0.1124E-01  0.2788       0.000      0.9660E-03   0.000      0.3273E-02  0.2383       0.000    
   378   12.79      -11.80       1.385       1.770      0.2638      0.8536E-13  0.4848      0.1268E-01  0.2742       0.000      0.1283E-02   0.000      0.3086E-02  0.2387       0.000    
   379   12.80      -11.95       1.385       1.752      0.2580       0.000      0.4712      0.1390E-01  0.2693       0.000      0.1517E-02   0.000      0.3017E-02  0.2388       0.000    
   380   12.80      -12.10       1.385       1.734      0.2512       0.000      0.4570      0.1502E-01  0.2639       0.000      0.1700E-02   0.000      0.3042E-02  0.2385       0.000    
   381   12.81      -12.24       1.385       1.716      0.2436     -0.8961E-13  0.4423      0.1609E-01  0.2580       0.000      0.1851E-02   0.000      0.3144E-02  0.2378       0.000    
   382   12.81      -12.38       1.385       1.699      0.2353      0.9187E-13  0.4270      0.1717E-01  0.2516       0.000      0.1978E-02   0.000      0.3311E-02  0.2368       0.000    
   383   12.82      -12.52       1.385       1.682      0.2262       0.000      0.4111      0.1826E-01  0.2446       0.000      0.2086E-02   0.000      0.3532E-02  0.2356       0.000    
   384   12.82      -12.65       1.385       1.666      0.2164       0.000      0.3944      0.1938E-01  0.2370       0.000      0.2180E-02   0.000      0.3798E-02  0.2340       0.000    
   385   12.82      -12.78       1.385       1.650      0.2059       0.000      0.3771      0.2052E-01  0.2287       0.000      0.2258E-02   0.000      0.4098E-02  0.2321       0.000    
   386   12.83      -12.90       1.385       1.635      0.1950       0.000      0.3589      0.2169E-01  0.2197       0.000      0.2322E-02   0.000      0.4423E-02  0.2299       0.000    
   387   12.83      -13.02       1.385       1.621      0.1835       0.000      0.3399      0.2288E-01  0.2098       0.000      0.2370E-02   0.000      0.4760E-02  0.2273       0.000    
   388   12.83      -13.13       1.385       1.607      0.1715      0.1192E-12  0.3199      0.2407E-01  0.1992       0.000      0.2400E-02   0.000      0.5092E-02  0.2244       0.000    
   389   12.84      -13.23       1.385       1.595      0.1591       0.000      0.2991      0.2526E-01  0.1877       0.000      0.2411E-02   0.000      0.5400E-02  0.2212       0.000    
   390   12.84      -13.33       1.385       1.583      0.1464     -0.1376E-12  0.2773      0.2643E-01  0.1753       0.000      0.2399E-02   0.000      0.5662E-02  0.2177       0.000    
   391   12.84      -13.42       1.385       1.572      0.1333       0.000      0.2545      0.2756E-01  0.1620       0.000      0.2362E-02   0.000      0.5852E-02  0.2139       0.000    
   392   12.85      -13.50       1.385       1.562      0.1200       0.000      0.2308      0.2865E-01  0.1478       0.000      0.2298E-02   0.000      0.5941E-02  0.2098       0.000    
   393   12.85      -13.57       1.385       1.553      0.1064      0.1857E-12  0.2062      0.2968E-01  0.1328       0.000      0.2203E-02   0.000      0.5901E-02  0.2056       0.000    
   394   12.85      -13.63       1.385       1.545      0.9260E-01 -0.2123E-12  0.1807      0.3063E-01  0.1170       0.000      0.2075E-02   0.000      0.5704E-02  0.2013       0.000    
   395   12.85      -13.69       1.385       1.538      0.7863E-01   0.000      0.1544      0.3150E-01  0.1004       0.000      0.1909E-02   0.000      0.5327E-02  0.1970       0.000    
   396   12.85      -13.74       1.385       1.533      0.6452E-01   0.000      0.1274      0.3228E-01  0.8316E-01   0.000      0.1704E-02   0.000      0.4754E-02  0.1928       0.000    
   397   12.85      -13.77       1.385       1.528      0.5029E-01   0.000      0.9978E-01  0.3296E-01  0.6532E-01   0.000      0.1455E-02   0.000      0.3981E-02  0.1891       0.000    
   398   12.85      -13.80       1.385       1.524      0.3599E-01   0.000      0.7166E-01  0.3352E-01  0.4701E-01   0.000      0.1143E-02   0.000      0.3015E-02  0.1859       0.000    
   399   12.86      -13.82       1.385       1.522      0.2162E-01   0.000      0.4315E-01  0.3392E-01  0.2835E-01   0.000      0.7298E-03   0.000      0.1884E-02  0.1835       0.000    
   400   12.86      -13.83       1.385       1.521      0.7209E-02   0.000      0.1441E-01  0.3413E-01  0.9475E-02   0.000      0.2333E-03   0.000      0.6410E-03  0.1823       0.000    

 Surface forces referred to Sref,Cref,Bref about Xmom,Ymom,Zmom
 Standard axis orientation,  X fwd, Z down         

  Surface # 9     horizontal_stabilizer                   
     # chordwise = 10   # spanwise = 30     First strip =401
     Surface area =  10.905           ave. chord =  1.9066    
     CLsurf  =   0.029911     Clsurf  =  -0.002694
     CYsurf  =  -0.000069     Cmsurf  =  -0.164747
     CDsurf  =   0.000657     Cnsurf  =  -0.000049
     CDisurf =   0.000657     CDvsurf =   0.000000

  Forces referred to Ssurf, Cave about hinge axis thru LE
     cl_surf =   0.174894     cd_surf =   0.003839

 Strip Forces referred to strip area, chord
    j    xLE         yLE         zLE         Chord       Area        Dihedral   c cl        ai_ff       cl           clj         cd          cdv         cm_c/4     c.p.x/c      Dcj
   401   23.83      0.3919E-02   5.973       2.383      0.3733E-01   0.000      0.4136      0.2866E-01  0.1730       0.000      0.1572E-01   0.000     -0.1232E-02  0.2571       0.000    
   402   23.84      0.3521E-01   5.973       2.377      0.1113       0.000      0.4136      0.2861E-01  0.1739       0.000      0.5483E-02   0.000     -0.1165E-02  0.2567       0.000    
   403   23.85      0.9745E-01   5.973       2.367      0.1834       0.000      0.4135      0.2855E-01  0.1747       0.000      0.4810E-02   0.000     -0.9611E-03  0.2555       0.000    
   404   23.86      0.1900       5.973       2.352      0.2523     -0.4744E-12  0.4133      0.2848E-01  0.1758       0.000      0.4563E-02   0.000     -0.6678E-03  0.2538       0.000    
   405   23.88      0.3117       5.973       2.331      0.3168      0.3745E-12  0.4128      0.2840E-01  0.1771       0.000      0.4402E-02   0.000     -0.3474E-03  0.2520       0.000    
   406   23.90      0.4614       5.973       2.306      0.3760       0.000      0.4120      0.2832E-01  0.1787       0.000      0.4284E-02   0.000     -0.4144E-04  0.2502       0.000    
   407   23.93      0.6373       5.973       2.277      0.4289       0.000      0.4107      0.2823E-01  0.1804       0.000      0.4195E-02   0.000      0.2268E-03  0.2487       0.000    
   408   23.96      0.8376       5.973       2.244      0.4749       0.000      0.4087      0.2813E-01  0.1822       0.000      0.4127E-02   0.000      0.4481E-03  0.2475       0.000    
   409   23.99       1.060       5.973       2.207      0.5133       0.000      0.4059      0.2802E-01  0.1840       0.000      0.4075E-02   0.000      0.6229E-03  0.2466       0.000    
   410   24.02       1.302       5.973       2.166      0.5438     -0.2027E-12  0.4022      0.2791E-01  0.1857       0.000      0.4034E-02   0.000      0.7582E-03  0.2459       0.000    
   411   24.06       1.562       5.973       2.123      0.5662      0.1908E-12  0.3976      0.2781E-01  0.1873       0.000      0.4000E-02   0.000      0.8647E-03  0.2454       0.000    
   412   24.10       1.835       5.973       2.077      0.5805       0.000      0.3918      0.2773E-01  0.1887       0.000      0.3971E-02   0.000      0.9546E-03  0.2449       0.000    
   413   24.14       2.120       5.973       2.030      0.5869       0.000      0.3849      0.2770E-01  0.1897       0.000      0.3944E-02   0.000      0.1040E-02  0.2445       0.000    
   414   24.19       2.412       5.973       1.981      0.5857       0.000      0.3769      0.2773E-01  0.1903       0.000      0.3917E-02   0.000      0.1133E-02  0.2440       0.000    
   415   24.23       2.710       5.973       1.931      0.5774       0.000      0.3677      0.2784E-01  0.1904       0.000      0.3889E-02   0.000      0.1245E-02  0.2435       0.000    
   416   24.28       3.010       5.973       1.882      0.5625       0.000      0.3572      0.2805E-01  0.1899       0.000      0.3858E-02   0.000      0.1387E-02  0.2427       0.000    
   417   24.32       3.307       5.973       1.832      0.5416       0.000      0.3454      0.2840E-01  0.1886       0.000      0.3822E-02   0.000      0.1571E-02  0.2417       0.000    
   418   24.36       3.600       5.973       1.783      0.5156       0.000      0.3323      0.2890E-01  0.1864       0.000      0.3780E-02   0.000      0.1809E-02  0.2403       0.000    
   419   24.40       3.885       5.973       1.736      0.4851       0.000      0.3176      0.2957E-01  0.1831       0.000      0.3726E-02   0.000      0.2114E-02  0.2385       0.000    
   420   24.44       4.158       5.973       1.690      0.4508       0.000      0.3014      0.3043E-01  0.1784       0.000      0.3657E-02   0.000      0.2499E-02  0.2360       0.000    
   421   24.48       4.417       5.973       1.647      0.4135       0.000      0.2833      0.3146E-01  0.1720       0.000      0.3566E-02   0.000      0.2970E-02  0.2327       0.000    
   422   24.52       4.660       5.973       1.607      0.3737       0.000      0.2631      0.3267E-01  0.1638       0.000      0.3446E-02   0.000      0.3523E-02  0.2285       0.000    
   423   24.55       4.882       5.973       1.570      0.3322       0.000      0.2407      0.3401E-01  0.1534       0.000      0.3286E-02   0.000      0.4132E-02  0.2231       0.000    
   424   24.58       5.082       5.973       1.536      0.2894       0.000      0.2158      0.3542E-01  0.1405       0.000      0.3077E-02   0.000      0.4735E-02  0.2163       0.000    
   425   24.61       5.258       5.973       1.507      0.2457       0.000      0.1884      0.3682E-01  0.1250       0.000      0.2810E-02   0.000      0.5225E-02  0.2082       0.000    
   426   24.63       5.408       5.973       1.482      0.2014       0.000      0.1584      0.3815E-01  0.1069       0.000      0.2476E-02   0.000      0.5453E-02  0.1990       0.000    
   427   24.65       5.530       5.973       1.462      0.1568       0.000      0.1261      0.3933E-01  0.8628E-01   0.000      0.2071E-02   0.000      0.5247E-02  0.1892       0.000    
   428   24.66       5.622       5.973       1.446      0.1120       0.000      0.9170E-01  0.4033E-01  0.6342E-01   0.000      0.1591E-02   0.000      0.4463E-02  0.1796       0.000    
   429   24.67       5.684       5.973       1.436      0.6723E-01   0.000      0.5571E-01  0.4109E-01  0.3880E-01   0.000      0.1027E-02   0.000      0.3043E-02  0.1716       0.000    
   430   24.67       5.716       5.973       1.431      0.2241E-01   0.000      0.1869E-01  0.4152E-01  0.1307E-01   0.000      0.3084E-03   0.000      0.1085E-02  0.1669       0.000    

 Surface forces referred to Sref,Cref,Bref about Xmom,Ymom,Zmom
 Standard axis orientation,  X fwd, Z down         

  Surface #10     horizontal_stabilizer (YDUP)            
     # chordwise = 10   # spanwise = 30     First strip =431
     Surface area =  10.905           ave. chord =  1.9066    
     CLsurf  =   0.029910     Clsurf  =   0.002694
     CYsurf  =   0.000069     Cmsurf  =  -0.164739
     CDsurf  =   0.000657     Cnsurf  =   0.000049
     CDisurf =   0.000657     CDvsurf =   0.000000

  Forces referred to Ssurf, Cave about hinge axis thru LE
     cl_surf =   0.174885     cd_surf =   0.003839

 Strip Forces referred to strip area, chord
    j    xLE         yLE         zLE         Chord       Area        Dihedral   c cl        ai_ff       cl           clj         cd          cdv         cm_c/4     c.p.x/c      Dcj
   431   23.83     -0.3919E-02   5.973       2.383      0.3733E-01   0.000      0.4136      0.2866E-01  0.1730       0.000      0.1573E-01   0.000     -0.1232E-02  0.2571       0.000    
   432   23.84     -0.3521E-01   5.973       2.377      0.1113       0.000      0.4136      0.2861E-01  0.1739       0.000      0.5483E-02   0.000     -0.1165E-02  0.2567       0.000    
   433   23.85     -0.9745E-01   5.973       2.367      0.1834       0.000      0.4135      0.2855E-01  0.1747       0.000      0.4810E-02   0.000     -0.9612E-03  0.2555       0.000    
   434   23.86     -0.1900       5.973       2.352      0.2523      0.4744E-12  0.4133      0.2848E-01  0.1758       0.000      0.4563E-02   0.000     -0.6679E-03  0.2538       0.000    
   435   23.88     -0.3117       5.973       2.331      0.3168     -0.3745E-12  0.4128      0.2840E-01  0.1771       0.000      0.4402E-02   0.000     -0.3474E-03  0.2520       0.000    
   436   23.90     -0.4614       5.973       2.306      0.3760       0.000      0.4120      0.2832E-01  0.1787       0.000      0.4284E-02   0.000     -0.4152E-04  0.2502       0.000    
   437   23.93     -0.6373       5.973       2.277      0.4289       0.000      0.4106      0.2823E-01  0.1804       0.000      0.4195E-02   0.000      0.2268E-03  0.2487       0.000    
   438   23.96     -0.8376       5.973       2.244      0.4749       0.000      0.4087      0.2813E-01  0.1822       0.000      0.4127E-02   0.000      0.4481E-03  0.2475       0.000    
   439   23.99      -1.060       5.973       2.207      0.5133       0.000      0.4059      0.2802E-01  0.1840       0.000      0.4075E-02   0.000      0.6229E-03  0.2466       0.000    
   440   24.02      -1.302       5.973       2.166      0.5438      0.2027E-12  0.4022      0.2791E-01  0.1857       0.000      0.4034E-02   0.000      0.7582E-03  0.2459       0.000    
   441   24.06      -1.562       5.973       2.123      0.5662     -0.1908E-12  0.3975      0.2781E-01  0.1873       0.000      0.4000E-02   0.000      0.8647E-03  0.2454       0.000    
   442   24.10      -1.835       5.973       2.077      0.5805       0.000      0.3918      0.2773E-01  0.1887       0.000      0.3971E-02   0.000      0.9546E-03  0.2449       0.000    
   443   24.14      -2.120       5.973       2.030      0.5869       0.000      0.3849      0.2770E-01  0.1897       0.000      0.3944E-02   0.000      0.1040E-02  0.2445       0.000    
   444   24.19      -2.412       5.973       1.981      0.5857       0.000      0.3769      0.2773E-01  0.1903       0.000      0.3917E-02   0.000      0.1133E-02  0.2440       0.000    
   445   24.23      -2.710       5.973       1.931      0.5774       0.000      0.3677      0.2784E-01  0.1904       0.000      0.3889E-02   0.000      0.1245E-02  0.2435       0.000    
   446   24.28      -3.010       5.973       1.882      0.5625       0.000      0.3572      0.2806E-01  0.1899       0.000      0.3858E-02   0.000      0.1387E-02  0.2427       0.000    
   447   24.32      -3.307       5.973       1.832      0.5416       0.000      0.3454      0.2840E-01  0.1886       0.000      0.3823E-02   0.000      0.1571E-02  0.2417       0.000    
   448   24.36      -3.600       5.973       1.783      0.5156       0.000      0.3323      0.2890E-01  0.1864       0.000      0.3780E-02   0.000      0.1809E-02  0.2403       0.000    
   449   24.40      -3.885       5.973       1.736      0.4851       0.000      0.3176      0.2957E-01  0.1830       0.000      0.3726E-02   0.000      0.2114E-02  0.2385       0.000    
   450   24.44      -4.158       5.973       1.690      0.4508       0.000      0.3013      0.3043E-01  0.1783       0.000      0.3657E-02   0.000      0.2499E-02  0.2360       0.000    
   451   24.48      -4.417       5.973       1.647      0.4135       0.000      0.2832      0.3146E-01  0.1720       0.000      0.3566E-02   0.000      0.2969E-02  0.2327       0.000    
   452   24.52      -4.660       5.973       1.607      0.3737       0.000      0.2631      0.3267E-01  0.1638       0.000      0.3446E-02   0.000      0.3523E-02  0.2285       0.000    
   453   24.55      -4.882       5.973       1.570      0.3322       0.000      0.2407      0.3401E-01  0.1534       0.000      0.3286E-02   0.000      0.4132E-02  0.2231       0.000    
   454   24.58      -5.082       5.973       1.536      0.2894       0.000      0.2158      0.3542E-01  0.1405       0.000      0.3077E-02   0.000      0.4735E-02  0.2163       0.000    
   455   24.61      -5.258       5.973       1.507      0.2457       0.000      0.1884      0.3682E-01  0.1250       0.000      0.2810E-02   0.000      0.5225E-02  0.2082       0.000    
   456   24.63      -5.408       5.973       1.482      0.2014       0.000      0.1584      0.3815E-01  0.1069       0.000      0.2476E-02   0.000      0.5452E-02  0.1990       0.000    
   457   24.65      -5.530       5.973       1.462      0.1568       0.000      0.1261      0.3933E-01  0.8628E-01   0.000      0.2071E-02   0.000      0.5247E-02  0.1892       0.000    
   458   24.66      -5.622       5.973       1.446      0.1120       0.000      0.9170E-01  0.4033E-01  0.6341E-01   0.000      0.1591E-02   0.000      0.4463E-02  0.1796       0.000    
   459   24.67      -5.684       5.973       1.436      0.6723E-01   0.000      0.5571E-01  0.4109E-01  0.3880E-01   0.000      0.1027E-02   0.000      0.3043E-02  0.1716       0.000    
   460   24.67      -5.716       5.973       1.431      0.2241E-01   0.000      0.1869E-01  0.4152E-01  0.1307E-01   0.000      0.3084E-03   0.000      0.1085E-02  0.1669       0.000    

 Surface forces referred to Sref,Cref,Bref about Xmom,Ymom,Zmom
 Standard axis orientation,  X fwd, Z down         

  Surface #11     vertical_stabilizer                     
     # chordwise = 10   # spanwise = 30     First strip =461
     Surface area =  15.220           ave. chord =  3.0842    
     CLsurf  =   0.000000     Clsurf  =  -0.000000
     CYsurf  =  -0.000003     Cmsurf  =  -0.000000
     CDsurf  =  -0.000000     Cnsurf  =   0.000001
     CDisurf =  -0.000000     CDvsurf =   0.000000

  Forces referred to Ssurf, Cave about hinge axis thru LE
     cl_surf =   0.000000     cd_surf =  -0.000000

 Strip Forces referred to strip area, chord
    j    xLE         yLE         zLE         Chord       Area        Dihedral   c cl        ai_ff       cl           clj         cd          cdv         cm_c/4     c.p.x/c      Dcj
   461   20.77       0.000       1.055       3.850      0.1463       90.00      0.1702E-04 -0.1185E-04  0.4421E-05   0.000      0.1106E-10   0.000      0.4350E-06  0.1516       0.000    
   462   20.80       0.000       1.105       3.835      0.2382       90.00      0.3154E-04  0.4071E-03  0.8226E-05   0.000     -0.1084E-10   0.000      0.8437E-06  0.1474       0.000    
   463   20.85       0.000       1.179       3.812      0.3269       90.00      0.4685E-04  0.5348E-04  0.1229E-04   0.000     -0.6607E-10   0.000      0.1362E-05  0.1392       0.000    
   464   20.91       0.000       1.276       3.781      0.4110       90.00      0.6348E-04  0.1159E-03  0.1679E-04   0.000     -0.2072E-09   0.000      0.2055E-05  0.1276       0.000    
   465   20.98       0.000       1.396       3.744      0.4891       90.00      0.2509E-03 -0.4227E-03  0.6703E-04   0.000     -0.1450E-09   0.000      0.7576E-05  0.1370       0.000    
   466   21.07       0.000       1.537       3.700      0.5600       90.00      0.6163E-04 -0.1568E-04  0.1666E-04   0.000     -0.1179E-09   0.000      0.1572E-05  0.1556       0.000    
   467   21.17       0.000       1.698       3.649      0.6227       90.00      0.6038E-04 -0.2097E-05  0.1655E-04   0.000     -0.1103E-09   0.000      0.1431E-05  0.1635       0.000    
   468   21.28       0.000       1.878       3.593      0.6763       90.00      0.5730E-04 -0.1321E-05  0.1595E-04   0.000     -0.8788E-10   0.000      0.1202E-05  0.1746       0.000    
   469   21.41       0.000       2.074       3.532      0.7203       90.00      0.5386E-04 -0.1260E-05  0.1525E-04   0.000     -0.7092E-10   0.000      0.9914E-06  0.1850       0.000    
   470   21.54       0.000       2.285       3.466      0.7543       90.00      0.5037E-04 -0.1264E-05  0.1453E-04   0.000     -0.5831E-10   0.000      0.8102E-06  0.1942       0.000    
   471   21.68       0.000       2.509       3.396      0.7781       90.00      0.4693E-04 -0.1276E-05  0.1382E-04   0.000     -0.4857E-10   0.000      0.6557E-06  0.2026       0.000    
   472   21.82       0.000       2.743       3.323      0.7918       90.00      0.4362E-04 -0.1289E-05  0.1313E-04   0.000     -0.4084E-10   0.000      0.5237E-06  0.2101       0.000    
   473   21.97       0.000       2.985       3.247      0.7956       90.00      0.4049E-04 -0.1301E-05  0.1247E-04   0.000     -0.3463E-10   0.000      0.4107E-06  0.2171       0.000    
   474   22.13       0.000       3.233       3.170      0.7900       90.00      0.3758E-04 -0.1309E-05  0.1186E-04   0.000     -0.2962E-10   0.000      0.3135E-06  0.2236       0.000    
   475   22.28       0.000       3.483       3.092      0.7755       90.00      0.3494E-04 -0.1315E-05  0.1130E-04   0.000     -0.2558E-10   0.000      0.2292E-06  0.2297       0.000    
   476   22.44       0.000       3.734       3.013      0.7530       90.00      0.3259E-04 -0.1316E-05  0.1082E-04   0.000     -0.2233E-10   0.000      0.1550E-06  0.2357       0.000    
   477   22.59       0.000       3.982       2.936      0.7232       90.00      0.3054E-04 -0.1313E-05  0.1040E-04   0.000     -0.1972E-10   0.000      0.8904E-07  0.2414       0.000    
   478   22.75       0.000       4.226       2.859      0.6870       90.00      0.2878E-04 -0.1303E-05  0.1007E-04   0.000     -0.1764E-10   0.000      0.2996E-07  0.2470       0.000    
   479   22.89       0.000       4.462       2.786      0.6452       90.00      0.2732E-04 -0.1284E-05  0.9808E-05   0.000     -0.1600E-10   0.000     -0.2242E-07  0.2523       0.000    
   480   23.03       0.000       4.688       2.715      0.5989       90.00      0.2613E-04 -0.1254E-05  0.9626E-05   0.000     -0.1472E-10   0.000     -0.6702E-07  0.2570       0.000    
   481   23.17       0.000       4.903       2.648      0.5488       90.00      0.2519E-04 -0.1211E-05  0.9515E-05   0.000     -0.1375E-10   0.000     -0.1014E-06  0.2607       0.000    
   482   23.29       0.000       5.102       2.585      0.4958       90.00      0.2447E-04 -0.1155E-05  0.9466E-05   0.000     -0.1304E-10   0.000     -0.1222E-06  0.2629       0.000    
   483   23.41       0.000       5.286       2.528      0.4405       90.00      0.2393E-04 -0.1087E-05  0.9467E-05   0.000     -0.1257E-10   0.000     -0.1259E-06  0.2633       0.000    
   484   23.51       0.000       5.450       2.477      0.3836       90.00      0.2353E-04 -0.1010E-05  0.9502E-05   0.000     -0.1232E-10   0.000     -0.1101E-06  0.2616       0.000    
   485   23.60       0.000       5.595       2.432      0.3257       90.00      0.2323E-04 -0.9252E-06  0.9554E-05   0.000     -0.1227E-10   0.000     -0.7491E-07  0.2578       0.000    
   486   23.67       0.000       5.718       2.393      0.2670       90.00      0.2298E-04 -0.8382E-06  0.9605E-05   0.000     -0.1245E-10   0.000     -0.2415E-07  0.2525       0.000    
   487   23.74       0.000       5.818       2.362      0.2079       90.00      0.2275E-04 -0.7521E-06  0.9632E-05   0.000     -0.1253E-10   0.000      0.3541E-07  0.2463       0.000    
   488   23.78       0.000       5.894       2.338      0.1485       90.00      0.2235E-04 -0.6633E-06  0.9561E-05   0.000     -0.1079E-10   0.000      0.9309E-07  0.2403       0.000    
   489   23.82       0.000       5.945       2.322      0.8915E-01   90.00      0.2095E-04 -0.5887E-06  0.9022E-05   0.000      0.2549E-11   0.000      0.6904E-07  0.2423       0.000    
   490   23.83       0.000       5.970       2.314      0.2972E-01   90.00      0.1064E-04 -0.5993E-06  0.4596E-05   0.000      0.1747E-09   0.000     -0.8875E-06  0.4431       0.000    

 Surface forces referred to Sref,Cref,Bref about Xmom,Ymom,Zmom
 Standard axis orientation,  X fwd, Z down         

  Surface #12     fuselage_horizontal                     
     # chordwise = 10   # spanwise = 30     First strip =491
     Surface area =  65.503           ave. chord =  23.647    
     CLsurf  =   0.007634     Clsurf  =   0.000000
     CYsurf  =   0.000001     Cmsurf  =   0.049937
     CDsurf  =   0.000035     Cnsurf  =  -0.000000
     CDisurf =   0.000035     CDvsurf =   0.000000

  Forces referred to Ssurf, Cave about hinge axis thru LE
     cl_surf =   0.007432     cd_surf =   0.000034

 Strip Forces referred to strip area, chord
    j    xLE         yLE         zLE         Chord       Area        Dihedral   c cl        ai_ff       cl           clj         cd          cdv         cm_c/4     c.p.x/c      Dcj
   491   3.132      -1.339       0.000       15.61       1.441       0.000      0.6677E-01  0.4419E-01  0.4301E-02   0.000     -0.3275E-03   0.000      0.2446E-02 -0.3188       0.000    
   492   2.645      -1.247       0.000       17.73       1.637       0.000      0.1010      0.4912E-01  0.5714E-02   0.000     -0.2222E-03   0.000      0.2878E-02 -0.2538       0.000    
   493   2.159      -1.154       0.000       19.86       1.834       0.000      0.1266      0.5226E-01  0.6390E-02   0.000     -0.1113E-03   0.000      0.2938E-02 -0.2098       0.000    
   494   1.788      -1.062       0.000       21.39       1.975       0.000      0.1454      0.5373E-01  0.6808E-02   0.000     -0.2457E-04   0.000      0.3036E-02 -0.1959       0.000    
   495   1.533     -0.9695       0.000       22.32       2.061       0.000      0.1611      0.5389E-01  0.7224E-02   0.000      0.2079E-04   0.000      0.3163E-02 -0.1878       0.000    
   496   1.278     -0.8772       0.000       23.26       2.147       0.000      0.1738      0.5371E-01  0.7481E-02   0.000      0.7999E-05   0.000      0.3244E-02 -0.1836       0.000    
   497   1.058     -0.7848       0.000       24.08       2.223       0.000      0.1840      0.5316E-01  0.7653E-02   0.000      0.7971E-05   0.000      0.3310E-02 -0.1826       0.000    
   498  0.8733     -0.6925       0.000       24.78       2.288       0.000      0.1926      0.5285E-01  0.7782E-02   0.000      0.3300E-05   0.000      0.3363E-02 -0.1821       0.000    
   499  0.6887     -0.6002       0.000       25.49       2.353       0.000      0.1996      0.5235E-01  0.7843E-02   0.000     -0.2252E-04   0.000      0.3389E-02 -0.1822       0.000    
   500  0.5311     -0.5078       0.000       26.02       2.403       0.000      0.2052      0.5194E-01  0.7901E-02   0.000     -0.7468E-04   0.000      0.3419E-02 -0.1828       0.000    
   501  0.4004     -0.4155       0.000       26.38       2.436       0.000      0.2100      0.5172E-01  0.7971E-02   0.000     -0.3975E-05   0.000      0.3451E-02 -0.1829       0.000    
   502  0.2697     -0.3232       0.000       26.74       2.469       0.000      0.2137      0.5151E-01  0.8007E-02   0.000     -0.6557E-04   0.000      0.3464E-02 -0.1826       0.000    
   503  0.1703     -0.2308       0.000       26.95       2.488       0.000      0.2164      0.5144E-01  0.8043E-02   0.000     -0.1676E-04   0.000      0.3480E-02 -0.1826       0.000    
   504  0.1022     -0.1385       0.000       27.02       2.495       0.000      0.2184      0.5144E-01  0.8083E-02   0.000      0.2139E-03   0.000      0.3499E-02 -0.1828       0.000    
   505  0.3407E-01 -0.4617E-01   0.000       27.09       2.501       0.000      0.2194      0.5141E-01  0.8068E-02   0.000      0.8151E-03   0.000      0.3502E-02 -0.1840       0.000    
   506  0.3407E-01  0.4617E-01   0.000       27.09       2.501       0.000      0.2194      0.5150E-01  0.8068E-02   0.000      0.8151E-03   0.000      0.3502E-02 -0.1841       0.000    
   507  0.1022      0.1385       0.000       27.02       2.495       0.000      0.2183      0.5146E-01  0.8081E-02   0.000      0.2139E-03   0.000      0.3499E-02 -0.1830       0.000    
   508  0.1703      0.2308       0.000       26.95       2.488       0.000      0.2164      0.5145E-01  0.8040E-02   0.000     -0.1700E-04   0.000      0.3480E-02 -0.1829       0.000    
   509  0.2697      0.3232       0.000       26.74       2.469       0.000      0.2136      0.5151E-01  0.8003E-02   0.000     -0.6589E-04   0.000      0.3465E-02 -0.1829       0.000    
   510  0.4004      0.4155       0.000       26.38       2.436       0.000      0.2099      0.5172E-01  0.7967E-02   0.000     -0.4267E-05   0.000      0.3452E-02 -0.1832       0.000    
   511  0.5311      0.5078       0.000       26.02       2.403       0.000      0.2051      0.5194E-01  0.7896E-02   0.000     -0.7505E-04   0.000      0.3420E-02 -0.1832       0.000    
   512  0.6887      0.6002       0.000       25.49       2.353       0.000      0.1995      0.5235E-01  0.7838E-02   0.000     -0.2286E-04   0.000      0.3391E-02 -0.1826       0.000    
   513  0.8733      0.6925       0.000       24.78       2.288       0.000      0.1925      0.5285E-01  0.7777E-02   0.000      0.2986E-05   0.000      0.3364E-02 -0.1826       0.000    
   514   1.058      0.7848       0.000       24.08       2.223       0.000      0.1839      0.5316E-01  0.7647E-02   0.000      0.7662E-05   0.000      0.3312E-02 -0.1830       0.000    
   515   1.278      0.8772       0.000       23.26       2.147       0.000      0.1736      0.5371E-01  0.7475E-02   0.000      0.7714E-05   0.000      0.3245E-02 -0.1841       0.000    
   516   1.533      0.9695       0.000       22.32       2.061       0.000      0.1609      0.5389E-01  0.7219E-02   0.000      0.2055E-04   0.000      0.3165E-02 -0.1884       0.000    
   517   1.788       1.062       0.000       21.39       1.975       0.000      0.1453      0.5373E-01  0.6803E-02   0.000     -0.2474E-04   0.000      0.3037E-02 -0.1965       0.000    
   518   2.159       1.154       0.000       19.86       1.834       0.000      0.1265      0.5226E-01  0.6384E-02   0.000     -0.1114E-03   0.000      0.2940E-02 -0.2106       0.000    
   519   2.645       1.247       0.000       17.73       1.637       0.000      0.1009      0.4913E-01  0.5707E-02   0.000     -0.2223E-03   0.000      0.2880E-02 -0.2547       0.000    
   520   3.132       1.339       0.000       15.61       1.441       0.000      0.6668E-01  0.4420E-01  0.4295E-02   0.000     -0.3277E-03   0.000      0.2448E-02 -0.3200       0.000    

 Surface forces referred to Sref,Cref,Bref about Xmom,Ymom,Zmom
 Standard axis orientation,  X fwd, Z down         

  Surface #13     fuselage_vertical                       
     # chordwise = 10   # spanwise = 30     First strip =521
     Surface area =  65.103           ave. chord =  23.503    
     CLsurf  =   0.000000     Clsurf  =   0.000000
     CYsurf  =  -0.000003     Cmsurf  =  -0.000000
     CDsurf  =   0.000000     Cnsurf  =   0.000001
     CDisurf =   0.000000     CDvsurf =   0.000000

  Forces referred to Ssurf, Cave about hinge axis thru LE
     cl_surf =   0.000000     cd_surf =   0.000000

 Strip Forces referred to strip area, chord
    j    xLE         yLE         zLE         Chord       Area        Dihedral   c cl        ai_ff       cl           clj         cd          cdv         cm_c/4     c.p.x/c      Dcj
   521   2.856       0.000      -1.339       15.65       1.445       90.00     -0.1974E-07 -0.3863E-05 -0.1261E-08   0.000     -0.4618E-11   0.000     -0.3719E-06  -99.00       0.000    
   522   1.819       0.000      -1.247       17.87       1.650       90.00      0.5163E-06 -0.3258E-05  0.2889E-07   0.000     -0.2818E-11   0.000     -0.4626E-06   16.26       0.000    
   523  0.7817       0.000      -1.154       20.09       1.855       90.00      0.1297E-05 -0.2592E-05  0.6456E-07   0.000      0.7307E-11   0.000     -0.4885E-06   7.816       0.000    
   524  0.2207       0.000      -1.062       21.48       1.984       90.00     -0.3409E-05 -0.1784E-05 -0.1587E-06   0.000      0.1630E-10   0.000     -0.3851E-06  -2.177       0.000    
   525  0.1361       0.000     -0.9695       22.06       2.037       90.00     -0.2422E-05 -0.1659E-05 -0.1098E-06   0.000      0.1136E-10   0.000     -0.4272E-06  -3.641       0.000    
   526  0.5142E-01   0.000     -0.8772       22.63       2.090       90.00     -0.9990E-06 -0.1463E-05 -0.4414E-07   0.000      0.1216E-10   0.000     -0.4644E-06  -10.27       0.000    
   527  0.1405E-01   0.000     -0.7848       23.10       2.133       90.00      0.1106E-06 -0.1243E-05  0.4788E-08   0.000      0.1318E-10   0.000     -0.4866E-06   99.00       0.000    
   528  0.2395E-01   0.000     -0.6925       23.47       2.167       90.00      0.2577E-05 -0.1103E-05  0.1098E-06   0.000      0.1358E-10   0.000     -0.5269E-06   5.048       0.000    
   529  0.3385E-01   0.000     -0.6002       23.83       2.200       90.00      0.5684E-05 -0.9000E-06  0.2385E-06   0.000      0.1315E-10   0.000     -0.5660E-06   2.623       0.000    
   530  0.6640E-01   0.000     -0.5078       24.15       2.229       90.00      0.9312E-05 -0.6734E-06  0.3857E-06   0.000      0.1146E-10   0.000     -0.6060E-06   1.821       0.000    
   531  0.1216       0.000     -0.4155       24.41       2.254       90.00      0.1430E-04 -0.3855E-06  0.5860E-06   0.000      0.8878E-11   0.000     -0.6494E-06   1.358       0.000    
   532  0.1768       0.000     -0.3232       24.67       2.278       90.00      0.2078E-04  0.2374E-06  0.8425E-06   0.000      0.6069E-11   0.000     -0.6937E-06   1.073       0.000    
   533  0.2450       0.000     -0.2308       24.90       2.299       90.00      0.2971E-04  0.2406E-05  0.1193E-05   0.000      0.4182E-11   0.000     -0.7555E-06  0.8831       0.000    
   534  0.3263       0.000     -0.1385       25.09       2.317       90.00      0.4284E-04  0.1209E-04  0.1707E-05   0.000      0.5766E-11   0.000     -0.8301E-06  0.7363       0.000    
   535  0.4076       0.000     -0.4617E-01   25.29       2.335       90.00      0.6128E-04  0.4339E-04  0.2423E-05   0.000      0.1505E-10   0.000     -0.9279E-06  0.6330       0.000    
   536  0.5006       0.000      0.4617E-01   25.46       2.351       90.00      0.8274E-04 -0.4444E-04  0.3249E-05   0.000      0.2982E-10   0.000     -0.1061E-05  0.5765       0.000    
   537  0.6052       0.000      0.1385       25.61       2.365       90.00      0.1004E-03 -0.1316E-04  0.3922E-05   0.000      0.3622E-10   0.000     -0.1139E-05  0.5403       0.000    
   538  0.7098       0.000      0.2308       25.76       2.378       90.00      0.1084E-03 -0.3430E-05  0.4208E-05   0.000      0.2183E-10   0.000     -0.1129E-05  0.5183       0.000    
   539  0.8268       0.000      0.3232       25.85       2.387       90.00      0.1182E-03 -0.1181E-05  0.4570E-05   0.000      0.8019E-11   0.000     -0.1252E-05  0.5239       0.000    
   540  0.9561       0.000      0.4155       25.90       2.392       90.00      0.1250E-03 -0.6117E-06  0.4825E-05   0.000      0.1849E-11   0.000     -0.1267E-05  0.5126       0.000    
   541   1.086       0.000      0.5078       25.95       2.396       90.00      0.1300E-03 -0.4433E-06  0.5012E-05   0.000     -0.1282E-10   0.000     -0.1267E-05  0.5029       0.000    
   542   1.230       0.000      0.6002       25.89       2.391       90.00      0.1433E-03 -0.4442E-06  0.5534E-05   0.000     -0.2695E-10   0.000     -0.1611E-05  0.5410       0.000    
   543   1.390       0.000      0.6925       25.73       2.376       90.00      0.1456E-03 -0.5963E-06  0.5660E-05   0.000     -0.1338E-10   0.000     -0.1608E-05  0.5341       0.000    
   544   1.549       0.000      0.7848       25.57       2.361       90.00      0.1459E-03 -0.1104E-05  0.5706E-05   0.000     -0.1297E-10   0.000     -0.1582E-05  0.5273       0.000    
   545   1.732       0.000      0.8772       25.39       2.344       90.00      0.1436E-03 -0.3350E-05  0.5658E-05   0.000     -0.2989E-10   0.000     -0.1525E-05  0.5196       0.000    
   546   1.938       0.000      0.9695       25.18       2.325       90.00      0.1346E-03 -0.2397E-04  0.5344E-05   0.000     -0.6650E-10   0.000     -0.1362E-05  0.5049       0.000    
   547   2.144       0.000       1.062       24.98       2.306       90.00      0.1151E-03 -0.5424E-04  0.4608E-05   0.000     -0.2159E-09   0.000     -0.1019E-05  0.4711       0.000    
   548   2.435       0.000       1.154       23.15       2.138       90.00      0.2399E-03  0.7025E-04  0.1036E-04   0.000      0.1534E-09   0.000     -0.6060E-05  0.8348       0.000    
   549   2.811       0.000       1.247       19.71       1.820       90.00      0.1741E-03  0.6221E-04  0.8832E-05   0.000      0.8462E-10   0.000     -0.5694E-05  0.8947       0.000    
   550   3.187       0.000       1.339       16.27       1.502       90.00     -0.1189E-03  0.1883E-04 -0.7312E-05   0.000      0.2901E-10   0.000      0.2734E-05  0.6239       0.000    

 Surface forces referred to Sref,Cref,Bref about Xmom,Ymom,Zmom
 Standard axis orientation,  X fwd, Z down         

  Surface #14     nacelle_horizontal                      
     # chordwise =  6   # spanwise = 11     First strip =551
     Surface area = 0.21864           ave. chord = 0.58759    
     CLsurf  =   0.000264     Clsurf  =  -0.000022
     CYsurf  =  -0.000000     Cmsurf  =   0.000123
     CDsurf  =   0.000003     Cnsurf  =  -0.000001
     CDisurf =   0.000003     CDvsurf =   0.000000

  Forces referred to Ssurf, Cave about hinge axis thru LE
     cl_surf =   0.076910     cd_surf =   0.000758

 Strip Forces referred to strip area, chord
    j    xLE         yLE         zLE         Chord       Area        Dihedral   c cl        ai_ff       cl           clj         cd          cdv         cm_c/4     c.p.x/c      Dcj
   551   10.67       2.189       1.199      0.2051      0.7630E-02   0.000      0.2674E-01  0.8611E-01  0.1307       0.000     -0.3928E-02   0.000      0.5923E-02  0.2047       0.000    
   552   10.57       2.226       1.199      0.4828      0.1796E-01   0.000      0.4009E-01  0.9696E-01  0.8317E-01   0.000     -0.1158E-03   0.000      0.7369E-02  0.1614       0.000    
   553   10.51       2.263       1.199      0.6376      0.2372E-01   0.000      0.4820E-01  0.9985E-01  0.7567E-01   0.000      0.6571E-03   0.000      0.7378E-02  0.1525       0.000    
   554   10.47       2.301       1.199      0.7591      0.2824E-01   0.000      0.5340E-01  0.1058      0.7038E-01   0.000      0.1323E-02   0.000      0.7096E-02  0.1492       0.000    
   555   10.45       2.338       1.199      0.8532      0.3174E-01   0.000      0.5609E-01  0.1221      0.6573E-01   0.000      0.1833E-02   0.000      0.6794E-02  0.1466       0.000    
   556   10.45       2.366       1.199      0.8732      0.1624E-01   0.000      0.5610E-01  0.6961E-01  0.6423E-01   0.000      0.2087E-02   0.000      0.6626E-02  0.1468       0.000    
   557   10.46       2.384       1.199      0.8332      0.1550E-01   0.000      0.5524E-01  0.8706E-01  0.6628E-01   0.000      0.2077E-02   0.000      0.6787E-02  0.1476       0.000    
   558   10.47       2.412       1.199      0.7591      0.2831E-01   0.000      0.5364E-01  0.9563E-01  0.7070E-01   0.000      0.1352E-02   0.000      0.7157E-02  0.1488       0.000    
   559   10.51       2.450       1.199      0.6376      0.2372E-01   0.000      0.4902E-01  0.9873E-01  0.7696E-01   0.000      0.6564E-03   0.000      0.7585E-02  0.1514       0.000    
   560   10.57       2.487       1.199      0.4828      0.1796E-01   0.000      0.4098E-01  0.9742E-01  0.8501E-01   0.000     -0.1543E-03   0.000      0.7693E-02  0.1595       0.000    
   561   10.67       2.524       1.199      0.2051      0.7630E-02   0.000      0.2766E-01  0.8667E-01  0.1352       0.000     -0.3991E-02   0.000      0.6717E-02  0.2003       0.000    

 Surface forces referred to Sref,Cref,Bref about Xmom,Ymom,Zmom
 Standard axis orientation,  X fwd, Z down         

  Surface #15     nacelle_horizontal (YDUP)               
     # chordwise =  6   # spanwise = 11     First strip =562
     Surface area = 0.21864           ave. chord = 0.58759    
     CLsurf  =   0.000171     Clsurf  =   0.000015
     CYsurf  =  -0.000000     Cmsurf  =   0.000080
     CDsurf  =   0.000002     Cnsurf  =   0.000001
     CDisurf =   0.000002     CDvsurf =   0.000000

  Forces referred to Ssurf, Cave about hinge axis thru LE
     cl_surf =   0.049909     cd_surf =   0.000463

 Strip Forces referred to strip area, chord
    j    xLE         yLE         zLE         Chord       Area        Dihedral   c cl        ai_ff       cl           clj         cd          cdv         cm_c/4     c.p.x/c      Dcj
   562   10.67      -2.189       1.199      0.2051      0.7630E-02   0.000      0.1933E-01  0.1335      0.9448E-01   0.000     -0.1729E-02   0.000      0.5570E-02  0.1910       0.000    
   563   10.57      -2.226       1.199      0.4828      0.1796E-01   0.000      0.2679E-01  0.1215      0.5557E-01   0.000      0.8070E-04   0.000      0.5787E-02  0.1459       0.000    
   564   10.51      -2.263       1.199      0.6376      0.2372E-01   0.000      0.3102E-01  0.1134      0.4869E-01   0.000      0.4484E-03   0.000      0.5349E-02  0.1401       0.000    
   565   10.47      -2.301       1.199      0.7591      0.2824E-01   0.000      0.3459E-01  0.1435      0.4559E-01   0.000      0.7713E-03   0.000      0.4992E-02  0.1405       0.000    
   566   10.45      -2.338       1.199      0.8532      0.3174E-01   0.000      0.3469E-01  0.1603      0.4066E-01   0.000      0.9859E-03   0.000      0.4489E-02  0.1396       0.000    
   567   10.45      -2.366       1.199      0.8732      0.1624E-01   0.000      0.3130E-01 -0.4144E-01  0.3584E-01   0.000      0.9459E-03   0.000      0.3924E-02  0.1405       0.000    
   568   10.46      -2.384       1.199      0.8332      0.1550E-01   0.000      0.3097E-01 -0.1040E-02  0.3717E-01   0.000      0.1019E-02   0.000      0.4054E-02  0.1409       0.000    
   569   10.47      -2.412       1.199      0.7591      0.2831E-01   0.000      0.3390E-01  0.1152      0.4467E-01   0.000      0.8277E-03   0.000      0.4901E-02  0.1403       0.000    
   570   10.51      -2.450       1.199      0.6376      0.2372E-01   0.000      0.3310E-01  0.1393      0.5196E-01   0.000      0.3862E-03   0.000      0.5713E-02  0.1401       0.000    
   571   10.57      -2.487       1.199      0.4828      0.1796E-01   0.000      0.2815E-01  0.1258      0.5840E-01   0.000     -0.5098E-05   0.000      0.6143E-02  0.1448       0.000    
   572   10.67      -2.524       1.199      0.2051      0.7630E-02   0.000      0.2028E-01  0.1338      0.9913E-01   0.000     -0.1875E-02   0.000      0.6195E-02  0.1875       0.000    

 Surface forces referred to Sref,Cref,Bref about Xmom,Ymom,Zmom
 Standard axis orientation,  X fwd, Z down         

  Surface #16     nacelle_vertical                        
     # chordwise =  6   # spanwise = 11     First strip =573
     Surface area = 0.21864           ave. chord = 0.58759    
     CLsurf  =  -0.000000     Clsurf  =   0.000000
     CYsurf  =  -0.000034     Cmsurf  =  -0.000000
     CDsurf  =  -0.000000     Cnsurf  =  -0.000001
     CDisurf =  -0.000000     CDvsurf =   0.000000

  Forces referred to Ssurf, Cave about hinge axis thru LE
     cl_surf =  -0.000024     cd_surf =  -0.000051

 Strip Forces referred to strip area, chord
    j    xLE         yLE         zLE         Chord       Area        Dihedral   c cl        ai_ff       cl           clj         cd          cdv         cm_c/4     c.p.x/c      Dcj
   573   10.67       2.357       1.031      0.2051      0.7630E-02   90.00      0.2683E-02  0.6429E-03  0.1308E-01   0.000     -0.2528E-03   0.000      0.5657E-02 -0.1825       0.000    
   574   10.57       2.357       1.069      0.4828      0.1796E-01   90.00      0.5235E-02  0.2842E-02  0.1084E-01   0.000     -0.9491E-04   0.000      0.2490E-02  0.2037E-01   0.000    
   575   10.51       2.357       1.106      0.6376      0.2372E-01   90.00      0.7017E-02  0.5101E-02  0.1101E-01   0.000     -0.7636E-04   0.000      0.2168E-02  0.5297E-01   0.000    
   576   10.47       2.357       1.143      0.7591      0.2824E-01   90.00      0.9034E-02  0.1898E-01  0.1190E-01   0.000     -0.6519E-04   0.000      0.2144E-02  0.6988E-01   0.000    
   577   10.45       2.357       1.180      0.8532      0.3174E-01   90.00      0.9370E-02  0.2424E-01  0.1098E-01   0.000     -0.3389E-04   0.000      0.1825E-02  0.8379E-01   0.000    
   578   10.45       2.357       1.208      0.8732      0.1624E-01   90.00      0.7652E-02 -0.6773E-02  0.8763E-02   0.000     -0.1848E-04   0.000      0.7645E-04  0.2413       0.000    
   579   10.46       2.357       1.227      0.8332      0.1550E-01   90.00      0.5140E-02 -0.2607E-01  0.6169E-02   0.000     -0.1074E-04   0.000      0.9809E-05  0.2484       0.000    
   580   10.47       2.357       1.255      0.7591      0.2831E-01   90.00      0.4721E-02 -0.1329E-01  0.6219E-02   0.000     -0.1167E-04   0.000     -0.4390E-04  0.2571       0.000    
   581   10.51       2.357       1.292      0.6376      0.2372E-01   90.00      0.5454E-02 -0.6943E-03  0.8554E-02   0.000     -0.2497E-04   0.000     -0.1300E-03  0.2652       0.000    
   582   10.57       2.357       1.329      0.4828      0.1796E-01   90.00      0.5020E-02 -0.1608E-03  0.1040E-01   0.000     -0.4026E-04   0.000     -0.4016E-03  0.2886       0.000    
   583   10.67       2.357       1.366      0.2051      0.7630E-02   90.00      0.3928E-02 -0.8567E-03  0.1915E-01   0.000     -0.9826E-04   0.000     -0.2954E-02  0.4042       0.000    

 Surface forces referred to Sref,Cref,Bref about Xmom,Ymom,Zmom
 Standard axis orientation,  X fwd, Z down         

  Surface #17     nacelle_vertical (YDUP)                 
     # chordwise =  6   # spanwise = 11     First strip =584
     Surface area = 0.21864           ave. chord = 0.58759    
     CLsurf  =  -0.000000     Clsurf  =  -0.000000
     CYsurf  =   0.000022     Cmsurf  =  -0.000000
     CDsurf  =  -0.000000     Cnsurf  =   0.000001
     CDisurf =  -0.000000     CDvsurf =   0.000000

  Forces referred to Ssurf, Cave about hinge axis thru LE
     cl_surf =  -0.000016     cd_surf =  -0.000034

 Strip Forces referred to strip area, chord
    j    xLE         yLE         zLE         Chord       Area        Dihedral   c cl        ai_ff       cl           clj         cd          cdv         cm_c/4     c.p.x/c      Dcj
   584   10.67      -2.357       1.031      0.2051      0.7630E-02  -90.00      0.1864E-02  0.6354E-02  0.9087E-02   0.000     -0.1516E-03   0.000      0.4147E-02 -0.2063       0.000    
   585   10.57      -2.357       1.069      0.4828      0.1796E-01  -90.00      0.3371E-02  0.4208E-02  0.6984E-02   0.000     -0.5729E-04   0.000      0.1722E-02  0.3410E-02   0.000    
   586   10.51      -2.357       1.106      0.6376      0.2372E-01  -90.00      0.4438E-02  0.4127E-02  0.6960E-02   0.000     -0.4782E-04   0.000      0.1452E-02  0.4138E-01   0.000    
   587   10.47      -2.357       1.143      0.7591      0.2824E-01  -90.00      0.6252E-02  0.3701E-01  0.8236E-02   0.000     -0.5108E-04   0.000      0.1556E-02  0.6108E-01   0.000    
   588   10.45      -2.357       1.180      0.8532      0.3174E-01  -90.00      0.6511E-02  0.6917E-01  0.7631E-02   0.000     -0.2848E-04   0.000      0.1335E-02  0.7502E-01   0.000    
   589   10.45      -2.357       1.208      0.8732      0.1624E-01  -90.00      0.3990E-02 -0.8007E-01  0.4570E-02   0.000     -0.1183E-04   0.000      0.7766E-04  0.2330       0.000    
   590   10.46      -2.357       1.227      0.8332      0.1550E-01  -90.00      0.1646E-02 -0.7711E-01  0.1976E-02   0.000     -0.4113E-05   0.000     -0.1789E-05  0.2509       0.000    
   591   10.47      -2.357       1.255      0.7591      0.2831E-01  -90.00      0.2082E-02 -0.2614E-01  0.2743E-02   0.000     -0.4988E-05   0.000      0.8292E-05  0.2470       0.000    
   592   10.51      -2.357       1.292      0.6376      0.2372E-01  -90.00      0.3492E-02  0.4792E-02  0.5476E-02   0.000     -0.1646E-04   0.000      0.4852E-05  0.2491       0.000    
   593   10.57      -2.357       1.329      0.4828      0.1796E-01  -90.00      0.3412E-02  0.4267E-02  0.7068E-02   0.000     -0.2697E-04   0.000     -0.1471E-03  0.2708       0.000    
   594   10.67      -2.357       1.366      0.2051      0.7630E-02  -90.00      0.2853E-02  0.4456E-02  0.1391E-01   0.000     -0.6107E-04   0.000     -0.1957E-02  0.3907       0.000    

 Surface forces referred to Sref,Cref,Bref about Xmom,Ymom,Zmom
 Standard axis orientation,  X fwd, Z down         

  Surface #18     nacelle_2_horizontal                    
     # chordwise =  6   # spanwise = 11     First strip =595
     Surface area = 0.21864           ave. chord = 0.58759    
     CLsurf  =   0.000257     Clsurf  =  -0.000047
     CYsurf  =   0.000000     Cmsurf  =   0.000114
     CDsurf  =   0.000003     Cnsurf  =  -0.000002
     CDisurf =   0.000003     CDvsurf =   0.000000

  Forces referred to Ssurf, Cave about hinge axis thru LE
     cl_surf =   0.075077     cd_surf =   0.000780

 Strip Forces referred to strip area, chord
    j    xLE         yLE         zLE         Chord       Area        Dihedral   c cl        ai_ff       cl           clj         cd          cdv         cm_c/4     c.p.x/c      Dcj
   595   10.73       4.861       1.199      0.2051      0.7630E-02   0.000      0.2677E-01  0.8357E-01  0.1309       0.000     -0.3760E-02   0.000      0.6174E-02  0.2028       0.000    
   596   10.62       4.898       1.199      0.4828      0.1796E-01   0.000      0.4008E-01  0.9533E-01  0.8313E-01   0.000     -0.1073E-03   0.000      0.7316E-02  0.1620       0.000    
   597   10.57       4.936       1.199      0.6376      0.2372E-01   0.000      0.4810E-01  0.9671E-01  0.7551E-01   0.000      0.6783E-03   0.000      0.7331E-02  0.1529       0.000    
   598   10.53       4.973       1.199      0.7591      0.2831E-01   0.000      0.5288E-01  0.9559E-01  0.6969E-01   0.000      0.1358E-02   0.000      0.6984E-02  0.1498       0.000    
   599   10.51       5.001       1.199      0.8332      0.1550E-01   0.000      0.5447E-01  0.8904E-01  0.6535E-01   0.000      0.2073E-02   0.000      0.6658E-02  0.1481       0.000    
   600   10.51       5.019       1.199      0.8732      0.1624E-01   0.000      0.5489E-01  0.6907E-01  0.6284E-01   0.000      0.2059E-02   0.000      0.6472E-02  0.1470       0.000    
   601   10.51       5.047       1.199      0.8532      0.3174E-01   0.000      0.5440E-01  0.1176      0.6375E-01   0.000      0.1798E-02   0.000      0.6598E-02  0.1465       0.000    
   602   10.53       5.085       1.199      0.7591      0.2824E-01   0.000      0.5168E-01  0.1018      0.6812E-01   0.000      0.1306E-02   0.000      0.6967E-02  0.1477       0.000    
   603   10.57       5.122       1.199      0.6376      0.2372E-01   0.000      0.4685E-01  0.9763E-01  0.7354E-01   0.000      0.6658E-03   0.000      0.7321E-02  0.1505       0.000    
   604   10.62       5.159       1.199      0.4828      0.1796E-01   0.000      0.3910E-01  0.9530E-01  0.8110E-01   0.000     -0.7977E-04   0.000      0.7339E-02  0.1595       0.000    
   605   10.73       5.196       1.199      0.2051      0.7630E-02   0.000      0.2622E-01  0.8375E-01  0.1282       0.000     -0.3563E-02   0.000      0.6320E-02  0.2007       0.000    

 Surface forces referred to Sref,Cref,Bref about Xmom,Ymom,Zmom
 Standard axis orientation,  X fwd, Z down         

  Surface #19     nacelle_2_vertical                      
     # chordwise =  6   # spanwise = 11     First strip =606
     Surface area = 0.21864           ave. chord = 0.58759    
     CLsurf  =   0.000000     Clsurf  =  -0.000000
     CYsurf  =  -0.000001     Cmsurf  =   0.000000
     CDsurf  =  -0.000000     Cnsurf  =  -0.000000
     CDisurf =  -0.000000     CDvsurf =   0.000000

  Forces referred to Ssurf, Cave about hinge axis thru LE
     cl_surf =   0.000001     cd_surf =  -0.000002

 Strip Forces referred to strip area, chord
    j    xLE         yLE         zLE         Chord       Area        Dihedral   c cl        ai_ff       cl           clj         cd          cdv         cm_c/4     c.p.x/c      Dcj
   606   10.73       5.029       1.031      0.2051      0.7630E-02   90.00     -0.2851E-03  0.1080E-01 -0.1390E-02   0.000     -0.2168E-05   0.000     -0.5452E-03 -0.1422       0.000    
   607   10.62       5.029       1.069      0.4828      0.1796E-01   90.00     -0.7657E-03  0.1031E-01 -0.1586E-02   0.000     -0.1185E-05   0.000     -0.2945E-03  0.6430E-01   0.000    
   608   10.57       5.029       1.106      0.6376      0.2372E-01   90.00     -0.1444E-02  0.8575E-02 -0.2265E-02   0.000     -0.2197E-05   0.000     -0.3815E-03  0.8156E-01   0.000    
   609   10.53       5.029       1.143      0.7591      0.2824E-01   90.00     -0.2724E-02 -0.4326E-02 -0.3588E-02   0.000     -0.4242E-05   0.000     -0.6118E-03  0.7949E-01   0.000    
   610   10.51       5.029       1.180      0.8532      0.3174E-01   90.00     -0.2492E-02 -0.7247E-02 -0.2921E-02   0.000     -0.5241E-06   0.000     -0.4762E-03  0.8696E-01   0.000    
   611   10.51       5.029       1.208      0.8732      0.1624E-01   90.00      0.6473E-03  0.1575E-01  0.7413E-03   0.000      0.6829E-07   0.000      0.5049E-04  0.1819       0.000    
   612   10.51       5.029       1.227      0.8332      0.1550E-01   90.00      0.3154E-02  0.3745E-01  0.3785E-02   0.000     -0.6849E-06   0.000      0.1069E-03  0.2217       0.000    
   613   10.53       5.029       1.255      0.7591      0.2831E-01   90.00      0.3492E-02  0.2561E-01  0.4600E-02   0.000     -0.5296E-05   0.000      0.4258E-04  0.2407       0.000    
   614   10.57       5.029       1.292      0.6376      0.2372E-01   90.00      0.2111E-02  0.1270E-01  0.3310E-02   0.000     -0.3311E-05   0.000     -0.5174E-04  0.2656       0.000    
   615   10.62       5.029       1.329      0.4828      0.1796E-01   90.00      0.1385E-02  0.1100E-01  0.2870E-02   0.000     -0.2511E-05   0.000     -0.1374E-03  0.2979       0.000    
   616   10.73       5.029       1.366      0.2051      0.7630E-02   90.00      0.9068E-03  0.1330E-01  0.4421E-02   0.000     -0.4785E-05   0.000     -0.7150E-03  0.4117       0.000    

 Surface forces referred to Sref,Cref,Bref about Xmom,Ymom,Zmom
 Standard axis orientation,  X fwd, Z down         

  Surface #20     nacelle_3_horizontal                    
     # chordwise =  6   # spanwise = 11     First strip =617
     Surface area = 0.21864           ave. chord = 0.58759    
     CLsurf  =   0.000253     Clsurf  =  -0.000070
     CYsurf  =  -0.000000     Cmsurf  =   0.000098
     CDsurf  =   0.000003     Cnsurf  =  -0.000003
     CDisurf =   0.000003     CDvsurf =   0.000000

  Forces referred to Ssurf, Cave about hinge axis thru LE
     cl_surf =   0.073654     cd_surf =   0.000856

 Strip Forces referred to strip area, chord
    j    xLE         yLE         zLE         Chord       Area        Dihedral   c cl        ai_ff       cl           clj         cd          cdv         cm_c/4     c.p.x/c      Dcj
   617   10.86       7.533       1.199      0.2051      0.7630E-02   0.000      0.2575E-01  0.8089E-01  0.1259       0.000     -0.3280E-02   0.000      0.6179E-02  0.2009       0.000    
   618   10.75       7.571       1.199      0.4828      0.1796E-01   0.000      0.3844E-01  0.9257E-01  0.7973E-01   0.000      0.3973E-04   0.000      0.7112E-02  0.1608       0.000    
   619   10.70       7.608       1.199      0.6376      0.2372E-01   0.000      0.4607E-01  0.9492E-01  0.7231E-01   0.000      0.7535E-03   0.000      0.7093E-02  0.1519       0.000    
   620   10.66       7.645       1.199      0.7591      0.2824E-01   0.000      0.5078E-01  0.9859E-01  0.6692E-01   0.000      0.1361E-02   0.000      0.6783E-02  0.1486       0.000    
   621   10.64       7.682       1.199      0.8532      0.3174E-01   0.000      0.5339E-01  0.1136      0.6257E-01   0.000      0.1822E-02   0.000      0.6438E-02  0.1471       0.000    
   622   10.64       7.710       1.199      0.8732      0.1624E-01   0.000      0.5384E-01  0.6696E-01  0.6163E-01   0.000      0.2066E-02   0.000      0.6318E-02  0.1475       0.000    
   623   10.64       7.729       1.199      0.8332      0.1550E-01   0.000      0.5338E-01  0.8605E-01  0.6405E-01   0.000      0.2088E-02   0.000      0.6505E-02  0.1484       0.000    
   624   10.66       7.757       1.199      0.7591      0.2831E-01   0.000      0.5181E-01  0.9227E-01  0.6827E-01   0.000      0.1414E-02   0.000      0.6831E-02  0.1500       0.000    
   625   10.70       7.794       1.199      0.6376      0.2372E-01   0.000      0.4715E-01  0.9352E-01  0.7400E-01   0.000      0.7709E-03   0.000      0.7158E-02  0.1533       0.000    
   626   10.75       7.831       1.199      0.4828      0.1796E-01   0.000      0.3925E-01  0.9179E-01  0.8142E-01   0.000      0.7726E-05   0.000      0.7193E-02  0.1617       0.000    
   627   10.86       7.868       1.199      0.2051      0.7630E-02   0.000      0.2618E-01  0.7995E-01  0.1280       0.000     -0.3531E-02   0.000      0.6270E-02  0.2010       0.000    

 Surface forces referred to Sref,Cref,Bref about Xmom,Ymom,Zmom
 Standard axis orientation,  X fwd, Z down         

  Surface #21     nacelle_3_vertical                      
     # chordwise =  6   # spanwise = 11     First strip =628
     Surface area = 0.21864           ave. chord = 0.58759    
     CLsurf  =  -0.000000     Clsurf  =   0.000000
     CYsurf  =   0.000000     Cmsurf  =   0.000000
     CDsurf  =  -0.000000     Cnsurf  =  -0.000000
     CDisurf =  -0.000000     CDvsurf =   0.000000

  Forces referred to Ssurf, Cave about hinge axis thru LE
     cl_surf =  -0.000000     cd_surf =  -0.000002

 Strip Forces referred to strip area, chord
    j    xLE         yLE         zLE         Chord       Area        Dihedral   c cl        ai_ff       cl           clj         cd          cdv         cm_c/4     c.p.x/c      Dcj
   628   10.86       7.701       1.031      0.2051      0.7630E-02   90.00      0.2640E-03  0.1253E-01  0.1287E-02   0.000     -0.2026E-05   0.000      0.5218E-03 -0.1554       0.000    
   629   10.75       7.701       1.069      0.4828      0.1796E-01   90.00      0.7238E-03  0.1303E-01  0.1499E-02   0.000     -0.1339E-05   0.000      0.3198E-03  0.3669E-01   0.000    
   630   10.70       7.701       1.106      0.6376      0.2372E-01   90.00      0.1393E-02  0.1482E-01  0.2184E-02   0.000     -0.2537E-05   0.000      0.4241E-03  0.5583E-01   0.000    
   631   10.66       7.701       1.143      0.7591      0.2824E-01   90.00      0.2668E-02  0.2761E-01  0.3515E-02   0.000     -0.4866E-05   0.000      0.6611E-03  0.6193E-01   0.000    
   632   10.64       7.701       1.180      0.8532      0.3174E-01   90.00      0.2479E-02  0.3077E-01  0.2906E-02   0.000     -0.1005E-05   0.000      0.5382E-03  0.6477E-01   0.000    
   633   10.64       7.701       1.208      0.8732      0.1624E-01   90.00     -0.5164E-03  0.7572E-02 -0.5914E-03   0.000      0.9587E-07   0.000      0.1379E-05  0.2523       0.000    
   634   10.64       7.701       1.227      0.8332      0.1550E-01   90.00     -0.2916E-02 -0.1325E-01 -0.3500E-02   0.000     -0.8754E-07   0.000     -0.5893E-04  0.2332       0.000    
   635   10.66       7.701       1.255      0.7591      0.2831E-01   90.00     -0.3178E-02 -0.1287E-02 -0.4187E-02   0.000     -0.3768E-05   0.000     -0.7543E-05  0.2482       0.000    
   636   10.70       7.701       1.292      0.6376      0.2372E-01   90.00     -0.1749E-02  0.1178E-01 -0.2743E-02   0.000     -0.1972E-05   0.000      0.6408E-04  0.2734       0.000    
   637   10.75       7.701       1.329      0.4828      0.1796E-01   90.00     -0.9960E-03  0.1433E-01 -0.2063E-02   0.000     -0.1088E-05   0.000      0.1137E-03  0.3051       0.000    
   638   10.86       7.701       1.366      0.2051      0.7630E-02   90.00     -0.5401E-03  0.2286E-01 -0.2634E-02   0.000     -0.1498E-05   0.000      0.4461E-03  0.4194       0.000    

 Surface forces referred to Sref,Cref,Bref about Xmom,Ymom,Zmom
 Standard axis orientation,  X fwd, Z down         

  Surface #22     nacelle_4_horizontal                    
     # chordwise =  6   # spanwise = 11     First strip =639
     Surface area = 0.21864           ave. chord = 0.58759    
     CLsurf  =   0.000244     Clsurf  =  -0.000092
     CYsurf  =   0.000000     Cmsurf  =   0.000081
     CDsurf  =   0.000004     Cnsurf  =  -0.000003
     CDisurf =   0.000004     CDvsurf =   0.000000

  Forces referred to Ssurf, Cave about hinge axis thru LE
     cl_surf =   0.071302     cd_surf =   0.001032

 Strip Forces referred to strip area, chord
    j    xLE         yLE         zLE         Chord       Area        Dihedral   c cl        ai_ff       cl           clj         cd          cdv         cm_c/4     c.p.x/c      Dcj
   639   10.99       10.21       1.199      0.2051      0.7630E-02   0.000      0.2564E-01  0.8048E-01  0.1253       0.000     -0.2905E-02   0.000      0.5937E-02  0.2026       0.000    
   640   10.89       10.24       1.199      0.4828      0.1796E-01   0.000      0.3810E-01  0.9018E-01  0.7902E-01   0.000      0.3027E-03   0.000      0.6940E-02  0.1622       0.000    
   641   10.83       10.28       1.199      0.6376      0.2372E-01   0.000      0.4566E-01  0.9179E-01  0.7165E-01   0.000      0.9692E-03   0.000      0.6822E-02  0.1548       0.000    
   642   10.79       10.32       1.199      0.7591      0.2831E-01   0.000      0.5007E-01  0.9015E-01  0.6597E-01   0.000      0.1527E-02   0.000      0.6472E-02  0.1519       0.000    
   643   10.78       10.35       1.199      0.8332      0.1550E-01   0.000      0.5151E-01  0.8319E-01  0.6179E-01   0.000      0.2120E-02   0.000      0.6180E-02  0.1500       0.000    
   644   10.77       10.36       1.199      0.8732      0.1624E-01   0.000      0.5195E-01  0.6459E-01  0.5947E-01   0.000      0.2065E-02   0.000      0.6016E-02  0.1488       0.000    
   645   10.77       10.39       1.199      0.8532      0.3174E-01   0.000      0.5158E-01  0.1116      0.6044E-01   0.000      0.1869E-02   0.000      0.6125E-02  0.1487       0.000    
   646   10.80       10.43       1.199      0.7591      0.2824E-01   0.000      0.4909E-01  0.9708E-01  0.6469E-01   0.000      0.1485E-02   0.000      0.6422E-02  0.1507       0.000    
   647   10.83       10.47       1.199      0.6376      0.2372E-01   0.000      0.4453E-01  0.9294E-01  0.6988E-01   0.000      0.9637E-03   0.000      0.6762E-02  0.1532       0.000    
   648   10.89       10.50       1.199      0.4828      0.1796E-01   0.000      0.3719E-01  0.9041E-01  0.7712E-01   0.000      0.3462E-03   0.000      0.6887E-02  0.1607       0.000    
   649   10.99       10.54       1.199      0.2051      0.7630E-02   0.000      0.2510E-01  0.8135E-01  0.1227       0.000     -0.2687E-02   0.000      0.5833E-02  0.2025       0.000    

 Surface forces referred to Sref,Cref,Bref about Xmom,Ymom,Zmom
 Standard axis orientation,  X fwd, Z down         

  Surface #23     nacelle_4_vertical                      
     # chordwise =  6   # spanwise = 11     First strip =650
     Surface area = 0.21864           ave. chord = 0.58759    
     CLsurf  =  -0.000000     Clsurf  =  -0.000000
     CYsurf  =   0.000006     Cmsurf  =  -0.000000
     CDsurf  =  -0.000000     Cnsurf  =   0.000000
     CDisurf =  -0.000000     CDvsurf =   0.000000

  Forces referred to Ssurf, Cave about hinge axis thru LE
     cl_surf =  -0.000003     cd_surf =  -0.000003

 Strip Forces referred to strip area, chord
    j    xLE         yLE         zLE         Chord       Area        Dihedral   c cl        ai_ff       cl           clj         cd          cdv         cm_c/4     c.p.x/c      Dcj
   650   10.99       10.37       1.031      0.2051      0.7630E-02   90.00     -0.6910E-03  0.1770E-01 -0.3369E-02   0.000     -0.1417E-04   0.000     -0.1353E-02 -0.1516       0.000    
   651   10.89       10.37       1.069      0.4828      0.1796E-01   90.00     -0.1575E-02  0.1652E-01 -0.3262E-02   0.000     -0.5460E-05   0.000     -0.5650E-03  0.7679E-01   0.000    
   652   10.83       10.37       1.106      0.6376      0.2372E-01   90.00     -0.2478E-02  0.1447E-01 -0.3886E-02   0.000     -0.5880E-05   0.000     -0.5424E-03  0.1104       0.000    
   653   10.79       10.37       1.143      0.7591      0.2824E-01   90.00     -0.3880E-02  0.1867E-02 -0.5111E-02   0.000     -0.7387E-05   0.000     -0.6869E-03  0.1156       0.000    
   654   10.77       10.37       1.180      0.8532      0.3174E-01   90.00     -0.3806E-02 -0.1525E-02 -0.4461E-02   0.000     -0.1973E-05   0.000     -0.5124E-03  0.1351       0.000    
   655   10.77       10.37       1.208      0.8732      0.1624E-01   90.00     -0.1058E-02  0.2136E-01 -0.1212E-02   0.000     -0.1828E-06   0.000      0.2034E-03  0.4178       0.000    
   656   10.78       10.37       1.227      0.8332      0.1550E-01   90.00      0.1347E-02  0.4148E-01  0.1616E-02   0.000      0.2713E-06   0.000      0.2542E-03  0.9275E-01   0.000    
   657   10.79       10.37       1.255      0.7591      0.2831E-01   90.00      0.1745E-02  0.3044E-01  0.2299E-02   0.000     -0.1972E-05   0.000      0.2126E-03  0.1575       0.000    
   658   10.83       10.37       1.292      0.6376      0.2372E-01   90.00      0.6600E-03  0.1872E-01  0.1035E-02   0.000     -0.6948E-06   0.000      0.1318E-03  0.1226       0.000    
   659   10.89       10.37       1.329      0.4828      0.1796E-01   90.00      0.2704E-03  0.1777E-01  0.5600E-03   0.000     -0.2286E-06   0.000      0.6973E-04  0.1255       0.000    
   660   10.99       10.37       1.366      0.2051      0.7630E-02   90.00      0.1554E-03  0.1627E-01  0.7578E-03   0.000     -0.2125E-06   0.000     -0.8309E-04  0.3596       0.000    

 Surface forces referred to Sref,Cref,Bref about Xmom,Ymom,Zmom
 Standard axis orientation,  X fwd, Z down         

  Surface #24     nacelle_5_horizontal                    
     # chordwise =  6   # spanwise = 11     First strip =661
     Surface area = 0.21864           ave. chord = 0.58759    
     CLsurf  =   0.000171     Clsurf  =   0.000015
     CYsurf  =  -0.000000     Cmsurf  =   0.000080
     CDsurf  =   0.000002     Cnsurf  =   0.000001
     CDisurf =   0.000002     CDvsurf =   0.000000

  Forces referred to Ssurf, Cave about hinge axis thru LE
     cl_surf =   0.049909     cd_surf =   0.000463

 Strip Forces referred to strip area, chord
    j    xLE         yLE         zLE         Chord       Area        Dihedral   c cl        ai_ff       cl           clj         cd          cdv         cm_c/4     c.p.x/c      Dcj
   661   10.67      -2.524       1.199      0.2051      0.7630E-02   0.000      0.2028E-01  0.1338      0.9913E-01   0.000     -0.1875E-02   0.000      0.6195E-02  0.1875       0.000    
   662   10.57      -2.487       1.199      0.4828      0.1796E-01   0.000      0.2815E-01  0.1258      0.5840E-01   0.000     -0.5098E-05   0.000      0.6143E-02  0.1448       0.000    
   663   10.51      -2.450       1.199      0.6376      0.2372E-01   0.000      0.3310E-01  0.1393      0.5196E-01   0.000      0.3862E-03   0.000      0.5713E-02  0.1401       0.000    
   664   10.47      -2.412       1.199      0.7591      0.2831E-01   0.000      0.3390E-01  0.1152      0.4467E-01   0.000      0.8277E-03   0.000      0.4901E-02  0.1403       0.000    
   665   10.46      -2.384       1.199      0.8332      0.1550E-01   0.000      0.3097E-01 -0.1040E-02  0.3717E-01   0.000      0.1019E-02   0.000      0.4054E-02  0.1409       0.000    
   666   10.45      -2.366       1.199      0.8732      0.1624E-01   0.000      0.3130E-01 -0.4144E-01  0.3584E-01   0.000      0.9459E-03   0.000      0.3924E-02  0.1405       0.000    
   667   10.45      -2.338       1.199      0.8532      0.3174E-01   0.000      0.3469E-01  0.1603      0.4066E-01   0.000      0.9859E-03   0.000      0.4489E-02  0.1396       0.000    
   668   10.47      -2.301       1.199      0.7591      0.2824E-01   0.000      0.3459E-01  0.1435      0.4559E-01   0.000      0.7713E-03   0.000      0.4992E-02  0.1405       0.000    
   669   10.51      -2.263       1.199      0.6376      0.2372E-01   0.000      0.3102E-01  0.1134      0.4869E-01   0.000      0.4484E-03   0.000      0.5349E-02  0.1401       0.000    
   670   10.57      -2.226       1.199      0.4828      0.1796E-01   0.000      0.2679E-01  0.1215      0.5557E-01   0.000      0.8070E-04   0.000      0.5787E-02  0.1459       0.000    
   671   10.67      -2.189       1.199      0.2051      0.7630E-02   0.000      0.1933E-01  0.1335      0.9448E-01   0.000     -0.1729E-02   0.000      0.5570E-02  0.1910       0.000    

 Surface forces referred to Sref,Cref,Bref about Xmom,Ymom,Zmom
 Standard axis orientation,  X fwd, Z down         

  Surface #25     nacelle_5_vertical                      
     # chordwise =  6   # spanwise = 11     First strip =672
     Surface area = 0.21864           ave. chord = 0.58759    
     CLsurf  =  -0.000000     Clsurf  =  -0.000000
     CYsurf  =   0.000022     Cmsurf  =  -0.000000
     CDsurf  =  -0.000000     Cnsurf  =   0.000001
     CDisurf =  -0.000000     CDvsurf =   0.000000

  Forces referred to Ssurf, Cave about hinge axis thru LE
     cl_surf =  -0.000016     cd_surf =  -0.000034

 Strip Forces referred to strip area, chord
    j    xLE         yLE         zLE         Chord       Area        Dihedral   c cl        ai_ff       cl           clj         cd          cdv         cm_c/4     c.p.x/c      Dcj
   672   10.67      -2.357       1.031      0.2051      0.7630E-02   90.00     -0.1864E-02 -0.6354E-02 -0.9087E-02   0.000     -0.1516E-03   0.000     -0.4147E-02 -0.2063       0.000    
   673   10.57      -2.357       1.069      0.4828      0.1796E-01   90.00     -0.3371E-02 -0.4208E-02 -0.6984E-02   0.000     -0.5729E-04   0.000     -0.1722E-02  0.3410E-02   0.000    
   674   10.51      -2.357       1.106      0.6376      0.2372E-01   90.00     -0.4438E-02 -0.4127E-02 -0.6960E-02   0.000     -0.4782E-04   0.000     -0.1452E-02  0.4138E-01   0.000    
   675   10.47      -2.357       1.143      0.7591      0.2824E-01   90.00     -0.6252E-02 -0.3701E-01 -0.8236E-02   0.000     -0.5108E-04   0.000     -0.1556E-02  0.6108E-01   0.000    
   676   10.45      -2.357       1.180      0.8532      0.3174E-01   90.00     -0.6511E-02 -0.6917E-01 -0.7631E-02   0.000     -0.2848E-04   0.000     -0.1335E-02  0.7502E-01   0.000    
   677   10.45      -2.357       1.208      0.8732      0.1624E-01   90.00     -0.3990E-02  0.8007E-01 -0.4570E-02   0.000     -0.1183E-04   0.000     -0.7766E-04  0.2330       0.000    
   678   10.46      -2.357       1.227      0.8332      0.1550E-01   90.00     -0.1646E-02  0.7711E-01 -0.1976E-02   0.000     -0.4113E-05   0.000      0.1789E-05  0.2509       0.000    
   679   10.47      -2.357       1.255      0.7591      0.2831E-01   90.00     -0.2082E-02  0.2614E-01 -0.2743E-02   0.000     -0.4988E-05   0.000     -0.8292E-05  0.2470       0.000    
   680   10.51      -2.357       1.292      0.6376      0.2372E-01   90.00     -0.3492E-02 -0.4792E-02 -0.5476E-02   0.000     -0.1646E-04   0.000     -0.4852E-05  0.2491       0.000    
   681   10.57      -2.357       1.329      0.4828      0.1796E-01   90.00     -0.3412E-02 -0.4267E-02 -0.7068E-02   0.000     -0.2697E-04   0.000      0.1471E-03  0.2708       0.000    
   682   10.67      -2.357       1.366      0.2051      0.7630E-02   90.00     -0.2853E-02 -0.4456E-02 -0.1391E-01   0.000     -0.6107E-04   0.000      0.1957E-02  0.3907       0.000    

 Surface forces referred to Sref,Cref,Bref about Xmom,Ymom,Zmom
 Standard axis orientation,  X fwd, Z down         

  Surface #26     nacelle_6_horizontal                    
     # chordwise =  6   # spanwise = 11     First strip =683
     Surface area = 0.21864           ave. chord = 0.58759    
     CLsurf  =   0.000257     Clsurf  =   0.000047
     CYsurf  =  -0.000000     Cmsurf  =   0.000114
     CDsurf  =   0.000003     Cnsurf  =   0.000002
     CDisurf =   0.000003     CDvsurf =   0.000000

  Forces referred to Ssurf, Cave about hinge axis thru LE
     cl_surf =   0.075085     cd_surf =   0.000780

 Strip Forces referred to strip area, chord
    j    xLE         yLE         zLE         Chord       Area        Dihedral   c cl        ai_ff       cl           clj         cd          cdv         cm_c/4     c.p.x/c      Dcj
   683   10.73      -5.196       1.199      0.2051      0.7630E-02   0.000      0.2622E-01  0.8375E-01  0.1282       0.000     -0.3565E-02   0.000      0.6321E-02  0.2007       0.000    
   684   10.62      -5.159       1.199      0.4828      0.1796E-01   0.000      0.3910E-01  0.9531E-01  0.8111E-01   0.000     -0.8062E-04   0.000      0.7340E-02  0.1595       0.000    
   685   10.57      -5.122       1.199      0.6376      0.2372E-01   0.000      0.4685E-01  0.9764E-01  0.7355E-01   0.000      0.6652E-03   0.000      0.7322E-02  0.1504       0.000    
   686   10.53      -5.085       1.199      0.7591      0.2824E-01   0.000      0.5169E-01  0.1018      0.6812E-01   0.000      0.1306E-02   0.000      0.6968E-02  0.1477       0.000    
   687   10.51      -5.047       1.199      0.8532      0.3174E-01   0.000      0.5441E-01  0.1176      0.6376E-01   0.000      0.1798E-02   0.000      0.6599E-02  0.1465       0.000    
   688   10.51      -5.019       1.199      0.8732      0.1624E-01   0.000      0.5490E-01  0.6907E-01  0.6285E-01   0.000      0.2059E-02   0.000      0.6473E-02  0.1470       0.000    
   689   10.51      -5.001       1.199      0.8332      0.1550E-01   0.000      0.5447E-01  0.8905E-01  0.6536E-01   0.000      0.2072E-02   0.000      0.6659E-02  0.1481       0.000    
   690   10.53      -4.973       1.199      0.7591      0.2831E-01   0.000      0.5288E-01  0.9560E-01  0.6969E-01   0.000      0.1358E-02   0.000      0.6985E-02  0.1498       0.000    
   691   10.57      -4.936       1.199      0.6376      0.2372E-01   0.000      0.4811E-01  0.9671E-01  0.7552E-01   0.000      0.6777E-03   0.000      0.7332E-02  0.1529       0.000    
   692   10.62      -4.898       1.199      0.4828      0.1796E-01   0.000      0.4008E-01  0.9534E-01  0.8314E-01   0.000     -0.1083E-03   0.000      0.7318E-02  0.1620       0.000    
   693   10.73      -4.861       1.199      0.2051      0.7630E-02   0.000      0.2677E-01  0.8358E-01  0.1309       0.000     -0.3762E-02   0.000      0.6175E-02  0.2028       0.000    

 Surface forces referred to Sref,Cref,Bref about Xmom,Ymom,Zmom
 Standard axis orientation,  X fwd, Z down         

  Surface #27     nacelle_6_vertical                      
     # chordwise =  6   # spanwise = 11     First strip =694
     Surface area = 0.21864           ave. chord = 0.58759    
     CLsurf  =   0.000000     Clsurf  =   0.000000
     CYsurf  =   0.000001     Cmsurf  =   0.000000
     CDsurf  =  -0.000000     Cnsurf  =   0.000000
     CDisurf =  -0.000000     CDvsurf =   0.000000

  Forces referred to Ssurf, Cave about hinge axis thru LE
     cl_surf =   0.000001     cd_surf =  -0.000002

 Strip Forces referred to strip area, chord
    j    xLE         yLE         zLE         Chord       Area        Dihedral   c cl        ai_ff       cl           clj         cd          cdv         cm_c/4     c.p.x/c      Dcj
   694   10.73      -5.029       1.031      0.2051      0.7630E-02   90.00      0.2863E-03 -0.1080E-01  0.1396E-02   0.000     -0.2187E-05   0.000      0.5476E-03 -0.1423       0.000    
   695   10.62      -5.029       1.069      0.4828      0.1796E-01   90.00      0.7679E-03 -0.1031E-01  0.1591E-02   0.000     -0.1193E-05   0.000      0.2954E-03  0.6430E-01   0.000    
   696   10.57      -5.029       1.106      0.6376      0.2372E-01   90.00      0.1447E-02 -0.8572E-02  0.2269E-02   0.000     -0.2205E-05   0.000      0.3821E-03  0.8161E-01   0.000    
   697   10.53      -5.029       1.143      0.7591      0.2824E-01   90.00      0.2727E-02  0.4331E-02  0.3592E-02   0.000     -0.4251E-05   0.000      0.6123E-03  0.7955E-01   0.000    
   698   10.51      -5.029       1.180      0.8532      0.3174E-01   90.00      0.2495E-02  0.7253E-02  0.2925E-02   0.000     -0.5266E-06   0.000      0.4766E-03  0.8704E-01   0.000    
   699   10.51      -5.029       1.208      0.8732      0.1624E-01   90.00     -0.6442E-03 -0.1574E-01 -0.7377E-03   0.000      0.6903E-07   0.000     -0.5070E-04  0.1813       0.000    
   700   10.51      -5.029       1.227      0.8332      0.1550E-01   90.00     -0.3151E-02 -0.3745E-01 -0.3782E-02   0.000     -0.6829E-06   0.000     -0.1072E-03  0.2217       0.000    
   701   10.53      -5.029       1.255      0.7591      0.2831E-01   90.00     -0.3489E-02 -0.2561E-01 -0.4597E-02   0.000     -0.5292E-05   0.000     -0.4287E-04  0.2407       0.000    
   702   10.57      -5.029       1.292      0.6376      0.2372E-01   90.00     -0.2109E-02 -0.1270E-01 -0.3307E-02   0.000     -0.3307E-05   0.000      0.5144E-04  0.2656       0.000    
   703   10.62      -5.029       1.329      0.4828      0.1796E-01   90.00     -0.1384E-02 -0.1101E-01 -0.2866E-02   0.000     -0.2506E-05   0.000      0.1371E-03  0.2978       0.000    
   704   10.73      -5.029       1.366      0.2051      0.7630E-02   90.00     -0.9059E-03 -0.1331E-01 -0.4417E-02   0.000     -0.4776E-05   0.000      0.7141E-03  0.4117       0.000    

 Surface forces referred to Sref,Cref,Bref about Xmom,Ymom,Zmom
 Standard axis orientation,  X fwd, Z down         

  Surface #28     nacelle_7_horizontal                    
     # chordwise =  6   # spanwise = 11     First strip =705
     Surface area = 0.21864           ave. chord = 0.58759    
     CLsurf  =   0.000253     Clsurf  =   0.000070
     CYsurf  =   0.000000     Cmsurf  =   0.000098
     CDsurf  =   0.000003     Cnsurf  =   0.000003
     CDisurf =   0.000003     CDvsurf =   0.000000

  Forces referred to Ssurf, Cave about hinge axis thru LE
     cl_surf =   0.073656     cd_surf =   0.000856

 Strip Forces referred to strip area, chord
    j    xLE         yLE         zLE         Chord       Area        Dihedral   c cl        ai_ff       cl           clj         cd          cdv         cm_c/4     c.p.x/c      Dcj
   705   10.86      -7.868       1.199      0.2051      0.7630E-02   0.000      0.2618E-01  0.7995E-01  0.1280       0.000     -0.3531E-02   0.000      0.6270E-02  0.2010       0.000    
   706   10.75      -7.831       1.199      0.4828      0.1796E-01   0.000      0.3925E-01  0.9179E-01  0.8142E-01   0.000      0.7525E-05   0.000      0.7194E-02  0.1616       0.000    
   707   10.70      -7.794       1.199      0.6376      0.2372E-01   0.000      0.4715E-01  0.9352E-01  0.7400E-01   0.000      0.7707E-03   0.000      0.7158E-02  0.1533       0.000    
   708   10.66      -7.757       1.199      0.7591      0.2831E-01   0.000      0.5181E-01  0.9228E-01  0.6827E-01   0.000      0.1414E-02   0.000      0.6831E-02  0.1500       0.000    
   709   10.64      -7.729       1.199      0.8332      0.1550E-01   0.000      0.5338E-01  0.8605E-01  0.6405E-01   0.000      0.2088E-02   0.000      0.6505E-02  0.1484       0.000    
   710   10.64      -7.710       1.199      0.8732      0.1624E-01   0.000      0.5384E-01  0.6696E-01  0.6163E-01   0.000      0.2065E-02   0.000      0.6318E-02  0.1475       0.000    
   711   10.64      -7.682       1.199      0.8532      0.3174E-01   0.000      0.5340E-01  0.1136      0.6257E-01   0.000      0.1822E-02   0.000      0.6438E-02  0.1471       0.000    
   712   10.66      -7.645       1.199      0.7591      0.2824E-01   0.000      0.5078E-01  0.9859E-01  0.6692E-01   0.000      0.1360E-02   0.000      0.6783E-02  0.1486       0.000    
   713   10.70      -7.608       1.199      0.6376      0.2372E-01   0.000      0.4607E-01  0.9492E-01  0.7231E-01   0.000      0.7534E-03   0.000      0.7094E-02  0.1519       0.000    
   714   10.75      -7.571       1.199      0.4828      0.1796E-01   0.000      0.3844E-01  0.9257E-01  0.7974E-01   0.000      0.3953E-04   0.000      0.7113E-02  0.1608       0.000    
   715   10.86      -7.533       1.199      0.2051      0.7630E-02   0.000      0.2575E-01  0.8089E-01  0.1259       0.000     -0.3281E-02   0.000      0.6179E-02  0.2009       0.000    

 Surface forces referred to Sref,Cref,Bref about Xmom,Ymom,Zmom
 Standard axis orientation,  X fwd, Z down         

  Surface #29     nacelle_7_vertical                      
     # chordwise =  6   # spanwise = 11     First strip =716
     Surface area = 0.21864           ave. chord = 0.58759    
     CLsurf  =  -0.000000     Clsurf  =  -0.000000
     CYsurf  =  -0.000000     Cmsurf  =   0.000000
     CDsurf  =  -0.000000     Cnsurf  =   0.000000
     CDisurf =  -0.000000     CDvsurf =   0.000000

  Forces referred to Ssurf, Cave about hinge axis thru LE
     cl_surf =  -0.000000     cd_surf =  -0.000002

 Strip Forces referred to strip area, chord
    j    xLE         yLE         zLE         Chord       Area        Dihedral   c cl        ai_ff       cl           clj         cd          cdv         cm_c/4     c.p.x/c      Dcj
   716   10.86      -7.701       1.031      0.2051      0.7630E-02   90.00     -0.2637E-03 -0.1254E-01 -0.1286E-02   0.000     -0.2021E-05   0.000     -0.5212E-03 -0.1553       0.000    
   717   10.75      -7.701       1.069      0.4828      0.1796E-01   90.00     -0.7233E-03 -0.1304E-01 -0.1498E-02   0.000     -0.1337E-05   0.000     -0.3196E-03  0.3668E-01   0.000    
   718   10.70      -7.701       1.106      0.6376      0.2372E-01   90.00     -0.1392E-02 -0.1482E-01 -0.2183E-02   0.000     -0.2534E-05   0.000     -0.4240E-03  0.5581E-01   0.000    
   719   10.66      -7.701       1.143      0.7591      0.2824E-01   90.00     -0.2667E-02 -0.2762E-01 -0.3514E-02   0.000     -0.4863E-05   0.000     -0.6610E-03  0.6191E-01   0.000    
   720   10.64      -7.701       1.180      0.8532      0.3174E-01   90.00     -0.2478E-02 -0.3078E-01 -0.2905E-02   0.000     -0.1004E-05   0.000     -0.5381E-03  0.6475E-01   0.000    
   721   10.64      -7.701       1.208      0.8732      0.1624E-01   90.00      0.5175E-03 -0.7574E-02  0.5926E-03   0.000      0.9586E-07   0.000     -0.1403E-05  0.2524       0.000    
   722   10.64      -7.701       1.227      0.8332      0.1550E-01   90.00      0.2917E-02  0.1325E-01  0.3501E-02   0.000     -0.8818E-07   0.000      0.5891E-04  0.2332       0.000    
   723   10.66      -7.701       1.255      0.7591      0.2831E-01   90.00      0.3179E-02  0.1285E-02  0.4189E-02   0.000     -0.3770E-05   0.000      0.7510E-05  0.2482       0.000    
   724   10.70      -7.701       1.292      0.6376      0.2372E-01   90.00      0.1750E-02 -0.1178E-01  0.2745E-02   0.000     -0.1974E-05   0.000     -0.6414E-04  0.2734       0.000    
   725   10.75      -7.701       1.329      0.4828      0.1796E-01   90.00      0.9967E-03 -0.1434E-01  0.2065E-02   0.000     -0.1090E-05   0.000     -0.1138E-03  0.3051       0.000    
   726   10.86      -7.701       1.366      0.2051      0.7630E-02   90.00      0.5407E-03 -0.2287E-01  0.2636E-02   0.000     -0.1501E-05   0.000     -0.4465E-03  0.4194       0.000    

 Surface forces referred to Sref,Cref,Bref about Xmom,Ymom,Zmom
 Standard axis orientation,  X fwd, Z down         

  Surface #30     nacelle_8_horizontal                    
     # chordwise =  6   # spanwise = 11     First strip =727
     Surface area = 0.21864           ave. chord = 0.58759    
     CLsurf  =   0.000244     Clsurf  =   0.000092
     CYsurf  =  -0.000000     Cmsurf  =   0.000081
     CDsurf  =   0.000004     Cnsurf  =   0.000003
     CDisurf =   0.000004     CDvsurf =   0.000000

  Forces referred to Ssurf, Cave about hinge axis thru LE
     cl_surf =   0.071302     cd_surf =   0.001032

 Strip Forces referred to strip area, chord
    j    xLE         yLE         zLE         Chord       Area        Dihedral   c cl        ai_ff       cl           clj         cd          cdv         cm_c/4     c.p.x/c      Dcj
   727   10.99      -10.54       1.199      0.2051      0.7630E-02   0.000      0.2510E-01  0.8135E-01  0.1227       0.000     -0.2687E-02   0.000      0.5833E-02  0.2025       0.000    
   728   10.89      -10.50       1.199      0.4827      0.1796E-01   0.000      0.3719E-01  0.9041E-01  0.7712E-01   0.000      0.3461E-03   0.000      0.6887E-02  0.1607       0.000    
   729   10.83      -10.47       1.199      0.6376      0.2372E-01   0.000      0.4453E-01  0.9294E-01  0.6988E-01   0.000      0.9637E-03   0.000      0.6762E-02  0.1532       0.000    
   730   10.79      -10.43       1.199      0.7591      0.2824E-01   0.000      0.4909E-01  0.9708E-01  0.6469E-01   0.000      0.1485E-02   0.000      0.6422E-02  0.1507       0.000    
   731   10.77      -10.39       1.199      0.8532      0.3174E-01   0.000      0.5158E-01  0.1116      0.6044E-01   0.000      0.1869E-02   0.000      0.6125E-02  0.1487       0.000    
   732   10.77      -10.36       1.199      0.8732      0.1624E-01   0.000      0.5195E-01  0.6459E-01  0.5947E-01   0.000      0.2065E-02   0.000      0.6017E-02  0.1488       0.000    
   733   10.78      -10.35       1.199      0.8332      0.1550E-01   0.000      0.5151E-01  0.8319E-01  0.6179E-01   0.000      0.2120E-02   0.000      0.6180E-02  0.1500       0.000    
   734   10.80      -10.32       1.199      0.7591      0.2831E-01   0.000      0.5007E-01  0.9015E-01  0.6597E-01   0.000      0.1527E-02   0.000      0.6472E-02  0.1519       0.000    
   735   10.83      -10.28       1.199      0.6376      0.2372E-01   0.000      0.4566E-01  0.9179E-01  0.7165E-01   0.000      0.9691E-03   0.000      0.6822E-02  0.1548       0.000    
   736   10.89      -10.24       1.199      0.4828      0.1796E-01   0.000      0.3810E-01  0.9018E-01  0.7902E-01   0.000      0.3026E-03   0.000      0.6940E-02  0.1622       0.000    
   737   10.99      -10.21       1.199      0.2051      0.7630E-02   0.000      0.2564E-01  0.8048E-01  0.1253       0.000     -0.2905E-02   0.000      0.5937E-02  0.2026       0.000    

 Surface forces referred to Sref,Cref,Bref about Xmom,Ymom,Zmom
 Standard axis orientation,  X fwd, Z down         

  Surface #31     nacelle_8_vertical                      
     # chordwise =  6   # spanwise = 11     First strip =738
     Surface area = 0.21864           ave. chord = 0.58759    
     CLsurf  =  -0.000000     Clsurf  =   0.000000
     CYsurf  =  -0.000006     Cmsurf  =  -0.000000
     CDsurf  =  -0.000000     Cnsurf  =  -0.000000
     CDisurf =  -0.000000     CDvsurf =   0.000000

  Forces referred to Ssurf, Cave about hinge axis thru LE
     cl_surf =  -0.000003     cd_surf =  -0.000003

 Strip Forces referred to strip area, chord
    j    xLE         yLE         zLE         Chord       Area        Dihedral   c cl        ai_ff       cl           clj         cd          cdv         cm_c/4     c.p.x/c      Dcj
   738   10.99      -10.37       1.031      0.2051      0.7630E-02   90.00      0.6912E-03 -0.1770E-01  0.3370E-02   0.000     -0.1417E-04   0.000      0.1353E-02 -0.1516       0.000    
   739   10.89      -10.37       1.069      0.4828      0.1796E-01   90.00      0.1575E-02 -0.1652E-01  0.3262E-02   0.000     -0.5463E-05   0.000      0.5651E-03  0.7678E-01   0.000    
   740   10.83      -10.37       1.106      0.6376      0.2372E-01   90.00      0.2478E-02 -0.1447E-01  0.3887E-02   0.000     -0.5882E-05   0.000      0.5425E-03  0.1104       0.000    
   741   10.79      -10.37       1.143      0.7591      0.2824E-01   90.00      0.3880E-02 -0.1867E-02  0.5112E-02   0.000     -0.7389E-05   0.000      0.6869E-03  0.1156       0.000    
   742   10.77      -10.37       1.180      0.8532      0.3174E-01   90.00      0.3806E-02  0.1525E-02  0.4461E-02   0.000     -0.1974E-05   0.000      0.5124E-03  0.1351       0.000    
   743   10.77      -10.37       1.208      0.8732      0.1624E-01   90.00      0.1059E-02 -0.2136E-01  0.1213E-02   0.000     -0.1830E-06   0.000     -0.2034E-03  0.4177       0.000    
   744   10.78      -10.37       1.227      0.8332      0.1550E-01   90.00     -0.1346E-02 -0.4148E-01 -0.1616E-02   0.000      0.2715E-06   0.000     -0.2542E-03  0.9268E-01   0.000    
   745   10.79      -10.37       1.255      0.7591      0.2831E-01   90.00     -0.1744E-02 -0.3044E-01 -0.2298E-02   0.000     -0.1971E-05   0.000     -0.2126E-03  0.1575       0.000    
   746   10.83      -10.37       1.292      0.6376      0.2372E-01   90.00     -0.6596E-03 -0.1872E-01 -0.1034E-02   0.000     -0.6943E-06   0.000     -0.1319E-03  0.1225       0.000    
   747   10.89      -10.37       1.329      0.4828      0.1796E-01   90.00     -0.2700E-03 -0.1777E-01 -0.5593E-03   0.000     -0.2282E-06   0.000     -0.6977E-04  0.1252       0.000    
   748   10.99      -10.37       1.366      0.2051      0.7630E-02   90.00     -0.1552E-03 -0.1627E-01 -0.7566E-03   0.000     -0.2120E-06   0.000      0.8289E-04  0.3596       0.000    
