 ---------------------------------------------------------------
Surface and Strip forces by surface

 Surface forces referred to Sref,Cref,Bref about Xmom,Ymom,Zmom
 Standard axis orientation,  X fwd, Z down         

  Surface # 1     main_wing_1                             
     # chordwise = 10   # spanwise = 20     First strip =  1
     Surface area =  8.2446           ave. chord =  2.7250    
     CLsurf  =   0.040336     Clsurf  =  -0.002325
     CYsurf  =  -0.000010     Cmsurf  =  -0.025261
     CDsurf  =   0.000875     Cnsurf  =  -0.000061
     CDisurf =   0.000444     CDvsurf =   0.000000

  Forces referred to Ssurf, Cave about hinge axis thru LE
     cl_surf =   0.305171     cd_surf =   0.006617

 Strip Forces referred to strip area, chord
    j    xLE         yLE         zLE         Chord       Area        Dihedral   c cl        ai_ff       cl           clj         cd          cdv         cm_c/4     c.p.x/c      Dcj
     1   12.51      0.4970E-02   1.385       2.732      0.5422E-01   0.000      0.7491      0.1699E-01  0.2744       0.000      0.3795E-02   0.000     -0.3902E-02  0.2642       0.000    
     2   12.51      0.4455E-01   1.385       2.732      0.1613       0.000      0.7491      0.1813E-01  0.2744       0.000      0.3793E-02   0.000     -0.3898E-02  0.2642       0.000    
     3   12.51      0.1227       1.385       2.732      0.2645       0.000      0.7494      0.1824E-01  0.2745       0.000      0.3777E-02   0.000     -0.3865E-02  0.2641       0.000    
     4   12.51      0.2376       1.385       2.732      0.3611      0.9624E-13  0.7503      0.1828E-01  0.2749       0.000      0.3729E-02   0.000     -0.3757E-02  0.2637       0.000    
     5   12.51      0.3863       1.385       2.731      0.4488     -0.1549E-12  0.7523      0.1829E-01  0.2756       0.000      0.3620E-02   0.000     -0.3515E-02  0.2628       0.000    
     6   12.51      0.5652       1.385       2.732      0.5255      0.6613E-13  0.7558      0.1827E-01  0.2769       0.000      0.3417E-02   0.000     -0.3079E-02  0.2611       0.000    
     7   12.51      0.7699       1.385       2.731      0.5892       0.000      0.7610      0.1815E-01  0.2788       0.000      0.3081E-02   0.000     -0.2406E-02  0.2586       0.000    
     8   12.51      0.9953       1.385       2.732      0.6385       0.000      0.7681      0.1778E-01  0.2815       0.000      0.2561E-02   0.000     -0.1488E-02  0.2553       0.000    
     9   12.51       1.236       1.385       2.732      0.6720       0.000      0.7764      0.1680E-01  0.2845       0.000      0.1758E-02   0.000     -0.3530E-03  0.2512       0.000    
    10   12.51       1.486       1.385       2.732      0.6889       0.000      0.7851      0.1375E-01  0.2878       0.000      0.2646E-03   0.000      0.9661E-03  0.2466       0.000    
    11   12.51       1.709       1.385       2.730      0.5257       0.000      0.7922     -0.3596E-02  0.2909       0.000     -0.5056E-02   0.000      0.2443E-02  0.2416       0.000    
    12   12.51       1.922       1.385       2.725      0.6298      0.5505E-13  0.5774      0.4328E-01  0.3576      0.1460      0.2283E-01   0.000      0.2052E-01  0.1926       1.262    
    13   12.51       2.148       1.385       2.721      0.5974     -0.5794E-13  0.5565      0.4241E-01  0.3547      0.1504      0.2164E-01   0.000      0.2033E-01  0.1927       1.264    
    14   12.51       2.359       1.385       2.717      0.5505       0.000      0.5624      0.4166E-01  0.3601      0.1533      0.2215E-01   0.000      0.2152E-01  0.1902       1.266    
    15   12.51       2.552       1.385       2.713      0.4903       0.000      0.5938      0.4393E-01  0.3644      0.1458      0.2444E-01   0.000      0.2193E-01  0.1898       1.268    
    16   12.51       2.709       1.385       2.710      0.3646       0.000      0.8130     -0.1348E-01  0.3009       0.000     -0.9511E-02   0.000      0.4846E-02  0.2339       0.000    
    17   12.51       2.831       1.385       2.707      0.2931       0.000      0.8139      0.6075E-02  0.3012       0.000     -0.3915E-02   0.000      0.4511E-02  0.2350       0.000    
    18   12.52       2.925       1.385       2.706      0.2145       0.000      0.8143      0.9138E-02  0.3015       0.000     -0.2816E-02   0.000      0.4407E-02  0.2354       0.000    
    19   12.52       2.989       1.385       2.704      0.1308       0.000      0.8145      0.9820E-02  0.3018       0.000     -0.2553E-02   0.000      0.4393E-02  0.2354       0.000    
    20   12.52       3.022       1.385       2.704      0.4395E-01   0.000      0.8146      0.9887E-02  0.3019       0.000     -0.2544E-02   0.000      0.4401E-02  0.2354       0.000    

 Surface forces referred to Sref,Cref,Bref about Xmom,Ymom,Zmom
 Standard axis orientation,  X fwd, Z down         

  Surface # 2     main_wing_1 (YDUP)                      
     # chordwise = 10   # spanwise = 20     First strip = 21
     Surface area =  8.2446           ave. chord =  2.7250    
     CLsurf  =   0.040258     Clsurf  =   0.002319
     CYsurf  =   0.000010     Cmsurf  =  -0.025224
     CDsurf  =   0.000872     Cnsurf  =   0.000061
     CDisurf =   0.000445     CDvsurf =   0.000000

  Forces referred to Ssurf, Cave about hinge axis thru LE
     cl_surf =   0.304580     cd_surf =   0.006600

 Strip Forces referred to strip area, chord
    j    xLE         yLE         zLE         Chord       Area        Dihedral   c cl        ai_ff       cl           clj         cd          cdv         cm_c/4     c.p.x/c      Dcj
    21   12.51     -0.4970E-02   1.385       2.732      0.5422E-01   0.000      0.7491      0.1961E-01  0.2744       0.000      0.3796E-02   0.000     -0.3902E-02  0.2642       0.000    
    22   12.51     -0.4455E-01   1.385       2.732      0.1613       0.000      0.7491      0.1847E-01  0.2744       0.000      0.3794E-02   0.000     -0.3898E-02  0.2642       0.000    
    23   12.51     -0.1227       1.385       2.732      0.2645       0.000      0.7493      0.1837E-01  0.2745       0.000      0.3780E-02   0.000     -0.3865E-02  0.2641       0.000    
    24   12.51     -0.2376       1.385       2.732      0.3611     -0.9624E-13  0.7501      0.1834E-01  0.2748       0.000      0.3732E-02   0.000     -0.3756E-02  0.2637       0.000    
    25   12.51     -0.3863       1.385       2.731      0.4488      0.1549E-12  0.7520      0.1834E-01  0.2755       0.000      0.3623E-02   0.000     -0.3513E-02  0.2628       0.000    
    26   12.51     -0.5652       1.385       2.732      0.5255     -0.6613E-13  0.7555      0.1831E-01  0.2768       0.000      0.3419E-02   0.000     -0.3076E-02  0.2611       0.000    
    27   12.51     -0.7699       1.385       2.731      0.5892       0.000      0.7607      0.1819E-01  0.2787       0.000      0.3082E-02   0.000     -0.2402E-02  0.2586       0.000    
    28   12.51     -0.9953       1.385       2.732      0.6385       0.000      0.7676      0.1782E-01  0.2813       0.000      0.2563E-02   0.000     -0.1484E-02  0.2553       0.000    
    29   12.51      -1.236       1.385       2.732      0.6720       0.000      0.7758      0.1683E-01  0.2843       0.000      0.1763E-02   0.000     -0.3528E-03  0.2512       0.000    
    30   12.51      -1.486       1.385       2.732      0.6889       0.000      0.7842      0.1379E-01  0.2875       0.000      0.2795E-03   0.000      0.9545E-03  0.2467       0.000    
    31   12.51      -1.709       1.385       2.730      0.5257       0.000      0.7908     -0.3548E-02  0.2904       0.000     -0.4977E-02   0.000      0.2395E-02  0.2418       0.000    
    32   12.51      -1.922       1.385       2.725      0.6298     -0.5505E-13  0.5763      0.4328E-01  0.3566      0.1455      0.2275E-01   0.000      0.2037E-01  0.1929       1.262    
    33   12.51      -2.148       1.385       2.721      0.5974      0.5794E-13  0.5550      0.4277E-01  0.3520      0.1483      0.2149E-01   0.000      0.1977E-01  0.1938       1.264    
    34   12.51      -2.359       1.385       2.717      0.5505       0.000      0.5611      0.4166E-01  0.3583      0.1521      0.2204E-01   0.000      0.2119E-01  0.1909       1.266    
    35   12.51      -2.552       1.385       2.713      0.4903       0.000      0.5928      0.4394E-01  0.3637      0.1455      0.2437E-01   0.000      0.2184E-01  0.1900       1.268    
    36   12.51      -2.709       1.385       2.710      0.3646       0.000      0.8119     -0.1343E-01  0.3005       0.000     -0.9447E-02   0.000      0.4820E-02  0.2340       0.000    
    37   12.51      -2.831       1.385       2.707      0.2931       0.000      0.8130      0.6109E-02  0.3009       0.000     -0.3898E-02   0.000      0.4503E-02  0.2350       0.000    
    38   12.52      -2.925       1.385       2.706      0.2145       0.000      0.8136      0.9169E-02  0.3013       0.000     -0.2809E-02   0.000      0.4407E-02  0.2354       0.000    
    39   12.52      -2.989       1.385       2.704      0.1308       0.000      0.8139      0.9850E-02  0.3015       0.000     -0.2549E-02   0.000      0.4396E-02  0.2354       0.000    
    40   12.52      -3.022       1.385       2.704      0.4395E-01   0.000      0.8140      0.9916E-02  0.3016       0.000     -0.2541E-02   0.000      0.4406E-02  0.2354       0.000    

 Surface forces referred to Sref,Cref,Bref about Xmom,Ymom,Zmom
 Standard axis orientation,  X fwd, Z down         

  Surface # 3     main_wing_2                             
     # chordwise = 10   # spanwise = 20     First strip = 41
     Surface area =  4.3057           ave. chord =  2.6783    
     CLsurf  =   0.023206     Clsurf  =  -0.003247
     CYsurf  =  -0.000030     Cmsurf  =  -0.013919
     CDsurf  =   0.000650     Cnsurf  =  -0.000075
     CDisurf =   0.000195     CDvsurf =   0.000000

  Forces referred to Ssurf, Cave about hinge axis thru LE
     cl_surf =   0.336186     cd_surf =   0.009410

 Strip Forces referred to strip area, chord
    j    xLE         yLE         zLE         Chord       Area        Dihedral   c cl        ai_ff       cl           clj         cd          cdv         cm_c/4     c.p.x/c      Dcj
    41   12.52       3.028       1.385       2.703      0.2358E-01   0.000      0.8146      0.9880E-02  0.3019       0.000     -0.2525E-02   0.000      0.4403E-02  0.2354       0.000    
    42   12.52       3.045       1.385       2.703      0.7015E-01   0.000      0.8147      0.9829E-02  0.3019       0.000     -0.2540E-02   0.000      0.4412E-02  0.2354       0.000    
    43   12.52       3.080       1.385       2.702      0.1150       0.000      0.8147      0.9581E-02  0.3020       0.000     -0.2619E-02   0.000      0.4438E-02  0.2353       0.000    
    44   12.52       3.130       1.385       2.701      0.1569      0.2190E-12  0.8148      0.8822E-02  0.3022       0.000     -0.2890E-02   0.000      0.4499E-02  0.2351       0.000    
    45   12.52       3.195       1.385       2.700      0.1949     -0.1762E-12  0.8148      0.6859E-02  0.3024       0.000     -0.3595E-02   0.000      0.4622E-02  0.2347       0.000    
    46   12.52       3.274       1.385       2.699      0.2281      0.1505E-12  0.8148      0.1425E-02  0.3026       0.000     -0.5445E-02   0.000      0.4851E-02  0.2340       0.000    
    47   12.52       3.364       1.385       2.697      0.2556     -0.1342E-12  0.8146     -0.2691E-01  0.3032       0.000     -0.1357E-01   0.000      0.5284E-02  0.2326       0.000    
    48   12.52       3.476       1.385       2.695      0.3501       0.000      0.6059      0.4454E-01  0.3679      0.1433      0.2616E-01   0.000      0.2239E-01  0.1891       1.276    
    49   12.52       3.610       1.385       2.692      0.3682      0.9302E-13  0.5733      0.4200E-01  0.3668      0.1541      0.2319E-01   0.000      0.2267E-01  0.1882       1.277    
    50   12.52       3.749       1.385       2.689      0.3771     -0.9073E-13  0.5604      0.4131E-01  0.3635      0.1554      0.2242E-01   0.000      0.2217E-01  0.1890       1.279    
    51   12.52       3.890       1.385       2.686      0.3767      0.9073E-13  0.5590      0.4041E-01  0.3636      0.1557      0.2238E-01   0.000      0.2223E-01  0.1888       1.280    
    52   12.52       4.029       1.385       2.684      0.3670     -0.9302E-13  0.5687      0.4171E-01  0.3664      0.1548      0.2299E-01   0.000      0.2273E-01  0.1880       1.281    
    53   12.52       4.173       1.385       2.673      0.4012       0.000      0.5965      0.4401E-01  0.3686      0.1458      0.2550E-01   0.000      0.2265E-01  0.1886       1.287    
    54   12.53       4.295       1.385       2.658      0.2519       0.000      0.8059     -0.3061E-01  0.3043       0.000     -0.1358E-01   0.000      0.5352E-02  0.2324       0.000    
    55   12.53       4.385       1.385       2.647      0.2237       0.000      0.8041     -0.1080E-02  0.3045       0.000     -0.5474E-02   0.000      0.4910E-02  0.2339       0.000    
    56   12.53       4.463       1.385       2.637      0.1904       0.000      0.8025      0.4214E-02  0.3049       0.000     -0.3644E-02   0.000      0.4685E-02  0.2346       0.000    
    57   12.53       4.529       1.385       2.629      0.1527     -0.2190E-12  0.8012      0.5928E-02  0.3053       0.000     -0.2963E-02   0.000      0.4571E-02  0.2350       0.000    
    58   12.54       4.579       1.385       2.623      0.1116      0.2991E-12  0.8001      0.6459E-02  0.3056       0.000     -0.2714E-02   0.000      0.4522E-02  0.2352       0.000    
    59   12.54       4.614       1.385       2.619      0.6796E-01   0.000      0.7993      0.6535E-02  0.3058       0.000     -0.2647E-02   0.000      0.4506E-02  0.2353       0.000    
    60   12.54       4.631       1.385       2.617      0.2282E-01   0.000      0.7990      0.6496E-02  0.3059       0.000     -0.2642E-02   0.000      0.4503E-02  0.2353       0.000    

 Surface forces referred to Sref,Cref,Bref about Xmom,Ymom,Zmom
 Standard axis orientation,  X fwd, Z down         

  Surface # 4     main_wing_2 (YDUP)                      
     # chordwise = 10   # spanwise = 20     First strip = 61
     Surface area =  4.3057           ave. chord =  2.6783    
     CLsurf  =   0.023198     Clsurf  =   0.003245
     CYsurf  =   0.000030     Cmsurf  =  -0.013913
     CDsurf  =   0.000649     Cnsurf  =   0.000075
     CDisurf =   0.000195     CDvsurf =   0.000000

  Forces referred to Ssurf, Cave about hinge axis thru LE
     cl_surf =   0.336064     cd_surf =   0.009407

 Strip Forces referred to strip area, chord
    j    xLE         yLE         zLE         Chord       Area        Dihedral   c cl        ai_ff       cl           clj         cd          cdv         cm_c/4     c.p.x/c      Dcj
    61   12.52      -3.028       1.385       2.703      0.2358E-01   0.000      0.8140      0.9909E-02  0.3016       0.000     -0.2522E-02   0.000      0.4407E-02  0.2354       0.000    
    62   12.52      -3.045       1.385       2.703      0.7015E-01   0.000      0.8140      0.9858E-02  0.3017       0.000     -0.2537E-02   0.000      0.4417E-02  0.2354       0.000    
    63   12.52      -3.080       1.385       2.702      0.1150       0.000      0.8141      0.9610E-02  0.3018       0.000     -0.2617E-02   0.000      0.4444E-02  0.2353       0.000    
    64   12.52      -3.130       1.385       2.701      0.1569     -0.2190E-12  0.8143      0.8851E-02  0.3020       0.000     -0.2888E-02   0.000      0.4507E-02  0.2351       0.000    
    65   12.52      -3.195       1.385       2.700      0.1949      0.1762E-12  0.8143      0.6889E-02  0.3022       0.000     -0.3594E-02   0.000      0.4630E-02  0.2347       0.000    
    66   12.52      -3.274       1.385       2.699      0.2281     -0.1505E-12  0.8143      0.1456E-02  0.3025       0.000     -0.5444E-02   0.000      0.4860E-02  0.2339       0.000    
    67   12.52      -3.364       1.385       2.697      0.2556      0.1342E-12  0.8142     -0.2687E-01  0.3030       0.000     -0.1356E-01   0.000      0.5294E-02  0.2325       0.000    
    68   12.52      -3.476       1.385       2.695      0.3501       0.000      0.6056      0.4454E-01  0.3677      0.1433      0.2615E-01   0.000      0.2240E-01  0.1891       1.276    
    69   12.52      -3.610       1.385       2.692      0.3682     -0.9302E-13  0.5730      0.4201E-01  0.3667      0.1541      0.2318E-01   0.000      0.2268E-01  0.1881       1.277    
    70   12.52      -3.749       1.385       2.689      0.3771      0.9073E-13  0.5601      0.4132E-01  0.3634      0.1554      0.2241E-01   0.000      0.2218E-01  0.1890       1.279    
    71   12.52      -3.890       1.385       2.686      0.3767     -0.9073E-13  0.5588      0.4042E-01  0.3635      0.1557      0.2237E-01   0.000      0.2224E-01  0.1888       1.280    
    72   12.52      -4.029       1.385       2.684      0.3670      0.9302E-13  0.5685      0.4172E-01  0.3663      0.1548      0.2299E-01   0.000      0.2274E-01  0.1879       1.281    
    73   12.52      -4.173       1.385       2.673      0.4012       0.000      0.5963      0.4401E-01  0.3685      0.1458      0.2549E-01   0.000      0.2265E-01  0.1885       1.287    
    74   12.53      -4.295       1.385       2.658      0.2519       0.000      0.8057     -0.3057E-01  0.3043       0.000     -0.1358E-01   0.000      0.5357E-02  0.2324       0.000    
    75   12.53      -4.385       1.385       2.647      0.2237       0.000      0.8039     -0.1058E-02  0.3044       0.000     -0.5471E-02   0.000      0.4914E-02  0.2339       0.000    
    76   12.53      -4.463       1.385       2.637      0.1904       0.000      0.8023      0.4232E-02  0.3048       0.000     -0.3641E-02   0.000      0.4688E-02  0.2346       0.000    
    77   12.53      -4.529       1.385       2.629      0.1527      0.2190E-12  0.8010      0.5945E-02  0.3052       0.000     -0.2960E-02   0.000      0.4574E-02  0.2350       0.000    
    78   12.54      -4.579       1.385       2.623      0.1116     -0.2991E-12  0.7999      0.6474E-02  0.3055       0.000     -0.2711E-02   0.000      0.4524E-02  0.2352       0.000    
    79   12.54      -4.614       1.385       2.619      0.6796E-01   0.000      0.7992      0.6551E-02  0.3057       0.000     -0.2643E-02   0.000      0.4508E-02  0.2353       0.000    
    80   12.54      -4.631       1.385       2.617      0.2282E-01   0.000      0.7988      0.6511E-02  0.3058       0.000     -0.2639E-02   0.000      0.4505E-02  0.2353       0.000    

 Surface forces referred to Sref,Cref,Bref about Xmom,Ymom,Zmom
 Standard axis orientation,  X fwd, Z down         

  Surface # 5     main_wing_3                             
     # chordwise = 10   # spanwise = 20     First strip = 81
     Surface area =  4.0469           ave. chord =  2.5175    
     CLsurf  =   0.022385     Clsurf  =  -0.004443
     CYsurf  =  -0.000066     Cmsurf  =  -0.013472
     CDsurf  =   0.000631     Cnsurf  =  -0.000098
     CDisurf =   0.000178     CDvsurf =   0.000000

  Forces referred to Ssurf, Cave about hinge axis thru LE
     cl_surf =   0.345022     cd_surf =   0.009728

 Strip Forces referred to strip area, chord
    j    xLE         yLE         zLE         Chord       Area        Dihedral   c cl        ai_ff       cl           clj         cd          cdv         cm_c/4     c.p.x/c      Dcj
    81   12.54       4.635       1.385       2.616      0.2282E-01   0.000      0.7989      0.6478E-02  0.3059       0.000     -0.2644E-02   0.000      0.4503E-02  0.2353       0.000    
    82   12.54       4.653       1.385       2.614      0.6783E-01   0.000      0.7985      0.6375E-02  0.3061       0.000     -0.2659E-02   0.000      0.4504E-02  0.2353       0.000    
    83   12.54       4.687       1.385       2.610      0.1110       0.000      0.7978      0.6014E-02  0.3063       0.000     -0.2748E-02   0.000      0.4516E-02  0.2353       0.000    
    84   12.54       4.738       1.385       2.603      0.1512       0.000      0.7967      0.5055E-02  0.3066       0.000     -0.3034E-02   0.000      0.4560E-02  0.2351       0.000    
    85   12.54       4.803       1.385       2.595      0.1874       0.000      0.7952      0.2739E-02  0.3070       0.000     -0.3775E-02   0.000      0.4668E-02  0.2348       0.000    
    86   12.55       4.882       1.385       2.586      0.2186      0.1505E-12  0.7934     -0.3454E-02  0.3076       0.000     -0.5722E-02   0.000      0.4892E-02  0.2341       0.000    
    87   12.55       4.971       1.385       2.575      0.2440     -0.1342E-12  0.7913     -0.3519E-01  0.3085       0.000     -0.1421E-01   0.000      0.5344E-02  0.2327       0.000    
    88   12.55       5.085       1.385       2.561      0.3410       0.000      0.5817      0.4364E-01  0.3771      0.1503      0.2680E-01   0.000      0.2339E-01  0.1880       1.343    
    89   12.56       5.223       1.385       2.544      0.3565       0.000      0.5475      0.4078E-01  0.3769      0.1620      0.2396E-01   0.000      0.2379E-01  0.1869       1.352    
    90   12.56       5.365       1.385       2.526      0.3630       0.000      0.5327      0.3992E-01  0.3745      0.1639      0.2326E-01   0.000      0.2338E-01  0.1876       1.361    
    91   12.56       5.509       1.385       2.509      0.3605       0.000      0.5294      0.3945E-01  0.3759      0.1651      0.2334E-01   0.000      0.2366E-01  0.1870       1.371    
    92   12.57       5.651       1.385       2.491      0.3491       0.000      0.5377      0.4051E-01  0.3803      0.1647      0.2417E-01   0.000      0.2433E-01  0.1860       1.380    
    93   12.57       5.789       1.385       2.474      0.3295       0.000      0.5659      0.4330E-01  0.3825      0.1541      0.2715E-01   0.000      0.2412E-01  0.1869       1.390    
    94   12.58       5.903       1.385       2.460      0.2331       0.000      0.7655     -0.3984E-01  0.3123       0.000     -0.1395E-01   0.000      0.5395E-02  0.2327       0.000    
    95   12.58       5.992       1.385       2.449      0.2070       0.000      0.7626     -0.7225E-02  0.3121       0.000     -0.5786E-02   0.000      0.4895E-02  0.2343       0.000    
    96   12.58       6.071       1.385       2.440      0.1761       0.000      0.7601     -0.1202E-02  0.3122       0.000     -0.3893E-02   0.000      0.4640E-02  0.2351       0.000    
    97   12.58       6.136       1.385       2.432      0.1412       0.000      0.7581      0.8303E-03  0.3124       0.000     -0.3182E-02   0.000      0.4511E-02  0.2356       0.000    
    98   12.59       6.187       1.385       2.425      0.1031       0.000      0.7564      0.1520E-02  0.3125       0.000     -0.2916E-02   0.000      0.4455E-02  0.2357       0.000    
    99   12.59       6.221       1.385       2.421      0.6281E-01   0.000      0.7554      0.1675E-02  0.3126       0.000     -0.2840E-02   0.000      0.4437E-02  0.2358       0.000    
   100   12.59       6.239       1.385       2.419      0.2109E-01   0.000      0.7548      0.1667E-02  0.3126       0.000     -0.2831E-02   0.000      0.4433E-02  0.2358       0.000    

 Surface forces referred to Sref,Cref,Bref about Xmom,Ymom,Zmom
 Standard axis orientation,  X fwd, Z down         

  Surface # 6     main_wing_3 (YDUP)                      
     # chordwise = 10   # spanwise = 20     First strip =101
     Surface area =  4.0469           ave. chord =  2.5175    
     CLsurf  =   0.022383     Clsurf  =   0.004443
     CYsurf  =   0.000066     Cmsurf  =  -0.013471
     CDsurf  =   0.000631     Cnsurf  =   0.000098
     CDisurf =   0.000178     CDvsurf =   0.000000

  Forces referred to Ssurf, Cave about hinge axis thru LE
     cl_surf =   0.344995     cd_surf =   0.009728

 Strip Forces referred to strip area, chord
    j    xLE         yLE         zLE         Chord       Area        Dihedral   c cl        ai_ff       cl           clj         cd          cdv         cm_c/4     c.p.x/c      Dcj
   101   12.54      -4.635       1.385       2.616      0.2282E-01   0.000      0.7987      0.6493E-02  0.3059       0.000     -0.2640E-02   0.000      0.4505E-02  0.2353       0.000    
   102   12.54      -4.653       1.385       2.614      0.6783E-01   0.000      0.7983      0.6390E-02  0.3060       0.000     -0.2655E-02   0.000      0.4505E-02  0.2353       0.000    
   103   12.54      -4.687       1.385       2.610      0.1110       0.000      0.7976      0.6029E-02  0.3062       0.000     -0.2744E-02   0.000      0.4517E-02  0.2352       0.000    
   104   12.54      -4.738       1.385       2.603      0.1512       0.000      0.7965      0.5069E-02  0.3065       0.000     -0.3030E-02   0.000      0.4561E-02  0.2351       0.000    
   105   12.54      -4.803       1.385       2.595      0.1874       0.000      0.7950      0.2752E-02  0.3069       0.000     -0.3770E-02   0.000      0.4668E-02  0.2348       0.000    
   106   12.55      -4.882       1.385       2.586      0.2186     -0.1505E-12  0.7933     -0.3440E-02  0.3075       0.000     -0.5714E-02   0.000      0.4891E-02  0.2341       0.000    
   107   12.55      -4.971       1.385       2.575      0.2440      0.1342E-12  0.7911     -0.3517E-01  0.3084       0.000     -0.1420E-01   0.000      0.5343E-02  0.2327       0.000    
   108   12.55      -5.085       1.385       2.561      0.3410       0.000      0.5816      0.4364E-01  0.3771      0.1502      0.2679E-01   0.000      0.2339E-01  0.1880       1.343    
   109   12.56      -5.223       1.385       2.544      0.3565       0.000      0.5474      0.4078E-01  0.3769      0.1620      0.2396E-01   0.000      0.2379E-01  0.1869       1.352    
   110   12.56      -5.365       1.385       2.526      0.3630       0.000      0.5327      0.3967E-01  0.3746      0.1641      0.2327E-01   0.000      0.2343E-01  0.1875       1.361    
   111   12.56      -5.509       1.385       2.509      0.3605       0.000      0.5293      0.3971E-01  0.3757      0.1649      0.2333E-01   0.000      0.2362E-01  0.1871       1.371    
   112   12.57      -5.651       1.385       2.491      0.3491       0.000      0.5377      0.4051E-01  0.3802      0.1647      0.2416E-01   0.000      0.2433E-01  0.1860       1.380    
   113   12.57      -5.789       1.385       2.474      0.3295       0.000      0.5659      0.4331E-01  0.3825      0.1541      0.2715E-01   0.000      0.2412E-01  0.1869       1.390    
   114   12.58      -5.903       1.385       2.460      0.2331       0.000      0.7656     -0.3983E-01  0.3123       0.000     -0.1396E-01   0.000      0.5400E-02  0.2327       0.000    
   115   12.58      -5.992       1.385       2.449      0.2070       0.000      0.7627     -0.7221E-02  0.3121       0.000     -0.5791E-02   0.000      0.4900E-02  0.2343       0.000    
   116   12.58      -6.071       1.385       2.440      0.1761       0.000      0.7602     -0.1200E-02  0.3122       0.000     -0.3897E-02   0.000      0.4643E-02  0.2351       0.000    
   117   12.58      -6.136       1.385       2.432      0.1412       0.000      0.7581      0.8318E-03  0.3124       0.000     -0.3185E-02   0.000      0.4513E-02  0.2356       0.000    
   118   12.59      -6.187       1.385       2.425      0.1031       0.000      0.7565      0.1520E-02  0.3125       0.000     -0.2918E-02   0.000      0.4456E-02  0.2357       0.000    
   119   12.59      -6.221       1.385       2.421      0.6281E-01   0.000      0.7554      0.1675E-02  0.3126       0.000     -0.2841E-02   0.000      0.4438E-02  0.2358       0.000    
   120   12.59      -6.239       1.385       2.419      0.2109E-01   0.000      0.7548      0.1667E-02  0.3126       0.000     -0.2832E-02   0.000      0.4434E-02  0.2358       0.000    

 Surface forces referred to Sref,Cref,Bref about Xmom,Ymom,Zmom
 Standard axis orientation,  X fwd, Z down         

  Surface # 7     main_wing_4                             
     # chordwise = 10   # spanwise = 20     First strip =121
     Surface area =  3.7294           ave. chord =  2.3198    
     CLsurf  =   0.021064     Clsurf  =  -0.005417
     CYsurf  =  -0.000062     Cmsurf  =  -0.012716
     CDsurf  =   0.000604     Cnsurf  =  -0.000120
     CDisurf =   0.000163     CDvsurf =   0.000000

  Forces referred to Ssurf, Cave about hinge axis thru LE
     cl_surf =   0.352311     cd_surf =   0.010107

 Strip Forces referred to strip area, chord
    j    xLE         yLE         zLE         Chord       Area        Dihedral   c cl        ai_ff       cl           clj         cd          cdv         cm_c/4     c.p.x/c      Dcj
   121   12.59       6.243       1.385       2.418      0.2109E-01   0.000      0.7547      0.1656E-02  0.3126       0.000     -0.2831E-02   0.000      0.4434E-02  0.2358       0.000    
   122   12.59       6.260       1.385       2.416      0.6270E-01   0.000      0.7542      0.1577E-02  0.3127       0.000     -0.2842E-02   0.000      0.4435E-02  0.2358       0.000    
   123   12.59       6.295       1.385       2.412      0.1026       0.000      0.7531      0.1248E-02  0.3128       0.000     -0.2923E-02   0.000      0.4449E-02  0.2358       0.000    
   124   12.59       6.345       1.385       2.406      0.1397      0.2190E-12  0.7515      0.2949E-03  0.3129       0.000     -0.3200E-02   0.000      0.4500E-02  0.2356       0.000    
   125   12.59       6.410       1.385       2.398      0.1731     -0.1762E-12  0.7494     -0.2111E-02  0.3132       0.000     -0.3934E-02   0.000      0.4625E-02  0.2352       0.000    
   126   12.59       6.489       1.385       2.388      0.2019      0.1505E-12  0.7468     -0.8714E-02  0.3135       0.000     -0.5898E-02   0.000      0.4882E-02  0.2344       0.000    
   127   12.60       6.579       1.385       2.377      0.2253     -0.1342E-12  0.7439     -0.4305E-01  0.3141       0.000     -0.1440E-01   0.000      0.5400E-02  0.2328       0.000    
   128   12.60       6.693       1.385       2.363      0.3147     -0.9554E-13  0.5405      0.4290E-01  0.3883      0.1598      0.2766E-01   0.000      0.2503E-01  0.1855       1.455    
   129   12.60       6.830       1.385       2.346      0.3288      0.9078E-13  0.5065      0.3984E-01  0.3877      0.1721      0.2481E-01   0.000      0.2554E-01  0.1841       1.466    
   130   12.61       6.972       1.385       2.329      0.3346       0.000      0.4913      0.3887E-01  0.3847      0.1740      0.2406E-01   0.000      0.2516E-01  0.1846       1.477    
   131   12.61       7.117       1.385       2.311      0.3321       0.000      0.4870      0.3854E-01  0.3856      0.1752      0.2411E-01   0.000      0.2546E-01  0.1840       1.488    
   132   12.62       7.259       1.385       2.293      0.3214       0.000      0.4939      0.3967E-01  0.3899      0.1748      0.2492E-01   0.000      0.2619E-01  0.1828       1.499    
   133   12.62       7.396       1.385       2.277      0.3032       0.000      0.5199      0.4270E-01  0.3919      0.1638      0.2782E-01   0.000      0.2594E-01  0.1838       1.510    
   134   12.63       7.510       1.385       2.263      0.2145       0.000      0.7102     -0.4582E-01  0.3150       0.000     -0.1387E-01   0.000      0.5529E-02  0.2324       0.000    
   135   12.63       7.600       1.385       2.252      0.1903       0.000      0.7065     -0.1077E-01  0.3145       0.000     -0.5742E-02   0.000      0.4971E-02  0.2342       0.000    
   136   12.63       7.679       1.385       2.242      0.1619       0.000      0.7033     -0.4169E-02  0.3143       0.000     -0.3828E-02   0.000      0.4688E-02  0.2351       0.000    
   137   12.63       7.744       1.385       2.234      0.1297     -0.2190E-12  0.7007     -0.1857E-02  0.3143       0.000     -0.3108E-02   0.000      0.4547E-02  0.2355       0.000    
   138   12.63       7.794       1.385       2.228      0.9476E-01  0.2991E-12  0.6986     -0.1008E-02  0.3142       0.000     -0.2833E-02   0.000      0.4487E-02  0.2357       0.000    
   139   12.64       7.829       1.385       2.223      0.5770E-01   0.000      0.6973     -0.7632E-03  0.3142       0.000     -0.2749E-02   0.000      0.4469E-02  0.2358       0.000    
   140   12.64       7.846       1.385       2.221      0.1937E-01   0.000      0.6966     -0.7300E-03  0.3142       0.000     -0.2737E-02   0.000      0.4467E-02  0.2358       0.000    

 Surface forces referred to Sref,Cref,Bref about Xmom,Ymom,Zmom
 Standard axis orientation,  X fwd, Z down         

  Surface # 8     main_wing_4 (YDUP)                      
     # chordwise = 10   # spanwise = 20     First strip =141
     Surface area =  3.7294           ave. chord =  2.3198    
     CLsurf  =   0.021067     Clsurf  =   0.005418
     CYsurf  =   0.000062     Cmsurf  =  -0.012718
     CDsurf  =   0.000604     Cnsurf  =   0.000120
     CDisurf =   0.000163     CDvsurf =   0.000000

  Forces referred to Ssurf, Cave about hinge axis thru LE
     cl_surf =   0.352362     cd_surf =   0.010107

 Strip Forces referred to strip area, chord
    j    xLE         yLE         zLE         Chord       Area        Dihedral   c cl        ai_ff       cl           clj         cd          cdv         cm_c/4     c.p.x/c      Dcj
   141   12.59      -6.243       1.385       2.418      0.2109E-01   0.000      0.7547      0.1656E-02  0.3127       0.000     -0.2833E-02   0.000      0.4434E-02  0.2358       0.000    
   142   12.59      -6.260       1.385       2.416      0.6270E-01   0.000      0.7542      0.1577E-02  0.3127       0.000     -0.2843E-02   0.000      0.4435E-02  0.2358       0.000    
   143   12.59      -6.295       1.385       2.412      0.1026       0.000      0.7531      0.1247E-02  0.3128       0.000     -0.2923E-02   0.000      0.4449E-02  0.2358       0.000    
   144   12.59      -6.345       1.385       2.406      0.1397     -0.2190E-12  0.7515      0.2938E-03  0.3130       0.000     -0.3199E-02   0.000      0.4499E-02  0.2356       0.000    
   145   12.59      -6.410       1.385       2.398      0.1731      0.1762E-12  0.7494     -0.2113E-02  0.3132       0.000     -0.3933E-02   0.000      0.4623E-02  0.2352       0.000    
   146   12.59      -6.489       1.385       2.388      0.2019     -0.1505E-12  0.7469     -0.8718E-02  0.3135       0.000     -0.5895E-02   0.000      0.4879E-02  0.2344       0.000    
   147   12.60      -6.579       1.385       2.377      0.2253      0.1342E-12  0.7439     -0.4306E-01  0.3141       0.000     -0.1440E-01   0.000      0.5397E-02  0.2328       0.000    
   148   12.60      -6.693       1.385       2.363      0.3147      0.9554E-13  0.5406      0.4290E-01  0.3883      0.1598      0.2766E-01   0.000      0.2503E-01  0.1855       1.455    
   149   12.60      -6.830       1.385       2.346      0.3288     -0.9078E-13  0.5065      0.3984E-01  0.3878      0.1721      0.2481E-01   0.000      0.2554E-01  0.1841       1.466    
   150   12.61      -6.972       1.385       2.329      0.3346       0.000      0.4914      0.3862E-01  0.3849      0.1742      0.2408E-01   0.000      0.2520E-01  0.1845       1.477    
   151   12.61      -7.117       1.385       2.311      0.3321       0.000      0.4871      0.3879E-01  0.3855      0.1750      0.2411E-01   0.000      0.2542E-01  0.1841       1.488    
   152   12.62      -7.259       1.385       2.293      0.3214       0.000      0.4940      0.3968E-01  0.3899      0.1748      0.2492E-01   0.000      0.2618E-01  0.1829       1.499    
   153   12.62      -7.396       1.385       2.277      0.3032       0.000      0.5201      0.4270E-01  0.3919      0.1638      0.2783E-01   0.000      0.2594E-01  0.1838       1.510    
   154   12.63      -7.510       1.385       2.263      0.2145       0.000      0.7104     -0.4584E-01  0.3151       0.000     -0.1389E-01   0.000      0.5533E-02  0.2324       0.000    
   155   12.63      -7.600       1.385       2.252      0.1903       0.000      0.7067     -0.1079E-01  0.3146       0.000     -0.5752E-02   0.000      0.4974E-02  0.2342       0.000    
   156   12.63      -7.679       1.385       2.242      0.1619       0.000      0.7035     -0.4183E-02  0.3144       0.000     -0.3837E-02   0.000      0.4689E-02  0.2351       0.000    
   157   12.63      -7.744       1.385       2.234      0.1297      0.2190E-12  0.7009     -0.1871E-02  0.3144       0.000     -0.3114E-02   0.000      0.4547E-02  0.2355       0.000    
   158   12.63      -7.794       1.385       2.228      0.9476E-01 -0.2991E-12  0.6989     -0.1023E-02  0.3143       0.000     -0.2839E-02   0.000      0.4487E-02  0.2357       0.000    
   159   12.64      -7.829       1.385       2.223      0.5770E-01   0.000      0.6975     -0.7783E-03  0.3143       0.000     -0.2755E-02   0.000      0.4468E-02  0.2358       0.000    
   160   12.64      -7.846       1.385       2.221      0.1937E-01   0.000      0.6968     -0.7454E-03  0.3143       0.000     -0.2742E-02   0.000      0.4466E-02  0.2358       0.000    

 Surface forces referred to Sref,Cref,Bref about Xmom,Ymom,Zmom
 Standard axis orientation,  X fwd, Z down         

  Surface # 9     main_wing_5                             
     # chordwise = 10   # spanwise = 20     First strip =161
     Surface area =  3.4115           ave. chord =  2.1222    
     CLsurf  =   0.019388     Clsurf  =  -0.006123
     CYsurf  =  -0.000056     Cmsurf  =  -0.011720
     CDsurf  =   0.000574     Cnsurf  =  -0.000132
     CDisurf =   0.000153     CDvsurf =   0.000000

  Forces referred to Ssurf, Cave about hinge axis thru LE
     cl_surf =   0.354484     cd_surf =   0.010504

 Strip Forces referred to strip area, chord
    j    xLE         yLE         zLE         Chord       Area        Dihedral   c cl        ai_ff       cl           clj         cd          cdv         cm_c/4     c.p.x/c      Dcj
   161   12.64       7.850       1.385       2.221      0.1936E-01   0.000      0.6965     -0.7310E-03  0.3142       0.000     -0.2736E-02   0.000      0.4468E-02  0.2358       0.000    
   162   12.64       7.868       1.385       2.219      0.5756E-01   0.000      0.6958     -0.7714E-03  0.3142       0.000     -0.2742E-02   0.000      0.4470E-02  0.2358       0.000    
   163   12.64       7.902       1.385       2.214      0.9418E-01   0.000      0.6944     -0.1031E-02  0.3142       0.000     -0.2814E-02   0.000      0.4489E-02  0.2357       0.000    
   164   12.64       7.953       1.385       2.208      0.1282      0.2191E-12  0.6924     -0.1900E-02  0.3141       0.000     -0.3074E-02   0.000      0.4552E-02  0.2355       0.000    
   165   12.64       8.018       1.385       2.200      0.1588     -0.1763E-12  0.6898     -0.4233E-02  0.3141       0.000     -0.3779E-02   0.000      0.4699E-02  0.2350       0.000    
   166   12.64       8.097       1.385       2.191      0.1851       0.000      0.6866     -0.1085E-01  0.3142       0.000     -0.5694E-02   0.000      0.4998E-02  0.2341       0.000    
   167   12.65       8.186       1.385       2.179      0.2065       0.000      0.6830     -0.4587E-01  0.3145       0.000     -0.1396E-01   0.000      0.5593E-02  0.2322       0.000    
   168   12.65       8.301       1.385       2.165      0.2884       0.000      0.4894      0.4267E-01  0.3953      0.1695      0.2813E-01   0.000      0.2710E-01  0.1814       1.588    
   169   12.65       8.438       1.385       2.149      0.3012       0.000      0.4562      0.3958E-01  0.3942      0.1822      0.2533E-01   0.000      0.2773E-01  0.1797       1.600    
   170   12.66       8.580       1.385       2.131      0.3063       0.000      0.4408      0.3860E-01  0.3905      0.1839      0.2455E-01   0.000      0.2738E-01  0.1799       1.614    
   171   12.66       8.724       1.385       2.113      0.3037       0.000      0.4356      0.3837E-01  0.3909      0.1851      0.2455E-01   0.000      0.2773E-01  0.1791       1.627    
   172   12.67       8.867       1.385       2.096      0.2938       0.000      0.4408      0.3954E-01  0.3949      0.1849      0.2531E-01   0.000      0.2852E-01  0.1778       1.641    
   173   12.67       9.004       1.385       2.079      0.2769       0.000      0.4639      0.4262E-01  0.3965      0.1736      0.2805E-01   0.000      0.2824E-01  0.1788       1.654    
   174   12.68       9.118       1.385       2.065      0.1957       0.000      0.6409     -0.4648E-01  0.3115       0.000     -0.1311E-01   0.000      0.5832E-02  0.2313       0.000    
   175   12.68       9.208       1.385       2.054      0.1736       0.000      0.6362     -0.1095E-01  0.3104       0.000     -0.5278E-02   0.000      0.5210E-02  0.2332       0.000    
   176   12.68       9.286       1.385       2.044      0.1475       0.000      0.6322     -0.4153E-02  0.3098       0.000     -0.3412E-02   0.000      0.4897E-02  0.2342       0.000    
   177   12.68       9.351       1.385       2.036      0.1182       0.000      0.6288     -0.1721E-02  0.3094       0.000     -0.2705E-02   0.000      0.4742E-02  0.2347       0.000    
   178   12.68       9.402       1.385       2.030      0.8634E-01   0.000      0.6262     -0.7958E-03  0.3090       0.000     -0.2432E-02   0.000      0.4678E-02  0.2349       0.000    
   179   12.68       9.436       1.385       2.026      0.5256E-01   0.000      0.6244     -0.5071E-03  0.3088       0.000     -0.2346E-02   0.000      0.4660E-02  0.2349       0.000    
   180   12.69       9.454       1.385       2.024      0.1765E-01   0.000      0.6235     -0.4551E-03  0.3086       0.000     -0.2332E-02   0.000      0.4659E-02  0.2349       0.000    

 Surface forces referred to Sref,Cref,Bref about Xmom,Ymom,Zmom
 Standard axis orientation,  X fwd, Z down         

  Surface #10     main_wing_5 (YDUP)                      
     # chordwise = 10   # spanwise = 20     First strip =181
     Surface area =  3.4115           ave. chord =  2.1222    
     CLsurf  =   0.019397     Clsurf  =   0.006126
     CYsurf  =   0.000056     Cmsurf  =  -0.011727
     CDsurf  =   0.000575     Cnsurf  =   0.000132
     CDisurf =   0.000153     CDvsurf =   0.000000

  Forces referred to Ssurf, Cave about hinge axis thru LE
     cl_surf =   0.354663     cd_surf =   0.010504

 Strip Forces referred to strip area, chord
    j    xLE         yLE         zLE         Chord       Area        Dihedral   c cl        ai_ff       cl           clj         cd          cdv         cm_c/4     c.p.x/c      Dcj
   181   12.64      -7.850       1.385       2.221      0.1936E-01   0.000      0.6967     -0.7464E-03  0.3143       0.000     -0.2742E-02   0.000      0.4466E-02  0.2358       0.000    
   182   12.64      -7.868       1.385       2.219      0.5756E-01   0.000      0.6960     -0.7871E-03  0.3143       0.000     -0.2747E-02   0.000      0.4469E-02  0.2358       0.000    
   183   12.64      -7.902       1.385       2.214      0.9418E-01   0.000      0.6946     -0.1047E-02  0.3143       0.000     -0.2819E-02   0.000      0.4487E-02  0.2357       0.000    
   184   12.64      -7.953       1.385       2.208      0.1282     -0.2191E-12  0.6926     -0.1917E-02  0.3142       0.000     -0.3078E-02   0.000      0.4549E-02  0.2355       0.000    
   185   12.64      -8.018       1.385       2.200      0.1588      0.1763E-12  0.6900     -0.4252E-02  0.3142       0.000     -0.3783E-02   0.000      0.4696E-02  0.2351       0.000    
   186   12.64      -8.097       1.385       2.191      0.1851       0.000      0.6868     -0.1087E-01  0.3143       0.000     -0.5698E-02   0.000      0.4993E-02  0.2341       0.000    
   187   12.65      -8.186       1.385       2.179      0.2065       0.000      0.6832     -0.4591E-01  0.3146       0.000     -0.1396E-01   0.000      0.5588E-02  0.2322       0.000    
   188   12.65      -8.301       1.385       2.165      0.2884       0.000      0.4896      0.4267E-01  0.3954      0.1696      0.2814E-01   0.000      0.2710E-01  0.1815       1.588    
   189   12.65      -8.438       1.385       2.149      0.3012       0.000      0.4564      0.3957E-01  0.3944      0.1822      0.2534E-01   0.000      0.2774E-01  0.1797       1.600    
   190   12.66      -8.580       1.385       2.131      0.3063       0.000      0.4410      0.3835E-01  0.3908      0.1842      0.2457E-01   0.000      0.2743E-01  0.1798       1.614    
   191   12.66      -8.724       1.385       2.113      0.3037       0.000      0.4358      0.3860E-01  0.3909      0.1850      0.2456E-01   0.000      0.2768E-01  0.1792       1.627    
   192   12.67      -8.867       1.385       2.096      0.2938       0.000      0.4411      0.3953E-01  0.3951      0.1849      0.2533E-01   0.000      0.2851E-01  0.1778       1.641    
   193   12.67      -9.004       1.385       2.079      0.2769       0.000      0.4643      0.4262E-01  0.3967      0.1737      0.2808E-01   0.000      0.2825E-01  0.1788       1.654    
   194   12.68      -9.118       1.385       2.065      0.1957       0.000      0.6414     -0.4653E-01  0.3117       0.000     -0.1314E-01   0.000      0.5839E-02  0.2313       0.000    
   195   12.68      -9.208       1.385       2.054      0.1736       0.000      0.6368     -0.1099E-01  0.3107       0.000     -0.5302E-02   0.000      0.5217E-02  0.2332       0.000    
   196   12.68      -9.286       1.385       2.044      0.1475       0.000      0.6327     -0.4186E-02  0.3101       0.000     -0.3433E-02   0.000      0.4904E-02  0.2342       0.000    
   197   12.68      -9.351       1.385       2.036      0.1182       0.000      0.6294     -0.1754E-02  0.3097       0.000     -0.2726E-02   0.000      0.4749E-02  0.2347       0.000    
   198   12.68      -9.402       1.385       2.030      0.8634E-01   0.000      0.6268     -0.8288E-03  0.3093       0.000     -0.2452E-02   0.000      0.4685E-02  0.2349       0.000    
   199   12.68      -9.436       1.385       2.026      0.5256E-01   0.000      0.6251     -0.5404E-03  0.3091       0.000     -0.2366E-02   0.000      0.4668E-02  0.2349       0.000    
   200   12.69      -9.454       1.385       2.024      0.1765E-01   0.000      0.6241     -0.4886E-03  0.3090       0.000     -0.2353E-02   0.000      0.4667E-02  0.2349       0.000    

 Surface forces referred to Sref,Cref,Bref about Xmom,Ymom,Zmom
 Standard axis orientation,  X fwd, Z down         

  Surface #11     main_wing_6                             
     # chordwise = 10   # spanwise = 20     First strip =201
     Surface area =  7.4498           ave. chord =  1.7638    
     CLsurf  =   0.033059     Clsurf  =  -0.013474
     CYsurf  =  -0.000108     Cmsurf  =  -0.020468
     CDsurf  =   0.000684     Cnsurf  =  -0.000426
     CDisurf =   0.000306     CDvsurf =   0.000000

  Forces referred to Ssurf, Cave about hinge axis thru LE
     cl_surf =   0.276800     cd_surf =   0.005724

 Strip Forces referred to strip area, chord
    j    xLE         yLE         zLE         Chord       Area        Dihedral   c cl        ai_ff       cl           clj         cd          cdv         cm_c/4     c.p.x/c      Dcj
   201   12.69       9.462       1.385       2.023      0.5043E-01   0.000      0.6233     -0.4517E-03  0.3087       0.000     -0.2326E-02   0.000      0.4660E-02  0.2349       0.000    
   202   12.69       9.512       1.385       2.017      0.1496      0.1715E-12  0.6207     -0.7350E-03  0.3083       0.000     -0.2396E-02   0.000      0.4686E-02  0.2348       0.000    
   203   12.69       9.610       1.385       2.004      0.2438     -0.1046E-12  0.6156     -0.3246E-02  0.3077       0.000     -0.3074E-02   0.000      0.4871E-02  0.2342       0.000    
   204   12.69       9.754       1.385       1.987      0.3299       0.000      0.6080     -0.2310E-01  0.3068       0.000     -0.7507E-02   0.000      0.5552E-02  0.2319       0.000    
   205   12.70       9.957       1.385       1.962      0.4697       0.000      0.4071      0.4096E-01  0.3950      0.1877      0.2599E-01   0.000      0.3018E-01  0.1736       1.753    
   206   12.71       10.22       1.385       1.930      0.5409       0.000      0.3743      0.3899E-01  0.3861      0.1924      0.2414E-01   0.000      0.2975E-01  0.1730       1.782    
   207   12.72       10.52       1.385       1.893      0.5950       0.000      0.3723      0.3993E-01  0.3921      0.1957      0.2489E-01   0.000      0.3158E-01  0.1695       1.817    
   208   12.73       10.82       1.385       1.855      0.5555       0.000      0.5429     -0.6951E-02  0.2932       0.000     -0.3104E-02   0.000      0.4785E-02  0.2337       0.000    
   209   12.74       11.13       1.385       1.817      0.5727       0.000      0.5196      0.8515E-02  0.2863       0.000      0.3660E-03   0.000      0.3337E-02  0.2383       0.000    
   210   12.75       11.45       1.385       1.778      0.5744       0.000      0.4941      0.1216E-01  0.2782       0.000      0.1252E-02   0.000      0.2756E-02  0.2401       0.000    
   211   12.76       11.78       1.385       1.738      0.5616       0.000      0.4661      0.1446E-01  0.2684       0.000      0.1687E-02   0.000      0.2681E-02  0.2400       0.000    
   212   12.77       12.10       1.385       1.699      0.5353       0.000      0.4352      0.1660E-01  0.2564       0.000      0.1973E-02   0.000      0.2952E-02  0.2385       0.000    
   213   12.78       12.40       1.385       1.661      0.4973       0.000      0.4010      0.1891E-01  0.2416       0.000      0.2188E-02   0.000      0.3478E-02  0.2356       0.000    
   214   12.79       12.69       1.385       1.625      0.4491       0.000      0.3627      0.2142E-01  0.2234       0.000      0.2345E-02   0.000      0.4187E-02  0.2313       0.000    
   215   12.79       12.96       1.385       1.593      0.3926      0.5163E-13  0.3199      0.2409E-01  0.2009       0.000      0.2433E-02   0.000      0.4976E-02  0.2252       0.000    
   216   12.80       13.18       1.385       1.565      0.3294     -0.6045E-13  0.2719      0.2676E-01  0.1739       0.000      0.2425E-02   0.000      0.5659E-02  0.2175       0.000    
   217   12.81       13.38       1.385       1.542      0.2610       0.000      0.2187      0.2928E-01  0.1419       0.000      0.2286E-02   0.000      0.5946E-02  0.2081       0.000    
   218   12.81       13.52       1.385       1.524      0.1889       0.000      0.1605      0.3146E-01  0.1054       0.000      0.1978E-02   0.000      0.5484E-02  0.1980       0.000    
   219   12.81       13.62       1.385       1.511      0.1143       0.000      0.9815E-01  0.3318E-01  0.6496E-01   0.000      0.1458E-02   0.000      0.3999E-02  0.1884       0.000    
   220   12.82       13.67       1.385       1.505      0.3827E-01   0.000      0.3305E-01  0.3422E-01  0.2196E-01   0.000      0.5776E-03   0.000      0.1490E-02  0.1822       0.000    

 Surface forces referred to Sref,Cref,Bref about Xmom,Ymom,Zmom
 Standard axis orientation,  X fwd, Z down         

  Surface #12     main_wing_6 (YDUP)                      
     # chordwise = 10   # spanwise = 20     First strip =221
     Surface area =  7.4498           ave. chord =  1.7638    
     CLsurf  =   0.033100     Clsurf  =   0.013490
     CYsurf  =   0.000108     Cmsurf  =  -0.020492
     CDsurf  =   0.000684     Cnsurf  =   0.000427
     CDisurf =   0.000305     CDvsurf =   0.000000

  Forces referred to Ssurf, Cave about hinge axis thru LE
     cl_surf =   0.277140     cd_surf =   0.005724

 Strip Forces referred to strip area, chord
    j    xLE         yLE         zLE         Chord       Area        Dihedral   c cl        ai_ff       cl           clj         cd          cdv         cm_c/4     c.p.x/c      Dcj
   221   12.69      -9.462       1.385       2.023      0.5043E-01   0.000      0.6239     -0.4853E-03  0.3090       0.000     -0.2347E-02   0.000      0.4668E-02  0.2349       0.000    
   222   12.69      -9.512       1.385       2.017      0.1496     -0.1715E-12  0.6213     -0.7695E-03  0.3087       0.000     -0.2418E-02   0.000      0.4695E-02  0.2348       0.000    
   223   12.69      -9.610       1.385       2.004      0.2438      0.1046E-12  0.6163     -0.3284E-02  0.3080       0.000     -0.3101E-02   0.000      0.4883E-02  0.2341       0.000    
   224   12.69      -9.754       1.385       1.987      0.3299       0.000      0.6088     -0.2316E-01  0.3072       0.000     -0.7557E-02   0.000      0.5572E-02  0.2319       0.000    
   225   12.70      -9.957       1.385       1.962      0.4697       0.000      0.4076      0.4095E-01  0.3955      0.1880      0.2603E-01   0.000      0.3022E-01  0.1736       1.753    
   226   12.71      -10.22       1.385       1.930      0.5409       0.000      0.3749      0.3794E-01  0.3872      0.1931      0.2421E-01   0.000      0.2991E-01  0.1727       1.782    
   227   12.72      -10.52       1.385       1.893      0.5950       0.000      0.3728      0.3992E-01  0.3927      0.1961      0.2494E-01   0.000      0.3165E-01  0.1694       1.817    
   228   12.73      -10.82       1.385       1.855      0.5555       0.000      0.5437     -0.7000E-02  0.2937       0.000     -0.3153E-02   0.000      0.4813E-02  0.2336       0.000    
   229   12.74      -11.13       1.385       1.817      0.5727       0.000      0.5203      0.8478E-02  0.2867       0.000      0.3469E-03   0.000      0.3346E-02  0.2383       0.000    
   230   12.75      -11.45       1.385       1.778      0.5744       0.000      0.4946      0.1213E-01  0.2785       0.000      0.1242E-02   0.000      0.2756E-02  0.2401       0.000    
   231   12.76      -11.78       1.385       1.738      0.5616       0.000      0.4665      0.1443E-01  0.2687       0.000      0.1681E-02   0.000      0.2678E-02  0.2400       0.000    
   232   12.77      -12.10       1.385       1.699      0.5353       0.000      0.4355      0.1658E-01  0.2566       0.000      0.1969E-02   0.000      0.2948E-02  0.2385       0.000    
   233   12.78      -12.40       1.385       1.661      0.4973       0.000      0.4012      0.1888E-01  0.2418       0.000      0.2185E-02   0.000      0.3475E-02  0.2356       0.000    
   234   12.79      -12.69       1.385       1.625      0.4491       0.000      0.3629      0.2140E-01  0.2235       0.000      0.2343E-02   0.000      0.4185E-02  0.2313       0.000    
   235   12.79      -12.96       1.385       1.593      0.3926     -0.5163E-13  0.3200      0.2407E-01  0.2010       0.000      0.2432E-02   0.000      0.4974E-02  0.2253       0.000    
   236   12.80      -13.18       1.385       1.565      0.3294      0.6045E-13  0.2720      0.2675E-01  0.1739       0.000      0.2424E-02   0.000      0.5658E-02  0.2175       0.000    
   237   12.81      -13.38       1.385       1.542      0.2610       0.000      0.2188      0.2927E-01  0.1420       0.000      0.2286E-02   0.000      0.5945E-02  0.2081       0.000    
   238   12.81      -13.52       1.385       1.524      0.1889       0.000      0.1605      0.3145E-01  0.1054       0.000      0.1978E-02   0.000      0.5484E-02  0.1980       0.000    
   239   12.81      -13.62       1.385       1.511      0.1143       0.000      0.9819E-01  0.3317E-01  0.6499E-01   0.000      0.1458E-02   0.000      0.3998E-02  0.1885       0.000    
   240   12.82      -13.67       1.385       1.505      0.3827E-01   0.000      0.3306E-01  0.3421E-01  0.2197E-01   0.000      0.5777E-03   0.000      0.1490E-02  0.1822       0.000    

 Surface forces referred to Sref,Cref,Bref about Xmom,Ymom,Zmom
 Standard axis orientation,  X fwd, Z down         

  Surface #13     horizontal_stabilizer                   
     # chordwise = 10   # spanwise = 30     First strip =241
     Surface area =  10.668           ave. chord =  1.8857    
     CLsurf  =   0.030013     Clsurf  =  -0.002702
     CYsurf  =  -0.000069     Cmsurf  =  -0.166928
     CDsurf  =   0.000655     Cnsurf  =  -0.000049
     CDisurf =   0.000655     CDvsurf =   0.000000

  Forces referred to Ssurf, Cave about hinge axis thru LE
     cl_surf =   0.175490     cd_surf =   0.003833

 Strip Forces referred to strip area, chord
    j    xLE         yLE         zLE         Chord       Area        Dihedral   c cl        ai_ff       cl           clj         cd          cdv         cm_c/4     c.p.x/c      Dcj
   241   23.78      0.3876E-02   5.888       2.356      0.3651E-01   0.000      0.4107      0.2861E-01  0.1737       0.000      0.1584E-01   0.000     -0.1230E-02  0.2571       0.000    
   242   23.79      0.3482E-01   5.888       2.351      0.1089       0.000      0.4107      0.2855E-01  0.1746       0.000      0.5490E-02   0.000     -0.1164E-02  0.2567       0.000    
   243   23.79      0.9638E-01   5.888       2.341      0.1794       0.000      0.4106      0.2849E-01  0.1754       0.000      0.4810E-02   0.000     -0.9594E-03  0.2555       0.000    
   244   23.81      0.1879       5.888       2.326      0.2468       0.000      0.4104      0.2842E-01  0.1765       0.000      0.4561E-02   0.000     -0.6648E-03  0.2538       0.000    
   245   23.83      0.3083       5.888       2.306      0.3099      0.3786E-12  0.4100      0.2835E-01  0.1778       0.000      0.4398E-02   0.000     -0.3430E-03  0.2519       0.000    
   246   23.85      0.4563       5.888       2.281      0.3678     -0.3156E-12  0.4091      0.2827E-01  0.1794       0.000      0.4278E-02   0.000     -0.3569E-04  0.2502       0.000    
   247   23.87      0.6304       5.888       2.252      0.4196       0.000      0.4078      0.2818E-01  0.1811       0.000      0.4188E-02   0.000      0.2338E-03  0.2487       0.000    
   248   23.90      0.8285       5.888       2.219      0.4646       0.000      0.4058      0.2807E-01  0.1829       0.000      0.4120E-02   0.000      0.4560E-03  0.2475       0.000    
   249   23.93       1.049       5.888       2.182      0.5021       0.000      0.4030      0.2796E-01  0.1847       0.000      0.4067E-02   0.000      0.6314E-03  0.2466       0.000    
   250   23.97       1.288       5.888       2.142      0.5320     -0.2049E-12  0.3994      0.2786E-01  0.1865       0.000      0.4025E-02   0.000      0.7671E-03  0.2459       0.000    
   251   24.01       1.544       5.888       2.100      0.5539      0.1929E-12  0.3947      0.2776E-01  0.1880       0.000      0.3991E-02   0.000      0.8737E-03  0.2454       0.000    
   252   24.05       1.815       5.888       2.055      0.5679       0.000      0.3890      0.2768E-01  0.1894       0.000      0.3961E-02   0.000      0.9636E-03  0.2449       0.000    
   253   24.09       2.097       5.888       2.008      0.5742       0.000      0.3821      0.2765E-01  0.1904       0.000      0.3934E-02   0.000      0.1049E-02  0.2445       0.000    
   254   24.13       2.386       5.888       1.959      0.5730       0.000      0.3741      0.2768E-01  0.1910       0.000      0.3907E-02   0.000      0.1141E-02  0.2440       0.000    
   255   24.17       2.681       5.888       1.910      0.5648       0.000      0.3649      0.2779E-01  0.1911       0.000      0.3880E-02   0.000      0.1253E-02  0.2434       0.000    
   256   24.22       2.977       5.888       1.861      0.5502       0.000      0.3545      0.2801E-01  0.1905       0.000      0.3849E-02   0.000      0.1394E-02  0.2427       0.000    
   257   24.26       3.271       5.888       1.812      0.5299       0.000      0.3427      0.2836E-01  0.1892       0.000      0.3814E-02   0.000      0.1577E-02  0.2417       0.000    
   258   24.30       3.561       5.888       1.764      0.5044       0.000      0.3296      0.2886E-01  0.1870       0.000      0.3772E-02   0.000      0.1815E-02  0.2403       0.000    
   259   24.34       3.842       5.888       1.717      0.4745       0.000      0.3151      0.2954E-01  0.1836       0.000      0.3719E-02   0.000      0.2120E-02  0.2385       0.000    
   260   24.38       4.113       5.888       1.672      0.4410       0.000      0.2989      0.3039E-01  0.1788       0.000      0.3651E-02   0.000      0.2504E-02  0.2360       0.000    
   261   24.42       4.369       5.888       1.629      0.4045       0.000      0.2809      0.3144E-01  0.1725       0.000      0.3561E-02   0.000      0.2976E-02  0.2327       0.000    
   262   24.46       4.609       5.888       1.589      0.3656       0.000      0.2609      0.3265E-01  0.1642       0.000      0.3442E-02   0.000      0.3529E-02  0.2285       0.000    
   263   24.49       4.829       5.888       1.552      0.3250       0.000      0.2386      0.3399E-01  0.1538       0.000      0.3283E-02   0.000      0.4139E-02  0.2231       0.000    
   264   24.52       5.027       5.888       1.519      0.2831       0.000      0.2139      0.3540E-01  0.1408       0.000      0.3075E-02   0.000      0.4743E-02  0.2163       0.000    
   265   24.54       5.201       5.888       1.490      0.2403       0.000      0.1867      0.3681E-01  0.1253       0.000      0.2808E-02   0.000      0.5234E-02  0.2082       0.000    
   266   24.57       5.349       5.888       1.466      0.1970       0.000      0.1570      0.3814E-01  0.1072       0.000      0.2475E-02   0.000      0.5462E-02  0.1990       0.000    
   267   24.58       5.469       5.888       1.446      0.1534       0.000      0.1250      0.3933E-01  0.8647E-01   0.000      0.2071E-02   0.000      0.5256E-02  0.1892       0.000    
   268   24.60       5.561       5.888       1.430      0.1096       0.000      0.9090E-01  0.4033E-01  0.6355E-01   0.000      0.1591E-02   0.000      0.4471E-02  0.1796       0.000    
   269   24.61       5.622       5.888       1.420      0.6577E-01   0.000      0.5522E-01  0.4109E-01  0.3889E-01   0.000      0.1027E-02   0.000      0.3049E-02  0.1716       0.000    
   270   24.61       5.653       5.888       1.415      0.2193E-01   0.000      0.1853E-01  0.4152E-01  0.1310E-01   0.000      0.3083E-03   0.000      0.1087E-02  0.1670       0.000    

 Surface forces referred to Sref,Cref,Bref about Xmom,Ymom,Zmom
 Standard axis orientation,  X fwd, Z down         

  Surface #14     horizontal_stabilizer (YDUP)            
     # chordwise = 10   # spanwise = 30     First strip =271
     Surface area =  10.668           ave. chord =  1.8857    
     CLsurf  =   0.030019     Clsurf  =   0.002703
     CYsurf  =   0.000069     Cmsurf  =  -0.166959
     CDsurf  =   0.000655     Cnsurf  =   0.000049
     CDisurf =   0.000655     CDvsurf =   0.000000

  Forces referred to Ssurf, Cave about hinge axis thru LE
     cl_surf =   0.175523     cd_surf =   0.003832

 Strip Forces referred to strip area, chord
    j    xLE         yLE         zLE         Chord       Area        Dihedral   c cl        ai_ff       cl           clj         cd          cdv         cm_c/4     c.p.x/c      Dcj
   271   23.78     -0.3876E-02   5.888       2.356      0.3651E-01   0.000      0.4108      0.2861E-01  0.1737       0.000      0.1580E-01   0.000     -0.1232E-02  0.2571       0.000    
   272   23.79     -0.3482E-01   5.888       2.351      0.1089       0.000      0.4108      0.2855E-01  0.1747       0.000      0.5488E-02   0.000     -0.1164E-02  0.2567       0.000    
   273   23.79     -0.9638E-01   5.888       2.341      0.1794       0.000      0.4107      0.2849E-01  0.1754       0.000      0.4810E-02   0.000     -0.9590E-03  0.2555       0.000    
   274   23.81     -0.1879       5.888       2.326      0.2468       0.000      0.4105      0.2842E-01  0.1765       0.000      0.4561E-02   0.000     -0.6644E-03  0.2538       0.000    
   275   23.83     -0.3083       5.888       2.306      0.3099     -0.3786E-12  0.4100      0.2835E-01  0.1779       0.000      0.4398E-02   0.000     -0.3425E-03  0.2519       0.000    
   276   23.85     -0.4563       5.888       2.281      0.3678      0.3156E-12  0.4092      0.2827E-01  0.1794       0.000      0.4278E-02   0.000     -0.3533E-04  0.2502       0.000    
   277   23.87     -0.6304       5.888       2.252      0.4196       0.000      0.4079      0.2817E-01  0.1811       0.000      0.4188E-02   0.000      0.2341E-03  0.2487       0.000    
   278   23.90     -0.8285       5.888       2.219      0.4646       0.000      0.4059      0.2807E-01  0.1829       0.000      0.4120E-02   0.000      0.4562E-03  0.2475       0.000    
   279   23.93      -1.049       5.888       2.182      0.5021       0.000      0.4031      0.2796E-01  0.1848       0.000      0.4067E-02   0.000      0.6317E-03  0.2466       0.000    
   280   23.97      -1.288       5.888       2.142      0.5320      0.2049E-12  0.3995      0.2785E-01  0.1865       0.000      0.4025E-02   0.000      0.7673E-03  0.2459       0.000    
   281   24.01      -1.544       5.888       2.100      0.5539     -0.1929E-12  0.3948      0.2775E-01  0.1881       0.000      0.3991E-02   0.000      0.8740E-03  0.2454       0.000    
   282   24.05      -1.815       5.888       2.055      0.5679       0.000      0.3891      0.2768E-01  0.1894       0.000      0.3961E-02   0.000      0.9638E-03  0.2449       0.000    
   283   24.09      -2.097       5.888       2.008      0.5742       0.000      0.3822      0.2764E-01  0.1904       0.000      0.3934E-02   0.000      0.1049E-02  0.2445       0.000    
   284   24.13      -2.386       5.888       1.959      0.5730       0.000      0.3742      0.2767E-01  0.1910       0.000      0.3907E-02   0.000      0.1142E-02  0.2440       0.000    
   285   24.17      -2.681       5.888       1.910      0.5648       0.000      0.3650      0.2779E-01  0.1911       0.000      0.3879E-02   0.000      0.1253E-02  0.2434       0.000    
   286   24.22      -2.977       5.888       1.861      0.5502       0.000      0.3545      0.2801E-01  0.1906       0.000      0.3849E-02   0.000      0.1394E-02  0.2427       0.000    
   287   24.26      -3.271       5.888       1.812      0.5299       0.000      0.3428      0.2836E-01  0.1892       0.000      0.3814E-02   0.000      0.1578E-02  0.2417       0.000    
   288   24.30      -3.561       5.888       1.764      0.5044       0.000      0.3297      0.2886E-01  0.1870       0.000      0.3772E-02   0.000      0.1815E-02  0.2403       0.000    
   289   24.34      -3.842       5.888       1.717      0.4745       0.000      0.3151      0.2953E-01  0.1836       0.000      0.3719E-02   0.000      0.2120E-02  0.2385       0.000    
   290   24.38      -4.113       5.888       1.672      0.4410       0.000      0.2989      0.3039E-01  0.1789       0.000      0.3651E-02   0.000      0.2505E-02  0.2360       0.000    
   291   24.42      -4.369       5.888       1.629      0.4045       0.000      0.2809      0.3143E-01  0.1725       0.000      0.3561E-02   0.000      0.2976E-02  0.2328       0.000    
   292   24.46      -4.609       5.888       1.589      0.3656       0.000      0.2609      0.3264E-01  0.1642       0.000      0.3441E-02   0.000      0.3530E-02  0.2285       0.000    
   293   24.49      -4.829       5.888       1.552      0.3250       0.000      0.2387      0.3399E-01  0.1538       0.000      0.3283E-02   0.000      0.4140E-02  0.2231       0.000    
   294   24.52      -5.027       5.888       1.519      0.2831       0.000      0.2140      0.3540E-01  0.1409       0.000      0.3075E-02   0.000      0.4744E-02  0.2163       0.000    
   295   24.54      -5.201       5.888       1.490      0.2403       0.000      0.1868      0.3681E-01  0.1253       0.000      0.2808E-02   0.000      0.5234E-02  0.2082       0.000    
   296   24.57      -5.349       5.888       1.466      0.1970       0.000      0.1571      0.3814E-01  0.1072       0.000      0.2475E-02   0.000      0.5462E-02  0.1990       0.000    
   297   24.58      -5.469       5.888       1.446      0.1534       0.000      0.1250      0.3933E-01  0.8648E-01   0.000      0.2071E-02   0.000      0.5256E-02  0.1892       0.000    
   298   24.60      -5.561       5.888       1.430      0.1096       0.000      0.9090E-01  0.4032E-01  0.6356E-01   0.000      0.1591E-02   0.000      0.4471E-02  0.1797       0.000    
   299   24.61      -5.622       5.888       1.420      0.6577E-01   0.000      0.5523E-01  0.4109E-01  0.3889E-01   0.000      0.1027E-02   0.000      0.3049E-02  0.1716       0.000    
   300   24.61      -5.653       5.888       1.415      0.2193E-01   0.000      0.1853E-01  0.4152E-01  0.1310E-01   0.000      0.3083E-03   0.000      0.1087E-02  0.1670       0.000    

 Surface forces referred to Sref,Cref,Bref about Xmom,Ymom,Zmom
 Standard axis orientation,  X fwd, Z down         

  Surface #15     vertical_stabilizer                     
     # chordwise = 10   # spanwise = 30     First strip =301
     Surface area =  14.696           ave. chord =  3.0307    
     CLsurf  =   0.000000     Clsurf  =   0.000001
     CYsurf  =   0.000006     Cmsurf  =  -0.000000
     CDsurf  =  -0.000000     Cnsurf  =  -0.000003
     CDisurf =  -0.000000     CDvsurf =   0.000000

  Forces referred to Ssurf, Cave about hinge axis thru LE
     cl_surf =   0.000000     cd_surf =  -0.000000

 Strip Forces referred to strip area, chord
    j    xLE         yLE         zLE         Chord       Area        Dihedral   c cl        ai_ff       cl           clj         cd          cdv         cm_c/4     c.p.x/c      Dcj
   301   20.77       0.000       1.054       3.783      0.1412       90.00      0.1008E-04 -0.1470E-04  0.2663E-05   0.000      0.1053E-11   0.000      0.1069E-05 -0.1512       0.000    
   302   20.80       0.000       1.104       3.768      0.2300       90.00      0.1812E-04  0.4278E-03  0.4810E-05   0.000     -0.4205E-10   0.000      0.1979E-05 -0.1614       0.000    
   303   20.85       0.000       1.176       3.745      0.3157       90.00      0.2572E-04  0.7250E-04  0.6867E-05   0.000     -0.1187E-09   0.000      0.2981E-05 -0.1840       0.000    
   304   20.91       0.000       1.272       3.715      0.3969       90.00      0.3376E-04  0.1184E-03  0.9087E-05   0.000     -0.2247E-09   0.000      0.4332E-05 -0.2268       0.000    
   305   20.98       0.000       1.390       3.679      0.4723       90.00      0.4689E-04 -0.1288E-02  0.1275E-04   0.000     -0.2468E-09   0.000      0.7473E-05 -0.3364       0.000    
   306   21.07       0.000       1.529       3.635      0.5407       90.00     -0.1457E-05  0.1415E-04 -0.4009E-06   0.000     -0.1016E-09   0.000      0.3365E-05   8.642       0.000    
   307   21.17       0.000       1.687       3.586      0.6012       90.00     -0.3170E-04  0.1131E-04 -0.8841E-05   0.000      0.8461E-12   0.000      0.1666E-05  0.4385       0.000    
   308   21.28       0.000       1.863       3.531      0.6530       90.00     -0.5668E-04  0.6249E-05 -0.1605E-04   0.000     -0.2571E-10   0.000      0.5231E-06  0.2826       0.000    
   309   21.40       0.000       2.056       3.470      0.6955       90.00     -0.7594E-04  0.4538E-05 -0.2188E-04   0.000     -0.9526E-10   0.000     -0.2563E-06  0.2383       0.000    
   310   21.52       0.000       2.264       3.406      0.7283       90.00     -0.9000E-04  0.3970E-05 -0.2643E-04   0.000     -0.1655E-09   0.000     -0.7628E-06  0.2211       0.000    
   311   21.66       0.000       2.484       3.337      0.7513       90.00     -0.9947E-04  0.3805E-05 -0.2981E-04   0.000     -0.2210E-09   0.000     -0.1057E-05  0.2145       0.000    
   312   21.80       0.000       2.714       3.265      0.7645       90.00     -0.1050E-03  0.3800E-05 -0.3217E-04   0.000     -0.2571E-09   0.000     -0.1186E-05  0.2131       0.000    
   313   21.95       0.000       2.951       3.191      0.7682       90.00     -0.1074E-03  0.3862E-05 -0.3367E-04   0.000     -0.2747E-09   0.000     -0.1189E-05  0.2147       0.000    
   314   22.10       0.000       3.194       3.115      0.7628       90.00     -0.1074E-03  0.3951E-05 -0.3448E-04   0.000     -0.2776E-09   0.000     -0.1102E-05  0.2180       0.000    
   315   22.26       0.000       3.440       3.038      0.7489       90.00     -0.1057E-03  0.4045E-05 -0.3478E-04   0.000     -0.2700E-09   0.000     -0.9526E-06  0.2226       0.000    
   316   22.41       0.000       3.687       2.961      0.7271       90.00     -0.1029E-03  0.4130E-05 -0.3474E-04   0.000     -0.2563E-09   0.000     -0.7640E-06  0.2280       0.000    
   317   22.56       0.000       3.931       2.885      0.6983       90.00     -0.9953E-04  0.4196E-05 -0.3450E-04   0.000     -0.2398E-09   0.000     -0.5542E-06  0.2339       0.000    
   318   22.71       0.000       4.170       2.810      0.6633       90.00     -0.9607E-04  0.4230E-05 -0.3419E-04   0.000     -0.2227E-09   0.000     -0.3374E-06  0.2401       0.000    
   319   22.86       0.000       4.403       2.737      0.6230       90.00     -0.9278E-04  0.4224E-05 -0.3389E-04   0.000     -0.2066E-09   0.000     -0.1267E-06  0.2463       0.000    
   320   22.99       0.000       4.625       2.668      0.5783       90.00     -0.8985E-04  0.4167E-05 -0.3368E-04   0.000     -0.1925E-09   0.000      0.6426E-07  0.2519       0.000    
   321   23.13       0.000       4.835       2.602      0.5299       90.00     -0.8738E-04  0.4053E-05 -0.3358E-04   0.000     -0.1807E-09   0.000      0.2204E-06  0.2566       0.000    
   322   23.25       0.000       5.032       2.541      0.4787       90.00     -0.8538E-04  0.3883E-05 -0.3361E-04   0.000     -0.1714E-09   0.000      0.3252E-06  0.2597       0.000    
   323   23.36       0.000       5.212       2.484      0.4254       90.00     -0.8383E-04  0.3662E-05 -0.3374E-04   0.000     -0.1648E-09   0.000      0.3637E-06  0.2608       0.000    
   324   23.46       0.000       5.374       2.434      0.3705       90.00     -0.8264E-04  0.3399E-05 -0.3395E-04   0.000     -0.1608E-09   0.000      0.3259E-06  0.2596       0.000    
   325   23.55       0.000       5.516       2.389      0.3145       90.00     -0.8169E-04  0.3109E-05 -0.3419E-04   0.000     -0.1596E-09   0.000      0.2124E-06  0.2562       0.000    
   326   23.62       0.000       5.637       2.352      0.2578       90.00     -0.8089E-04  0.2809E-05 -0.3440E-04   0.000     -0.1613E-09   0.000      0.3799E-07  0.2511       0.000    
   327   23.69       0.000       5.735       2.321      0.2007       90.00     -0.8011E-04  0.2523E-05 -0.3452E-04   0.000     -0.1622E-09   0.000     -0.1712E-06  0.2450       0.000    
   328   23.73       0.000       5.809       2.298      0.1434       90.00     -0.7878E-04  0.2238E-05 -0.3429E-04   0.000     -0.1387E-09   0.000     -0.3754E-06  0.2391       0.000    
   329   23.76       0.000       5.860       2.282      0.8608E-01   90.00     -0.7415E-04  0.1945E-05 -0.3249E-04   0.000      0.4247E-10   0.000     -0.2845E-06  0.2412       0.000    
   330   23.78       0.000       5.885       2.274      0.2870E-01   90.00     -0.4059E-04  0.1775E-05 -0.1785E-04   0.000      0.2315E-08   0.000      0.2958E-05  0.4158       0.000    

 Surface forces referred to Sref,Cref,Bref about Xmom,Ymom,Zmom
 Standard axis orientation,  X fwd, Z down         

  Surface #16     fuselage_horizontal                     
     # chordwise = 10   # spanwise = 30     First strip =331
     Surface area =  65.503           ave. chord =  23.647    
     CLsurf  =   0.007819     Clsurf  =   0.000000
     CYsurf  =   0.000001     Cmsurf  =   0.051228
     CDsurf  =   0.000040     Cnsurf  =  -0.000000
     CDisurf =   0.000040     CDvsurf =   0.000000

  Forces referred to Ssurf, Cave about hinge axis thru LE
     cl_surf =   0.007446     cd_surf =   0.000038

 Strip Forces referred to strip area, chord
    j    xLE         yLE         zLE         Chord       Area        Dihedral   c cl        ai_ff       cl           clj         cd          cdv         cm_c/4     c.p.x/c      Dcj
   331   3.132      -1.339       0.000       15.61       1.441       0.000      0.6731E-01  0.4495E-01  0.4335E-02   0.000     -0.3257E-03   0.000      0.2411E-02 -0.3060       0.000    
   332   2.645      -1.247       0.000       17.73       1.637       0.000      0.1017      0.4983E-01  0.5752E-02   0.000     -0.2237E-03   0.000      0.2840E-02 -0.2438       0.000    
   333   2.159      -1.154       0.000       19.86       1.834       0.000      0.1272      0.5282E-01  0.6423E-02   0.000     -0.1211E-03   0.000      0.2906E-02 -0.2025       0.000    
   334   1.788      -1.062       0.000       21.39       1.975       0.000      0.1461      0.5409E-01  0.6843E-02   0.000     -0.3539E-04   0.000      0.3006E-02 -0.1892       0.000    
   335   1.533     -0.9695       0.000       22.32       2.061       0.000      0.1617      0.5418E-01  0.7254E-02   0.000      0.1050E-04   0.000      0.3136E-02 -0.1823       0.000    
   336   1.278     -0.8772       0.000       23.26       2.147       0.000      0.1743      0.5393E-01  0.7505E-02   0.000      0.4280E-06   0.000      0.3218E-02 -0.1788       0.000    
   337   1.058     -0.7848       0.000       24.08       2.223       0.000      0.1845      0.5330E-01  0.7672E-02   0.000      0.3840E-05   0.000      0.3287E-02 -0.1784       0.000    
   338  0.8733     -0.6925       0.000       24.78       2.288       0.000      0.1929      0.5293E-01  0.7796E-02   0.000      0.2533E-05   0.000      0.3340E-02 -0.1785       0.000    
   339  0.6887     -0.6002       0.000       25.49       2.353       0.000      0.1998      0.5238E-01  0.7852E-02   0.000     -0.1653E-04   0.000      0.3368E-02 -0.1790       0.000    
   340  0.5311     -0.5078       0.000       26.02       2.403       0.000      0.2054      0.5193E-01  0.7908E-02   0.000     -0.5984E-04   0.000      0.3399E-02 -0.1798       0.000    
   341  0.4004     -0.4155       0.000       26.38       2.436       0.000      0.2101      0.5168E-01  0.7976E-02   0.000      0.7616E-05   0.000      0.3431E-02 -0.1802       0.000    
   342  0.2697     -0.3232       0.000       26.74       2.469       0.000      0.2138      0.5145E-01  0.8008E-02   0.000     -0.4044E-04   0.000      0.3445E-02 -0.1801       0.000    
   343  0.1703     -0.2308       0.000       26.95       2.488       0.000      0.2165      0.5136E-01  0.8043E-02   0.000      0.1199E-04   0.000      0.3461E-02 -0.1803       0.000    
   344  0.1022     -0.1385       0.000       27.02       2.495       0.000      0.2184      0.5135E-01  0.8083E-02   0.000      0.2243E-03   0.000      0.3480E-02 -0.1805       0.000    
   345  0.3407E-01 -0.4617E-01   0.000       27.09       2.501       0.000      0.2194      0.5131E-01  0.8068E-02   0.000      0.8095E-03   0.000      0.3484E-02 -0.1818       0.000    
   346  0.3407E-01  0.4617E-01   0.000       27.09       2.501       0.000      0.2194      0.5140E-01  0.8067E-02   0.000      0.8096E-03   0.000      0.3484E-02 -0.1818       0.000    
   347  0.1022      0.1385       0.000       27.02       2.495       0.000      0.2183      0.5137E-01  0.8081E-02   0.000      0.2242E-03   0.000      0.3480E-02 -0.1807       0.000    
   348  0.1703      0.2308       0.000       26.95       2.488       0.000      0.2164      0.5137E-01  0.8040E-02   0.000      0.1174E-04   0.000      0.3461E-02 -0.1805       0.000    
   349  0.2697      0.3232       0.000       26.74       2.469       0.000      0.2137      0.5145E-01  0.8005E-02   0.000     -0.4081E-04   0.000      0.3445E-02 -0.1804       0.000    
   350  0.4004      0.4155       0.000       26.38       2.436       0.000      0.2100      0.5168E-01  0.7971E-02   0.000      0.7301E-05   0.000      0.3432E-02 -0.1805       0.000    
   351  0.5311      0.5078       0.000       26.02       2.403       0.000      0.2053      0.5193E-01  0.7903E-02   0.000     -0.6027E-04   0.000      0.3400E-02 -0.1802       0.000    
   352  0.6887      0.6002       0.000       25.49       2.353       0.000      0.1997      0.5238E-01  0.7847E-02   0.000     -0.1692E-04   0.000      0.3369E-02 -0.1794       0.000    
   353  0.8733      0.6925       0.000       24.78       2.288       0.000      0.1928      0.5293E-01  0.7791E-02   0.000      0.2191E-05   0.000      0.3342E-02 -0.1789       0.000    
   354   1.058      0.7848       0.000       24.08       2.223       0.000      0.1843      0.5330E-01  0.7666E-02   0.000      0.3506E-05   0.000      0.3288E-02 -0.1789       0.000    
   355   1.278      0.8772       0.000       23.26       2.147       0.000      0.1742      0.5393E-01  0.7499E-02   0.000      0.1306E-06   0.000      0.3220E-02 -0.1793       0.000    
   356   1.533      0.9695       0.000       22.32       2.061       0.000      0.1616      0.5418E-01  0.7248E-02   0.000      0.1027E-04   0.000      0.3137E-02 -0.1829       0.000    
   357   1.788       1.062       0.000       21.39       1.975       0.000      0.1460      0.5408E-01  0.6837E-02   0.000     -0.3553E-04   0.000      0.3007E-02 -0.1899       0.000    
   358   2.159       1.154       0.000       19.86       1.834       0.000      0.1271      0.5281E-01  0.6416E-02   0.000     -0.1212E-03   0.000      0.2908E-02 -0.2032       0.000    
   359   2.645       1.247       0.000       17.73       1.637       0.000      0.1015      0.4982E-01  0.5745E-02   0.000     -0.2237E-03   0.000      0.2842E-02 -0.2448       0.000    
   360   3.132       1.339       0.000       15.61       1.441       0.000      0.6722E-01  0.4495E-01  0.4330E-02   0.000     -0.3259E-03   0.000      0.2412E-02 -0.3071       0.000    

 Surface forces referred to Sref,Cref,Bref about Xmom,Ymom,Zmom
 Standard axis orientation,  X fwd, Z down         

  Surface #17     fuselage_vertical                       
     # chordwise = 10   # spanwise = 30     First strip =361
     Surface area =  65.103           ave. chord =  23.503    
     CLsurf  =   0.000000     Clsurf  =   0.000000
     CYsurf  =  -0.000005     Cmsurf  =  -0.000000
     CDsurf  =   0.000000     Cnsurf  =   0.000000
     CDisurf =   0.000000     CDvsurf =   0.000000

  Forces referred to Ssurf, Cave about hinge axis thru LE
     cl_surf =   0.000000     cd_surf =   0.000000

 Strip Forces referred to strip area, chord
    j    xLE         yLE         zLE         Chord       Area        Dihedral   c cl        ai_ff       cl           clj         cd          cdv         cm_c/4     c.p.x/c      Dcj
   361   2.856       0.000      -1.339       15.65       1.445       90.00      0.1126E-04 -0.8503E-06  0.7196E-06   0.000      0.1451E-10   0.000      0.1790E-07  0.2251       0.000    
   362   1.819       0.000      -1.247       17.87       1.650       90.00      0.1730E-04  0.6847E-06  0.9679E-06   0.000      0.1989E-10   0.000      0.7566E-07  0.1718       0.000    
   363  0.7817       0.000      -1.154       20.09       1.855       90.00      0.2176E-04  0.1507E-05  0.1083E-05   0.000      0.2513E-10   0.000      0.1436E-06  0.1175       0.000    
   364  0.2207       0.000      -1.062       21.48       1.984       90.00      0.4689E-04  0.1677E-05  0.2182E-05   0.000      0.2855E-10   0.000     -0.5644E-06  0.5086       0.000    
   365  0.1361       0.000     -0.9695       22.06       2.037       90.00      0.5340E-04  0.1752E-05  0.2421E-05   0.000      0.3185E-10   0.000     -0.5843E-06  0.4914       0.000    
   366  0.5142E-01   0.000     -0.8772       22.63       2.090       90.00      0.5955E-04  0.1741E-05  0.2631E-05   0.000      0.3449E-10   0.000     -0.5931E-06  0.4754       0.000    
   367  0.1405E-01   0.000     -0.7848       23.10       2.133       90.00      0.7007E-04  0.1661E-05  0.3033E-05   0.000      0.3641E-10   0.000     -0.7575E-06  0.4997       0.000    
   368  0.2395E-01   0.000     -0.6925       23.47       2.167       90.00      0.7647E-04  0.1612E-05  0.3259E-05   0.000      0.3700E-10   0.000     -0.7715E-06  0.4867       0.000    
   369  0.3385E-01   0.000     -0.6002       23.83       2.200       90.00      0.8304E-04  0.1501E-05  0.3484E-05   0.000      0.3488E-10   0.000     -0.7809E-06  0.4741       0.000    
   370  0.6640E-01   0.000     -0.5078       24.15       2.229       90.00      0.9281E-04  0.1407E-05  0.3844E-05   0.000      0.3164E-10   0.000     -0.8878E-06  0.4810       0.000    
   371  0.1216       0.000     -0.4155       24.41       2.254       90.00      0.1006E-03  0.1446E-05  0.4123E-05   0.000      0.2909E-10   0.000     -0.9014E-06  0.4686       0.000    
   372  0.1768       0.000     -0.3232       24.67       2.278       90.00      0.1096E-03  0.1898E-05  0.4445E-05   0.000      0.2796E-10   0.000     -0.9142E-06  0.4557       0.000    
   373  0.2450       0.000     -0.2308       24.90       2.299       90.00      0.1229E-03  0.4162E-05  0.4936E-05   0.000      0.3226E-10   0.000     -0.1007E-05  0.4540       0.000    
   374  0.3263       0.000     -0.1385       25.09       2.317       90.00      0.1380E-03  0.1395E-04  0.5499E-05   0.000      0.4895E-10   0.000     -0.1038E-05  0.4388       0.000    
   375  0.4076       0.000     -0.4617E-01   25.29       2.335       90.00      0.1580E-03  0.4558E-04  0.6248E-05   0.000      0.8240E-10   0.000     -0.1080E-05  0.4229       0.000    
   376  0.5006       0.000      0.4617E-01   25.46       2.351       90.00      0.1821E-03 -0.4376E-04  0.7150E-05   0.000      0.1156E-09   0.000     -0.1200E-05  0.4179       0.000    
   377  0.6052       0.000      0.1385       25.61       2.365       90.00      0.1983E-03 -0.1214E-04  0.7741E-05   0.000      0.1109E-09   0.000     -0.1208E-05  0.4060       0.000    
   378  0.7098       0.000      0.2308       25.76       2.378       90.00      0.2004E-03 -0.2501E-05  0.7779E-05   0.000      0.5299E-10   0.000     -0.1098E-05  0.3912       0.000    
   379  0.8268       0.000      0.3232       25.85       2.387       90.00      0.2096E-03 -0.4654E-06  0.8106E-05   0.000      0.7249E-11   0.000     -0.1280E-05  0.4079       0.000    
   380  0.9561       0.000      0.4155       25.90       2.392       90.00      0.2132E-03 -0.1197E-06  0.8232E-05   0.000     -0.1297E-10   0.000     -0.1247E-05  0.4015       0.000    
   381   1.086       0.000      0.5078       25.95       2.396       90.00      0.2144E-03 -0.1852E-06  0.8263E-05   0.000     -0.6045E-10   0.000     -0.1201E-05  0.3954       0.000    
   382   1.230       0.000      0.6002       25.89       2.391       90.00      0.2307E-03 -0.3892E-06  0.8910E-05   0.000     -0.9787E-10   0.000     -0.1760E-05  0.4476       0.000    
   383   1.390       0.000      0.6925       25.73       2.376       90.00      0.2273E-03 -0.7534E-06  0.8834E-05   0.000     -0.5375E-10   0.000     -0.1701E-05  0.4426       0.000    
   384   1.549       0.000      0.7848       25.57       2.361       90.00      0.2212E-03 -0.1475E-05  0.8649E-05   0.000     -0.4712E-10   0.000     -0.1623E-05  0.4376       0.000    
   385   1.732       0.000      0.8772       25.39       2.344       90.00      0.2126E-03 -0.3368E-05  0.8372E-05   0.000     -0.9128E-10   0.000     -0.1532E-05  0.4330       0.000    
   386   1.938       0.000      0.9695       25.18       2.325       90.00      0.1975E-03 -0.1555E-04  0.7842E-05   0.000     -0.1918E-09   0.000     -0.1380E-05  0.4260       0.000    
   387   2.144       0.000       1.062       24.98       2.306       90.00      0.1749E-03 -0.3085E-04  0.7004E-05   0.000     -0.5971E-09   0.000     -0.1154E-05  0.4147       0.000    
   388   2.435       0.000       1.154       23.15       2.138       90.00      0.2995E-03  0.2477E-04  0.1294E-04   0.000      0.4782E-09   0.000     -0.8570E-05  0.9124       0.000    
   389   2.811       0.000       1.247       19.71       1.820       90.00      0.4999E-04  0.3075E-05  0.2536E-05   0.000      0.2155E-09   0.000     -0.5252E-05   2.321       0.000    
   390   3.187       0.000       1.339       16.27       1.502       90.00     -0.5612E-03 -0.8050E-04 -0.3450E-04   0.000      0.3434E-10   0.000      0.1620E-04  0.7194       0.000    

 Surface forces referred to Sref,Cref,Bref about Xmom,Ymom,Zmom
 Standard axis orientation,  X fwd, Z down         

  Surface #18     nacelle_horizontal                      
     # chordwise =  6   # spanwise = 11     First strip =391
     Surface area = 0.14670           ave. chord = 0.48131    
     CLsurf  =   0.000186     Clsurf  =  -0.000015
     CYsurf  =   0.000000     Cmsurf  =   0.000088
     CDsurf  =   0.000002     Cnsurf  =  -0.000001
     CDisurf =   0.000002     CDvsurf =   0.000000

  Forces referred to Ssurf, Cave about hinge axis thru LE
     cl_surf =   0.079141     cd_surf =   0.000994

 Strip Forces referred to strip area, chord
    j    xLE         yLE         zLE         Chord       Area        Dihedral   c cl        ai_ff       cl           clj         cd          cdv         cm_c/4     c.p.x/c      Dcj
   391   10.60       2.085       1.233      0.1680      0.5107E-02   0.000      0.2300E-01  0.8426E-01  0.1373       0.000     -0.4062E-02   0.000      0.5558E-02  0.2095       0.000    
   392   10.52       2.115       1.233      0.3954      0.1206E-01   0.000      0.3458E-01  0.9558E-01  0.8755E-01   0.000      0.1486E-03   0.000      0.7035E-02  0.1696       0.000    
   393   10.47       2.146       1.233      0.5223      0.1593E-01   0.000      0.4157E-01  0.9751E-01  0.7964E-01   0.000      0.9582E-03   0.000      0.7026E-02  0.1618       0.000    
   394   10.44       2.176       1.233      0.6217      0.1896E-01   0.000      0.4581E-01  0.9825E-01  0.7370E-01   0.000      0.1627E-02   0.000      0.6746E-02  0.1585       0.000    
   395   10.43       2.199       1.233      0.6824      0.1041E-01   0.000      0.4719E-01  0.9337E-01  0.6913E-01   0.000      0.2332E-02   0.000      0.6498E-02  0.1560       0.000    
   396   10.42       2.214       1.233      0.7152      0.1091E-01   0.000      0.4724E-01  0.7056E-01  0.6602E-01   0.000      0.2225E-02   0.000      0.6305E-02  0.1545       0.000    
   397   10.43       2.237       1.233      0.6988      0.2131E-01   0.000      0.4652E-01  0.1169      0.6656E-01   0.000      0.1994E-02   0.000      0.6381E-02  0.1541       0.000    
   398   10.44       2.268       1.233      0.6217      0.1890E-01   0.000      0.4429E-01  0.1027      0.7126E-01   0.000      0.1556E-02   0.000      0.6748E-02  0.1553       0.000    
   399   10.47       2.298       1.233      0.5223      0.1593E-01   0.000      0.4047E-01  0.1012      0.7754E-01   0.000      0.9387E-03   0.000      0.7177E-02  0.1574       0.000    
   400   10.52       2.329       1.233      0.3954      0.1206E-01   0.000      0.3400E-01  0.9926E-01  0.8610E-01   0.000      0.1814E-03   0.000      0.7356E-02  0.1646       0.000    
   401   10.60       2.359       1.233      0.1680      0.5124E-02   0.000      0.2315E-01  0.8863E-01  0.1382       0.000     -0.3704E-02   0.000      0.6462E-02  0.2032       0.000    

 Surface forces referred to Sref,Cref,Bref about Xmom,Ymom,Zmom
 Standard axis orientation,  X fwd, Z down         

  Surface #19     nacelle_horizontal (YDUP)               
     # chordwise =  6   # spanwise = 11     First strip =402
     Surface area = 0.14670           ave. chord = 0.48131    
     CLsurf  =   0.000120     Clsurf  =   0.000010
     CYsurf  =  -0.000000     Cmsurf  =   0.000057
     CDsurf  =   0.000001     Cnsurf  =   0.000000
     CDisurf =   0.000001     CDvsurf =   0.000000

  Forces referred to Ssurf, Cave about hinge axis thru LE
     cl_surf =   0.050864     cd_surf =   0.000602

 Strip Forces referred to strip area, chord
    j    xLE         yLE         zLE         Chord       Area        Dihedral   c cl        ai_ff       cl           clj         cd          cdv         cm_c/4     c.p.x/c      Dcj
   402   10.60      -2.085       1.233      0.1680      0.5107E-02   0.000      0.1675E-01  0.1314      0.9993E-01   0.000     -0.1861E-02   0.000      0.5367E-02  0.1963       0.000    
   403   10.52      -2.115       1.233      0.3954      0.1206E-01   0.000      0.2356E-01  0.1229      0.5966E-01   0.000      0.1970E-03   0.000      0.5687E-02  0.1547       0.000    
   404   10.47      -2.146       1.233      0.5223      0.1593E-01   0.000      0.2784E-01  0.1370      0.5335E-01   0.000      0.5799E-03   0.000      0.5337E-02  0.1500       0.000    
   405   10.44      -2.176       1.233      0.6217      0.1896E-01   0.000      0.2882E-01  0.1202      0.4637E-01   0.000      0.9840E-03   0.000      0.4666E-02  0.1494       0.000    
   406   10.43      -2.199       1.233      0.6824      0.1041E-01   0.000      0.2641E-01  0.1324E-01  0.3870E-01   0.000      0.1146E-02   0.000      0.3929E-02  0.1485       0.000    
   407   10.42      -2.214       1.233      0.7152      0.1091E-01   0.000      0.2611E-01 -0.2697E-01  0.3650E-01   0.000      0.1031E-02   0.000      0.3758E-02  0.1470       0.000    
   408   10.43      -2.237       1.233      0.6988      0.2131E-01   0.000      0.2828E-01  0.1435      0.4047E-01   0.000      0.1066E-02   0.000      0.4193E-02  0.1464       0.000    
   409   10.44      -2.268       1.233      0.6217      0.1890E-01   0.000      0.2823E-01  0.1364      0.4543E-01   0.000      0.8944E-03   0.000      0.4728E-02  0.1459       0.000    
   410   10.47      -2.298       1.233      0.5223      0.1593E-01   0.000      0.2575E-01  0.1150      0.4934E-01   0.000      0.6028E-03   0.000      0.5209E-02  0.1444       0.000    
   411   10.52      -2.329       1.233      0.3954      0.1206E-01   0.000      0.2251E-01  0.1245      0.5700E-01   0.000      0.2539E-03   0.000      0.5791E-02  0.1484       0.000    
   412   10.60      -2.359       1.233      0.1680      0.5124E-02   0.000      0.1660E-01  0.1375      0.9901E-01   0.000     -0.1541E-02   0.000      0.5955E-02  0.1899       0.000    

 Surface forces referred to Sref,Cref,Bref about Xmom,Ymom,Zmom
 Standard axis orientation,  X fwd, Z down         

  Surface #20     nacelle_vertical                        
     # chordwise =  6   # spanwise = 11     First strip =413
     Surface area = 0.14668           ave. chord = 0.48122    
     CLsurf  =   0.000000     Clsurf  =   0.000000
     CYsurf  =  -0.000024     Cmsurf  =   0.000000
     CDsurf  =  -0.000000     Cnsurf  =  -0.000001
     CDisurf =  -0.000000     CDvsurf =   0.000000

  Forces referred to Ssurf, Cave about hinge axis thru LE
     cl_surf =   0.000022     cd_surf =  -0.000049

 Strip Forces referred to strip area, chord
    j    xLE         yLE         zLE         Chord       Area        Dihedral   c cl        ai_ff       cl           clj         cd          cdv         cm_c/4     c.p.x/c      Dcj
   413   10.60       2.222       1.095      0.1680      0.5124E-02   90.00      0.1761E-02  0.8721E-03  0.1048E-01   0.000     -0.1725E-03   0.000      0.4619E-02 -0.1907       0.000    
   414   10.52       2.222       1.126      0.3954      0.1206E-01   90.00      0.3018E-02  0.1748E-02  0.7633E-02   0.000     -0.5708E-04   0.000      0.1888E-02  0.2664E-02   0.000    
   415   10.47       2.222       1.156      0.5223      0.1588E-01   90.00      0.3252E-02 -0.1234E-03  0.6226E-02   0.000     -0.3262E-04   0.000      0.1372E-02  0.2964E-01   0.000    
   416   10.44       2.222       1.187      0.6217      0.1896E-01   90.00      0.2622E-02 -0.1373E-01  0.4217E-02   0.000     -0.1470E-04   0.000      0.8727E-03  0.4305E-01   0.000    
   417   10.43       2.222       1.217      0.6988      0.2131E-01   90.00      0.3147E-02 -0.1588E-01  0.4503E-02   0.000     -0.1384E-04   0.000      0.8283E-03  0.6605E-01   0.000    
   418   10.42       2.222       1.240      0.7152      0.1091E-01   90.00      0.6896E-02  0.1871E-02  0.9642E-02   0.000     -0.1920E-04   0.000      0.2231E-03  0.2269       0.000    
   419   10.43       2.222       1.255      0.6824      0.1041E-01   90.00      0.9001E-02  0.2608E-01  0.1319E-01   0.000     -0.2664E-04   0.000      0.2710E-03  0.2295       0.000    
   420   10.44       2.222       1.278      0.6217      0.1896E-01   90.00      0.9150E-02  0.1320E-01  0.1472E-01   0.000     -0.5856E-04   0.000      0.1134E-03  0.2423       0.000    
   421   10.47       2.222       1.309      0.5223      0.1588E-01   90.00      0.7393E-02 -0.2609E-02  0.1416E-01   0.000     -0.6638E-04   0.000     -0.1292E-03  0.2591       0.000    
   422   10.52       2.222       1.339      0.3954      0.1206E-01   90.00      0.5870E-02 -0.7836E-02  0.1484E-01   0.000     -0.7824E-04   0.000     -0.5468E-03  0.2868       0.000    
   423   10.60       2.222       1.370      0.1680      0.5124E-02   90.00      0.4283E-02 -0.6906E-02  0.2549E-01   0.000     -0.1695E-03   0.000     -0.3955E-02  0.4052       0.000    

 Surface forces referred to Sref,Cref,Bref about Xmom,Ymom,Zmom
 Standard axis orientation,  X fwd, Z down         

  Surface #21     nacelle_vertical (YDUP)                 
     # chordwise =  6   # spanwise = 11     First strip =424
     Surface area = 0.14668           ave. chord = 0.48122    
     CLsurf  =   0.000000     Clsurf  =  -0.000000
     CYsurf  =   0.000015     Cmsurf  =   0.000000
     CDsurf  =  -0.000000     Cnsurf  =   0.000001
     CDisurf =  -0.000000     CDvsurf =   0.000000

  Forces referred to Ssurf, Cave about hinge axis thru LE
     cl_surf =   0.000015     cd_surf =  -0.000032

 Strip Forces referred to strip area, chord
    j    xLE         yLE         zLE         Chord       Area        Dihedral   c cl        ai_ff       cl           clj         cd          cdv         cm_c/4     c.p.x/c      Dcj
   424   10.60      -2.222       1.095      0.1680      0.5124E-02  -90.00      0.1261E-02  0.7930E-02  0.7506E-02   0.000     -0.1098E-03   0.000      0.3499E-02 -0.2162       0.000    
   425   10.52      -2.222       1.126      0.3954      0.1206E-01  -90.00      0.2021E-02  0.7010E-02  0.5110E-02   0.000     -0.3824E-04   0.000      0.1383E-02 -0.2057E-01   0.000    
   426   10.47      -2.222       1.156      0.5223      0.1588E-01  -90.00      0.2026E-02  0.4430E-02  0.3879E-02   0.000     -0.2133E-04   0.000      0.9432E-03  0.6873E-02   0.000    
   427   10.44      -2.222       1.187      0.6217      0.1896E-01  -90.00      0.1207E-02 -0.2275E-01  0.1942E-02   0.000     -0.7490E-05   0.000      0.4661E-03  0.1003E-01   0.000    
   428   10.43      -2.222       1.217      0.6988      0.2131E-01  -90.00      0.1222E-02 -0.5327E-01  0.1749E-02   0.000     -0.6582E-05   0.000      0.3603E-03  0.4400E-01   0.000    
   429   10.42      -2.222       1.240      0.7152      0.1091E-01  -90.00      0.3966E-02  0.4878E-01  0.5545E-02   0.000     -0.1422E-04   0.000      0.1785E-03  0.2178       0.000    
   430   10.43      -2.222       1.255      0.6824      0.1041E-01  -90.00      0.5987E-02  0.5512E-01  0.8774E-02   0.000     -0.2330E-04   0.000      0.2502E-03  0.2215       0.000    
   431   10.44      -2.222       1.278      0.6217      0.1896E-01  -90.00      0.6450E-02  0.3029E-01  0.1038E-01   0.000     -0.4383E-04   0.000      0.1704E-03  0.2336       0.000    
   432   10.47      -2.222       1.309      0.5223      0.1588E-01  -90.00      0.5069E-02  0.7795E-04  0.9704E-02   0.000     -0.4625E-04   0.000      0.1727E-04  0.2482       0.000    
   433   10.52      -2.222       1.339      0.3954      0.1206E-01  -90.00      0.3980E-02 -0.8585E-02  0.1006E-01   0.000     -0.4990E-04   0.000     -0.2309E-03  0.2729       0.000    
   434   10.60      -2.222       1.370      0.1680      0.5124E-02  -90.00      0.3106E-02 -0.3723E-02  0.1849E-01   0.000     -0.1040E-03   0.000     -0.2634E-02  0.3925       0.000    

 Surface forces referred to Sref,Cref,Bref about Xmom,Ymom,Zmom
 Standard axis orientation,  X fwd, Z down         

  Surface #22     nacelle_2_horizontal                    
     # chordwise =  6   # spanwise = 11     First strip =435
     Surface area = 0.14668           ave. chord = 0.48123    
     CLsurf  =   0.000182     Clsurf  =  -0.000025
     CYsurf  =   0.000000     Cmsurf  =   0.000085
     CDsurf  =   0.000002     Cnsurf  =  -0.000001
     CDisurf =   0.000002     CDvsurf =   0.000000

  Forces referred to Ssurf, Cave about hinge axis thru LE
     cl_surf =   0.077257     cd_surf =   0.000875

 Strip Forces referred to strip area, chord
    j    xLE         yLE         zLE         Chord       Area        Dihedral   c cl        ai_ff       cl           clj         cd          cdv         cm_c/4     c.p.x/c      Dcj
   435   10.62       3.692       1.233      0.1680      0.5124E-02   0.000      0.2285E-01  0.8659E-01  0.1364       0.000     -0.4037E-02   0.000      0.6257E-02  0.2041       0.000    
   436   10.53       3.723       1.233      0.3954      0.1206E-01   0.000      0.3390E-01  0.9616E-01  0.8585E-01   0.000      0.4060E-05   0.000      0.7561E-02  0.1619       0.000    
   437   10.49       3.753       1.233      0.5223      0.1593E-01   0.000      0.4057E-01  0.9764E-01  0.7773E-01   0.000      0.8116E-03   0.000      0.7467E-02  0.1539       0.000    
   438   10.46       3.784       1.233      0.6217      0.1890E-01   0.000      0.4449E-01  0.9652E-01  0.7157E-01   0.000      0.1484E-02   0.000      0.7091E-02  0.1509       0.000    
   439   10.44       3.807       1.233      0.6824      0.1041E-01   0.000      0.4575E-01  0.8972E-01  0.6702E-01   0.000      0.2193E-02   0.000      0.6777E-02  0.1489       0.000    
   440   10.44       3.822       1.233      0.7152      0.1091E-01   0.000      0.4602E-01  0.6864E-01  0.6432E-01   0.000      0.2139E-02   0.000      0.6588E-02  0.1476       0.000    
   441   10.44       3.845       1.233      0.6988      0.2131E-01   0.000      0.4555E-01  0.1179      0.6517E-01   0.000      0.1892E-02   0.000      0.6701E-02  0.1472       0.000    
   442   10.46       3.875       1.233      0.6217      0.1896E-01   0.000      0.4335E-01  0.1024      0.6975E-01   0.000      0.1428E-02   0.000      0.7053E-02  0.1489       0.000    
   443   10.49       3.906       1.233      0.5223      0.1593E-01   0.000      0.3942E-01  0.9873E-01  0.7554E-01   0.000      0.8026E-03   0.000      0.7443E-02  0.1515       0.000    
   444   10.53       3.936       1.233      0.3954      0.1202E-01   0.000      0.3304E-01  0.9653E-01  0.8366E-01   0.000      0.5213E-04   0.000      0.7568E-02  0.1595       0.000    
   445   10.62       3.967       1.233      0.1680      0.5124E-02   0.000      0.2245E-01  0.8743E-01  0.1340       0.000     -0.3705E-02   0.000      0.6414E-02  0.2021       0.000    

 Surface forces referred to Sref,Cref,Bref about Xmom,Ymom,Zmom
 Standard axis orientation,  X fwd, Z down         

  Surface #23     nacelle_2_vertical                      
     # chordwise =  6   # spanwise = 11     First strip =446
     Surface area = 0.14668           ave. chord = 0.48122    
     CLsurf  =   0.000000     Clsurf  =   0.000000
     CYsurf  =  -0.000004     Cmsurf  =   0.000000
     CDsurf  =  -0.000000     Cnsurf  =  -0.000000
     CDisurf =  -0.000000     CDvsurf =   0.000000

  Forces referred to Ssurf, Cave about hinge axis thru LE
     cl_surf =   0.000006     cd_surf =  -0.000004

 Strip Forces referred to strip area, chord
    j    xLE         yLE         zLE         Chord       Area        Dihedral   c cl        ai_ff       cl           clj         cd          cdv         cm_c/4     c.p.x/c      Dcj
   446   10.62       3.829       1.095      0.1680      0.5124E-02   90.00      0.6472E-04  0.7316E-02  0.3853E-03   0.000     -0.6570E-06   0.000      0.2543E-03 -0.4100       0.000    
   447   10.53       3.829       1.126      0.3954      0.1206E-01   90.00     -0.9219E-04  0.6928E-02 -0.2331E-03   0.000     -0.1241E-06   0.000      0.6352E-04  0.5225       0.000    
   448   10.49       3.829       1.156      0.5223      0.1588E-01   90.00     -0.5473E-03  0.5060E-02 -0.1048E-02   0.000     -0.2153E-06   0.000     -0.8414E-04  0.1697       0.000    
   449   10.46       3.829       1.187      0.6217      0.1896E-01   90.00     -0.1558E-02 -0.8210E-02 -0.2505E-02   0.000     -0.1276E-05   0.000     -0.3536E-03  0.1089       0.000    
   450   10.44       3.829       1.217      0.6988      0.2131E-01   90.00     -0.1300E-02 -0.1085E-01 -0.1861E-02   0.000      0.3285E-06   0.000     -0.2375E-03  0.1224       0.000    
   451   10.44       3.829       1.240      0.7152      0.1091E-01   90.00      0.1532E-02  0.1144E-01  0.2142E-02   0.000     -0.6115E-06   0.000      0.1248E-03  0.1917       0.000    
   452   10.44       3.829       1.255      0.6824      0.1041E-01   90.00      0.3651E-02  0.3404E-01  0.5350E-02   0.000     -0.2612E-05   0.000      0.1856E-03  0.2153       0.000    
   453   10.46       3.829       1.278      0.6217      0.1896E-01   90.00      0.3937E-02  0.2219E-01  0.6333E-02   0.000     -0.1060E-04   0.000      0.1091E-03  0.2328       0.000    
   454   10.49       3.829       1.309      0.5223      0.1588E-01   90.00      0.2697E-02  0.8998E-02  0.5164E-02   0.000     -0.8819E-05   0.000     -0.1429E-04  0.2528       0.000    
   455   10.53       3.829       1.339      0.3954      0.1206E-01   90.00      0.1949E-02  0.7373E-02  0.4928E-02   0.000     -0.8434E-05   0.000     -0.1661E-03  0.2837       0.000    
   456   10.62       3.829       1.370      0.1680      0.5124E-02   90.00      0.1362E-02  0.7832E-02  0.8110E-02   0.000     -0.1701E-04   0.000     -0.1263E-02  0.4058       0.000    

 Surface forces referred to Sref,Cref,Bref about Xmom,Ymom,Zmom
 Standard axis orientation,  X fwd, Z down         

  Surface #24     nacelle_3_horizontal                    
     # chordwise =  6   # spanwise = 11     First strip =457
     Surface area = 0.14669           ave. chord = 0.48128    
     CLsurf  =   0.000180     Clsurf  =  -0.000036
     CYsurf  =   0.000000     Cmsurf  =   0.000079
     CDsurf  =   0.000002     Cnsurf  =  -0.000001
     CDisurf =   0.000002     CDvsurf =   0.000000

  Forces referred to Ssurf, Cave about hinge axis thru LE
     cl_surf =   0.076749     cd_surf =   0.000931

 Strip Forces referred to strip area, chord
    j    xLE         yLE         zLE         Chord       Area        Dihedral   c cl        ai_ff       cl           clj         cd          cdv         cm_c/4     c.p.x/c      Dcj
   457   10.68       5.300       1.233      0.1680      0.5107E-02   0.000      0.2266E-01  0.8425E-01  0.1352       0.000     -0.3830E-02   0.000      0.6196E-02  0.2042       0.000    
   458   10.60       5.330       1.233      0.3954      0.1206E-01   0.000      0.3362E-01  0.9396E-01  0.8513E-01   0.000      0.9138E-04   0.000      0.7411E-02  0.1629       0.000    
   459   10.56       5.361       1.233      0.5223      0.1593E-01   0.000      0.4024E-01  0.9546E-01  0.7711E-01   0.000      0.8738E-03   0.000      0.7294E-02  0.1554       0.000    
   460   10.52       5.391       1.233      0.6217      0.1896E-01   0.000      0.4414E-01  0.9420E-01  0.7102E-01   0.000      0.1525E-02   0.000      0.6907E-02  0.1527       0.000    
   461   10.51       5.414       1.233      0.6824      0.1041E-01   0.000      0.4542E-01  0.8732E-01  0.6653E-01   0.000      0.2209E-02   0.000      0.6589E-02  0.1510       0.000    
   462   10.50       5.429       1.233      0.7152      0.1091E-01   0.000      0.4575E-01  0.6697E-01  0.6394E-01   0.000      0.2151E-02   0.000      0.6410E-02  0.1498       0.000    
   463   10.51       5.452       1.233      0.6988      0.2124E-01   0.000      0.4535E-01  0.1162      0.6489E-01   0.000      0.1921E-02   0.000      0.6530E-02  0.1494       0.000    
   464   10.52       5.483       1.233      0.6217      0.1896E-01   0.000      0.4317E-01  0.1006      0.6946E-01   0.000      0.1472E-02   0.000      0.6878E-02  0.1510       0.000    
   465   10.56       5.513       1.233      0.5223      0.1593E-01   0.000      0.3922E-01  0.9654E-01  0.7516E-01   0.000      0.8615E-03   0.000      0.7266E-02  0.1533       0.000    
   466   10.60       5.544       1.233      0.3954      0.1206E-01   0.000      0.3284E-01  0.9411E-01  0.8315E-01   0.000      0.1293E-03   0.000      0.7402E-02  0.1610       0.000    
   467   10.68       5.574       1.233      0.1680      0.5124E-02   0.000      0.2225E-01  0.8469E-01  0.1328       0.000     -0.3560E-02   0.000      0.6248E-02  0.2030       0.000    

 Surface forces referred to Sref,Cref,Bref about Xmom,Ymom,Zmom
 Standard axis orientation,  X fwd, Z down         

  Surface #25     nacelle_3_vertical                      
     # chordwise =  6   # spanwise = 11     First strip =468
     Surface area = 0.14668           ave. chord = 0.48122    
     CLsurf  =   0.000000     Clsurf  =  -0.000000
     CYsurf  =  -0.000001     Cmsurf  =   0.000000
     CDsurf  =  -0.000000     Cnsurf  =  -0.000000
     CDisurf =  -0.000000     CDvsurf =   0.000000

  Forces referred to Ssurf, Cave about hinge axis thru LE
     cl_surf =   0.000001     cd_surf =  -0.000002

 Strip Forces referred to strip area, chord
    j    xLE         yLE         zLE         Chord       Area        Dihedral   c cl        ai_ff       cl           clj         cd          cdv         cm_c/4     c.p.x/c      Dcj
   468   10.68       5.437       1.095      0.1680      0.5124E-02   90.00     -0.2549E-03  0.1165E-01 -0.1518E-02   0.000     -0.2532E-05   0.000     -0.5900E-03 -0.1388       0.000    
   469   10.60       5.437       1.126      0.3954      0.1206E-01   90.00     -0.6694E-03  0.1113E-01 -0.1693E-02   0.000     -0.1319E-05   0.000     -0.3109E-03  0.6633E-01   0.000    
   470   10.56       5.437       1.156      0.5223      0.1588E-01   90.00     -0.1242E-02  0.9356E-02 -0.2379E-02   0.000     -0.2330E-05   0.000     -0.3936E-03  0.8451E-01   0.000    
   471   10.52       5.437       1.187      0.6217      0.1896E-01   90.00     -0.2316E-02 -0.3731E-02 -0.3725E-02   0.000     -0.4311E-05   0.000     -0.6187E-03  0.8393E-01   0.000    
   472   10.51       5.437       1.217      0.6988      0.2131E-01   90.00     -0.2129E-02 -0.6718E-02 -0.3046E-02   0.000     -0.5820E-06   0.000     -0.4819E-03  0.9181E-01   0.000    
   473   10.50       5.437       1.240      0.7152      0.1091E-01   90.00      0.4805E-03  0.1673E-01  0.6719E-03   0.000      0.1012E-06   0.000      0.5623E-04  0.1663       0.000    
   474   10.51       5.437       1.255      0.6824      0.1041E-01   90.00      0.2568E-02  0.3863E-01  0.3763E-02   0.000     -0.5198E-06   0.000      0.1103E-03  0.2207       0.000    
   475   10.52       5.437       1.278      0.6217      0.1896E-01   90.00      0.2848E-02  0.2668E-01  0.4580E-02   0.000     -0.5006E-05   0.000      0.5003E-04  0.2391       0.000    
   476   10.56       5.437       1.309      0.5223      0.1588E-01   90.00      0.1693E-02  0.1381E-01  0.3242E-02   0.000     -0.3145E-05   0.000     -0.3614E-04  0.2611       0.000    
   477   10.60       5.437       1.339      0.3954      0.1206E-01   90.00      0.1087E-02  0.1318E-01  0.2748E-02   0.000     -0.2318E-05   0.000     -0.1149E-03  0.2918       0.000    
   478   10.68       5.437       1.370      0.1680      0.5124E-02   90.00      0.6960E-03  0.2219E-01  0.4143E-02   0.000     -0.4191E-05   0.000     -0.6625E-03  0.4099       0.000    

 Surface forces referred to Sref,Cref,Bref about Xmom,Ymom,Zmom
 Standard axis orientation,  X fwd, Z down         

  Surface #26     nacelle_4_horizontal                    
     # chordwise =  6   # spanwise = 11     First strip =479
     Surface area = 0.14668           ave. chord = 0.48123    
     CLsurf  =   0.000178     Clsurf  =  -0.000046
     CYsurf  =   0.000000     Cmsurf  =   0.000072
     CDsurf  =   0.000002     Cnsurf  =  -0.000002
     CDisurf =   0.000002     CDvsurf =   0.000000

  Forces referred to Ssurf, Cave about hinge axis thru LE
     cl_surf =   0.075765     cd_surf =   0.000973

 Strip Forces referred to strip area, chord
    j    xLE         yLE         zLE         Chord       Area        Dihedral   c cl        ai_ff       cl           clj         cd          cdv         cm_c/4     c.p.x/c      Dcj
   479   10.76       6.907       1.233      0.1680      0.5124E-02   0.000      0.2240E-01  0.8200E-01  0.1337       0.000     -0.3603E-02   0.000      0.6127E-02  0.2042       0.000    
   480   10.68       6.938       1.233      0.3954      0.1206E-01   0.000      0.3322E-01  0.9165E-01  0.8410E-01   0.000      0.1646E-03   0.000      0.7295E-02  0.1633       0.000    
   481   10.63       6.968       1.233      0.5223      0.1593E-01   0.000      0.3974E-01  0.9318E-01  0.7614E-01   0.000      0.9203E-03   0.000      0.7171E-02  0.1558       0.000    
   482   10.60       6.999       1.233      0.6217      0.1890E-01   0.000      0.4357E-01  0.9184E-01  0.7009E-01   0.000      0.1547E-02   0.000      0.6783E-02  0.1532       0.000    
   483   10.59       7.022       1.233      0.6824      0.1041E-01   0.000      0.4482E-01  0.8493E-01  0.6565E-01   0.000      0.2207E-02   0.000      0.6468E-02  0.1515       0.000    
   484   10.58       7.037       1.233      0.7152      0.1091E-01   0.000      0.4517E-01  0.6490E-01  0.6313E-01   0.000      0.2145E-02   0.000      0.6294E-02  0.1503       0.000    
   485   10.59       7.060       1.233      0.6988      0.2131E-01   0.000      0.4479E-01  0.1139      0.6408E-01   0.000      0.1924E-02   0.000      0.6417E-02  0.1499       0.000    
   486   10.60       7.090       1.233      0.6217      0.1896E-01   0.000      0.4262E-01  0.9843E-01  0.6857E-01   0.000      0.1494E-02   0.000      0.6757E-02  0.1515       0.000    
   487   10.63       7.121       1.233      0.5223      0.1593E-01   0.000      0.3870E-01  0.9429E-01  0.7416E-01   0.000      0.9047E-03   0.000      0.7135E-02  0.1538       0.000    
   488   10.68       7.151       1.233      0.3954      0.1202E-01   0.000      0.3239E-01  0.9185E-01  0.8200E-01   0.000      0.1942E-03   0.000      0.7266E-02  0.1614       0.000    
   489   10.76       7.182       1.233      0.1680      0.5124E-02   0.000      0.2194E-01  0.8251E-01  0.1310       0.000     -0.3359E-02   0.000      0.6128E-02  0.2032       0.000    

 Surface forces referred to Sref,Cref,Bref about Xmom,Ymom,Zmom
 Standard axis orientation,  X fwd, Z down         

  Surface #27     nacelle_4_vertical                      
     # chordwise =  6   # spanwise = 11     First strip =490
     Surface area = 0.14668           ave. chord = 0.48122    
     CLsurf  =  -0.000000     Clsurf  =  -0.000000
     CYsurf  =   0.000001     Cmsurf  =  -0.000000
     CDsurf  =  -0.000000     Cnsurf  =   0.000000
     CDisurf =  -0.000000     CDvsurf =   0.000000

  Forces referred to Ssurf, Cave about hinge axis thru LE
     cl_surf =  -0.000001     cd_surf =  -0.000003

 Strip Forces referred to strip area, chord
    j    xLE         yLE         zLE         Chord       Area        Dihedral   c cl        ai_ff       cl           clj         cd          cdv         cm_c/4     c.p.x/c      Dcj
   490   10.76       7.045       1.095      0.1680      0.5124E-02   90.00     -0.3629E-03  0.1326E-01 -0.2160E-02   0.000     -0.5674E-05   0.000     -0.8684E-03 -0.1521       0.000    
   491   10.68       7.045       1.126      0.3954      0.1206E-01   90.00     -0.8701E-03  0.1262E-01 -0.2200E-02   0.000     -0.2590E-05   0.000     -0.4270E-03  0.5591E-01   0.000    
   492   10.63       7.045       1.156      0.5223      0.1588E-01   90.00     -0.1489E-02  0.1080E-01 -0.2850E-02   0.000     -0.3608E-05   0.000     -0.4861E-03  0.7946E-01   0.000    
   493   10.60       7.045       1.187      0.6217      0.1896E-01   90.00     -0.2583E-02 -0.2240E-02 -0.4155E-02   0.000     -0.5625E-05   0.000     -0.6942E-03  0.8292E-01   0.000    
   494   10.59       7.045       1.217      0.6988      0.2131E-01   90.00     -0.2410E-02 -0.5197E-02 -0.3449E-02   0.000     -0.1129E-05   0.000     -0.5483E-03  0.9101E-01   0.000    
   495   10.58       7.045       1.240      0.7152      0.1091E-01   90.00      0.1172E-03  0.1833E-01  0.1638E-03   0.000      0.1046E-06   0.000      0.4606E-04 -0.3113E-01   0.000    
   496   10.59       7.045       1.255      0.6824      0.1041E-01   90.00      0.2189E-02  0.3993E-01  0.3208E-02   0.000     -0.9588E-07   0.000      0.9719E-04  0.2197       0.000    
   497   10.60       7.045       1.278      0.6217      0.1896E-01   90.00      0.2481E-02  0.2818E-01  0.3990E-02   0.000     -0.3640E-05   0.000      0.4195E-04  0.2395       0.000    
   498   10.63       7.045       1.309      0.5223      0.1588E-01   90.00      0.1364E-02  0.1558E-01  0.2612E-02   0.000     -0.1945E-05   0.000     -0.3417E-04  0.2631       0.000    
   499   10.68       7.045       1.339      0.3954      0.1206E-01   90.00      0.8082E-03  0.1564E-01  0.2044E-02   0.000     -0.1178E-05   0.000     -0.9260E-04  0.2953       0.000    
   500   10.76       7.045       1.370      0.1680      0.5124E-02   90.00      0.4845E-03  0.2963E-01  0.2884E-02   0.000     -0.1937E-05   0.000     -0.4696E-03  0.4128       0.000    

 Surface forces referred to Sref,Cref,Bref about Xmom,Ymom,Zmom
 Standard axis orientation,  X fwd, Z down         

  Surface #28     nacelle_5_horizontal                    
     # chordwise =  6   # spanwise = 11     First strip =501
     Surface area = 0.14669           ave. chord = 0.48128    
     CLsurf  =   0.000175     Clsurf  =  -0.000055
     CYsurf  =   0.000000     Cmsurf  =   0.000065
     CDsurf  =   0.000002     Cnsurf  =  -0.000002
     CDisurf =   0.000002     CDvsurf =   0.000000

  Forces referred to Ssurf, Cave about hinge axis thru LE
     cl_surf =   0.074289     cd_surf =   0.001024

 Strip Forces referred to strip area, chord
    j    xLE         yLE         zLE         Chord       Area        Dihedral   c cl        ai_ff       cl           clj         cd          cdv         cm_c/4     c.p.x/c      Dcj
   501   10.84       8.515       1.233      0.1680      0.5107E-02   0.000      0.2196E-01  0.8048E-01  0.1311       0.000     -0.3331E-02   0.000      0.6003E-02  0.2042       0.000    
   502   10.76       8.545       1.233      0.3954      0.1206E-01   0.000      0.3257E-01  0.8999E-01  0.8246E-01   0.000      0.2556E-03   0.000      0.7142E-02  0.1634       0.000    
   503   10.71       8.576       1.233      0.5223      0.1593E-01   0.000      0.3897E-01  0.9151E-01  0.7466E-01   0.000      0.9746E-03   0.000      0.7016E-02  0.1560       0.000    
   504   10.68       8.606       1.233      0.6217      0.1896E-01   0.000      0.4272E-01  0.9017E-01  0.6873E-01   0.000      0.1571E-02   0.000      0.6636E-02  0.1534       0.000    
   505   10.67       8.629       1.233      0.6824      0.1041E-01   0.000      0.4394E-01  0.8334E-01  0.6437E-01   0.000      0.2196E-02   0.000      0.6326E-02  0.1517       0.000    
   506   10.66       8.644       1.233      0.7152      0.1091E-01   0.000      0.4429E-01  0.6382E-01  0.6190E-01   0.000      0.2133E-02   0.000      0.6156E-02  0.1505       0.000    
   507   10.66       8.667       1.233      0.6988      0.2124E-01   0.000      0.4392E-01  0.1119      0.6284E-01   0.000      0.1926E-02   0.000      0.6276E-02  0.1501       0.000    
   508   10.68       8.698       1.233      0.6217      0.1896E-01   0.000      0.4180E-01  0.9670E-01  0.6725E-01   0.000      0.1519E-02   0.000      0.6607E-02  0.1518       0.000    
   509   10.71       8.728       1.233      0.5223      0.1593E-01   0.000      0.3796E-01  0.9260E-01  0.7273E-01   0.000      0.9600E-03   0.000      0.6976E-02  0.1541       0.000    
   510   10.76       8.759       1.233      0.3954      0.1206E-01   0.000      0.3176E-01  0.9021E-01  0.8042E-01   0.000      0.2900E-03   0.000      0.7107E-02  0.1616       0.000    
   511   10.84       8.789       1.233      0.1680      0.5124E-02   0.000      0.2150E-01  0.8102E-01  0.1283       0.000     -0.3076E-02   0.000      0.5980E-02  0.2034       0.000    

 Surface forces referred to Sref,Cref,Bref about Xmom,Ymom,Zmom
 Standard axis orientation,  X fwd, Z down         

  Surface #29     nacelle_5_vertical                      
     # chordwise =  6   # spanwise = 11     First strip =512
     Surface area = 0.14668           ave. chord = 0.48122    
     CLsurf  =  -0.000000     Clsurf  =  -0.000000
     CYsurf  =   0.000001     Cmsurf  =  -0.000000
     CDsurf  =  -0.000000     Cnsurf  =   0.000000
     CDisurf =  -0.000000     CDvsurf =   0.000000

  Forces referred to Ssurf, Cave about hinge axis thru LE
     cl_surf =  -0.000001     cd_surf =  -0.000003

 Strip Forces referred to strip area, chord
    j    xLE         yLE         zLE         Chord       Area        Dihedral   c cl        ai_ff       cl           clj         cd          cdv         cm_c/4     c.p.x/c      Dcj
   512   10.84       8.652       1.095      0.1680      0.5124E-02   90.00     -0.4131E-03  0.1457E-01 -0.2459E-02   0.000     -0.7597E-05   0.000     -0.9981E-03 -0.1559       0.000    
   513   10.76       8.652       1.126      0.3954      0.1206E-01   90.00     -0.9590E-03  0.1387E-01 -0.2425E-02   0.000     -0.3298E-05   0.000     -0.4757E-03  0.5384E-01   0.000    
   514   10.71       8.652       1.156      0.5223      0.1588E-01   90.00     -0.1585E-02  0.1209E-01 -0.3035E-02   0.000     -0.4189E-05   0.000     -0.5184E-03  0.7922E-01   0.000    
   515   10.68       8.652       1.187      0.6217      0.1896E-01   90.00     -0.2667E-02 -0.6206E-03 -0.4289E-02   0.000     -0.6087E-05   0.000     -0.7124E-03  0.8391E-01   0.000    
   516   10.66       8.652       1.217      0.6988      0.2131E-01   90.00     -0.2513E-02 -0.3620E-02 -0.3595E-02   0.000     -0.1383E-05   0.000     -0.5665E-03  0.9245E-01   0.000    
   517   10.66       8.652       1.240      0.7152      0.1091E-01   90.00     -0.7091E-04  0.1944E-01 -0.9915E-04   0.000      0.6573E-07   0.000      0.4613E-04  0.7152       0.000    
   518   10.67       8.652       1.255      0.6824      0.1041E-01   90.00      0.1955E-02  0.4051E-01  0.2865E-02   0.000      0.5009E-07   0.000      0.9552E-04  0.2167       0.000    
   519   10.68       8.652       1.278      0.6217      0.1896E-01   90.00      0.2241E-02  0.2901E-01  0.3605E-02   0.000     -0.2962E-05   0.000      0.4445E-04  0.2377       0.000    
   520   10.71       8.652       1.309      0.5223      0.1588E-01   90.00      0.1173E-02  0.1693E-01  0.2246E-02   0.000     -0.1436E-05   0.000     -0.2542E-04  0.2613       0.000    
   521   10.76       8.652       1.339      0.3954      0.1206E-01   90.00      0.6614E-03  0.1776E-01  0.1673E-02   0.000     -0.7668E-06   0.000     -0.7455E-04  0.2946       0.000    
   522   10.84       8.652       1.370      0.1680      0.5124E-02   90.00      0.3813E-03  0.3669E-01  0.2270E-02   0.000     -0.1175E-05   0.000     -0.3710E-03  0.4134       0.000    

 Surface forces referred to Sref,Cref,Bref about Xmom,Ymom,Zmom
 Standard axis orientation,  X fwd, Z down         

  Surface #30     nacelle_6_horizontal                    
     # chordwise =  6   # spanwise = 11     First strip =523
     Surface area = 0.14669           ave. chord = 0.48126    
     CLsurf  =   0.000174     Clsurf  =  -0.000065
     CYsurf  =   0.000000     Cmsurf  =   0.000059
     CDsurf  =   0.000003     Cnsurf  =  -0.000002
     CDisurf =   0.000003     CDvsurf =   0.000000

  Forces referred to Ssurf, Cave about hinge axis thru LE
     cl_surf =   0.073877     cd_surf =   0.001212

 Strip Forces referred to strip area, chord
    j    xLE         yLE         zLE         Chord       Area        Dihedral   c cl        ai_ff       cl           clj         cd          cdv         cm_c/4     c.p.x/c      Dcj
   523   10.92       10.12       1.233      0.1680      0.5124E-02   0.000      0.2175E-01  0.7656E-01  0.1298       0.000     -0.2851E-02   0.000      0.5515E-02  0.2075       0.000    
   524   10.84       10.15       1.233      0.3954      0.1206E-01   0.000      0.3241E-01  0.8752E-01  0.8203E-01   0.000      0.5250E-03   0.000      0.6464E-02  0.1712       0.000    
   525   10.79       10.18       1.233      0.5223      0.1588E-01   0.000      0.3880E-01  0.8952E-01  0.7433E-01   0.000      0.1185E-02   0.000      0.6340E-02  0.1647       0.000    
   526   10.76       10.21       1.233      0.6217      0.1896E-01   0.000      0.4253E-01  0.8872E-01  0.6841E-01   0.000      0.1725E-02   0.000      0.6008E-02  0.1622       0.000    
   527   10.75       10.24       1.233      0.6824      0.1041E-01   0.000      0.4374E-01  0.8236E-01  0.6407E-01   0.000      0.2289E-02   0.000      0.5741E-02  0.1604       0.000    
   528   10.74       10.25       1.233      0.7152      0.1091E-01   0.000      0.4410E-01  0.6332E-01  0.6163E-01   0.000      0.2185E-02   0.000      0.5594E-02  0.1592       0.000    
   529   10.74       10.27       1.233      0.6988      0.2131E-01   0.000      0.4375E-01  0.1125      0.6258E-01   0.000      0.2019E-02   0.000      0.5697E-02  0.1590       0.000    
   530   10.76       10.31       1.233      0.6217      0.1896E-01   0.000      0.4163E-01  0.9798E-01  0.6697E-01   0.000      0.1674E-02   0.000      0.5960E-02  0.1610       0.000    
   531   10.79       10.34       1.233      0.5223      0.1593E-01   0.000      0.3778E-01  0.9417E-01  0.7238E-01   0.000      0.1173E-02   0.000      0.6263E-02  0.1635       0.000    
   532   10.84       10.37       1.233      0.3954      0.1202E-01   0.000      0.3156E-01  0.9170E-01  0.7989E-01   0.000      0.5583E-03   0.000      0.6368E-02  0.1703       0.000    
   533   10.92       10.40       1.233      0.1680      0.5124E-02   0.000      0.2123E-01  0.8079E-01  0.1267       0.000     -0.2597E-02   0.000      0.5429E-02  0.2071       0.000    

 Surface forces referred to Sref,Cref,Bref about Xmom,Ymom,Zmom
 Standard axis orientation,  X fwd, Z down         

  Surface #31     nacelle_6_vertical                      
     # chordwise =  6   # spanwise = 11     First strip =534
     Surface area = 0.14668           ave. chord = 0.48122    
     CLsurf  =  -0.000000     Clsurf  =  -0.000000
     CYsurf  =   0.000002     Cmsurf  =  -0.000000
     CDsurf  =  -0.000000     Cnsurf  =   0.000000
     CDisurf =  -0.000000     CDvsurf =   0.000000

  Forces referred to Ssurf, Cave about hinge axis thru LE
     cl_surf =  -0.000002     cd_surf =  -0.000003

 Strip Forces referred to strip area, chord
    j    xLE         yLE         zLE         Chord       Area        Dihedral   c cl        ai_ff       cl           clj         cd          cdv         cm_c/4     c.p.x/c      Dcj
   534   10.92       10.26       1.095      0.1680      0.5124E-02   90.00     -0.5215E-03  0.1673E-01 -0.3104E-02   0.000     -0.1186E-04   0.000     -0.1239E-02 -0.1490       0.000    
   535   10.84       10.26       1.126      0.3954      0.1206E-01   90.00     -0.1173E-02  0.1552E-01 -0.2966E-02   0.000     -0.4544E-05   0.000     -0.5240E-03  0.7336E-01   0.000    
   536   10.79       10.26       1.156      0.5223      0.1588E-01   90.00     -0.1849E-02  0.1337E-01 -0.3541E-02   0.000     -0.5029E-05   0.000     -0.5231E-03  0.1023       0.000    
   537   10.76       10.26       1.187      0.6217      0.1896E-01   90.00     -0.2953E-02  0.2602E-03 -0.4750E-02   0.000     -0.6544E-05   0.000     -0.6825E-03  0.1063       0.000    
   538   10.74       10.26       1.217      0.6988      0.2131E-01   90.00     -0.2803E-02 -0.3296E-02 -0.4011E-02   0.000     -0.1647E-05   0.000     -0.5296E-03  0.1180       0.000    
   539   10.74       10.26       1.240      0.7152      0.1091E-01   90.00     -0.3821E-03  0.1937E-01 -0.5342E-03   0.000      0.6217E-08   0.000      0.9571E-04  0.4291       0.000    
   540   10.75       10.26       1.255      0.6824      0.1041E-01   90.00      0.1660E-02  0.3982E-01  0.2433E-02   0.000      0.1565E-06   0.000      0.1212E-03  0.2002       0.000    
   541   10.76       10.26       1.278      0.6217      0.1896E-01   90.00      0.1983E-02  0.2740E-01  0.3189E-02   0.000     -0.2342E-05   0.000      0.6708E-04  0.2290       0.000    
   542   10.79       10.26       1.309      0.5223      0.1588E-01   90.00      0.9707E-03  0.1302E-01  0.1859E-02   0.000     -0.1036E-05   0.000      0.6005E-05  0.2468       0.000    
   543   10.84       10.26       1.339      0.3954      0.1206E-01   90.00      0.5168E-03  0.8583E-02  0.1307E-02   0.000     -0.4850E-06   0.000     -0.3982E-04  0.2805       0.000    
   544   10.92       10.26       1.370      0.1680      0.5124E-02   90.00      0.2931E-03  0.4420E-02  0.1744E-02   0.000     -0.6990E-06   0.000     -0.2789E-03  0.4099       0.000    

 Surface forces referred to Sref,Cref,Bref about Xmom,Ymom,Zmom
 Standard axis orientation,  X fwd, Z down         

  Surface #32     nacelle_7_horizontal                    
     # chordwise =  6   # spanwise = 11     First strip =545
     Surface area = 0.14670           ave. chord = 0.48131    
     CLsurf  =   0.000120     Clsurf  =   0.000010
     CYsurf  =  -0.000000     Cmsurf  =   0.000057
     CDsurf  =   0.000001     Cnsurf  =   0.000000
     CDisurf =   0.000001     CDvsurf =   0.000000

  Forces referred to Ssurf, Cave about hinge axis thru LE
     cl_surf =   0.050864     cd_surf =   0.000602

 Strip Forces referred to strip area, chord
    j    xLE         yLE         zLE         Chord       Area        Dihedral   c cl        ai_ff       cl           clj         cd          cdv         cm_c/4     c.p.x/c      Dcj
   545   10.60      -2.359       1.233      0.1680      0.5124E-02   0.000      0.1660E-01  0.1375      0.9901E-01   0.000     -0.1541E-02   0.000      0.5955E-02  0.1899       0.000    
   546   10.52      -2.329       1.233      0.3954      0.1206E-01   0.000      0.2251E-01  0.1245      0.5700E-01   0.000      0.2539E-03   0.000      0.5791E-02  0.1484       0.000    
   547   10.47      -2.298       1.233      0.5223      0.1593E-01   0.000      0.2575E-01  0.1150      0.4934E-01   0.000      0.6028E-03   0.000      0.5209E-02  0.1444       0.000    
   548   10.44      -2.268       1.233      0.6217      0.1890E-01   0.000      0.2823E-01  0.1364      0.4543E-01   0.000      0.8944E-03   0.000      0.4728E-02  0.1459       0.000    
   549   10.43      -2.237       1.233      0.6988      0.2131E-01   0.000      0.2828E-01  0.1435      0.4047E-01   0.000      0.1066E-02   0.000      0.4193E-02  0.1464       0.000    
   550   10.42      -2.214       1.233      0.7152      0.1091E-01   0.000      0.2611E-01 -0.2697E-01  0.3650E-01   0.000      0.1031E-02   0.000      0.3758E-02  0.1470       0.000    
   551   10.43      -2.199       1.233      0.6824      0.1041E-01   0.000      0.2641E-01  0.1324E-01  0.3870E-01   0.000      0.1146E-02   0.000      0.3929E-02  0.1485       0.000    
   552   10.44      -2.176       1.233      0.6217      0.1896E-01   0.000      0.2882E-01  0.1202      0.4637E-01   0.000      0.9840E-03   0.000      0.4666E-02  0.1494       0.000    
   553   10.47      -2.146       1.233      0.5223      0.1593E-01   0.000      0.2784E-01  0.1370      0.5335E-01   0.000      0.5799E-03   0.000      0.5337E-02  0.1500       0.000    
   554   10.52      -2.115       1.233      0.3954      0.1206E-01   0.000      0.2356E-01  0.1229      0.5966E-01   0.000      0.1970E-03   0.000      0.5687E-02  0.1547       0.000    
   555   10.60      -2.085       1.233      0.1680      0.5107E-02   0.000      0.1675E-01  0.1314      0.9993E-01   0.000     -0.1861E-02   0.000      0.5367E-02  0.1963       0.000    

 Surface forces referred to Sref,Cref,Bref about Xmom,Ymom,Zmom
 Standard axis orientation,  X fwd, Z down         

  Surface #33     nacelle_7_vertical                      
     # chordwise =  6   # spanwise = 11     First strip =556
     Surface area = 0.14668           ave. chord = 0.48122    
     CLsurf  =   0.000000     Clsurf  =  -0.000000
     CYsurf  =   0.000015     Cmsurf  =   0.000000
     CDsurf  =  -0.000000     Cnsurf  =   0.000001
     CDisurf =  -0.000000     CDvsurf =   0.000000

  Forces referred to Ssurf, Cave about hinge axis thru LE
     cl_surf =   0.000015     cd_surf =  -0.000032

 Strip Forces referred to strip area, chord
    j    xLE         yLE         zLE         Chord       Area        Dihedral   c cl        ai_ff       cl           clj         cd          cdv         cm_c/4     c.p.x/c      Dcj
   556   10.60      -2.222       1.095      0.1680      0.5124E-02   90.00     -0.1261E-02 -0.7930E-02 -0.7506E-02   0.000     -0.1098E-03   0.000     -0.3499E-02 -0.2162       0.000    
   557   10.52      -2.222       1.126      0.3954      0.1206E-01   90.00     -0.2021E-02 -0.7010E-02 -0.5110E-02   0.000     -0.3824E-04   0.000     -0.1383E-02 -0.2057E-01   0.000    
   558   10.47      -2.222       1.156      0.5223      0.1588E-01   90.00     -0.2026E-02 -0.4430E-02 -0.3879E-02   0.000     -0.2133E-04   0.000     -0.9432E-03  0.6873E-02   0.000    
   559   10.44      -2.222       1.187      0.6217      0.1896E-01   90.00     -0.1207E-02  0.2275E-01 -0.1942E-02   0.000     -0.7490E-05   0.000     -0.4661E-03  0.1003E-01   0.000    
   560   10.43      -2.222       1.217      0.6988      0.2131E-01   90.00     -0.1222E-02  0.5327E-01 -0.1749E-02   0.000     -0.6582E-05   0.000     -0.3603E-03  0.4400E-01   0.000    
   561   10.42      -2.222       1.240      0.7152      0.1091E-01   90.00     -0.3966E-02 -0.4878E-01 -0.5545E-02   0.000     -0.1422E-04   0.000     -0.1785E-03  0.2178       0.000    
   562   10.43      -2.222       1.255      0.6824      0.1041E-01   90.00     -0.5987E-02 -0.5512E-01 -0.8774E-02   0.000     -0.2330E-04   0.000     -0.2502E-03  0.2215       0.000    
   563   10.44      -2.222       1.278      0.6217      0.1896E-01   90.00     -0.6450E-02 -0.3029E-01 -0.1038E-01   0.000     -0.4383E-04   0.000     -0.1704E-03  0.2336       0.000    
   564   10.47      -2.222       1.309      0.5223      0.1588E-01   90.00     -0.5069E-02 -0.7795E-04 -0.9704E-02   0.000     -0.4625E-04   0.000     -0.1727E-04  0.2482       0.000    
   565   10.52      -2.222       1.339      0.3954      0.1206E-01   90.00     -0.3980E-02  0.8585E-02 -0.1006E-01   0.000     -0.4990E-04   0.000      0.2309E-03  0.2729       0.000    
   566   10.60      -2.222       1.370      0.1680      0.5124E-02   90.00     -0.3106E-02  0.3723E-02 -0.1849E-01   0.000     -0.1040E-03   0.000      0.2634E-02  0.3925       0.000    

 Surface forces referred to Sref,Cref,Bref about Xmom,Ymom,Zmom
 Standard axis orientation,  X fwd, Z down         

  Surface #34     nacelle_8_horizontal                    
     # chordwise =  6   # spanwise = 11     First strip =567
     Surface area = 0.14668           ave. chord = 0.48123    
     CLsurf  =   0.000182     Clsurf  =   0.000025
     CYsurf  =  -0.000000     Cmsurf  =   0.000085
     CDsurf  =   0.000002     Cnsurf  =   0.000001
     CDisurf =   0.000002     CDvsurf =   0.000000

  Forces referred to Ssurf, Cave about hinge axis thru LE
     cl_surf =   0.077270     cd_surf =   0.000874

 Strip Forces referred to strip area, chord
    j    xLE         yLE         zLE         Chord       Area        Dihedral   c cl        ai_ff       cl           clj         cd          cdv         cm_c/4     c.p.x/c      Dcj
   567   10.62      -3.967       1.233      0.1680      0.5124E-02   0.000      0.2245E-01  0.8744E-01  0.1340       0.000     -0.3708E-02   0.000      0.6416E-02  0.2021       0.000    
   568   10.53      -3.936       1.233      0.3954      0.1202E-01   0.000      0.3305E-01  0.9654E-01  0.8368E-01   0.000      0.5104E-04   0.000      0.7570E-02  0.1595       0.000    
   569   10.49      -3.906       1.233      0.5223      0.1593E-01   0.000      0.3943E-01  0.9874E-01  0.7556E-01   0.000      0.8019E-03   0.000      0.7445E-02  0.1515       0.000    
   570   10.46      -3.875       1.233      0.6217      0.1896E-01   0.000      0.4336E-01  0.1024      0.6976E-01   0.000      0.1427E-02   0.000      0.7056E-02  0.1489       0.000    
   571   10.44      -3.845       1.233      0.6988      0.2131E-01   0.000      0.4556E-01  0.1180      0.6518E-01   0.000      0.1892E-02   0.000      0.6704E-02  0.1472       0.000    
   572   10.44      -3.822       1.233      0.7152      0.1091E-01   0.000      0.4603E-01  0.6863E-01  0.6433E-01   0.000      0.2139E-02   0.000      0.6591E-02  0.1476       0.000    
   573   10.44      -3.807       1.233      0.6824      0.1041E-01   0.000      0.4576E-01  0.8972E-01  0.6704E-01   0.000      0.2193E-02   0.000      0.6779E-02  0.1489       0.000    
   574   10.46      -3.784       1.233      0.6217      0.1890E-01   0.000      0.4449E-01  0.9652E-01  0.7159E-01   0.000      0.1484E-02   0.000      0.7093E-02  0.1509       0.000    
   575   10.49      -3.753       1.233      0.5223      0.1593E-01   0.000      0.4057E-01  0.9764E-01  0.7775E-01   0.000      0.8107E-03   0.000      0.7470E-02  0.1539       0.000    
   576   10.53      -3.723       1.233      0.3954      0.1206E-01   0.000      0.3391E-01  0.9617E-01  0.8587E-01   0.000      0.2613E-05   0.000      0.7564E-02  0.1619       0.000    
   577   10.62      -3.692       1.233      0.1680      0.5124E-02   0.000      0.2286E-01  0.8660E-01  0.1365       0.000     -0.4041E-02   0.000      0.6259E-02  0.2041       0.000    

 Surface forces referred to Sref,Cref,Bref about Xmom,Ymom,Zmom
 Standard axis orientation,  X fwd, Z down         

  Surface #35     nacelle_8_vertical                      
     # chordwise =  6   # spanwise = 11     First strip =578
     Surface area = 0.14668           ave. chord = 0.48122    
     CLsurf  =   0.000000     Clsurf  =  -0.000000
     CYsurf  =   0.000004     Cmsurf  =   0.000000
     CDsurf  =  -0.000000     Cnsurf  =   0.000000
     CDisurf =  -0.000000     CDvsurf =   0.000000

  Forces referred to Ssurf, Cave about hinge axis thru LE
     cl_surf =   0.000006     cd_surf =  -0.000004

 Strip Forces referred to strip area, chord
    j    xLE         yLE         zLE         Chord       Area        Dihedral   c cl        ai_ff       cl           clj         cd          cdv         cm_c/4     c.p.x/c      Dcj
   578   10.62      -3.829       1.095      0.1680      0.5124E-02   90.00     -0.6258E-04 -0.7262E-02 -0.3725E-03   0.000     -0.6336E-06   0.000     -0.2491E-03 -0.4186       0.000    
   579   10.53      -3.829       1.126      0.3954      0.1206E-01   90.00      0.9621E-04 -0.6870E-02  0.2433E-03   0.000     -0.1195E-06   0.000     -0.6175E-04  0.5038       0.000    
   580   10.49      -3.829       1.156      0.5223      0.1588E-01   90.00      0.5522E-03 -0.5001E-02  0.1057E-02   0.000     -0.2186E-06   0.000      0.8535E-04  0.1693       0.000    
   581   10.46      -3.829       1.187      0.6217      0.1896E-01   90.00      0.1563E-02  0.8271E-02  0.2514E-02   0.000     -0.1285E-05   0.000      0.3545E-03  0.1090       0.000    
   582   10.44      -3.829       1.217      0.6988      0.2131E-01   90.00      0.1306E-02  0.1091E-01  0.1868E-02   0.000      0.3283E-06   0.000      0.2381E-03  0.1226       0.000    
   583   10.44      -3.829       1.240      0.7152      0.1091E-01   90.00     -0.1526E-02 -0.1138E-01 -0.2134E-02   0.000     -0.6065E-06   0.000     -0.1253E-03  0.1913       0.000    
   584   10.44      -3.829       1.255      0.6824      0.1041E-01   90.00     -0.3647E-02 -0.3398E-01 -0.5344E-02   0.000     -0.2605E-05   0.000     -0.1861E-03  0.2152       0.000    
   585   10.46      -3.829       1.278      0.6217      0.1896E-01   90.00     -0.3933E-02 -0.2214E-01 -0.6326E-02   0.000     -0.1058E-04   0.000     -0.1098E-03  0.2326       0.000    
   586   10.49      -3.829       1.309      0.5223      0.1588E-01   90.00     -0.2694E-02 -0.8942E-02 -0.5158E-02   0.000     -0.8805E-05   0.000      0.1365E-04  0.2526       0.000    
   587   10.53      -3.829       1.339      0.3954      0.1206E-01   90.00     -0.1946E-02 -0.7310E-02 -0.4922E-02   0.000     -0.8420E-05   0.000      0.1655E-03  0.2836       0.000    
   588   10.62      -3.829       1.370      0.1680      0.5124E-02   90.00     -0.1361E-02 -0.7729E-02 -0.8101E-02   0.000     -0.1698E-04   0.000      0.1262E-02  0.4058       0.000    

 Surface forces referred to Sref,Cref,Bref about Xmom,Ymom,Zmom
 Standard axis orientation,  X fwd, Z down         

  Surface #36     nacelle_9_horizontal                    
     # chordwise =  6   # spanwise = 11     First strip =589
     Surface area = 0.14669           ave. chord = 0.48128    
     CLsurf  =   0.000181     Clsurf  =   0.000036
     CYsurf  =   0.000000     Cmsurf  =   0.000079
     CDsurf  =   0.000002     Cnsurf  =   0.000001
     CDisurf =   0.000002     CDvsurf =   0.000000

  Forces referred to Ssurf, Cave about hinge axis thru LE
     cl_surf =   0.076766     cd_surf =   0.000931

 Strip Forces referred to strip area, chord
    j    xLE         yLE         zLE         Chord       Area        Dihedral   c cl        ai_ff       cl           clj         cd          cdv         cm_c/4     c.p.x/c      Dcj
   589   10.68      -5.574       1.233      0.1680      0.5124E-02   0.000      0.2267E-01  0.8393E-01  0.1353       0.000     -0.3785E-02   0.000      0.6252E-02  0.2038       0.000    
   590   10.60      -5.544       1.233      0.3954      0.1206E-01   0.000      0.3359E-01  0.9360E-01  0.8505E-01   0.000      0.9906E-04   0.000      0.7440E-02  0.1625       0.000    
   591   10.56      -5.513       1.233      0.5223      0.1593E-01   0.000      0.4019E-01  0.9516E-01  0.7700E-01   0.000      0.8771E-03   0.000      0.7311E-02  0.1550       0.000    
   592   10.52      -5.483       1.233      0.6217      0.1896E-01   0.000      0.4407E-01  0.9383E-01  0.7090E-01   0.000      0.1525E-02   0.000      0.6911E-02  0.1525       0.000    
   593   10.51      -5.460       1.233      0.6824      0.1037E-01   0.000      0.4536E-01  0.8695E-01  0.6644E-01   0.000      0.2207E-02   0.000      0.6585E-02  0.1509       0.000    
   594   10.50      -5.445       1.233      0.7152      0.1087E-01   0.000      0.4575E-01  0.6708E-01  0.6394E-01   0.000      0.2153E-02   0.000      0.6409E-02  0.1498       0.000    
   595   10.51      -5.422       1.233      0.6988      0.2131E-01   0.000      0.4542E-01  0.1163      0.6498E-01   0.000      0.1922E-02   0.000      0.6536E-02  0.1494       0.000    
   596   10.52      -5.391       1.233      0.6217      0.1896E-01   0.000      0.4326E-01  0.1010      0.6960E-01   0.000      0.1473E-02   0.000      0.6875E-02  0.1512       0.000    
   597   10.56      -5.361       1.233      0.5223      0.1593E-01   0.000      0.3930E-01  0.9684E-01  0.7529E-01   0.000      0.8581E-03   0.000      0.7250E-02  0.1537       0.000    
   598   10.60      -5.330       1.233      0.3954      0.1206E-01   0.000      0.3288E-01  0.9447E-01  0.8326E-01   0.000      0.1212E-03   0.000      0.7375E-02  0.1614       0.000    
   599   10.68      -5.300       1.233      0.1680      0.5107E-02   0.000      0.2224E-01  0.8500E-01  0.1328       0.000     -0.3607E-02   0.000      0.6194E-02  0.2033       0.000    

 Surface forces referred to Sref,Cref,Bref about Xmom,Ymom,Zmom
 Standard axis orientation,  X fwd, Z down         

  Surface #37     nacelle_9_vertical                      
     # chordwise =  6   # spanwise = 11     First strip =600
     Surface area = 0.14668           ave. chord = 0.48122    
     CLsurf  =  -0.000000     Clsurf  =  -0.000000
     CYsurf  =   0.000002     Cmsurf  =  -0.000000
     CDsurf  =  -0.000000     Cnsurf  =   0.000000
     CDisurf =  -0.000000     CDvsurf =   0.000000

  Forces referred to Ssurf, Cave about hinge axis thru LE
     cl_surf =  -0.000002     cd_surf =  -0.000003

 Strip Forces referred to strip area, chord
    j    xLE         yLE         zLE         Chord       Area        Dihedral   c cl        ai_ff       cl           clj         cd          cdv         cm_c/4     c.p.x/c      Dcj
   600   10.68      -5.437       1.095      0.1680      0.5124E-02   90.00     -0.4137E-03 -0.1058E-01 -0.2462E-02   0.000     -0.7900E-05   0.000     -0.1019E-02 -0.1637       0.000    
   601   10.60      -5.437       1.126      0.3954      0.1206E-01   90.00     -0.9731E-03 -0.1132E-01 -0.2461E-02   0.000     -0.3850E-05   0.000     -0.5266E-03  0.3601E-01   0.000    
   602   10.56      -5.437       1.156      0.5223      0.1588E-01   90.00     -0.1636E-02 -0.1329E-01 -0.3133E-02   0.000     -0.5126E-05   0.000     -0.5912E-03  0.6130E-01   0.000    
   603   10.52      -5.437       1.187      0.6217      0.1896E-01   90.00     -0.2785E-02 -0.2665E-01 -0.4480E-02   0.000     -0.7568E-05   0.000     -0.8066E-03  0.6995E-01   0.000    
   604   10.51      -5.437       1.217      0.6988      0.2131E-01   90.00     -0.2678E-02 -0.3030E-01 -0.3832E-02   0.000     -0.2110E-05   0.000     -0.6668E-03  0.7599E-01   0.000    
   605   10.50      -5.437       1.240      0.7152      0.1091E-01   90.00     -0.2217E-03 -0.5408E-02 -0.3100E-03   0.000     -0.6726E-07   0.000     -0.2852E-05  0.2408       0.000    
   606   10.51      -5.437       1.255      0.6824      0.1041E-01   90.00      0.1835E-02  0.1596E-01  0.2689E-02   0.000      0.2793E-06   0.000      0.5149E-04  0.2309       0.000    
   607   10.52      -5.437       1.278      0.6217      0.1896E-01   90.00      0.2073E-02  0.3359E-02  0.3335E-02   0.000     -0.2193E-05   0.000      0.3349E-05  0.2490       0.000    
   608   10.56      -5.437       1.309      0.5223      0.1588E-01   90.00      0.9270E-03 -0.1041E-01  0.1775E-02   0.000     -0.7045E-06   0.000     -0.5834E-04  0.2829       0.000    
   609   10.60      -5.437       1.339      0.3954      0.1206E-01   90.00      0.3887E-03 -0.1402E-01  0.9830E-03   0.000     -0.1423E-06   0.000     -0.8191E-04  0.3333       0.000    
   610   10.68      -5.437       1.370      0.1680      0.5124E-02   90.00      0.1251E-03 -0.2679E-01  0.7444E-03   0.000     -0.5850E-07   0.000     -0.1596E-03  0.4644       0.000    

 Surface forces referred to Sref,Cref,Bref about Xmom,Ymom,Zmom
 Standard axis orientation,  X fwd, Z down         

  Surface #38     nacelle_10_horizontal                   
     # chordwise =  6   # spanwise = 11     First strip =611
     Surface area = 0.14668           ave. chord = 0.48123    
     CLsurf  =   0.000178     Clsurf  =   0.000046
     CYsurf  =   0.000000     Cmsurf  =   0.000072
     CDsurf  =   0.000002     Cnsurf  =   0.000002
     CDisurf =   0.000002     CDvsurf =   0.000000

  Forces referred to Ssurf, Cave about hinge axis thru LE
     cl_surf =   0.075773     cd_surf =   0.000973

 Strip Forces referred to strip area, chord
    j    xLE         yLE         zLE         Chord       Area        Dihedral   c cl        ai_ff       cl           clj         cd          cdv         cm_c/4     c.p.x/c      Dcj
   611   10.76      -7.182       1.233      0.1680      0.5124E-02   0.000      0.2236E-01  0.8175E-01  0.1335       0.000     -0.3575E-02   0.000      0.6132E-02  0.2040       0.000    
   612   10.68      -7.151       1.233      0.3954      0.1202E-01   0.000      0.3313E-01  0.9135E-01  0.8388E-01   0.000      0.1664E-03   0.000      0.7302E-02  0.1629       0.000    
   613   10.63      -7.121       1.233      0.5223      0.1593E-01   0.000      0.3965E-01  0.9293E-01  0.7597E-01   0.000      0.9216E-03   0.000      0.7180E-02  0.1555       0.000    
   614   10.60      -7.090       1.233      0.6217      0.1896E-01   0.000      0.4350E-01  0.9177E-01  0.6999E-01   0.000      0.1546E-02   0.000      0.6789E-02  0.1530       0.000    
   615   10.59      -7.067       1.233      0.6824      0.1041E-01   0.000      0.4479E-01  0.8518E-01  0.6561E-01   0.000      0.2204E-02   0.000      0.6470E-02  0.1514       0.000    
   616   10.58      -7.052       1.233      0.7152      0.1091E-01   0.000      0.4516E-01  0.6566E-01  0.6312E-01   0.000      0.2145E-02   0.000      0.6295E-02  0.1503       0.000    
   617   10.59      -7.029       1.233      0.6988      0.2131E-01   0.000      0.4482E-01  0.1135      0.6412E-01   0.000      0.1926E-02   0.000      0.6416E-02  0.1499       0.000    
   618   10.60      -6.999       1.233      0.6217      0.1890E-01   0.000      0.4269E-01  0.9852E-01  0.6869E-01   0.000      0.1495E-02   0.000      0.6752E-02  0.1517       0.000    
   619   10.63      -6.968       1.233      0.5223      0.1593E-01   0.000      0.3880E-01  0.9455E-01  0.7434E-01   0.000      0.9032E-03   0.000      0.7128E-02  0.1541       0.000    
   620   10.68      -6.938       1.233      0.3954      0.1206E-01   0.000      0.3248E-01  0.9216E-01  0.8224E-01   0.000      0.1919E-03   0.000      0.7260E-02  0.1617       0.000    
   621   10.76      -6.907       1.233      0.1680      0.5124E-02   0.000      0.2199E-01  0.8275E-01  0.1313       0.000     -0.3388E-02   0.000      0.6124E-02  0.2033       0.000    

 Surface forces referred to Sref,Cref,Bref about Xmom,Ymom,Zmom
 Standard axis orientation,  X fwd, Z down         

  Surface #39     nacelle_10_vertical                     
     # chordwise =  6   # spanwise = 11     First strip =622
     Surface area = 0.14668           ave. chord = 0.48122    
     CLsurf  =  -0.000000     Clsurf  =  -0.000000
     CYsurf  =   0.000001     Cmsurf  =  -0.000000
     CDsurf  =  -0.000000     Cnsurf  =   0.000000
     CDisurf =  -0.000000     CDvsurf =   0.000000

  Forces referred to Ssurf, Cave about hinge axis thru LE
     cl_surf =  -0.000001     cd_surf =  -0.000002

 Strip Forces referred to strip area, chord
    j    xLE         yLE         zLE         Chord       Area        Dihedral   c cl        ai_ff       cl           clj         cd          cdv         cm_c/4     c.p.x/c      Dcj
   622   10.76      -7.045       1.095      0.1680      0.5124E-02   90.00     -0.2953E-03 -0.1221E-01 -0.1758E-02   0.000     -0.3826E-05   0.000     -0.7151E-03 -0.1568       0.000    
   623   10.68      -7.045       1.126      0.3954      0.1206E-01   90.00     -0.7497E-03 -0.1282E-01 -0.1896E-02   0.000     -0.2116E-05   0.000     -0.3975E-03  0.4035E-01   0.000    
   624   10.63      -7.045       1.156      0.5223      0.1588E-01   90.00     -0.1353E-02 -0.1472E-01 -0.2590E-02   0.000     -0.3364E-05   0.000     -0.4839E-03  0.6316E-01   0.000    
   625   10.60      -7.045       1.187      0.6217      0.1896E-01   90.00     -0.2453E-02 -0.2783E-01 -0.3946E-02   0.000     -0.5669E-05   0.000     -0.7093E-03  0.7025E-01   0.000    
   626   10.59      -7.045       1.217      0.6988      0.2131E-01   90.00     -0.2320E-02 -0.3121E-01 -0.3320E-02   0.000     -0.1291E-05   0.000     -0.5792E-03  0.7554E-01   0.000    
   627   10.58      -7.045       1.240      0.7152      0.1091E-01   90.00      0.1461E-03 -0.7247E-02  0.2042E-03   0.000      0.6393E-07   0.000      0.5671E-05  0.2222       0.000    
   628   10.59      -7.045       1.255      0.6824      0.1041E-01   90.00      0.2161E-02  0.1381E-01  0.3167E-02   0.000      0.2176E-07   0.000      0.5869E-04  0.2315       0.000    
   629   10.60      -7.045       1.278      0.6217      0.1896E-01   90.00      0.2393E-02  0.1533E-02  0.3850E-02   0.000     -0.3101E-05   0.000      0.7079E-05  0.2482       0.000    
   630   10.63      -7.045       1.309      0.5223      0.1588E-01   90.00      0.1236E-02 -0.1220E-01  0.2366E-02   0.000     -0.1399E-05   0.000     -0.6167E-04  0.2761       0.000    
   631   10.68      -7.045       1.339      0.3954      0.1206E-01   90.00      0.6568E-03 -0.1649E-01  0.1661E-02   0.000     -0.6201E-06   0.000     -0.1039E-03  0.3126       0.000    
   632   10.76      -7.045       1.370      0.1680      0.5124E-02   90.00      0.3312E-03 -0.3423E-01  0.1971E-02   0.000     -0.7642E-06   0.000     -0.3463E-03  0.4257       0.000    

 Surface forces referred to Sref,Cref,Bref about Xmom,Ymom,Zmom
 Standard axis orientation,  X fwd, Z down         

  Surface #40     nacelle_11_horizontal                   
     # chordwise =  6   # spanwise = 11     First strip =633
     Surface area = 0.14669           ave. chord = 0.48128    
     CLsurf  =   0.000175     Clsurf  =   0.000055
     CYsurf  =   0.000000     Cmsurf  =   0.000065
     CDsurf  =   0.000002     Cnsurf  =   0.000002
     CDisurf =   0.000002     CDvsurf =   0.000000

  Forces referred to Ssurf, Cave about hinge axis thru LE
     cl_surf =   0.074299     cd_surf =   0.001024

 Strip Forces referred to strip area, chord
    j    xLE         yLE         zLE         Chord       Area        Dihedral   c cl        ai_ff       cl           clj         cd          cdv         cm_c/4     c.p.x/c      Dcj
   633   10.84      -8.789       1.233      0.1680      0.5124E-02   0.000      0.2191E-01  0.8029E-01  0.1308       0.000     -0.3281E-02   0.000      0.5984E-02  0.2042       0.000    
   634   10.76      -8.759       1.233      0.3954      0.1206E-01   0.000      0.3249E-01  0.8972E-01  0.8226E-01   0.000      0.2653E-03   0.000      0.7142E-02  0.1632       0.000    
   635   10.71      -8.728       1.233      0.5223      0.1593E-01   0.000      0.3889E-01  0.9127E-01  0.7451E-01   0.000      0.9780E-03   0.000      0.7020E-02  0.1558       0.000    
   636   10.68      -8.698       1.233      0.6217      0.1896E-01   0.000      0.4267E-01  0.9015E-01  0.6865E-01   0.000      0.1571E-02   0.000      0.6639E-02  0.1533       0.000    
   637   10.67      -8.675       1.233      0.6824      0.1037E-01   0.000      0.4393E-01  0.8366E-01  0.6434E-01   0.000      0.2197E-02   0.000      0.6328E-02  0.1516       0.000    
   638   10.66      -8.660       1.233      0.7152      0.1087E-01   0.000      0.4428E-01  0.6429E-01  0.6189E-01   0.000      0.2135E-02   0.000      0.6157E-02  0.1505       0.000    
   639   10.66      -8.637       1.233      0.6988      0.2131E-01   0.000      0.4394E-01  0.1114      0.6287E-01   0.000      0.1924E-02   0.000      0.6277E-02  0.1502       0.000    
   640   10.68      -8.606       1.233      0.6217      0.1896E-01   0.000      0.4186E-01  0.9671E-01  0.6735E-01   0.000      0.1518E-02   0.000      0.6606E-02  0.1519       0.000    
   641   10.71      -8.576       1.233      0.5223      0.1593E-01   0.000      0.3805E-01  0.9285E-01  0.7290E-01   0.000      0.9559E-03   0.000      0.6975E-02  0.1543       0.000    
   642   10.76      -8.545       1.233      0.3954      0.1206E-01   0.000      0.3185E-01  0.9049E-01  0.8064E-01   0.000      0.2791E-03   0.000      0.7109E-02  0.1618       0.000    
   643   10.84      -8.515       1.233      0.1680      0.5107E-02   0.000      0.2156E-01  0.8122E-01  0.1287       0.000     -0.3129E-02   0.000      0.6001E-02  0.2034       0.000    

 Surface forces referred to Sref,Cref,Bref about Xmom,Ymom,Zmom
 Standard axis orientation,  X fwd, Z down         

  Surface #41     nacelle_11_vertical                     
     # chordwise =  6   # spanwise = 11     First strip =644
     Surface area = 0.14668           ave. chord = 0.48122    
     CLsurf  =  -0.000000     Clsurf  =  -0.000000
     CYsurf  =   0.000000     Cmsurf  =   0.000000
     CDsurf  =  -0.000000     Cnsurf  =   0.000000
     CDisurf =  -0.000000     CDvsurf =   0.000000

  Forces referred to Ssurf, Cave about hinge axis thru LE
     cl_surf =  -0.000000     cd_surf =  -0.000002

 Strip Forces referred to strip area, chord
    j    xLE         yLE         zLE         Chord       Area        Dihedral   c cl        ai_ff       cl           clj         cd          cdv         cm_c/4     c.p.x/c      Dcj
   644   10.84      -8.652       1.095      0.1680      0.5124E-02   90.00     -0.2310E-03 -0.1351E-01 -0.1375E-02   0.000     -0.2236E-05   0.000     -0.5514E-03 -0.1510       0.000    
   645   10.76      -8.652       1.126      0.3954      0.1206E-01   90.00     -0.6284E-03 -0.1403E-01 -0.1589E-02   0.000     -0.1403E-05   0.000     -0.3304E-03  0.4207E-01   0.000    
   646   10.71      -8.652       1.156      0.5223      0.1588E-01   90.00     -0.1199E-02 -0.1587E-01 -0.2295E-02   0.000     -0.2578E-05   0.000     -0.4296E-03  0.6282E-01   0.000    
   647   10.68      -8.652       1.187      0.6217      0.1896E-01   90.00     -0.2271E-02 -0.2875E-01 -0.3652E-02   0.000     -0.4759E-05   0.000     -0.6602E-03  0.6924E-01   0.000    
   648   10.66      -8.652       1.217      0.6988      0.2131E-01   90.00     -0.2140E-02 -0.3217E-01 -0.3062E-02   0.000     -0.9614E-06   0.000     -0.5406E-03  0.7347E-01   0.000    
   649   10.66      -8.652       1.240      0.7152      0.1091E-01   90.00      0.3230E-03 -0.8468E-02  0.4516E-03   0.000      0.7684E-07   0.000      0.4631E-05  0.2397       0.000    
   650   10.67      -8.652       1.255      0.6824      0.1041E-01   90.00      0.2307E-02  0.1233E-01  0.3380E-02   0.000     -0.1275E-06   0.000      0.5613E-04  0.2334       0.000    
   651   10.68      -8.652       1.278      0.6217      0.1896E-01   90.00      0.2524E-02  0.8173E-04  0.4059E-02   0.000     -0.3457E-05   0.000      0.2455E-05  0.2494       0.000    
   652   10.71      -8.652       1.309      0.5223      0.1588E-01   90.00      0.1366E-02 -0.1361E-01  0.2614E-02   0.000     -0.1726E-05   0.000     -0.6853E-04  0.2762       0.000    
   653   10.76      -8.652       1.339      0.3954      0.1206E-01   90.00      0.7687E-03 -0.1855E-01  0.1944E-02   0.000     -0.9005E-06   0.000     -0.1173E-03  0.3104       0.000    
   654   10.84      -8.652       1.370      0.1680      0.5124E-02   90.00      0.4149E-03 -0.4108E-01  0.2470E-02   0.000     -0.1265E-05   0.000     -0.4238E-03  0.4216       0.000    

 Surface forces referred to Sref,Cref,Bref about Xmom,Ymom,Zmom
 Standard axis orientation,  X fwd, Z down         

  Surface #42     nacelle_12_horizontal                   
     # chordwise =  6   # spanwise = 11     First strip =655
     Surface area = 0.14669           ave. chord = 0.48126    
     CLsurf  =   0.000174     Clsurf  =   0.000065
     CYsurf  =   0.000000     Cmsurf  =   0.000058
     CDsurf  =   0.000003     Cnsurf  =   0.000002
     CDisurf =   0.000003     CDvsurf =   0.000000

  Forces referred to Ssurf, Cave about hinge axis thru LE
     cl_surf =   0.073806     cd_surf =   0.001208

 Strip Forces referred to strip area, chord
    j    xLE         yLE         zLE         Chord       Area        Dihedral   c cl        ai_ff       cl           clj         cd          cdv         cm_c/4     c.p.x/c      Dcj
   655   10.92      -10.40       1.233      0.1680      0.5124E-02   0.000      0.2161E-01  0.8051E-01  0.1290       0.000     -0.2783E-02   0.000      0.5437E-02  0.2078       0.000    
   656   10.84      -10.37       1.233      0.3954      0.1202E-01   0.000      0.3225E-01  0.9171E-01  0.8162E-01   0.000      0.5378E-03   0.000      0.6409E-02  0.1715       0.000    
   657   10.79      -10.34       1.233      0.5223      0.1593E-01   0.000      0.3866E-01  0.9342E-01  0.7406E-01   0.000      0.1192E-02   0.000      0.6311E-02  0.1648       0.000    
   658   10.76      -10.31       1.233      0.6217      0.1896E-01   0.000      0.4244E-01  0.9209E-01  0.6827E-01   0.000      0.1723E-02   0.000      0.5997E-02  0.1622       0.000    
   659   10.75      -10.28       1.233      0.6824      0.1041E-01   0.000      0.4370E-01  0.8536E-01  0.6400E-01   0.000      0.2285E-02   0.000      0.5743E-02  0.1603       0.000    
   660   10.74      -10.27       1.233      0.7152      0.1091E-01   0.000      0.4404E-01  0.6588E-01  0.6155E-01   0.000      0.2182E-02   0.000      0.5606E-02  0.1589       0.000    
   661   10.74      -10.24       1.233      0.6988      0.2131E-01   0.000      0.4369E-01  0.1109      0.6251E-01   0.000      0.2014E-02   0.000      0.5720E-02  0.1585       0.000    
   662   10.76      -10.21       1.233      0.6217      0.1896E-01   0.000      0.4163E-01  0.9568E-01  0.6697E-01   0.000      0.1668E-02   0.000      0.6000E-02  0.1604       0.000    
   663   10.79      -10.18       1.233      0.5223      0.1588E-01   0.000      0.3785E-01  0.9129E-01  0.7251E-01   0.000      0.1159E-02   0.000      0.6320E-02  0.1628       0.000    
   664   10.84      -10.15       1.233      0.3954      0.1206E-01   0.000      0.3167E-01  0.8844E-01  0.8017E-01   0.000      0.5405E-03   0.000      0.6446E-02  0.1696       0.000    
   665   10.92      -10.12       1.233      0.1680      0.5124E-02   0.000      0.2134E-01  0.7772E-01  0.1273       0.000     -0.2660E-02   0.000      0.5518E-02  0.2067       0.000    

 Surface forces referred to Sref,Cref,Bref about Xmom,Ymom,Zmom
 Standard axis orientation,  X fwd, Z down         

  Surface #43     nacelle_12_vertical                     
     # chordwise =  6   # spanwise = 11     First strip =666
     Surface area = 0.14668           ave. chord = 0.48122    
     CLsurf  =   0.000000     Clsurf  =  -0.000000
     CYsurf  =  -0.000001     Cmsurf  =   0.000000
     CDsurf  =  -0.000000     Cnsurf  =  -0.000000
     CDisurf =  -0.000000     CDvsurf =   0.000000

  Forces referred to Ssurf, Cave about hinge axis thru LE
     cl_surf =   0.000000     cd_surf =  -0.000002

 Strip Forces referred to strip area, chord
    j    xLE         yLE         zLE         Chord       Area        Dihedral   c cl        ai_ff       cl           clj         cd          cdv         cm_c/4     c.p.x/c      Dcj
   666   10.92      -10.26       1.095      0.1680      0.5124E-02   90.00     -0.1139E-03 -0.1563E-01 -0.6782E-03   0.000     -0.5061E-06   0.000     -0.2738E-03 -0.1537       0.000    
   667   10.84      -10.26       1.126      0.3954      0.1206E-01   90.00     -0.4039E-03 -0.1567E-01 -0.1021E-02   0.000     -0.6067E-06   0.000     -0.2467E-03  0.8488E-02   0.000    
   668   10.79      -10.26       1.156      0.5223      0.1588E-01   90.00     -0.9237E-03 -0.1713E-01 -0.1769E-02   0.000     -0.1653E-05   0.000     -0.3744E-03  0.3830E-01   0.000    
   669   10.76      -10.26       1.187      0.6217      0.1896E-01   90.00     -0.1969E-02 -0.2949E-01 -0.3167E-02   0.000     -0.3645E-05   0.000     -0.6103E-03  0.5733E-01   0.000    
   670   10.74      -10.26       1.217      0.6988      0.2131E-01   90.00     -0.1826E-02 -0.3210E-01 -0.2613E-02   0.000     -0.6035E-06   0.000     -0.5077E-03  0.5571E-01   0.000    
   671   10.74      -10.26       1.240      0.7152      0.1091E-01   90.00      0.6304E-03 -0.8399E-02  0.8814E-03   0.000     -0.5504E-08   0.000     -0.4860E-04  0.3051       0.000    
   672   10.75      -10.26       1.255      0.6824      0.1041E-01   90.00      0.2568E-02  0.1271E-01  0.3763E-02   0.000     -0.3003E-06   0.000     -0.1630E-04  0.2543       0.000    
   673   10.76      -10.26       1.278      0.6217      0.1896E-01   90.00      0.2759E-02  0.1811E-02  0.4438E-02   0.000     -0.3677E-05   0.000     -0.7298E-04  0.2664       0.000    
   674   10.79      -10.26       1.309      0.5223      0.1588E-01   90.00      0.1554E-02 -0.9228E-02  0.2975E-02   0.000     -0.1990E-05   0.000     -0.1271E-03  0.2927       0.000    
   675   10.84      -10.26       1.339      0.3954      0.1206E-01   90.00      0.9011E-03 -0.8305E-02  0.2279E-02   0.000     -0.1153E-05   0.000     -0.1645E-03  0.3222       0.000    
   676   10.92      -10.26       1.370      0.1680      0.5124E-02   90.00      0.4919E-03 -0.4943E-02  0.2928E-02   0.000     -0.1745E-05   0.000     -0.5058E-03  0.4228       0.000    
