 ---------------------------------------------------------------
Surface and Strip forces by surface

 Surface forces referred to Sref,Cref,Bref about Xmom,Ymom,Zmom
 Standard axis orientation,  X fwd, Z down         

  Surface # 1     main_wing_1                             
     # chordwise = 10   # spanwise = 50     First strip =  1
     Surface area =  10.097           ave. chord =  2.7390    
     CLsurf  =   0.049538     Clsurf  =  -0.003426
     CYsurf  =  -0.000014     Cmsurf  =  -0.030495
     CDsurf  =   0.001113     Cnsurf  =  -0.000095
     CDisurf =   0.000510     CDvsurf =   0.000000

  Forces referred to Ssurf, Cave about hinge axis thru LE
     cl_surf =   0.310293     cd_surf =   0.006974

 Strip Forces referred to strip area, chord
    j    xLE         yLE         zLE         Chord       Area        Dihedral   c cl        ai_ff       cl           clj         cd          cdv         cm_c/4     c.p.x/c      Dcj
     1   12.53      0.9096E-03   1.385       2.750      0.1000E-01   0.000      0.7527      0.1394E-01  0.2738       0.000      0.3832E-02   0.000     -0.3946E-02  0.2644       0.000    
     2   12.53      0.8181E-02   1.385       2.751      0.2997E-01   0.000      0.7527      0.1805E-01  0.2738       0.000      0.3832E-02   0.000     -0.3946E-02  0.2644       0.000    
     3   12.53      0.2269E-01   1.385       2.751      0.4983E-01 -0.7023E-12  0.7527      0.1838E-01  0.2738       0.000      0.3831E-02   0.000     -0.3945E-02  0.2644       0.000    
     4   12.53      0.4439E-01   1.385       2.751      0.6948E-01  0.5036E-12  0.7527      0.1847E-01  0.2738       0.000      0.3829E-02   0.000     -0.3941E-02  0.2644       0.000    
     5   12.53      0.7319E-01   1.385       2.751      0.8886E-01   0.000      0.7528      0.1851E-01  0.2739       0.000      0.3825E-02   0.000     -0.3932E-02  0.2644       0.000    
     6   12.53      0.1090       1.385       2.751      0.1079       0.000      0.7529      0.1854E-01  0.2739       0.000      0.3818E-02   0.000     -0.3914E-02  0.2643       0.000    
     7   12.53      0.1516       1.385       2.751      0.1265       0.000      0.7532      0.1855E-01  0.2740       0.000      0.3805E-02   0.000     -0.3884E-02  0.2642       0.000    
     8   12.53      0.2009       1.385       2.751      0.1446       0.000      0.7535      0.1856E-01  0.2741       0.000      0.3785E-02   0.000     -0.3838E-02  0.2640       0.000    
     9   12.53      0.2567       1.385       2.751      0.1621     -0.2158E-12  0.7541      0.1857E-01  0.2743       0.000      0.3755E-02   0.000     -0.3769E-02  0.2637       0.000    
    10   12.53      0.3187       1.385       2.751      0.1790      0.3909E-12  0.7548      0.1857E-01  0.2746       0.000      0.3713E-02   0.000     -0.3674E-02  0.2634       0.000    
    11   12.53      0.3868       1.385       2.751      0.1952     -0.1792E-12  0.7558      0.1857E-01  0.2750       0.000      0.3657E-02   0.000     -0.3546E-02  0.2629       0.000    
    12   12.53      0.4606       1.385       2.751      0.2106       0.000      0.7571      0.1856E-01  0.2755       0.000      0.3582E-02   0.000     -0.3381E-02  0.2623       0.000    
    13   12.53      0.5399       1.385       2.750      0.2252       0.000      0.7587      0.1854E-01  0.2760       0.000      0.3488E-02   0.000     -0.3175E-02  0.2615       0.000    
    14   12.53      0.6243       1.385       2.751      0.2389       0.000      0.7606      0.1851E-01  0.2767       0.000      0.3369E-02   0.000     -0.2925E-02  0.2606       0.000    
    15   12.53      0.7135       1.385       2.751      0.2517       0.000      0.7629      0.1846E-01  0.2776       0.000      0.3223E-02   0.000     -0.2626E-02  0.2595       0.000    
    16   12.53      0.8072       1.385       2.751      0.2634       0.000      0.7655      0.1837E-01  0.2786       0.000      0.3045E-02   0.000     -0.2280E-02  0.2582       0.000    
    17   12.53      0.9050       1.385       2.751      0.2742       0.000      0.7685      0.1823E-01  0.2796       0.000      0.2832E-02   0.000     -0.1886E-02  0.2567       0.000    
    18   12.53       1.006       1.385       2.751      0.2838       0.000      0.7718      0.1802E-01  0.2809       0.000      0.2576E-02   0.000     -0.1446E-02  0.2551       0.000    
    19   12.53       1.111       1.385       2.751      0.2923       0.000      0.7753      0.1770E-01  0.2822       0.000      0.2270E-02   0.000     -0.9620E-03  0.2534       0.000    
    20   12.53       1.219       1.385       2.750      0.2997       0.000      0.7791      0.1723E-01  0.2835       0.000      0.1897E-02   0.000     -0.4378E-03  0.2515       0.000    
    21   12.53       1.329       1.385       2.751      0.3059       0.000      0.7829      0.1650E-01  0.2850       0.000      0.1426E-02   0.000      0.1252E-03  0.2496       0.000    
    22   12.53       1.441       1.385       2.751      0.3108       0.000      0.7868      0.1530E-01  0.2864       0.000      0.7902E-03   0.000      0.7286E-03  0.2475       0.000    
    23   12.53       1.555       1.385       2.751      0.3146       0.000      0.7906      0.1310E-01  0.2878       0.000     -0.1781E-03   0.000      0.1381E-02  0.2452       0.000    
    24   12.53       1.671       1.385       2.749      0.3232       0.000      0.7943      0.7940E-02  0.2894       0.000     -0.2089E-02   0.000      0.2119E-02  0.2427       0.000    
    25   12.53       1.789       1.385       2.747      0.3242       0.000      0.7976     -0.1645E-01  0.2912       0.000     -0.8914E-02   0.000      0.3024E-02  0.2396       0.000    
    26   12.53       1.908       1.385       2.745      0.3278       0.000      0.5994      0.4602E-01  0.3702      0.1521      0.2696E-01   0.000      0.2366E-01  0.1861       1.522    
    27   12.53       2.027       1.385       2.742      0.3262       0.000      0.5673      0.4385E-01  0.3708      0.1643      0.2391E-01   0.000      0.2439E-01  0.1842       1.524    
    28   12.53       2.145       1.385       2.740      0.3234       0.000      0.5529      0.4277E-01  0.3699      0.1684      0.2313E-01   0.000      0.2452E-01  0.1837       1.525    
    29   12.53       2.263       1.385       2.738      0.3192       0.000      0.5464      0.4308E-01  0.3683      0.1690      0.2282E-01   0.000      0.2430E-01  0.1840       1.526    
    30   12.53       2.379       1.385       2.735      0.3139       0.000      0.5457      0.2723E-01  0.3695      0.1702      0.2285E-01   0.000      0.2458E-01  0.1835       1.527    
    31   12.53       2.492       1.385       2.733      0.3073       0.000      0.5501      0.4221E-01  0.3724      0.1714      0.2315E-01   0.000      0.2513E-01  0.1825       1.529    
    32   12.53       2.603       1.385       2.731      0.2995       0.000      0.5599      0.4290E-01  0.3754      0.1706      0.2373E-01   0.000      0.2555E-01  0.1819       1.530    
    33   12.54       2.711       1.385       2.729      0.2905       0.000      0.5777      0.4410E-01  0.3772      0.1658      0.2487E-01   0.000      0.2552E-01  0.1823       1.531    
    34   12.54       2.816       1.385       2.727      0.2804       0.000      0.6136      0.4628E-01  0.3779      0.1532      0.2901E-01   0.000      0.2505E-01  0.1837       1.532    
    35   12.54       2.913       1.385       2.725      0.2499       0.000      0.8151     -0.2654E-01  0.3002       0.000     -0.1317E-01   0.000      0.4694E-02  0.2344       0.000    
    36   12.54       3.003       1.385       2.723      0.2386       0.000      0.8150      0.2748E-02  0.3000       0.000     -0.4762E-02   0.000      0.4177E-02  0.2361       0.000    
    37   12.54       3.089       1.385       2.721      0.2264       0.000      0.8148      0.8906E-02  0.2999       0.000     -0.2615E-02   0.000      0.3834E-02  0.2372       0.000    
    38   12.54       3.169       1.385       2.720      0.2133       0.000      0.8145      0.1153E-01  0.3000       0.000     -0.1603E-02   0.000      0.3585E-02  0.2380       0.000    
    39   12.54       3.245       1.385       2.718      0.1994       0.000      0.8141      0.1291E-01  0.3000       0.000     -0.1033E-02   0.000      0.3398E-02  0.2387       0.000    
    40   12.54       3.316       1.385       2.717      0.1847       0.000      0.8137      0.1371E-01  0.3000       0.000     -0.6802E-03   0.000      0.3257E-02  0.2391       0.000    
    41   12.54       3.381       1.385       2.716      0.1693       0.000      0.8134      0.1420E-01  0.2999       0.000     -0.4496E-03   0.000      0.3150E-02  0.2395       0.000    
    42   12.54       3.441       1.385       2.714      0.1532      0.2254E-12  0.8130      0.1450E-01  0.2999       0.000     -0.2947E-03   0.000      0.3072E-02  0.2398       0.000    
    43   12.54       3.494       1.385       2.713      0.1366     -0.2527E-12  0.8126      0.1468E-01  0.2999       0.000     -0.1899E-03   0.000      0.3015E-02  0.2399       0.000    
    44   12.54       3.541       1.385       2.712      0.1195       0.000      0.8122      0.1478E-01  0.2999       0.000     -0.1194E-03   0.000      0.2975E-02  0.2401       0.000    
    45   12.54       3.582       1.385       2.712      0.1019       0.000      0.8119      0.1483E-01  0.2998       0.000     -0.7304E-04   0.000      0.2948E-02  0.2402       0.000    
    46   12.54       3.616       1.385       2.711      0.8388E-01   0.000      0.8116      0.1485E-01  0.2998       0.000     -0.4344E-04   0.000      0.2930E-02  0.2402       0.000    
    47   12.54       3.644       1.385       2.710      0.6557E-01   0.000      0.8114      0.1484E-01  0.2998       0.000     -0.2507E-04   0.000      0.2920E-02  0.2403       0.000    
    48   12.54       3.665       1.385       2.710      0.4701E-01   0.000      0.8112      0.1483E-01  0.2998       0.000     -0.1310E-04   0.000      0.2914E-02  0.2403       0.000    
    49   12.54       3.679       1.385       2.710      0.2828E-01   0.000      0.8111      0.1482E-01  0.2997       0.000     -0.5167E-06   0.000      0.2911E-02  0.2403       0.000    
    50   12.54       3.686       1.385       2.710      0.9439E-02   0.000      0.8110      0.1481E-01  0.2997       0.000      0.2251E-04   0.000      0.2910E-02  0.2403       0.000    

 Surface forces referred to Sref,Cref,Bref about Xmom,Ymom,Zmom
 Standard axis orientation,  X fwd, Z down         

  Surface # 2     main_wing_1 (YDUP)                      
     # chordwise = 10   # spanwise = 50     First strip = 51
     Surface area =  10.097           ave. chord =  2.7390    
     CLsurf  =   0.049468     Clsurf  =   0.003421
     CYsurf  =   0.000014     Cmsurf  =  -0.030464
     CDsurf  =   0.001110     Cnsurf  =   0.000095
     CDisurf =   0.000510     CDvsurf =   0.000000

  Forces referred to Ssurf, Cave about hinge axis thru LE
     cl_surf =   0.309859     cd_surf =   0.006950

 Strip Forces referred to strip area, chord
    j    xLE         yLE         zLE         Chord       Area        Dihedral   c cl        ai_ff       cl           clj         cd          cdv         cm_c/4     c.p.x/c      Dcj
    51   12.53     -0.9096E-03   1.385       2.750      0.1000E-01   0.000      0.7527      0.2319E-01  0.2738       0.000      0.3832E-02   0.000     -0.3946E-02  0.2644       0.000    
    52   12.53     -0.8181E-02   1.385       2.751      0.2997E-01   0.000      0.7527      0.1908E-01  0.2738       0.000      0.3832E-02   0.000     -0.3946E-02  0.2644       0.000    
    53   12.53     -0.2269E-01   1.385       2.751      0.4983E-01  0.7023E-12  0.7527      0.1875E-01  0.2738       0.000      0.3831E-02   0.000     -0.3944E-02  0.2644       0.000    
    54   12.53     -0.4439E-01   1.385       2.751      0.6948E-01 -0.5036E-12  0.7527      0.1866E-01  0.2738       0.000      0.3830E-02   0.000     -0.3940E-02  0.2644       0.000    
    55   12.53     -0.7319E-01   1.385       2.751      0.8886E-01   0.000      0.7528      0.1862E-01  0.2739       0.000      0.3826E-02   0.000     -0.3931E-02  0.2644       0.000    
    56   12.53     -0.1090       1.385       2.751      0.1079       0.000      0.7529      0.1860E-01  0.2739       0.000      0.3818E-02   0.000     -0.3913E-02  0.2643       0.000    
    57   12.53     -0.1516       1.385       2.751      0.1265       0.000      0.7531      0.1858E-01  0.2740       0.000      0.3805E-02   0.000     -0.3883E-02  0.2642       0.000    
    58   12.53     -0.2009       1.385       2.751      0.1446       0.000      0.7535      0.1858E-01  0.2741       0.000      0.3785E-02   0.000     -0.3836E-02  0.2640       0.000    
    59   12.53     -0.2567       1.385       2.751      0.1621      0.2158E-12  0.7540      0.1858E-01  0.2743       0.000      0.3755E-02   0.000     -0.3767E-02  0.2637       0.000    
    60   12.53     -0.3187       1.385       2.751      0.1790     -0.3909E-12  0.7548      0.1858E-01  0.2746       0.000      0.3713E-02   0.000     -0.3670E-02  0.2634       0.000    
    61   12.53     -0.3868       1.385       2.751      0.1952      0.1792E-12  0.7557      0.1857E-01  0.2750       0.000      0.3656E-02   0.000     -0.3542E-02  0.2629       0.000    
    62   12.53     -0.4606       1.385       2.751      0.2106       0.000      0.7570      0.1856E-01  0.2754       0.000      0.3582E-02   0.000     -0.3377E-02  0.2623       0.000    
    63   12.53     -0.5399       1.385       2.750      0.2252       0.000      0.7586      0.1855E-01  0.2760       0.000      0.3486E-02   0.000     -0.3170E-02  0.2615       0.000    
    64   12.53     -0.6243       1.385       2.751      0.2389       0.000      0.7605      0.1852E-01  0.2767       0.000      0.3367E-02   0.000     -0.2918E-02  0.2605       0.000    
    65   12.53     -0.7135       1.385       2.751      0.2517       0.000      0.7628      0.1846E-01  0.2775       0.000      0.3220E-02   0.000     -0.2620E-02  0.2594       0.000    
    66   12.53     -0.8072       1.385       2.751      0.2634       0.000      0.7654      0.1837E-01  0.2785       0.000      0.3042E-02   0.000     -0.2273E-02  0.2582       0.000    
    67   12.53     -0.9050       1.385       2.751      0.2742       0.000      0.7683      0.1824E-01  0.2796       0.000      0.2829E-02   0.000     -0.1878E-02  0.2567       0.000    
    68   12.53      -1.006       1.385       2.751      0.2838       0.000      0.7716      0.1803E-01  0.2808       0.000      0.2573E-02   0.000     -0.1438E-02  0.2551       0.000    
    69   12.53      -1.111       1.385       2.751      0.2923       0.000      0.7751      0.1771E-01  0.2821       0.000      0.2266E-02   0.000     -0.9543E-03  0.2534       0.000    
    70   12.53      -1.219       1.385       2.750      0.2997       0.000      0.7788      0.1724E-01  0.2834       0.000      0.1893E-02   0.000     -0.4311E-03  0.2515       0.000    
    71   12.53      -1.329       1.385       2.751      0.3059       0.000      0.7826      0.1651E-01  0.2848       0.000      0.1423E-02   0.000      0.1300E-03  0.2495       0.000    
    72   12.53      -1.441       1.385       2.751      0.3108       0.000      0.7864      0.1531E-01  0.2862       0.000      0.7899E-03   0.000      0.7295E-03  0.2475       0.000    
    73   12.53      -1.555       1.385       2.751      0.3146       0.000      0.7900      0.1311E-01  0.2876       0.000     -0.1726E-03   0.000      0.1375E-02  0.2452       0.000    
    74   12.53      -1.671       1.385       2.749      0.3232       0.000      0.7935      0.7952E-02  0.2891       0.000     -0.2068E-02   0.000      0.2100E-02  0.2427       0.000    
    75   12.53      -1.789       1.385       2.747      0.3242       0.000      0.7965     -0.1643E-01  0.2908       0.000     -0.8829E-02   0.000      0.2980E-02  0.2398       0.000    
    76   12.53      -1.908       1.385       2.745      0.3278       0.000      0.5986      0.4601E-01  0.3696      0.1518      0.2689E-01   0.000      0.2357E-01  0.1862       1.522    
    77   12.53      -2.027       1.385       2.742      0.3262       0.000      0.5664      0.4384E-01  0.3698      0.1636      0.2383E-01   0.000      0.2420E-01  0.1846       1.524    
    78   12.53      -2.145       1.385       2.740      0.3234       0.000      0.5519      0.4277E-01  0.3682      0.1671      0.2302E-01   0.000      0.2415E-01  0.1844       1.525    
    79   12.53      -2.263       1.385       2.738      0.3192       0.000      0.5453      0.4336E-01  0.3658      0.1669      0.2267E-01   0.000      0.2375E-01  0.1851       1.526    
    80   12.53      -2.379       1.385       2.735      0.3139       0.000      0.5447      0.2159E-01  0.3671      0.1683      0.2271E-01   0.000      0.2407E-01  0.1844       1.527    
    81   12.53      -2.492       1.385       2.733      0.3073       0.000      0.5491      0.4218E-01  0.3706      0.1699      0.2304E-01   0.000      0.2474E-01  0.1832       1.529    
    82   12.53      -2.603       1.385       2.731      0.2995       0.000      0.5591      0.4288E-01  0.3743      0.1698      0.2365E-01   0.000      0.2533E-01  0.1823       1.530    
    83   12.54      -2.711       1.385       2.729      0.2905       0.000      0.5771      0.4409E-01  0.3767      0.1655      0.2482E-01   0.000      0.2543E-01  0.1825       1.531    
    84   12.54      -2.816       1.385       2.727      0.2804       0.000      0.6131      0.4628E-01  0.3776      0.1531      0.2898E-01   0.000      0.2501E-01  0.1838       1.532    
    85   12.54      -2.913       1.385       2.725      0.2499       0.000      0.8146     -0.2652E-01  0.3001       0.000     -0.1314E-01   0.000      0.4684E-02  0.2344       0.000    
    86   12.54      -3.003       1.385       2.723      0.2386       0.000      0.8147      0.2759E-02  0.2998       0.000     -0.4764E-02   0.000      0.4180E-02  0.2361       0.000    
    87   12.54      -3.089       1.385       2.721      0.2264       0.000      0.8146      0.8915E-02  0.2999       0.000     -0.2626E-02   0.000      0.3844E-02  0.2372       0.000    
    88   12.54      -3.169       1.385       2.720      0.2133       0.000      0.8144      0.1153E-01  0.2999       0.000     -0.1616E-02   0.000      0.3599E-02  0.2380       0.000    
    89   12.54      -3.245       1.385       2.718      0.1994       0.000      0.8141      0.1292E-01  0.2999       0.000     -0.1047E-02   0.000      0.3414E-02  0.2386       0.000    
    90   12.54      -3.316       1.385       2.717      0.1847       0.000      0.8137      0.1372E-01  0.3000       0.000     -0.6946E-03   0.000      0.3273E-02  0.2391       0.000    
    91   12.54      -3.381       1.385       2.716      0.1693       0.000      0.8134      0.1421E-01  0.3000       0.000     -0.4636E-03   0.000      0.3168E-02  0.2394       0.000    
    92   12.54      -3.441       1.385       2.714      0.1532     -0.2254E-12  0.8130      0.1451E-01  0.2999       0.000     -0.3082E-03   0.000      0.3089E-02  0.2397       0.000    
    93   12.54      -3.494       1.385       2.713      0.1366      0.2527E-12  0.8127      0.1469E-01  0.2999       0.000     -0.2029E-03   0.000      0.3032E-02  0.2399       0.000    
    94   12.54      -3.541       1.385       2.712      0.1195       0.000      0.8123      0.1479E-01  0.2999       0.000     -0.1321E-03   0.000      0.2992E-02  0.2400       0.000    
    95   12.54      -3.582       1.385       2.712      0.1019       0.000      0.8120      0.1484E-01  0.2999       0.000     -0.8535E-04   0.000      0.2964E-02  0.2401       0.000    
    96   12.54      -3.616       1.385       2.711      0.8388E-01   0.000      0.8117      0.1485E-01  0.2998       0.000     -0.5546E-04   0.000      0.2947E-02  0.2402       0.000    
    97   12.54      -3.644       1.385       2.710      0.6557E-01   0.000      0.8115      0.1485E-01  0.2998       0.000     -0.3688E-04   0.000      0.2936E-02  0.2402       0.000    
    98   12.54      -3.665       1.385       2.710      0.4701E-01   0.000      0.8113      0.1484E-01  0.2998       0.000     -0.2475E-04   0.000      0.2930E-02  0.2402       0.000    
    99   12.54      -3.679       1.385       2.710      0.2828E-01   0.000      0.8112      0.1483E-01  0.2998       0.000     -0.1207E-04   0.000      0.2927E-02  0.2402       0.000    
   100   12.54      -3.686       1.385       2.710      0.9439E-02   0.000      0.8112      0.1482E-01  0.2998       0.000      0.1101E-04   0.000      0.2926E-02  0.2402       0.000    

 Surface forces referred to Sref,Cref,Bref about Xmom,Ymom,Zmom
 Standard axis orientation,  X fwd, Z down         

  Surface # 3     main_wing_2                             
     # chordwise = 10   # spanwise = 50     First strip =101
     Surface area =  6.8776           ave. chord =  2.5877    
     CLsurf  =   0.036402     Clsurf  =  -0.006604
     CYsurf  =  -0.000096     Cmsurf  =  -0.021889
     CDsurf  =   0.000894     Cnsurf  =  -0.000170
     CDisurf =   0.000276     CDvsurf =   0.000000

  Forces referred to Ssurf, Cave about hinge axis thru LE
     cl_surf =   0.334751     cd_surf =   0.008221

 Strip Forces referred to strip area, chord
    j    xLE         yLE         zLE         Chord       Area        Dihedral   c cl        ai_ff       cl           clj         cd          cdv         cm_c/4     c.p.x/c      Dcj
   101   12.54       3.687       1.385       2.710      0.7429E-02   0.000      0.8110      0.1481E-01  0.2997       0.000      0.6549E-05   0.000      0.2910E-02  0.2403       0.000    
   102   12.54       3.693       1.385       2.709      0.2226E-01 -0.1549E-11  0.8110      0.1481E-01  0.2997       0.000      0.5535E-05   0.000      0.2909E-02  0.2403       0.000    
   103   12.54       3.704       1.385       2.709      0.3699E-01  0.9317E-12  0.8109      0.1479E-01  0.2997       0.000     -0.1079E-05   0.000      0.2908E-02  0.2403       0.000    
   104   12.54       3.720       1.385       2.709      0.5158E-01 -0.6682E-12  0.8107      0.1477E-01  0.2997       0.000     -0.1957E-05   0.000      0.2907E-02  0.2403       0.000    
   105   12.54       3.742       1.385       2.709      0.6596E-01  0.5224E-12  0.8105      0.1473E-01  0.2997       0.000     -0.3326E-05   0.000      0.2907E-02  0.2403       0.000    
   106   12.54       3.769       1.385       2.708      0.8007E-01   0.000      0.8103      0.1467E-01  0.2996       0.000     -0.8510E-05   0.000      0.2911E-02  0.2403       0.000    
   107   12.54       3.801       1.385       2.707      0.9385E-01 -0.3670E-12  0.8100      0.1458E-01  0.2996       0.000     -0.2064E-04   0.000      0.2918E-02  0.2403       0.000    
   108   12.54       3.838       1.385       2.707      0.1073       0.000      0.8096      0.1445E-01  0.2995       0.000     -0.4328E-04   0.000      0.2933E-02  0.2402       0.000    
   109   12.54       3.880       1.385       2.706      0.1202      0.2863E-12  0.8092      0.1427E-01  0.2995       0.000     -0.8074E-04   0.000      0.2956E-02  0.2401       0.000    
   110   12.54       3.927       1.385       2.705      0.1327       0.000      0.8087      0.1402E-01  0.2994       0.000     -0.1384E-03   0.000      0.2991E-02  0.2400       0.000    
   111   12.54       3.978       1.385       2.704      0.1447       0.000      0.8081      0.1368E-01  0.2993       0.000     -0.2229E-03   0.000      0.3040E-02  0.2398       0.000    
   112   12.54       4.034       1.385       2.703      0.1560       0.000      0.8075      0.1321E-01  0.2992       0.000     -0.3422E-03   0.000      0.3107E-02  0.2396       0.000    
   113   12.54       4.093       1.385       2.702      0.1667       0.000      0.8068      0.1258E-01  0.2991       0.000     -0.4570E-03   0.000      0.3195E-02  0.2393       0.000    
   114   12.54       4.153       1.385       2.698      0.1531       0.000      0.8060      0.1152E-01  0.2992       0.000     -0.7709E-03   0.000      0.3319E-02  0.2389       0.000    
   115   12.54       4.211       1.385       2.690      0.1608      0.2129E-12  0.8050      0.9885E-02  0.2997       0.000     -0.1393E-02   0.000      0.3480E-02  0.2384       0.000    
   116   12.55       4.272       1.385       2.683      0.1678     -0.2034E-12  0.8040      0.7501E-02  0.3002       0.000     -0.2195E-02   0.000      0.3677E-02  0.2378       0.000    
   117   12.55       4.336       1.385       2.675      0.1742       0.000      0.8029      0.3455E-02  0.3008       0.000     -0.3521E-02   0.000      0.3926E-02  0.2369       0.000    
   118   12.55       4.402       1.385       2.667      0.1797       0.000      0.8018     -0.5323E-02  0.3014       0.000     -0.6178E-02   0.000      0.4256E-02  0.2359       0.000    
   119   12.55       4.471       1.385       2.658      0.1845       0.000      0.8005     -0.4487E-01  0.3024       0.000     -0.1709E-01   0.000      0.4728E-02  0.2344       0.000    
   120   12.56       4.546       1.385       2.649      0.2167       0.000      0.6082      0.4632E-01  0.3829      0.1536      0.3120E-01   0.000      0.2554E-01  0.1833       1.577    
   121   12.56       4.629       1.385       2.639      0.2204       0.000      0.5719      0.4399E-01  0.3836      0.1672      0.2613E-01   0.000      0.2613E-01  0.1819       1.583    
   122   12.56       4.713       1.385       2.629      0.2231       0.000      0.5523      0.4256E-01  0.3836      0.1738      0.2485E-01   0.000      0.2645E-01  0.1811       1.589    
   123   12.56       4.799       1.385       2.618      0.2249       0.000      0.5398      0.4166E-01  0.3828      0.1769      0.2425E-01   0.000      0.2646E-01  0.1809       1.596    
   124   12.57       4.885       1.385       2.607      0.2257       0.000      0.5316      0.4123E-01  0.3815      0.1779      0.2393E-01   0.000      0.2628E-01  0.1811       1.602    
   125   12.57       4.972       1.385       2.597      0.2257       0.000      0.5267      0.4253E-01  0.3809      0.1784      0.2380E-01   0.000      0.2619E-01  0.1812       1.609    
   126   12.57       5.059       1.385       2.586      0.2248       0.000      0.5249      0.3915E-01  0.3820      0.1793      0.2386E-01   0.000      0.2640E-01  0.1809       1.616    
   127   12.57       5.146       1.385       2.575      0.2230       0.000      0.5260      0.4094E-01  0.3841      0.1802      0.2409E-01   0.000      0.2679E-01  0.1803       1.622    
   128   12.58       5.232       1.385       2.565      0.2203      0.1481E-12  0.5305      0.4137E-01  0.3867      0.1802      0.2451E-01   0.000      0.2716E-01  0.1798       1.629    
   129   12.58       5.317       1.385       2.554      0.2168     -0.1499E-12  0.5394      0.4221E-01  0.3889      0.1780      0.2520E-01   0.000      0.2729E-01  0.1798       1.636    
   130   12.58       5.401       1.385       2.544      0.2124       0.000      0.5555      0.4360E-01  0.3902      0.1722      0.2660E-01   0.000      0.2710E-01  0.1805       1.642    
   131   12.58       5.484       1.385       2.534      0.2073       0.000      0.5882      0.4598E-01  0.3908      0.1590      0.3194E-01   0.000      0.2662E-01  0.1819       1.649    
   132   12.59       5.562       1.385       2.524      0.1887       0.000      0.7724     -0.4710E-01  0.3073       0.000     -0.1559E-01   0.000      0.4789E-02  0.2344       0.000    
   133   12.59       5.636       1.385       2.515      0.1826       0.000      0.7701     -0.8396E-02  0.3069       0.000     -0.5911E-02   0.000      0.4246E-02  0.2362       0.000    
   134   12.59       5.708       1.385       2.506      0.1757     -0.1814E-12  0.7679     -0.9450E-04  0.3070       0.000     -0.3447E-02   0.000      0.3863E-02  0.2374       0.000    
   135   12.59       5.776       1.385       2.498      0.1683       0.000      0.7657      0.3504E-02  0.3071       0.000     -0.2249E-02   0.000      0.3572E-02  0.2384       0.000    
   136   12.59       5.842       1.385       2.490      0.1603      0.1976E-12  0.7636      0.5444E-02  0.3072       0.000     -0.1556E-02   0.000      0.3342E-02  0.2391       0.000    
   137   12.60       5.905       1.385       2.482      0.1517       0.000      0.7616      0.6602E-02  0.3073       0.000     -0.1116E-02   0.000      0.3159E-02  0.2397       0.000    
   138   12.60       5.964       1.385       2.475      0.1426       0.000      0.7597      0.7331E-02  0.3074       0.000     -0.8204E-03   0.000      0.3013E-02  0.2402       0.000    
   139   12.60       6.020       1.385       2.468      0.1330       0.000      0.7579      0.7798E-02  0.3076       0.000     -0.6148E-03   0.000      0.2897E-02  0.2406       0.000    
   140   12.60       6.072       1.385       2.462      0.1229       0.000      0.7562      0.8098E-02  0.3077       0.000     -0.4697E-03   0.000      0.2807E-02  0.2409       0.000    
   141   12.60       6.120       1.385       2.456      0.1124     -0.2778E-12  0.7547      0.8284E-02  0.3078       0.000     -0.3670E-03   0.000      0.2737E-02  0.2411       0.000    
   142   12.60       6.164       1.385       2.450      0.1016      0.3068E-12  0.7533      0.8392E-02  0.3079       0.000     -0.2950E-03   0.000      0.2685E-02  0.2413       0.000    
   143   12.61       6.203       1.385       2.445      0.9044E-01   0.000      0.7520      0.8447E-02  0.3080       0.000     -0.2456E-03   0.000      0.2646E-02  0.2414       0.000    
   144   12.61       6.238       1.385       2.441      0.7898E-01   0.000      0.7509      0.8464E-02  0.3080       0.000     -0.2128E-03   0.000      0.2619E-02  0.2415       0.000    
   145   12.61       6.268       1.385       2.438      0.6726E-01   0.000      0.7500      0.8458E-02  0.3081       0.000     -0.1921E-03   0.000      0.2601E-02  0.2416       0.000    
   146   12.61       6.293       1.385       2.434      0.5533E-01   0.000      0.7491      0.8439E-02  0.3082       0.000     -0.1801E-03   0.000      0.2589E-02  0.2416       0.000    
   147   12.61       6.313       1.385       2.432      0.4322E-01   0.000      0.7485      0.8414E-02  0.3082       0.000     -0.1740E-03   0.000      0.2581E-02  0.2416       0.000    
   148   12.61       6.328       1.385       2.430      0.3097E-01   0.000      0.7480      0.8389E-02  0.3082       0.000     -0.1715E-03   0.000      0.2577E-02  0.2416       0.000    
   149   12.61       6.338       1.385       2.429      0.1862E-01   0.000      0.7477      0.8370E-02  0.3083       0.000     -0.1712E-03   0.000      0.2575E-02  0.2416       0.000    
   150   12.61       6.344       1.385       2.428      0.6213E-02   0.000      0.7475      0.8360E-02  0.3083       0.000     -0.1725E-03   0.000      0.2574E-02  0.2416       0.000    

 Surface forces referred to Sref,Cref,Bref about Xmom,Ymom,Zmom
 Standard axis orientation,  X fwd, Z down         

  Surface # 4     main_wing_2 (YDUP)                      
     # chordwise = 10   # spanwise = 50     First strip =151
     Surface area =  6.8776           ave. chord =  2.5877    
     CLsurf  =   0.036407     Clsurf  =   0.006605
     CYsurf  =   0.000096     Cmsurf  =  -0.021891
     CDsurf  =   0.000894     Cnsurf  =   0.000170
     CDisurf =   0.000276     CDvsurf =   0.000000

  Forces referred to Ssurf, Cave about hinge axis thru LE
     cl_surf =   0.334789     cd_surf =   0.008218

 Strip Forces referred to strip area, chord
    j    xLE         yLE         zLE         Chord       Area        Dihedral   c cl        ai_ff       cl           clj         cd          cdv         cm_c/4     c.p.x/c      Dcj
   151   12.54      -3.687       1.385       2.710      0.7429E-02   0.000      0.8112      0.1482E-01  0.2998       0.000     -0.4944E-05   0.000      0.2926E-02  0.2402       0.000    
   152   12.54      -3.693       1.385       2.709      0.2226E-01  0.1549E-11  0.8111      0.1481E-01  0.2998       0.000     -0.5918E-05   0.000      0.2925E-02  0.2402       0.000    
   153   12.54      -3.704       1.385       2.709      0.3699E-01 -0.9317E-12  0.8110      0.1480E-01  0.2998       0.000     -0.1246E-04   0.000      0.2924E-02  0.2402       0.000    
   154   12.54      -3.720       1.385       2.709      0.5158E-01  0.6682E-12  0.8109      0.1477E-01  0.2997       0.000     -0.1323E-04   0.000      0.2923E-02  0.2402       0.000    
   155   12.54      -3.742       1.385       2.709      0.6596E-01 -0.5224E-12  0.8107      0.1473E-01  0.2997       0.000     -0.1446E-04   0.000      0.2923E-02  0.2402       0.000    
   156   12.54      -3.769       1.385       2.708      0.8007E-01   0.000      0.8104      0.1467E-01  0.2997       0.000     -0.1949E-04   0.000      0.2926E-02  0.2402       0.000    
   157   12.54      -3.801       1.385       2.707      0.9385E-01  0.3670E-12  0.8101      0.1458E-01  0.2996       0.000     -0.3146E-04   0.000      0.2934E-02  0.2402       0.000    
   158   12.54      -3.838       1.385       2.707      0.1073       0.000      0.8098      0.1445E-01  0.2996       0.000     -0.5393E-04   0.000      0.2948E-02  0.2402       0.000    
   159   12.54      -3.880       1.385       2.706      0.1202     -0.2863E-12  0.8093      0.1427E-01  0.2995       0.000     -0.9124E-04   0.000      0.2971E-02  0.2401       0.000    
   160   12.54      -3.927       1.385       2.705      0.1327       0.000      0.8089      0.1402E-01  0.2995       0.000     -0.1488E-03   0.000      0.3006E-02  0.2400       0.000    
   161   12.54      -3.978       1.385       2.704      0.1447       0.000      0.8083      0.1368E-01  0.2994       0.000     -0.2333E-03   0.000      0.3055E-02  0.2398       0.000    
   162   12.54      -4.034       1.385       2.703      0.1560       0.000      0.8077      0.1322E-01  0.2993       0.000     -0.3526E-03   0.000      0.3122E-02  0.2396       0.000    
   163   12.54      -4.093       1.385       2.702      0.1667       0.000      0.8070      0.1259E-01  0.2991       0.000     -0.4675E-03   0.000      0.3210E-02  0.2393       0.000    
   164   12.54      -4.153       1.385       2.698      0.1531       0.000      0.8062      0.1152E-01  0.2993       0.000     -0.7820E-03   0.000      0.3335E-02  0.2389       0.000    
   165   12.54      -4.211       1.385       2.690      0.1608     -0.2129E-12  0.8053      0.9888E-02  0.2998       0.000     -0.1405E-02   0.000      0.3495E-02  0.2383       0.000    
   166   12.55      -4.272       1.385       2.683      0.1678      0.2034E-12  0.8043      0.7504E-02  0.3003       0.000     -0.2209E-02   0.000      0.3693E-02  0.2377       0.000    
   167   12.55      -4.336       1.385       2.675      0.1742       0.000      0.8032      0.3458E-02  0.3009       0.000     -0.3538E-02   0.000      0.3944E-02  0.2369       0.000    
   168   12.55      -4.402       1.385       2.667      0.1797       0.000      0.8020     -0.5320E-02  0.3015       0.000     -0.6201E-02   0.000      0.4276E-02  0.2358       0.000    
   169   12.55      -4.471       1.385       2.658      0.1845       0.000      0.8008     -0.4487E-01  0.3025       0.000     -0.1714E-01   0.000      0.4750E-02  0.2343       0.000    
   170   12.56      -4.546       1.385       2.649      0.2167       0.000      0.6084      0.4632E-01  0.3830      0.1537      0.3122E-01   0.000      0.2557E-01  0.1832       1.577    
   171   12.56      -4.629       1.385       2.639      0.2204       0.000      0.5720      0.4398E-01  0.3838      0.1673      0.2615E-01   0.000      0.2616E-01  0.1818       1.583    
   172   12.56      -4.713       1.385       2.629      0.2231       0.000      0.5525      0.4256E-01  0.3838      0.1739      0.2487E-01   0.000      0.2649E-01  0.1810       1.589    
   173   12.56      -4.799       1.385       2.618      0.2249       0.000      0.5399      0.4165E-01  0.3831      0.1771      0.2427E-01   0.000      0.2653E-01  0.1807       1.596    
   174   12.57      -4.885       1.385       2.607      0.2257       0.000      0.5317      0.4114E-01  0.3819      0.1782      0.2395E-01   0.000      0.2637E-01  0.1810       1.602    
   175   12.57      -4.972       1.385       2.597      0.2257       0.000      0.5268      0.4015E-01  0.3812      0.1786      0.2381E-01   0.000      0.2625E-01  0.1811       1.609    
   176   12.57      -5.059       1.385       2.586      0.2248       0.000      0.5249      0.4154E-01  0.3818      0.1791      0.2385E-01   0.000      0.2635E-01  0.1810       1.616    
   177   12.57      -5.146       1.385       2.575      0.2230       0.000      0.5260      0.4104E-01  0.3838      0.1799      0.2408E-01   0.000      0.2672E-01  0.1804       1.622    
   178   12.58      -5.232       1.385       2.565      0.2203     -0.1481E-12  0.5305      0.4138E-01  0.3865      0.1800      0.2450E-01   0.000      0.2711E-01  0.1799       1.629    
   179   12.58      -5.317       1.385       2.554      0.2168      0.1499E-12  0.5394      0.4221E-01  0.3887      0.1779      0.2519E-01   0.000      0.2725E-01  0.1799       1.636    
   180   12.58      -5.401       1.385       2.544      0.2124       0.000      0.5555      0.4360E-01  0.3901      0.1721      0.2659E-01   0.000      0.2708E-01  0.1806       1.642    
   181   12.58      -5.484       1.385       2.534      0.2073       0.000      0.5882      0.4598E-01  0.3908      0.1589      0.3193E-01   0.000      0.2661E-01  0.1819       1.649    
   182   12.59      -5.562       1.385       2.524      0.1887       0.000      0.7723     -0.4710E-01  0.3072       0.000     -0.1556E-01   0.000      0.4778E-02  0.2344       0.000    
   183   12.59      -5.636       1.385       2.515      0.1826       0.000      0.7701     -0.8396E-02  0.3069       0.000     -0.5901E-02   0.000      0.4239E-02  0.2362       0.000    
   184   12.59      -5.708       1.385       2.506      0.1757      0.1814E-12  0.7678     -0.9467E-04  0.3070       0.000     -0.3442E-02   0.000      0.3858E-02  0.2374       0.000    
   185   12.59      -5.776       1.385       2.498      0.1683       0.000      0.7657      0.3504E-02  0.3071       0.000     -0.2246E-02   0.000      0.3568E-02  0.2384       0.000    
   186   12.59      -5.842       1.385       2.490      0.1603     -0.1976E-12  0.7636      0.5444E-02  0.3072       0.000     -0.1554E-02   0.000      0.3339E-02  0.2391       0.000    
   187   12.60      -5.905       1.385       2.482      0.1517       0.000      0.7616      0.6602E-02  0.3073       0.000     -0.1115E-02   0.000      0.3157E-02  0.2397       0.000    
   188   12.60      -5.964       1.385       2.475      0.1426       0.000      0.7597      0.7330E-02  0.3074       0.000     -0.8200E-03   0.000      0.3012E-02  0.2402       0.000    
   189   12.60      -6.020       1.385       2.468      0.1330       0.000      0.7579      0.7798E-02  0.3076       0.000     -0.6148E-03   0.000      0.2896E-02  0.2406       0.000    
   190   12.60      -6.072       1.385       2.462      0.1229       0.000      0.7563      0.8097E-02  0.3077       0.000     -0.4700E-03   0.000      0.2806E-02  0.2409       0.000    
   191   12.60      -6.120       1.385       2.456      0.1124      0.2778E-12  0.7547      0.8283E-02  0.3078       0.000     -0.3676E-03   0.000      0.2737E-02  0.2411       0.000    
   192   12.60      -6.164       1.385       2.450      0.1016     -0.3068E-12  0.7533      0.8392E-02  0.3079       0.000     -0.2958E-03   0.000      0.2685E-02  0.2413       0.000    
   193   12.61      -6.203       1.385       2.445      0.9044E-01   0.000      0.7521      0.8446E-02  0.3080       0.000     -0.2465E-03   0.000      0.2647E-02  0.2414       0.000    
   194   12.61      -6.238       1.385       2.441      0.7898E-01   0.000      0.7510      0.8464E-02  0.3081       0.000     -0.2138E-03   0.000      0.2620E-02  0.2415       0.000    
   195   12.61      -6.268       1.385       2.438      0.6726E-01   0.000      0.7500      0.8458E-02  0.3081       0.000     -0.1933E-03   0.000      0.2601E-02  0.2416       0.000    
   196   12.61      -6.293       1.385       2.434      0.5533E-01   0.000      0.7492      0.8438E-02  0.3082       0.000     -0.1814E-03   0.000      0.2589E-02  0.2416       0.000    
   197   12.61      -6.313       1.385       2.432      0.4322E-01   0.000      0.7485      0.8413E-02  0.3082       0.000     -0.1753E-03   0.000      0.2582E-02  0.2416       0.000    
   198   12.61      -6.328       1.385       2.430      0.3097E-01   0.000      0.7481      0.8388E-02  0.3083       0.000     -0.1729E-03   0.000      0.2578E-02  0.2416       0.000    
   199   12.61      -6.338       1.385       2.429      0.1862E-01   0.000      0.7477      0.8370E-02  0.3083       0.000     -0.1726E-03   0.000      0.2576E-02  0.2416       0.000    
   200   12.61      -6.344       1.385       2.428      0.6213E-02   0.000      0.7476      0.8359E-02  0.3083       0.000     -0.1739E-03   0.000      0.2576E-02  0.2416       0.000    

 Surface forces referred to Sref,Cref,Bref about Xmom,Ymom,Zmom
 Standard axis orientation,  X fwd, Z down         

  Surface # 5     main_wing_3                             
     # chordwise = 10   # spanwise = 50     First strip =201
     Surface area =  6.0192           ave. chord =  2.2647    
     CLsurf  =   0.032835     Clsurf  =  -0.009110
     CYsurf  =  -0.000100     Cmsurf  =  -0.019827
     CDsurf  =   0.000828     Cnsurf  =  -0.000234
     CDisurf =   0.000237     CDvsurf =   0.000000

  Forces referred to Ssurf, Cave about hinge axis thru LE
     cl_surf =   0.345005     cd_surf =   0.008697

 Strip Forces referred to strip area, chord
    j    xLE         yLE         zLE         Chord       Area        Dihedral   c cl        ai_ff       cl           clj         cd          cdv         cm_c/4     c.p.x/c      Dcj
   201   12.61       6.345       1.385       2.428      0.6212E-02   0.000      0.7475      0.8357E-02  0.3083       0.000     -0.1725E-03   0.000      0.2574E-02  0.2416       0.000    
   202   12.61       6.350       1.385       2.427      0.1861E-01   0.000      0.7473      0.8346E-02  0.3083       0.000     -0.1708E-03   0.000      0.2574E-02  0.2417       0.000    
   203   12.61       6.360       1.385       2.426      0.3091E-01 -0.9984E-12  0.7470      0.8323E-02  0.3083       0.000     -0.1705E-03   0.000      0.2573E-02  0.2417       0.000    
   204   12.61       6.375       1.385       2.424      0.4308E-01  0.7160E-12  0.7465      0.8284E-02  0.3084       0.000     -0.1722E-03   0.000      0.2572E-02  0.2417       0.000    
   205   12.61       6.396       1.385       2.422      0.5504E-01   0.000      0.7459      0.8225E-02  0.3084       0.000     -0.1774E-03   0.000      0.2574E-02  0.2417       0.000    
   206   12.61       6.421       1.385       2.419      0.6674E-01 -0.4611E-12  0.7450      0.8141E-02  0.3085       0.000     -0.1882E-03   0.000      0.2578E-02  0.2416       0.000    
   207   12.61       6.451       1.385       2.415      0.7812E-01  0.3933E-12  0.7441      0.8022E-02  0.3085       0.000     -0.2076E-03   0.000      0.2588E-02  0.2416       0.000    
   208   12.61       6.486       1.385       2.411      0.8915E-01 -0.3440E-12  0.7430      0.7859E-02  0.3086       0.000     -0.2391E-03   0.000      0.2606E-02  0.2416       0.000    
   209   12.62       6.525       1.385       2.406      0.9976E-01  0.6136E-12  0.7417      0.7639E-02  0.3087       0.000     -0.2872E-03   0.000      0.2634E-02  0.2415       0.000    
   210   12.62       6.568       1.385       2.401      0.1099     -0.2779E-12  0.7403      0.7345E-02  0.3088       0.000     -0.3579E-03   0.000      0.2676E-02  0.2413       0.000    
   211   12.62       6.616       1.385       2.395      0.1196       0.000      0.7388      0.6951E-02  0.3090       0.000     -0.4596E-03   0.000      0.2735E-02  0.2411       0.000    
   212   12.62       6.668       1.385       2.388      0.1287     -0.2362E-12  0.7371      0.6420E-02  0.3091       0.000     -0.6040E-03   0.000      0.2815E-02  0.2409       0.000    
   213   12.62       6.724       1.385       2.381      0.1372      0.2209E-12  0.7354      0.5695E-02  0.3093       0.000     -0.8098E-03   0.000      0.2923E-02  0.2405       0.000    
   214   12.62       6.783       1.385       2.374      0.1451       0.000      0.7335      0.4675E-02  0.3094       0.000     -0.1107E-02   0.000      0.3063E-02  0.2401       0.000    
   215   12.63       6.846       1.385       2.366      0.1523       0.000      0.7315      0.3179E-02  0.3096       0.000     -0.1552E-02   0.000      0.3246E-02  0.2395       0.000    
   216   12.63       6.912       1.385       2.358      0.1589       0.000      0.7294      0.8277E-03  0.3098       0.000     -0.2257E-02   0.000      0.3482E-02  0.2388       0.000    
   217   12.63       6.981       1.385       2.350      0.1648       0.000      0.7272     -0.3327E-02  0.3101       0.000     -0.3487E-02   0.000      0.3790E-02  0.2378       0.000    
   218   12.63       7.052       1.385       2.341      0.1699     -0.1753E-12  0.7249     -0.1258E-01  0.3104       0.000     -0.6052E-02   0.000      0.4205E-02  0.2365       0.000    
   219   12.63       7.126       1.385       2.332      0.1743      0.1702E-12  0.7225     -0.5471E-01  0.3111       0.000     -0.1609E-01   0.000      0.4809E-02  0.2345       0.000    
   220   12.64       7.204       1.385       2.322      0.1900       0.000      0.5400      0.4547E-01  0.4028      0.1706      0.3270E-01   0.000      0.2868E-01  0.1788       1.799    
   221   12.64       7.287       1.385       2.312      0.1931       0.000      0.5048      0.4282E-01  0.4033      0.1853      0.2769E-01   0.000      0.2944E-01  0.1770       1.807    
   222   12.64       7.371       1.385       2.302      0.1953       0.000      0.4854      0.4123E-01  0.4029      0.1923      0.2637E-01   0.000      0.2989E-01  0.1758       1.815    
   223   12.64       7.457       1.385       2.291      0.1968       0.000      0.4727      0.4023E-01  0.4017      0.1956      0.2573E-01   0.000      0.2998E-01  0.1754       1.823    
   224   12.65       7.543       1.385       2.281      0.1974       0.000      0.4641      0.3975E-01  0.3998      0.1966      0.2536E-01   0.000      0.2984E-01  0.1754       1.832    
   225   12.65       7.630       1.385       2.270      0.1973       0.000      0.4585      0.4053E-01  0.3987      0.1970      0.2519E-01   0.000      0.2977E-01  0.1753       1.840    
   226   12.65       7.717       1.385       2.259      0.1964       0.000      0.4558      0.3826E-01  0.3994      0.1979      0.2522E-01   0.000      0.3002E-01  0.1748       1.849    
   227   12.66       7.803       1.385       2.249      0.1947       0.000      0.4559      0.3959E-01  0.4014      0.1989      0.2544E-01   0.000      0.3046E-01  0.1741       1.858    
   228   12.66       7.890       1.385       2.238      0.1922       0.000      0.4591      0.4011E-01  0.4039      0.1991      0.2584E-01   0.000      0.3089E-01  0.1735       1.867    
   229   12.66       7.975       1.385       2.228      0.1890       0.000      0.4664      0.4108E-01  0.4059      0.1968      0.2651E-01   0.000      0.3104E-01  0.1735       1.876    
   230   12.66       8.059       1.385       2.217      0.1851       0.000      0.4803      0.4266E-01  0.4070      0.1907      0.2786E-01   0.000      0.3081E-01  0.1743       1.884    
   231   12.67       8.142       1.385       2.207      0.1806       0.000      0.5097      0.4532E-01  0.4073      0.1767      0.3297E-01   0.000      0.3023E-01  0.1758       1.893    
   232   12.67       8.220       1.385       2.197      0.1643       0.000      0.6797     -0.5740E-01  0.3105       0.000     -0.1530E-01   0.000      0.5089E-02  0.2336       0.000    
   233   12.67       8.294       1.385       2.188      0.1588       0.000      0.6763     -0.1428E-01  0.3098       0.000     -0.5854E-02   0.000      0.4438E-02  0.2357       0.000    
   234   12.67       8.365       1.385       2.180      0.1528     -0.1814E-12  0.6731     -0.4860E-02  0.3094       0.000     -0.3361E-02   0.000      0.3985E-02  0.2371       0.000    
   235   12.67       8.434       1.385       2.171      0.1463      0.3776E-12  0.6701     -0.6783E-03  0.3092       0.000     -0.2157E-02   0.000      0.3643E-02  0.2382       0.000    
   236   12.68       8.500       1.385       2.163      0.1392     -0.1976E-12  0.6671      0.1650E-02  0.3089       0.000     -0.1461E-02   0.000      0.3375E-02  0.2391       0.000    
   237   12.68       8.563       1.385       2.155      0.1317       0.000      0.6643      0.3101E-02  0.3087       0.000     -0.1015E-02   0.000      0.3165E-02  0.2397       0.000    
   238   12.68       8.622       1.385       2.148      0.1237       0.000      0.6616      0.4065E-02  0.3085       0.000     -0.7125E-03   0.000      0.2999E-02  0.2403       0.000    
   239   12.68       8.678       1.385       2.141      0.1154       0.000      0.6591      0.4731E-02  0.3083       0.000     -0.4995E-03   0.000      0.2870E-02  0.2407       0.000    
   240   12.68       8.730       1.385       2.135      0.1066       0.000      0.6568      0.5201E-02  0.3081       0.000     -0.3468E-03   0.000      0.2770E-02  0.2410       0.000    
   241   12.69       8.778       1.385       2.129      0.9749E-01 -0.2778E-12  0.6546      0.5536E-02  0.3079       0.000     -0.2367E-03   0.000      0.2695E-02  0.2412       0.000    
   242   12.69       8.821       1.385       2.124      0.8806E-01  0.3068E-12  0.6527      0.5774E-02  0.3078       0.000     -0.1575E-03   0.000      0.2640E-02  0.2414       0.000    
   243   12.69       8.861       1.385       2.119      0.7836E-01   0.000      0.6509      0.5942E-02  0.3076       0.000     -0.1012E-03   0.000      0.2601E-02  0.2415       0.000    
   244   12.69       8.895       1.385       2.115      0.6841E-01   0.000      0.6494      0.6058E-02  0.3075       0.000     -0.6220E-04   0.000      0.2575E-02  0.2416       0.000    
   245   12.69       8.925       1.385       2.111      0.5825E-01   0.000      0.6480      0.6135E-02  0.3074       0.000     -0.3598E-04   0.000      0.2559E-02  0.2417       0.000    
   246   12.69       8.951       1.385       2.108      0.4790E-01   0.000      0.6469      0.6185E-02  0.3073       0.000     -0.1918E-04   0.000      0.2550E-02  0.2417       0.000    
   247   12.69       8.971       1.385       2.105      0.3741E-01   0.000      0.6460      0.6215E-02  0.3073       0.000     -0.9100E-05   0.000      0.2545E-02  0.2417       0.000    
   248   12.69       8.986       1.385       2.103      0.2681E-01   0.000      0.6453      0.6232E-02  0.3072       0.000     -0.3726E-05   0.000      0.2543E-02  0.2417       0.000    
   249   12.69       8.996       1.385       2.102      0.1612E-01   0.000      0.6448      0.6241E-02  0.3072       0.000     -0.1671E-05   0.000      0.2543E-02  0.2417       0.000    
   250   12.69       9.001       1.385       2.101      0.5377E-02   0.000      0.6446      0.6244E-02  0.3071       0.000     -0.1978E-05   0.000      0.2543E-02  0.2417       0.000    

 Surface forces referred to Sref,Cref,Bref about Xmom,Ymom,Zmom
 Standard axis orientation,  X fwd, Z down         

  Surface # 6     main_wing_3 (YDUP)                      
     # chordwise = 10   # spanwise = 50     First strip =251
     Surface area =  6.0192           ave. chord =  2.2647    
     CLsurf  =   0.032836     Clsurf  =   0.009110
     CYsurf  =   0.000100     Cmsurf  =  -0.019827
     CDsurf  =   0.000828     Cnsurf  =   0.000234
     CDisurf =   0.000237     CDvsurf =   0.000000

  Forces referred to Ssurf, Cave about hinge axis thru LE
     cl_surf =   0.345011     cd_surf =   0.008697

 Strip Forces referred to strip area, chord
    j    xLE         yLE         zLE         Chord       Area        Dihedral   c cl        ai_ff       cl           clj         cd          cdv         cm_c/4     c.p.x/c      Dcj
   251   12.61      -6.345       1.385       2.428      0.6212E-02   0.000      0.7475      0.8357E-02  0.3083       0.000     -0.1739E-03   0.000      0.2576E-02  0.2416       0.000    
   252   12.61      -6.350       1.385       2.427      0.1861E-01   0.000      0.7474      0.8346E-02  0.3083       0.000     -0.1723E-03   0.000      0.2575E-02  0.2416       0.000    
   253   12.61      -6.360       1.385       2.426      0.3091E-01  0.9984E-12  0.7470      0.8322E-02  0.3083       0.000     -0.1720E-03   0.000      0.2574E-02  0.2417       0.000    
   254   12.61      -6.375       1.385       2.424      0.4308E-01 -0.7160E-12  0.7466      0.8284E-02  0.3084       0.000     -0.1738E-03   0.000      0.2574E-02  0.2417       0.000    
   255   12.61      -6.396       1.385       2.422      0.5504E-01   0.000      0.7459      0.8225E-02  0.3084       0.000     -0.1790E-03   0.000      0.2575E-02  0.2417       0.000    
   256   12.61      -6.421       1.385       2.419      0.6674E-01  0.4611E-12  0.7451      0.8140E-02  0.3085       0.000     -0.1900E-03   0.000      0.2580E-02  0.2416       0.000    
   257   12.61      -6.451       1.385       2.415      0.7812E-01 -0.3933E-12  0.7442      0.8021E-02  0.3086       0.000     -0.2095E-03   0.000      0.2590E-02  0.2416       0.000    
   258   12.61      -6.486       1.385       2.411      0.8915E-01  0.3440E-12  0.7430      0.7858E-02  0.3087       0.000     -0.2411E-03   0.000      0.2608E-02  0.2416       0.000    
   259   12.62      -6.525       1.385       2.406      0.9976E-01 -0.6136E-12  0.7418      0.7638E-02  0.3088       0.000     -0.2894E-03   0.000      0.2636E-02  0.2415       0.000    
   260   12.62      -6.568       1.385       2.401      0.1099      0.2779E-12  0.7404      0.7344E-02  0.3089       0.000     -0.3604E-03   0.000      0.2678E-02  0.2413       0.000    
   261   12.62      -6.616       1.385       2.395      0.1196       0.000      0.7389      0.6950E-02  0.3090       0.000     -0.4623E-03   0.000      0.2738E-02  0.2411       0.000    
   262   12.62      -6.668       1.385       2.388      0.1287      0.2362E-12  0.7372      0.6419E-02  0.3091       0.000     -0.6072E-03   0.000      0.2819E-02  0.2409       0.000    
   263   12.62      -6.724       1.385       2.381      0.1372     -0.2209E-12  0.7355      0.5694E-02  0.3093       0.000     -0.8135E-03   0.000      0.2927E-02  0.2405       0.000    
   264   12.62      -6.783       1.385       2.374      0.1451       0.000      0.7336      0.4674E-02  0.3095       0.000     -0.1112E-02   0.000      0.3068E-02  0.2401       0.000    
   265   12.63      -6.846       1.385       2.366      0.1523       0.000      0.7316      0.3178E-02  0.3097       0.000     -0.1558E-02   0.000      0.3252E-02  0.2395       0.000    
   266   12.63      -6.912       1.385       2.358      0.1589       0.000      0.7295      0.8268E-03  0.3099       0.000     -0.2264E-02   0.000      0.3490E-02  0.2387       0.000    
   267   12.63      -6.981       1.385       2.350      0.1648       0.000      0.7273     -0.3328E-02  0.3101       0.000     -0.3497E-02   0.000      0.3799E-02  0.2377       0.000    
   268   12.63      -7.052       1.385       2.341      0.1699      0.1753E-12  0.7251     -0.1258E-01  0.3105       0.000     -0.6067E-02   0.000      0.4216E-02  0.2364       0.000    
   269   12.63      -7.126       1.385       2.332      0.1743     -0.1702E-12  0.7227     -0.5471E-01  0.3112       0.000     -0.1612E-01   0.000      0.4824E-02  0.2345       0.000    
   270   12.64      -7.204       1.385       2.322      0.1900       0.000      0.5401      0.4547E-01  0.4029      0.1707      0.3271E-01   0.000      0.2870E-01  0.1788       1.799    
   271   12.64      -7.287       1.385       2.312      0.1931       0.000      0.5049      0.4282E-01  0.4034      0.1854      0.2770E-01   0.000      0.2948E-01  0.1769       1.807    
   272   12.64      -7.371       1.385       2.302      0.1953       0.000      0.4855      0.4122E-01  0.4031      0.1925      0.2638E-01   0.000      0.2993E-01  0.1758       1.815    
   273   12.64      -7.457       1.385       2.291      0.1968       0.000      0.4728      0.4022E-01  0.4019      0.1959      0.2574E-01   0.000      0.3005E-01  0.1752       1.823    
   274   12.65      -7.543       1.385       2.281      0.1974       0.000      0.4641      0.3966E-01  0.4002      0.1970      0.2538E-01   0.000      0.2992E-01  0.1752       1.832    
   275   12.65      -7.630       1.385       2.270      0.1973       0.000      0.4586      0.3820E-01  0.3990      0.1973      0.2520E-01   0.000      0.2983E-01  0.1752       1.840    
   276   12.65      -7.717       1.385       2.259      0.1964       0.000      0.4558      0.4060E-01  0.3991      0.1977      0.2521E-01   0.000      0.2996E-01  0.1749       1.849    
   277   12.66      -7.803       1.385       2.249      0.1947       0.000      0.4558      0.3969E-01  0.4010      0.1986      0.2542E-01   0.000      0.3038E-01  0.1742       1.858    
   278   12.66      -7.890       1.385       2.238      0.1922       0.000      0.4590      0.4012E-01  0.4037      0.1989      0.2582E-01   0.000      0.3083E-01  0.1736       1.867    
   279   12.66      -7.975       1.385       2.228      0.1890       0.000      0.4663      0.4108E-01  0.4057      0.1967      0.2650E-01   0.000      0.3100E-01  0.1736       1.876    
   280   12.66      -8.059       1.385       2.217      0.1851       0.000      0.4802      0.4266E-01  0.4069      0.1906      0.2785E-01   0.000      0.3079E-01  0.1743       1.884    
   281   12.67      -8.142       1.385       2.207      0.1806       0.000      0.5096      0.4532E-01  0.4072      0.1766      0.3295E-01   0.000      0.3022E-01  0.1758       1.893    
   282   12.67      -8.220       1.385       2.197      0.1643       0.000      0.6795     -0.5740E-01  0.3104       0.000     -0.1527E-01   0.000      0.5075E-02  0.2337       0.000    
   283   12.67      -8.294       1.385       2.188      0.1588       0.000      0.6762     -0.1428E-01  0.3097       0.000     -0.5840E-02   0.000      0.4428E-02  0.2357       0.000    
   284   12.67      -8.365       1.385       2.180      0.1528      0.1814E-12  0.6730     -0.4859E-02  0.3094       0.000     -0.3353E-02   0.000      0.3978E-02  0.2371       0.000    
   285   12.67      -8.434       1.385       2.171      0.1463     -0.3776E-12  0.6700     -0.6778E-03  0.3091       0.000     -0.2151E-02   0.000      0.3637E-02  0.2382       0.000    
   286   12.68      -8.500       1.385       2.163      0.1392      0.1976E-12  0.6670      0.1651E-02  0.3089       0.000     -0.1456E-02   0.000      0.3371E-02  0.2391       0.000    
   287   12.68      -8.563       1.385       2.155      0.1317       0.000      0.6642      0.3101E-02  0.3086       0.000     -0.1012E-02   0.000      0.3161E-02  0.2398       0.000    
   288   12.68      -8.622       1.385       2.148      0.1237       0.000      0.6615      0.4065E-02  0.3084       0.000     -0.7097E-03   0.000      0.2996E-02  0.2403       0.000    
   289   12.68      -8.678       1.385       2.141      0.1154       0.000      0.6591      0.4731E-02  0.3082       0.000     -0.4972E-03   0.000      0.2867E-02  0.2407       0.000    
   290   12.68      -8.730       1.385       2.135      0.1066       0.000      0.6567      0.5202E-02  0.3081       0.000     -0.3448E-03   0.000      0.2768E-02  0.2410       0.000    
   291   12.69      -8.778       1.385       2.129      0.9749E-01  0.2778E-12  0.6546      0.5537E-02  0.3079       0.000     -0.2349E-03   0.000      0.2693E-02  0.2413       0.000    
   292   12.69      -8.821       1.385       2.124      0.8806E-01 -0.3068E-12  0.6526      0.5775E-02  0.3077       0.000     -0.1559E-03   0.000      0.2639E-02  0.2414       0.000    
   293   12.69      -8.861       1.385       2.119      0.7836E-01   0.000      0.6509      0.5943E-02  0.3076       0.000     -0.9986E-04   0.000      0.2600E-02  0.2415       0.000    
   294   12.69      -8.895       1.385       2.115      0.6841E-01   0.000      0.6493      0.6059E-02  0.3075       0.000     -0.6095E-04   0.000      0.2575E-02  0.2416       0.000    
   295   12.69      -8.925       1.385       2.111      0.5825E-01   0.000      0.6480      0.6136E-02  0.3074       0.000     -0.3483E-04   0.000      0.2558E-02  0.2417       0.000    
   296   12.69      -8.951       1.385       2.108      0.4790E-01   0.000      0.6468      0.6186E-02  0.3073       0.000     -0.1809E-04   0.000      0.2549E-02  0.2417       0.000    
   297   12.69      -8.971       1.385       2.105      0.3741E-01   0.000      0.6459      0.6216E-02  0.3072       0.000     -0.8065E-05   0.000      0.2545E-02  0.2417       0.000    
   298   12.69      -8.986       1.385       2.103      0.2681E-01   0.000      0.6452      0.6233E-02  0.3072       0.000     -0.2728E-05   0.000      0.2543E-02  0.2417       0.000    
   299   12.69      -8.996       1.385       2.102      0.1612E-01   0.000      0.6448      0.6242E-02  0.3071       0.000     -0.6944E-06   0.000      0.2542E-02  0.2417       0.000    
   300   12.69      -9.001       1.385       2.101      0.5377E-02   0.000      0.6445      0.6245E-02  0.3071       0.000     -0.1009E-05   0.000      0.2543E-02  0.2417       0.000    

 Surface forces referred to Sref,Cref,Bref about Xmom,Ymom,Zmom
 Standard axis orientation,  X fwd, Z down         

  Surface # 7     main_wing_4                             
     # chordwise = 10   # spanwise = 50     First strip =301
     Surface area =  8.6287           ave. chord =  1.8080    
     CLsurf  =   0.039199     Clsurf  =  -0.015573
     CYsurf  =  -0.000126     Cmsurf  =  -0.023929
     CDsurf  =   0.000866     Cnsurf  =  -0.000466
     CDisurf =   0.000343     CDvsurf =   0.000000

  Forces referred to Ssurf, Cave about hinge axis thru LE
     cl_surf =   0.287313     cd_surf =   0.006345

 Strip Forces referred to strip area, chord
    j    xLE         yLE         zLE         Chord       Area        Dihedral   c cl        ai_ff       cl           clj         cd          cdv         cm_c/4     c.p.x/c      Dcj
   301   12.69       9.003       1.385       2.101      0.9369E-02   0.000      0.6445      0.6245E-02  0.3072       0.000     -0.8633E-06   0.000      0.2543E-02  0.2417       0.000    
   302   12.69       9.012       1.385       2.100      0.2806E-01  0.9523E-12  0.6441      0.6250E-02  0.3071       0.000      0.2969E-05   0.000      0.2544E-02  0.2417       0.000    
   303   12.69       9.030       1.385       2.098      0.4659E-01 -0.5729E-12  0.6433      0.6253E-02  0.3071       0.000      0.6035E-05   0.000      0.2546E-02  0.2417       0.000    
   304   12.69       9.056       1.385       2.095      0.6487E-01   0.000      0.6421      0.6247E-02  0.3070       0.000      0.5322E-05   0.000      0.2554E-02  0.2417       0.000    
   305   12.69       9.092       1.385       2.090      0.8279E-01   0.000      0.6405      0.6214E-02  0.3069       0.000     -0.3935E-05   0.000      0.2571E-02  0.2416       0.000    
   306   12.70       9.136       1.385       2.085      0.1003      0.2646E-12  0.6386      0.6135E-02  0.3067       0.000     -0.2867E-04   0.000      0.2603E-02  0.2415       0.000    
   307   12.70       9.188       1.385       2.079      0.1172     -0.2257E-12  0.6362      0.5978E-02  0.3065       0.000     -0.7866E-04   0.000      0.2659E-02  0.2413       0.000    
   308   12.70       9.248       1.385       2.071      0.1335       0.000      0.6335      0.5698E-02  0.3063       0.000     -0.1683E-03   0.000      0.2749E-02  0.2410       0.000    
   309   12.70       9.317       1.385       2.063      0.1491      0.1761E-12  0.6304      0.5219E-02  0.3061       0.000     -0.3204E-03   0.000      0.2884E-02  0.2406       0.000    
   310   12.70       9.393       1.385       2.053      0.1638     -0.1594E-12  0.6270      0.4403E-02  0.3058       0.000     -0.5757E-03   0.000      0.3081E-02  0.2399       0.000    
   311   12.71       9.476       1.385       2.043      0.1778       0.000      0.6232      0.2961E-02  0.3055       0.000     -0.1016E-02   0.000      0.3364E-02  0.2390       0.000    
   312   12.71       9.567       1.385       2.032      0.1908      0.1355E-12  0.6191      0.1541E-03  0.3052       0.000     -0.1844E-02   0.000      0.3768E-02  0.2377       0.000    
   313   12.71       9.664       1.385       2.020      0.2028     -0.2535E-12  0.6146     -0.6629E-02  0.3049       0.000     -0.3723E-02   0.000      0.4358E-02  0.2357       0.000    
   314   12.72       9.767       1.385       2.007      0.2137      0.1195E-12  0.6099     -0.3981E-01  0.3048       0.000     -0.1105E-01   0.000      0.5293E-02  0.2326       0.000    
   315   12.72       9.886       1.385       1.993      0.2593       0.000      0.4283      0.4421E-01  0.4119      0.1972      0.2992E-01   0.000      0.3379E-01  0.1680       2.097    
   316   12.72       10.02       1.385       1.976      0.2692       0.000      0.3942      0.4143E-01  0.4109      0.2118      0.2694E-01   0.000      0.3499E-01  0.1649       2.114    
   317   12.73       10.16       1.385       1.959      0.2777       0.000      0.3757      0.4013E-01  0.4074      0.2159      0.2600E-01   0.000      0.3523E-01  0.1635       2.132    
   318   12.73       10.30       1.385       1.942      0.2849       0.000      0.3647      0.3736E-01  0.4036      0.2160      0.2556E-01   0.000      0.3511E-01  0.1630       2.152    
   319   12.74       10.45       1.385       1.923      0.2907       0.000      0.3599      0.4006E-01  0.4042      0.2173      0.2562E-01   0.000      0.3572E-01  0.1616       2.172    
   320   12.74       10.60       1.385       1.904      0.2951      0.8210E-13  0.3627      0.4099E-01  0.4078      0.2176      0.2625E-01   0.000      0.3660E-01  0.1603       2.194    
   321   12.75       10.76       1.385       1.885      0.2981     -0.8044E-13  0.3806      0.4367E-01  0.4084      0.2067      0.2832E-01   0.000      0.3616E-01  0.1615       2.216    
   322   12.75       10.91       1.385       1.867      0.2689       0.000      0.5427     -0.2671E-01  0.2915       0.000     -0.7342E-02   0.000      0.5686E-02  0.2305       0.000    
   323   12.76       11.06       1.385       1.849      0.2695       0.000      0.5322      0.9909E-03  0.2884       0.000     -0.1620E-02   0.000      0.4551E-02  0.2342       0.000    
   324   12.76       11.20       1.385       1.831      0.2690       0.000      0.5214      0.7054E-02  0.2852       0.000     -0.8995E-04   0.000      0.3841E-02  0.2365       0.000    
   325   12.76       11.35       1.385       1.813      0.2674       0.000      0.5101      0.9887E-02  0.2818       0.000      0.6347E-03   0.000      0.3373E-02  0.2380       0.000    
   326   12.77       11.50       1.385       1.794      0.2648       0.000      0.4984      0.1165E-01  0.2781       0.000      0.1065E-02   0.000      0.3074E-02  0.2389       0.000    
   327   12.77       11.65       1.385       1.776      0.2611       0.000      0.4862      0.1296E-01  0.2740       0.000      0.1355E-02   0.000      0.2905E-02  0.2394       0.000    
   328   12.78       11.79       1.385       1.758      0.2564       0.000      0.4736      0.1406E-01  0.2697       0.000      0.1569E-02   0.000      0.2838E-02  0.2395       0.000    
   329   12.78       11.94       1.385       1.741      0.2507       0.000      0.4605      0.1507E-01  0.2649       0.000      0.1737E-02   0.000      0.2857E-02  0.2392       0.000    
   330   12.79       12.08       1.385       1.723      0.2442       0.000      0.4469      0.1605E-01  0.2596       0.000      0.1876E-02   0.000      0.2945E-02  0.2387       0.000    
   331   12.79       12.22       1.385       1.706      0.2369       0.000      0.4327      0.1703E-01  0.2539       0.000      0.1993E-02   0.000      0.3094E-02  0.2378       0.000    
   332   12.80       12.36       1.385       1.689      0.2288       0.000      0.4179      0.1803E-01  0.2477       0.000      0.2096E-02   0.000      0.3294E-02  0.2367       0.000    
   333   12.80       12.49       1.385       1.672      0.2200       0.000      0.4025      0.1906E-01  0.2409       0.000      0.2185E-02   0.000      0.3537E-02  0.2353       0.000    
   334   12.80       12.62       1.385       1.656      0.2105       0.000      0.3863      0.2013E-01  0.2334       0.000      0.2262E-02   0.000      0.3818E-02  0.2336       0.000    
   335   12.81       12.75       1.385       1.641      0.2004       0.000      0.3694      0.2123E-01  0.2253       0.000      0.2327E-02   0.000      0.4127E-02  0.2317       0.000    
   336   12.81       12.86       1.385       1.626      0.1897       0.000      0.3516      0.2236E-01  0.2164       0.000      0.2379E-02   0.000      0.4456E-02  0.2294       0.000    
   337   12.81       12.98       1.385       1.612      0.1785       0.000      0.3330      0.2351E-01  0.2067       0.000      0.2416E-02   0.000      0.4792E-02  0.2268       0.000    
   338   12.82       13.09       1.385       1.599      0.1669     -0.1219E-12  0.3135      0.2467E-01  0.1962       0.000      0.2436E-02   0.000      0.5119E-02  0.2239       0.000    
   339   12.82       13.19       1.385       1.587      0.1549      0.1303E-12  0.2931      0.2582E-01  0.1848       0.000      0.2438E-02   0.000      0.5421E-02  0.2207       0.000    
   340   12.82       13.28       1.385       1.575      0.1425       0.000      0.2718      0.2695E-01  0.1726       0.000      0.2419E-02   0.000      0.5674E-02  0.2171       0.000    
   341   12.83       13.37       1.385       1.565      0.1298       0.000      0.2494      0.2805E-01  0.1595       0.000      0.2375E-02   0.000      0.5853E-02  0.2133       0.000    
   342   12.83       13.45       1.385       1.555      0.1168       0.000      0.2262      0.2911E-01  0.1456       0.000      0.2305E-02   0.000      0.5931E-02  0.2093       0.000    
   343   12.83       13.52       1.385       1.546      0.1036       0.000      0.2021      0.3010E-01  0.1308       0.000      0.2205E-02   0.000      0.5880E-02  0.2050       0.000    
   344   12.83       13.58       1.385       1.538      0.9019E-01   0.000      0.1771      0.3103E-01  0.1152       0.000      0.2072E-02   0.000      0.5673E-02  0.2007       0.000    
   345   12.83       13.64       1.385       1.532      0.7659E-01   0.000      0.1513      0.3188E-01  0.9883E-01   0.000      0.1903E-02   0.000      0.5290E-02  0.1965       0.000    
   346   12.84       13.68       1.385       1.526      0.6285E-01   0.000      0.1249      0.3264E-01  0.8184E-01   0.000      0.1696E-02   0.000      0.4714E-02  0.1924       0.000    
   347   12.84       13.72       1.385       1.522      0.4900E-01   0.000      0.9778E-01  0.3330E-01  0.6428E-01   0.000      0.1446E-02   0.000      0.3942E-02  0.1887       0.000    
   348   12.84       13.75       1.385       1.518      0.3506E-01   0.000      0.7022E-01  0.3384E-01  0.4626E-01   0.000      0.1132E-02   0.000      0.2983E-02  0.1855       0.000    
   349   12.84       13.76       1.385       1.516      0.2106E-01   0.000      0.4228E-01  0.3423E-01  0.2789E-01   0.000      0.7217E-03   0.000      0.1863E-02  0.1832       0.000    
   350   12.84       13.77       1.385       1.515      0.7023E-02   0.000      0.1412E-01  0.3443E-01  0.9322E-02   0.000      0.2304E-03   0.000      0.6335E-03  0.1820       0.000    

 Surface forces referred to Sref,Cref,Bref about Xmom,Ymom,Zmom
 Standard axis orientation,  X fwd, Z down         

  Surface # 8     main_wing_4 (YDUP)                      
     # chordwise = 10   # spanwise = 50     First strip =351
     Surface area =  8.6287           ave. chord =  1.8080    
     CLsurf  =   0.039198     Clsurf  =   0.015573
     CYsurf  =   0.000126     Cmsurf  =  -0.023928
     CDsurf  =   0.000866     Cnsurf  =   0.000466
     CDisurf =   0.000343     CDvsurf =   0.000000

  Forces referred to Ssurf, Cave about hinge axis thru LE
     cl_surf =   0.287309     cd_surf =   0.006345

 Strip Forces referred to strip area, chord
    j    xLE         yLE         zLE         Chord       Area        Dihedral   c cl        ai_ff       cl           clj         cd          cdv         cm_c/4     c.p.x/c      Dcj
   351   12.69      -9.003       1.385       2.101      0.9369E-02   0.000      0.6445      0.6246E-02  0.3071       0.000      0.9946E-07   0.000      0.2543E-02  0.2417       0.000    
   352   12.69      -9.012       1.385       2.100      0.2806E-01 -0.9523E-12  0.6441      0.6251E-02  0.3071       0.000      0.3906E-05   0.000      0.2543E-02  0.2417       0.000    
   353   12.69      -9.030       1.385       2.098      0.4659E-01  0.5729E-12  0.6433      0.6254E-02  0.3070       0.000      0.6932E-05   0.000      0.2546E-02  0.2417       0.000    
   354   12.69      -9.056       1.385       2.095      0.6487E-01   0.000      0.6421      0.6247E-02  0.3070       0.000      0.6163E-05   0.000      0.2553E-02  0.2417       0.000    
   355   12.69      -9.092       1.385       2.090      0.8279E-01   0.000      0.6405      0.6215E-02  0.3068       0.000     -0.3159E-05   0.000      0.2570E-02  0.2416       0.000    
   356   12.70      -9.136       1.385       2.085      0.1003     -0.2646E-12  0.6385      0.6136E-02  0.3067       0.000     -0.2797E-04   0.000      0.2603E-02  0.2415       0.000    
   357   12.70      -9.188       1.385       2.079      0.1172      0.2257E-12  0.6362      0.5979E-02  0.3065       0.000     -0.7803E-04   0.000      0.2659E-02  0.2413       0.000    
   358   12.70      -9.248       1.385       2.071      0.1335       0.000      0.6335      0.5699E-02  0.3063       0.000     -0.1677E-03   0.000      0.2749E-02  0.2410       0.000    
   359   12.70      -9.317       1.385       2.063      0.1491     -0.1761E-12  0.6304      0.5220E-02  0.3061       0.000     -0.3199E-03   0.000      0.2884E-02  0.2406       0.000    
   360   12.70      -9.393       1.385       2.053      0.1638      0.1594E-12  0.6270      0.4404E-02  0.3058       0.000     -0.5753E-03   0.000      0.3081E-02  0.2399       0.000    
   361   12.71      -9.476       1.385       2.043      0.1778       0.000      0.6232      0.2962E-02  0.3055       0.000     -0.1016E-02   0.000      0.3364E-02  0.2390       0.000    
   362   12.71      -9.567       1.385       2.032      0.1908     -0.1355E-12  0.6191      0.1551E-03  0.3052       0.000     -0.1844E-02   0.000      0.3769E-02  0.2377       0.000    
   363   12.71      -9.664       1.385       2.020      0.2028      0.2535E-12  0.6146     -0.6628E-02  0.3049       0.000     -0.3723E-02   0.000      0.4358E-02  0.2357       0.000    
   364   12.72      -9.767       1.385       2.007      0.2137     -0.1195E-12  0.6098     -0.3981E-01  0.3048       0.000     -0.1105E-01   0.000      0.5294E-02  0.2326       0.000    
   365   12.72      -9.886       1.385       1.993      0.2593       0.000      0.4283      0.4421E-01  0.4118      0.1972      0.2992E-01   0.000      0.3379E-01  0.1680       2.097    
   366   12.72      -10.02       1.385       1.976      0.2692       0.000      0.3942      0.4143E-01  0.4109      0.2118      0.2694E-01   0.000      0.3499E-01  0.1648       2.114    
   367   12.73      -10.16       1.385       1.959      0.2777       0.000      0.3757      0.4013E-01  0.4074      0.2159      0.2600E-01   0.000      0.3523E-01  0.1635       2.132    
   368   12.73      -10.30       1.385       1.942      0.2849       0.000      0.3647      0.3736E-01  0.4036      0.2160      0.2556E-01   0.000      0.3511E-01  0.1630       2.152    
   369   12.74      -10.45       1.385       1.923      0.2907       0.000      0.3599      0.4006E-01  0.4042      0.2173      0.2562E-01   0.000      0.3573E-01  0.1616       2.172    
   370   12.74      -10.60       1.385       1.904      0.2951     -0.8210E-13  0.3627      0.4099E-01  0.4078      0.2176      0.2625E-01   0.000      0.3660E-01  0.1603       2.194    
   371   12.75      -10.76       1.385       1.885      0.2981      0.8044E-13  0.3806      0.4368E-01  0.4084      0.2067      0.2832E-01   0.000      0.3616E-01  0.1615       2.216    
   372   12.75      -10.91       1.385       1.867      0.2689       0.000      0.5427     -0.2671E-01  0.2915       0.000     -0.7342E-02   0.000      0.5686E-02  0.2305       0.000    
   373   12.76      -11.06       1.385       1.849      0.2695       0.000      0.5322      0.9915E-03  0.2883       0.000     -0.1620E-02   0.000      0.4551E-02  0.2342       0.000    
   374   12.76      -11.20       1.385       1.831      0.2690       0.000      0.5213      0.7054E-02  0.2852       0.000     -0.8996E-04   0.000      0.3842E-02  0.2365       0.000    
   375   12.76      -11.35       1.385       1.813      0.2674       0.000      0.5101      0.9887E-02  0.2818       0.000      0.6347E-03   0.000      0.3373E-02  0.2380       0.000    
   376   12.77      -11.50       1.385       1.794      0.2648       0.000      0.4984      0.1165E-01  0.2781       0.000      0.1065E-02   0.000      0.3074E-02  0.2389       0.000    
   377   12.77      -11.65       1.385       1.776      0.2611       0.000      0.4862      0.1296E-01  0.2740       0.000      0.1355E-02   0.000      0.2905E-02  0.2394       0.000    
   378   12.78      -11.79       1.385       1.758      0.2564       0.000      0.4736      0.1406E-01  0.2697       0.000      0.1569E-02   0.000      0.2839E-02  0.2395       0.000    
   379   12.78      -11.94       1.385       1.741      0.2507       0.000      0.4605      0.1507E-01  0.2649       0.000      0.1737E-02   0.000      0.2857E-02  0.2392       0.000    
   380   12.79      -12.08       1.385       1.723      0.2442       0.000      0.4469      0.1605E-01  0.2596       0.000      0.1876E-02   0.000      0.2945E-02  0.2387       0.000    
   381   12.79      -12.22       1.385       1.706      0.2369       0.000      0.4327      0.1703E-01  0.2539       0.000      0.1993E-02   0.000      0.3094E-02  0.2378       0.000    
   382   12.80      -12.36       1.385       1.689      0.2288       0.000      0.4179      0.1803E-01  0.2477       0.000      0.2096E-02   0.000      0.3294E-02  0.2367       0.000    
   383   12.80      -12.49       1.385       1.672      0.2200       0.000      0.4025      0.1906E-01  0.2409       0.000      0.2185E-02   0.000      0.3537E-02  0.2353       0.000    
   384   12.80      -12.62       1.385       1.656      0.2105       0.000      0.3863      0.2013E-01  0.2334       0.000      0.2262E-02   0.000      0.3818E-02  0.2336       0.000    
   385   12.81      -12.75       1.385       1.641      0.2004       0.000      0.3694      0.2123E-01  0.2253       0.000      0.2327E-02   0.000      0.4127E-02  0.2317       0.000    
   386   12.81      -12.86       1.385       1.626      0.1897       0.000      0.3516      0.2236E-01  0.2164       0.000      0.2379E-02   0.000      0.4456E-02  0.2294       0.000    
   387   12.81      -12.98       1.385       1.612      0.1785       0.000      0.3330      0.2351E-01  0.2067       0.000      0.2416E-02   0.000      0.4792E-02  0.2268       0.000    
   388   12.82      -13.09       1.385       1.599      0.1669      0.1219E-12  0.3135      0.2467E-01  0.1962       0.000      0.2436E-02   0.000      0.5120E-02  0.2239       0.000    
   389   12.82      -13.19       1.385       1.587      0.1549     -0.1303E-12  0.2931      0.2582E-01  0.1848       0.000      0.2438E-02   0.000      0.5421E-02  0.2207       0.000    
   390   12.82      -13.28       1.385       1.575      0.1425       0.000      0.2718      0.2695E-01  0.1726       0.000      0.2419E-02   0.000      0.5674E-02  0.2171       0.000    
   391   12.83      -13.37       1.385       1.565      0.1298       0.000      0.2494      0.2805E-01  0.1595       0.000      0.2375E-02   0.000      0.5853E-02  0.2133       0.000    
   392   12.83      -13.45       1.385       1.555      0.1168       0.000      0.2262      0.2911E-01  0.1456       0.000      0.2305E-02   0.000      0.5931E-02  0.2093       0.000    
   393   12.83      -13.52       1.385       1.546      0.1036       0.000      0.2021      0.3010E-01  0.1308       0.000      0.2205E-02   0.000      0.5880E-02  0.2050       0.000    
   394   12.83      -13.58       1.385       1.538      0.9019E-01   0.000      0.1771      0.3103E-01  0.1152       0.000      0.2072E-02   0.000      0.5673E-02  0.2007       0.000    
   395   12.83      -13.64       1.385       1.532      0.7659E-01   0.000      0.1513      0.3188E-01  0.9883E-01   0.000      0.1903E-02   0.000      0.5290E-02  0.1965       0.000    
   396   12.84      -13.68       1.385       1.526      0.6285E-01   0.000      0.1249      0.3264E-01  0.8184E-01   0.000      0.1696E-02   0.000      0.4714E-02  0.1924       0.000    
   397   12.84      -13.72       1.385       1.522      0.4900E-01   0.000      0.9778E-01  0.3330E-01  0.6428E-01   0.000      0.1446E-02   0.000      0.3942E-02  0.1887       0.000    
   398   12.84      -13.75       1.385       1.518      0.3506E-01   0.000      0.7022E-01  0.3384E-01  0.4626E-01   0.000      0.1132E-02   0.000      0.2983E-02  0.1855       0.000    
   399   12.84      -13.76       1.385       1.516      0.2106E-01   0.000      0.4228E-01  0.3423E-01  0.2789E-01   0.000      0.7217E-03   0.000      0.1863E-02  0.1832       0.000    
   400   12.84      -13.77       1.385       1.515      0.7023E-02   0.000      0.1412E-01  0.3443E-01  0.9322E-02   0.000      0.2304E-03   0.000      0.6335E-03  0.1820       0.000    

 Surface forces referred to Sref,Cref,Bref about Xmom,Ymom,Zmom
 Standard axis orientation,  X fwd, Z down         

  Surface # 9     horizontal_stabilizer                   
     # chordwise = 10   # spanwise = 30     First strip =401
     Surface area =  10.813           ave. chord =  1.8985    
     CLsurf  =   0.030071     Clsurf  =  -0.002708
     CYsurf  =  -0.000069     Cmsurf  =  -0.166248
     CDsurf  =   0.000655     Cnsurf  =  -0.000050
     CDisurf =   0.000655     CDvsurf =   0.000000

  Forces referred to Ssurf, Cave about hinge axis thru LE
     cl_surf =   0.175891     cd_surf =   0.003829

 Strip Forces referred to strip area, chord
    j    xLE         yLE         zLE         Chord       Area        Dihedral   c cl        ai_ff       cl           clj         cd          cdv         cm_c/4     c.p.x/c      Dcj
   401   23.81      0.3903E-02   5.941       2.372      0.3701E-01   0.000      0.4140      0.2858E-01  0.1739       0.000      0.1584E-01   0.000     -0.1239E-02  0.2571       0.000    
   402   23.82      0.3506E-01   5.941       2.367      0.1104       0.000      0.4140      0.2853E-01  0.1748       0.000      0.5492E-02   0.000     -0.1171E-02  0.2567       0.000    
   403   23.83      0.9703E-01   5.941       2.357      0.1818       0.000      0.4139      0.2846E-01  0.1756       0.000      0.4812E-02   0.000     -0.9660E-03  0.2555       0.000    
   404   23.84      0.1891       5.941       2.342      0.2501     -0.4764E-12  0.4137      0.2840E-01  0.1767       0.000      0.4562E-02   0.000     -0.6712E-03  0.2538       0.000    
   405   23.86      0.3104       5.941       2.321      0.3141      0.7521E-12  0.4132      0.2832E-01  0.1780       0.000      0.4399E-02   0.000     -0.3490E-03  0.2520       0.000    
   406   23.88      0.4594       5.941       2.297      0.3728     -0.3135E-12  0.4124      0.2824E-01  0.1796       0.000      0.4279E-02   0.000     -0.4138E-04  0.2502       0.000    
   407   23.91      0.6346       5.941       2.267      0.4253       0.000      0.4111      0.2815E-01  0.1813       0.000      0.4189E-02   0.000      0.2285E-03  0.2487       0.000    
   408   23.94      0.8341       5.941       2.234      0.4709       0.000      0.4091      0.2804E-01  0.1831       0.000      0.4120E-02   0.000      0.4511E-03  0.2475       0.000    
   409   23.97       1.056       5.941       2.197      0.5090       0.000      0.4063      0.2793E-01  0.1850       0.000      0.4067E-02   0.000      0.6271E-03  0.2466       0.000    
   410   24.00       1.297       5.941       2.157      0.5392     -0.2036E-12  0.4027      0.2782E-01  0.1867       0.000      0.4024E-02   0.000      0.7634E-03  0.2459       0.000    
   411   24.04       1.555       5.941       2.114      0.5614      0.1916E-12  0.3980      0.2772E-01  0.1883       0.000      0.3990E-02   0.000      0.8710E-03  0.2454       0.000    
   412   24.08       1.827       5.941       2.069      0.5756       0.000      0.3923      0.2764E-01  0.1897       0.000      0.3959E-02   0.000      0.9619E-03  0.2449       0.000    
   413   24.12       2.111       5.941       2.021      0.5820       0.000      0.3854      0.2761E-01  0.1907       0.000      0.3931E-02   0.000      0.1048E-02  0.2445       0.000    
   414   24.17       2.402       5.941       1.973      0.5808       0.000      0.3774      0.2763E-01  0.1914       0.000      0.3903E-02   0.000      0.1143E-02  0.2440       0.000    
   415   24.21       2.699       5.941       1.923      0.5725       0.000      0.3682      0.2775E-01  0.1915       0.000      0.3875E-02   0.000      0.1256E-02  0.2434       0.000    
   416   24.25       2.997       5.941       1.874      0.5577       0.000      0.3578      0.2796E-01  0.1910       0.000      0.3843E-02   0.000      0.1399E-02  0.2427       0.000    
   417   24.30       3.293       5.941       1.824      0.5371       0.000      0.3460      0.2831E-01  0.1897       0.000      0.3807E-02   0.000      0.1584E-02  0.2416       0.000    
   418   24.34       3.585       5.941       1.776      0.5113       0.000      0.3329      0.2881E-01  0.1875       0.000      0.3764E-02   0.000      0.1824E-02  0.2403       0.000    
   419   24.38       3.868       5.941       1.728      0.4810       0.000      0.3182      0.2949E-01  0.1842       0.000      0.3711E-02   0.000      0.2131E-02  0.2384       0.000    
   420   24.42       4.141       5.941       1.683      0.4470       0.000      0.3019      0.3034E-01  0.1795       0.000      0.3643E-02   0.000      0.2519E-02  0.2360       0.000    
   421   24.46       4.399       5.941       1.640      0.4100       0.000      0.2838      0.3139E-01  0.1731       0.000      0.3553E-02   0.000      0.2993E-02  0.2327       0.000    
   422   24.49       4.640       5.941       1.600      0.3706       0.000      0.2636      0.3260E-01  0.1648       0.000      0.3433E-02   0.000      0.3550E-02  0.2285       0.000    
   423   24.53       4.861       5.941       1.563      0.3294       0.000      0.2412      0.3394E-01  0.1544       0.000      0.3275E-02   0.000      0.4163E-02  0.2230       0.000    
   424   24.56       5.061       5.941       1.530      0.2869       0.000      0.2163      0.3536E-01  0.1414       0.000      0.3068E-02   0.000      0.4770E-02  0.2163       0.000    
   425   24.58       5.236       5.941       1.500      0.2436       0.000      0.1888      0.3677E-01  0.1258       0.000      0.2803E-02   0.000      0.5263E-02  0.2082       0.000    
   426   24.60       5.385       5.941       1.476      0.1997       0.000      0.1588      0.3811E-01  0.1076       0.000      0.2471E-02   0.000      0.5491E-02  0.1990       0.000    
   427   24.62       5.506       5.941       1.455      0.1555       0.000      0.1264      0.3930E-01  0.8684E-01   0.000      0.2068E-02   0.000      0.5284E-02  0.1891       0.000    
   428   24.64       5.598       5.941       1.440      0.1111       0.000      0.9191E-01  0.4030E-01  0.6383E-01   0.000      0.1589E-02   0.000      0.4495E-02  0.1796       0.000    
   429   24.64       5.660       5.941       1.430      0.6667E-01   0.000      0.5584E-01  0.4107E-01  0.3905E-01   0.000      0.1026E-02   0.000      0.3065E-02  0.1715       0.000    
   430   24.65       5.692       5.941       1.425      0.2222E-01   0.000      0.1873E-01  0.4150E-01  0.1315E-01   0.000      0.3078E-03   0.000      0.1093E-02  0.1669       0.000    

 Surface forces referred to Sref,Cref,Bref about Xmom,Ymom,Zmom
 Standard axis orientation,  X fwd, Z down         

  Surface #10     horizontal_stabilizer (YDUP)            
     # chordwise = 10   # spanwise = 30     First strip =431
     Surface area =  10.813           ave. chord =  1.8985    
     CLsurf  =   0.030070     Clsurf  =   0.002708
     CYsurf  =   0.000069     Cmsurf  =  -0.166241
     CDsurf  =   0.000655     Cnsurf  =   0.000050
     CDisurf =   0.000655     CDvsurf =   0.000000

  Forces referred to Ssurf, Cave about hinge axis thru LE
     cl_surf =   0.175883     cd_surf =   0.003829

 Strip Forces referred to strip area, chord
    j    xLE         yLE         zLE         Chord       Area        Dihedral   c cl        ai_ff       cl           clj         cd          cdv         cm_c/4     c.p.x/c      Dcj
   431   23.81     -0.3903E-02   5.941       2.372      0.3701E-01   0.000      0.4140      0.2858E-01  0.1739       0.000      0.1585E-01   0.000     -0.1238E-02  0.2571       0.000    
   432   23.82     -0.3506E-01   5.941       2.367      0.1104       0.000      0.4139      0.2853E-01  0.1748       0.000      0.5493E-02   0.000     -0.1171E-02  0.2567       0.000    
   433   23.83     -0.9703E-01   5.941       2.357      0.1818       0.000      0.4139      0.2846E-01  0.1756       0.000      0.4812E-02   0.000     -0.9661E-03  0.2555       0.000    
   434   23.84     -0.1891       5.941       2.342      0.2501      0.4764E-12  0.4137      0.2840E-01  0.1767       0.000      0.4562E-02   0.000     -0.6713E-03  0.2538       0.000    
   435   23.86     -0.3104       5.941       2.321      0.3141     -0.7521E-12  0.4132      0.2832E-01  0.1780       0.000      0.4399E-02   0.000     -0.3491E-03  0.2520       0.000    
   436   23.88     -0.4594       5.941       2.297      0.3728      0.3135E-12  0.4124      0.2824E-01  0.1796       0.000      0.4279E-02   0.000     -0.4146E-04  0.2502       0.000    
   437   23.91     -0.6346       5.941       2.267      0.4253       0.000      0.4110      0.2815E-01  0.1813       0.000      0.4189E-02   0.000      0.2284E-03  0.2487       0.000    
   438   23.94     -0.8341       5.941       2.234      0.4709       0.000      0.4091      0.2804E-01  0.1831       0.000      0.4120E-02   0.000      0.4511E-03  0.2475       0.000    
   439   23.97      -1.056       5.941       2.197      0.5090       0.000      0.4063      0.2793E-01  0.1850       0.000      0.4067E-02   0.000      0.6271E-03  0.2466       0.000    
   440   24.00      -1.297       5.941       2.157      0.5392      0.2036E-12  0.4026      0.2782E-01  0.1867       0.000      0.4024E-02   0.000      0.7634E-03  0.2459       0.000    
   441   24.04      -1.555       5.941       2.114      0.5614     -0.1916E-12  0.3980      0.2772E-01  0.1883       0.000      0.3990E-02   0.000      0.8710E-03  0.2454       0.000    
   442   24.08      -1.827       5.941       2.069      0.5756       0.000      0.3923      0.2764E-01  0.1897       0.000      0.3959E-02   0.000      0.9619E-03  0.2449       0.000    
   443   24.12      -2.111       5.941       2.021      0.5820       0.000      0.3854      0.2761E-01  0.1907       0.000      0.3931E-02   0.000      0.1048E-02  0.2445       0.000    
   444   24.17      -2.402       5.941       1.973      0.5808       0.000      0.3774      0.2764E-01  0.1914       0.000      0.3903E-02   0.000      0.1143E-02  0.2440       0.000    
   445   24.21      -2.699       5.941       1.923      0.5725       0.000      0.3682      0.2775E-01  0.1915       0.000      0.3875E-02   0.000      0.1256E-02  0.2434       0.000    
   446   24.25      -2.997       5.941       1.874      0.5577       0.000      0.3577      0.2796E-01  0.1910       0.000      0.3843E-02   0.000      0.1399E-02  0.2427       0.000    
   447   24.30      -3.293       5.941       1.824      0.5371       0.000      0.3460      0.2831E-01  0.1897       0.000      0.3807E-02   0.000      0.1584E-02  0.2416       0.000    
   448   24.34      -3.585       5.941       1.776      0.5113       0.000      0.3329      0.2881E-01  0.1875       0.000      0.3764E-02   0.000      0.1824E-02  0.2403       0.000    
   449   24.38      -3.868       5.941       1.728      0.4810       0.000      0.3182      0.2949E-01  0.1842       0.000      0.3711E-02   0.000      0.2131E-02  0.2384       0.000    
   450   24.42      -4.141       5.941       1.683      0.4470       0.000      0.3019      0.3034E-01  0.1795       0.000      0.3643E-02   0.000      0.2519E-02  0.2360       0.000    
   451   24.46      -4.399       5.941       1.640      0.4100       0.000      0.2838      0.3139E-01  0.1731       0.000      0.3553E-02   0.000      0.2993E-02  0.2327       0.000    
   452   24.49      -4.640       5.941       1.600      0.3706       0.000      0.2636      0.3260E-01  0.1648       0.000      0.3433E-02   0.000      0.3550E-02  0.2285       0.000    
   453   24.53      -4.861       5.941       1.563      0.3294       0.000      0.2412      0.3394E-01  0.1544       0.000      0.3275E-02   0.000      0.4163E-02  0.2230       0.000    
   454   24.56      -5.061       5.941       1.530      0.2869       0.000      0.2163      0.3536E-01  0.1414       0.000      0.3068E-02   0.000      0.4769E-02  0.2163       0.000    
   455   24.58      -5.236       5.941       1.500      0.2436       0.000      0.1888      0.3677E-01  0.1258       0.000      0.2803E-02   0.000      0.5263E-02  0.2082       0.000    
   456   24.60      -5.385       5.941       1.476      0.1997       0.000      0.1588      0.3811E-01  0.1076       0.000      0.2471E-02   0.000      0.5491E-02  0.1990       0.000    
   457   24.62      -5.506       5.941       1.455      0.1555       0.000      0.1264      0.3930E-01  0.8683E-01   0.000      0.2068E-02   0.000      0.5284E-02  0.1891       0.000    
   458   24.64      -5.598       5.941       1.440      0.1111       0.000      0.9190E-01  0.4030E-01  0.6382E-01   0.000      0.1589E-02   0.000      0.4494E-02  0.1796       0.000    
   459   24.64      -5.660       5.941       1.430      0.6667E-01   0.000      0.5584E-01  0.4107E-01  0.3905E-01   0.000      0.1026E-02   0.000      0.3065E-02  0.1715       0.000    
   460   24.65      -5.692       5.941       1.425      0.2222E-01   0.000      0.1873E-01  0.4150E-01  0.1315E-01   0.000      0.3078E-03   0.000      0.1093E-02  0.1669       0.000    

 Surface forces referred to Sref,Cref,Bref about Xmom,Ymom,Zmom
 Standard axis orientation,  X fwd, Z down         

  Surface #11     vertical_stabilizer                     
     # chordwise = 10   # spanwise = 30     First strip =461
     Surface area =  15.021           ave. chord =  3.0640    
     CLsurf  =   0.000000     Clsurf  =  -0.000000
     CYsurf  =  -0.000003     Cmsurf  =  -0.000000
     CDsurf  =  -0.000000     Cnsurf  =   0.000001
     CDisurf =  -0.000000     CDvsurf =   0.000000

  Forces referred to Ssurf, Cave about hinge axis thru LE
     cl_surf =   0.000000     cd_surf =  -0.000000

 Strip Forces referred to strip area, chord
    j    xLE         yLE         zLE         Chord       Area        Dihedral   c cl        ai_ff       cl           clj         cd          cdv         cm_c/4     c.p.x/c      Dcj
   461   20.77       0.000       1.055       3.825      0.1444       90.00      0.1539E-04 -0.1065E-04  0.4022E-05   0.000      0.9225E-11   0.000      0.3787E-06  0.1559       0.000    
   462   20.80       0.000       1.104       3.809      0.2351       90.00      0.2850E-04  0.3108E-03  0.7481E-05   0.000     -0.7867E-11   0.000      0.7343E-06  0.1518       0.000    
   463   20.85       0.000       1.178       3.787      0.3227       90.00      0.4230E-04  0.4299E-04  0.1117E-04   0.000     -0.5039E-10   0.000      0.1186E-05  0.1438       0.000    
   464   20.91       0.000       1.275       3.756      0.4056       90.00      0.5728E-04  0.8899E-04  0.1525E-04   0.000     -0.1576E-09   0.000      0.1793E-05  0.1324       0.000    
   465   20.98       0.000       1.394       3.719      0.4827       90.00      0.2750E-03 -0.4632E-03  0.7394E-04   0.000     -0.1273E-09   0.000      0.8288E-05  0.1379       0.000    
   466   21.07       0.000       1.534       3.675      0.5527       90.00      0.5758E-04 -0.1433E-04  0.1567E-04   0.000     -0.1029E-09   0.000      0.1456E-05  0.1571       0.000    
   467   21.17       0.000       1.694       3.625      0.6145       90.00      0.5666E-04 -0.2008E-05  0.1563E-04   0.000     -0.9748E-10   0.000      0.1335E-05  0.1646       0.000    
   468   21.28       0.000       1.873       3.569      0.6675       90.00      0.5402E-04 -0.1295E-05  0.1513E-04   0.000     -0.7882E-10   0.000      0.1131E-05  0.1753       0.000    
   469   21.40       0.000       2.068       3.508      0.7109       90.00      0.5096E-04 -0.1238E-05  0.1452E-04   0.000     -0.6429E-10   0.000      0.9396E-06  0.1853       0.000    
   470   21.53       0.000       2.277       3.443      0.7444       90.00      0.4778E-04 -0.1241E-05  0.1388E-04   0.000     -0.5324E-10   0.000      0.7723E-06  0.1944       0.000    
   471   21.67       0.000       2.499       3.374      0.7679       90.00      0.4461E-04 -0.1253E-05  0.1322E-04   0.000     -0.4456E-10   0.000      0.6275E-06  0.2025       0.000    
   472   21.82       0.000       2.732       3.301      0.7814       90.00      0.4152E-04 -0.1266E-05  0.1258E-04   0.000     -0.3757E-10   0.000      0.5025E-06  0.2100       0.000    
   473   21.97       0.000       2.972       3.226      0.7852       90.00      0.3858E-04 -0.1277E-05  0.1196E-04   0.000     -0.3191E-10   0.000      0.3946E-06  0.2170       0.000    
   474   22.12       0.000       3.218       3.149      0.7796       90.00      0.3584E-04 -0.1285E-05  0.1138E-04   0.000     -0.2733E-10   0.000      0.3015E-06  0.2235       0.000    
   475   22.27       0.000       3.467       3.071      0.7654       90.00      0.3336E-04 -0.1291E-05  0.1086E-04   0.000     -0.2363E-10   0.000      0.2207E-06  0.2297       0.000    
   476   22.43       0.000       3.716       2.993      0.7432       90.00      0.3115E-04 -0.1293E-05  0.1041E-04   0.000     -0.2067E-10   0.000      0.1500E-06  0.2356       0.000    
   477   22.58       0.000       3.963       2.916      0.7137       90.00      0.2923E-04 -0.1290E-05  0.1002E-04   0.000     -0.1832E-10   0.000      0.8750E-07  0.2413       0.000    
   478   22.73       0.000       4.205       2.841      0.6780       90.00      0.2759E-04 -0.1281E-05  0.9713E-05   0.000     -0.1646E-10   0.000      0.3205E-07  0.2467       0.000    
   479   22.88       0.000       4.439       2.767      0.6368       90.00      0.2623E-04 -0.1263E-05  0.9479E-05   0.000     -0.1500E-10   0.000     -0.1663E-07  0.2518       0.000    
   480   23.02       0.000       4.664       2.697      0.5911       90.00      0.2513E-04 -0.1234E-05  0.9318E-05   0.000     -0.1388E-10   0.000     -0.5764E-07  0.2562       0.000    
   481   23.15       0.000       4.877       2.630      0.5416       90.00      0.2426E-04 -0.1193E-05  0.9224E-05   0.000     -0.1304E-10   0.000     -0.8876E-07  0.2596       0.000    
   482   23.27       0.000       5.076       2.568      0.4893       90.00      0.2360E-04 -0.1140E-05  0.9188E-05   0.000     -0.1244E-10   0.000     -0.1069E-06  0.2616       0.000    
   483   23.39       0.000       5.258       2.512      0.4348       90.00      0.2310E-04 -0.1075E-05  0.9198E-05   0.000     -0.1205E-10   0.000     -0.1088E-06  0.2618       0.000    
   484   23.49       0.000       5.421       2.460      0.3786       90.00      0.2273E-04 -0.1002E-05  0.9238E-05   0.000     -0.1186E-10   0.000     -0.9209E-07  0.2600       0.000    
   485   23.58       0.000       5.565       2.416      0.3214       90.00      0.2245E-04 -0.9214E-06  0.9292E-05   0.000     -0.1186E-10   0.000     -0.5703E-07  0.2561       0.000    
   486   23.66       0.000       5.687       2.377      0.2635       90.00      0.2221E-04 -0.8390E-06  0.9343E-05   0.000     -0.1206E-10   0.000     -0.7366E-08  0.2508       0.000    
   487   23.72       0.000       5.786       2.346      0.2051       90.00      0.2199E-04 -0.7585E-06  0.9371E-05   0.000     -0.1218E-10   0.000      0.5035E-07  0.2446       0.000    
   488   23.76       0.000       5.862       2.323      0.1466       90.00      0.2161E-04 -0.6758E-06  0.9303E-05   0.000     -0.1056E-10   0.000      0.1058E-06  0.2386       0.000    
   489   23.80       0.000       5.913       2.307      0.8798E-01   90.00      0.2028E-04 -0.6006E-06  0.8789E-05   0.000      0.2312E-11   0.000      0.8052E-07  0.2408       0.000    
   490   23.81       0.000       5.938       2.299      0.2933E-01   90.00      0.1049E-04 -0.5737E-06  0.4564E-05   0.000      0.1671E-09   0.000     -0.8428E-06  0.4347       0.000    

 Surface forces referred to Sref,Cref,Bref about Xmom,Ymom,Zmom
 Standard axis orientation,  X fwd, Z down         

  Surface #12     fuselage_horizontal                     
     # chordwise = 10   # spanwise = 30     First strip =491
     Surface area =  65.503           ave. chord =  23.647    
     CLsurf  =   0.007679     Clsurf  =   0.000000
     CYsurf  =   0.000001     Cmsurf  =   0.050344
     CDsurf  =   0.000037     Cnsurf  =  -0.000000
     CDisurf =   0.000037     CDvsurf =   0.000000

  Forces referred to Ssurf, Cave about hinge axis thru LE
     cl_surf =   0.007415     cd_surf =   0.000036

 Strip Forces referred to strip area, chord
    j    xLE         yLE         zLE         Chord       Area        Dihedral   c cl        ai_ff       cl           clj         cd          cdv         cm_c/4     c.p.x/c      Dcj
   491   3.132      -1.339       0.000       15.61       1.441       0.000      0.6686E-01  0.4475E-01  0.4307E-02   0.000     -0.3267E-03   0.000      0.2427E-02 -0.3135       0.000    
   492   2.645      -1.247       0.000       17.73       1.637       0.000      0.1010      0.4961E-01  0.5715E-02   0.000     -0.2233E-03   0.000      0.2858E-02 -0.2501       0.000    
   493   2.159      -1.154       0.000       19.86       1.834       0.000      0.1265      0.5263E-01  0.6386E-02   0.000     -0.1166E-03   0.000      0.2922E-02 -0.2076       0.000    
   494   1.788      -1.062       0.000       21.39       1.975       0.000      0.1453      0.5396E-01  0.6805E-02   0.000     -0.3034E-04   0.000      0.3021E-02 -0.1939       0.000    
   495   1.533     -0.9695       0.000       22.32       2.061       0.000      0.1609      0.5409E-01  0.7217E-02   0.000      0.1508E-04   0.000      0.3150E-02 -0.1865       0.000    
   496   1.278     -0.8772       0.000       23.26       2.147       0.000      0.1735      0.5387E-01  0.7469E-02   0.000      0.3630E-05   0.000      0.3232E-02 -0.1827       0.000    
   497   1.058     -0.7848       0.000       24.08       2.223       0.000      0.1836      0.5328E-01  0.7638E-02   0.000      0.5313E-05   0.000      0.3300E-02 -0.1820       0.000    
   498  0.8733     -0.6925       0.000       24.78       2.288       0.000      0.1921      0.5295E-01  0.7763E-02   0.000      0.2394E-05   0.000      0.3353E-02 -0.1819       0.000    
   499  0.6887     -0.6002       0.000       25.49       2.353       0.000      0.1991      0.5243E-01  0.7821E-02   0.000     -0.1973E-04   0.000      0.3381E-02 -0.1822       0.000    
   500  0.5311     -0.5078       0.000       26.02       2.403       0.000      0.2046      0.5201E-01  0.7877E-02   0.000     -0.6703E-04   0.000      0.3411E-02 -0.1830       0.000    
   501  0.4004     -0.4155       0.000       26.38       2.436       0.000      0.2093      0.5177E-01  0.7946E-02   0.000      0.1682E-05   0.000      0.3443E-02 -0.1833       0.000    
   502  0.2697     -0.3232       0.000       26.74       2.469       0.000      0.2130      0.5156E-01  0.7980E-02   0.000     -0.5237E-04   0.000      0.3457E-02 -0.1832       0.000    
   503  0.1703     -0.2308       0.000       26.95       2.488       0.000      0.2157      0.5149E-01  0.8015E-02   0.000     -0.1585E-05   0.000      0.3473E-02 -0.1833       0.000    
   504  0.1022     -0.1385       0.000       27.02       2.495       0.000      0.2176      0.5148E-01  0.8055E-02   0.000      0.2185E-03   0.000      0.3492E-02 -0.1835       0.000    
   505  0.3407E-01 -0.4617E-01   0.000       27.09       2.501       0.000      0.2186      0.5146E-01  0.8040E-02   0.000      0.8095E-03   0.000      0.3495E-02 -0.1847       0.000    
   506  0.3407E-01  0.4617E-01   0.000       27.09       2.501       0.000      0.2186      0.5154E-01  0.8040E-02   0.000      0.8095E-03   0.000      0.3496E-02 -0.1848       0.000    
   507  0.1022      0.1385       0.000       27.02       2.495       0.000      0.2176      0.5151E-01  0.8053E-02   0.000      0.2184E-03   0.000      0.3492E-02 -0.1837       0.000    
   508  0.1703      0.2308       0.000       26.95       2.488       0.000      0.2156      0.5149E-01  0.8013E-02   0.000     -0.1822E-05   0.000      0.3474E-02 -0.1835       0.000    
   509  0.2697      0.3232       0.000       26.74       2.469       0.000      0.2129      0.5156E-01  0.7977E-02   0.000     -0.5269E-04   0.000      0.3457E-02 -0.1834       0.000    
   510  0.4004      0.4155       0.000       26.38       2.436       0.000      0.2092      0.5177E-01  0.7942E-02   0.000      0.1400E-05   0.000      0.3444E-02 -0.1836       0.000    
   511  0.5311      0.5078       0.000       26.02       2.403       0.000      0.2045      0.5201E-01  0.7873E-02   0.000     -0.6739E-04   0.000      0.3412E-02 -0.1834       0.000    
   512  0.6887      0.6002       0.000       25.49       2.353       0.000      0.1989      0.5243E-01  0.7817E-02   0.000     -0.2006E-04   0.000      0.3382E-02 -0.1826       0.000    
   513  0.8733      0.6925       0.000       24.78       2.288       0.000      0.1920      0.5295E-01  0.7758E-02   0.000      0.2091E-05   0.000      0.3354E-02 -0.1823       0.000    
   514   1.058      0.7848       0.000       24.08       2.223       0.000      0.1835      0.5328E-01  0.7632E-02   0.000      0.5015E-05   0.000      0.3301E-02 -0.1825       0.000    
   515   1.278      0.8772       0.000       23.26       2.147       0.000      0.1734      0.5387E-01  0.7464E-02   0.000      0.3355E-05   0.000      0.3233E-02 -0.1832       0.000    
   516   1.533      0.9695       0.000       22.32       2.061       0.000      0.1608      0.5409E-01  0.7211E-02   0.000      0.1486E-04   0.000      0.3151E-02 -0.1870       0.000    
   517   1.788       1.062       0.000       21.39       1.975       0.000      0.1452      0.5396E-01  0.6800E-02   0.000     -0.3050E-04   0.000      0.3022E-02 -0.1944       0.000    
   518   2.159       1.154       0.000       19.86       1.834       0.000      0.1264      0.5264E-01  0.6379E-02   0.000     -0.1167E-03   0.000      0.2923E-02 -0.2083       0.000    
   519   2.645       1.247       0.000       17.73       1.637       0.000      0.1009      0.4962E-01  0.5709E-02   0.000     -0.2234E-03   0.000      0.2860E-02 -0.2510       0.000    
   520   3.132       1.339       0.000       15.61       1.441       0.000      0.6678E-01  0.4476E-01  0.4301E-02   0.000     -0.3269E-03   0.000      0.2428E-02 -0.3146       0.000    

 Surface forces referred to Sref,Cref,Bref about Xmom,Ymom,Zmom
 Standard axis orientation,  X fwd, Z down         

  Surface #13     fuselage_vertical                       
     # chordwise = 10   # spanwise = 30     First strip =521
     Surface area =  65.103           ave. chord =  23.503    
     CLsurf  =   0.000000     Clsurf  =   0.000000
     CYsurf  =  -0.000002     Cmsurf  =  -0.000000
     CDsurf  =   0.000000     Cnsurf  =   0.000001
     CDisurf =   0.000000     CDvsurf =   0.000000

  Forces referred to Ssurf, Cave about hinge axis thru LE
     cl_surf =   0.000000     cd_surf =   0.000000

 Strip Forces referred to strip area, chord
    j    xLE         yLE         zLE         Chord       Area        Dihedral   c cl        ai_ff       cl           clj         cd          cdv         cm_c/4     c.p.x/c      Dcj
   521   2.856       0.000      -1.339       15.65       1.445       90.00     -0.1562E-05 -0.3600E-05 -0.9979E-07   0.000     -0.6938E-11   0.000     -0.4411E-06  -4.170       0.000    
   522   1.819       0.000      -1.247       17.87       1.650       90.00     -0.1816E-05 -0.3071E-05 -0.1016E-06   0.000     -0.4935E-11   0.000     -0.5549E-06  -5.210       0.000    
   523  0.7817       0.000      -1.154       20.09       1.855       90.00     -0.1616E-05 -0.2471E-05 -0.8046E-07   0.000      0.8877E-11   0.000     -0.5932E-06  -7.122       0.000    
   524  0.2207       0.000      -1.062       21.48       1.984       90.00     -0.1095E-04 -0.1724E-05 -0.5095E-06   0.000      0.2126E-10   0.000     -0.3668E-06 -0.4699       0.000    
   525  0.1361       0.000     -0.9695       22.06       2.037       90.00     -0.1093E-04 -0.1609E-05 -0.4955E-06   0.000      0.1350E-10   0.000     -0.4092E-06 -0.5759       0.000    
   526  0.5142E-01   0.000     -0.8772       22.63       2.090       90.00     -0.1039E-04 -0.1426E-05 -0.4590E-06   0.000      0.1400E-10   0.000     -0.4474E-06 -0.7249       0.000    
   527  0.1405E-01   0.000     -0.7848       23.10       2.133       90.00     -0.1092E-04 -0.1220E-05 -0.4728E-06   0.000      0.1490E-10   0.000     -0.4441E-06 -0.6892       0.000    
   528  0.2395E-01   0.000     -0.6925       23.47       2.167       90.00     -0.9276E-05 -0.1088E-05 -0.3953E-06   0.000      0.1517E-10   0.000     -0.4844E-06 -0.9756       0.000    
   529  0.3385E-01   0.000     -0.6002       23.83       2.200       90.00     -0.6943E-05 -0.8957E-06 -0.2913E-06   0.000      0.1476E-10   0.000     -0.5241E-06  -1.549       0.000    
   530  0.6640E-01   0.000     -0.5078       24.15       2.229       90.00     -0.4560E-05 -0.6810E-06 -0.1889E-06   0.000      0.1292E-10   0.000     -0.5493E-06  -2.658       0.000    
   531  0.1216       0.000     -0.4155       24.41       2.254       90.00     -0.3149E-06 -0.4078E-06 -0.1290E-07   0.000      0.9838E-11   0.000     -0.5931E-06  -45.72       0.000    
   532  0.1768       0.000     -0.3232       24.67       2.278       90.00      0.5419E-05  0.1836E-06  0.2197E-06   0.000      0.6205E-11   0.000     -0.6380E-06   3.154       0.000    
   533  0.2450       0.000     -0.2308       24.90       2.299       90.00      0.1321E-04  0.2240E-05  0.5305E-06   0.000      0.2834E-11   0.000     -0.6895E-06   1.550       0.000    
   534  0.3263       0.000     -0.1385       25.09       2.317       90.00      0.2541E-04  0.1142E-04  0.1013E-05   0.000      0.1768E-11   0.000     -0.7638E-06   1.004       0.000    
   535  0.4076       0.000     -0.4617E-01   25.29       2.335       90.00      0.4274E-04  0.4108E-04  0.1690E-05   0.000      0.6948E-11   0.000     -0.8610E-06  0.7595       0.000    
   536  0.5006       0.000      0.4617E-01   25.46       2.351       90.00      0.6275E-04 -0.4215E-04  0.2464E-05   0.000      0.1760E-10   0.000     -0.9848E-06  0.6496       0.000    
   537  0.6052       0.000      0.1385       25.61       2.365       90.00      0.7977E-04 -0.1251E-04  0.3115E-05   0.000      0.2363E-10   0.000     -0.1064E-05  0.5916       0.000    
   538  0.7098       0.000      0.2308       25.76       2.378       90.00      0.8778E-04 -0.3285E-05  0.3408E-05   0.000      0.1263E-10   0.000     -0.1061E-05  0.5612       0.000    
   539  0.8268       0.000      0.3232       25.85       2.387       90.00      0.9682E-04 -0.1152E-05  0.3745E-05   0.000      0.1281E-11   0.000     -0.1161E-05  0.5600       0.000    
   540  0.9561       0.000      0.4155       25.90       2.392       90.00      0.1037E-03 -0.6100E-06  0.4004E-05   0.000     -0.3383E-11   0.000     -0.1178E-05  0.5442       0.000    
   541   1.086       0.000      0.5078       25.95       2.396       90.00      0.1090E-03 -0.4481E-06  0.4201E-05   0.000     -0.1460E-10   0.000     -0.1181E-05  0.5310       0.000    
   542   1.230       0.000      0.6002       25.89       2.391       90.00      0.1207E-03 -0.4454E-06  0.4663E-05   0.000     -0.2548E-10   0.000     -0.1465E-05  0.5642       0.000    
   543   1.390       0.000      0.6925       25.73       2.376       90.00      0.1236E-03 -0.5818E-06  0.4803E-05   0.000     -0.1335E-10   0.000     -0.1465E-05  0.5551       0.000    
   544   1.549       0.000      0.7848       25.57       2.361       90.00      0.1246E-03 -0.1039E-05  0.4871E-05   0.000     -0.1239E-10   0.000     -0.1444E-05  0.5464       0.000    
   545   1.732       0.000      0.8772       25.39       2.344       90.00      0.1233E-03 -0.3056E-05  0.4855E-05   0.000     -0.2507E-10   0.000     -0.1394E-05  0.5370       0.000    
   546   1.938       0.000      0.9695       25.18       2.325       90.00      0.1158E-03 -0.2162E-04  0.4597E-05   0.000     -0.5273E-10   0.000     -0.1245E-05  0.5209       0.000    
   547   2.144       0.000       1.062       24.98       2.306       90.00      0.9872E-04 -0.5059E-04  0.3953E-05   0.000     -0.1649E-09   0.000     -0.9303E-06  0.4853       0.000    
   548   2.435       0.000       1.154       23.15       2.138       90.00      0.2017E-03  0.5924E-04  0.8712E-05   0.000      0.1147E-09   0.000     -0.5178E-05  0.8444       0.000    
   549   2.811       0.000       1.247       19.71       1.820       90.00      0.1476E-03  0.5176E-04  0.7490E-05   0.000      0.6367E-10   0.000     -0.4874E-05  0.9008       0.000    
   550   3.187       0.000       1.339       16.27       1.502       90.00     -0.1155E-03  0.3462E-04 -0.7100E-05   0.000      0.1833E-10   0.000      0.2728E-05  0.6343       0.000    

 Surface forces referred to Sref,Cref,Bref about Xmom,Ymom,Zmom
 Standard axis orientation,  X fwd, Z down         

  Surface #14     nacelle_horizontal                      
     # chordwise =  6   # spanwise = 11     First strip =551
     Surface area = 0.21920           ave. chord = 0.58830    
     CLsurf  =   0.000268     Clsurf  =  -0.000023
     CYsurf  =   0.000000     Cmsurf  =   0.000124
     CDsurf  =   0.000003     Cnsurf  =  -0.000001
     CDisurf =   0.000003     CDvsurf =   0.000000

  Forces referred to Ssurf, Cave about hinge axis thru LE
     cl_surf =   0.077201     cd_surf =   0.000863

 Strip Forces referred to strip area, chord
    j    xLE         yLE         zLE         Chord       Area        Dihedral   c cl        ai_ff       cl           clj         cd          cdv         cm_c/4     c.p.x/c      Dcj
   551   10.66       2.190       1.199      0.2054      0.7661E-02   0.000      0.2726E-01  0.8418E-01  0.1331       0.000     -0.3939E-02   0.000      0.5752E-02  0.2068       0.000    
   552   10.55       2.227       1.199      0.4834      0.1803E-01   0.000      0.4100E-01  0.9565E-01  0.8494E-01   0.000      0.3442E-05   0.000      0.7139E-02  0.1660       0.000    
   553   10.50       2.264       1.199      0.6385      0.2375E-01   0.000      0.4925E-01  0.9746E-01  0.7720E-01   0.000      0.8001E-03   0.000      0.7100E-02  0.1580       0.000    
   554   10.46       2.302       1.199      0.7600      0.2835E-01   0.000      0.5404E-01  0.9481E-01  0.7112E-01   0.000      0.1471E-02   0.000      0.6767E-02  0.1549       0.000    
   555   10.44       2.329       1.199      0.8342      0.1552E-01   0.000      0.5572E-01  0.8658E-01  0.6677E-01   0.000      0.2164E-02   0.000      0.6496E-02  0.1527       0.000    
   556   10.44       2.348       1.199      0.8743      0.1626E-01   0.000      0.5637E-01  0.6913E-01  0.6445E-01   0.000      0.2131E-02   0.000      0.6344E-02  0.1516       0.000    
   557   10.44       2.376       1.199      0.8542      0.3186E-01   0.000      0.5636E-01  0.1219      0.6596E-01   0.000      0.1898E-02   0.000      0.6495E-02  0.1515       0.000    
   558   10.46       2.413       1.199      0.7600      0.2835E-01   0.000      0.5362E-01  0.1058      0.7057E-01   0.000      0.1407E-02   0.000      0.6872E-02  0.1526       0.000    
   559   10.50       2.451       1.199      0.6384      0.2375E-01   0.000      0.4850E-01  0.9997E-01  0.7602E-01   0.000      0.7568E-03   0.000      0.7255E-02  0.1546       0.000    
   560   10.55       2.488       1.199      0.4834      0.1803E-01   0.000      0.4045E-01  0.9707E-01  0.8380E-01   0.000      0.5727E-05   0.000      0.7396E-02  0.1617       0.000    
   561   10.66       2.525       1.199      0.2054      0.7641E-02   0.000      0.2729E-01  0.8597E-01  0.1333       0.000     -0.3664E-02   0.000      0.6478E-02  0.2014       0.000    

 Surface forces referred to Sref,Cref,Bref about Xmom,Ymom,Zmom
 Standard axis orientation,  X fwd, Z down         

  Surface #15     nacelle_horizontal (YDUP)               
     # chordwise =  6   # spanwise = 11     First strip =562
     Surface area = 0.21920           ave. chord = 0.58830    
     CLsurf  =   0.000174     Clsurf  =   0.000015
     CYsurf  =  -0.000000     Cmsurf  =   0.000081
     CDsurf  =   0.000002     Cnsurf  =   0.000001
     CDisurf =   0.000002     CDvsurf =   0.000000

  Forces referred to Ssurf, Cave about hinge axis thru LE
     cl_surf =   0.050077     cd_surf =   0.000532

 Strip Forces referred to strip area, chord
    j    xLE         yLE         zLE         Chord       Area        Dihedral   c cl        ai_ff       cl           clj         cd          cdv         cm_c/4     c.p.x/c      Dcj
   562   10.66      -2.190       1.199      0.2054      0.7661E-02   0.000      0.2006E-01  0.1313      0.9787E-01   0.000     -0.1846E-02   0.000      0.5503E-02  0.1938       0.000    
   563   10.55      -2.227       1.199      0.4834      0.1803E-01   0.000      0.2824E-01  0.1242      0.5849E-01   0.000      0.1091E-03   0.000      0.5750E-02  0.1517       0.000    
   564   10.50      -2.264       1.199      0.6385      0.2375E-01   0.000      0.3332E-01  0.1381      0.5223E-01   0.000      0.4935E-03   0.000      0.5379E-02  0.1470       0.000    
   565   10.46      -2.302       1.199      0.7600      0.2835E-01   0.000      0.3419E-01  0.1141      0.4499E-01   0.000      0.9076E-03   0.000      0.4652E-02  0.1466       0.000    
   566   10.44      -2.329       1.199      0.8342      0.1552E-01   0.000      0.3124E-01 -0.2138E-02  0.3744E-01   0.000      0.1070E-02   0.000      0.3889E-02  0.1461       0.000    
   567   10.44      -2.348       1.199      0.8743      0.1626E-01   0.000      0.3143E-01 -0.4260E-01  0.3595E-01   0.000      0.9813E-03   0.000      0.3766E-02  0.1452       0.000    
   568   10.44      -2.376       1.199      0.8542      0.3186E-01   0.000      0.3486E-01  0.1607      0.4081E-01   0.000      0.1030E-02   0.000      0.4289E-02  0.1449       0.000    
   569   10.46      -2.413       1.199      0.7600      0.2835E-01   0.000      0.3465E-01  0.1437      0.4561E-01   0.000      0.8201E-03   0.000      0.4822E-02  0.1443       0.000    
   570   10.50      -2.451       1.199      0.6384      0.2375E-01   0.000      0.3111E-01  0.1135      0.4877E-01   0.000      0.5030E-03   0.000      0.5248E-02  0.1424       0.000    
   571   10.55      -2.488       1.199      0.4834      0.1803E-01   0.000      0.2694E-01  0.1215      0.5581E-01   0.000      0.1496E-03   0.000      0.5791E-02  0.1462       0.000    
   572   10.66      -2.525       1.199      0.2054      0.7641E-02   0.000      0.1967E-01  0.1332      0.9596E-01   0.000     -0.1557E-02   0.000      0.5937E-02  0.1881       0.000    

 Surface forces referred to Sref,Cref,Bref about Xmom,Ymom,Zmom
 Standard axis orientation,  X fwd, Z down         

  Surface #16     nacelle_vertical                        
     # chordwise =  6   # spanwise = 11     First strip =573
     Surface area = 0.21919           ave. chord = 0.58826    
     CLsurf  =   0.000000     Clsurf  =   0.000000
     CYsurf  =  -0.000037     Cmsurf  =   0.000000
     CDsurf  =  -0.000000     Cnsurf  =  -0.000001
     CDisurf =  -0.000000     CDvsurf =   0.000000

  Forces referred to Ssurf, Cave about hinge axis thru LE
     cl_surf =   0.000022     cd_surf =  -0.000047

 Strip Forces referred to strip area, chord
    j    xLE         yLE         zLE         Chord       Area        Dihedral   c cl        ai_ff       cl           clj         cd          cdv         cm_c/4     c.p.x/c      Dcj
   573   10.66       2.357       1.031      0.2054      0.7661E-02   90.00      0.2033E-02  0.1506E-02  0.9896E-02   0.000     -0.1515E-03   0.000      0.4339E-02 -0.1885       0.000    
   574   10.55       2.357       1.068      0.4834      0.1798E-01   90.00      0.3605E-02  0.2569E-02  0.7457E-02   0.000     -0.5107E-04   0.000      0.1794E-02  0.9462E-02   0.000    
   575   10.50       2.357       1.106      0.6385      0.2381E-01   90.00      0.4069E-02  0.9445E-03  0.6373E-02   0.000     -0.2980E-04   0.000      0.1320E-02  0.4285E-01   0.000    
   576   10.46       2.357       1.143      0.7600      0.2827E-01   90.00      0.3555E-02 -0.1261E-01  0.4678E-02   0.000     -0.1327E-04   0.000      0.8606E-03  0.6603E-01   0.000    
   577   10.44       2.357       1.171      0.8342      0.1556E-01   90.00      0.4043E-02 -0.2589E-01  0.4846E-02   0.000     -0.1108E-04   0.000      0.7871E-03  0.8757E-01   0.000    
   578   10.44       2.357       1.189      0.8743      0.1631E-01   90.00      0.6265E-02 -0.6463E-02  0.7166E-02   0.000     -0.1808E-04   0.000      0.1172E-02  0.8649E-01   0.000    
   579   10.44       2.357       1.217      0.8542      0.3186E-01   90.00      0.1124E-01  0.2364E-01  0.1316E-01   0.000     -0.3203E-04   0.000      0.1951E-03  0.2352       0.000    
   580   10.46       2.357       1.255      0.7600      0.2827E-01   90.00      0.1148E-01  0.1788E-01  0.1510E-01   0.000     -0.5693E-04   0.000      0.1236E-04  0.2492       0.000    
   581   10.50       2.357       1.292      0.6384      0.2381E-01   90.00      0.9112E-02  0.3152E-02  0.1427E-01   0.000     -0.6290E-04   0.000     -0.2277E-03  0.2660       0.000    
   582   10.55       2.357       1.329      0.4834      0.1798E-01   90.00      0.7124E-02  0.1718E-03  0.1474E-01   0.000     -0.7310E-04   0.000     -0.6271E-03  0.2926       0.000    
   583   10.66       2.357       1.366      0.2054      0.7661E-02   90.00      0.5118E-02 -0.1761E-03  0.2492E-01   0.000     -0.1591E-03   0.000     -0.3904E-02  0.4067       0.000    

 Surface forces referred to Sref,Cref,Bref about Xmom,Ymom,Zmom
 Standard axis orientation,  X fwd, Z down         

  Surface #17     nacelle_vertical (YDUP)                 
     # chordwise =  6   # spanwise = 11     First strip =584
     Surface area = 0.21919           ave. chord = 0.58826    
     CLsurf  =   0.000000     Clsurf  =  -0.000000
     CYsurf  =   0.000024     Cmsurf  =   0.000000
     CDsurf  =  -0.000000     Cnsurf  =   0.000001
     CDisurf =  -0.000000     CDvsurf =   0.000000

  Forces referred to Ssurf, Cave about hinge axis thru LE
     cl_surf =   0.000014     cd_surf =  -0.000031

 Strip Forces referred to strip area, chord
    j    xLE         yLE         zLE         Chord       Area        Dihedral   c cl        ai_ff       cl           clj         cd          cdv         cm_c/4     c.p.x/c      Dcj
   584   10.66      -2.357       1.031      0.2054      0.7661E-02  -90.00      0.1457E-02  0.7728E-02  0.7093E-02   0.000     -0.9687E-04   0.000      0.3291E-02 -0.2139       0.000    
   585   10.55      -2.357       1.068      0.4834      0.1798E-01  -90.00      0.2429E-02  0.7624E-02  0.5024E-02   0.000     -0.3490E-04   0.000      0.1322E-02 -0.1322E-01   0.000    
   586   10.50      -2.357       1.106      0.6385      0.2381E-01  -90.00      0.2566E-02  0.6528E-02  0.4019E-02   0.000     -0.2003E-04   0.000      0.9158E-03  0.2212E-01   0.000    
   587   10.46      -2.357       1.143      0.7600      0.2827E-01  -90.00      0.1520E-02 -0.2575E-01  0.2000E-02   0.000     -0.5861E-05   0.000      0.4129E-03  0.4350E-01   0.000    
   588   10.44      -2.357       1.171      0.8342      0.1556E-01  -90.00      0.1252E-02 -0.7709E-01  0.1501E-02   0.000     -0.4327E-05   0.000      0.2561E-03  0.7934E-01   0.000    
   589   10.44      -2.357       1.189      0.8743      0.1631E-01  -90.00      0.3275E-02 -0.7989E-01  0.3746E-02   0.000     -0.1183E-04   0.000      0.6383E-03  0.7961E-01   0.000    
   590   10.44      -2.357       1.217      0.8542      0.3186E-01  -90.00      0.7896E-02  0.6854E-01  0.9243E-02   0.000     -0.2684E-04   0.000      0.2204E-03  0.2262       0.000    
   591   10.46      -2.357       1.255      0.7600      0.2827E-01  -90.00      0.8113E-02  0.3557E-01  0.1068E-01   0.000     -0.4448E-04   0.000      0.1004E-03  0.2406       0.000    
   592   10.50      -2.357       1.292      0.6384      0.2381E-01  -90.00      0.5878E-02  0.1472E-02  0.9207E-02   0.000     -0.3894E-04   0.000     -0.5515E-04  0.2560       0.000    
   593   10.55      -2.357       1.329      0.4834      0.1798E-01  -90.00      0.4660E-02  0.3314E-03  0.9640E-02   0.000     -0.4348E-04   0.000     -0.2808E-03  0.2791       0.000    
   594   10.66      -2.357       1.366      0.2054      0.7661E-02  -90.00      0.3629E-02  0.4185E-02  0.1767E-01   0.000     -0.9370E-04   0.000     -0.2545E-02  0.3941       0.000    

 Surface forces referred to Sref,Cref,Bref about Xmom,Ymom,Zmom
 Standard axis orientation,  X fwd, Z down         

  Surface #18     nacelle_2_horizontal                    
     # chordwise =  6   # spanwise = 11     First strip =595
     Surface area = 0.21920           ave. chord = 0.58830    
     CLsurf  =   0.000261     Clsurf  =  -0.000047
     CYsurf  =   0.000000     Cmsurf  =   0.000115
     CDsurf  =   0.000003     Cnsurf  =  -0.000002
     CDisurf =   0.000003     CDvsurf =   0.000000

  Forces referred to Ssurf, Cave about hinge axis thru LE
     cl_surf =   0.075298     cd_surf =   0.000893

 Strip Forces referred to strip area, chord
    j    xLE         yLE         zLE         Chord       Area        Dihedral   c cl        ai_ff       cl           clj         cd          cdv         cm_c/4     c.p.x/c      Dcj
   595   10.72       4.848       1.199      0.2054      0.7641E-02   0.000      0.2685E-01  0.8203E-01  0.1311       0.000     -0.3581E-02   0.000      0.5983E-02  0.2044       0.000    
   596   10.61       4.885       1.199      0.4834      0.1803E-01   0.000      0.4025E-01  0.9419E-01  0.8337E-01   0.000      0.4963E-04   0.000      0.7064E-02  0.1653       0.000    
   597   10.56       4.922       1.199      0.6384      0.2375E-01   0.000      0.4832E-01  0.9584E-01  0.7575E-01   0.000      0.8117E-03   0.000      0.7032E-02  0.1572       0.000    
   598   10.52       4.959       1.199      0.7600      0.2835E-01   0.000      0.5310E-01  0.9468E-01  0.6989E-01   0.000      0.1463E-02   0.000      0.6670E-02  0.1546       0.000    
   599   10.50       4.987       1.199      0.8342      0.1556E-01   0.000      0.5468E-01  0.8798E-01  0.6552E-01   0.000      0.2144E-02   0.000      0.6350E-02  0.1531       0.000    
   600   10.50       5.006       1.199      0.8743      0.1631E-01   0.000      0.5515E-01  0.6839E-01  0.6305E-01   0.000      0.2112E-02   0.000      0.6175E-02  0.1521       0.000    
   601   10.50       5.034       1.199      0.8542      0.3178E-01   0.000      0.5473E-01  0.1175      0.6406E-01   0.000      0.1875E-02   0.000      0.6297E-02  0.1517       0.000    
   602   10.52       5.071       1.199      0.7600      0.2835E-01   0.000      0.5196E-01  0.1014      0.6839E-01   0.000      0.1407E-02   0.000      0.6649E-02  0.1528       0.000    
   603   10.56       5.108       1.199      0.6385      0.2375E-01   0.000      0.4704E-01  0.9685E-01  0.7374E-01   0.000      0.7894E-03   0.000      0.7005E-02  0.1550       0.000    
   604   10.61       5.146       1.199      0.4834      0.1803E-01   0.000      0.3922E-01  0.9418E-01  0.8124E-01   0.000      0.6854E-04   0.000      0.7062E-02  0.1631       0.000    
   605   10.72       5.183       1.199      0.2054      0.7661E-02   0.000      0.2626E-01  0.8222E-01  0.1282       0.000     -0.3374E-02   0.000      0.6073E-02  0.2026       0.000    

 Surface forces referred to Sref,Cref,Bref about Xmom,Ymom,Zmom
 Standard axis orientation,  X fwd, Z down         

  Surface #19     nacelle_2_vertical                      
     # chordwise =  6   # spanwise = 11     First strip =606
     Surface area = 0.21919           ave. chord = 0.58826    
     CLsurf  =   0.000000     Clsurf  =   0.000000
     CYsurf  =  -0.000007     Cmsurf  =   0.000000
     CDsurf  =  -0.000000     Cnsurf  =  -0.000000
     CDisurf =  -0.000000     CDvsurf =   0.000000

  Forces referred to Ssurf, Cave about hinge axis thru LE
     cl_surf =   0.000003     cd_surf =  -0.000003

 Strip Forces referred to strip area, chord
    j    xLE         yLE         zLE         Chord       Area        Dihedral   c cl        ai_ff       cl           clj         cd          cdv         cm_c/4     c.p.x/c      Dcj
   606   10.72       5.015       1.031      0.2054      0.7661E-02   90.00     -0.9588E-04  0.1058E-01 -0.4668E-03   0.000     -0.1935E-06   0.000     -0.1701E-03 -0.1144       0.000    
   607   10.61       5.015       1.068      0.4834      0.1798E-01   90.00     -0.3413E-03  0.1032E-01 -0.7061E-03   0.000     -0.2043E-06   0.000     -0.1294E-03  0.6677E-01   0.000    
   608   10.56       5.015       1.106      0.6385      0.2381E-01   90.00     -0.8154E-03  0.8612E-02 -0.1277E-02   0.000     -0.7611E-06   0.000     -0.2239E-03  0.7468E-01   0.000    
   609   10.52       5.015       1.143      0.7600      0.2827E-01   90.00     -0.1867E-02 -0.4348E-02 -0.2456E-02   0.000     -0.2214E-05   0.000     -0.4391E-03  0.7121E-01   0.000    
   610   10.50       5.015       1.171      0.8342      0.1556E-01   90.00     -0.1674E-02 -0.1628E-01 -0.2006E-02   0.000      0.3661E-06   0.000     -0.3518E-03  0.7463E-01   0.000    
   611   10.50       5.015       1.189      0.8743      0.1631E-01   90.00      0.3749E-03  0.5066E-02  0.4288E-03   0.000     -0.1262E-06   0.000      0.5829E-04  0.1141       0.000    
   612   10.50       5.015       1.217      0.8542      0.3186E-01   90.00      0.4145E-02  0.2890E-01  0.4852E-02   0.000     -0.2376E-05   0.000      0.7062E-04  0.2354       0.000    
   613   10.52       5.015       1.255      0.7600      0.2827E-01   90.00      0.4619E-02  0.2574E-01  0.6078E-02   0.000     -0.7729E-05   0.000     -0.1916E-04  0.2532       0.000    
   614   10.56       5.015       1.292      0.6384      0.2381E-01   90.00      0.2945E-02  0.1257E-01  0.4613E-02   0.000     -0.5478E-05   0.000     -0.1249E-03  0.2771       0.000    
   615   10.61       5.015       1.329      0.4834      0.1798E-01   90.00      0.1970E-02  0.1055E-01  0.4075E-02   0.000     -0.4509E-05   0.000     -0.2334E-03  0.3073       0.000    
   616   10.72       5.015       1.366      0.2054      0.7661E-02   90.00      0.1269E-02  0.1164E-01  0.6176E-02   0.000     -0.8886E-05   0.000     -0.1017E-02  0.4147       0.000    

 Surface forces referred to Sref,Cref,Bref about Xmom,Ymom,Zmom
 Standard axis orientation,  X fwd, Z down         

  Surface #20     nacelle_3_horizontal                    
     # chordwise =  6   # spanwise = 11     First strip =617
     Surface area = 0.21921           ave. chord = 0.58831    
     CLsurf  =   0.000256     Clsurf  =  -0.000071
     CYsurf  =   0.000000     Cmsurf  =   0.000098
     CDsurf  =   0.000003     Cnsurf  =  -0.000003
     CDisurf =   0.000003     CDvsurf =   0.000000

  Forces referred to Ssurf, Cave about hinge axis thru LE
     cl_surf =   0.073821     cd_surf =   0.000963

 Strip Forces referred to strip area, chord
    j    xLE         yLE         zLE         Chord       Area        Dihedral   c cl        ai_ff       cl           clj         cd          cdv         cm_c/4     c.p.x/c      Dcj
   617   10.85       7.505       1.199      0.2054      0.7641E-02   0.000      0.2634E-01  0.7849E-01  0.1286       0.000     -0.3305E-02   0.000      0.5970E-02  0.2036       0.000    
   618   10.74       7.543       1.199      0.4834      0.1803E-01   0.000      0.3950E-01  0.9084E-01  0.8182E-01   0.000      0.1634E-03   0.000      0.6895E-02  0.1657       0.000    
   619   10.69       7.580       1.199      0.6384      0.2381E-01   0.000      0.4744E-01  0.9265E-01  0.7437E-01   0.000      0.8964E-03   0.000      0.6847E-02  0.1579       0.000    
   620   10.65       7.617       1.199      0.7600      0.2827E-01   0.000      0.5210E-01  0.9147E-01  0.6857E-01   0.000      0.1509E-02   0.000      0.6508E-02  0.1551       0.000    
   621   10.63       7.645       1.199      0.8342      0.1556E-01   0.000      0.5363E-01  0.8503E-01  0.6427E-01   0.000      0.2155E-02   0.000      0.6193E-02  0.1536       0.000    
   622   10.63       7.664       1.199      0.8743      0.1631E-01   0.000      0.5407E-01  0.6555E-01  0.6182E-01   0.000      0.2113E-02   0.000      0.6020E-02  0.1526       0.000    
   623   10.63       7.692       1.199      0.8542      0.3178E-01   0.000      0.5362E-01  0.1135      0.6275E-01   0.000      0.1891E-02   0.000      0.6139E-02  0.1522       0.000    
   624   10.65       7.729       1.199      0.7600      0.2835E-01   0.000      0.5090E-01  0.9777E-01  0.6699E-01   0.000      0.1454E-02   0.000      0.6478E-02  0.1533       0.000    
   625   10.69       7.766       1.199      0.6385      0.2381E-01   0.000      0.4611E-01  0.9370E-01  0.7228E-01   0.000      0.8743E-03   0.000      0.6801E-02  0.1559       0.000    
   626   10.74       7.803       1.199      0.4834      0.1798E-01   0.000      0.3842E-01  0.9090E-01  0.7959E-01   0.000      0.1786E-03   0.000      0.6868E-02  0.1637       0.000    
   627   10.85       7.841       1.199      0.2054      0.7661E-02   0.000      0.2569E-01  0.7893E-01  0.1254       0.000     -0.3116E-02   0.000      0.5995E-02  0.2022       0.000    

 Surface forces referred to Sref,Cref,Bref about Xmom,Ymom,Zmom
 Standard axis orientation,  X fwd, Z down         

  Surface #21     nacelle_3_vertical                      
     # chordwise =  6   # spanwise = 11     First strip =628
     Surface area = 0.21919           ave. chord = 0.58826    
     CLsurf  =   0.000000     Clsurf  =  -0.000000
     CYsurf  =  -0.000003     Cmsurf  =   0.000000
     CDsurf  =  -0.000000     Cnsurf  =  -0.000000
     CDisurf =  -0.000000     CDvsurf =   0.000000

  Forces referred to Ssurf, Cave about hinge axis thru LE
     cl_surf =   0.000001     cd_surf =  -0.000002

 Strip Forces referred to strip area, chord
    j    xLE         yLE         zLE         Chord       Area        Dihedral   c cl        ai_ff       cl           clj         cd          cdv         cm_c/4     c.p.x/c      Dcj
   628   10.85       7.673       1.031      0.2054      0.7661E-02   90.00     -0.3279E-03  0.1317E-01 -0.1597E-02   0.000     -0.3328E-05   0.000     -0.6579E-03 -0.1621       0.000    
   629   10.74       7.673       1.068      0.4834      0.1798E-01   90.00     -0.7778E-03  0.1269E-01 -0.1609E-02   0.000     -0.1573E-05   0.000     -0.3307E-03  0.4446E-01   0.000    
   630   10.69       7.673       1.106      0.6385      0.2381E-01   90.00     -0.1356E-02  0.1092E-01 -0.2124E-02   0.000     -0.2310E-05   0.000     -0.3806E-03  0.7079E-01   0.000    
   631   10.65       7.673       1.143      0.7600      0.2827E-01   90.00     -0.2457E-02 -0.1843E-02 -0.3233E-02   0.000     -0.3998E-05   0.000     -0.5648E-03  0.7531E-01   0.000    
   632   10.63       7.673       1.171      0.8342      0.1556E-01   90.00     -0.2300E-02 -0.1344E-01 -0.2757E-02   0.000     -0.7590E-07   0.000     -0.4626E-03  0.8221E-01   0.000    
   633   10.63       7.673       1.189      0.8743      0.1631E-01   90.00     -0.2990E-03  0.7783E-02 -0.3420E-03   0.000      0.1092E-06   0.000     -0.5807E-04  0.8020E-01   0.000    
   634   10.63       7.673       1.217      0.8542      0.3186E-01   90.00      0.3284E-02  0.3054E-01  0.3844E-02   0.000     -0.1069E-05   0.000      0.6216E-04  0.2338       0.000    
   635   10.65       7.673       1.255      0.7600      0.2827E-01   90.00      0.3782E-02  0.2772E-01  0.4976E-02   0.000     -0.4870E-05   0.000     -0.1689E-04  0.2534       0.000    
   636   10.69       7.673       1.292      0.6384      0.2381E-01   90.00      0.2208E-02  0.1492E-01  0.3459E-02   0.000     -0.2839E-05   0.000     -0.1066E-03  0.2808       0.000    
   637   10.74       7.673       1.329      0.4834      0.1798E-01   90.00      0.1358E-02  0.1325E-01  0.2809E-02   0.000     -0.1871E-05   0.000     -0.1825E-03  0.3150       0.000    
   638   10.85       7.673       1.366      0.2054      0.7661E-02   90.00      0.8103E-03  0.1760E-01  0.3945E-02   0.000     -0.3359E-05   0.000     -0.6712E-03  0.4201       0.000    

 Surface forces referred to Sref,Cref,Bref about Xmom,Ymom,Zmom
 Standard axis orientation,  X fwd, Z down         

  Surface #22     nacelle_4_horizontal                    
     # chordwise =  6   # spanwise = 11     First strip =639
     Surface area = 0.21921           ave. chord = 0.58831    
     CLsurf  =   0.000248     Clsurf  =  -0.000093
     CYsurf  =  -0.000000     Cmsurf  =   0.000082
     CDsurf  =   0.000004     Cnsurf  =  -0.000003
     CDisurf =   0.000004     CDvsurf =   0.000000

  Forces referred to Ssurf, Cave about hinge axis thru LE
     cl_surf =   0.071576     cd_surf =   0.001117

 Strip Forces referred to strip area, chord
    j    xLE         yLE         zLE         Chord       Area        Dihedral   c cl        ai_ff       cl           clj         cd          cdv         cm_c/4     c.p.x/c      Dcj
   639   10.98       10.16       1.199      0.2054      0.7641E-02   0.000      0.2521E-01  0.7957E-01  0.1230       0.000     -0.2589E-02   0.000      0.5678E-02  0.2038       0.000    
   640   10.87       10.20       1.199      0.4834      0.1803E-01   0.000      0.3742E-01  0.8959E-01  0.7750E-01   0.000      0.4351E-03   0.000      0.6633E-02  0.1644       0.000    
   641   10.82       10.24       1.199      0.6384      0.2381E-01   0.000      0.4482E-01  0.9223E-01  0.7025E-01   0.000      0.1047E-02   0.000      0.6487E-02  0.1577       0.000    
   642   10.78       10.27       1.199      0.7600      0.2827E-01   0.000      0.4942E-01  0.9626E-01  0.6503E-01   0.000      0.1556E-02   0.000      0.6140E-02  0.1556       0.000    
   643   10.76       10.31       1.199      0.8543      0.3186E-01   0.000      0.5192E-01  0.1105      0.6076E-01   0.000      0.1923E-02   0.000      0.5845E-02  0.1538       0.000    
   644   10.76       10.34       1.199      0.8743      0.1626E-01   0.000      0.5224E-01  0.6502E-01  0.5972E-01   0.000      0.2106E-02   0.000      0.5741E-02  0.1539       0.000    
   645   10.76       10.36       1.199      0.8342      0.1552E-01   0.000      0.5177E-01  0.8317E-01  0.6203E-01   0.000      0.2172E-02   0.000      0.5897E-02  0.1549       0.000    
   646   10.78       10.39       1.199      0.7600      0.2835E-01   0.000      0.5030E-01  0.8966E-01  0.6620E-01   0.000      0.1609E-02   0.000      0.6179E-02  0.1567       0.000    
   647   10.82       10.42       1.199      0.6385      0.2381E-01   0.000      0.4584E-01  0.9086E-01  0.7184E-01   0.000      0.1083E-02   0.000      0.6529E-02  0.1591       0.000    
   648   10.87       10.46       1.199      0.4834      0.1798E-01   0.000      0.3822E-01  0.8902E-01  0.7916E-01   0.000      0.4413E-03   0.000      0.6656E-02  0.1659       0.000    
   649   10.98       10.50       1.199      0.2054      0.7661E-02   0.000      0.2569E-01  0.7903E-01  0.1254       0.000     -0.2709E-02   0.000      0.5645E-02  0.2050       0.000    

 Surface forces referred to Sref,Cref,Bref about Xmom,Ymom,Zmom
 Standard axis orientation,  X fwd, Z down         

  Surface #23     nacelle_4_vertical                      
     # chordwise =  6   # spanwise = 11     First strip =650
     Surface area = 0.21919           ave. chord = 0.58826    
     CLsurf  =   0.000000     Clsurf  =  -0.000000
     CYsurf  =   0.000007     Cmsurf  =   0.000000
     CDsurf  =  -0.000000     Cnsurf  =   0.000000
     CDisurf =  -0.000000     CDvsurf =   0.000000

  Forces referred to Ssurf, Cave about hinge axis thru LE
     cl_surf =   0.000002     cd_surf =  -0.000002

 Strip Forces referred to strip area, chord
    j    xLE         yLE         zLE         Chord       Area        Dihedral   c cl        ai_ff       cl           clj         cd          cdv         cm_c/4     c.p.x/c      Dcj
   650   10.98       10.33       1.031      0.2054      0.7661E-02   90.00     -0.4863E-04  0.1648E-01 -0.2368E-03   0.000     -0.6154E-07   0.000     -0.7673E-04 -0.7408E-01   0.000    
   651   10.87       10.33       1.068      0.4834      0.1798E-01   90.00      0.2772E-04  0.1638E-01  0.5735E-04   0.000     -0.2992E-07   0.000      0.1031E-03  -1.547       0.000    
   652   10.82       10.33       1.106      0.6385      0.2381E-01   90.00      0.3853E-03  0.1785E-01  0.6035E-03   0.000     -0.4821E-06   0.000      0.2516E-03 -0.1669       0.000    
   653   10.78       10.33       1.143      0.7600      0.2827E-01   90.00      0.1335E-02  0.3005E-01  0.1756E-02   0.000     -0.1907E-05   0.000      0.4934E-03 -0.3095E-01   0.000    
   654   10.76       10.33       1.171      0.8342      0.1556E-01   90.00      0.1157E-02  0.4159E-01  0.1387E-02   0.000      0.1954E-06   0.000      0.4383E-03 -0.6593E-01   0.000    
   655   10.76       10.33       1.189      0.8743      0.1631E-01   90.00     -0.7622E-03  0.2177E-01 -0.8718E-03   0.000     -0.1032E-06   0.000      0.6534E-04  0.3249       0.000    
   656   10.76       10.33       1.217      0.8542      0.3186E-01   90.00     -0.4281E-02 -0.1832E-02 -0.5011E-02   0.000     -0.1666E-05   0.000      0.9755E-04  0.2695       0.000    
   657   10.78       10.33       1.255      0.7600      0.2827E-01   90.00     -0.4568E-02  0.2034E-02 -0.6010E-02   0.000     -0.5738E-05   0.000      0.1705E-03  0.2784       0.000    
   658   10.82       10.33       1.292      0.6384      0.2381E-01   90.00     -0.2818E-02  0.1466E-01 -0.4413E-02   0.000     -0.3737E-05   0.000      0.2374E-03  0.3038       0.000    
   659   10.87       10.33       1.329      0.4834      0.1798E-01   90.00     -0.1756E-02  0.1559E-01 -0.3632E-02   0.000     -0.2654E-05   0.000      0.2930E-03  0.3307       0.000    
   660   10.98       10.33       1.366      0.2054      0.7661E-02   90.00     -0.1004E-02  0.1048E-01 -0.4888E-02   0.000     -0.4739E-05   0.000      0.8550E-03  0.4249       0.000    

 Surface forces referred to Sref,Cref,Bref about Xmom,Ymom,Zmom
 Standard axis orientation,  X fwd, Z down         

  Surface #24     nacelle_5_horizontal                    
     # chordwise =  6   # spanwise = 11     First strip =661
     Surface area = 0.21920           ave. chord = 0.58830    
     CLsurf  =   0.000174     Clsurf  =   0.000015
     CYsurf  =  -0.000000     Cmsurf  =   0.000081
     CDsurf  =   0.000002     Cnsurf  =   0.000001
     CDisurf =   0.000002     CDvsurf =   0.000000

  Forces referred to Ssurf, Cave about hinge axis thru LE
     cl_surf =   0.050077     cd_surf =   0.000532

 Strip Forces referred to strip area, chord
    j    xLE         yLE         zLE         Chord       Area        Dihedral   c cl        ai_ff       cl           clj         cd          cdv         cm_c/4     c.p.x/c      Dcj
   661   10.66      -2.525       1.199      0.2054      0.7641E-02   0.000      0.1967E-01  0.1332      0.9596E-01   0.000     -0.1557E-02   0.000      0.5937E-02  0.1881       0.000    
   662   10.55      -2.488       1.199      0.4834      0.1803E-01   0.000      0.2694E-01  0.1215      0.5581E-01   0.000      0.1496E-03   0.000      0.5791E-02  0.1462       0.000    
   663   10.50      -2.451       1.199      0.6385      0.2375E-01   0.000      0.3111E-01  0.1135      0.4877E-01   0.000      0.5030E-03   0.000      0.5248E-02  0.1424       0.000    
   664   10.46      -2.413       1.199      0.7600      0.2835E-01   0.000      0.3465E-01  0.1437      0.4561E-01   0.000      0.8201E-03   0.000      0.4822E-02  0.1443       0.000    
   665   10.44      -2.376       1.199      0.8542      0.3186E-01   0.000      0.3486E-01  0.1607      0.4081E-01   0.000      0.1030E-02   0.000      0.4289E-02  0.1449       0.000    
   666   10.44      -2.348       1.199      0.8743      0.1626E-01   0.000      0.3143E-01 -0.4260E-01  0.3595E-01   0.000      0.9813E-03   0.000      0.3766E-02  0.1452       0.000    
   667   10.44      -2.329       1.199      0.8342      0.1552E-01   0.000      0.3124E-01 -0.2138E-02  0.3744E-01   0.000      0.1070E-02   0.000      0.3889E-02  0.1461       0.000    
   668   10.46      -2.302       1.199      0.7600      0.2835E-01   0.000      0.3419E-01  0.1141      0.4499E-01   0.000      0.9076E-03   0.000      0.4652E-02  0.1466       0.000    
   669   10.50      -2.264       1.199      0.6384      0.2375E-01   0.000      0.3332E-01  0.1381      0.5223E-01   0.000      0.4935E-03   0.000      0.5379E-02  0.1470       0.000    
   670   10.55      -2.227       1.199      0.4834      0.1803E-01   0.000      0.2824E-01  0.1242      0.5849E-01   0.000      0.1091E-03   0.000      0.5750E-02  0.1517       0.000    
   671   10.66      -2.190       1.199      0.2054      0.7661E-02   0.000      0.2006E-01  0.1313      0.9787E-01   0.000     -0.1846E-02   0.000      0.5503E-02  0.1938       0.000    

 Surface forces referred to Sref,Cref,Bref about Xmom,Ymom,Zmom
 Standard axis orientation,  X fwd, Z down         

  Surface #25     nacelle_5_vertical                      
     # chordwise =  6   # spanwise = 11     First strip =672
     Surface area = 0.21919           ave. chord = 0.58826    
     CLsurf  =   0.000000     Clsurf  =  -0.000000
     CYsurf  =   0.000024     Cmsurf  =   0.000000
     CDsurf  =  -0.000000     Cnsurf  =   0.000001
     CDisurf =  -0.000000     CDvsurf =   0.000000

  Forces referred to Ssurf, Cave about hinge axis thru LE
     cl_surf =   0.000014     cd_surf =  -0.000031

 Strip Forces referred to strip area, chord
    j    xLE         yLE         zLE         Chord       Area        Dihedral   c cl        ai_ff       cl           clj         cd          cdv         cm_c/4     c.p.x/c      Dcj
   672   10.66      -2.357       1.031      0.2054      0.7661E-02   90.00     -0.1457E-02 -0.7728E-02 -0.7093E-02   0.000     -0.9687E-04   0.000     -0.3291E-02 -0.2139       0.000    
   673   10.55      -2.357       1.068      0.4834      0.1798E-01   90.00     -0.2429E-02 -0.7624E-02 -0.5024E-02   0.000     -0.3490E-04   0.000     -0.1322E-02 -0.1322E-01   0.000    
   674   10.50      -2.357       1.106      0.6385      0.2381E-01   90.00     -0.2566E-02 -0.6528E-02 -0.4019E-02   0.000     -0.2003E-04   0.000     -0.9158E-03  0.2212E-01   0.000    
   675   10.46      -2.357       1.143      0.7600      0.2827E-01   90.00     -0.1520E-02  0.2575E-01 -0.2000E-02   0.000     -0.5861E-05   0.000     -0.4129E-03  0.4350E-01   0.000    
   676   10.44      -2.357       1.171      0.8342      0.1556E-01   90.00     -0.1252E-02  0.7709E-01 -0.1501E-02   0.000     -0.4327E-05   0.000     -0.2561E-03  0.7934E-01   0.000    
   677   10.44      -2.357       1.189      0.8743      0.1631E-01   90.00     -0.3275E-02  0.7989E-01 -0.3746E-02   0.000     -0.1183E-04   0.000     -0.6383E-03  0.7961E-01   0.000    
   678   10.44      -2.357       1.217      0.8542      0.3186E-01   90.00     -0.7896E-02 -0.6854E-01 -0.9243E-02   0.000     -0.2684E-04   0.000     -0.2204E-03  0.2262       0.000    
   679   10.46      -2.357       1.255      0.7600      0.2827E-01   90.00     -0.8113E-02 -0.3557E-01 -0.1068E-01   0.000     -0.4448E-04   0.000     -0.1004E-03  0.2406       0.000    
   680   10.50      -2.357       1.292      0.6384      0.2381E-01   90.00     -0.5878E-02 -0.1472E-02 -0.9207E-02   0.000     -0.3894E-04   0.000      0.5515E-04  0.2560       0.000    
   681   10.55      -2.357       1.329      0.4834      0.1798E-01   90.00     -0.4660E-02 -0.3314E-03 -0.9640E-02   0.000     -0.4348E-04   0.000      0.2808E-03  0.2791       0.000    
   682   10.66      -2.357       1.366      0.2054      0.7661E-02   90.00     -0.3629E-02 -0.4185E-02 -0.1767E-01   0.000     -0.9370E-04   0.000      0.2545E-02  0.3941       0.000    

 Surface forces referred to Sref,Cref,Bref about Xmom,Ymom,Zmom
 Standard axis orientation,  X fwd, Z down         

  Surface #26     nacelle_6_horizontal                    
     # chordwise =  6   # spanwise = 11     First strip =683
     Surface area = 0.21920           ave. chord = 0.58830    
     CLsurf  =   0.000261     Clsurf  =   0.000047
     CYsurf  =   0.000000     Cmsurf  =   0.000115
     CDsurf  =   0.000003     Cnsurf  =   0.000002
     CDisurf =   0.000003     CDvsurf =   0.000000

  Forces referred to Ssurf, Cave about hinge axis thru LE
     cl_surf =   0.075298     cd_surf =   0.000892

 Strip Forces referred to strip area, chord
    j    xLE         yLE         zLE         Chord       Area        Dihedral   c cl        ai_ff       cl           clj         cd          cdv         cm_c/4     c.p.x/c      Dcj
   683   10.72      -5.183       1.199      0.2054      0.7661E-02   0.000      0.2685E-01  0.8144E-01  0.1311       0.000     -0.3585E-02   0.000      0.6126E-02  0.2033       0.000    
   684   10.61      -5.146       1.199      0.4834      0.1803E-01   0.000      0.4022E-01  0.9371E-01  0.8331E-01   0.000      0.4692E-04   0.000      0.7119E-02  0.1645       0.000    
   685   10.56      -5.108       1.199      0.6384      0.2375E-01   0.000      0.4829E-01  0.9554E-01  0.7571E-01   0.000      0.8119E-03   0.000      0.7069E-02  0.1566       0.000    
   686   10.52      -5.071       1.199      0.7600      0.2835E-01   0.000      0.5309E-01  0.9476E-01  0.6988E-01   0.000      0.1462E-02   0.000      0.6696E-02  0.1542       0.000    
   687   10.50      -5.043       1.199      0.8342      0.1552E-01   0.000      0.5468E-01  0.8849E-01  0.6552E-01   0.000      0.2146E-02   0.000      0.6361E-02  0.1529       0.000    
   688   10.50      -5.025       1.199      0.8743      0.1626E-01   0.000      0.5515E-01  0.6876E-01  0.6306E-01   0.000      0.2115E-02   0.000      0.6177E-02  0.1520       0.000    
   689   10.50      -4.997       1.199      0.8542      0.3186E-01   0.000      0.5472E-01  0.1169      0.6404E-01   0.000      0.1873E-02   0.000      0.6289E-02  0.1518       0.000    
   690   10.52      -4.959       1.199      0.7600      0.2835E-01   0.000      0.5197E-01  0.1013      0.6840E-01   0.000      0.1406E-02   0.000      0.6624E-02  0.1532       0.000    
   691   10.56      -4.922       1.199      0.6385      0.2375E-01   0.000      0.4707E-01  0.9717E-01  0.7379E-01   0.000      0.7883E-03   0.000      0.6969E-02  0.1555       0.000    
   692   10.61      -4.885       1.199      0.4834      0.1803E-01   0.000      0.3925E-01  0.9469E-01  0.8130E-01   0.000      0.7018E-04   0.000      0.7008E-02  0.1638       0.000    
   693   10.72      -4.848       1.199      0.2054      0.7641E-02   0.000      0.2626E-01  0.8282E-01  0.1282       0.000     -0.3372E-02   0.000      0.5931E-02  0.2037       0.000    

 Surface forces referred to Sref,Cref,Bref about Xmom,Ymom,Zmom
 Standard axis orientation,  X fwd, Z down         

  Surface #27     nacelle_6_vertical                      
     # chordwise =  6   # spanwise = 11     First strip =694
     Surface area = 0.21919           ave. chord = 0.58826    
     CLsurf  =  -0.000000     Clsurf  =  -0.000000
     CYsurf  =  -0.000002     Cmsurf  =  -0.000000
     CDsurf  =  -0.000000     Cnsurf  =  -0.000000
     CDisurf =  -0.000000     CDvsurf =   0.000000

  Forces referred to Ssurf, Cave about hinge axis thru LE
     cl_surf =  -0.000001     cd_surf =  -0.000002

 Strip Forces referred to strip area, chord
    j    xLE         yLE         zLE         Chord       Area        Dihedral   c cl        ai_ff       cl           clj         cd          cdv         cm_c/4     c.p.x/c      Dcj
   694   10.72      -5.015       1.031      0.2054      0.7661E-02   90.00     -0.3624E-03 -0.1028E-01 -0.1764E-02   0.000     -0.4370E-05   0.000     -0.7501E-03 -0.1752       0.000    
   695   10.61      -5.015       1.068      0.4834      0.1798E-01   90.00     -0.8449E-03 -0.1084E-01 -0.1748E-02   0.000     -0.2296E-05   0.000     -0.4091E-03  0.1597E-01   0.000    
   696   10.56      -5.015       1.106      0.6385      0.2381E-01   90.00     -0.1456E-02 -0.1273E-01 -0.2280E-02   0.000     -0.3295E-05   0.000     -0.4727E-03  0.4271E-01   0.000    
   697   10.52      -5.015       1.143      0.7600      0.2827E-01   90.00     -0.2607E-02 -0.2588E-01 -0.3431E-02   0.000     -0.5444E-05   0.000     -0.6685E-03  0.5514E-01   0.000    
   698   10.50      -5.015       1.171      0.8342      0.1556E-01   90.00     -0.2488E-02 -0.3805E-01 -0.2983E-02   0.000     -0.6901E-06   0.000     -0.5679E-03  0.5960E-01   0.000    
   699   10.50      -5.015       1.189      0.8743      0.1631E-01   90.00     -0.4810E-03 -0.1655E-01 -0.5502E-03   0.000      0.8621E-07   0.000     -0.1568E-03 -0.3509E-01   0.000    
   700   10.50      -5.015       1.217      0.8542      0.3186E-01   90.00      0.3072E-02  0.7230E-02  0.3596E-02   0.000     -0.4287E-06   0.000      0.1269E-04  0.2465       0.000    
   701   10.52      -5.015       1.255      0.7600      0.2827E-01   90.00      0.3482E-02  0.3749E-02  0.4581E-02   0.000     -0.3535E-05   0.000     -0.5244E-04  0.2614       0.000    
   702   10.56      -5.015       1.292      0.6384      0.2381E-01   90.00      0.1820E-02 -0.9641E-02  0.2851E-02   0.000     -0.1591E-05   0.000     -0.1235E-03  0.2933       0.000    
   703   10.61      -5.015       1.329      0.4834      0.1798E-01   90.00      0.9367E-03 -0.1213E-01  0.1938E-02   0.000     -0.6261E-06   0.000     -0.1619E-03  0.3335       0.000    
   704   10.72      -5.015       1.366      0.2054      0.7661E-02   90.00      0.4190E-03 -0.1801E-01  0.2040E-02   0.000     -0.6673E-06   0.000     -0.3885E-03  0.4405       0.000    

 Surface forces referred to Sref,Cref,Bref about Xmom,Ymom,Zmom
 Standard axis orientation,  X fwd, Z down         

  Surface #28     nacelle_7_horizontal                    
     # chordwise =  6   # spanwise = 11     First strip =705
     Surface area = 0.21921           ave. chord = 0.58831    
     CLsurf  =   0.000256     Clsurf  =   0.000071
     CYsurf  =   0.000000     Cmsurf  =   0.000098
     CDsurf  =   0.000003     Cnsurf  =   0.000003
     CDisurf =   0.000003     CDvsurf =   0.000000

  Forces referred to Ssurf, Cave about hinge axis thru LE
     cl_surf =   0.073834     cd_surf =   0.000963

 Strip Forces referred to strip area, chord
    j    xLE         yLE         zLE         Chord       Area        Dihedral   c cl        ai_ff       cl           clj         cd          cdv         cm_c/4     c.p.x/c      Dcj
   705   10.85      -7.841       1.199      0.2054      0.7661E-02   0.000      0.2628E-01  0.7814E-01  0.1283       0.000     -0.3312E-02   0.000      0.6041E-02  0.2029       0.000    
   706   10.74      -7.804       1.199      0.4834      0.1798E-01   0.000      0.3941E-01  0.9042E-01  0.8162E-01   0.000      0.1616E-03   0.000      0.6920E-02  0.1652       0.000    
   707   10.69      -7.766       1.199      0.6384      0.2381E-01   0.000      0.4735E-01  0.9240E-01  0.7422E-01   0.000      0.8993E-03   0.000      0.6859E-02  0.1576       0.000    
   708   10.65      -7.729       1.199      0.7600      0.2835E-01   0.000      0.5202E-01  0.9123E-01  0.6846E-01   0.000      0.1509E-02   0.000      0.6520E-02  0.1548       0.000    
   709   10.63      -7.701       1.199      0.8342      0.1552E-01   0.000      0.5358E-01  0.8492E-01  0.6420E-01   0.000      0.2154E-02   0.000      0.6201E-02  0.1534       0.000    
   710   10.63      -7.682       1.199      0.8743      0.1626E-01   0.000      0.5406E-01  0.6600E-01  0.6181E-01   0.000      0.2115E-02   0.000      0.6021E-02  0.1526       0.000    
   711   10.63      -7.654       1.199      0.8542      0.3186E-01   0.000      0.5368E-01  0.1133      0.6283E-01   0.000      0.1892E-02   0.000      0.6133E-02  0.1524       0.000    
   712   10.65      -7.617       1.199      0.7600      0.2827E-01   0.000      0.5100E-01  0.9799E-01  0.6713E-01   0.000      0.1454E-02   0.000      0.6465E-02  0.1537       0.000    
   713   10.69      -7.580       1.199      0.6385      0.2381E-01   0.000      0.4622E-01  0.9395E-01  0.7245E-01   0.000      0.8717E-03   0.000      0.6788E-02  0.1563       0.000    
   714   10.74      -7.543       1.199      0.4834      0.1803E-01   0.000      0.3853E-01  0.9132E-01  0.7980E-01   0.000      0.1804E-03   0.000      0.6841E-02  0.1643       0.000    
   715   10.85      -7.505       1.199      0.2054      0.7641E-02   0.000      0.2576E-01  0.7926E-01  0.1257       0.000     -0.3109E-02   0.000      0.5921E-02  0.2029       0.000    

 Surface forces referred to Sref,Cref,Bref about Xmom,Ymom,Zmom
 Standard axis orientation,  X fwd, Z down         

  Surface #29     nacelle_7_vertical                      
     # chordwise =  6   # spanwise = 11     First strip =716
     Surface area = 0.21919           ave. chord = 0.58826    
     CLsurf  =   0.000000     Clsurf  =   0.000000
     CYsurf  =  -0.000005     Cmsurf  =   0.000000
     CDsurf  =  -0.000000     Cnsurf  =  -0.000000
     CDisurf =  -0.000000     CDvsurf =   0.000000

  Forces referred to Ssurf, Cave about hinge axis thru LE
     cl_surf =   0.000001     cd_surf =  -0.000002

 Strip Forces referred to strip area, chord
    j    xLE         yLE         zLE         Chord       Area        Dihedral   c cl        ai_ff       cl           clj         cd          cdv         cm_c/4     c.p.x/c      Dcj
   716   10.85      -7.673       1.031      0.2054      0.7661E-02   90.00     -0.1210E-03 -0.1288E-01 -0.5893E-03   0.000     -0.4365E-06   0.000     -0.2442E-03 -0.1645       0.000    
   717   10.74      -7.673       1.068      0.4834      0.1798E-01   90.00     -0.3862E-03 -0.1320E-01 -0.7988E-03   0.000     -0.4470E-06   0.000     -0.1967E-03  0.3769E-02   0.000    
   718   10.69      -7.673       1.106      0.6385      0.2381E-01   90.00     -0.8724E-03 -0.1496E-01 -0.1366E-02   0.000     -0.1213E-05   0.000     -0.3008E-03  0.2984E-01   0.000    
   719   10.65      -7.673       1.143      0.7600      0.2827E-01   90.00     -0.1932E-02 -0.2779E-01 -0.2542E-02   0.000     -0.2986E-05   0.000     -0.5178E-03  0.4631E-01   0.000    
   720   10.63      -7.673       1.171      0.8342      0.1556E-01   90.00     -0.1785E-02 -0.3978E-01 -0.2139E-02   0.000      0.5266E-08   0.000     -0.4376E-03  0.4543E-01   0.000    
   721   10.63      -7.673       1.189      0.8743      0.1631E-01   90.00      0.1926E-03 -0.1901E-01  0.2203E-03   0.000      0.6049E-07   0.000     -0.4011E-04  0.4321       0.000    
   722   10.63      -7.673       1.217      0.8542      0.3186E-01   90.00      0.3788E-02  0.4841E-02  0.4435E-02   0.000     -0.1320E-05   0.000      0.1420E-04  0.2468       0.000    
   723   10.65      -7.673       1.255      0.7600      0.2827E-01   90.00      0.4160E-02  0.1170E-02  0.5473E-02   0.000     -0.5430E-05   0.000     -0.5927E-04  0.2608       0.000    
   724   10.69      -7.673       1.292      0.6384      0.2381E-01   90.00      0.2463E-02 -0.1205E-01  0.3858E-02   0.000     -0.3301E-05   0.000     -0.1408E-03  0.2865       0.000    
   725   10.74      -7.673       1.329      0.4834      0.1798E-01   90.00      0.1491E-02 -0.1479E-01  0.3083E-02   0.000     -0.2153E-05   0.000     -0.2078E-03  0.3174       0.000    
   726   10.85      -7.673       1.366      0.2054      0.7661E-02   90.00      0.8424E-03 -0.2385E-01  0.4101E-02   0.000     -0.3499E-05   0.000     -0.7057E-03  0.4221       0.000    

 Surface forces referred to Sref,Cref,Bref about Xmom,Ymom,Zmom
 Standard axis orientation,  X fwd, Z down         

  Surface #30     nacelle_8_horizontal                    
     # chordwise =  6   # spanwise = 11     First strip =727
     Surface area = 0.21921           ave. chord = 0.58831    
     CLsurf  =   0.000248     Clsurf  =   0.000093
     CYsurf  =   0.000000     Cmsurf  =   0.000082
     CDsurf  =   0.000004     Cnsurf  =   0.000003
     CDisurf =   0.000004     CDvsurf =   0.000000

  Forces referred to Ssurf, Cave about hinge axis thru LE
     cl_surf =   0.071577     cd_surf =   0.001117

 Strip Forces referred to strip area, chord
    j    xLE         yLE         zLE         Chord       Area        Dihedral   c cl        ai_ff       cl           clj         cd          cdv         cm_c/4     c.p.x/c      Dcj
   727   10.98      -10.50       1.199      0.2054      0.7661E-02   0.000      0.2569E-01  0.7903E-01  0.1254       0.000     -0.2709E-02   0.000      0.5645E-02  0.2050       0.000    
   728   10.87      -10.46       1.199      0.4834      0.1798E-01   0.000      0.3823E-01  0.8902E-01  0.7916E-01   0.000      0.4413E-03   0.000      0.6656E-02  0.1659       0.000    
   729   10.82      -10.42       1.199      0.6384      0.2381E-01   0.000      0.4584E-01  0.9086E-01  0.7184E-01   0.000      0.1083E-02   0.000      0.6529E-02  0.1591       0.000    
   730   10.78      -10.39       1.199      0.7600      0.2835E-01   0.000      0.5030E-01  0.8966E-01  0.6620E-01   0.000      0.1609E-02   0.000      0.6179E-02  0.1567       0.000    
   731   10.76      -10.36       1.199      0.8342      0.1552E-01   0.000      0.5177E-01  0.8317E-01  0.6203E-01   0.000      0.2172E-02   0.000      0.5897E-02  0.1549       0.000    
   732   10.76      -10.34       1.199      0.8743      0.1626E-01   0.000      0.5224E-01  0.6502E-01  0.5973E-01   0.000      0.2106E-02   0.000      0.5741E-02  0.1539       0.000    
   733   10.76      -10.31       1.199      0.8542      0.3186E-01   0.000      0.5192E-01  0.1105      0.6076E-01   0.000      0.1923E-02   0.000      0.5845E-02  0.1538       0.000    
   734   10.78      -10.28       1.199      0.7600      0.2827E-01   0.000      0.4942E-01  0.9626E-01  0.6503E-01   0.000      0.1556E-02   0.000      0.6140E-02  0.1556       0.000    
   735   10.82      -10.24       1.199      0.6385      0.2381E-01   0.000      0.4482E-01  0.9223E-01  0.7025E-01   0.000      0.1047E-02   0.000      0.6487E-02  0.1577       0.000    
   736   10.87      -10.20       1.199      0.4834      0.1803E-01   0.000      0.3742E-01  0.8959E-01  0.7750E-01   0.000      0.4350E-03   0.000      0.6633E-02  0.1644       0.000    
   737   10.98      -10.16       1.199      0.2054      0.7641E-02   0.000      0.2521E-01  0.7957E-01  0.1230       0.000     -0.2590E-02   0.000      0.5678E-02  0.2038       0.000    

 Surface forces referred to Sref,Cref,Bref about Xmom,Ymom,Zmom
 Standard axis orientation,  X fwd, Z down         

  Surface #31     nacelle_8_vertical                      
     # chordwise =  6   # spanwise = 11     First strip =738
     Surface area = 0.21919           ave. chord = 0.58826    
     CLsurf  =   0.000000     Clsurf  =   0.000000
     CYsurf  =  -0.000007     Cmsurf  =   0.000000
     CDsurf  =  -0.000000     Cnsurf  =  -0.000000
     CDisurf =  -0.000000     CDvsurf =   0.000000

  Forces referred to Ssurf, Cave about hinge axis thru LE
     cl_surf =   0.000002     cd_surf =  -0.000002

 Strip Forces referred to strip area, chord
    j    xLE         yLE         zLE         Chord       Area        Dihedral   c cl        ai_ff       cl           clj         cd          cdv         cm_c/4     c.p.x/c      Dcj
   738   10.98      -10.33       1.031      0.2054      0.7661E-02   90.00      0.4799E-04 -0.1648E-01  0.2336E-03   0.000     -0.5975E-07   0.000      0.7545E-04 -0.7291E-01   0.000    
   739   10.87      -10.33       1.068      0.4834      0.1798E-01   90.00     -0.2900E-04 -0.1637E-01 -0.5999E-04   0.000     -0.3062E-07   0.000     -0.1035E-03  -1.476       0.000    
   740   10.82      -10.33       1.106      0.6385      0.2381E-01   90.00     -0.3869E-03 -0.1784E-01 -0.6060E-03   0.000     -0.4844E-06   0.000     -0.2519E-03 -0.1657       0.000    
   741   10.78      -10.33       1.143      0.7600      0.2827E-01   90.00     -0.1337E-02 -0.3005E-01 -0.1759E-02   0.000     -0.1911E-05   0.000     -0.4936E-03 -0.3070E-01   0.000    
   742   10.76      -10.33       1.171      0.8342      0.1556E-01   90.00     -0.1159E-02 -0.4158E-01 -0.1390E-02   0.000      0.1945E-06   0.000     -0.4385E-03 -0.6553E-01   0.000    
   743   10.76      -10.33       1.189      0.8743      0.1631E-01   90.00      0.7601E-03 -0.2177E-01  0.8694E-03   0.000     -0.1022E-06   0.000     -0.6555E-04  0.3254       0.000    
   744   10.76      -10.33       1.217      0.8542      0.3186E-01   90.00      0.4278E-02  0.1837E-02  0.5008E-02   0.000     -0.1663E-05   0.000     -0.9742E-04  0.2695       0.000    
   745   10.78      -10.33       1.255      0.7600      0.2827E-01   90.00      0.4565E-02 -0.2029E-02  0.6007E-02   0.000     -0.5732E-05   0.000     -0.1703E-03  0.2784       0.000    
   746   10.82      -10.33       1.292      0.6384      0.2381E-01   90.00      0.2815E-02 -0.1465E-01  0.4410E-02   0.000     -0.3731E-05   0.000     -0.2372E-03  0.3038       0.000    
   747   10.87      -10.33       1.329      0.4834      0.1798E-01   90.00      0.1754E-02 -0.1558E-01  0.3628E-02   0.000     -0.2647E-05   0.000     -0.2928E-03  0.3307       0.000    
   748   10.98      -10.33       1.366      0.2054      0.7661E-02   90.00      0.1003E-02 -0.1047E-01  0.4881E-02   0.000     -0.4725E-05   0.000     -0.8539E-03  0.4249       0.000    
