 ---------------------------------------------------------------
Surface and Strip forces by surface

 Surface forces referred to Sref,Cref,Bref about Xmom,Ymom,Zmom
 Standard axis orientation,  X fwd, Z down         

  Surface # 1     main_wing_1                             
     # chordwise = 10   # spanwise =100     First strip =  1
     Surface area =  17.550           ave. chord =  2.6872    
     CLsurf  =   0.084600     Clsurf  =  -0.009797
     CYsurf  =  -0.000118     Cmsurf  =  -0.051663
     CDsurf  =   0.001576     Cnsurf  =  -0.000347
     CDisurf =   0.000724     CDvsurf =   0.000000

  Forces referred to Ssurf, Cave about hinge axis thru LE
     cl_surf =   0.308854     cd_surf =   0.005753

 Strip Forces referred to strip area, chord
    j    xLE         yLE         zLE         Chord       Area        Dihedral   c cl        ai_ff       cl           clj         cd          cdv         cm_c/4     c.p.x/c      Dcj
     1   12.54      0.4051E-03   1.385       2.768      0.4486E-02 -0.7851E-11  0.7508     -0.3202E-02  0.2714       0.000      0.3901E-02   0.000     -0.3922E-02  0.2645       0.000    
     2   12.54      0.3646E-02   1.385       2.768      0.1345E-01  0.2618E-11  0.7508      0.1678E-01  0.2714       0.000      0.3901E-02   0.000     -0.3922E-02  0.2645       0.000    
     3   12.54      0.1012E-01   1.385       2.768      0.2241E-01   0.000      0.7508      0.1838E-01  0.2714       0.000      0.3901E-02   0.000     -0.3922E-02  0.2645       0.000    
     4   12.54      0.1983E-01   1.385       2.768      0.3134E-01   0.000      0.7508      0.1882E-01  0.2714       0.000      0.3901E-02   0.000     -0.3921E-02  0.2644       0.000    
     5   12.54      0.3276E-01   1.385       2.768      0.4024E-01   0.000      0.7509      0.1900E-01  0.2714       0.000      0.3900E-02   0.000     -0.3920E-02  0.2644       0.000    
     6   12.54      0.4890E-01   1.385       2.768      0.4910E-01  0.7173E-12  0.7509      0.1909E-01  0.2714       0.000      0.3898E-02   0.000     -0.3916E-02  0.2644       0.000    
     7   12.54      0.6823E-01   1.385       2.768      0.5792E-01 -0.1216E-11  0.7509      0.1915E-01  0.2714       0.000      0.3895E-02   0.000     -0.3910E-02  0.2644       0.000    
     8   12.54      0.9074E-01   1.385       2.768      0.6667E-01  0.1057E-11  0.7510      0.1919E-01  0.2715       0.000      0.3891E-02   0.000     -0.3901E-02  0.2644       0.000    
     9   12.54      0.1164       1.385       2.768      0.7536E-01 -0.4673E-12  0.7511      0.1922E-01  0.2715       0.000      0.3885E-02   0.000     -0.3886E-02  0.2643       0.000    
    10   12.54      0.1452       1.385       2.768      0.8398E-01   0.000      0.7513      0.1925E-01  0.2716       0.000      0.3877E-02   0.000     -0.3866E-02  0.2642       0.000    
    11   12.54      0.1771       1.385       2.768      0.9251E-01 -0.3807E-12  0.7515      0.1926E-01  0.2716       0.000      0.3865E-02   0.000     -0.3839E-02  0.2641       0.000    
    12   12.54      0.2120       1.385       2.768      0.1010      0.3489E-12  0.7518      0.1927E-01  0.2717       0.000      0.3850E-02   0.000     -0.3802E-02  0.2640       0.000    
    13   12.54      0.2500       1.385       2.768      0.1093       0.000      0.7522      0.1928E-01  0.2719       0.000      0.3830E-02   0.000     -0.3755E-02  0.2638       0.000    
    14   12.54      0.2910       1.385       2.768      0.1175     -0.2997E-12  0.7526      0.1929E-01  0.2720       0.000      0.3806E-02   0.000     -0.3696E-02  0.2636       0.000    
    15   12.54      0.3349       1.385       2.768      0.1256      0.5606E-12  0.7532      0.1929E-01  0.2722       0.000      0.3775E-02   0.000     -0.3623E-02  0.2633       0.000    
    16   12.54      0.3817       1.385       2.768      0.1336     -0.2635E-12  0.7539      0.1929E-01  0.2725       0.000      0.3737E-02   0.000     -0.3534E-02  0.2630       0.000    
    17   12.54      0.4314       1.385       2.768      0.1415      0.2489E-12  0.7547      0.1929E-01  0.2728       0.000      0.3692E-02   0.000     -0.3428E-02  0.2626       0.000    
    18   12.54      0.4839       1.385       2.768      0.1492     -0.2360E-12  0.7556      0.1929E-01  0.2731       0.000      0.3637E-02   0.000     -0.3303E-02  0.2621       0.000    
    19   12.54      0.5392       1.385       2.768      0.1568     -0.2246E-12  0.7567      0.1928E-01  0.2735       0.000      0.3573E-02   0.000     -0.3158E-02  0.2615       0.000    
    20   12.54      0.5972       1.385       2.768      0.1642      0.2145E-12  0.7580      0.1927E-01  0.2740       0.000      0.3498E-02   0.000     -0.2991E-02  0.2609       0.000    
    21   12.54      0.6578       1.385       2.768      0.1715       0.000      0.7594      0.1926E-01  0.2745       0.000      0.3412E-02   0.000     -0.2801E-02  0.2602       0.000    
    22   12.54      0.7211       1.385       2.768      0.1786       0.000      0.7610      0.1923E-01  0.2751       0.000      0.3312E-02   0.000     -0.2587E-02  0.2594       0.000    
    23   12.54      0.7868       1.385       2.768      0.1855       0.000      0.7628      0.1919E-01  0.2757       0.000      0.3197E-02   0.000     -0.2348E-02  0.2585       0.000    
    24   12.54      0.8550       1.385       2.768      0.1922       0.000      0.7647      0.1913E-01  0.2764       0.000      0.3068E-02   0.000     -0.2086E-02  0.2575       0.000    
    25   12.54      0.9257       1.385       2.768      0.1988       0.000      0.7668      0.1905E-01  0.2772       0.000      0.2921E-02   0.000     -0.1799E-02  0.2565       0.000    
    26   12.54      0.9986       1.385       2.768      0.2051       0.000      0.7691      0.1895E-01  0.2780       0.000      0.2757E-02   0.000     -0.1488E-02  0.2554       0.000    
    27   12.54       1.074       1.385       2.768      0.2112       0.000      0.7715      0.1881E-01  0.2789       0.000      0.2572E-02   0.000     -0.1155E-02  0.2541       0.000    
    28   12.54       1.151       1.385       2.768      0.2172       0.000      0.7740      0.1863E-01  0.2799       0.000      0.2364E-02   0.000     -0.7994E-03  0.2529       0.000    
    29   12.54       1.231       1.385       2.768      0.2229       0.000      0.7767      0.1838E-01  0.2808       0.000      0.2131E-02   0.000     -0.4233E-03  0.2515       0.000    
    30   12.54       1.312       1.385       2.768      0.2284       0.000      0.7794      0.1806E-01  0.2818       0.000      0.1865E-02   0.000     -0.2757E-04  0.2501       0.000    
    31   12.54       1.396       1.385       2.768      0.2337       0.000      0.7821      0.1762E-01  0.2828       0.000      0.1560E-02   0.000      0.3873E-03  0.2486       0.000    
    32   12.54       1.481       1.385       2.768      0.2387       0.000      0.7848      0.1702E-01  0.2838       0.000      0.1198E-02   0.000      0.8211E-03  0.2471       0.000    
    33   12.54       1.568       1.385       2.768      0.2435       0.000      0.7875      0.1616E-01  0.2848       0.000      0.7599E-03   0.000      0.1274E-02  0.2455       0.000    
    34   12.55       1.653       1.385       2.768      0.2251       0.000      0.7899      0.1489E-01  0.2858       0.000      0.1853E-03   0.000      0.1740E-02  0.2439       0.000    
    35   12.55       1.735       1.385       2.766      0.2289       0.000      0.7921      0.1295E-01  0.2868       0.000     -0.6180E-03   0.000      0.2219E-02  0.2423       0.000    
    36   12.55       1.818       1.385       2.764      0.2325       0.000      0.7942      0.9570E-02  0.2878       0.000     -0.1873E-02   0.000      0.2737E-02  0.2405       0.000    
    37   12.55       1.903       1.385       2.763      0.2358       0.000      0.7960      0.2131E-02  0.2887       0.000     -0.4308E-02   0.000      0.3324E-02  0.2385       0.000    
    38   12.55       1.989       1.385       2.761      0.2389       0.000      0.7976     -0.3165E-01  0.2900       0.000     -0.1344E-01   0.000      0.4051E-02  0.2360       0.000    
    39   12.55       2.083       1.385       2.759      0.2780       0.000      0.5974      0.4730E-01  0.3893      0.1731      0.3100E-01   0.000      0.2967E-01  0.1738       1.932    
    40   12.55       2.184       1.385       2.757      0.2810       0.000      0.5614      0.4539E-01  0.3898      0.1864      0.2642E-01   0.000      0.3039E-01  0.1720       1.933    
    41   12.55       2.286       1.385       2.755      0.2837       0.000      0.5429      0.4425E-01  0.3892      0.1925      0.2524E-01   0.000      0.3073E-01  0.1711       1.934    
    42   12.55       2.390       1.385       2.753      0.2861       0.000      0.5317      0.4359E-01  0.3878      0.1949      0.2466E-01   0.000      0.3072E-01  0.1708       1.936    
    43   12.55       2.494       1.385       2.751      0.2882       0.000      0.5251      0.4343E-01  0.3861      0.1955      0.2434E-01   0.000      0.3051E-01  0.1710       1.937    
    44   12.55       2.599       1.385       2.749      0.2900     -0.1206E-12  0.5219      0.4747E-01  0.3853      0.1957      0.2421E-01   0.000      0.3042E-01  0.1710       1.939    
    45   12.55       2.705       1.385       2.747      0.2915      0.1199E-12  0.5218      0.3464E-01  0.3865      0.1968      0.2428E-01   0.000      0.3070E-01  0.1706       1.940    
    46   12.55       2.812       1.385       2.745      0.2927       0.000      0.5248      0.4269E-01  0.3887      0.1977      0.2449E-01   0.000      0.3110E-01  0.1700       1.942    
    47   12.55       2.918       1.385       2.743      0.2937     -0.1188E-12  0.5312      0.4335E-01  0.3912      0.1978      0.2487E-01   0.000      0.3146E-01  0.1696       1.943    
    48   12.55       3.026       1.385       2.741      0.2943      0.1185E-12  0.5423      0.4398E-01  0.3936      0.1960      0.2550E-01   0.000      0.3164E-01  0.1696       1.945    
    49   12.55       3.133       1.385       2.739      0.2947       0.000      0.5611      0.4509E-01  0.3950      0.1904      0.2672E-01   0.000      0.3144E-01  0.1704       1.946    
    50   12.55       3.241       1.385       2.736      0.2947       0.000      0.5980      0.4703E-01  0.3955      0.1772      0.3118E-01   0.000      0.3084E-01  0.1720       1.948    
    51   12.55       3.343       1.385       2.734      0.2638      0.1319E-12  0.8062     -0.2967E-01  0.2959       0.000     -0.1333E-01   0.000      0.5007E-02  0.2331       0.000    
    52   12.55       3.439       1.385       2.733      0.2633     -0.1320E-12  0.8053      0.2307E-02  0.2953       0.000     -0.4589E-02   0.000      0.4340E-02  0.2353       0.000    
    53   12.55       3.536       1.385       2.731      0.2626       0.000      0.8042      0.9213E-02  0.2950       0.000     -0.2263E-02   0.000      0.3850E-02  0.2369       0.000    
    54   12.55       3.632       1.385       2.729      0.2617     -0.1327E-12  0.8030      0.1225E-01  0.2947       0.000     -0.1124E-02   0.000      0.3454E-02  0.2383       0.000    
    55   12.56       3.727       1.385       2.727      0.2605      0.1332E-12  0.8016      0.1393E-01  0.2944       0.000     -0.4440E-03   0.000      0.3121E-02  0.2394       0.000    
    56   12.56       3.823       1.385       2.725      0.2590       0.000      0.8001      0.1497E-01  0.2940       0.000      0.1547E-04   0.000      0.2834E-02  0.2404       0.000    
    57   12.56       3.917       1.385       2.723      0.2573     -0.1347E-12  0.7984      0.1568E-01  0.2936       0.000      0.3556E-03   0.000      0.2583E-02  0.2412       0.000    
    58   12.56       4.012       1.385       2.721      0.2553      0.2712E-12  0.7967      0.1619E-01  0.2931       0.000      0.6316E-03   0.000      0.2362E-02  0.2419       0.000    
    59   12.56       4.105       1.385       2.719      0.2531     -0.1367E-12  0.7948      0.1662E-01  0.2926       0.000      0.9008E-03   0.000      0.2163E-02  0.2426       0.000    
    60   12.56       4.201       1.385       2.712      0.2687       0.000      0.7927      0.1672E-01  0.2926       0.000      0.1027E-02   0.000      0.1998E-02  0.2432       0.000    
    61   12.56       4.300       1.385       2.700      0.2648       0.000      0.7903      0.1655E-01  0.2930       0.000      0.1043E-02   0.000      0.1858E-02  0.2437       0.000    
    62   12.56       4.397       1.385       2.688      0.2607       0.000      0.7879      0.1640E-01  0.2934       0.000      0.1083E-02   0.000      0.1729E-02  0.2441       0.000    
    63   12.57       4.494       1.385       2.676      0.2563       0.000      0.7854      0.1623E-01  0.2938       0.000      0.1123E-02   0.000      0.1613E-02  0.2445       0.000    
    64   12.57       4.589       1.385       2.665      0.2518       0.000      0.7829      0.1605E-01  0.2941       0.000      0.1159E-02   0.000      0.1509E-02  0.2449       0.000    
    65   12.57       4.683       1.385       2.653      0.2470       0.000      0.7803      0.1586E-01  0.2944       0.000      0.1190E-02   0.000      0.1416E-02  0.2452       0.000    
    66   12.58       4.775       1.385       2.642      0.2420       0.000      0.7777      0.1567E-01  0.2947       0.000      0.1217E-02   0.000      0.1332E-02  0.2455       0.000    
    67   12.58       4.866       1.385       2.631      0.2369       0.000      0.7752      0.1548E-01  0.2950       0.000      0.1240E-02   0.000      0.1258E-02  0.2457       0.000    
    68   12.58       4.955       1.385       2.620      0.2315       0.000      0.7726      0.1528E-01  0.2953       0.000      0.1259E-02   0.000      0.1191E-02  0.2460       0.000    
    69   12.58       5.043       1.385       2.609      0.2260       0.000      0.7700      0.1508E-01  0.2955       0.000      0.1275E-02   0.000      0.1131E-02  0.2462       0.000    
    70   12.59       5.128       1.385       2.598      0.2204      0.1500E-12  0.7675      0.1489E-01  0.2957       0.000      0.1289E-02   0.000      0.1077E-02  0.2464       0.000    
    71   12.59       5.212       1.385       2.588      0.2145     -0.1535E-12  0.7650      0.1470E-01  0.2959       0.000      0.1300E-02   0.000      0.1028E-02  0.2465       0.000    
    72   12.59       5.294       1.385       2.578      0.2086       0.000      0.7625      0.1451E-01  0.2961       0.000      0.1310E-02   0.000      0.9849E-03  0.2467       0.000    
    73   12.59       5.374       1.385       2.568      0.2024       0.000      0.7601      0.1433E-01  0.2963       0.000      0.1318E-02   0.000      0.9460E-03  0.2468       0.000    
    74   12.60       5.452       1.385       2.559      0.1962       0.000      0.7577      0.1415E-01  0.2965       0.000      0.1325E-02   0.000      0.9110E-03  0.2469       0.000    
    75   12.60       5.527       1.385       2.549      0.1898       0.000      0.7553      0.1398E-01  0.2966       0.000      0.1331E-02   0.000      0.8795E-03  0.2470       0.000    
    76   12.60       5.601       1.385       2.540      0.1833       0.000      0.7530      0.1382E-01  0.2968       0.000      0.1336E-02   0.000      0.8513E-03  0.2471       0.000    
    77   12.60       5.672       1.385       2.532      0.1766       0.000      0.7508      0.1366E-01  0.2969       0.000      0.1340E-02   0.000      0.8259E-03  0.2472       0.000    
    78   12.61       5.740       1.385       2.523      0.1699       0.000      0.7486      0.1351E-01  0.2970       0.000      0.1344E-02   0.000      0.8032E-03  0.2473       0.000    
    79   12.61       5.806       1.385       2.515      0.1630       0.000      0.7465      0.1337E-01  0.2972       0.000      0.1346E-02   0.000      0.7828E-03  0.2474       0.000    
    80   12.61       5.870       1.385       2.507      0.1561       0.000      0.7445      0.1324E-01  0.2973       0.000      0.1348E-02   0.000      0.7645E-03  0.2474       0.000    
    81   12.61       5.931       1.385       2.500      0.1490       0.000      0.7426      0.1311E-01  0.2974       0.000      0.1350E-02   0.000      0.7481E-03  0.2475       0.000    
    82   12.61       5.989       1.385       2.493      0.1419     -0.2235E-12  0.7407      0.1299E-01  0.2975       0.000      0.1352E-02   0.000      0.7335E-03  0.2475       0.000    
    83   12.62       6.044       1.385       2.486      0.1346      0.2349E-12  0.7389      0.1287E-01  0.2976       0.000      0.1353E-02   0.000      0.7204E-03  0.2476       0.000    
    84   12.62       6.097       1.385       2.479      0.1273       0.000      0.7372      0.1276E-01  0.2977       0.000      0.1353E-02   0.000      0.7087E-03  0.2476       0.000    
    85   12.62       6.147       1.385       2.473      0.1200       0.000      0.7355      0.1266E-01  0.2977       0.000      0.1354E-02   0.000      0.6984E-03  0.2477       0.000    
    86   12.62       6.194       1.385       2.467      0.1125     -0.2790E-12  0.7340      0.1257E-01  0.2978       0.000      0.1354E-02   0.000      0.6892E-03  0.2477       0.000    
    87   12.62       6.238       1.385       2.462      0.1050      0.2982E-12  0.7326      0.1249E-01  0.2979       0.000      0.1354E-02   0.000      0.6810E-03  0.2477       0.000    
    88   12.62       6.280       1.385       2.457      0.9746E-01   0.000      0.7312      0.1241E-01  0.2980       0.000      0.1354E-02   0.000      0.6739E-03  0.2477       0.000    
    89   12.62       6.318       1.385       2.452      0.8985E-01   0.000      0.7300      0.1233E-01  0.2980       0.000      0.1354E-02   0.000      0.6676E-03  0.2478       0.000    
    90   12.63       6.353       1.385       2.448      0.8219E-01   0.000      0.7288      0.1227E-01  0.2981       0.000      0.1354E-02   0.000      0.6621E-03  0.2478       0.000    
    91   12.63       6.385       1.385       2.444      0.7449E-01   0.000      0.7277      0.1221E-01  0.2981       0.000      0.1354E-02   0.000      0.6573E-03  0.2478       0.000    
    92   12.63       6.414       1.385       2.440      0.6675E-01   0.000      0.7268      0.1215E-01  0.2982       0.000      0.1353E-02   0.000      0.6532E-03  0.2478       0.000    
    93   12.63       6.440       1.385       2.437      0.5898E-01   0.000      0.7259      0.1211E-01  0.2982       0.000      0.1353E-02   0.000      0.6497E-03  0.2478       0.000    
    94   12.63       6.462       1.385       2.434      0.5118E-01   0.000      0.7252      0.1206E-01  0.2982       0.000      0.1353E-02   0.000      0.6468E-03  0.2478       0.000    
    95   12.63       6.482       1.385       2.432      0.4335E-01   0.000      0.7245      0.1203E-01  0.2983       0.000      0.1352E-02   0.000      0.6443E-03  0.2478       0.000    
    96   12.63       6.498       1.385       2.430      0.3549E-01   0.000      0.7240      0.1200E-01  0.2983       0.000      0.1352E-02   0.000      0.6423E-03  0.2478       0.000    
    97   12.63       6.511       1.385       2.428      0.2762E-01   0.000      0.7236      0.1198E-01  0.2983       0.000      0.1351E-02   0.000      0.6408E-03  0.2479       0.000    
    98   12.63       6.521       1.385       2.427      0.1974E-01   0.000      0.7233      0.1196E-01  0.2983       0.000      0.1351E-02   0.000      0.6396E-03  0.2479       0.000    
    99   12.63       6.527       1.385       2.426      0.1185E-01   0.000      0.7230      0.1195E-01  0.2983       0.000      0.1350E-02   0.000      0.6389E-03  0.2479       0.000    
   100   12.63       6.530       1.385       2.426      0.3950E-02   0.000      0.7229      0.1194E-01  0.2983       0.000      0.1348E-02   0.000      0.6385E-03  0.2479       0.000    

 Surface forces referred to Sref,Cref,Bref about Xmom,Ymom,Zmom
 Standard axis orientation,  X fwd, Z down         

  Surface # 2     main_wing_1 (YDUP)                      
     # chordwise = 10   # spanwise =100     First strip =101
     Surface area =  17.550           ave. chord =  2.6872    
     CLsurf  =   0.084462     Clsurf  =   0.009785
     CYsurf  =   0.000118     Cmsurf  =  -0.051600
     CDsurf  =   0.001568     Cnsurf  =   0.000348
     CDisurf =   0.000724     CDvsurf =   0.000000

  Forces referred to Ssurf, Cave about hinge axis thru LE
     cl_surf =   0.308349     cd_surf =   0.005725

 Strip Forces referred to strip area, chord
    j    xLE         yLE         zLE         Chord       Area        Dihedral   c cl        ai_ff       cl           clj         cd          cdv         cm_c/4     c.p.x/c      Dcj
   101   12.54     -0.4051E-03   1.385       2.768      0.4486E-02  0.7851E-11  0.7508      0.4176E-01  0.2714       0.000      0.3901E-02   0.000     -0.3922E-02  0.2645       0.000    
   102   12.54     -0.3646E-02   1.385       2.768      0.1345E-01 -0.2618E-11  0.7508      0.2178E-01  0.2714       0.000      0.3901E-02   0.000     -0.3922E-02  0.2645       0.000    
   103   12.54     -0.1012E-01   1.385       2.768      0.2241E-01   0.000      0.7508      0.2018E-01  0.2714       0.000      0.3901E-02   0.000     -0.3922E-02  0.2645       0.000    
   104   12.54     -0.1983E-01   1.385       2.768      0.3134E-01   0.000      0.7508      0.1974E-01  0.2714       0.000      0.3901E-02   0.000     -0.3921E-02  0.2644       0.000    
   105   12.54     -0.3276E-01   1.385       2.768      0.4024E-01   0.000      0.7508      0.1956E-01  0.2714       0.000      0.3900E-02   0.000     -0.3919E-02  0.2644       0.000    
   106   12.54     -0.4890E-01   1.385       2.768      0.4910E-01 -0.7173E-12  0.7509      0.1947E-01  0.2714       0.000      0.3899E-02   0.000     -0.3916E-02  0.2644       0.000    
   107   12.54     -0.6823E-01   1.385       2.768      0.5792E-01  0.1216E-11  0.7509      0.1941E-01  0.2714       0.000      0.3896E-02   0.000     -0.3909E-02  0.2644       0.000    
   108   12.54     -0.9074E-01   1.385       2.768      0.6667E-01 -0.1057E-11  0.7510      0.1937E-01  0.2714       0.000      0.3893E-02   0.000     -0.3900E-02  0.2644       0.000    
   109   12.54     -0.1164       1.385       2.768      0.7536E-01  0.4673E-12  0.7511      0.1934E-01  0.2715       0.000      0.3887E-02   0.000     -0.3885E-02  0.2643       0.000    
   110   12.54     -0.1452       1.385       2.768      0.8398E-01   0.000      0.7512      0.1932E-01  0.2715       0.000      0.3879E-02   0.000     -0.3864E-02  0.2642       0.000    
   111   12.54     -0.1771       1.385       2.768      0.9251E-01  0.3807E-12  0.7514      0.1931E-01  0.2716       0.000      0.3867E-02   0.000     -0.3836E-02  0.2641       0.000    
   112   12.54     -0.2120       1.385       2.768      0.1010     -0.3489E-12  0.7517      0.1930E-01  0.2717       0.000      0.3852E-02   0.000     -0.3799E-02  0.2640       0.000    
   113   12.54     -0.2500       1.385       2.768      0.1093       0.000      0.7520      0.1930E-01  0.2718       0.000      0.3832E-02   0.000     -0.3752E-02  0.2638       0.000    
   114   12.54     -0.2910       1.385       2.768      0.1175      0.2997E-12  0.7525      0.1930E-01  0.2720       0.000      0.3807E-02   0.000     -0.3692E-02  0.2636       0.000    
   115   12.54     -0.3349       1.385       2.768      0.1256     -0.5606E-12  0.7530      0.1930E-01  0.2722       0.000      0.3776E-02   0.000     -0.3618E-02  0.2633       0.000    
   116   12.54     -0.3817       1.385       2.768      0.1336      0.2635E-12  0.7537      0.1930E-01  0.2724       0.000      0.3738E-02   0.000     -0.3529E-02  0.2630       0.000    
   117   12.54     -0.4314       1.385       2.768      0.1415     -0.2489E-12  0.7545      0.1930E-01  0.2727       0.000      0.3692E-02   0.000     -0.3422E-02  0.2625       0.000    
   118   12.54     -0.4839       1.385       2.768      0.1492      0.2360E-12  0.7554      0.1930E-01  0.2731       0.000      0.3637E-02   0.000     -0.3296E-02  0.2621       0.000    
   119   12.54     -0.5392       1.385       2.768      0.1568      0.2246E-12  0.7565      0.1929E-01  0.2734       0.000      0.3573E-02   0.000     -0.3150E-02  0.2615       0.000    
   120   12.54     -0.5972       1.385       2.768      0.1642     -0.2145E-12  0.7577      0.1928E-01  0.2739       0.000      0.3497E-02   0.000     -0.2982E-02  0.2609       0.000    
   121   12.54     -0.6578       1.385       2.768      0.1715       0.000      0.7591      0.1927E-01  0.2744       0.000      0.3410E-02   0.000     -0.2791E-02  0.2602       0.000    
   122   12.54     -0.7211       1.385       2.768      0.1786       0.000      0.7607      0.1924E-01  0.2750       0.000      0.3310E-02   0.000     -0.2576E-02  0.2594       0.000    
   123   12.54     -0.7868       1.385       2.768      0.1855       0.000      0.7625      0.1920E-01  0.2756       0.000      0.3195E-02   0.000     -0.2337E-02  0.2585       0.000    
   124   12.54     -0.8550       1.385       2.768      0.1922       0.000      0.7644      0.1914E-01  0.2763       0.000      0.3065E-02   0.000     -0.2074E-02  0.2575       0.000    
   125   12.54     -0.9257       1.385       2.768      0.1988       0.000      0.7665      0.1907E-01  0.2771       0.000      0.2918E-02   0.000     -0.1786E-02  0.2564       0.000    
   126   12.54     -0.9986       1.385       2.768      0.2051       0.000      0.7687      0.1896E-01  0.2779       0.000      0.2753E-02   0.000     -0.1475E-02  0.2553       0.000    
   127   12.54      -1.074       1.385       2.768      0.2112       0.000      0.7711      0.1882E-01  0.2788       0.000      0.2568E-02   0.000     -0.1141E-02  0.2541       0.000    
   128   12.54      -1.151       1.385       2.768      0.2172       0.000      0.7736      0.1864E-01  0.2797       0.000      0.2360E-02   0.000     -0.7862E-03  0.2528       0.000    
   129   12.54      -1.231       1.385       2.768      0.2229       0.000      0.7762      0.1840E-01  0.2807       0.000      0.2127E-02   0.000     -0.4107E-03  0.2515       0.000    
   130   12.54      -1.312       1.385       2.768      0.2284       0.000      0.7788      0.1808E-01  0.2816       0.000      0.1862E-02   0.000     -0.1595E-04  0.2501       0.000    
   131   12.54      -1.396       1.385       2.768      0.2337       0.000      0.7815      0.1764E-01  0.2826       0.000      0.1557E-02   0.000      0.3970E-03  0.2486       0.000    
   132   12.54      -1.481       1.385       2.768      0.2387       0.000      0.7841      0.1704E-01  0.2836       0.000      0.1198E-02   0.000      0.8277E-03  0.2471       0.000    
   133   12.54      -1.568       1.385       2.768      0.2435       0.000      0.7866      0.1618E-01  0.2845       0.000      0.7626E-03   0.000      0.1276E-02  0.2455       0.000    
   134   12.55      -1.653       1.385       2.768      0.2251       0.000      0.7889      0.1491E-01  0.2854       0.000      0.1937E-03   0.000      0.1735E-02  0.2439       0.000    
   135   12.55      -1.735       1.385       2.766      0.2289       0.000      0.7910      0.1297E-01  0.2864       0.000     -0.5996E-03   0.000      0.2204E-02  0.2423       0.000    
   136   12.55      -1.818       1.385       2.764      0.2325       0.000      0.7928      0.9595E-02  0.2873       0.000     -0.1836E-02   0.000      0.2708E-02  0.2406       0.000    
   137   12.55      -1.903       1.385       2.763      0.2358       0.000      0.7943      0.2160E-02  0.2881       0.000     -0.4231E-02   0.000      0.3272E-02  0.2386       0.000    
   138   12.55      -1.989       1.385       2.761      0.2389       0.000      0.7955     -0.3160E-01  0.2892       0.000     -0.1323E-01   0.000      0.3966E-02  0.2363       0.000    
   139   12.55      -2.083       1.385       2.759      0.2780       0.000      0.5960      0.4729E-01  0.3883      0.1726      0.3087E-01   0.000      0.2953E-01  0.1740       1.932    
   140   12.55      -2.184       1.385       2.757      0.2810       0.000      0.5601      0.4538E-01  0.3884      0.1855      0.2630E-01   0.000      0.3016E-01  0.1724       1.933    
   141   12.55      -2.286       1.385       2.755      0.2837       0.000      0.5414      0.4424E-01  0.3873      0.1911      0.2509E-01   0.000      0.3036E-01  0.1716       1.934    
   142   12.55      -2.390       1.385       2.753      0.2861       0.000      0.5301      0.4361E-01  0.3851      0.1928      0.2448E-01   0.000      0.3017E-01  0.1717       1.936    
   143   12.55      -2.494       1.385       2.751      0.2882       0.000      0.5234      0.4355E-01  0.3827      0.1927      0.2412E-01   0.000      0.2980E-01  0.1721       1.937    
   144   12.55      -2.599       1.385       2.749      0.2900      0.1206E-12  0.5202      0.4916E-01  0.3816      0.1927      0.2398E-01   0.000      0.2964E-01  0.1723       1.939    
   145   12.55      -2.705       1.385       2.747      0.2915     -0.1199E-12  0.5202      0.3147E-01  0.3831      0.1940      0.2406E-01   0.000      0.2999E-01  0.1717       1.940    
   146   12.55      -2.812       1.385       2.745      0.2927       0.000      0.5233      0.4258E-01  0.3858      0.1954      0.2430E-01   0.000      0.3050E-01  0.1709       1.942    
   147   12.55      -2.918       1.385       2.743      0.2937      0.1188E-12  0.5298      0.4334E-01  0.3890      0.1961      0.2472E-01   0.000      0.3102E-01  0.1703       1.943    
   148   12.55      -3.026       1.385       2.741      0.2943     -0.1185E-12  0.5411      0.4396E-01  0.3920      0.1949      0.2538E-01   0.000      0.3136E-01  0.1700       1.945    
   149   12.55      -3.133       1.385       2.739      0.2947       0.000      0.5600      0.4508E-01  0.3940      0.1898      0.2663E-01   0.000      0.3129E-01  0.1706       1.946    
   150   12.55      -3.241       1.385       2.736      0.2947       0.000      0.5971      0.4702E-01  0.3948      0.1769      0.3110E-01   0.000      0.3076E-01  0.1721       1.948    
   151   12.55      -3.343       1.385       2.734      0.2638     -0.1319E-12  0.8049     -0.2963E-01  0.2954       0.000     -0.1322E-01   0.000      0.4970E-02  0.2332       0.000    
   152   12.55      -3.439       1.385       2.733      0.2633      0.1320E-12  0.8044      0.2334E-02  0.2950       0.000     -0.4564E-02   0.000      0.4329E-02  0.2353       0.000    
   153   12.55      -3.536       1.385       2.731      0.2626       0.000      0.8036      0.9236E-02  0.2948       0.000     -0.2261E-02   0.000      0.3854E-02  0.2369       0.000    
   154   12.55      -3.632       1.385       2.729      0.2617      0.1327E-12  0.8025      0.1227E-01  0.2946       0.000     -0.1132E-02   0.000      0.3467E-02  0.2382       0.000    
   155   12.56      -3.727       1.385       2.727      0.2605     -0.1332E-12  0.8012      0.1395E-01  0.2943       0.000     -0.4555E-03   0.000      0.3139E-02  0.2393       0.000    
   156   12.56      -3.823       1.385       2.725      0.2590       0.000      0.7998      0.1499E-01  0.2939       0.000      0.2387E-05   0.000      0.2854E-02  0.2403       0.000    
   157   12.56      -3.917       1.385       2.723      0.2573      0.1347E-12  0.7982      0.1570E-01  0.2935       0.000      0.3422E-03   0.000      0.2605E-02  0.2411       0.000    
   158   12.56      -4.012       1.385       2.721      0.2553     -0.2712E-12  0.7965      0.1621E-01  0.2931       0.000      0.6184E-03   0.000      0.2384E-02  0.2419       0.000    
   159   12.56      -4.105       1.385       2.719      0.2531      0.1367E-12  0.7947      0.1663E-01  0.2926       0.000      0.8883E-03   0.000      0.2185E-02  0.2425       0.000    
   160   12.56      -4.201       1.385       2.712      0.2687       0.000      0.7927      0.1673E-01  0.2926       0.000      0.1015E-02   0.000      0.2020E-02  0.2431       0.000    
   161   12.56      -4.300       1.385       2.700      0.2648       0.000      0.7903      0.1656E-01  0.2930       0.000      0.1032E-02   0.000      0.1878E-02  0.2436       0.000    
   162   12.56      -4.397       1.385       2.688      0.2607       0.000      0.7879      0.1641E-01  0.2934       0.000      0.1073E-02   0.000      0.1748E-02  0.2440       0.000    
   163   12.57      -4.494       1.385       2.676      0.2563       0.000      0.7854      0.1624E-01  0.2938       0.000      0.1114E-02   0.000      0.1631E-02  0.2444       0.000    
   164   12.57      -4.589       1.385       2.665      0.2518       0.000      0.7829      0.1606E-01  0.2941       0.000      0.1150E-02   0.000      0.1526E-02  0.2448       0.000    
   165   12.57      -4.683       1.385       2.653      0.2470       0.000      0.7804      0.1587E-01  0.2945       0.000      0.1182E-02   0.000      0.1431E-02  0.2451       0.000    
   166   12.58      -4.775       1.385       2.642      0.2420       0.000      0.7778      0.1568E-01  0.2948       0.000      0.1209E-02   0.000      0.1347E-02  0.2454       0.000    
   167   12.58      -4.866       1.385       2.631      0.2369       0.000      0.7752      0.1548E-01  0.2950       0.000      0.1233E-02   0.000      0.1271E-02  0.2457       0.000    
   168   12.58      -4.955       1.385       2.620      0.2315       0.000      0.7727      0.1529E-01  0.2953       0.000      0.1252E-02   0.000      0.1203E-02  0.2459       0.000    
   169   12.58      -5.043       1.385       2.609      0.2260       0.000      0.7701      0.1509E-01  0.2955       0.000      0.1269E-02   0.000      0.1142E-02  0.2461       0.000    
   170   12.59      -5.128       1.385       2.598      0.2204     -0.1500E-12  0.7676      0.1490E-01  0.2957       0.000      0.1283E-02   0.000      0.1087E-02  0.2463       0.000    
   171   12.59      -5.212       1.385       2.588      0.2145      0.1535E-12  0.7651      0.1470E-01  0.2959       0.000      0.1295E-02   0.000      0.1038E-02  0.2465       0.000    
   172   12.59      -5.294       1.385       2.578      0.2086       0.000      0.7626      0.1452E-01  0.2961       0.000      0.1305E-02   0.000      0.9939E-03  0.2466       0.000    
   173   12.59      -5.374       1.385       2.568      0.2024       0.000      0.7601      0.1434E-01  0.2963       0.000      0.1314E-02   0.000      0.9543E-03  0.2468       0.000    
   174   12.60      -5.452       1.385       2.559      0.1962       0.000      0.7577      0.1416E-01  0.2965       0.000      0.1321E-02   0.000      0.9187E-03  0.2469       0.000    
   175   12.60      -5.527       1.385       2.549      0.1898       0.000      0.7554      0.1399E-01  0.2966       0.000      0.1327E-02   0.000      0.8867E-03  0.2470       0.000    
   176   12.60      -5.601       1.385       2.540      0.1833       0.000      0.7531      0.1383E-01  0.2968       0.000      0.1332E-02   0.000      0.8580E-03  0.2471       0.000    
   177   12.60      -5.672       1.385       2.532      0.1766       0.000      0.7509      0.1367E-01  0.2969       0.000      0.1336E-02   0.000      0.8322E-03  0.2472       0.000    
   178   12.61      -5.740       1.385       2.523      0.1699       0.000      0.7487      0.1352E-01  0.2971       0.000      0.1340E-02   0.000      0.8090E-03  0.2473       0.000    
   179   12.61      -5.806       1.385       2.515      0.1630       0.000      0.7466      0.1337E-01  0.2972       0.000      0.1343E-02   0.000      0.7883E-03  0.2473       0.000    
   180   12.61      -5.870       1.385       2.507      0.1561       0.000      0.7446      0.1324E-01  0.2973       0.000      0.1345E-02   0.000      0.7696E-03  0.2474       0.000    
   181   12.61      -5.931       1.385       2.500      0.1490       0.000      0.7426      0.1311E-01  0.2974       0.000      0.1347E-02   0.000      0.7530E-03  0.2475       0.000    
   182   12.61      -5.989       1.385       2.493      0.1419      0.2235E-12  0.7408      0.1299E-01  0.2975       0.000      0.1349E-02   0.000      0.7381E-03  0.2475       0.000    
   183   12.62      -6.044       1.385       2.486      0.1346     -0.2349E-12  0.7390      0.1287E-01  0.2976       0.000      0.1350E-02   0.000      0.7247E-03  0.2476       0.000    
   184   12.62      -6.097       1.385       2.479      0.1273       0.000      0.7372      0.1277E-01  0.2977       0.000      0.1351E-02   0.000      0.7129E-03  0.2476       0.000    
   185   12.62      -6.147       1.385       2.473      0.1200       0.000      0.7356      0.1267E-01  0.2978       0.000      0.1351E-02   0.000      0.7023E-03  0.2476       0.000    
   186   12.62      -6.194       1.385       2.467      0.1125      0.2790E-12  0.7341      0.1257E-01  0.2979       0.000      0.1352E-02   0.000      0.6929E-03  0.2477       0.000    
   187   12.62      -6.238       1.385       2.462      0.1050     -0.2982E-12  0.7326      0.1249E-01  0.2979       0.000      0.1352E-02   0.000      0.6846E-03  0.2477       0.000    
   188   12.62      -6.280       1.385       2.457      0.9746E-01   0.000      0.7313      0.1241E-01  0.2980       0.000      0.1352E-02   0.000      0.6773E-03  0.2477       0.000    
   189   12.62      -6.318       1.385       2.452      0.8985E-01   0.000      0.7300      0.1234E-01  0.2980       0.000      0.1352E-02   0.000      0.6709E-03  0.2477       0.000    
   190   12.63      -6.353       1.385       2.448      0.8219E-01   0.000      0.7289      0.1227E-01  0.2981       0.000      0.1352E-02   0.000      0.6653E-03  0.2478       0.000    
   191   12.63      -6.385       1.385       2.444      0.7449E-01   0.000      0.7278      0.1221E-01  0.2981       0.000      0.1351E-02   0.000      0.6605E-03  0.2478       0.000    
   192   12.63      -6.414       1.385       2.440      0.6675E-01   0.000      0.7269      0.1216E-01  0.2982       0.000      0.1351E-02   0.000      0.6563E-03  0.2478       0.000    
   193   12.63      -6.440       1.385       2.437      0.5898E-01   0.000      0.7260      0.1211E-01  0.2982       0.000      0.1351E-02   0.000      0.6527E-03  0.2478       0.000    
   194   12.63      -6.462       1.385       2.434      0.5118E-01   0.000      0.7253      0.1207E-01  0.2983       0.000      0.1351E-02   0.000      0.6497E-03  0.2478       0.000    
   195   12.63      -6.482       1.385       2.432      0.4335E-01   0.000      0.7246      0.1203E-01  0.2983       0.000      0.1350E-02   0.000      0.6472E-03  0.2478       0.000    
   196   12.63      -6.498       1.385       2.430      0.3549E-01   0.000      0.7241      0.1200E-01  0.2983       0.000      0.1350E-02   0.000      0.6451E-03  0.2478       0.000    
   197   12.63      -6.511       1.385       2.428      0.2762E-01   0.000      0.7236      0.1198E-01  0.2983       0.000      0.1349E-02   0.000      0.6435E-03  0.2478       0.000    
   198   12.63      -6.521       1.385       2.427      0.1974E-01   0.000      0.7233      0.1196E-01  0.2983       0.000      0.1349E-02   0.000      0.6424E-03  0.2478       0.000    
   199   12.63      -6.527       1.385       2.426      0.1185E-01   0.000      0.7231      0.1195E-01  0.2983       0.000      0.1348E-02   0.000      0.6416E-03  0.2478       0.000    
   200   12.63      -6.530       1.385       2.426      0.3950E-02   0.000      0.7230      0.1194E-01  0.2984       0.000      0.1346E-02   0.000      0.6412E-03  0.2479       0.000    

 Surface forces referred to Sref,Cref,Bref about Xmom,Ymom,Zmom
 Standard axis orientation,  X fwd, Z down         

  Surface # 3     main_wing_2                             
     # chordwise = 10   # spanwise =100     First strip =201
     Surface area =  14.485           ave. chord =  1.9753    
     CLsurf  =   0.067623     Clsurf  =  -0.023681
     CYsurf  =  -0.000220     Cmsurf  =  -0.041223
     CDsurf  =   0.001251     Cnsurf  =  -0.000745
     CDisurf =   0.000506     CDvsurf =   0.000000

  Forces referred to Ssurf, Cave about hinge axis thru LE
     cl_surf =   0.299104     cd_surf =   0.005531

 Strip Forces referred to strip area, chord
    j    xLE         yLE         zLE         Chord       Area        Dihedral   c cl        ai_ff       cl           clj         cd          cdv         cm_c/4     c.p.x/c      Dcj
   201   12.63       6.531       1.385       2.426      0.4429E-02   0.000      0.7229      0.1194E-01  0.2983       0.000      0.1349E-02   0.000      0.6385E-03  0.2479       0.000    
   202   12.63       6.535       1.385       2.425      0.1328E-01   0.000      0.7228      0.1193E-01  0.2983       0.000      0.1351E-02   0.000      0.6381E-03  0.2479       0.000    
   203   12.63       6.542       1.385       2.425      0.2211E-01   0.000      0.7225      0.1192E-01  0.2983       0.000      0.1351E-02   0.000      0.6372E-03  0.2479       0.000    
   204   12.63       6.553       1.385       2.423      0.3091E-01   0.000      0.7222      0.1190E-01  0.2984       0.000      0.1351E-02   0.000      0.6360E-03  0.2479       0.000    
   205   12.63       6.568       1.385       2.421      0.3966E-01   0.000      0.7217      0.1188E-01  0.2984       0.000      0.1351E-02   0.000      0.6345E-03  0.2479       0.000    
   206   12.63       6.586       1.385       2.419      0.4834E-01 -0.6367E-12  0.7211      0.1185E-01  0.2984       0.000      0.1351E-02   0.000      0.6326E-03  0.2479       0.000    
   207   12.63       6.608       1.385       2.417      0.5696E-01   0.000      0.7204      0.1181E-01  0.2984       0.000      0.1351E-02   0.000      0.6305E-03  0.2479       0.000    
   208   12.63       6.633       1.385       2.413      0.6548E-01  0.4689E-12  0.7195      0.1176E-01  0.2985       0.000      0.1350E-02   0.000      0.6281E-03  0.2479       0.000    
   209   12.63       6.662       1.385       2.410      0.7391E-01 -0.4148E-12  0.7186      0.1171E-01  0.2985       0.000      0.1350E-02   0.000      0.6256E-03  0.2479       0.000    
   210   12.64       6.694       1.385       2.406      0.8222E-01  0.3723E-12  0.7175      0.1166E-01  0.2986       0.000      0.1349E-02   0.000      0.6230E-03  0.2479       0.000    
   211   12.64       6.730       1.385       2.401      0.9041E-01   0.000      0.7163      0.1160E-01  0.2986       0.000      0.1349E-02   0.000      0.6203E-03  0.2479       0.000    
   212   12.64       6.770       1.385       2.397      0.9846E-01   0.000      0.7149      0.1154E-01  0.2986       0.000      0.1348E-02   0.000      0.6177E-03  0.2479       0.000    
   213   12.64       6.812       1.385       2.391      0.1064     -0.2860E-12  0.7135      0.1147E-01  0.2987       0.000      0.1347E-02   0.000      0.6153E-03  0.2479       0.000    
   214   12.64       6.858       1.385       2.386      0.1141      0.2660E-12  0.7119      0.1139E-01  0.2988       0.000      0.1345E-02   0.000      0.6131E-03  0.2479       0.000    
   215   12.64       6.908       1.385       2.380      0.1217       0.000      0.7103      0.1132E-01  0.2988       0.000      0.1344E-02   0.000      0.6112E-03  0.2480       0.000    
   216   12.64       6.961       1.385       2.373      0.1291       0.000      0.7085      0.1123E-01  0.2989       0.000      0.1342E-02   0.000      0.6098E-03  0.2480       0.000    
   217   12.65       7.017       1.385       2.366      0.1363     -0.2209E-12  0.7066      0.1115E-01  0.2990       0.000      0.1339E-02   0.000      0.6090E-03  0.2480       0.000    
   218   12.65       7.076       1.385       2.359      0.1433       0.000      0.7046      0.1106E-01  0.2990       0.000      0.1337E-02   0.000      0.6090E-03  0.2480       0.000    
   219   12.65       7.138       1.385       2.351      0.1500      0.1994E-12  0.7025      0.1097E-01  0.2991       0.000      0.1334E-02   0.000      0.6099E-03  0.2480       0.000    
   220   12.65       7.204       1.385       2.343      0.1566      0.1904E-12  0.7002      0.1088E-01  0.2992       0.000      0.1330E-02   0.000      0.6118E-03  0.2480       0.000    
   221   12.65       7.272       1.385       2.335      0.1629     -0.1823E-12  0.6979      0.1079E-01  0.2992       0.000      0.1326E-02   0.000      0.6151E-03  0.2479       0.000    
   222   12.66       7.343       1.385       2.326      0.1690       0.000      0.6955      0.1070E-01  0.2993       0.000      0.1321E-02   0.000      0.6199E-03  0.2479       0.000    
   223   12.66       7.417       1.385       2.317      0.1749       0.000      0.6929      0.1060E-01  0.2994       0.000      0.1316E-02   0.000      0.6264E-03  0.2479       0.000    
   224   12.66       7.494       1.385       2.308      0.1805      0.1626E-12  0.6903      0.1051E-01  0.2995       0.000      0.1310E-02   0.000      0.6351E-03  0.2479       0.000    
   225   12.66       7.574       1.385       2.298      0.1859     -0.1573E-12  0.6875      0.1041E-01  0.2996       0.000      0.1303E-02   0.000      0.6463E-03  0.2478       0.000    
   226   12.67       7.656       1.385       2.288      0.1909       0.000      0.6847      0.1031E-01  0.2996       0.000      0.1294E-02   0.000      0.6604E-03  0.2478       0.000    
   227   12.67       7.740       1.385       2.277      0.1958       0.000      0.6818      0.1022E-01  0.2997       0.000      0.1285E-02   0.000      0.6780E-03  0.2477       0.000    
   228   12.67       7.828       1.385       2.267      0.2003       0.000      0.6788      0.1012E-01  0.2998       0.000      0.1273E-02   0.000      0.6997E-03  0.2477       0.000    
   229   12.67       7.917       1.385       2.256      0.2046       0.000      0.6756      0.1002E-01  0.2999       0.000      0.1260E-02   0.000      0.7263E-03  0.2476       0.000    
   230   12.68       8.009       1.385       2.244      0.2086     -0.1369E-12  0.6724      0.9919E-02  0.3000       0.000      0.1244E-02   0.000      0.7588E-03  0.2475       0.000    
   231   12.68       8.103       1.385       2.233      0.2123      0.1338E-12  0.6692      0.9816E-02  0.3001       0.000      0.1225E-02   0.000      0.7982E-03  0.2473       0.000    
   232   12.68       8.199       1.385       2.221      0.2157       0.000      0.6658      0.9708E-02  0.3001       0.000      0.1202E-02   0.000      0.8461E-03  0.2472       0.000    
   233   12.68       8.297       1.385       2.209      0.2189       0.000      0.6623      0.9593E-02  0.3002       0.000      0.1174E-02   0.000      0.9041E-03  0.2470       0.000    
   234   12.69       8.397       1.385       2.197      0.2218       0.000      0.6588      0.9468E-02  0.3003       0.000      0.1140E-02   0.000      0.9745E-03  0.2468       0.000    
   235   12.69       8.499       1.385       2.184      0.2243       0.000      0.6552      0.9326E-02  0.3004       0.000      0.1097E-02   0.000      0.1060E-02  0.2465       0.000    
   236   12.69       8.603       1.385       2.171      0.2266       0.000      0.6516      0.9160E-02  0.3004       0.000      0.1044E-02   0.000      0.1164E-02  0.2461       0.000    
   237   12.70       8.708       1.385       2.158      0.2286       0.000      0.6478      0.8959E-02  0.3005       0.000      0.9765E-03   0.000      0.1290E-02  0.2457       0.000    
   238   12.70       8.815       1.385       2.145      0.2304       0.000      0.6440      0.8704E-02  0.3006       0.000      0.8891E-03   0.000      0.1444E-02  0.2452       0.000    
   239   12.70       8.923       1.385       2.132      0.2318       0.000      0.6401      0.8367E-02  0.3006       0.000      0.7735E-03   0.000      0.1633E-02  0.2446       0.000    
   240   12.71       9.032       1.385       2.119      0.2330       0.000      0.6362      0.7904E-02  0.3007       0.000      0.6170E-03   0.000      0.1864E-02  0.2438       0.000    
   241   12.71       9.143       1.385       2.105      0.2338       0.000      0.6321      0.7235E-02  0.3007       0.000      0.3977E-03   0.000      0.2150E-02  0.2428       0.000    
   242   12.71       9.254       1.385       2.091      0.2344       0.000      0.6280      0.6216E-02  0.3007       0.000      0.7634E-04   0.000      0.2505E-02  0.2417       0.000    
   243   12.72       9.367       1.385       2.077      0.2348       0.000      0.6238      0.4539E-02  0.3007       0.000     -0.4275E-03   0.000      0.2951E-02  0.2402       0.000    
   244   12.72       9.480       1.385       2.063      0.2348       0.000      0.6195      0.1441E-02  0.3007       0.000     -0.1309E-02   0.000      0.3520E-02  0.2383       0.000    
   245   12.72       9.594       1.385       2.049      0.2347      0.1111E-12  0.6150     -0.5746E-02  0.3007       0.000     -0.3210E-02   0.000      0.4270E-02  0.2358       0.000    
   246   12.73       9.709       1.385       2.035      0.2342     -0.1106E-12  0.6103     -0.3937E-01  0.3008       0.000     -0.1033E-01   0.000      0.5351E-02  0.2322       0.000    
   247   12.73       9.824       1.385       2.021      0.2319     -0.1109E-12  0.4295      0.4572E-01  0.4362      0.2240      0.3342E-01   0.000      0.4080E-01  0.1565       2.637    
   248   12.74       9.939       1.385       2.007      0.2310       0.000      0.3945      0.4331E-01  0.4361      0.2398      0.2965E-01   0.000      0.4215E-01  0.1533       2.656    
   249   12.74       10.05       1.385       1.993      0.2298      0.1103E-12  0.3750      0.4196E-01  0.4345      0.2466      0.2852E-01   0.000      0.4287E-01  0.1513       2.674    
   250   12.74       10.17       1.385       1.979      0.2284      0.1102E-12  0.3620      0.4122E-01  0.4317      0.2490      0.2793E-01   0.000      0.4308E-01  0.1502       2.694    
   251   12.75       10.29       1.385       1.964      0.2268     -0.1102E-12  0.3529      0.4054E-01  0.4290      0.2496      0.2757E-01   0.000      0.4311E-01  0.1495       2.713    
   252   12.75       10.40       1.385       1.950      0.2249       0.000      0.3468      0.7384E-01  0.4275      0.2499      0.2742E-01   0.000      0.4326E-01  0.1488       2.733    
   253   12.75       10.52       1.385       1.936      0.2228       0.000      0.3434      0.4127E-01  0.4282      0.2511      0.2749E-01   0.000      0.4377E-01  0.1478       2.753    
   254   12.76       10.63       1.385       1.922      0.2205       0.000      0.3430      0.4140E-01  0.4310      0.2527      0.2780E-01   0.000      0.4455E-01  0.1466       2.773    
   255   12.76       10.75       1.385       1.908      0.2181       0.000      0.3463      0.4215E-01  0.4338      0.2525      0.2833E-01   0.000      0.4511E-01  0.1460       2.793    
   256   12.76       10.86       1.385       1.894      0.2154       0.000      0.3556      0.4352E-01  0.4354      0.2479      0.2937E-01   0.000      0.4508E-01  0.1465       2.814    
   257   12.77       10.97       1.385       1.880      0.2125       0.000      0.3792      0.4591E-01  0.4355      0.2340      0.3297E-01   0.000      0.4436E-01  0.1481       2.835    
   258   12.77       11.08       1.385       1.866      0.2067       0.000      0.5348     -0.3830E-01  0.2875       0.000     -0.9385E-02   0.000      0.6400E-02  0.2277       0.000    
   259   12.77       11.19       1.385       1.853      0.2035       0.000      0.5273     -0.3627E-02  0.2852       0.000     -0.2717E-02   0.000      0.5372E-02  0.2312       0.000    
   260   12.78       11.30       1.385       1.839      0.2002       0.000      0.5196      0.4204E-02  0.2830       0.000     -0.8706E-03   0.000      0.4681E-02  0.2335       0.000    
   261   12.78       11.41       1.385       1.826      0.1968     -0.1181E-12  0.5117      0.7856E-02  0.2806       0.000      0.2204E-04   0.000      0.4179E-02  0.2351       0.000    
   262   12.78       11.52       1.385       1.813      0.1931      0.1194E-12  0.5036      0.1005E-01  0.2782       0.000      0.5581E-03   0.000      0.3807E-02  0.2363       0.000    
   263   12.79       11.63       1.385       1.800      0.1894       0.000      0.4952      0.1156E-01  0.2755       0.000      0.9200E-03   0.000      0.3537E-02  0.2372       0.000    
   264   12.79       11.73       1.385       1.787      0.1855     -0.1225E-12  0.4867      0.1272E-01  0.2727       0.000      0.1184E-02   0.000      0.3347E-02  0.2377       0.000    
   265   12.79       11.83       1.385       1.774      0.1815      0.1244E-12  0.4780      0.1368E-01  0.2697       0.000      0.1386E-02   0.000      0.3223E-02  0.2381       0.000    
   266   12.80       11.93       1.385       1.762      0.1773       0.000      0.4691      0.1451E-01  0.2666       0.000      0.1548E-02   0.000      0.3154E-02  0.2382       0.000    
   267   12.80       12.03       1.385       1.749      0.1731       0.000      0.4601      0.1527E-01  0.2633       0.000      0.1682E-02   0.000      0.3132E-02  0.2381       0.000    
   268   12.80       12.13       1.385       1.737      0.1687       0.000      0.4508      0.1599E-01  0.2598       0.000      0.1795E-02   0.000      0.3151E-02  0.2379       0.000    
   269   12.81       12.23       1.385       1.726      0.1643       0.000      0.4414      0.1669E-01  0.2561       0.000      0.1893E-02   0.000      0.3204E-02  0.2375       0.000    
   270   12.81       12.32       1.385       1.714      0.1597       0.000      0.4317      0.1738E-01  0.2521       0.000      0.1980E-02   0.000      0.3287E-02  0.2370       0.000    
   271   12.81       12.42       1.385       1.703      0.1551       0.000      0.4219      0.1806E-01  0.2480       0.000      0.2056E-02   0.000      0.3396E-02  0.2363       0.000    
   272   12.81       12.51       1.385       1.692      0.1504       0.000      0.4117      0.1875E-01  0.2436       0.000      0.2125E-02   0.000      0.3528E-02  0.2355       0.000    
   273   12.82       12.59       1.385       1.681      0.1456       0.000      0.4014      0.1945E-01  0.2390       0.000      0.2186E-02   0.000      0.3681E-02  0.2346       0.000    
   274   12.82       12.68       1.385       1.670      0.1407       0.000      0.3908      0.2015E-01  0.2342       0.000      0.2240E-02   0.000      0.3850E-02  0.2336       0.000    
   275   12.82       12.76       1.385       1.660      0.1358       0.000      0.3799      0.2087E-01  0.2290       0.000      0.2288E-02   0.000      0.4033E-02  0.2324       0.000    
   276   12.82       12.84       1.385       1.650      0.1308       0.000      0.3687      0.2159E-01  0.2236       0.000      0.2330E-02   0.000      0.4228E-02  0.2311       0.000    
   277   12.83       12.92       1.385       1.641      0.1258       0.000      0.3572      0.2232E-01  0.2179       0.000      0.2366E-02   0.000      0.4431E-02  0.2297       0.000    
   278   12.83       13.00       1.385       1.631      0.1207       0.000      0.3454      0.2305E-01  0.2119       0.000      0.2395E-02   0.000      0.4639E-02  0.2281       0.000    
   279   12.83       13.07       1.385       1.622      0.1155      0.1786E-12  0.3333      0.2379E-01  0.2056       0.000      0.2418E-02   0.000      0.4847E-02  0.2264       0.000    
   280   12.83       13.14       1.385       1.614      0.1104     -0.1860E-12  0.3209      0.2452E-01  0.1990       0.000      0.2433E-02   0.000      0.5053E-02  0.2246       0.000    
   281   12.84       13.20       1.385       1.606      0.1052       0.000      0.3082      0.2526E-01  0.1921       0.000      0.2440E-02   0.000      0.5250E-02  0.2227       0.000    
   282   12.84       13.27       1.385       1.598      0.9991E-01   0.000      0.2951      0.2598E-01  0.1848       0.000      0.2440E-02   0.000      0.5433E-02  0.2206       0.000    
   283   12.84       13.33       1.385       1.590      0.9464E-01 -0.2138E-12  0.2816      0.2670E-01  0.1772       0.000      0.2431E-02   0.000      0.5598E-02  0.2184       0.000    
   284   12.84       13.39       1.385       1.583      0.8934E-01  0.2254E-12  0.2678      0.2741E-01  0.1693       0.000      0.2412E-02   0.000      0.5737E-02  0.2161       0.000    
   285   12.84       13.44       1.385       1.576      0.8402E-01 -0.2387E-12  0.2537      0.2810E-01  0.1610       0.000      0.2383E-02   0.000      0.5845E-02  0.2137       0.000    
   286   12.84       13.49       1.385       1.570      0.7867E-01  0.2539E-12  0.2392      0.2877E-01  0.1525       0.000      0.2344E-02   0.000      0.5915E-02  0.2112       0.000    
   287   12.85       13.54       1.385       1.564      0.7331E-01   0.000      0.2244      0.2942E-01  0.1436       0.000      0.2294E-02   0.000      0.5939E-02  0.2086       0.000    
   288   12.85       13.59       1.385       1.558      0.6793E-01   0.000      0.2093      0.3004E-01  0.1344       0.000      0.2233E-02   0.000      0.5912E-02  0.2060       0.000    
   289   12.85       13.63       1.385       1.553      0.6254E-01   0.000      0.1939      0.3064E-01  0.1249       0.000      0.2158E-02   0.000      0.5827E-02  0.2033       0.000    
   290   12.85       13.67       1.385       1.549      0.5713E-01 -0.3448E-12  0.1781      0.3121E-01  0.1151       0.000      0.2071E-02   0.000      0.5678E-02  0.2007       0.000    
   291   12.85       13.70       1.385       1.544      0.5172E-01  0.3799E-12  0.1621      0.3174E-01  0.1050       0.000      0.1970E-02   0.000      0.5461E-02  0.1980       0.000    
   292   12.85       13.74       1.385       1.540      0.4630E-01   0.000      0.1458      0.3225E-01  0.9470E-01   0.000      0.1854E-02   0.000      0.5172E-02  0.1954       0.000    
   293   12.85       13.76       1.385       1.537      0.4086E-01   0.000      0.1293      0.3271E-01  0.8415E-01   0.000      0.1724E-02   0.000      0.4809E-02  0.1929       0.000    
   294   12.85       13.79       1.385       1.534      0.3543E-01   0.000      0.1125      0.3314E-01  0.7339E-01   0.000      0.1578E-02   0.000      0.4370E-02  0.1905       0.000    
   295   12.85       13.81       1.385       1.531      0.2999E-01   0.000      0.9558E-01  0.3353E-01  0.6243E-01   0.000      0.1413E-02   0.000      0.3857E-02  0.1882       0.000    
   296   12.85       13.83       1.385       1.529      0.2454E-01   0.000      0.7845E-01  0.3388E-01  0.5131E-01   0.000      0.1224E-02   0.000      0.3272E-02  0.1862       0.000    
   297   12.86       13.84       1.385       1.527      0.1909E-01   0.000      0.6117E-01  0.3417E-01  0.4006E-01   0.000      0.1000E-02   0.000      0.2622E-02  0.1845       0.000    
   298   12.86       13.85       1.385       1.526      0.1364E-01   0.000      0.4378E-01  0.3439E-01  0.2869E-01   0.000      0.7353E-03   0.000      0.1916E-02  0.1832       0.000    
   299   12.86       13.86       1.385       1.525      0.8183E-02   0.000      0.2630E-01  0.3454E-01  0.1725E-01   0.000      0.4367E-03   0.000      0.1167E-02  0.1823       0.000    
   300   12.86       13.86       1.385       1.525      0.2728E-02   0.000      0.8773E-02  0.3462E-01  0.5756E-02   0.000      0.1276E-03   0.000      0.3921E-03  0.1819       0.000    

 Surface forces referred to Sref,Cref,Bref about Xmom,Ymom,Zmom
 Standard axis orientation,  X fwd, Z down         

  Surface # 4     main_wing_2 (YDUP)                      
     # chordwise = 10   # spanwise =100     First strip =301
     Surface area =  14.485           ave. chord =  1.9753    
     CLsurf  =   0.067625     Clsurf  =   0.023682
     CYsurf  =   0.000220     Cmsurf  =  -0.041224
     CDsurf  =   0.001250     Cnsurf  =   0.000745
     CDisurf =   0.000506     CDvsurf =   0.000000

  Forces referred to Ssurf, Cave about hinge axis thru LE
     cl_surf =   0.299117     cd_surf =   0.005531

 Strip Forces referred to strip area, chord
    j    xLE         yLE         zLE         Chord       Area        Dihedral   c cl        ai_ff       cl           clj         cd          cdv         cm_c/4     c.p.x/c      Dcj
   301   12.63      -6.531       1.385       2.426      0.4429E-02   0.000      0.7230      0.1194E-01  0.2984       0.000      0.1347E-02   0.000      0.6412E-03  0.2479       0.000    
   302   12.63      -6.535       1.385       2.425      0.1328E-01   0.000      0.7229      0.1194E-01  0.2984       0.000      0.1348E-02   0.000      0.6408E-03  0.2479       0.000    
   303   12.63      -6.542       1.385       2.425      0.2211E-01   0.000      0.7226      0.1192E-01  0.2984       0.000      0.1349E-02   0.000      0.6399E-03  0.2479       0.000    
   304   12.63      -6.553       1.385       2.423      0.3091E-01   0.000      0.7222      0.1190E-01  0.2984       0.000      0.1349E-02   0.000      0.6387E-03  0.2479       0.000    
   305   12.63      -6.568       1.385       2.421      0.3966E-01   0.000      0.7218      0.1188E-01  0.2984       0.000      0.1349E-02   0.000      0.6371E-03  0.2479       0.000    
   306   12.63      -6.586       1.385       2.419      0.4834E-01  0.6367E-12  0.7212      0.1185E-01  0.2984       0.000      0.1349E-02   0.000      0.6352E-03  0.2479       0.000    
   307   12.63      -6.608       1.385       2.417      0.5696E-01   0.000      0.7204      0.1181E-01  0.2985       0.000      0.1349E-02   0.000      0.6330E-03  0.2479       0.000    
   308   12.63      -6.633       1.385       2.413      0.6548E-01 -0.4689E-12  0.7196      0.1177E-01  0.2985       0.000      0.1349E-02   0.000      0.6306E-03  0.2479       0.000    
   309   12.63      -6.662       1.385       2.410      0.7391E-01  0.4148E-12  0.7186      0.1172E-01  0.2985       0.000      0.1348E-02   0.000      0.6280E-03  0.2479       0.000    
   310   12.64      -6.694       1.385       2.406      0.8222E-01 -0.3723E-12  0.7175      0.1166E-01  0.2986       0.000      0.1348E-02   0.000      0.6253E-03  0.2479       0.000    
   311   12.64      -6.730       1.385       2.401      0.9041E-01   0.000      0.7163      0.1160E-01  0.2986       0.000      0.1347E-02   0.000      0.6226E-03  0.2479       0.000    
   312   12.64      -6.770       1.385       2.397      0.9846E-01   0.000      0.7150      0.1154E-01  0.2987       0.000      0.1346E-02   0.000      0.6199E-03  0.2479       0.000    
   313   12.64      -6.812       1.385       2.391      0.1064      0.2860E-12  0.7136      0.1147E-01  0.2987       0.000      0.1345E-02   0.000      0.6174E-03  0.2479       0.000    
   314   12.64      -6.858       1.385       2.386      0.1141     -0.2660E-12  0.7120      0.1139E-01  0.2988       0.000      0.1343E-02   0.000      0.6151E-03  0.2479       0.000    
   315   12.64      -6.908       1.385       2.380      0.1217       0.000      0.7103      0.1132E-01  0.2988       0.000      0.1342E-02   0.000      0.6132E-03  0.2479       0.000    
   316   12.64      -6.961       1.385       2.373      0.1291       0.000      0.7085      0.1124E-01  0.2989       0.000      0.1340E-02   0.000      0.6117E-03  0.2480       0.000    
   317   12.65      -7.017       1.385       2.366      0.1363      0.2209E-12  0.7066      0.1115E-01  0.2990       0.000      0.1338E-02   0.000      0.6108E-03  0.2480       0.000    
   318   12.65      -7.076       1.385       2.359      0.1433       0.000      0.7046      0.1106E-01  0.2990       0.000      0.1335E-02   0.000      0.6107E-03  0.2480       0.000    
   319   12.65      -7.138       1.385       2.351      0.1500     -0.1994E-12  0.7025      0.1098E-01  0.2991       0.000      0.1332E-02   0.000      0.6115E-03  0.2480       0.000    
   320   12.65      -7.204       1.385       2.343      0.1566     -0.1904E-12  0.7003      0.1088E-01  0.2992       0.000      0.1329E-02   0.000      0.6134E-03  0.2479       0.000    
   321   12.65      -7.272       1.385       2.335      0.1629      0.1823E-12  0.6980      0.1079E-01  0.2993       0.000      0.1325E-02   0.000      0.6166E-03  0.2479       0.000    
   322   12.66      -7.343       1.385       2.326      0.1690       0.000      0.6955      0.1070E-01  0.2993       0.000      0.1320E-02   0.000      0.6213E-03  0.2479       0.000    
   323   12.66      -7.417       1.385       2.317      0.1749       0.000      0.6930      0.1060E-01  0.2994       0.000      0.1315E-02   0.000      0.6278E-03  0.2479       0.000    
   324   12.66      -7.494       1.385       2.308      0.1805     -0.1626E-12  0.6903      0.1051E-01  0.2995       0.000      0.1309E-02   0.000      0.6364E-03  0.2479       0.000    
   325   12.66      -7.574       1.385       2.298      0.1859      0.1573E-12  0.6876      0.1041E-01  0.2996       0.000      0.1302E-02   0.000      0.6475E-03  0.2478       0.000    
   326   12.67      -7.656       1.385       2.288      0.1909       0.000      0.6847      0.1031E-01  0.2997       0.000      0.1293E-02   0.000      0.6616E-03  0.2478       0.000    
   327   12.67      -7.740       1.385       2.277      0.1958       0.000      0.6818      0.1022E-01  0.2997       0.000      0.1284E-02   0.000      0.6791E-03  0.2477       0.000    
   328   12.67      -7.828       1.385       2.267      0.2003       0.000      0.6788      0.1012E-01  0.2998       0.000      0.1272E-02   0.000      0.7008E-03  0.2477       0.000    
   329   12.67      -7.917       1.385       2.256      0.2046       0.000      0.6757      0.1002E-01  0.2999       0.000      0.1259E-02   0.000      0.7273E-03  0.2476       0.000    
   330   12.68      -8.009       1.385       2.244      0.2086      0.1369E-12  0.6724      0.9920E-02  0.3000       0.000      0.1243E-02   0.000      0.7597E-03  0.2475       0.000    
   331   12.68      -8.103       1.385       2.233      0.2123     -0.1338E-12  0.6692      0.9816E-02  0.3001       0.000      0.1224E-02   0.000      0.7991E-03  0.2473       0.000    
   332   12.68      -8.199       1.385       2.221      0.2157       0.000      0.6658      0.9709E-02  0.3001       0.000      0.1201E-02   0.000      0.8469E-03  0.2472       0.000    
   333   12.68      -8.297       1.385       2.209      0.2189       0.000      0.6623      0.9594E-02  0.3002       0.000      0.1173E-02   0.000      0.9049E-03  0.2470       0.000    
   334   12.69      -8.397       1.385       2.197      0.2218       0.000      0.6588      0.9468E-02  0.3003       0.000      0.1139E-02   0.000      0.9751E-03  0.2468       0.000    
   335   12.69      -8.499       1.385       2.184      0.2243       0.000      0.6552      0.9327E-02  0.3004       0.000      0.1097E-02   0.000      0.1060E-02  0.2465       0.000    
   336   12.69      -8.603       1.385       2.171      0.2266       0.000      0.6515      0.9161E-02  0.3004       0.000      0.1044E-02   0.000      0.1164E-02  0.2461       0.000    
   337   12.70      -8.708       1.385       2.158      0.2286       0.000      0.6478      0.8960E-02  0.3005       0.000      0.9770E-03   0.000      0.1290E-02  0.2457       0.000    
   338   12.70      -8.815       1.385       2.145      0.2304       0.000      0.6440      0.8705E-02  0.3005       0.000      0.8898E-03   0.000      0.1444E-02  0.2452       0.000    
   339   12.70      -8.923       1.385       2.132      0.2318       0.000      0.6401      0.8368E-02  0.3006       0.000      0.7747E-03   0.000      0.1632E-02  0.2446       0.000    
   340   12.71      -9.032       1.385       2.119      0.2330       0.000      0.6361      0.7905E-02  0.3006       0.000      0.6187E-03   0.000      0.1863E-02  0.2438       0.000    
   341   12.71      -9.143       1.385       2.105      0.2338       0.000      0.6320      0.7236E-02  0.3007       0.000      0.4002E-03   0.000      0.2147E-02  0.2429       0.000    
   342   12.71      -9.254       1.385       2.091      0.2344       0.000      0.6279      0.6216E-02  0.3007       0.000      0.7990E-04   0.000      0.2501E-02  0.2417       0.000    
   343   12.72      -9.367       1.385       2.077      0.2348       0.000      0.6237      0.4540E-02  0.3006       0.000     -0.4221E-03   0.000      0.2945E-02  0.2402       0.000    
   344   12.72      -9.480       1.385       2.063      0.2348       0.000      0.6193      0.1441E-02  0.3006       0.000     -0.1300E-02   0.000      0.3510E-02  0.2383       0.000    
   345   12.72      -9.594       1.385       2.049      0.2347     -0.1111E-12  0.6148     -0.5746E-02  0.3005       0.000     -0.3195E-02   0.000      0.4256E-02  0.2358       0.000    
   346   12.73      -9.709       1.385       2.035      0.2342      0.1106E-12  0.6101     -0.3937E-01  0.3007       0.000     -0.1029E-01   0.000      0.5329E-02  0.2323       0.000    
   347   12.73      -9.824       1.385       2.021      0.2319      0.1109E-12  0.4293      0.4572E-01  0.4360      0.2239      0.3340E-01   0.000      0.4077E-01  0.1565       2.637    
   348   12.74      -9.939       1.385       2.007      0.2310       0.000      0.3944      0.4331E-01  0.4358      0.2396      0.2963E-01   0.000      0.4209E-01  0.1534       2.656    
   349   12.74      -10.05       1.385       1.993      0.2298     -0.1103E-12  0.3749      0.4196E-01  0.4341      0.2463      0.2850E-01   0.000      0.4279E-01  0.1514       2.674    
   350   12.74      -10.17       1.385       1.979      0.2284     -0.1102E-12  0.3619      0.4126E-01  0.4312      0.2485      0.2789E-01   0.000      0.4296E-01  0.1504       2.694    
   351   12.75      -10.29       1.385       1.964      0.2268      0.1102E-12  0.3528      0.4110E-01  0.4284      0.2490      0.2754E-01   0.000      0.4298E-01  0.1497       2.713    
   352   12.75      -10.40       1.385       1.950      0.2249       0.000      0.3468      0.2129E-01  0.4275      0.2499      0.2742E-01   0.000      0.4327E-01  0.1488       2.733    
   353   12.75      -10.52       1.385       1.936      0.2228       0.000      0.3435      0.4078E-01  0.4288      0.2516      0.2752E-01   0.000      0.4391E-01  0.1476       2.753    
   354   12.76      -10.63       1.385       1.922      0.2205       0.000      0.3431      0.4136E-01  0.4315      0.2532      0.2783E-01   0.000      0.4467E-01  0.1465       2.773    
   355   12.76      -10.75       1.385       1.908      0.2181       0.000      0.3464      0.4214E-01  0.4342      0.2529      0.2836E-01   0.000      0.4519E-01  0.1459       2.793    
   356   12.76      -10.86       1.385       1.894      0.2154       0.000      0.3558      0.4352E-01  0.4357      0.2481      0.2939E-01   0.000      0.4514E-01  0.1464       2.814    
   357   12.77      -10.97       1.385       1.880      0.2125       0.000      0.3793      0.4591E-01  0.4357      0.2342      0.3299E-01   0.000      0.4440E-01  0.1481       2.835    
   358   12.77      -11.08       1.385       1.866      0.2067       0.000      0.5351     -0.3831E-01  0.2876       0.000     -0.9426E-02   0.000      0.6423E-02  0.2277       0.000    
   359   12.77      -11.19       1.385       1.853      0.2035       0.000      0.5276     -0.3632E-02  0.2853       0.000     -0.2734E-02   0.000      0.5387E-02  0.2311       0.000    
   360   12.78      -11.30       1.385       1.839      0.2002       0.000      0.5199      0.4200E-02  0.2831       0.000     -0.8808E-03   0.000      0.4691E-02  0.2334       0.000    
   361   12.78      -11.41       1.385       1.826      0.1968      0.1181E-12  0.5119      0.7851E-02  0.2807       0.000      0.1529E-04   0.000      0.4185E-02  0.2351       0.000    
   362   12.78      -11.52       1.385       1.813      0.1931     -0.1194E-12  0.5037      0.1004E-01  0.2782       0.000      0.5533E-03   0.000      0.3811E-02  0.2363       0.000    
   363   12.79      -11.63       1.385       1.800      0.1894       0.000      0.4954      0.1156E-01  0.2756       0.000      0.9165E-03   0.000      0.3539E-02  0.2372       0.000    
   364   12.79      -11.73       1.385       1.787      0.1855      0.1225E-12  0.4868      0.1272E-01  0.2728       0.000      0.1181E-02   0.000      0.3348E-02  0.2377       0.000    
   365   12.79      -11.83       1.385       1.774      0.1815     -0.1244E-12  0.4781      0.1367E-01  0.2698       0.000      0.1384E-02   0.000      0.3223E-02  0.2381       0.000    
   366   12.80      -11.93       1.385       1.762      0.1773       0.000      0.4692      0.1451E-01  0.2667       0.000      0.1546E-02   0.000      0.3154E-02  0.2382       0.000    
   367   12.80      -12.03       1.385       1.749      0.1731       0.000      0.4602      0.1527E-01  0.2633       0.000      0.1680E-02   0.000      0.3132E-02  0.2381       0.000    
   368   12.80      -12.13       1.385       1.737      0.1687       0.000      0.4509      0.1599E-01  0.2598       0.000      0.1794E-02   0.000      0.3150E-02  0.2379       0.000    
   369   12.81      -12.23       1.385       1.726      0.1643       0.000      0.4415      0.1669E-01  0.2561       0.000      0.1892E-02   0.000      0.3203E-02  0.2375       0.000    
   370   12.81      -12.32       1.385       1.714      0.1597       0.000      0.4318      0.1737E-01  0.2522       0.000      0.1979E-02   0.000      0.3286E-02  0.2370       0.000    
   371   12.81      -12.42       1.385       1.703      0.1551       0.000      0.4219      0.1806E-01  0.2480       0.000      0.2055E-02   0.000      0.3395E-02  0.2363       0.000    
   372   12.81      -12.51       1.385       1.692      0.1504       0.000      0.4118      0.1875E-01  0.2437       0.000      0.2124E-02   0.000      0.3528E-02  0.2355       0.000    
   373   12.82      -12.59       1.385       1.681      0.1456       0.000      0.4014      0.1944E-01  0.2391       0.000      0.2185E-02   0.000      0.3680E-02  0.2346       0.000    
   374   12.82      -12.68       1.385       1.670      0.1407       0.000      0.3908      0.2015E-01  0.2342       0.000      0.2240E-02   0.000      0.3849E-02  0.2336       0.000    
   375   12.82      -12.76       1.385       1.660      0.1358       0.000      0.3799      0.2086E-01  0.2291       0.000      0.2288E-02   0.000      0.4033E-02  0.2324       0.000    
   376   12.82      -12.84       1.385       1.650      0.1308       0.000      0.3687      0.2158E-01  0.2236       0.000      0.2330E-02   0.000      0.4227E-02  0.2311       0.000    
   377   12.83      -12.92       1.385       1.641      0.1258       0.000      0.3573      0.2231E-01  0.2179       0.000      0.2366E-02   0.000      0.4430E-02  0.2297       0.000    
   378   12.83      -13.00       1.385       1.631      0.1207       0.000      0.3455      0.2305E-01  0.2119       0.000      0.2395E-02   0.000      0.4638E-02  0.2281       0.000    
   379   12.83      -13.07       1.385       1.622      0.1155     -0.1786E-12  0.3334      0.2378E-01  0.2056       0.000      0.2417E-02   0.000      0.4847E-02  0.2264       0.000    
   380   12.83      -13.14       1.385       1.614      0.1104      0.1860E-12  0.3209      0.2452E-01  0.1990       0.000      0.2433E-02   0.000      0.5052E-02  0.2246       0.000    
   381   12.84      -13.20       1.385       1.606      0.1052       0.000      0.3082      0.2525E-01  0.1921       0.000      0.2440E-02   0.000      0.5249E-02  0.2227       0.000    
   382   12.84      -13.27       1.385       1.598      0.9991E-01   0.000      0.2951      0.2598E-01  0.1848       0.000      0.2440E-02   0.000      0.5433E-02  0.2206       0.000    
   383   12.84      -13.33       1.385       1.590      0.9464E-01  0.2138E-12  0.2816      0.2670E-01  0.1772       0.000      0.2430E-02   0.000      0.5598E-02  0.2184       0.000    
   384   12.84      -13.39       1.385       1.583      0.8934E-01 -0.2254E-12  0.2678      0.2741E-01  0.1693       0.000      0.2412E-02   0.000      0.5737E-02  0.2161       0.000    
   385   12.84      -13.44       1.385       1.576      0.8402E-01  0.2387E-12  0.2537      0.2810E-01  0.1611       0.000      0.2383E-02   0.000      0.5845E-02  0.2137       0.000    
   386   12.84      -13.49       1.385       1.570      0.7867E-01 -0.2539E-12  0.2392      0.2877E-01  0.1525       0.000      0.2344E-02   0.000      0.5914E-02  0.2112       0.000    
   387   12.85      -13.54       1.385       1.564      0.7331E-01   0.000      0.2244      0.2942E-01  0.1436       0.000      0.2294E-02   0.000      0.5939E-02  0.2086       0.000    
   388   12.85      -13.59       1.385       1.558      0.6793E-01   0.000      0.2093      0.3004E-01  0.1344       0.000      0.2233E-02   0.000      0.5912E-02  0.2060       0.000    
   389   12.85      -13.63       1.385       1.553      0.6254E-01   0.000      0.1939      0.3064E-01  0.1249       0.000      0.2158E-02   0.000      0.5827E-02  0.2033       0.000    
   390   12.85      -13.67       1.385       1.549      0.5713E-01  0.3448E-12  0.1781      0.3121E-01  0.1151       0.000      0.2071E-02   0.000      0.5678E-02  0.2007       0.000    
   391   12.85      -13.70       1.385       1.544      0.5172E-01 -0.3799E-12  0.1621      0.3174E-01  0.1050       0.000      0.1970E-02   0.000      0.5461E-02  0.1980       0.000    
   392   12.85      -13.74       1.385       1.540      0.4630E-01   0.000      0.1458      0.3224E-01  0.9471E-01   0.000      0.1854E-02   0.000      0.5172E-02  0.1954       0.000    
   393   12.85      -13.76       1.385       1.537      0.4086E-01   0.000      0.1293      0.3271E-01  0.8416E-01   0.000      0.1724E-02   0.000      0.4809E-02  0.1929       0.000    
   394   12.85      -13.79       1.385       1.534      0.3543E-01   0.000      0.1125      0.3314E-01  0.7339E-01   0.000      0.1578E-02   0.000      0.4370E-02  0.1905       0.000    
   395   12.85      -13.81       1.385       1.531      0.2999E-01   0.000      0.9559E-01  0.3353E-01  0.6244E-01   0.000      0.1413E-02   0.000      0.3857E-02  0.1882       0.000    
   396   12.85      -13.83       1.385       1.529      0.2454E-01   0.000      0.7845E-01  0.3387E-01  0.5132E-01   0.000      0.1224E-02   0.000      0.3272E-02  0.1862       0.000    
   397   12.86      -13.84       1.385       1.527      0.1909E-01   0.000      0.6118E-01  0.3417E-01  0.4006E-01   0.000      0.1000E-02   0.000      0.2622E-02  0.1845       0.000    
   398   12.86      -13.85       1.385       1.526      0.1364E-01   0.000      0.4378E-01  0.3439E-01  0.2869E-01   0.000      0.7354E-03   0.000      0.1916E-02  0.1832       0.000    
   399   12.86      -13.86       1.385       1.525      0.8183E-02   0.000      0.2630E-01  0.3454E-01  0.1725E-01   0.000      0.4367E-03   0.000      0.1167E-02  0.1823       0.000    
   400   12.86      -13.86       1.385       1.525      0.2728E-02   0.000      0.8774E-02  0.3462E-01  0.5756E-02   0.000      0.1276E-03   0.000      0.3921E-03  0.1819       0.000    

 Surface forces referred to Sref,Cref,Bref about Xmom,Ymom,Zmom
 Standard axis orientation,  X fwd, Z down         

  Surface # 5     horizontal_stabilizer                   
     # chordwise = 10   # spanwise = 30     First strip =401
     Surface area =  10.953           ave. chord =  1.9108    
     CLsurf  =   0.030216     Clsurf  =  -0.002725
     CYsurf  =  -0.000069     Cmsurf  =  -0.166152
     CDsurf  =   0.000653     Cnsurf  =  -0.000051
     CDisurf =   0.000653     CDvsurf =   0.000000

  Forces referred to Ssurf, Cave about hinge axis thru LE
     cl_surf =   0.176738     cd_surf =   0.003821

 Strip Forces referred to strip area, chord
    j    xLE         yLE         zLE         Chord       Area        Dihedral   c cl        ai_ff       cl           clj         cd          cdv         cm_c/4     c.p.x/c      Dcj
   401   23.84      0.3928E-02   5.990       2.388      0.3749E-01   0.000      0.4176      0.2854E-01  0.1743       0.000      0.1588E-01   0.000     -0.1253E-02  0.2572       0.000    
   402   23.85      0.3529E-01   5.990       2.383      0.1118       0.000      0.4176      0.2848E-01  0.1752       0.000      0.5498E-02   0.000     -0.1185E-02  0.2568       0.000    
   403   23.86      0.9766E-01   5.990       2.372      0.1842      0.6554E-12  0.4175      0.2842E-01  0.1760       0.000      0.4815E-02   0.000     -0.9791E-03  0.2556       0.000    
   404   23.87      0.1904       5.990       2.357      0.2534     -0.9466E-12  0.4173      0.2835E-01  0.1771       0.000      0.4565E-02   0.000     -0.6836E-03  0.2539       0.000    
   405   23.89      0.3124       5.990       2.336      0.3182      0.7473E-12  0.4169      0.2828E-01  0.1784       0.000      0.4400E-02   0.000     -0.3607E-03  0.2520       0.000    
   406   23.91      0.4624       5.990       2.311      0.3777     -0.3114E-12  0.4160      0.2819E-01  0.1800       0.000      0.4280E-02   0.000     -0.5236E-04  0.2503       0.000    
   407   23.94      0.6387       5.990       2.282      0.4309       0.000      0.4147      0.2810E-01  0.1818       0.000      0.4189E-02   0.000      0.2182E-03  0.2488       0.000    
   408   23.97      0.8395       5.990       2.249      0.4770       0.000      0.4128      0.2799E-01  0.1836       0.000      0.4119E-02   0.000      0.4415E-03  0.2476       0.000    
   409   24.00       1.062       5.990       2.211      0.5156       0.000      0.4100      0.2788E-01  0.1854       0.000      0.4066E-02   0.000      0.6182E-03  0.2467       0.000    
   410   24.04       1.305       5.990       2.171      0.5462     -0.2023E-12  0.4064      0.2777E-01  0.1872       0.000      0.4023E-02   0.000      0.7553E-03  0.2460       0.000    
   411   24.07       1.565       5.990       2.128      0.5688      0.1904E-12  0.4018      0.2766E-01  0.1889       0.000      0.3987E-02   0.000      0.8638E-03  0.2454       0.000    
   412   24.11       1.839       5.990       2.082      0.5831       0.000      0.3961      0.2758E-01  0.1903       0.000      0.3955E-02   0.000      0.9561E-03  0.2450       0.000    
   413   24.16       2.124       5.990       2.034      0.5896       0.000      0.3894      0.2754E-01  0.1914       0.000      0.3926E-02   0.000      0.1045E-02  0.2445       0.000    
   414   24.20       2.418       5.990       1.986      0.5883       0.000      0.3814      0.2756E-01  0.1922       0.000      0.3896E-02   0.000      0.1141E-02  0.2441       0.000    
   415   24.24       2.716       5.990       1.936      0.5800       0.000      0.3723      0.2767E-01  0.1924       0.000      0.3866E-02   0.000      0.1258E-02  0.2435       0.000    
   416   24.29       3.016       5.990       1.886      0.5650       0.000      0.3619      0.2788E-01  0.1920       0.000      0.3832E-02   0.000      0.1405E-02  0.2427       0.000    
   417   24.33       3.315       5.990       1.836      0.5441       0.000      0.3502      0.2822E-01  0.1908       0.000      0.3794E-02   0.000      0.1595E-02  0.2416       0.000    
   418   24.37       3.608       5.990       1.787      0.5179       0.000      0.3371      0.2872E-01  0.1887       0.000      0.3749E-02   0.000      0.1841E-02  0.2402       0.000    
   419   24.42       3.893       5.990       1.740      0.4872       0.000      0.3225      0.2939E-01  0.1855       0.000      0.3693E-02   0.000      0.2155E-02  0.2384       0.000    
   420   24.46       4.167       5.990       1.694      0.4528       0.000      0.3062      0.3024E-01  0.1808       0.000      0.3623E-02   0.000      0.2550E-02  0.2359       0.000    
   421   24.49       4.427       5.990       1.651      0.4153       0.000      0.2880      0.3129E-01  0.1745       0.000      0.3532E-02   0.000      0.3033E-02  0.2326       0.000    
   422   24.53       4.670       5.990       1.610      0.3754       0.000      0.2677      0.3250E-01  0.1663       0.000      0.3413E-02   0.000      0.3599E-02  0.2284       0.000    
   423   24.56       4.893       5.990       1.573      0.3337       0.000      0.2450      0.3385E-01  0.1558       0.000      0.3255E-02   0.000      0.4221E-02  0.2229       0.000    
   424   24.59       5.094       5.990       1.540      0.2907       0.000      0.2197      0.3528E-01  0.1428       0.000      0.3050E-02   0.000      0.4836E-02  0.2161       0.000    
   425   24.62       5.270       5.990       1.510      0.2468       0.000      0.1919      0.3670E-01  0.1271       0.000      0.2787E-02   0.000      0.5335E-02  0.2080       0.000    
   426   24.64       5.420       5.990       1.485      0.2023       0.000      0.1614      0.3805E-01  0.1087       0.000      0.2459E-02   0.000      0.5566E-02  0.1988       0.000    
   427   24.66       5.542       5.990       1.465      0.1575       0.000      0.1285      0.3925E-01  0.8774E-01   0.000      0.2059E-02   0.000      0.5356E-02  0.1890       0.000    
   428   24.67       5.635       5.990       1.449      0.1125       0.000      0.9347E-01  0.4025E-01  0.6450E-01   0.000      0.1584E-02   0.000      0.4555E-02  0.1794       0.000    
   429   24.68       5.697       5.990       1.439      0.6753E-01   0.000      0.5680E-01  0.4103E-01  0.3947E-01   0.000      0.1024E-02   0.000      0.3106E-02  0.1713       0.000    
   430   24.68       5.728       5.990       1.434      0.2251E-01   0.000      0.1906E-01  0.4146E-01  0.1329E-01   0.000      0.3063E-03   0.000      0.1107E-02  0.1667       0.000    

 Surface forces referred to Sref,Cref,Bref about Xmom,Ymom,Zmom
 Standard axis orientation,  X fwd, Z down         

  Surface # 6     horizontal_stabilizer (YDUP)            
     # chordwise = 10   # spanwise = 30     First strip =431
     Surface area =  10.953           ave. chord =  1.9108    
     CLsurf  =   0.030213     Clsurf  =   0.002725
     CYsurf  =   0.000069     Cmsurf  =  -0.166135
     CDsurf  =   0.000653     Cnsurf  =   0.000051
     CDisurf =   0.000653     CDvsurf =   0.000000

  Forces referred to Ssurf, Cave about hinge axis thru LE
     cl_surf =   0.176720     cd_surf =   0.003821

 Strip Forces referred to strip area, chord
    j    xLE         yLE         zLE         Chord       Area        Dihedral   c cl        ai_ff       cl           clj         cd          cdv         cm_c/4     c.p.x/c      Dcj
   431   23.84     -0.3928E-02   5.990       2.388      0.3749E-01   0.000      0.4176      0.2854E-01  0.1743       0.000      0.1590E-01   0.000     -0.1251E-02  0.2572       0.000    
   432   23.85     -0.3529E-01   5.990       2.383      0.1118       0.000      0.4176      0.2848E-01  0.1752       0.000      0.5500E-02   0.000     -0.1185E-02  0.2568       0.000    
   433   23.86     -0.9766E-01   5.990       2.372      0.1842     -0.6554E-12  0.4175      0.2842E-01  0.1760       0.000      0.4816E-02   0.000     -0.9793E-03  0.2556       0.000    
   434   23.87     -0.1904       5.990       2.357      0.2534      0.9466E-12  0.4173      0.2835E-01  0.1771       0.000      0.4565E-02   0.000     -0.6838E-03  0.2539       0.000    
   435   23.89     -0.3124       5.990       2.336      0.3182     -0.7473E-12  0.4168      0.2828E-01  0.1784       0.000      0.4401E-02   0.000     -0.3609E-03  0.2520       0.000    
   436   23.91     -0.4624       5.990       2.311      0.3777      0.3114E-12  0.4160      0.2819E-01  0.1800       0.000      0.4280E-02   0.000     -0.5252E-04  0.2503       0.000    
   437   23.94     -0.6387       5.990       2.282      0.4309       0.000      0.4147      0.2810E-01  0.1817       0.000      0.4189E-02   0.000      0.2181E-03  0.2488       0.000    
   438   23.97     -0.8395       5.990       2.249      0.4770       0.000      0.4127      0.2800E-01  0.1836       0.000      0.4120E-02   0.000      0.4414E-03  0.2476       0.000    
   439   24.00      -1.062       5.990       2.211      0.5156       0.000      0.4100      0.2788E-01  0.1854       0.000      0.4066E-02   0.000      0.6181E-03  0.2467       0.000    
   440   24.04      -1.305       5.990       2.171      0.5462      0.2023E-12  0.4064      0.2777E-01  0.1872       0.000      0.4023E-02   0.000      0.7553E-03  0.2460       0.000    
   441   24.07      -1.565       5.990       2.128      0.5688     -0.1904E-12  0.4017      0.2766E-01  0.1889       0.000      0.3987E-02   0.000      0.8638E-03  0.2454       0.000    
   442   24.11      -1.839       5.990       2.082      0.5831       0.000      0.3961      0.2758E-01  0.1903       0.000      0.3955E-02   0.000      0.9561E-03  0.2450       0.000    
   443   24.16      -2.124       5.990       2.034      0.5896       0.000      0.3893      0.2754E-01  0.1914       0.000      0.3926E-02   0.000      0.1045E-02  0.2445       0.000    
   444   24.20      -2.418       5.990       1.986      0.5883       0.000      0.3814      0.2756E-01  0.1921       0.000      0.3897E-02   0.000      0.1141E-02  0.2441       0.000    
   445   24.24      -2.716       5.990       1.936      0.5800       0.000      0.3722      0.2767E-01  0.1924       0.000      0.3866E-02   0.000      0.1258E-02  0.2435       0.000    
   446   24.29      -3.016       5.990       1.886      0.5650       0.000      0.3619      0.2788E-01  0.1920       0.000      0.3832E-02   0.000      0.1405E-02  0.2427       0.000    
   447   24.33      -3.315       5.990       1.836      0.5441       0.000      0.3502      0.2822E-01  0.1908       0.000      0.3794E-02   0.000      0.1595E-02  0.2416       0.000    
   448   24.37      -3.608       5.990       1.787      0.5179       0.000      0.3371      0.2872E-01  0.1887       0.000      0.3749E-02   0.000      0.1841E-02  0.2402       0.000    
   449   24.42      -3.893       5.990       1.740      0.4872       0.000      0.3225      0.2939E-01  0.1854       0.000      0.3693E-02   0.000      0.2155E-02  0.2384       0.000    
   450   24.46      -4.167       5.990       1.694      0.4528       0.000      0.3062      0.3024E-01  0.1808       0.000      0.3623E-02   0.000      0.2550E-02  0.2359       0.000    
   451   24.49      -4.427       5.990       1.651      0.4153       0.000      0.2880      0.3129E-01  0.1745       0.000      0.3532E-02   0.000      0.3032E-02  0.2326       0.000    
   452   24.53      -4.670       5.990       1.610      0.3754       0.000      0.2676      0.3251E-01  0.1663       0.000      0.3413E-02   0.000      0.3598E-02  0.2284       0.000    
   453   24.56      -4.893       5.990       1.573      0.3337       0.000      0.2449      0.3386E-01  0.1558       0.000      0.3256E-02   0.000      0.4220E-02  0.2229       0.000    
   454   24.59      -5.094       5.990       1.540      0.2907       0.000      0.2197      0.3528E-01  0.1428       0.000      0.3050E-02   0.000      0.4836E-02  0.2161       0.000    
   455   24.62      -5.270       5.990       1.510      0.2468       0.000      0.1919      0.3670E-01  0.1271       0.000      0.2787E-02   0.000      0.5335E-02  0.2080       0.000    
   456   24.64      -5.420       5.990       1.485      0.2023       0.000      0.1614      0.3805E-01  0.1087       0.000      0.2459E-02   0.000      0.5566E-02  0.1988       0.000    
   457   24.66      -5.542       5.990       1.465      0.1575       0.000      0.1285      0.3925E-01  0.8773E-01   0.000      0.2059E-02   0.000      0.5355E-02  0.1890       0.000    
   458   24.67      -5.635       5.990       1.449      0.1125       0.000      0.9347E-01  0.4025E-01  0.6449E-01   0.000      0.1584E-02   0.000      0.4555E-02  0.1794       0.000    
   459   24.68      -5.697       5.990       1.439      0.6753E-01   0.000      0.5679E-01  0.4103E-01  0.3947E-01   0.000      0.1024E-02   0.000      0.3105E-02  0.1713       0.000    
   460   24.68      -5.728       5.990       1.434      0.2251E-01   0.000      0.1905E-01  0.4146E-01  0.1329E-01   0.000      0.3063E-03   0.000      0.1107E-02  0.1667       0.000    

 Surface forces referred to Sref,Cref,Bref about Xmom,Ymom,Zmom
 Standard axis orientation,  X fwd, Z down         

  Surface # 7     vertical_stabilizer                     
     # chordwise = 10   # spanwise = 30     First strip =461
     Surface area =  15.323           ave. chord =  3.0946    
     CLsurf  =   0.000000     Clsurf  =  -0.000000
     CYsurf  =  -0.000006     Cmsurf  =  -0.000000
     CDsurf  =  -0.000000     Cnsurf  =   0.000002
     CDisurf =  -0.000000     CDvsurf =   0.000000

  Forces referred to Ssurf, Cave about hinge axis thru LE
     cl_surf =   0.000000     cd_surf =  -0.000000

 Strip Forces referred to strip area, chord
    j    xLE         yLE         zLE         Chord       Area        Dihedral   c cl        ai_ff       cl           clj         cd          cdv         cm_c/4     c.p.x/c      Dcj
   461   20.77       0.000       1.055       3.863      0.1473       90.00      0.2824E-04 -0.1974E-04  0.7310E-05   0.000      0.2836E-10   0.000      0.6604E-06  0.1597       0.000    
   462   20.80       0.000       1.105       3.848      0.2398       90.00      0.5227E-04  0.7724E-03  0.1359E-04   0.000     -0.3129E-10   0.000      0.1283E-05  0.1555       0.000    
   463   20.85       0.000       1.179       3.824      0.3291       90.00      0.7743E-04  0.9908E-04  0.2025E-04   0.000     -0.1826E-09   0.000      0.2077E-05  0.1474       0.000    
   464   20.91       0.000       1.277       3.794      0.4138       90.00      0.1025E-03  0.2205E-03  0.2703E-04   0.000     -0.5875E-09   0.000      0.3066E-05  0.1366       0.000    
   465   20.98       0.000       1.397       3.756      0.4924       90.00      0.2820E-03 -0.7307E-03  0.7508E-04   0.000     -0.1946E-09   0.000      0.6656E-05  0.1613       0.000    
   466   21.07       0.000       1.539       3.712      0.5638       90.00      0.1033E-03 -0.2962E-04  0.2782E-04   0.000     -0.3029E-09   0.000      0.2313E-05  0.1668       0.000    
   467   21.17       0.000       1.701       3.661      0.6269       90.00      0.1062E-03 -0.4162E-05  0.2899E-04   0.000     -0.3256E-09   0.000      0.2312E-05  0.1703       0.000    
   468   21.29       0.000       1.881       3.605      0.6809       90.00      0.1033E-03 -0.2625E-05  0.2865E-04   0.000     -0.2760E-09   0.000      0.2018E-05  0.1796       0.000    
   469   21.41       0.000       2.078       3.544      0.7252       90.00      0.9892E-04 -0.2483E-05  0.2792E-04   0.000     -0.2329E-09   0.000      0.1708E-05  0.1888       0.000    
   470   21.54       0.000       2.290       3.477      0.7594       90.00      0.9402E-04 -0.2487E-05  0.2704E-04   0.000     -0.1987E-09   0.000      0.1427E-05  0.1972       0.000    
   471   21.68       0.000       2.514       3.407      0.7834       90.00      0.8889E-04 -0.2516E-05  0.2609E-04   0.000     -0.1711E-09   0.000      0.1177E-05  0.2049       0.000    
   472   21.83       0.000       2.749       3.334      0.7971       90.00      0.8375E-04 -0.2550E-05  0.2512E-04   0.000     -0.1484E-09   0.000      0.9573E-06  0.2119       0.000    
   473   21.98       0.000       2.992       3.258      0.8010       90.00      0.7873E-04 -0.2583E-05  0.2416E-04   0.000     -0.1295E-09   0.000      0.7640E-06  0.2184       0.000    
   474   22.13       0.000       3.240       3.180      0.7953       90.00      0.7396E-04 -0.2613E-05  0.2325E-04   0.000     -0.1138E-09   0.000      0.5932E-06  0.2245       0.000    
   475   22.29       0.000       3.491       3.102      0.7808       90.00      0.6953E-04 -0.2636E-05  0.2242E-04   0.000     -0.1007E-09   0.000      0.4410E-06  0.2303       0.000    
   476   22.44       0.000       3.743       3.023      0.7581       90.00      0.6552E-04 -0.2651E-05  0.2167E-04   0.000     -0.8990E-10   0.000      0.3039E-06  0.2360       0.000    
   477   22.60       0.000       3.992       2.945      0.7281       90.00      0.6196E-04 -0.2655E-05  0.2104E-04   0.000     -0.8103E-10   0.000      0.1790E-06  0.2415       0.000    
   478   22.75       0.000       4.236       2.869      0.6916       90.00      0.5889E-04 -0.2644E-05  0.2052E-04   0.000     -0.7381E-10   0.000      0.6512E-07  0.2468       0.000    
   479   22.90       0.000       4.473       2.795      0.6496       90.00      0.5629E-04 -0.2612E-05  0.2014E-04   0.000     -0.6801E-10   0.000     -0.3727E-07  0.2519       0.000    
   480   23.04       0.000       4.701       2.724      0.6029       90.00      0.5417E-04 -0.2556E-05  0.1989E-04   0.000     -0.6343E-10   0.000     -0.1251E-06  0.2563       0.000    
   481   23.18       0.000       4.916       2.657      0.5525       90.00      0.5249E-04 -0.2472E-05  0.1976E-04   0.000     -0.5994E-10   0.000     -0.1927E-06  0.2598       0.000    
   482   23.30       0.000       5.116       2.594      0.4991       90.00      0.5118E-04 -0.2358E-05  0.1973E-04   0.000     -0.5741E-10   0.000     -0.2327E-06  0.2618       0.000    
   483   23.41       0.000       5.300       2.537      0.4435       90.00      0.5019E-04 -0.2219E-05  0.1979E-04   0.000     -0.5576E-10   0.000     -0.2376E-06  0.2620       0.000    
   484   23.52       0.000       5.465       2.485      0.3862       90.00      0.4945E-04 -0.2058E-05  0.1990E-04   0.000     -0.5495E-10   0.000     -0.2022E-06  0.2602       0.000    
   485   23.61       0.000       5.610       2.440      0.3279       90.00      0.4887E-04 -0.1882E-05  0.2003E-04   0.000     -0.5497E-10   0.000     -0.1267E-06  0.2563       0.000    
   486   23.68       0.000       5.734       2.401      0.2688       90.00      0.4839E-04 -0.1700E-05  0.2015E-04   0.000     -0.5589E-10   0.000     -0.1913E-07  0.2509       0.000    
   487   23.75       0.000       5.834       2.370      0.2093       90.00      0.4790E-04 -0.1519E-05  0.2021E-04   0.000     -0.5638E-10   0.000      0.1065E-06  0.2447       0.000    
   488   23.79       0.000       5.910       2.346      0.1496       90.00      0.4706E-04 -0.1332E-05  0.2006E-04   0.000     -0.4893E-10   0.000      0.2278E-06  0.2386       0.000    
   489   23.83       0.000       5.961       2.330      0.8975E-01   90.00      0.4402E-04 -0.1184E-05  0.1889E-04   0.000      0.9344E-11   0.000      0.1763E-06  0.2407       0.000    
   490   23.84       0.000       5.987       2.322      0.2992E-01   90.00      0.2158E-04 -0.1339E-05  0.9292E-05   0.000      0.7658E-09   0.000     -0.1886E-05  0.4530       0.000    

 Surface forces referred to Sref,Cref,Bref about Xmom,Ymom,Zmom
 Standard axis orientation,  X fwd, Z down         

  Surface # 8     fuselage_horizontal                     
     # chordwise = 10   # spanwise = 30     First strip =491
     Surface area =  65.503           ave. chord =  23.647    
     CLsurf  =   0.007550     Clsurf  =   0.000000
     CYsurf  =   0.000001     Cmsurf  =   0.049490
     CDsurf  =   0.000035     Cnsurf  =  -0.000001
     CDisurf =   0.000035     CDvsurf =   0.000000

  Forces referred to Ssurf, Cave about hinge axis thru LE
     cl_surf =   0.007384     cd_surf =   0.000035

 Strip Forces referred to strip area, chord
    j    xLE         yLE         zLE         Chord       Area        Dihedral   c cl        ai_ff       cl           clj         cd          cdv         cm_c/4     c.p.x/c      Dcj
   491   3.132      -1.339       0.000       15.61       1.441       0.000      0.6681E-01  0.4491E-01  0.4304E-02   0.000     -0.3262E-03   0.000      0.2429E-02 -0.3144       0.000    
   492   2.645      -1.247       0.000       17.73       1.637       0.000      0.1008      0.4973E-01  0.5705E-02   0.000     -0.2221E-03   0.000      0.2863E-02 -0.2518       0.000    
   493   2.159      -1.154       0.000       19.86       1.834       0.000      0.1262      0.5272E-01  0.6371E-02   0.000     -0.1128E-03   0.000      0.2927E-02 -0.2094       0.000    
   494   1.788      -1.062       0.000       21.39       1.975       0.000      0.1449      0.5404E-01  0.6786E-02   0.000     -0.2624E-04   0.000      0.3027E-02 -0.1961       0.000    
   495   1.533     -0.9695       0.000       22.32       2.061       0.000      0.1604      0.5416E-01  0.7194E-02   0.000      0.1888E-04   0.000      0.3157E-02 -0.1888       0.000    
   496   1.278     -0.8772       0.000       23.26       2.147       0.000      0.1729      0.5395E-01  0.7444E-02   0.000      0.6577E-05   0.000      0.3239E-02 -0.1851       0.000    
   497   1.058     -0.7848       0.000       24.08       2.223       0.000      0.1830      0.5336E-01  0.7610E-02   0.000      0.7100E-05   0.000      0.3308E-02 -0.1847       0.000    
   498  0.8733     -0.6925       0.000       24.78       2.288       0.000      0.1914      0.5303E-01  0.7734E-02   0.000      0.3062E-05   0.000      0.3362E-02 -0.1847       0.000    
   499  0.6887     -0.6002       0.000       25.49       2.353       0.000      0.1983      0.5250E-01  0.7790E-02   0.000     -0.2107E-04   0.000      0.3390E-02 -0.1852       0.000    
   500  0.5311     -0.5078       0.000       26.02       2.403       0.000      0.2037      0.5208E-01  0.7844E-02   0.000     -0.7096E-04   0.000      0.3421E-02 -0.1861       0.000    
   501  0.4004     -0.4155       0.000       26.38       2.436       0.000      0.2084      0.5184E-01  0.7912E-02   0.000     -0.1852E-05   0.000      0.3454E-02 -0.1865       0.000    
   502  0.2697     -0.3232       0.000       26.74       2.469       0.000      0.2120      0.5162E-01  0.7945E-02   0.000     -0.5974E-04   0.000      0.3468E-02 -0.1865       0.000    
   503  0.1703     -0.2308       0.000       26.95       2.488       0.000      0.2147      0.5155E-01  0.7979E-02   0.000     -0.1022E-04   0.000      0.3484E-02 -0.1867       0.000    
   504  0.1022     -0.1385       0.000       27.02       2.495       0.000      0.2166      0.5153E-01  0.8017E-02   0.000      0.2142E-03   0.000      0.3503E-02 -0.1870       0.000    
   505  0.3407E-01 -0.4617E-01   0.000       27.09       2.501       0.000      0.2176      0.5148E-01  0.8002E-02   0.000      0.8078E-03   0.000      0.3507E-02 -0.1883       0.000    
   506  0.3407E-01  0.4617E-01   0.000       27.09       2.501       0.000      0.2175      0.5164E-01  0.8000E-02   0.000      0.8078E-03   0.000      0.3507E-02 -0.1884       0.000    
   507  0.1022      0.1385       0.000       27.02       2.495       0.000      0.2165      0.5158E-01  0.8014E-02   0.000      0.2141E-03   0.000      0.3504E-02 -0.1873       0.000    
   508  0.1703      0.2308       0.000       26.95       2.488       0.000      0.2146      0.5156E-01  0.7973E-02   0.000     -0.1066E-04   0.000      0.3485E-02 -0.1871       0.000    
   509  0.2697      0.3232       0.000       26.74       2.469       0.000      0.2119      0.5162E-01  0.7938E-02   0.000     -0.6033E-04   0.000      0.3469E-02 -0.1870       0.000    
   510  0.4004      0.4155       0.000       26.38       2.436       0.000      0.2082      0.5184E-01  0.7904E-02   0.000     -0.2376E-05   0.000      0.3455E-02 -0.1872       0.000    
   511  0.5311      0.5078       0.000       26.02       2.403       0.000      0.2035      0.5208E-01  0.7836E-02   0.000     -0.7161E-04   0.000      0.3423E-02 -0.1869       0.000    
   512  0.6887      0.6002       0.000       25.49       2.353       0.000      0.1980      0.5250E-01  0.7781E-02   0.000     -0.2168E-04   0.000      0.3392E-02 -0.1860       0.000    
   513  0.8733      0.6925       0.000       24.78       2.288       0.000      0.1912      0.5303E-01  0.7724E-02   0.000      0.2493E-05   0.000      0.3364E-02 -0.1856       0.000    
   514   1.058      0.7848       0.000       24.08       2.223       0.000      0.1827      0.5336E-01  0.7600E-02   0.000      0.6533E-05   0.000      0.3310E-02 -0.1856       0.000    
   515   1.278      0.8772       0.000       23.26       2.147       0.000      0.1726      0.5395E-01  0.7433E-02   0.000      0.6043E-05   0.000      0.3242E-02 -0.1861       0.000    
   516   1.533      0.9695       0.000       22.32       2.061       0.000      0.1601      0.5417E-01  0.7183E-02   0.000      0.1842E-04   0.000      0.3159E-02 -0.1898       0.000    
   517   1.788       1.062       0.000       21.39       1.975       0.000      0.1447      0.5404E-01  0.6774E-02   0.000     -0.2660E-04   0.000      0.3030E-02 -0.1972       0.000    
   518   2.159       1.154       0.000       19.86       1.834       0.000      0.1260      0.5273E-01  0.6359E-02   0.000     -0.1131E-03   0.000      0.2930E-02 -0.2108       0.000    
   519   2.645       1.247       0.000       17.73       1.637       0.000      0.1006      0.4974E-01  0.5693E-02   0.000     -0.2225E-03   0.000      0.2866E-02 -0.2535       0.000    
   520   3.132       1.339       0.000       15.61       1.441       0.000      0.6665E-01  0.4493E-01  0.4293E-02   0.000     -0.3266E-03   0.000      0.2432E-02 -0.3166       0.000    

 Surface forces referred to Sref,Cref,Bref about Xmom,Ymom,Zmom
 Standard axis orientation,  X fwd, Z down         

  Surface # 9     fuselage_vertical                       
     # chordwise = 10   # spanwise = 30     First strip =521
     Surface area =  65.103           ave. chord =  23.503    
     CLsurf  =   0.000000     Clsurf  =   0.000000
     CYsurf  =  -0.000006     Cmsurf  =  -0.000000
     CDsurf  =   0.000000     Cnsurf  =   0.000001
     CDisurf =   0.000000     CDvsurf =   0.000000

  Forces referred to Ssurf, Cave about hinge axis thru LE
     cl_surf =   0.000000     cd_surf =   0.000000

 Strip Forces referred to strip area, chord
    j    xLE         yLE         zLE         Chord       Area        Dihedral   c cl        ai_ff       cl           clj         cd          cdv         cm_c/4     c.p.x/c      Dcj
   521   2.856       0.000      -1.339       15.65       1.445       90.00      0.1922E-06 -0.7668E-05  0.1228E-07   0.000     -0.1488E-10   0.000     -0.6928E-06   56.69       0.000    
   522   1.819       0.000      -1.247       17.87       1.650       90.00      0.1390E-05 -0.6309E-05  0.7780E-07   0.000     -0.8894E-11   0.000     -0.8590E-06   11.29       0.000    
   523  0.7817       0.000      -1.154       20.09       1.855       90.00      0.3023E-05 -0.4932E-05  0.1505E-06   0.000      0.2429E-10   0.000     -0.9027E-06   6.248       0.000    
   524  0.2207       0.000      -1.062       21.48       1.984       90.00     -0.4988E-05 -0.3377E-05 -0.2322E-06   0.000      0.5278E-10   0.000     -0.7232E-06  -2.865       0.000    
   525  0.1361       0.000     -0.9695       22.06       2.037       90.00     -0.2856E-05 -0.3137E-05 -0.1295E-06   0.000      0.3596E-10   0.000     -0.7999E-06  -5.928       0.000    
   526  0.5142E-01   0.000     -0.8772       22.63       2.090       90.00      0.7212E-07 -0.2771E-05  0.3187E-08   0.000      0.3831E-10   0.000     -0.8668E-06   99.00       0.000    
   527  0.1405E-01   0.000     -0.7848       23.10       2.133       90.00      0.2563E-05 -0.2361E-05  0.1109E-06   0.000      0.4174E-10   0.000     -0.9101E-06   8.453       0.000    
   528  0.2395E-01   0.000     -0.6925       23.47       2.167       90.00      0.7407E-05 -0.2103E-05  0.3157E-06   0.000      0.4353E-10   0.000     -0.9821E-06   3.361       0.000    
   529  0.3385E-01   0.000     -0.6002       23.83       2.200       90.00      0.1340E-04 -0.1727E-05  0.5623E-06   0.000      0.4283E-10   0.000     -0.1051E-05   2.120       0.000    
   530  0.6640E-01   0.000     -0.5078       24.15       2.229       90.00      0.2043E-04 -0.1307E-05  0.8462E-06   0.000      0.3820E-10   0.000     -0.1125E-05   1.579       0.000    
   531  0.1216       0.000     -0.4155       24.41       2.254       90.00      0.2981E-04 -0.7740E-06  0.1221E-05   0.000      0.3069E-10   0.000     -0.1201E-05   1.233       0.000    
   532  0.1768       0.000     -0.3232       24.67       2.278       90.00      0.4186E-04  0.3745E-06  0.1697E-05   0.000      0.2237E-10   0.000     -0.1277E-05   1.002       0.000    
   533  0.2450       0.000     -0.2308       24.90       2.299       90.00      0.5844E-04  0.4352E-05  0.2347E-05   0.000      0.1688E-10   0.000     -0.1386E-05  0.8406       0.000    
   534  0.3263       0.000     -0.1385       25.09       2.317       90.00      0.8251E-04  0.2210E-04  0.3288E-05   0.000      0.2236E-10   0.000     -0.1513E-05  0.7103       0.000    
   535  0.4076       0.000     -0.4617E-01   25.29       2.335       90.00      0.1162E-03  0.7934E-04  0.4595E-05   0.000      0.5260E-10   0.000     -0.1679E-05  0.6155       0.000    
   536  0.5006       0.000      0.4617E-01   25.46       2.351       90.00      0.1554E-03 -0.8138E-04  0.6104E-05   0.000      0.1006E-09   0.000     -0.1910E-05  0.5630       0.000    
   537  0.6052       0.000      0.1385       25.61       2.365       90.00      0.1875E-03 -0.2416E-04  0.7321E-05   0.000      0.1200E-09   0.000     -0.2041E-05  0.5287       0.000    
   538  0.7098       0.000      0.2308       25.76       2.378       90.00      0.2018E-03 -0.6321E-05  0.7834E-05   0.000      0.7070E-10   0.000     -0.2018E-05  0.5076       0.000    
   539  0.8268       0.000      0.3232       25.85       2.387       90.00      0.2192E-03 -0.2189E-05  0.8478E-05   0.000      0.2285E-10   0.000     -0.2242E-05  0.5145       0.000    
   540  0.9561       0.000      0.4155       25.90       2.392       90.00      0.2307E-03 -0.1133E-05  0.8907E-05   0.000     -0.6715E-12   0.000     -0.2264E-05  0.5042       0.000    
   541   1.086       0.000      0.5078       25.95       2.396       90.00      0.2389E-03 -0.8100E-06  0.9206E-05   0.000     -0.5090E-10   0.000     -0.2260E-05  0.4955       0.000    
   542   1.230       0.000      0.6002       25.89       2.391       90.00      0.2619E-03 -0.7926E-06  0.1012E-04   0.000     -0.9780E-10   0.000     -0.2882E-05  0.5349       0.000    
   543   1.390       0.000      0.6925       25.73       2.376       90.00      0.2649E-03 -0.1034E-05  0.1030E-04   0.000     -0.5434E-10   0.000     -0.2870E-05  0.5288       0.000    
   544   1.549       0.000      0.7848       25.57       2.361       90.00      0.2642E-03 -0.1863E-05  0.1033E-04   0.000     -0.5165E-10   0.000     -0.2819E-05  0.5228       0.000    
   545   1.732       0.000      0.8772       25.39       2.344       90.00      0.2594E-03 -0.5564E-05  0.1022E-04   0.000     -0.1014E-09   0.000     -0.2715E-05  0.5158       0.000    
   546   1.938       0.000      0.9695       25.18       2.325       90.00      0.2428E-03 -0.3972E-04  0.9643E-05   0.000     -0.2108E-09   0.000     -0.2433E-05  0.5023       0.000    
   547   2.144       0.000       1.062       24.98       2.306       90.00      0.2090E-03 -0.8780E-04  0.8370E-05   0.000     -0.6653E-09   0.000     -0.1853E-05  0.4714       0.000    
   548   2.435       0.000       1.154       23.15       2.138       90.00      0.4376E-03  0.1212E-03  0.1890E-04   0.000      0.4817E-09   0.000     -0.1105E-04  0.8347       0.000    
   549   2.811       0.000       1.247       19.71       1.820       90.00      0.3381E-03  0.1095E-03  0.1715E-04   0.000      0.2428E-09   0.000     -0.1073E-04  0.8755       0.000    
   550   3.187       0.000       1.339       16.27       1.502       90.00      0.1541E-03 -0.1158E-03  0.9475E-05   0.000      0.1029E-09   0.000     -0.6411E-05  0.9266       0.000    

 Surface forces referred to Sref,Cref,Bref about Xmom,Ymom,Zmom
 Standard axis orientation,  X fwd, Z down         

  Surface #10     nacelle_horizontal                      
     # chordwise =  6   # spanwise = 11     First strip =551
     Surface area = 0.43623           ave. chord = 0.82981    
     CLsurf  =   0.000535     Clsurf  =  -0.000051
     CYsurf  =   0.000000     Cmsurf  =   0.000233
     CDsurf  =   0.000007     Cnsurf  =  -0.000002
     CDisurf =   0.000007     CDvsurf =   0.000000

  Forces referred to Ssurf, Cave about hinge axis thru LE
     cl_surf =   0.078568     cd_surf =   0.000973

 Strip Forces referred to strip area, chord
    j    xLE         yLE         zLE         Chord       Area        Dihedral   c cl        ai_ff       cl           clj         cd          cdv         cm_c/4     c.p.x/c      Dcj
   551   10.76       2.427       1.122      0.2897      0.1524E-01   0.000      0.3890E-01  0.8218E-01  0.1347       0.000     -0.3823E-02   0.000      0.5354E-02  0.2102       0.000    
   552   10.61       2.480       1.122      0.6819      0.3587E-01   0.000      0.5888E-01  0.9567E-01  0.8645E-01   0.000      0.1196E-03   0.000      0.6566E-02  0.1741       0.000    
   553   10.54       2.532       1.122      0.9006      0.4728E-01   0.000      0.7101E-01  0.9855E-01  0.7890E-01   0.000      0.9094E-03   0.000      0.6457E-02  0.1682       0.000    
   554   10.48       2.585       1.122       1.072      0.5640E-01   0.000      0.7813E-01  0.9691E-01  0.7289E-01   0.000      0.1575E-02   0.000      0.6116E-02  0.1661       0.000    
   555   10.46       2.624       1.122       1.177      0.3095E-01   0.000      0.8056E-01  0.8914E-01  0.6843E-01   0.000      0.2261E-02   0.000      0.5864E-02  0.1643       0.000    
   556   10.45       2.650       1.122       1.233      0.3244E-01   0.000      0.8140E-01  0.7045E-01  0.6597E-01   0.000      0.2183E-02   0.000      0.5726E-02  0.1632       0.000    
   557   10.45       2.690       1.122       1.205      0.6327E-01   0.000      0.8114E-01  0.1237      0.6732E-01   0.000      0.1977E-02   0.000      0.5848E-02  0.1631       0.000    
   558   10.48       2.742       1.122       1.072      0.5640E-01   0.000      0.7699E-01  0.1068      0.7183E-01   0.000      0.1512E-02   0.000      0.6163E-02  0.1642       0.000    
   559   10.54       2.795       1.122      0.9007      0.4728E-01   0.000      0.6942E-01  0.1005      0.7714E-01   0.000      0.8838E-03   0.000      0.6518E-02  0.1655       0.000    
   560   10.61       2.848       1.122      0.6819      0.3587E-01   0.000      0.5761E-01  0.9651E-01  0.8459E-01   0.000      0.1627E-03   0.000      0.6691E-02  0.1709       0.000    
   561   10.76       2.900       1.122      0.2897      0.1524E-01   0.000      0.3849E-01  0.8352E-01  0.1332       0.000     -0.3432E-02   0.000      0.5811E-02  0.2064       0.000    

 Surface forces referred to Sref,Cref,Bref about Xmom,Ymom,Zmom
 Standard axis orientation,  X fwd, Z down         

  Surface #11     nacelle_horizontal (YDUP)               
     # chordwise =  6   # spanwise = 11     First strip =562
     Surface area = 0.43623           ave. chord = 0.82981    
     CLsurf  =   0.000348     Clsurf  =   0.000033
     CYsurf  =  -0.000000     Cmsurf  =   0.000152
     CDsurf  =   0.000004     Cnsurf  =   0.000001
     CDisurf =   0.000004     CDvsurf =   0.000000

  Forces referred to Ssurf, Cave about hinge axis thru LE
     cl_surf =   0.051112     cd_surf =   0.000600

 Strip Forces referred to strip area, chord
    j    xLE         yLE         zLE         Chord       Area        Dihedral   c cl        ai_ff       cl           clj         cd          cdv         cm_c/4     c.p.x/c      Dcj
   562   10.76      -2.427       1.122      0.2897      0.1524E-01   0.000      0.2871E-01  0.1294      0.9933E-01   0.000     -0.1794E-02   0.000      0.5241E-02  0.1972       0.000    
   563   10.61      -2.480       1.122      0.6819      0.3587E-01   0.000      0.4070E-01  0.1251      0.5976E-01   0.000      0.1743E-03   0.000      0.5365E-02  0.1602       0.000    
   564   10.54      -2.532       1.122      0.9006      0.4728E-01   0.000      0.4824E-01  0.1408      0.5360E-01   0.000      0.5612E-03   0.000      0.4950E-02  0.1577       0.000    
   565   10.48      -2.585       1.122       1.072      0.5640E-01   0.000      0.4966E-01  0.1180      0.4633E-01   0.000      0.9738E-03   0.000      0.4244E-02  0.1584       0.000    
   566   10.46      -2.624       1.122       1.177      0.3095E-01   0.000      0.4540E-01  0.2474E-03  0.3857E-01   0.000      0.1128E-02   0.000      0.3541E-02  0.1582       0.000    
   567   10.45      -2.650       1.122       1.233      0.3244E-01   0.000      0.4556E-01 -0.4153E-01  0.3693E-01   0.000      0.1028E-02   0.000      0.3428E-02  0.1572       0.000    
   568   10.45      -2.690       1.122       1.205      0.6327E-01   0.000      0.5027E-01  0.1624      0.4171E-01   0.000      0.1085E-02   0.000      0.3892E-02  0.1567       0.000    
   569   10.48      -2.742       1.122       1.072      0.5640E-01   0.000      0.4987E-01  0.1456      0.4653E-01   0.000      0.8879E-03   0.000      0.4360E-02  0.1563       0.000    
   570   10.54      -2.795       1.122      0.9007      0.4728E-01   0.000      0.4466E-01  0.1148      0.4962E-01   0.000      0.5794E-03   0.000      0.4764E-02  0.1540       0.000    
   571   10.61      -2.848       1.122      0.6819      0.3587E-01   0.000      0.3846E-01  0.1214      0.5647E-01   0.000      0.2427E-03   0.000      0.5309E-02  0.1560       0.000    
   572   10.76      -2.900       1.122      0.2897      0.1524E-01   0.000      0.2779E-01  0.1304      0.9614E-01   0.000     -0.1424E-02   0.000      0.5461E-02  0.1932       0.000    

 Surface forces referred to Sref,Cref,Bref about Xmom,Ymom,Zmom
 Standard axis orientation,  X fwd, Z down         

  Surface #12     nacelle_vertical                        
     # chordwise =  6   # spanwise = 11     First strip =573
     Surface area = 0.43622           ave. chord = 0.82996    
     CLsurf  =   0.000000     Clsurf  =   0.000000
     CYsurf  =  -0.000054     Cmsurf  =   0.000000
     CDsurf  =  -0.000000     Cnsurf  =  -0.000002
     CDisurf =  -0.000000     CDvsurf =   0.000000

  Forces referred to Ssurf, Cave about hinge axis thru LE
     cl_surf =   0.000020     cd_surf =  -0.000027

 Strip Forces referred to strip area, chord
    j    xLE         yLE         zLE         Chord       Area        Dihedral   c cl        ai_ff       cl           clj         cd          cdv         cm_c/4     c.p.x/c      Dcj
   573   10.76       2.664      0.8857      0.2897      0.1521E-01   90.00      0.1847E-02  0.3484E-02  0.6376E-02   0.000     -0.6566E-04   0.000      0.2851E-02 -0.1972       0.000    
   574   10.61       2.664      0.9382      0.6819      0.3587E-01   90.00      0.3201E-02  0.4004E-02  0.4694E-02   0.000     -0.2239E-04   0.000      0.1199E-02 -0.5360E-02   0.000    
   575   10.54       2.664      0.9908      0.9006      0.4728E-01   90.00      0.3388E-02  0.2228E-02  0.3762E-02   0.000     -0.1238E-04   0.000      0.8816E-03  0.1562E-01   0.000    
   576   10.48       2.664       1.043       1.072      0.5640E-01   90.00      0.2365E-02 -0.1160E-01  0.2205E-02   0.000     -0.4511E-05   0.000      0.5304E-03  0.9527E-02   0.000    
   577   10.46       2.664       1.083       1.177      0.3095E-01   90.00      0.2921E-02 -0.2483E-01  0.2482E-02   0.000     -0.4893E-05   0.000      0.5254E-03  0.3831E-01   0.000    
   578   10.45       2.664       1.109       1.233      0.3244E-01   90.00      0.6068E-02 -0.3991E-02  0.4919E-02   0.000     -0.9689E-05   0.000      0.9118E-03  0.6466E-01   0.000    
   579   10.45       2.664       1.148       1.205      0.6327E-01   90.00      0.1274E-01  0.2411E-01  0.1057E-01   0.000     -0.1999E-04   0.000      0.2132E-03  0.2298       0.000    
   580   10.48       2.664       1.201       1.072      0.5640E-01   90.00      0.1327E-01  0.1940E-01  0.1238E-01   0.000     -0.3854E-04   0.000      0.6334E-04  0.2449       0.000    
   581   10.54       2.664       1.254      0.9007      0.4737E-01   90.00      0.1025E-01  0.4745E-02  0.1139E-01   0.000     -0.4093E-04   0.000     -0.1305E-03  0.2615       0.000    
   582   10.61       2.664       1.306      0.6819      0.3580E-01   90.00      0.7940E-02  0.1517E-02  0.1164E-01   0.000     -0.4654E-04   0.000     -0.4589E-03  0.2894       0.000    
   583   10.76       2.664       1.359      0.2897      0.1524E-01   90.00      0.5723E-02 -0.3644E-02  0.1975E-01   0.000     -0.1004E-03   0.000     -0.3071E-02  0.4055       0.000    

 Surface forces referred to Sref,Cref,Bref about Xmom,Ymom,Zmom
 Standard axis orientation,  X fwd, Z down         

  Surface #13     nacelle_vertical (YDUP)                 
     # chordwise =  6   # spanwise = 11     First strip =584
     Surface area = 0.43622           ave. chord = 0.82996    
     CLsurf  =   0.000000     Clsurf  =  -0.000000
     CYsurf  =   0.000035     Cmsurf  =   0.000000
     CDsurf  =  -0.000000     Cnsurf  =   0.000001
     CDisurf =  -0.000000     CDvsurf =   0.000000

  Forces referred to Ssurf, Cave about hinge axis thru LE
     cl_surf =   0.000013     cd_surf =  -0.000018

 Strip Forces referred to strip area, chord
    j    xLE         yLE         zLE         Chord       Area        Dihedral   c cl        ai_ff       cl           clj         cd          cdv         cm_c/4     c.p.x/c      Dcj
   584   10.76      -2.664      0.8857      0.2897      0.1521E-01  -90.00      0.1323E-02  0.7828E-02  0.4568E-02   0.000     -0.4200E-04   0.000      0.2163E-02 -0.2236       0.000    
   585   10.61      -2.664      0.9382      0.6819      0.3587E-01  -90.00      0.2158E-02  0.7974E-02  0.3165E-02   0.000     -0.1548E-04   0.000      0.8871E-03 -0.3031E-01   0.000    
   586   10.54      -2.664      0.9908      0.9006      0.4728E-01  -90.00      0.2067E-02  0.6336E-02  0.2296E-02   0.000     -0.8174E-05   0.000      0.6046E-03 -0.1337E-01   0.000    
   587   10.48      -2.664       1.043       1.072      0.5640E-01  -90.00      0.4879E-03 -0.2590E-01  0.4551E-03   0.000     -0.1427E-05   0.000      0.2029E-03 -0.1958       0.000    
   588   10.46      -2.664       1.083       1.177      0.3095E-01  -90.00      0.2122E-03 -0.7398E-01  0.1803E-03   0.000     -0.1101E-05   0.000      0.1161E-03 -0.3942       0.000    
   589   10.45      -2.664       1.109       1.233      0.3244E-01  -90.00      0.3127E-02 -0.7483E-01  0.2535E-02   0.000     -0.6360E-05   0.000      0.4962E-03  0.5431E-01   0.000    
   590   10.45      -2.664       1.148       1.205      0.6327E-01  -90.00      0.9352E-02  0.6875E-01  0.7760E-02   0.000     -0.1758E-04   0.000      0.2070E-03  0.2233       0.000    
   591   10.48      -2.664       1.201       1.072      0.5640E-01  -90.00      0.9726E-02  0.3647E-01  0.9071E-02   0.000     -0.3133E-04   0.000      0.1079E-03  0.2381       0.000    
   592   10.54      -2.664       1.254      0.9007      0.4737E-01  -90.00      0.6760E-02  0.2826E-02  0.7505E-02   0.000     -0.2580E-04   0.000     -0.1846E-04  0.2525       0.000    
   593   10.61      -2.664       1.306      0.6819      0.3580E-01  -90.00      0.5278E-02  0.9691E-03  0.7740E-02   0.000     -0.2810E-04   0.000     -0.2078E-03  0.2768       0.000    
   594   10.76      -2.664       1.359      0.2897      0.1524E-01  -90.00      0.4109E-02 -0.2040E-02  0.1418E-01   0.000     -0.6067E-04   0.000     -0.2039E-02  0.3937       0.000    

 Surface forces referred to Sref,Cref,Bref about Xmom,Ymom,Zmom
 Standard axis orientation,  X fwd, Z down         

  Surface #14     nacelle_2_horizontal                    
     # chordwise =  6   # spanwise = 11     First strip =595
     Surface area = 0.43622           ave. chord = 0.82995    
     CLsurf  =   0.000490     Clsurf  =  -0.000184
     CYsurf  =  -0.000000     Cmsurf  =   0.000147
     CDsurf  =   0.000008     Cnsurf  =  -0.000007
     CDisurf =   0.000008     CDvsurf =   0.000000

  Forces referred to Ssurf, Cave about hinge axis thru LE
     cl_surf =   0.071939     cd_surf =   0.001186

 Strip Forces referred to strip area, chord
    j    xLE         yLE         zLE         Chord       Area        Dihedral   c cl        ai_ff       cl           clj         cd          cdv         cm_c/4     c.p.x/c      Dcj
   595   11.08       10.16       1.122      0.2897      0.1524E-01   0.000      0.3537E-01  0.7703E-01  0.1224       0.000     -0.2377E-02   0.000      0.5194E-02  0.2076       0.000    
   596   10.93       10.21       1.122      0.6819      0.3580E-01   0.000      0.5293E-01  0.8901E-01  0.7771E-01   0.000      0.5224E-03   0.000      0.6095E-02  0.1716       0.000    
   597   10.86       10.27       1.122      0.9006      0.4737E-01   0.000      0.6367E-01  0.9252E-01  0.7073E-01   0.000      0.1117E-02   0.000      0.5946E-02  0.1659       0.000    
   598   10.80       10.32       1.122       1.072      0.5629E-01   0.000      0.7036E-01  0.9708E-01  0.6563E-01   0.000      0.1618E-02   0.000      0.5632E-02  0.1642       0.000    
   599   10.77       10.37       1.122       1.205      0.6339E-01   0.000      0.7400E-01  0.1117      0.6139E-01   0.000      0.1969E-02   0.000      0.5382E-02  0.1623       0.000    
   600   10.77       10.41       1.122       1.233      0.3244E-01   0.000      0.7444E-01  0.6585E-01  0.6032E-01   0.000      0.2133E-02   0.000      0.5295E-02  0.1622       0.000    
   601   10.78       10.44       1.122       1.177      0.3095E-01   0.000      0.7373E-01  0.8395E-01  0.6261E-01   0.000      0.2220E-02   0.000      0.5434E-02  0.1632       0.000    
   602   10.80       10.48       1.122       1.072      0.5629E-01   0.000      0.7153E-01  0.9020E-01  0.6672E-01   0.000      0.1668E-02   0.000      0.5686E-02  0.1648       0.000    
   603   10.86       10.53       1.122      0.9007      0.4737E-01   0.000      0.6500E-01  0.9087E-01  0.7220E-01   0.000      0.1144E-02   0.000      0.6014E-02  0.1667       0.000    
   604   10.93       10.58       1.122      0.6819      0.3587E-01   0.000      0.5393E-01  0.8813E-01  0.7917E-01   0.000      0.5160E-03   0.000      0.6155E-02  0.1723       0.000    
   605   11.08       10.63       1.122      0.2897      0.1521E-01   0.000      0.3586E-01  0.7592E-01  0.1241       0.000     -0.2528E-02   0.000      0.5206E-02  0.2081       0.000    

 Surface forces referred to Sref,Cref,Bref about Xmom,Ymom,Zmom
 Standard axis orientation,  X fwd, Z down         

  Surface #15     nacelle_2_vertical                      
     # chordwise =  6   # spanwise = 11     First strip =606
     Surface area = 0.43622           ave. chord = 0.82996    
     CLsurf  =   0.000000     Clsurf  =  -0.000000
     CYsurf  =   0.000015     Cmsurf  =   0.000000
     CDsurf  =  -0.000000     Cnsurf  =   0.000000
     CDisurf =  -0.000000     CDvsurf =   0.000000

  Forces referred to Ssurf, Cave about hinge axis thru LE
     cl_surf =   0.000002     cd_surf =  -0.000002

 Strip Forces referred to strip area, chord
    j    xLE         yLE         zLE         Chord       Area        Dihedral   c cl        ai_ff       cl           clj         cd          cdv         cm_c/4     c.p.x/c      Dcj
   606   11.08       10.40      0.8857      0.2897      0.1521E-01   90.00     -0.8553E-04  0.1553E-01 -0.2953E-03   0.000     -0.1070E-06   0.000     -0.1026E-03 -0.9736E-01   0.000    
   607   10.93       10.40      0.9382      0.6819      0.3587E-01   90.00      0.1400E-04  0.1545E-01  0.2053E-04   0.000     -0.1903E-07   0.000      0.9820E-04  -4.533       0.000    
   608   10.86       10.40      0.9908      0.9006      0.4728E-01   90.00      0.5290E-03  0.1701E-01  0.5873E-03   0.000     -0.4413E-06   0.000      0.2483E-03 -0.1728       0.000    
   609   10.80       10.40       1.043       1.072      0.5640E-01   90.00      0.1892E-02  0.2946E-01  0.1765E-02   0.000     -0.1805E-05   0.000      0.4827E-03 -0.2353E-01   0.000    
   610   10.78       10.40       1.083       1.177      0.3095E-01   90.00      0.1635E-02  0.4109E-01  0.1389E-02   0.000      0.2051E-06   0.000      0.4284E-03 -0.5833E-01   0.000    
   611   10.77       10.40       1.109       1.233      0.3244E-01   90.00     -0.1094E-02  0.2112E-01 -0.8871E-03   0.000     -0.1076E-06   0.000      0.7128E-04  0.3303       0.000    
   612   10.77       10.40       1.148       1.205      0.6327E-01   90.00     -0.6073E-02 -0.2856E-02 -0.5040E-02   0.000     -0.1695E-05   0.000      0.1253E-03  0.2749       0.000    
   613   10.80       10.40       1.201       1.072      0.5640E-01   90.00     -0.6500E-02  0.1123E-02 -0.6063E-02   0.000     -0.5854E-05   0.000      0.1897E-03  0.2813       0.000    
   614   10.86       10.40       1.254      0.9007      0.4737E-01   90.00     -0.4002E-02  0.1439E-01 -0.4444E-02   0.000     -0.3946E-05   0.000      0.2374E-03  0.3034       0.000    
   615   10.93       10.40       1.306      0.6819      0.3580E-01   90.00     -0.2490E-02  0.1651E-01 -0.3652E-02   0.000     -0.2866E-05   0.000      0.2833E-03  0.3276       0.000    
   616   11.08       10.40       1.359      0.2897      0.1524E-01   90.00     -0.1427E-02  0.1250E-01 -0.4926E-02   0.000     -0.5022E-05   0.000      0.8469E-03  0.4219       0.000    

 Surface forces referred to Sref,Cref,Bref about Xmom,Ymom,Zmom
 Standard axis orientation,  X fwd, Z down         

  Surface #16     nacelle_3_horizontal                    
     # chordwise =  6   # spanwise = 11     First strip =617
     Surface area = 0.43623           ave. chord = 0.82981    
     CLsurf  =   0.000348     Clsurf  =   0.000033
     CYsurf  =  -0.000000     Cmsurf  =   0.000152
     CDsurf  =   0.000004     Cnsurf  =   0.000001
     CDisurf =   0.000004     CDvsurf =   0.000000

  Forces referred to Ssurf, Cave about hinge axis thru LE
     cl_surf =   0.051112     cd_surf =   0.000600

 Strip Forces referred to strip area, chord
    j    xLE         yLE         zLE         Chord       Area        Dihedral   c cl        ai_ff       cl           clj         cd          cdv         cm_c/4     c.p.x/c      Dcj
   617   10.76      -2.900       1.122      0.2897      0.1524E-01   0.000      0.2779E-01  0.1304      0.9614E-01   0.000     -0.1424E-02   0.000      0.5461E-02  0.1932       0.000    
   618   10.61      -2.848       1.122      0.6819      0.3587E-01   0.000      0.3846E-01  0.1214      0.5647E-01   0.000      0.2427E-03   0.000      0.5309E-02  0.1560       0.000    
   619   10.54      -2.795       1.122      0.9006      0.4728E-01   0.000      0.4466E-01  0.1148      0.4962E-01   0.000      0.5794E-03   0.000      0.4764E-02  0.1540       0.000    
   620   10.48      -2.742       1.122       1.072      0.5640E-01   0.000      0.4987E-01  0.1456      0.4653E-01   0.000      0.8879E-03   0.000      0.4360E-02  0.1563       0.000    
   621   10.45      -2.690       1.122       1.205      0.6327E-01   0.000      0.5027E-01  0.1624      0.4171E-01   0.000      0.1085E-02   0.000      0.3892E-02  0.1567       0.000    
   622   10.45      -2.650       1.122       1.233      0.3244E-01   0.000      0.4556E-01 -0.4153E-01  0.3693E-01   0.000      0.1028E-02   0.000      0.3428E-02  0.1572       0.000    
   623   10.46      -2.624       1.122       1.177      0.3095E-01   0.000      0.4540E-01  0.2474E-03  0.3857E-01   0.000      0.1128E-02   0.000      0.3541E-02  0.1582       0.000    
   624   10.48      -2.585       1.122       1.072      0.5640E-01   0.000      0.4966E-01  0.1180      0.4633E-01   0.000      0.9738E-03   0.000      0.4244E-02  0.1584       0.000    
   625   10.54      -2.532       1.122      0.9007      0.4728E-01   0.000      0.4824E-01  0.1408      0.5360E-01   0.000      0.5612E-03   0.000      0.4950E-02  0.1577       0.000    
   626   10.61      -2.480       1.122      0.6819      0.3587E-01   0.000      0.4070E-01  0.1251      0.5976E-01   0.000      0.1743E-03   0.000      0.5365E-02  0.1602       0.000    
   627   10.76      -2.427       1.122      0.2897      0.1524E-01   0.000      0.2871E-01  0.1294      0.9933E-01   0.000     -0.1794E-02   0.000      0.5241E-02  0.1972       0.000    

 Surface forces referred to Sref,Cref,Bref about Xmom,Ymom,Zmom
 Standard axis orientation,  X fwd, Z down         

  Surface #17     nacelle_3_vertical                      
     # chordwise =  6   # spanwise = 11     First strip =628
     Surface area = 0.43622           ave. chord = 0.82996    
     CLsurf  =   0.000000     Clsurf  =  -0.000000
     CYsurf  =   0.000035     Cmsurf  =   0.000000
     CDsurf  =  -0.000000     Cnsurf  =   0.000001
     CDisurf =  -0.000000     CDvsurf =   0.000000

  Forces referred to Ssurf, Cave about hinge axis thru LE
     cl_surf =   0.000013     cd_surf =  -0.000018

 Strip Forces referred to strip area, chord
    j    xLE         yLE         zLE         Chord       Area        Dihedral   c cl        ai_ff       cl           clj         cd          cdv         cm_c/4     c.p.x/c      Dcj
   628   10.76      -2.664      0.8857      0.2897      0.1521E-01   90.00     -0.1323E-02 -0.7828E-02 -0.4568E-02   0.000     -0.4200E-04   0.000     -0.2163E-02 -0.2236       0.000    
   629   10.61      -2.664      0.9382      0.6819      0.3587E-01   90.00     -0.2158E-02 -0.7974E-02 -0.3165E-02   0.000     -0.1548E-04   0.000     -0.8871E-03 -0.3031E-01   0.000    
   630   10.54      -2.664      0.9908      0.9006      0.4728E-01   90.00     -0.2067E-02 -0.6336E-02 -0.2296E-02   0.000     -0.8174E-05   0.000     -0.6046E-03 -0.1337E-01   0.000    
   631   10.48      -2.664       1.043       1.072      0.5640E-01   90.00     -0.4879E-03  0.2590E-01 -0.4551E-03   0.000     -0.1427E-05   0.000     -0.2029E-03 -0.1958       0.000    
   632   10.46      -2.664       1.083       1.177      0.3095E-01   90.00     -0.2122E-03  0.7398E-01 -0.1803E-03   0.000     -0.1101E-05   0.000     -0.1161E-03 -0.3942       0.000    
   633   10.45      -2.664       1.109       1.233      0.3244E-01   90.00     -0.3127E-02  0.7483E-01 -0.2535E-02   0.000     -0.6360E-05   0.000     -0.4962E-03  0.5431E-01   0.000    
   634   10.45      -2.664       1.148       1.205      0.6327E-01   90.00     -0.9352E-02 -0.6875E-01 -0.7760E-02   0.000     -0.1758E-04   0.000     -0.2070E-03  0.2233       0.000    
   635   10.48      -2.664       1.201       1.072      0.5640E-01   90.00     -0.9726E-02 -0.3647E-01 -0.9071E-02   0.000     -0.3133E-04   0.000     -0.1079E-03  0.2381       0.000    
   636   10.54      -2.664       1.254      0.9007      0.4737E-01   90.00     -0.6760E-02 -0.2826E-02 -0.7505E-02   0.000     -0.2580E-04   0.000      0.1846E-04  0.2525       0.000    
   637   10.61      -2.664       1.306      0.6819      0.3580E-01   90.00     -0.5278E-02 -0.9691E-03 -0.7740E-02   0.000     -0.2810E-04   0.000      0.2078E-03  0.2768       0.000    
   638   10.76      -2.664       1.359      0.2897      0.1524E-01   90.00     -0.4109E-02  0.2040E-02 -0.1418E-01   0.000     -0.6067E-04   0.000      0.2039E-02  0.3937       0.000    

 Surface forces referred to Sref,Cref,Bref about Xmom,Ymom,Zmom
 Standard axis orientation,  X fwd, Z down         

  Surface #18     nacelle_4_horizontal                    
     # chordwise =  6   # spanwise = 11     First strip =639
     Surface area = 0.43622           ave. chord = 0.82995    
     CLsurf  =   0.000490     Clsurf  =   0.000183
     CYsurf  =  -0.000001     Cmsurf  =   0.000147
     CDsurf  =   0.000008     Cnsurf  =   0.000007
     CDisurf =   0.000008     CDvsurf =   0.000000

  Forces referred to Ssurf, Cave about hinge axis thru LE
     cl_surf =   0.071915     cd_surf =   0.001185

 Strip Forces referred to strip area, chord
    j    xLE         yLE         zLE         Chord       Area        Dihedral   c cl        ai_ff       cl           clj         cd          cdv         cm_c/4     c.p.x/c      Dcj
   639   11.08      -10.63       1.122      0.2897      0.1521E-01   0.000      0.3507E-01  0.7672E-01  0.1213       0.000     -0.2352E-02   0.000      0.5159E-02  0.2075       0.000    
   640   10.93      -10.58       1.122      0.6819      0.3587E-01   0.000      0.5259E-01  0.8861E-01  0.7719E-01   0.000      0.5246E-03   0.000      0.6109E-02  0.1709       0.000    
   641   10.86      -10.53       1.122      0.9006      0.4737E-01   0.000      0.6330E-01  0.9215E-01  0.7032E-01   0.000      0.1114E-02   0.000      0.5965E-02  0.1652       0.000    
   642   10.80      -10.48       1.122       1.072      0.5629E-01   0.000      0.7000E-01  0.9661E-01  0.6530E-01   0.000      0.1611E-02   0.000      0.5652E-02  0.1634       0.000    
   643   10.77      -10.42       1.122       1.205      0.6339E-01   0.000      0.7377E-01  0.1118      0.6120E-01   0.000      0.1963E-02   0.000      0.5398E-02  0.1618       0.000    
   644   10.77      -10.38       1.122       1.233      0.3244E-01   0.000      0.7448E-01  0.6477E-01  0.6035E-01   0.000      0.2133E-02   0.000      0.5292E-02  0.1623       0.000    
   645   10.78      -10.36       1.122       1.177      0.3095E-01   0.000      0.7393E-01  0.8436E-01  0.6279E-01   0.000      0.2226E-02   0.000      0.5420E-02  0.1637       0.000    
   646   10.80      -10.32       1.122       1.072      0.5629E-01   0.000      0.7185E-01  0.9069E-01  0.6702E-01   0.000      0.1673E-02   0.000      0.5669E-02  0.1654       0.000    
   647   10.86      -10.27       1.122      0.9007      0.4737E-01   0.000      0.6533E-01  0.9125E-01  0.7258E-01   0.000      0.1146E-02   0.000      0.5998E-02  0.1674       0.000    
   648   10.93      -10.21       1.122      0.6819      0.3580E-01   0.000      0.5426E-01  0.8854E-01  0.7966E-01   0.000      0.5126E-03   0.000      0.6144E-02  0.1729       0.000    
   649   11.08      -10.16       1.122      0.2897      0.1524E-01   0.000      0.3616E-01  0.7626E-01  0.1251       0.000     -0.2554E-02   0.000      0.5244E-02  0.2081       0.000    

 Surface forces referred to Sref,Cref,Bref about Xmom,Ymom,Zmom
 Standard axis orientation,  X fwd, Z down         

  Surface #19     nacelle_4_vertical                      
     # chordwise =  6   # spanwise = 11     First strip =650
     Surface area = 0.43622           ave. chord = 0.82996    
     CLsurf  =  -0.000000     Clsurf  =   0.000000
     CYsurf  =   0.000001     Cmsurf  =   0.000000
     CDsurf  =  -0.000000     Cnsurf  =  -0.000000
     CDisurf =  -0.000000     CDvsurf =   0.000000

  Forces referred to Ssurf, Cave about hinge axis thru LE
     cl_surf =  -0.000001     cd_surf =  -0.000002

 Strip Forces referred to strip area, chord
    j    xLE         yLE         zLE         Chord       Area        Dihedral   c cl        ai_ff       cl           clj         cd          cdv         cm_c/4     c.p.x/c      Dcj
   650   11.08      -10.40      0.8857      0.2897      0.1521E-01   90.00      0.6930E-03 -0.1585E-01  0.2392E-02   0.000     -0.7302E-05   0.000      0.9651E-03 -0.1534       0.000    
   651   10.93      -10.40      0.9382      0.6819      0.3587E-01   90.00      0.1581E-02 -0.1498E-01  0.2319E-02   0.000     -0.2836E-05   0.000      0.3934E-03  0.8038E-01   0.000    
   652   10.86      -10.40      0.9908      0.9006      0.4728E-01   90.00      0.2539E-02 -0.1308E-01  0.2819E-02   0.000     -0.3276E-05   0.000      0.3809E-03  0.1148       0.000    
   653   10.80      -10.40       1.043       1.072      0.5640E-01   90.00      0.4165E-02 -0.5270E-03  0.3885E-02   0.000     -0.4644E-05   0.000      0.5093E-03  0.1189       0.000    
   654   10.78      -10.40       1.083       1.177      0.3095E-01   90.00      0.4004E-02  0.1082E-01  0.3402E-02   0.000     -0.4093E-06   0.000      0.3938E-03  0.1343       0.000    
   655   10.77      -10.40       1.109       1.233      0.3244E-01   90.00      0.1256E-02 -0.1014E-01  0.1018E-02   0.000     -0.5425E-07   0.000      0.1671E-04  0.2336       0.000    
   656   10.77      -10.40       1.148       1.205      0.6327E-01   90.00     -0.3612E-02 -0.3157E-01 -0.2997E-02   0.000     -0.5288E-06   0.000     -0.1382E-03  0.2039       0.000    
   657   10.80      -10.40       1.201       1.072      0.5640E-01   90.00     -0.4435E-02 -0.2946E-01 -0.4137E-02   0.000     -0.3426E-05   0.000     -0.4678E-04  0.2387       0.000    
   658   10.86      -10.40       1.254      0.9007      0.4737E-01   90.00     -0.2433E-02 -0.1726E-01 -0.2702E-02   0.000     -0.1787E-05   0.000      0.4065E-04  0.2650       0.000    
   659   10.93      -10.40       1.306      0.6819      0.3580E-01   90.00     -0.1429E-02 -0.1534E-01 -0.2096E-02   0.000     -0.1028E-05   0.000      0.1123E-03  0.3036       0.000    
   660   11.08      -10.40       1.359      0.2897      0.1524E-01   90.00     -0.8401E-03 -0.1020E-01 -0.2900E-02   0.000     -0.1784E-05   0.000      0.4873E-03  0.4180       0.000    
