 ---------------------------------------------------------------
Surface and Strip forces by surface

 Surface forces referred to Sref,Cref,Bref about Xmom,Ymom,Zmom
 Standard axis orientation,  X fwd, Z down         

  Surface # 1     main_wing_1                             
     # chordwise = 10   # spanwise = 50     First strip =  1
     Surface area =  12.197           ave. chord =  2.7428    
     CLsurf  =   0.059955     Clsurf  =  -0.004914
     CYsurf  =  -0.000031     Cmsurf  =  -0.036521
     CDsurf  =   0.001328     Cnsurf  =  -0.000146
     CDisurf =   0.000587     CDvsurf =   0.000000

  Forces referred to Ssurf, Cave about hinge axis thru LE
     cl_surf =   0.313411     cd_surf =   0.006941

 Strip Forces referred to strip area, chord
    j    xLE         yLE         zLE         Chord       Area        Dihedral   c cl        ai_ff       cl           clj         cd          cdv         cm_c/4     c.p.x/c      Dcj
     1   12.54      0.1059E-02   1.385       2.762      0.1169E-01   0.000      0.7556      0.1302E-01  0.2738       0.000      0.3828E-02   0.000     -0.3921E-02  0.2643       0.000    
     2   12.54      0.9524E-02   1.385       2.762      0.3504E-01   0.000      0.7556      0.1803E-01  0.2738       0.000      0.3828E-02   0.000     -0.3921E-02  0.2643       0.000    
     3   12.54      0.2642E-01   1.385       2.762      0.5824E-01 -0.6032E-12  0.7557      0.1843E-01  0.2738       0.000      0.3827E-02   0.000     -0.3919E-02  0.2643       0.000    
     4   12.54      0.5168E-01   1.385       2.762      0.8122E-01  0.4326E-12  0.7557      0.1854E-01  0.2738       0.000      0.3825E-02   0.000     -0.3914E-02  0.2643       0.000    
     5   12.54      0.8521E-01   1.385       2.762      0.1039       0.000      0.7558      0.1860E-01  0.2738       0.000      0.3819E-02   0.000     -0.3901E-02  0.2642       0.000    
     6   12.54      0.1269       1.385       2.762      0.1261       0.000      0.7560      0.1863E-01  0.2739       0.000      0.3809E-02   0.000     -0.3877E-02  0.2642       0.000    
     7   12.54      0.1765       1.385       2.762      0.1479       0.000      0.7563      0.1864E-01  0.2740       0.000      0.3791E-02   0.000     -0.3836E-02  0.2640       0.000    
     8   12.54      0.2339       1.385       2.762      0.1690      0.2079E-12  0.7568      0.1865E-01  0.2742       0.000      0.3763E-02   0.000     -0.3771E-02  0.2638       0.000    
     9   12.54      0.2988       1.385       2.762      0.1895     -0.3708E-12  0.7575      0.1865E-01  0.2745       0.000      0.3722E-02   0.000     -0.3676E-02  0.2634       0.000    
    10   12.54      0.3711       1.385       2.762      0.2093      0.3358E-12  0.7585      0.1865E-01  0.2748       0.000      0.3664E-02   0.000     -0.3545E-02  0.2629       0.000    
    11   12.54      0.4503       1.385       2.762      0.2282     -0.1540E-12  0.7599      0.1864E-01  0.2753       0.000      0.3586E-02   0.000     -0.3370E-02  0.2622       0.000    
    12   12.54      0.5363       1.385       2.762      0.2462       0.000      0.7615      0.1861E-01  0.2759       0.000      0.3483E-02   0.000     -0.3144E-02  0.2614       0.000    
    13   12.54      0.6285       1.385       2.762      0.2633       0.000      0.7636      0.1857E-01  0.2767       0.000      0.3351E-02   0.000     -0.2864E-02  0.2603       0.000    
    14   12.54      0.7268       1.385       2.762      0.2793       0.000      0.7662      0.1850E-01  0.2776       0.000      0.3185E-02   0.000     -0.2525E-02  0.2591       0.000    
    15   12.54      0.8307       1.385       2.762      0.2942       0.000      0.7691      0.1838E-01  0.2787       0.000      0.2980E-02   0.000     -0.2125E-02  0.2576       0.000    
    16   12.54      0.9398       1.385       2.762      0.3079       0.000      0.7725      0.1819E-01  0.2799       0.000      0.2729E-02   0.000     -0.1665E-02  0.2559       0.000    
    17   12.54       1.054       1.385       2.762      0.3205       0.000      0.7762      0.1790E-01  0.2813       0.000      0.2422E-02   0.000     -0.1146E-02  0.2541       0.000    
    18   12.54       1.172       1.385       2.762      0.3317       0.000      0.7802      0.1746E-01  0.2828       0.000      0.2045E-02   0.000     -0.5709E-03  0.2520       0.000    
    19   12.54       1.294       1.385       2.762      0.3417       0.000      0.7844      0.1676E-01  0.2843       0.000      0.1569E-02   0.000      0.5737E-04  0.2498       0.000    
    20   12.54       1.419       1.385       2.762      0.3503       0.000      0.7887      0.1560E-01  0.2859       0.000      0.9304E-03   0.000      0.7403E-03  0.2474       0.000    
    21   12.54       1.547       1.385       2.762      0.3575       0.000      0.7930      0.1347E-01  0.2875       0.000     -0.3138E-04   0.000      0.1487E-02  0.2448       0.000    
    22   12.54       1.680       1.385       2.760      0.3729      0.9418E-13  0.7971      0.8412E-02  0.2893       0.000     -0.1918E-02   0.000      0.2342E-02  0.2419       0.000    
    23   12.54       1.816       1.385       2.758      0.3770     -0.9306E-13  0.8010     -0.1576E-01  0.2913       0.000     -0.8609E-02   0.000      0.3409E-02  0.2383       0.000    
    24   12.54       1.958       1.385       2.755      0.4102       0.000      0.5876      0.4593E-01  0.3819      0.1689      0.2730E-01   0.000      0.2715E-01  0.1789       1.741    
    25   12.54       2.108       1.385       2.752      0.4114       0.000      0.5539      0.4378E-01  0.3825      0.1815      0.2463E-01   0.000      0.2802E-01  0.1767       1.743    
    26   12.54       2.257       1.385       2.749      0.4110       0.000      0.5392      0.4278E-01  0.3810      0.1851      0.2391E-01   0.000      0.2808E-01  0.1763       1.745    
    27   12.55       2.407       1.385       2.746      0.4089       0.000      0.5335      0.4460E-01  0.3792      0.1852      0.2365E-01   0.000      0.2782E-01  0.1766       1.746    
    28   12.55       2.555       1.385       2.743      0.4052       0.000      0.5347      0.4129E-01  0.3814      0.1867      0.2380E-01   0.000      0.2827E-01  0.1759       1.748    
    29   12.55       2.702       1.385       2.740      0.4000      0.8715E-13  0.5426      0.4274E-01  0.3853      0.1875      0.2429E-01   0.000      0.2889E-01  0.1750       1.750    
    30   12.55       2.847       1.385       2.737      0.3932     -0.8857E-13  0.5596      0.4379E-01  0.3882      0.1841      0.2525E-01   0.000      0.2903E-01  0.1752       1.752    
    31   12.55       2.989       1.385       2.735      0.3848       0.000      0.5963      0.4595E-01  0.3893      0.1715      0.2847E-01   0.000      0.2842E-01  0.1770       1.754    
    32   12.55       3.121       1.385       2.732      0.3355       0.000      0.8160     -0.2104E-01  0.2997       0.000     -0.1103E-01   0.000      0.4804E-02  0.2340       0.000    
    33   12.55       3.242       1.385       2.730      0.3254       0.000      0.8151      0.5355E-02  0.2992       0.000     -0.3635E-02   0.000      0.4055E-02  0.2364       0.000    
    34   12.55       3.359       1.385       2.727      0.3141       0.000      0.8141      0.1082E-01  0.2990       0.000     -0.1672E-02   0.000      0.3545E-02  0.2381       0.000    
    35   12.55       3.472       1.385       2.725      0.3016      0.1150E-12  0.8129      0.1312E-01  0.2988       0.000     -0.7548E-03   0.000      0.3159E-02  0.2394       0.000    
    36   12.55       3.580       1.385       2.723      0.2879     -0.1203E-12  0.8117      0.1432E-01  0.2985       0.000     -0.2270E-03   0.000      0.2858E-02  0.2404       0.000    
    37   12.55       3.683       1.385       2.721      0.2731       0.000      0.8105      0.1503E-01  0.2983       0.000      0.1152E-03   0.000      0.2618E-02  0.2412       0.000    
    38   12.55       3.781       1.385       2.719      0.2573       0.000      0.8092      0.1546E-01  0.2980       0.000      0.3559E-03   0.000      0.2426E-02  0.2419       0.000    
    39   12.55       3.873       1.385       2.717      0.2404      0.1438E-12  0.8080      0.1575E-01  0.2977       0.000      0.5369E-03   0.000      0.2272E-02  0.2424       0.000    
    40   12.55       3.958       1.385       2.716      0.2227     -0.1551E-12  0.8068      0.1595E-01  0.2975       0.000      0.6834E-03   0.000      0.2148E-02  0.2428       0.000    
    41   12.55       4.037       1.385       2.714      0.2041       0.000      0.8056      0.1611E-01  0.2972       0.000      0.8144E-03   0.000      0.2047E-02  0.2431       0.000    
    42   12.55       4.108       1.385       2.713      0.1848       0.000      0.8044      0.1627E-01  0.2969       0.000      0.9871E-03   0.000      0.1964E-02  0.2434       0.000    
    43   12.56       4.178       1.385       2.707      0.1906     -0.1807E-12  0.8032      0.1619E-01  0.2970       0.000      0.1011E-02   0.000      0.1910E-02  0.2436       0.000    
    44   12.56       4.244       1.385       2.699      0.1663       0.000      0.8019      0.1594E-01  0.2974       0.000      0.9369E-03   0.000      0.1876E-02  0.2437       0.000    
    45   12.56       4.301       1.385       2.692      0.1415      0.2421E-12  0.8008      0.1575E-01  0.2978       0.000      0.9130E-03   0.000      0.1850E-02  0.2438       0.000    
    46   12.56       4.349       1.385       2.686      0.1162       0.000      0.7998      0.1559E-01  0.2981       0.000      0.8970E-03   0.000      0.1832E-02  0.2439       0.000    
    47   12.56       4.387       1.385       2.682      0.9073E-01   0.000      0.7991      0.1546E-01  0.2983       0.000      0.8851E-03   0.000      0.1820E-02  0.2439       0.000    
    48   12.56       4.416       1.385       2.678      0.6498E-01   0.000      0.7985      0.1536E-01  0.2985       0.000      0.8758E-03   0.000      0.1813E-02  0.2439       0.000    
    49   12.56       4.436       1.385       2.676      0.3906E-01   0.000      0.7981      0.1530E-01  0.2986       0.000      0.8685E-03   0.000      0.1809E-02  0.2439       0.000    
    50   12.56       4.446       1.385       2.674      0.1303E-01   0.000      0.7978      0.1527E-01  0.2987       0.000      0.8654E-03   0.000      0.1807E-02  0.2439       0.000    

 Surface forces referred to Sref,Cref,Bref about Xmom,Ymom,Zmom
 Standard axis orientation,  X fwd, Z down         

  Surface # 2     main_wing_1 (YDUP)                      
     # chordwise = 10   # spanwise = 50     First strip = 51
     Surface area =  12.197           ave. chord =  2.7428    
     CLsurf  =   0.059862     Clsurf  =   0.004906
     CYsurf  =   0.000031     Cmsurf  =  -0.036479
     CDsurf  =   0.001323     Cnsurf  =   0.000146
     CDisurf =   0.000587     CDvsurf =   0.000000

  Forces referred to Ssurf, Cave about hinge axis thru LE
     cl_surf =   0.312923     cd_surf =   0.006914

 Strip Forces referred to strip area, chord
    j    xLE         yLE         zLE         Chord       Area        Dihedral   c cl        ai_ff       cl           clj         cd          cdv         cm_c/4     c.p.x/c      Dcj
    51   12.54     -0.1059E-02   1.385       2.762      0.1169E-01   0.000      0.7556      0.2429E-01  0.2738       0.000      0.3828E-02   0.000     -0.3921E-02  0.2643       0.000    
    52   12.54     -0.9524E-02   1.385       2.762      0.3504E-01   0.000      0.7556      0.1929E-01  0.2738       0.000      0.3828E-02   0.000     -0.3921E-02  0.2643       0.000    
    53   12.54     -0.2642E-01   1.385       2.762      0.5824E-01  0.6032E-12  0.7556      0.1888E-01  0.2738       0.000      0.3827E-02   0.000     -0.3919E-02  0.2643       0.000    
    54   12.54     -0.5168E-01   1.385       2.762      0.8122E-01 -0.4326E-12  0.7557      0.1877E-01  0.2738       0.000      0.3825E-02   0.000     -0.3913E-02  0.2643       0.000    
    55   12.54     -0.8521E-01   1.385       2.762      0.1039       0.000      0.7558      0.1872E-01  0.2738       0.000      0.3820E-02   0.000     -0.3901E-02  0.2642       0.000    
    56   12.54     -0.1269       1.385       2.762      0.1261       0.000      0.7559      0.1869E-01  0.2739       0.000      0.3810E-02   0.000     -0.3876E-02  0.2642       0.000    
    57   12.54     -0.1765       1.385       2.762      0.1479       0.000      0.7562      0.1867E-01  0.2740       0.000      0.3792E-02   0.000     -0.3834E-02  0.2640       0.000    
    58   12.54     -0.2339       1.385       2.762      0.1690     -0.2079E-12  0.7567      0.1867E-01  0.2742       0.000      0.3764E-02   0.000     -0.3769E-02  0.2637       0.000    
    59   12.54     -0.2988       1.385       2.762      0.1895      0.3708E-12  0.7574      0.1866E-01  0.2744       0.000      0.3723E-02   0.000     -0.3673E-02  0.2634       0.000    
    60   12.54     -0.3711       1.385       2.762      0.2093     -0.3358E-12  0.7584      0.1865E-01  0.2748       0.000      0.3664E-02   0.000     -0.3541E-02  0.2629       0.000    
    61   12.54     -0.4503       1.385       2.762      0.2282      0.1540E-12  0.7597      0.1864E-01  0.2753       0.000      0.3586E-02   0.000     -0.3365E-02  0.2622       0.000    
    62   12.54     -0.5363       1.385       2.762      0.2462       0.000      0.7614      0.1862E-01  0.2759       0.000      0.3482E-02   0.000     -0.3138E-02  0.2614       0.000    
    63   12.54     -0.6285       1.385       2.762      0.2633       0.000      0.7635      0.1858E-01  0.2767       0.000      0.3350E-02   0.000     -0.2857E-02  0.2603       0.000    
    64   12.54     -0.7268       1.385       2.762      0.2793       0.000      0.7660      0.1850E-01  0.2776       0.000      0.3184E-02   0.000     -0.2517E-02  0.2591       0.000    
    65   12.54     -0.8307       1.385       2.762      0.2942       0.000      0.7689      0.1838E-01  0.2786       0.000      0.2978E-02   0.000     -0.2117E-02  0.2576       0.000    
    66   12.54     -0.9398       1.385       2.762      0.3079       0.000      0.7722      0.1820E-01  0.2799       0.000      0.2726E-02   0.000     -0.1656E-02  0.2559       0.000    
    67   12.54      -1.054       1.385       2.762      0.3205       0.000      0.7759      0.1791E-01  0.2812       0.000      0.2420E-02   0.000     -0.1137E-02  0.2540       0.000    
    68   12.54      -1.172       1.385       2.762      0.3317       0.000      0.7798      0.1747E-01  0.2827       0.000      0.2043E-02   0.000     -0.5627E-03  0.2520       0.000    
    69   12.54      -1.294       1.385       2.762      0.3417       0.000      0.7840      0.1677E-01  0.2842       0.000      0.1567E-02   0.000      0.6396E-04  0.2498       0.000    
    70   12.54      -1.419       1.385       2.762      0.3503       0.000      0.7882      0.1561E-01  0.2857       0.000      0.9307E-03   0.000      0.7433E-03  0.2474       0.000    
    71   12.54      -1.547       1.385       2.762      0.3575       0.000      0.7923      0.1349E-01  0.2873       0.000     -0.2547E-04   0.000      0.1484E-02  0.2448       0.000    
    72   12.54      -1.680       1.385       2.760      0.3729     -0.9418E-13  0.7962      0.8429E-02  0.2889       0.000     -0.1896E-02   0.000      0.2325E-02  0.2420       0.000    
    73   12.54      -1.816       1.385       2.758      0.3770      0.9306E-13  0.7997     -0.1574E-01  0.2908       0.000     -0.8524E-02   0.000      0.3367E-02  0.2384       0.000    
    74   12.54      -1.958       1.385       2.755      0.4102       0.000      0.5867      0.4593E-01  0.3813      0.1686      0.2723E-01   0.000      0.2706E-01  0.1790       1.741    
    75   12.54      -2.108       1.385       2.752      0.4114       0.000      0.5529      0.4377E-01  0.3813      0.1807      0.2454E-01   0.000      0.2781E-01  0.1771       1.743    
    76   12.54      -2.257       1.385       2.749      0.4110       0.000      0.5380      0.4279E-01  0.3789      0.1834      0.2377E-01   0.000      0.2764E-01  0.1771       1.745    
    77   12.55      -2.407       1.385       2.746      0.4089       0.000      0.5322      0.4544E-01  0.3764      0.1829      0.2347E-01   0.000      0.2720E-01  0.1777       1.746    
    78   12.55      -2.555       1.385       2.743      0.4052       0.000      0.5334      0.4093E-01  0.3788      0.1846      0.2364E-01   0.000      0.2771E-01  0.1769       1.748    
    79   12.55      -2.702       1.385       2.740      0.4000     -0.8715E-13  0.5416      0.4273E-01  0.3835      0.1862      0.2417E-01   0.000      0.2854E-01  0.1756       1.750    
    80   12.55      -2.847       1.385       2.737      0.3932      0.8857E-13  0.5588      0.4378E-01  0.3874      0.1835      0.2518E-01   0.000      0.2888E-01  0.1754       1.752    
    81   12.55      -2.989       1.385       2.735      0.3848       0.000      0.5956      0.4595E-01  0.3888      0.1713      0.2842E-01   0.000      0.2836E-01  0.1770       1.754    
    82   12.55      -3.121       1.385       2.732      0.3355       0.000      0.8152     -0.2101E-01  0.2994       0.000     -0.1099E-01   0.000      0.4790E-02  0.2340       0.000    
    83   12.55      -3.242       1.385       2.730      0.3254       0.000      0.8146      0.5371E-02  0.2990       0.000     -0.3635E-02   0.000      0.4059E-02  0.2364       0.000    
    84   12.55      -3.359       1.385       2.727      0.3141       0.000      0.8138      0.1084E-01  0.2989       0.000     -0.1682E-02   0.000      0.3557E-02  0.2381       0.000    
    85   12.55      -3.472       1.385       2.725      0.3016     -0.1150E-12  0.8128      0.1313E-01  0.2987       0.000     -0.7669E-03   0.000      0.3175E-02  0.2394       0.000    
    86   12.55      -3.580       1.385       2.723      0.2879      0.1203E-12  0.8116      0.1433E-01  0.2985       0.000     -0.2395E-03   0.000      0.2875E-02  0.2404       0.000    
    87   12.55      -3.683       1.385       2.721      0.2731       0.000      0.8105      0.1504E-01  0.2983       0.000      0.1033E-03   0.000      0.2636E-02  0.2412       0.000    
    88   12.55      -3.781       1.385       2.719      0.2573       0.000      0.8092      0.1547E-01  0.2980       0.000      0.3447E-03   0.000      0.2444E-02  0.2418       0.000    
    89   12.55      -3.873       1.385       2.717      0.2404     -0.1438E-12  0.8080      0.1576E-01  0.2977       0.000      0.5265E-03   0.000      0.2289E-02  0.2423       0.000    
    90   12.55      -3.958       1.385       2.716      0.2227      0.1551E-12  0.8068      0.1596E-01  0.2975       0.000      0.6737E-03   0.000      0.2163E-02  0.2427       0.000    
    91   12.55      -4.037       1.385       2.714      0.2041       0.000      0.8056      0.1612E-01  0.2972       0.000      0.8054E-03   0.000      0.2062E-02  0.2431       0.000    
    92   12.55      -4.108       1.385       2.713      0.1848       0.000      0.8044      0.1628E-01  0.2969       0.000      0.9788E-03   0.000      0.1978E-02  0.2433       0.000    
    93   12.56      -4.178       1.385       2.707      0.1906      0.1807E-12  0.8032      0.1620E-01  0.2970       0.000      0.1003E-02   0.000      0.1924E-02  0.2435       0.000    
    94   12.56      -4.244       1.385       2.699      0.1663       0.000      0.8020      0.1595E-01  0.2975       0.000      0.9294E-03   0.000      0.1888E-02  0.2437       0.000    
    95   12.56      -4.301       1.385       2.692      0.1415     -0.2421E-12  0.8009      0.1575E-01  0.2978       0.000      0.9058E-03   0.000      0.1862E-02  0.2437       0.000    
    96   12.56      -4.349       1.385       2.686      0.1162       0.000      0.7999      0.1560E-01  0.2981       0.000      0.8902E-03   0.000      0.1844E-02  0.2438       0.000    
    97   12.56      -4.387       1.385       2.682      0.9073E-01   0.000      0.7991      0.1547E-01  0.2984       0.000      0.8784E-03   0.000      0.1831E-02  0.2439       0.000    
    98   12.56      -4.416       1.385       2.678      0.6498E-01   0.000      0.7985      0.1537E-01  0.2985       0.000      0.8693E-03   0.000      0.1824E-02  0.2439       0.000    
    99   12.56      -4.436       1.385       2.676      0.3906E-01   0.000      0.7981      0.1530E-01  0.2987       0.000      0.8621E-03   0.000      0.1820E-02  0.2439       0.000    
   100   12.56      -4.446       1.385       2.674      0.1303E-01   0.000      0.7979      0.1527E-01  0.2987       0.000      0.8590E-03   0.000      0.1818E-02  0.2439       0.000    

 Surface forces referred to Sref,Cref,Bref about Xmom,Ymom,Zmom
 Standard axis orientation,  X fwd, Z down         

  Surface # 3     main_wing_2                             
     # chordwise = 10   # spanwise = 50     First strip =101
     Surface area =  9.6056           ave. chord =  2.4315    
     CLsurf  =   0.050456     Clsurf  =  -0.011615
     CYsurf  =  -0.000158     Cmsurf  =  -0.030451
     CDsurf  =   0.001092     Cnsurf  =  -0.000334
     CDisurf =   0.000356     CDvsurf =   0.000000

  Forces referred to Ssurf, Cave about hinge axis thru LE
     cl_surf =   0.334898     cd_surf =   0.007250

 Strip Forces referred to strip area, chord
    j    xLE         yLE         zLE         Chord       Area        Dihedral   c cl        ai_ff       cl           clj         cd          cdv         cm_c/4     c.p.x/c      Dcj
   101   12.56       4.448       1.385       2.674      0.1060E-01  0.3210E-11  0.7978      0.1526E-01  0.2987       0.000      0.8652E-03   0.000      0.1807E-02  0.2440       0.000    
   102   12.56       4.456       1.385       2.673      0.3174E-01 -0.1071E-11  0.7977      0.1523E-01  0.2988       0.000      0.8620E-03   0.000      0.1806E-02  0.2440       0.000    
   103   12.56       4.472       1.385       2.671      0.5273E-01   0.000      0.7973      0.1518E-01  0.2988       0.000      0.8584E-03   0.000      0.1803E-02  0.2440       0.000    
   104   12.56       4.495       1.385       2.668      0.7344E-01   0.000      0.7968      0.1509E-01  0.2990       0.000      0.8511E-03   0.000      0.1801E-02  0.2440       0.000    
   105   12.57       4.527       1.385       2.664      0.9379E-01 -0.3614E-12  0.7962      0.1498E-01  0.2992       0.000      0.8403E-03   0.000      0.1799E-02  0.2440       0.000    
   106   12.57       4.566       1.385       2.660      0.1137      0.2977E-12  0.7953      0.1484E-01  0.2994       0.000      0.8253E-03   0.000      0.1800E-02  0.2440       0.000    
   107   12.57       4.612       1.385       2.654      0.1330       0.000      0.7943      0.1466E-01  0.2997       0.000      0.8052E-03   0.000      0.1804E-02  0.2440       0.000    
   108   12.57       4.666       1.385       2.647      0.1516      0.2221E-12  0.7931      0.1445E-01  0.3000       0.000      0.7784E-03   0.000      0.1815E-02  0.2439       0.000    
   109   12.57       4.726       1.385       2.640      0.1696     -0.1981E-12  0.7918      0.1420E-01  0.3003       0.000      0.7427E-03   0.000      0.1835E-02  0.2439       0.000    
   110   12.57       4.794       1.385       2.632      0.1866       0.000      0.7903      0.1389E-01  0.3007       0.000      0.6954E-03   0.000      0.1867E-02  0.2438       0.000    
   111   12.58       4.868       1.385       2.622      0.2028     -0.1645E-12  0.7886      0.1353E-01  0.3011       0.000      0.6322E-03   0.000      0.1914E-02  0.2436       0.000    
   112   12.58       4.949       1.385       2.613      0.2180      0.1525E-12  0.7868      0.1309E-01  0.3015       0.000      0.5475E-03   0.000      0.1982E-02  0.2434       0.000    
   113   12.58       5.035       1.385       2.602      0.2321      0.1426E-12  0.7848      0.1256E-01  0.3020       0.000      0.4325E-03   0.000      0.2076E-02  0.2431       0.000    
   114   12.58       5.127       1.385       2.591      0.2452     -0.1344E-12  0.7827      0.1189E-01  0.3025       0.000      0.2738E-03   0.000      0.2203E-02  0.2427       0.000    
   115   12.59       5.224       1.385       2.579      0.2571       0.000      0.7804      0.1100E-01  0.3030       0.000      0.4848E-04   0.000      0.2371E-02  0.2422       0.000    
   116   12.59       5.326       1.385       2.566      0.2678       0.000      0.7780      0.9784E-02  0.3036       0.000     -0.2847E-03   0.000      0.2593E-02  0.2415       0.000    
   117   12.59       5.433       1.385       2.553      0.2773     -0.1171E-12  0.7754      0.7948E-02  0.3042       0.000     -0.8104E-03   0.000      0.2886E-02  0.2405       0.000    
   118   12.60       5.543       1.385       2.539      0.2855      0.1132E-12  0.7728      0.4802E-02  0.3048       0.000     -0.1735E-02   0.000      0.3275E-02  0.2393       0.000    
   119   12.60       5.658       1.385       2.525      0.2924       0.000      0.7700     -0.2086E-02  0.3055       0.000     -0.3728E-02   0.000      0.3807E-02  0.2375       0.000    
   120   12.60       5.775       1.385       2.511      0.2981       0.000      0.7672     -0.3311E-01  0.3065       0.000     -0.1119E-01   0.000      0.4603E-02  0.2350       0.000    
   121   12.61       5.892       1.385       2.497      0.2863       0.000      0.5609      0.4538E-01  0.4054      0.1810      0.3096E-01   0.000      0.3041E-01  0.1750       1.921    
   122   12.61       6.007       1.385       2.482      0.2893       0.000      0.5225      0.4281E-01  0.4060      0.1958      0.2719E-01   0.000      0.3136E-01  0.1728       1.932    
   123   12.61       6.125       1.385       2.468      0.2911       0.000      0.5020      0.4134E-01  0.4053      0.2022      0.2616E-01   0.000      0.3177E-01  0.1716       1.943    
   124   12.62       6.243       1.385       2.453      0.2917       0.000      0.4894      0.4058E-01  0.4034      0.2042      0.2565E-01   0.000      0.3168E-01  0.1715       1.955    
   125   12.62       6.362       1.385       2.439      0.2911      0.1066E-12  0.4818      0.4078E-01  0.4019      0.2046      0.2543E-01   0.000      0.3154E-01  0.1715       1.966    
   126   12.63       6.482       1.385       2.424      0.2894     -0.1066E-12  0.4785      0.3953E-01  0.4029      0.2057      0.2549E-01   0.000      0.3183E-01  0.1710       1.978    
   127   12.63       6.601       1.385       2.410      0.2865       0.000      0.4795      0.4039E-01  0.4059      0.2072      0.2580E-01   0.000      0.3242E-01  0.1701       1.990    
   128   12.63       6.719       1.385       2.395      0.2825       0.000      0.4855      0.4108E-01  0.4093      0.2069      0.2639E-01   0.000      0.3287E-01  0.1697       2.002    
   129   12.64       6.837       1.385       2.381      0.2774       0.000      0.4994      0.4250E-01  0.4115      0.2020      0.2751E-01   0.000      0.3277E-01  0.1704       2.015    
   130   12.64       6.952       1.385       2.366      0.2714       0.000      0.5309      0.4510E-01  0.4124      0.1883      0.3139E-01   0.000      0.3210E-01  0.1722       2.027    
   131   12.64       7.069       1.385       2.352      0.2792       0.000      0.7230     -0.3759E-01  0.3084       0.000     -0.1090E-01   0.000      0.4821E-02  0.2344       0.000    
   132   12.65       7.187       1.385       2.338      0.2707       0.000      0.7183     -0.5535E-02  0.3079       0.000     -0.3730E-02   0.000      0.3946E-02  0.2372       0.000    
   133   12.65       7.301       1.385       2.324      0.2612       0.000      0.7136      0.1270E-02  0.3077       0.000     -0.1789E-02   0.000      0.3342E-02  0.2391       0.000    
   134   12.65       7.411       1.385       2.310      0.2509       0.000      0.7091      0.4167E-02  0.3075       0.000     -0.8827E-03   0.000      0.2887E-02  0.2406       0.000    
   135   12.66       7.518       1.385       2.297      0.2397     -0.1219E-12  0.7048      0.5704E-02  0.3073       0.000     -0.3647E-03   0.000      0.2534E-02  0.2418       0.000    
   136   12.66       7.620       1.385       2.284      0.2277      0.2552E-12  0.7006      0.6612E-02  0.3071       0.000     -0.3529E-04   0.000      0.2256E-02  0.2427       0.000    
   137   12.66       7.717       1.385       2.272      0.2151     -0.1344E-12  0.6966      0.7183E-02  0.3070       0.000      0.1876E-03   0.000      0.2036E-02  0.2434       0.000    
   138   12.67       7.809       1.385       2.261      0.2017       0.000      0.6928      0.7554E-02  0.3068       0.000      0.3443E-03   0.000      0.1864E-02  0.2439       0.000    
   139   12.67       7.895       1.385       2.250      0.1878       0.000      0.6892      0.7800E-02  0.3067       0.000      0.4572E-03   0.000      0.1729E-02  0.2444       0.000    
   140   12.67       7.976       1.385       2.241      0.1733       0.000      0.6859      0.7964E-02  0.3065       0.000      0.5396E-03   0.000      0.1625E-02  0.2447       0.000    
   141   12.67       8.050       1.385       2.231      0.1583      0.1794E-12  0.6829      0.8073E-02  0.3064       0.000      0.5999E-03   0.000      0.1546E-02  0.2450       0.000    
   142   12.68       8.118       1.385       2.223      0.1428     -0.1981E-12  0.6801      0.8144E-02  0.3063       0.000      0.6440E-03   0.000      0.1488E-02  0.2451       0.000    
   143   12.68       8.178       1.385       2.216      0.1269       0.000      0.6776      0.8188E-02  0.3062       0.000      0.6759E-03   0.000      0.1445E-02  0.2453       0.000    
   144   12.68       8.232       1.385       2.209      0.1107       0.000      0.6754      0.8214E-02  0.3061       0.000      0.6984E-03   0.000      0.1416E-02  0.2454       0.000    
   145   12.68       8.279       1.385       2.203      0.9417E-01  0.2977E-12  0.6735      0.8228E-02  0.3061       0.000      0.7140E-03   0.000      0.1396E-02  0.2454       0.000    
   146   12.68       8.318       1.385       2.199      0.7739E-01 -0.3614E-12  0.6719      0.8233E-02  0.3060       0.000      0.7244E-03   0.000      0.1384E-02  0.2455       0.000    
   147   12.68       8.349       1.385       2.195      0.6041E-01   0.000      0.6706      0.8234E-02  0.3060       0.000      0.7310E-03   0.000      0.1377E-02  0.2455       0.000    
   148   12.68       8.373       1.385       2.192      0.4326E-01   0.000      0.6697      0.8232E-02  0.3059       0.000      0.7348E-03   0.000      0.1373E-02  0.2455       0.000    
   149   12.68       8.388       1.385       2.190      0.2600E-01   0.000      0.6690      0.8229E-02  0.3059       0.000      0.7371E-03   0.000      0.1372E-02  0.2455       0.000    
   150   12.68       8.396       1.385       2.189      0.8675E-02   0.000      0.6687      0.8228E-02  0.3059       0.000      0.7348E-03   0.000      0.1371E-02  0.2455       0.000    

 Surface forces referred to Sref,Cref,Bref about Xmom,Ymom,Zmom
 Standard axis orientation,  X fwd, Z down         

  Surface # 4     main_wing_2 (YDUP)                      
     # chordwise = 10   # spanwise = 50     First strip =151
     Surface area =  9.6056           ave. chord =  2.4315    
     CLsurf  =   0.050460     Clsurf  =   0.011616
     CYsurf  =   0.000158     Cmsurf  =  -0.030453
     CDsurf  =   0.001092     Cnsurf  =   0.000334
     CDisurf =   0.000356     CDvsurf =   0.000000

  Forces referred to Ssurf, Cave about hinge axis thru LE
     cl_surf =   0.334923     cd_surf =   0.007248

 Strip Forces referred to strip area, chord
    j    xLE         yLE         zLE         Chord       Area        Dihedral   c cl        ai_ff       cl           clj         cd          cdv         cm_c/4     c.p.x/c      Dcj
   151   12.56      -4.448       1.385       2.674      0.1060E-01 -0.3210E-11  0.7979      0.1526E-01  0.2987       0.000      0.8588E-03   0.000      0.1818E-02  0.2439       0.000    
   152   12.56      -4.456       1.385       2.673      0.3174E-01  0.1071E-11  0.7977      0.1524E-01  0.2988       0.000      0.8557E-03   0.000      0.1816E-02  0.2439       0.000    
   153   12.56      -4.472       1.385       2.671      0.5273E-01   0.000      0.7974      0.1518E-01  0.2989       0.000      0.8522E-03   0.000      0.1814E-02  0.2439       0.000    
   154   12.56      -4.495       1.385       2.668      0.7344E-01   0.000      0.7969      0.1510E-01  0.2990       0.000      0.8450E-03   0.000      0.1811E-02  0.2439       0.000    
   155   12.57      -4.527       1.385       2.664      0.9379E-01  0.3614E-12  0.7962      0.1499E-01  0.2992       0.000      0.8343E-03   0.000      0.1809E-02  0.2440       0.000    
   156   12.57      -4.566       1.385       2.660      0.1137     -0.2977E-12  0.7954      0.1484E-01  0.2994       0.000      0.8196E-03   0.000      0.1810E-02  0.2440       0.000    
   157   12.57      -4.612       1.385       2.654      0.1330       0.000      0.7944      0.1467E-01  0.2997       0.000      0.7997E-03   0.000      0.1814E-02  0.2439       0.000    
   158   12.57      -4.666       1.385       2.647      0.1516     -0.2221E-12  0.7932      0.1445E-01  0.3000       0.000      0.7731E-03   0.000      0.1824E-02  0.2439       0.000    
   159   12.57      -4.726       1.385       2.640      0.1696      0.1981E-12  0.7919      0.1420E-01  0.3003       0.000      0.7377E-03   0.000      0.1843E-02  0.2439       0.000    
   160   12.57      -4.794       1.385       2.632      0.1866       0.000      0.7904      0.1390E-01  0.3007       0.000      0.6905E-03   0.000      0.1875E-02  0.2438       0.000    
   161   12.58      -4.868       1.385       2.622      0.2028      0.1645E-12  0.7887      0.1353E-01  0.3011       0.000      0.6276E-03   0.000      0.1922E-02  0.2436       0.000    
   162   12.58      -4.949       1.385       2.613      0.2180     -0.1525E-12  0.7869      0.1310E-01  0.3016       0.000      0.5431E-03   0.000      0.1989E-02  0.2434       0.000    
   163   12.58      -5.035       1.385       2.602      0.2321     -0.1426E-12  0.7849      0.1256E-01  0.3020       0.000      0.4284E-03   0.000      0.2083E-02  0.2431       0.000    
   164   12.58      -5.127       1.385       2.591      0.2452      0.1344E-12  0.7827      0.1189E-01  0.3025       0.000      0.2699E-03   0.000      0.2209E-02  0.2427       0.000    
   165   12.59      -5.224       1.385       2.579      0.2571       0.000      0.7805      0.1101E-01  0.3031       0.000      0.4476E-04   0.000      0.2377E-02  0.2422       0.000    
   166   12.59      -5.326       1.385       2.566      0.2678       0.000      0.7781      0.9786E-02  0.3036       0.000     -0.2883E-03   0.000      0.2598E-02  0.2414       0.000    
   167   12.59      -5.433       1.385       2.553      0.2773      0.1171E-12  0.7755      0.7950E-02  0.3042       0.000     -0.8139E-03   0.000      0.2890E-02  0.2405       0.000    
   168   12.60      -5.543       1.385       2.539      0.2855     -0.1132E-12  0.7729      0.4803E-02  0.3048       0.000     -0.1739E-02   0.000      0.3279E-02  0.2392       0.000    
   169   12.60      -5.658       1.385       2.525      0.2924       0.000      0.7701     -0.2085E-02  0.3055       0.000     -0.3732E-02   0.000      0.3811E-02  0.2375       0.000    
   170   12.60      -5.775       1.385       2.511      0.2981       0.000      0.7672     -0.3311E-01  0.3066       0.000     -0.1120E-01   0.000      0.4607E-02  0.2350       0.000    
   171   12.61      -5.892       1.385       2.497      0.2863       0.000      0.5609      0.4538E-01  0.4054      0.1810      0.3096E-01   0.000      0.3042E-01  0.1750       1.921    
   172   12.61      -6.007       1.385       2.482      0.2893       0.000      0.5225      0.4281E-01  0.4060      0.1958      0.2720E-01   0.000      0.3136E-01  0.1728       1.932    
   173   12.61      -6.125       1.385       2.468      0.2911       0.000      0.5020      0.4134E-01  0.4053      0.2022      0.2616E-01   0.000      0.3177E-01  0.1716       1.943    
   174   12.62      -6.243       1.385       2.453      0.2917       0.000      0.4894      0.4058E-01  0.4034      0.2042      0.2566E-01   0.000      0.3168E-01  0.1715       1.955    
   175   12.62      -6.362       1.385       2.439      0.2911     -0.1066E-12  0.4818      0.4078E-01  0.4019      0.2046      0.2543E-01   0.000      0.3154E-01  0.1715       1.966    
   176   12.63      -6.482       1.385       2.424      0.2894      0.1066E-12  0.4785      0.3953E-01  0.4029      0.2058      0.2549E-01   0.000      0.3183E-01  0.1710       1.978    
   177   12.63      -6.601       1.385       2.410      0.2865       0.000      0.4795      0.4039E-01  0.4059      0.2072      0.2581E-01   0.000      0.3242E-01  0.1701       1.990    
   178   12.63      -6.719       1.385       2.395      0.2825       0.000      0.4856      0.4108E-01  0.4093      0.2069      0.2640E-01   0.000      0.3287E-01  0.1697       2.002    
   179   12.64      -6.837       1.385       2.381      0.2774       0.000      0.4994      0.4250E-01  0.4115      0.2020      0.2751E-01   0.000      0.3278E-01  0.1704       2.015    
   180   12.64      -6.952       1.385       2.366      0.2714       0.000      0.5310      0.4510E-01  0.4124      0.1883      0.3139E-01   0.000      0.3210E-01  0.1722       2.027    
   181   12.64      -7.069       1.385       2.352      0.2792       0.000      0.7231     -0.3759E-01  0.3084       0.000     -0.1090E-01   0.000      0.4822E-02  0.2344       0.000    
   182   12.65      -7.187       1.385       2.338      0.2707       0.000      0.7183     -0.5536E-02  0.3079       0.000     -0.3732E-02   0.000      0.3946E-02  0.2372       0.000    
   183   12.65      -7.301       1.385       2.324      0.2612       0.000      0.7137      0.1269E-02  0.3077       0.000     -0.1791E-02   0.000      0.3343E-02  0.2391       0.000    
   184   12.65      -7.411       1.385       2.310      0.2509       0.000      0.7092      0.4165E-02  0.3075       0.000     -0.8841E-03   0.000      0.2888E-02  0.2406       0.000    
   185   12.66      -7.518       1.385       2.297      0.2397      0.1219E-12  0.7048      0.5703E-02  0.3073       0.000     -0.3659E-03   0.000      0.2534E-02  0.2418       0.000    
   186   12.66      -7.620       1.385       2.284      0.2277     -0.2552E-12  0.7006      0.6611E-02  0.3071       0.000     -0.3642E-04   0.000      0.2256E-02  0.2427       0.000    
   187   12.66      -7.717       1.385       2.272      0.2151      0.1344E-12  0.6966      0.7181E-02  0.3070       0.000      0.1865E-03   0.000      0.2037E-02  0.2434       0.000    
   188   12.67      -7.809       1.385       2.261      0.2017       0.000      0.6928      0.7552E-02  0.3068       0.000      0.3433E-03   0.000      0.1864E-02  0.2439       0.000    
   189   12.67      -7.895       1.385       2.250      0.1878       0.000      0.6893      0.7798E-02  0.3067       0.000      0.4563E-03   0.000      0.1729E-02  0.2444       0.000    
   190   12.67      -7.976       1.385       2.241      0.1733       0.000      0.6860      0.7962E-02  0.3066       0.000      0.5387E-03   0.000      0.1625E-02  0.2447       0.000    
   191   12.67      -8.050       1.385       2.231      0.1583     -0.1794E-12  0.6829      0.8071E-02  0.3064       0.000      0.5991E-03   0.000      0.1546E-02  0.2450       0.000    
   192   12.68      -8.118       1.385       2.223      0.1428      0.1981E-12  0.6802      0.8142E-02  0.3063       0.000      0.6432E-03   0.000      0.1488E-02  0.2451       0.000    
   193   12.68      -8.178       1.385       2.216      0.1269       0.000      0.6777      0.8187E-02  0.3062       0.000      0.6750E-03   0.000      0.1445E-02  0.2453       0.000    
   194   12.68      -8.232       1.385       2.209      0.1107       0.000      0.6755      0.8213E-02  0.3062       0.000      0.6977E-03   0.000      0.1416E-02  0.2454       0.000    
   195   12.68      -8.279       1.385       2.203      0.9417E-01 -0.2977E-12  0.6736      0.8226E-02  0.3061       0.000      0.7133E-03   0.000      0.1397E-02  0.2454       0.000    
   196   12.68      -8.318       1.385       2.199      0.7739E-01  0.3614E-12  0.6720      0.8232E-02  0.3060       0.000      0.7237E-03   0.000      0.1384E-02  0.2455       0.000    
   197   12.68      -8.349       1.385       2.195      0.6041E-01   0.000      0.6707      0.8232E-02  0.3060       0.000      0.7302E-03   0.000      0.1377E-02  0.2455       0.000    
   198   12.68      -8.373       1.385       2.192      0.4326E-01   0.000      0.6697      0.8230E-02  0.3059       0.000      0.7341E-03   0.000      0.1373E-02  0.2455       0.000    
   199   12.68      -8.388       1.385       2.190      0.2600E-01   0.000      0.6691      0.8228E-02  0.3059       0.000      0.7364E-03   0.000      0.1372E-02  0.2455       0.000    
   200   12.68      -8.396       1.385       2.189      0.8675E-02   0.000      0.6687      0.8226E-02  0.3059       0.000      0.7341E-03   0.000      0.1371E-02  0.2455       0.000    

 Surface forces referred to Sref,Cref,Bref about Xmom,Ymom,Zmom
 Standard axis orientation,  X fwd, Z down         

  Surface # 5     main_wing_3                             
     # chordwise = 10   # spanwise = 50     First strip =201
     Surface area =  10.076           ave. chord =  1.8547    
     CLsurf  =   0.046839     Clsurf  =  -0.018045
     CYsurf  =  -0.000148     Cmsurf  =  -0.028374
     CDsurf  =   0.001045     Cnsurf  =  -0.000527
     CDisurf =   0.000396     CDvsurf =   0.000000

  Forces referred to Ssurf, Cave about hinge axis thru LE
     cl_surf =   0.296367     cd_surf =   0.006614

 Strip Forces referred to strip area, chord
    j    xLE         yLE         zLE         Chord       Area        Dihedral   c cl        ai_ff       cl           clj         cd          cdv         cm_c/4     c.p.x/c      Dcj
   201   12.68       8.399       1.385       2.189      0.1157E-01  0.2407E-11  0.6687      0.8228E-02  0.3059       0.000      0.7363E-03   0.000      0.1371E-02  0.2455       0.000    
   202   12.69       8.409       1.385       2.187      0.3463E-01 -0.8035E-12  0.6682      0.8225E-02  0.3059       0.000      0.7400E-03   0.000      0.1370E-02  0.2455       0.000    
   203   12.69       8.430       1.385       2.185      0.5750E-01   0.000      0.6674      0.8219E-02  0.3059       0.000      0.7420E-03   0.000      0.1370E-02  0.2455       0.000    
   204   12.69       8.462       1.385       2.181      0.8004E-01   0.000      0.6661      0.8208E-02  0.3058       0.000      0.7439E-03   0.000      0.1372E-02  0.2455       0.000    
   205   12.69       8.504       1.385       2.176      0.1021       0.000      0.6644      0.8188E-02  0.3057       0.000      0.7438E-03   0.000      0.1378E-02  0.2455       0.000    
   206   12.69       8.556       1.385       2.169      0.1236       0.000      0.6622      0.8154E-02  0.3057       0.000      0.7398E-03   0.000      0.1392E-02  0.2454       0.000    
   207   12.69       8.618       1.385       2.162      0.1444       0.000      0.6597      0.8101E-02  0.3056       0.000      0.7293E-03   0.000      0.1418E-02  0.2454       0.000    
   208   12.69       8.689       1.385       2.153      0.1644       0.000      0.6568      0.8021E-02  0.3055       0.000      0.7088E-03   0.000      0.1461E-02  0.2452       0.000    
   209   12.70       8.770       1.385       2.143      0.1835      0.1486E-12  0.6535      0.7899E-02  0.3054       0.000      0.6734E-03   0.000      0.1528E-02  0.2450       0.000    
   210   12.70       8.860       1.385       2.132      0.2016     -0.1345E-12  0.6499      0.7718E-02  0.3052       0.000      0.6163E-03   0.000      0.1627E-02  0.2447       0.000    
   211   12.70       8.959       1.385       2.120      0.2186       0.000      0.6458      0.7443E-02  0.3051       0.000      0.5266E-03   0.000      0.1769E-02  0.2442       0.000    
   212   12.71       9.067       1.385       2.106      0.2344       0.000      0.6415      0.7017E-02  0.3049       0.000      0.3861E-03   0.000      0.1969E-02  0.2435       0.000    
   213   12.71       9.182       1.385       2.092      0.2489       0.000      0.6368      0.6326E-02  0.3048       0.000      0.1616E-03   0.000      0.2246E-02  0.2426       0.000    
   214   12.71       9.304       1.385       2.077      0.2621       0.000      0.6318      0.5125E-02  0.3046       0.000     -0.2156E-03   0.000      0.2631E-02  0.2414       0.000    
   215   12.72       9.434       1.385       2.061      0.2740       0.000      0.6265      0.2787E-02  0.3044       0.000     -0.9139E-03   0.000      0.3171E-02  0.2396       0.000    
   216   12.72       9.570       1.385       2.044      0.2845       0.000      0.6209     -0.2924E-02  0.3043       0.000     -0.2495E-02   0.000      0.3951E-02  0.2370       0.000    
   217   12.73       9.712       1.385       2.027      0.2935       0.000      0.6151     -0.3112E-01  0.3043       0.000     -0.8686E-02   0.000      0.5178E-02  0.2330       0.000    
   218   12.73       9.863       1.385       2.008      0.3152       0.000      0.4216      0.4423E-01  0.4268      0.2172      0.3062E-01   0.000      0.3799E-01  0.1610       2.388    
   219   12.73       10.02       1.385       1.989      0.3215       0.000      0.3858      0.4154E-01  0.4259      0.2322      0.2795E-01   0.000      0.3949E-01  0.1573       2.411    
   220   12.74       10.19       1.385       1.969      0.3263       0.000      0.3666      0.4038E-01  0.4218      0.2359      0.2706E-01   0.000      0.3977E-01  0.1557       2.436    
   221   12.74       10.35       1.385       1.948      0.3295       0.000      0.3552      0.4104E-01  0.4181      0.2360      0.2666E-01   0.000      0.3978E-01  0.1549       2.462    
   222   12.75       10.52       1.385       1.927      0.3313       0.000      0.3504      0.4031E-01  0.4201      0.2385      0.2683E-01   0.000      0.4075E-01  0.1530       2.488    
   223   12.76       10.70       1.385       1.906      0.3316       0.000      0.3533      0.4137E-01  0.4241      0.2390      0.2749E-01   0.000      0.4167E-01  0.1517       2.516    
   224   12.76       10.87       1.385       1.884      0.3305       0.000      0.3718      0.4401E-01  0.4246      0.2276      0.2955E-01   0.000      0.4110E-01  0.1532       2.545    
   225   12.77       11.04       1.385       1.863      0.3159       0.000      0.5390     -0.2359E-01  0.2900       0.000     -0.6517E-02   0.000      0.5994E-02  0.2293       0.000    
   226   12.77       11.21       1.385       1.842      0.3124     -0.7503E-13  0.5266      0.2420E-02  0.2863       0.000     -0.1236E-02   0.000      0.4688E-02  0.2336       0.000    
   227   12.78       11.38       1.385       1.822      0.3077      0.7532E-13  0.5138      0.8194E-02  0.2824       0.000      0.1789E-03   0.000      0.3908E-02  0.2362       0.000    
   228   12.78       11.55       1.385       1.801      0.3018       0.000      0.5004      0.1095E-01  0.2782       0.000      0.8521E-03   0.000      0.3426E-02  0.2377       0.000    
   229   12.79       11.72       1.385       1.780      0.2948       0.000      0.4866      0.1273E-01  0.2736       0.000      0.1254E-02   0.000      0.3152E-02  0.2385       0.000    
   230   12.79       11.88       1.385       1.760      0.2868       0.000      0.4723      0.1410E-01  0.2686       0.000      0.1528E-02   0.000      0.3031E-02  0.2387       0.000    
   231   12.80       12.04       1.385       1.740      0.2778       0.000      0.4574      0.1530E-01  0.2631       0.000      0.1732E-02   0.000      0.3029E-02  0.2385       0.000    
   232   12.80       12.20       1.385       1.721      0.2679       0.000      0.4419      0.1644E-01  0.2570       0.000      0.1893E-02   0.000      0.3121E-02  0.2379       0.000    
   233   12.81       12.36       1.385       1.702      0.2573       0.000      0.4258      0.1757E-01  0.2504       0.000      0.2025E-02   0.000      0.3291E-02  0.2369       0.000    
   234   12.81       12.50       1.385       1.684      0.2459       0.000      0.4089      0.1871E-01  0.2431       0.000      0.2137E-02   0.000      0.3523E-02  0.2355       0.000    
   235   12.82       12.65       1.385       1.666      0.2338       0.000      0.3913      0.1989E-01  0.2351       0.000      0.2231E-02   0.000      0.3807E-02  0.2338       0.000    
   236   12.82       12.78       1.385       1.649      0.2211       0.000      0.3729      0.2110E-01  0.2263       0.000      0.2308E-02   0.000      0.4129E-02  0.2318       0.000    
   237   12.82       12.92       1.385       1.633      0.2078       0.000      0.3535      0.2233E-01  0.2166       0.000      0.2369E-02   0.000      0.4478E-02  0.2293       0.000    
   238   12.83       13.04       1.385       1.618      0.1941       0.000      0.3332      0.2358E-01  0.2061       0.000      0.2411E-02   0.000      0.4836E-02  0.2265       0.000    
   239   12.83       13.16       1.385       1.604      0.1799       0.000      0.3119      0.2484E-01  0.1946       0.000      0.2433E-02   0.000      0.5184E-02  0.2234       0.000    
   240   12.83       13.26       1.385       1.590      0.1654       0.000      0.2895      0.2608E-01  0.1821       0.000      0.2432E-02   0.000      0.5498E-02  0.2198       0.000    
   241   12.84       13.36       1.385       1.578      0.1505       0.000      0.2661      0.2730E-01  0.1687       0.000      0.2405E-02   0.000      0.5749E-02  0.2159       0.000    
   242   12.84       13.45       1.385       1.567      0.1353       0.000      0.2416      0.2847E-01  0.1543       0.000      0.2350E-02   0.000      0.5905E-02  0.2117       0.000    
   243   12.84       13.54       1.385       1.557      0.1199       0.000      0.2161      0.2958E-01  0.1388       0.000      0.2261E-02   0.000      0.5932E-02  0.2073       0.000    
   244   12.84       13.61       1.385       1.548      0.1043       0.000      0.1896      0.3062E-01  0.1225       0.000      0.2137E-02   0.000      0.5795E-02  0.2027       0.000    
   245   12.85       13.67       1.385       1.540      0.8852E-01 -0.2214E-12  0.1621      0.3156E-01  0.1053       0.000      0.1973E-02   0.000      0.5466E-02  0.1981       0.000    
   246   12.85       13.72       1.385       1.534      0.7261E-01  0.2688E-12  0.1339      0.3241E-01  0.8732E-01   0.000      0.1766E-02   0.000      0.4922E-02  0.1936       0.000    
   247   12.85       13.77       1.385       1.529      0.5658E-01   0.000      0.1049      0.3315E-01  0.6866E-01   0.000      0.1512E-02   0.000      0.4154E-02  0.1895       0.000    
   248   12.85       13.80       1.385       1.525      0.4047E-01   0.000      0.7541E-01  0.3376E-01  0.4946E-01   0.000      0.1194E-02   0.000      0.3166E-02  0.1860       0.000    
   249   12.85       13.82       1.385       1.522      0.2430E-01   0.000      0.4543E-01  0.3421E-01  0.2984E-01   0.000      0.7706E-03   0.000      0.1988E-02  0.1834       0.000    
   250   12.85       13.83       1.385       1.521      0.8105E-02   0.000      0.1517E-01  0.3443E-01  0.9976E-02   0.000      0.2491E-03   0.000      0.6781E-03  0.1820       0.000    

 Surface forces referred to Sref,Cref,Bref about Xmom,Ymom,Zmom
 Standard axis orientation,  X fwd, Z down         

  Surface # 6     main_wing_3 (YDUP)                      
     # chordwise = 10   # spanwise = 50     First strip =251
     Surface area =  10.076           ave. chord =  1.8547    
     CLsurf  =   0.046840     Clsurf  =   0.018046
     CYsurf  =   0.000148     Cmsurf  =  -0.028375
     CDsurf  =   0.001045     Cnsurf  =   0.000527
     CDisurf =   0.000396     CDvsurf =   0.000000

  Forces referred to Ssurf, Cave about hinge axis thru LE
     cl_surf =   0.296375     cd_surf =   0.006614

 Strip Forces referred to strip area, chord
    j    xLE         yLE         zLE         Chord       Area        Dihedral   c cl        ai_ff       cl           clj         cd          cdv         cm_c/4     c.p.x/c      Dcj
   251   12.68      -8.399       1.385       2.189      0.1157E-01 -0.2407E-11  0.6687      0.8226E-02  0.3059       0.000      0.7355E-03   0.000      0.1371E-02  0.2455       0.000    
   252   12.69      -8.409       1.385       2.187      0.3463E-01  0.8035E-12  0.6683      0.8224E-02  0.3059       0.000      0.7393E-03   0.000      0.1371E-02  0.2455       0.000    
   253   12.69      -8.430       1.385       2.185      0.5750E-01   0.000      0.6674      0.8218E-02  0.3059       0.000      0.7413E-03   0.000      0.1370E-02  0.2455       0.000    
   254   12.69      -8.462       1.385       2.181      0.8004E-01   0.000      0.6661      0.8207E-02  0.3058       0.000      0.7432E-03   0.000      0.1372E-02  0.2455       0.000    
   255   12.69      -8.504       1.385       2.176      0.1021       0.000      0.6644      0.8186E-02  0.3058       0.000      0.7431E-03   0.000      0.1378E-02  0.2455       0.000    
   256   12.69      -8.556       1.385       2.169      0.1236       0.000      0.6623      0.8153E-02  0.3057       0.000      0.7392E-03   0.000      0.1392E-02  0.2454       0.000    
   257   12.69      -8.618       1.385       2.162      0.1444       0.000      0.6598      0.8100E-02  0.3056       0.000      0.7287E-03   0.000      0.1418E-02  0.2454       0.000    
   258   12.69      -8.689       1.385       2.153      0.1644       0.000      0.6568      0.8019E-02  0.3055       0.000      0.7081E-03   0.000      0.1461E-02  0.2452       0.000    
   259   12.70      -8.770       1.385       2.143      0.1835     -0.1486E-12  0.6535      0.7898E-02  0.3054       0.000      0.6728E-03   0.000      0.1528E-02  0.2450       0.000    
   260   12.70      -8.860       1.385       2.132      0.2016      0.1345E-12  0.6499      0.7716E-02  0.3052       0.000      0.6157E-03   0.000      0.1627E-02  0.2447       0.000    
   261   12.70      -8.959       1.385       2.120      0.2186       0.000      0.6459      0.7442E-02  0.3051       0.000      0.5260E-03   0.000      0.1769E-02  0.2442       0.000    
   262   12.71      -9.067       1.385       2.106      0.2344       0.000      0.6415      0.7015E-02  0.3050       0.000      0.3855E-03   0.000      0.1969E-02  0.2435       0.000    
   263   12.71      -9.182       1.385       2.092      0.2489       0.000      0.6368      0.6324E-02  0.3048       0.000      0.1610E-03   0.000      0.2246E-02  0.2426       0.000    
   264   12.71      -9.304       1.385       2.077      0.2621       0.000      0.6318      0.5123E-02  0.3046       0.000     -0.2162E-03   0.000      0.2631E-02  0.2414       0.000    
   265   12.72      -9.434       1.385       2.061      0.2740       0.000      0.6265      0.2785E-02  0.3044       0.000     -0.9145E-03   0.000      0.3171E-02  0.2396       0.000    
   266   12.72      -9.570       1.385       2.044      0.2845       0.000      0.6209     -0.2925E-02  0.3043       0.000     -0.2496E-02   0.000      0.3951E-02  0.2370       0.000    
   267   12.73      -9.712       1.385       2.027      0.2935       0.000      0.6151     -0.3112E-01  0.3043       0.000     -0.8687E-02   0.000      0.5178E-02  0.2330       0.000    
   268   12.73      -9.863       1.385       2.008      0.3152       0.000      0.4216      0.4423E-01  0.4269      0.2172      0.3062E-01   0.000      0.3799E-01  0.1610       2.388    
   269   12.73      -10.02       1.385       1.989      0.3215       0.000      0.3858      0.4154E-01  0.4260      0.2322      0.2795E-01   0.000      0.3949E-01  0.1573       2.411    
   270   12.74      -10.19       1.385       1.969      0.3263       0.000      0.3666      0.4038E-01  0.4218      0.2359      0.2706E-01   0.000      0.3977E-01  0.1557       2.436    
   271   12.74      -10.35       1.385       1.948      0.3295       0.000      0.3552      0.4104E-01  0.4181      0.2360      0.2666E-01   0.000      0.3978E-01  0.1549       2.462    
   272   12.75      -10.52       1.385       1.927      0.3313       0.000      0.3504      0.4031E-01  0.4201      0.2385      0.2683E-01   0.000      0.4075E-01  0.1530       2.488    
   273   12.76      -10.70       1.385       1.906      0.3316       0.000      0.3533      0.4137E-01  0.4241      0.2390      0.2749E-01   0.000      0.4167E-01  0.1517       2.516    
   274   12.76      -10.87       1.385       1.884      0.3305       0.000      0.3718      0.4401E-01  0.4246      0.2276      0.2955E-01   0.000      0.4110E-01  0.1532       2.545    
   275   12.77      -11.04       1.385       1.863      0.3159       0.000      0.5391     -0.2359E-01  0.2901       0.000     -0.6517E-02   0.000      0.5994E-02  0.2293       0.000    
   276   12.77      -11.21       1.385       1.842      0.3124      0.7503E-13  0.5266      0.2418E-02  0.2863       0.000     -0.1236E-02   0.000      0.4688E-02  0.2336       0.000    
   277   12.78      -11.38       1.385       1.822      0.3077     -0.7532E-13  0.5138      0.8192E-02  0.2824       0.000      0.1786E-03   0.000      0.3908E-02  0.2362       0.000    
   278   12.78      -11.55       1.385       1.801      0.3018       0.000      0.5004      0.1095E-01  0.2782       0.000      0.8518E-03   0.000      0.3426E-02  0.2377       0.000    
   279   12.79      -11.72       1.385       1.780      0.2948       0.000      0.4866      0.1272E-01  0.2736       0.000      0.1254E-02   0.000      0.3152E-02  0.2385       0.000    
   280   12.79      -11.88       1.385       1.760      0.2868       0.000      0.4723      0.1410E-01  0.2686       0.000      0.1528E-02   0.000      0.3031E-02  0.2387       0.000    
   281   12.80      -12.04       1.385       1.740      0.2778       0.000      0.4574      0.1530E-01  0.2631       0.000      0.1732E-02   0.000      0.3029E-02  0.2385       0.000    
   282   12.80      -12.20       1.385       1.721      0.2679       0.000      0.4419      0.1644E-01  0.2570       0.000      0.1893E-02   0.000      0.3121E-02  0.2379       0.000    
   283   12.81      -12.36       1.385       1.702      0.2573       0.000      0.4258      0.1757E-01  0.2504       0.000      0.2025E-02   0.000      0.3291E-02  0.2369       0.000    
   284   12.81      -12.50       1.385       1.684      0.2459       0.000      0.4089      0.1871E-01  0.2431       0.000      0.2137E-02   0.000      0.3523E-02  0.2355       0.000    
   285   12.82      -12.65       1.385       1.666      0.2338       0.000      0.3913      0.1989E-01  0.2351       0.000      0.2230E-02   0.000      0.3807E-02  0.2338       0.000    
   286   12.82      -12.78       1.385       1.649      0.2211       0.000      0.3729      0.2110E-01  0.2263       0.000      0.2308E-02   0.000      0.4129E-02  0.2318       0.000    
   287   12.82      -12.92       1.385       1.633      0.2078       0.000      0.3535      0.2233E-01  0.2166       0.000      0.2368E-02   0.000      0.4478E-02  0.2293       0.000    
   288   12.83      -13.04       1.385       1.618      0.1941       0.000      0.3332      0.2358E-01  0.2061       0.000      0.2411E-02   0.000      0.4836E-02  0.2265       0.000    
   289   12.83      -13.16       1.385       1.604      0.1799       0.000      0.3119      0.2484E-01  0.1946       0.000      0.2433E-02   0.000      0.5184E-02  0.2234       0.000    
   290   12.83      -13.26       1.385       1.590      0.1654       0.000      0.2895      0.2608E-01  0.1821       0.000      0.2432E-02   0.000      0.5498E-02  0.2198       0.000    
   291   12.84      -13.36       1.385       1.578      0.1505       0.000      0.2661      0.2730E-01  0.1687       0.000      0.2405E-02   0.000      0.5749E-02  0.2159       0.000    
   292   12.84      -13.45       1.385       1.567      0.1353       0.000      0.2416      0.2847E-01  0.1543       0.000      0.2350E-02   0.000      0.5905E-02  0.2117       0.000    
   293   12.84      -13.54       1.385       1.557      0.1199       0.000      0.2161      0.2958E-01  0.1388       0.000      0.2261E-02   0.000      0.5932E-02  0.2073       0.000    
   294   12.84      -13.61       1.385       1.548      0.1043       0.000      0.1896      0.3061E-01  0.1225       0.000      0.2137E-02   0.000      0.5795E-02  0.2027       0.000    
   295   12.85      -13.67       1.385       1.540      0.8852E-01  0.2214E-12  0.1622      0.3156E-01  0.1053       0.000      0.1973E-02   0.000      0.5466E-02  0.1981       0.000    
   296   12.85      -13.72       1.385       1.534      0.7261E-01 -0.2688E-12  0.1339      0.3241E-01  0.8732E-01   0.000      0.1766E-02   0.000      0.4922E-02  0.1936       0.000    
   297   12.85      -13.77       1.385       1.529      0.5658E-01   0.000      0.1049      0.3315E-01  0.6866E-01   0.000      0.1512E-02   0.000      0.4154E-02  0.1895       0.000    
   298   12.85      -13.80       1.385       1.525      0.4047E-01   0.000      0.7541E-01  0.3376E-01  0.4946E-01   0.000      0.1194E-02   0.000      0.3166E-02  0.1860       0.000    
   299   12.85      -13.82       1.385       1.522      0.2430E-01   0.000      0.4543E-01  0.3421E-01  0.2984E-01   0.000      0.7706E-03   0.000      0.1988E-02  0.1834       0.000    
   300   12.85      -13.83       1.385       1.521      0.8105E-02   0.000      0.1517E-01  0.3443E-01  0.9977E-02   0.000      0.2491E-03   0.000      0.6781E-03  0.1820       0.000    

 Surface forces referred to Sref,Cref,Bref about Xmom,Ymom,Zmom
 Standard axis orientation,  X fwd, Z down         

  Surface # 7     horizontal_stabilizer                   
     # chordwise = 10   # spanwise = 30     First strip =301
     Surface area =  10.901           ave. chord =  1.9062    
     CLsurf  =   0.030101     Clsurf  =  -0.002712
     CYsurf  =  -0.000069     Cmsurf  =  -0.165837
     CDsurf  =   0.000654     Cnsurf  =  -0.000050
     CDisurf =   0.000654     CDvsurf =   0.000000

  Forces referred to Ssurf, Cave about hinge axis thru LE
     cl_surf =   0.176051     cd_surf =   0.003828

 Strip Forces referred to strip area, chord
    j    xLE         yLE         zLE         Chord       Area        Dihedral   c cl        ai_ff       cl           clj         cd          cdv         cm_c/4     c.p.x/c      Dcj
   301   23.83      0.3919E-02   5.972       2.382      0.3731E-01   0.000      0.4157      0.2857E-01  0.1739       0.000      0.1584E-01   0.000     -0.1244E-02  0.2572       0.000    
   302   23.84      0.3520E-01   5.972       2.377      0.1113       0.000      0.4157      0.2852E-01  0.1748       0.000      0.5493E-02   0.000     -0.1176E-02  0.2567       0.000    
   303   23.85      0.9743E-01   5.972       2.367      0.1833       0.000      0.4156      0.2846E-01  0.1756       0.000      0.4813E-02   0.000     -0.9711E-03  0.2555       0.000    
   304   23.86      0.1899       5.972       2.351      0.2522     -0.4745E-12  0.4154      0.2839E-01  0.1767       0.000      0.4564E-02   0.000     -0.6762E-03  0.2538       0.000    
   305   23.88      0.3116       5.972       2.331      0.3167      0.3745E-12  0.4150      0.2831E-01  0.1780       0.000      0.4400E-02   0.000     -0.3540E-03  0.2520       0.000    
   306   23.90      0.4613       5.972       2.306      0.3759       0.000      0.4141      0.2823E-01  0.1796       0.000      0.4280E-02   0.000     -0.4630E-04  0.2503       0.000    
   307   23.93      0.6372       5.972       2.277      0.4288       0.000      0.4128      0.2814E-01  0.1814       0.000      0.4190E-02   0.000      0.2237E-03  0.2488       0.000    
   308   23.96      0.8375       5.972       2.243      0.4747       0.000      0.4108      0.2803E-01  0.1832       0.000      0.4121E-02   0.000      0.4465E-03  0.2476       0.000    
   309   23.99       1.060       5.972       2.206      0.5131       0.000      0.4081      0.2792E-01  0.1850       0.000      0.4068E-02   0.000      0.6227E-03  0.2466       0.000    
   310   24.02       1.302       5.972       2.166      0.5436     -0.2027E-12  0.4044      0.2781E-01  0.1868       0.000      0.4025E-02   0.000      0.7593E-03  0.2459       0.000    
   311   24.06       1.561       5.972       2.123      0.5660      0.1908E-12  0.3998      0.2771E-01  0.1884       0.000      0.3990E-02   0.000      0.8673E-03  0.2454       0.000    
   312   24.10       1.835       5.972       2.077      0.5803       0.000      0.3941      0.2763E-01  0.1898       0.000      0.3959E-02   0.000      0.9589E-03  0.2449       0.000    
   313   24.14       2.119       5.972       2.030      0.5867      0.1760E-12  0.3872      0.2759E-01  0.1909       0.000      0.3931E-02   0.000      0.1046E-02  0.2445       0.000    
   314   24.19       2.412       5.972       1.981      0.5855     -0.3443E-12  0.3793      0.2762E-01  0.1915       0.000      0.3903E-02   0.000      0.1142E-02  0.2440       0.000    
   315   24.23       2.710       5.972       1.931      0.5772       0.000      0.3701      0.2773E-01  0.1917       0.000      0.3873E-02   0.000      0.1256E-02  0.2434       0.000    
   316   24.27       3.009       5.972       1.881      0.5623      0.1703E-12  0.3596      0.2794E-01  0.1912       0.000      0.3841E-02   0.000      0.1401E-02  0.2427       0.000    
   317   24.32       3.307       5.972       1.832      0.5415       0.000      0.3479      0.2829E-01  0.1900       0.000      0.3804E-02   0.000      0.1588E-02  0.2416       0.000    
   318   24.36       3.599       5.972       1.783      0.5154       0.000      0.3347      0.2879E-01  0.1878       0.000      0.3760E-02   0.000      0.1829E-02  0.2403       0.000    
   319   24.40       3.884       5.972       1.735      0.4849       0.000      0.3200      0.2946E-01  0.1845       0.000      0.3707E-02   0.000      0.2139E-02  0.2384       0.000    
   320   24.44       4.157       5.972       1.690      0.4506      0.1908E-12  0.3037      0.3032E-01  0.1798       0.000      0.3638E-02   0.000      0.2527E-02  0.2359       0.000    
   321   24.48       4.417       5.972       1.647      0.4133     -0.2027E-12  0.2855      0.3136E-01  0.1734       0.000      0.3548E-02   0.000      0.3003E-02  0.2327       0.000    
   322   24.52       4.659       5.972       1.606      0.3736       0.000      0.2652      0.3257E-01  0.1652       0.000      0.3429E-02   0.000      0.3562E-02  0.2284       0.000    
   323   24.55       4.881       5.972       1.569      0.3321     -0.2405E-12  0.2427      0.3392E-01  0.1547       0.000      0.3271E-02   0.000      0.4176E-02  0.2230       0.000    
   324   24.58       5.081       5.972       1.536      0.2893      0.2702E-12  0.2176      0.3534E-01  0.1417       0.000      0.3064E-02   0.000      0.4785E-02  0.2162       0.000    
   325   24.60       5.257       5.972       1.507      0.2456       0.000      0.1900      0.3675E-01  0.1261       0.000      0.2799E-02   0.000      0.5279E-02  0.2081       0.000    
   326   24.63       5.407       5.972       1.482      0.2013       0.000      0.1598      0.3809E-01  0.1079       0.000      0.2469E-02   0.000      0.5508E-02  0.1989       0.000    
   327   24.64       5.529       5.972       1.461      0.1567       0.000      0.1272      0.3929E-01  0.8703E-01   0.000      0.2066E-02   0.000      0.5299E-02  0.1891       0.000    
   328   24.66       5.621       5.972       1.446      0.1120       0.000      0.9249E-01  0.4029E-01  0.6397E-01   0.000      0.1588E-02   0.000      0.4507E-02  0.1795       0.000    
   329   24.67       5.683       5.972       1.436      0.6721E-01   0.000      0.5619E-01  0.4105E-01  0.3914E-01   0.000      0.1026E-02   0.000      0.3073E-02  0.1715       0.000    
   330   24.67       5.715       5.972       1.430      0.2240E-01   0.000      0.1885E-01  0.4149E-01  0.1318E-01   0.000      0.3075E-03   0.000      0.1096E-02  0.1669       0.000    

 Surface forces referred to Sref,Cref,Bref about Xmom,Ymom,Zmom
 Standard axis orientation,  X fwd, Z down         

  Surface # 8     horizontal_stabilizer (YDUP)            
     # chordwise = 10   # spanwise = 30     First strip =331
     Surface area =  10.901           ave. chord =  1.9062    
     CLsurf  =   0.030099     Clsurf  =   0.002712
     CYsurf  =   0.000069     Cmsurf  =  -0.165827
     CDsurf  =   0.000654     Cnsurf  =   0.000050
     CDisurf =   0.000654     CDvsurf =   0.000000

  Forces referred to Ssurf, Cave about hinge axis thru LE
     cl_surf =   0.176041     cd_surf =   0.003828

 Strip Forces referred to strip area, chord
    j    xLE         yLE         zLE         Chord       Area        Dihedral   c cl        ai_ff       cl           clj         cd          cdv         cm_c/4     c.p.x/c      Dcj
   331   23.83     -0.3919E-02   5.972       2.382      0.3731E-01   0.000      0.4157      0.2857E-01  0.1739       0.000      0.1585E-01   0.000     -0.1243E-02  0.2571       0.000    
   332   23.84     -0.3520E-01   5.972       2.377      0.1113       0.000      0.4157      0.2852E-01  0.1748       0.000      0.5494E-02   0.000     -0.1176E-02  0.2567       0.000    
   333   23.85     -0.9743E-01   5.972       2.367      0.1833       0.000      0.4156      0.2846E-01  0.1756       0.000      0.4813E-02   0.000     -0.9713E-03  0.2555       0.000    
   334   23.86     -0.1899       5.972       2.351      0.2522      0.4745E-12  0.4154      0.2839E-01  0.1767       0.000      0.4564E-02   0.000     -0.6764E-03  0.2538       0.000    
   335   23.88     -0.3116       5.972       2.331      0.3167     -0.3745E-12  0.4149      0.2831E-01  0.1780       0.000      0.4400E-02   0.000     -0.3541E-03  0.2520       0.000    
   336   23.90     -0.4613       5.972       2.306      0.3759       0.000      0.4141      0.2823E-01  0.1796       0.000      0.4280E-02   0.000     -0.4639E-04  0.2503       0.000    
   337   23.93     -0.6372       5.972       2.277      0.4288       0.000      0.4128      0.2814E-01  0.1813       0.000      0.4190E-02   0.000      0.2236E-03  0.2488       0.000    
   338   23.96     -0.8375       5.972       2.243      0.4747       0.000      0.4108      0.2803E-01  0.1832       0.000      0.4121E-02   0.000      0.4464E-03  0.2476       0.000    
   339   23.99      -1.060       5.972       2.206      0.5131       0.000      0.4080      0.2792E-01  0.1850       0.000      0.4068E-02   0.000      0.6226E-03  0.2466       0.000    
   340   24.02      -1.302       5.972       2.166      0.5436      0.2027E-12  0.4044      0.2781E-01  0.1868       0.000      0.4025E-02   0.000      0.7593E-03  0.2459       0.000    
   341   24.06      -1.561       5.972       2.123      0.5660     -0.1908E-12  0.3998      0.2771E-01  0.1884       0.000      0.3990E-02   0.000      0.8673E-03  0.2454       0.000    
   342   24.10      -1.835       5.972       2.077      0.5803       0.000      0.3941      0.2763E-01  0.1898       0.000      0.3960E-02   0.000      0.9589E-03  0.2449       0.000    
   343   24.14      -2.119       5.972       2.030      0.5867     -0.1760E-12  0.3872      0.2759E-01  0.1908       0.000      0.3931E-02   0.000      0.1046E-02  0.2445       0.000    
   344   24.19      -2.412       5.972       1.981      0.5855      0.3443E-12  0.3792      0.2762E-01  0.1915       0.000      0.3903E-02   0.000      0.1142E-02  0.2440       0.000    
   345   24.23      -2.710       5.972       1.931      0.5772       0.000      0.3700      0.2773E-01  0.1917       0.000      0.3873E-02   0.000      0.1256E-02  0.2434       0.000    
   346   24.27      -3.009       5.972       1.881      0.5623     -0.1703E-12  0.3596      0.2794E-01  0.1912       0.000      0.3841E-02   0.000      0.1401E-02  0.2427       0.000    
   347   24.32      -3.307       5.972       1.832      0.5415       0.000      0.3478      0.2829E-01  0.1900       0.000      0.3804E-02   0.000      0.1588E-02  0.2416       0.000    
   348   24.36      -3.599       5.972       1.783      0.5154       0.000      0.3347      0.2879E-01  0.1878       0.000      0.3761E-02   0.000      0.1829E-02  0.2403       0.000    
   349   24.40      -3.884       5.972       1.735      0.4849       0.000      0.3200      0.2946E-01  0.1845       0.000      0.3707E-02   0.000      0.2139E-02  0.2384       0.000    
   350   24.44      -4.157       5.972       1.690      0.4506     -0.1908E-12  0.3037      0.3032E-01  0.1798       0.000      0.3638E-02   0.000      0.2527E-02  0.2359       0.000    
   351   24.48      -4.417       5.972       1.647      0.4133      0.2027E-12  0.2855      0.3136E-01  0.1734       0.000      0.3548E-02   0.000      0.3003E-02  0.2327       0.000    
   352   24.52      -4.659       5.972       1.606      0.3736       0.000      0.2652      0.3258E-01  0.1652       0.000      0.3429E-02   0.000      0.3562E-02  0.2284       0.000    
   353   24.55      -4.881       5.972       1.569      0.3321      0.2405E-12  0.2427      0.3392E-01  0.1547       0.000      0.3271E-02   0.000      0.4176E-02  0.2230       0.000    
   354   24.58      -5.081       5.972       1.536      0.2893     -0.2702E-12  0.2176      0.3534E-01  0.1417       0.000      0.3064E-02   0.000      0.4785E-02  0.2162       0.000    
   355   24.60      -5.257       5.972       1.507      0.2456       0.000      0.1900      0.3676E-01  0.1261       0.000      0.2799E-02   0.000      0.5279E-02  0.2081       0.000    
   356   24.63      -5.407       5.972       1.482      0.2013       0.000      0.1598      0.3809E-01  0.1078       0.000      0.2469E-02   0.000      0.5507E-02  0.1989       0.000    
   357   24.64      -5.529       5.972       1.461      0.1567       0.000      0.1272      0.3929E-01  0.8703E-01   0.000      0.2066E-02   0.000      0.5299E-02  0.1891       0.000    
   358   24.66      -5.621       5.972       1.446      0.1120       0.000      0.9249E-01  0.4029E-01  0.6397E-01   0.000      0.1588E-02   0.000      0.4507E-02  0.1795       0.000    
   359   24.67      -5.683       5.972       1.436      0.6721E-01   0.000      0.5619E-01  0.4105E-01  0.3914E-01   0.000      0.1026E-02   0.000      0.3073E-02  0.1715       0.000    
   360   24.67      -5.715       5.972       1.430      0.2240E-01   0.000      0.1885E-01  0.4149E-01  0.1318E-01   0.000      0.3075E-03   0.000      0.1096E-02  0.1669       0.000    

 Surface forces referred to Sref,Cref,Bref about Xmom,Ymom,Zmom
 Standard axis orientation,  X fwd, Z down         

  Surface # 9     vertical_stabilizer                     
     # chordwise = 10   # spanwise = 30     First strip =361
     Surface area =  15.212           ave. chord =  3.0834    
     CLsurf  =   0.000000     Clsurf  =  -0.000000
     CYsurf  =  -0.000004     Cmsurf  =  -0.000000
     CDsurf  =  -0.000000     Cnsurf  =   0.000002
     CDisurf =  -0.000000     CDvsurf =   0.000000

  Forces referred to Ssurf, Cave about hinge axis thru LE
     cl_surf =   0.000000     cd_surf =  -0.000000

 Strip Forces referred to strip area, chord
    j    xLE         yLE         zLE         Chord       Area        Dihedral   c cl        ai_ff       cl           clj         cd          cdv         cm_c/4     c.p.x/c      Dcj
   361   20.77       0.000       1.055       3.849      0.1462       90.00      0.2115E-04 -0.1516E-04  0.5496E-05   0.000      0.1720E-10   0.000      0.5405E-06  0.1517       0.000    
   362   20.80       0.000       1.105       3.834      0.2381       90.00      0.3921E-04  0.5134E-03  0.1023E-04   0.000     -0.1635E-10   0.000      0.1049E-05  0.1475       0.000    
   363   20.85       0.000       1.179       3.811      0.3268       90.00      0.5829E-04  0.6700E-04  0.1530E-04   0.000     -0.1008E-09   0.000      0.1695E-05  0.1392       0.000    
   364   20.91       0.000       1.276       3.780      0.4108       90.00      0.7959E-04  0.1429E-03  0.2105E-04   0.000     -0.3131E-09   0.000      0.2576E-05  0.1277       0.000    
   365   20.98       0.000       1.396       3.743      0.4888       90.00      0.3145E-03 -0.5151E-03  0.8403E-04   0.000     -0.2399E-09   0.000      0.9652E-05  0.1351       0.000    
   366   21.07       0.000       1.537       3.699      0.5597       90.00      0.7718E-04 -0.1871E-04  0.2087E-04   0.000     -0.1867E-09   0.000      0.1992E-05  0.1546       0.000    
   367   21.17       0.000       1.698       3.648      0.6223       90.00      0.7484E-04 -0.2512E-05  0.2051E-04   0.000     -0.1696E-09   0.000      0.1778E-05  0.1633       0.000    
   368   21.28       0.000       1.878       3.592      0.6759       90.00      0.7070E-04 -0.1617E-05  0.1968E-04   0.000     -0.1333E-09   0.000      0.1476E-05  0.1750       0.000    
   369   21.41       0.000       2.074       3.531      0.7199       90.00      0.6626E-04 -0.1555E-05  0.1877E-04   0.000     -0.1065E-09   0.000      0.1206E-05  0.1857       0.000    
   370   21.54       0.000       2.285       3.465      0.7539       90.00      0.6186E-04 -0.1566E-05  0.1785E-04   0.000     -0.8705E-10   0.000      0.9768E-06  0.1953       0.000    
   371   21.68       0.000       2.509       3.395      0.7777       90.00      0.5762E-04 -0.1585E-05  0.1697E-04   0.000     -0.7233E-10   0.000      0.7845E-06  0.2038       0.000    
   372   21.82       0.000       2.743       3.322      0.7913       90.00      0.5358E-04 -0.1605E-05  0.1613E-04   0.000     -0.6089E-10   0.000      0.6228E-06  0.2114       0.000    
   373   21.97       0.000       2.985       3.246      0.7952       90.00      0.4981E-04 -0.1622E-05  0.1534E-04   0.000     -0.5182E-10   0.000      0.4862E-06  0.2183       0.000    
   374   22.13       0.000       3.232       3.169      0.7896       90.00      0.4634E-04 -0.1635E-05  0.1462E-04   0.000     -0.4458E-10   0.000      0.3697E-06  0.2247       0.000    
   375   22.28       0.000       3.482       3.091      0.7751       90.00      0.4320E-04 -0.1645E-05  0.1398E-04   0.000     -0.3878E-10   0.000      0.2691E-06  0.2307       0.000    
   376   22.44       0.000       3.733       3.012      0.7526       90.00      0.4041E-04 -0.1649E-05  0.1342E-04   0.000     -0.3411E-10   0.000      0.1809E-06  0.2365       0.000    
   377   22.59       0.000       3.981       2.935      0.7228       90.00      0.3798E-04 -0.1647E-05  0.1294E-04   0.000     -0.3037E-10   0.000      0.1022E-06  0.2421       0.000    
   378   22.75       0.000       4.225       2.859      0.6866       90.00      0.3591E-04 -0.1636E-05  0.1256E-04   0.000     -0.2738E-10   0.000      0.3147E-07  0.2475       0.000    
   379   22.89       0.000       4.461       2.785      0.6449       90.00      0.3418E-04 -0.1614E-05  0.1227E-04   0.000     -0.2501E-10   0.000     -0.3143E-07  0.2526       0.000    
   380   23.03       0.000       4.687       2.714      0.5986       90.00      0.3277E-04 -0.1577E-05  0.1207E-04   0.000     -0.2316E-10   0.000     -0.8506E-07  0.2570       0.000    
   381   23.17       0.000       4.902       2.647      0.5485       90.00      0.3166E-04 -0.1524E-05  0.1196E-04   0.000     -0.2176E-10   0.000     -0.1263E-06  0.2606       0.000    
   382   23.29       0.000       5.101       2.585      0.4955       90.00      0.3080E-04 -0.1454E-05  0.1192E-04   0.000     -0.2074E-10   0.000     -0.1508E-06  0.2627       0.000    
   383   23.40       0.000       5.284       2.528      0.4403       90.00      0.3016E-04 -0.1369E-05  0.1193E-04   0.000     -0.2008E-10   0.000     -0.1541E-06  0.2629       0.000    
   384   23.51       0.000       5.449       2.476      0.3834       90.00      0.2968E-04 -0.1271E-05  0.1199E-04   0.000     -0.1973E-10   0.000     -0.1331E-06  0.2611       0.000    
   385   23.60       0.000       5.594       2.431      0.3255       90.00      0.2931E-04 -0.1165E-05  0.1206E-04   0.000     -0.1970E-10   0.000     -0.8798E-07  0.2573       0.000    
   386   23.67       0.000       5.717       2.392      0.2668       90.00      0.2901E-04 -0.1055E-05  0.1213E-04   0.000     -0.2001E-10   0.000     -0.2357E-07  0.2519       0.000    
   387   23.74       0.000       5.816       2.361      0.2077       90.00      0.2872E-04 -0.9471E-06  0.1216E-04   0.000     -0.2018E-10   0.000      0.5164E-07  0.2458       0.000    
   388   23.78       0.000       5.892       2.338      0.1485       90.00      0.2822E-04 -0.8355E-06  0.1207E-04   0.000     -0.1743E-10   0.000      0.1242E-06  0.2397       0.000    
   389   23.81       0.000       5.943       2.322      0.8910E-01   90.00      0.2644E-04 -0.7413E-06  0.1139E-04   0.000      0.3874E-11   0.000      0.9282E-07  0.2418       0.000    
   390   23.83       0.000       5.969       2.314      0.2970E-01   90.00      0.1332E-04 -0.7507E-06  0.5756E-05   0.000      0.2788E-09   0.000     -0.1125E-05  0.4455       0.000    

 Surface forces referred to Sref,Cref,Bref about Xmom,Ymom,Zmom
 Standard axis orientation,  X fwd, Z down         

  Surface #10     fuselage_horizontal                     
     # chordwise = 10   # spanwise = 30     First strip =391
     Surface area =  65.503           ave. chord =  23.647    
     CLsurf  =   0.007602     Clsurf  =   0.000000
     CYsurf  =   0.000001     Cmsurf  =   0.049841
     CDsurf  =   0.000036     Cnsurf  =  -0.000000
     CDisurf =   0.000036     CDvsurf =   0.000000

  Forces referred to Ssurf, Cave about hinge axis thru LE
     cl_surf =   0.007399     cd_surf =   0.000035

 Strip Forces referred to strip area, chord
    j    xLE         yLE         zLE         Chord       Area        Dihedral   c cl        ai_ff       cl           clj         cd          cdv         cm_c/4     c.p.x/c      Dcj
   391   3.132      -1.339       0.000       15.61       1.441       0.000      0.6672E-01  0.4468E-01  0.4298E-02   0.000     -0.3270E-03   0.000      0.2434E-02 -0.3164       0.000    
   392   2.645      -1.247       0.000       17.73       1.637       0.000      0.1008      0.4953E-01  0.5704E-02   0.000     -0.2230E-03   0.000      0.2867E-02 -0.2526       0.000    
   393   2.159      -1.154       0.000       19.86       1.834       0.000      0.1263      0.5257E-01  0.6373E-02   0.000     -0.1141E-03   0.000      0.2929E-02 -0.2096       0.000    
   394   1.788      -1.062       0.000       21.39       1.975       0.000      0.1450      0.5393E-01  0.6790E-02   0.000     -0.2740E-04   0.000      0.3028E-02 -0.1960       0.000    
   395   1.533     -0.9695       0.000       22.32       2.061       0.000      0.1606      0.5406E-01  0.7202E-02   0.000      0.1796E-04   0.000      0.3157E-02 -0.1884       0.000    
   396   1.278     -0.8772       0.000       23.26       2.147       0.000      0.1731      0.5385E-01  0.7454E-02   0.000      0.5843E-05   0.000      0.3239E-02 -0.1845       0.000    
   397   1.058     -0.7848       0.000       24.08       2.223       0.000      0.1833      0.5328E-01  0.7622E-02   0.000      0.6596E-05   0.000      0.3307E-02 -0.1839       0.000    
   398  0.8733     -0.6925       0.000       24.78       2.288       0.000      0.1918      0.5295E-01  0.7748E-02   0.000      0.2728E-05   0.000      0.3360E-02 -0.1837       0.000    
   399  0.6887     -0.6002       0.000       25.49       2.353       0.000      0.1987      0.5243E-01  0.7806E-02   0.000     -0.2127E-04   0.000      0.3388E-02 -0.1840       0.000    
   400  0.5311     -0.5078       0.000       26.02       2.403       0.000      0.2042      0.5201E-01  0.7863E-02   0.000     -0.7103E-04   0.000      0.3419E-02 -0.1848       0.000    
   401  0.4004     -0.4155       0.000       26.38       2.436       0.000      0.2089      0.5178E-01  0.7931E-02   0.000     -0.1645E-05   0.000      0.3450E-02 -0.1850       0.000    
   402  0.2697     -0.3232       0.000       26.74       2.469       0.000      0.2126      0.5157E-01  0.7965E-02   0.000     -0.5943E-04   0.000      0.3464E-02 -0.1849       0.000    
   403  0.1703     -0.2308       0.000       26.95       2.488       0.000      0.2153      0.5149E-01  0.8000E-02   0.000     -0.9757E-05   0.000      0.3480E-02 -0.1850       0.000    
   404  0.1022     -0.1385       0.000       27.02       2.495       0.000      0.2172      0.5149E-01  0.8040E-02   0.000      0.2151E-03   0.000      0.3499E-02 -0.1853       0.000    
   405  0.3407E-01 -0.4617E-01   0.000       27.09       2.501       0.000      0.2182      0.5145E-01  0.8025E-02   0.000      0.8099E-03   0.000      0.3503E-02 -0.1865       0.000    
   406  0.3407E-01  0.4617E-01   0.000       27.09       2.501       0.000      0.2182      0.5156E-01  0.8024E-02   0.000      0.8099E-03   0.000      0.3503E-02 -0.1866       0.000    
   407  0.1022      0.1385       0.000       27.02       2.495       0.000      0.2172      0.5152E-01  0.8037E-02   0.000      0.2150E-03   0.000      0.3500E-02 -0.1855       0.000    
   408  0.1703      0.2308       0.000       26.95       2.488       0.000      0.2152      0.5150E-01  0.7997E-02   0.000     -0.1006E-04   0.000      0.3481E-02 -0.1853       0.000    
   409  0.2697      0.3232       0.000       26.74       2.469       0.000      0.2125      0.5157E-01  0.7960E-02   0.000     -0.5984E-04   0.000      0.3465E-02 -0.1853       0.000    
   410  0.4004      0.4155       0.000       26.38       2.436       0.000      0.2088      0.5178E-01  0.7926E-02   0.000     -0.2011E-05   0.000      0.3452E-02 -0.1855       0.000    
   411  0.5311      0.5078       0.000       26.02       2.403       0.000      0.2041      0.5201E-01  0.7857E-02   0.000     -0.7149E-04   0.000      0.3420E-02 -0.1853       0.000    
   412  0.6887      0.6002       0.000       25.49       2.353       0.000      0.1985      0.5244E-01  0.7800E-02   0.000     -0.2169E-04   0.000      0.3389E-02 -0.1845       0.000    
   413  0.8733      0.6925       0.000       24.78       2.288       0.000      0.1916      0.5295E-01  0.7742E-02   0.000      0.2332E-05   0.000      0.3362E-02 -0.1843       0.000    
   414   1.058      0.7848       0.000       24.08       2.223       0.000      0.1831      0.5328E-01  0.7615E-02   0.000      0.6204E-05   0.000      0.3309E-02 -0.1845       0.000    
   415   1.278      0.8772       0.000       23.26       2.147       0.000      0.1730      0.5386E-01  0.7447E-02   0.000      0.5478E-05   0.000      0.3241E-02 -0.1852       0.000    
   416   1.533      0.9695       0.000       22.32       2.061       0.000      0.1604      0.5406E-01  0.7194E-02   0.000      0.1765E-04   0.000      0.3159E-02 -0.1891       0.000    
   417   1.788       1.062       0.000       21.39       1.975       0.000      0.1449      0.5393E-01  0.6783E-02   0.000     -0.2764E-04   0.000      0.3030E-02 -0.1968       0.000    
   418   2.159       1.154       0.000       19.86       1.834       0.000      0.1261      0.5257E-01  0.6365E-02   0.000     -0.1142E-03   0.000      0.2932E-02 -0.2106       0.000    
   419   2.645       1.247       0.000       17.73       1.637       0.000      0.1006      0.4954E-01  0.5695E-02   0.000     -0.2232E-03   0.000      0.2869E-02 -0.2538       0.000    
   420   3.132       1.339       0.000       15.61       1.441       0.000      0.6661E-01  0.4469E-01  0.4291E-02   0.000     -0.3273E-03   0.000      0.2437E-02 -0.3179       0.000    

 Surface forces referred to Sref,Cref,Bref about Xmom,Ymom,Zmom
 Standard axis orientation,  X fwd, Z down         

  Surface #11     fuselage_vertical                       
     # chordwise = 10   # spanwise = 30     First strip =421
     Surface area =  65.103           ave. chord =  23.503    
     CLsurf  =   0.000000     Clsurf  =   0.000000
     CYsurf  =  -0.000003     Cmsurf  =  -0.000000
     CDsurf  =   0.000000     Cnsurf  =   0.000001
     CDisurf =   0.000000     CDvsurf =   0.000000

  Forces referred to Ssurf, Cave about hinge axis thru LE
     cl_surf =   0.000000     cd_surf =   0.000000

 Strip Forces referred to strip area, chord
    j    xLE         yLE         zLE         Chord       Area        Dihedral   c cl        ai_ff       cl           clj         cd          cdv         cm_c/4     c.p.x/c      Dcj
   421   2.856       0.000      -1.339       15.65       1.445       90.00      0.3154E-08 -0.5065E-05  0.2015E-09   0.000     -0.7778E-11   0.000     -0.4875E-06   99.00       0.000    
   422   1.819       0.000      -1.247       17.87       1.650       90.00      0.7263E-06 -0.4213E-05  0.4064E-07   0.000     -0.4746E-11   0.000     -0.6059E-06   15.16       0.000    
   423  0.7817       0.000      -1.154       20.09       1.855       90.00      0.1759E-05 -0.3319E-05  0.8757E-07   0.000      0.1236E-10   0.000     -0.6389E-06   7.545       0.000    
   424  0.2207       0.000      -1.062       21.48       1.984       90.00     -0.4374E-05 -0.2271E-05 -0.2036E-06   0.000      0.2738E-10   0.000     -0.5030E-06  -2.220       0.000    
   425  0.1361       0.000     -0.9695       22.06       2.037       90.00     -0.3091E-05 -0.2109E-05 -0.1401E-06   0.000      0.1887E-10   0.000     -0.5569E-06  -3.724       0.000    
   426  0.5142E-01   0.000     -0.8772       22.63       2.090       90.00     -0.1252E-05 -0.1859E-05 -0.5532E-07   0.000      0.2014E-10   0.000     -0.6043E-06  -10.67       0.000    
   427  0.1405E-01   0.000     -0.7848       23.10       2.133       90.00      0.1641E-06 -0.1579E-05  0.7103E-08   0.000      0.2186E-10   0.000     -0.6317E-06   89.18       0.000    
   428  0.2395E-01   0.000     -0.6925       23.47       2.167       90.00      0.3327E-05 -0.1402E-05  0.1418E-06   0.000      0.2262E-10   0.000     -0.6826E-06   5.064       0.000    
   429  0.3385E-01   0.000     -0.6002       23.83       2.200       90.00      0.7299E-05 -0.1146E-05  0.3063E-06   0.000      0.2207E-10   0.000     -0.7319E-06   2.640       0.000    
   430  0.6640E-01   0.000     -0.5078       24.15       2.229       90.00      0.1191E-04 -0.8604E-06  0.4934E-06   0.000      0.1946E-10   0.000     -0.7818E-06   1.835       0.000    
   431  0.1216       0.000     -0.4155       24.41       2.254       90.00      0.1826E-04 -0.4972E-06  0.7480E-06   0.000      0.1533E-10   0.000     -0.8360E-06   1.368       0.000    
   432  0.1768       0.000     -0.3232       24.67       2.278       90.00      0.2647E-04  0.2907E-06  0.1073E-05   0.000      0.1074E-10   0.000     -0.8910E-06   1.080       0.000    
   433  0.2450       0.000     -0.2308       24.90       2.299       90.00      0.3777E-04  0.3034E-05  0.1517E-05   0.000      0.7476E-11   0.000     -0.9677E-06  0.8878       0.000    
   434  0.3263       0.000     -0.1385       25.09       2.317       90.00      0.5437E-04  0.1528E-04  0.2167E-05   0.000      0.9510E-11   0.000     -0.1060E-05  0.7392       0.000    
   435  0.4076       0.000     -0.4617E-01   25.29       2.335       90.00      0.7765E-04  0.5480E-04  0.3070E-05   0.000      0.2352E-10   0.000     -0.1180E-05  0.6344       0.000    
   436  0.5006       0.000      0.4617E-01   25.46       2.351       90.00      0.1047E-03 -0.5616E-04  0.4113E-05   0.000      0.4617E-10   0.000     -0.1345E-05  0.5770       0.000    
   437  0.6052       0.000      0.1385       25.61       2.365       90.00      0.1270E-03 -0.1665E-04  0.4959E-05   0.000      0.5575E-10   0.000     -0.1440E-05  0.5404       0.000    
   438  0.7098       0.000      0.2308       25.76       2.378       90.00      0.1369E-03 -0.4350E-05  0.5316E-05   0.000      0.3235E-10   0.000     -0.1426E-05  0.5182       0.000    
   439  0.8268       0.000      0.3232       25.85       2.387       90.00      0.1491E-03 -0.1507E-05  0.5765E-05   0.000      0.9659E-11   0.000     -0.1579E-05  0.5238       0.000    
   440  0.9561       0.000      0.4155       25.90       2.392       90.00      0.1574E-03 -0.7873E-06  0.6076E-05   0.000     -0.8511E-12   0.000     -0.1596E-05  0.5126       0.000    
   441   1.086       0.000      0.5078       25.95       2.396       90.00      0.1634E-03 -0.5749E-06  0.6299E-05   0.000     -0.2453E-10   0.000     -0.1594E-05  0.5031       0.000    
   442   1.230       0.000      0.6002       25.89       2.391       90.00      0.1796E-03 -0.5762E-06  0.6938E-05   0.000     -0.4695E-10   0.000     -0.2021E-05  0.5413       0.000    
   443   1.390       0.000      0.6925       25.73       2.376       90.00      0.1822E-03 -0.7676E-06  0.7080E-05   0.000     -0.2517E-10   0.000     -0.2015E-05  0.5346       0.000    
   444   1.549       0.000      0.7848       25.57       2.361       90.00      0.1821E-03 -0.1404E-05  0.7121E-05   0.000     -0.2396E-10   0.000     -0.1980E-05  0.5280       0.000    
   445   1.732       0.000      0.8772       25.39       2.344       90.00      0.1789E-03 -0.4202E-05  0.7048E-05   0.000     -0.4901E-10   0.000     -0.1906E-05  0.5204       0.000    
   446   1.938       0.000      0.9695       25.18       2.325       90.00      0.1672E-03 -0.2983E-04  0.6641E-05   0.000     -0.1032E-09   0.000     -0.1699E-05  0.5059       0.000    
   447   2.144       0.000       1.062       24.98       2.306       90.00      0.1427E-03 -0.6759E-04  0.5712E-05   0.000     -0.3253E-09   0.000     -0.1269E-05  0.4722       0.000    
   448   2.435       0.000       1.154       23.15       2.138       90.00      0.2919E-03  0.8664E-04  0.1261E-04   0.000      0.2331E-09   0.000     -0.7428E-05  0.8391       0.000    
   449   2.811       0.000       1.247       19.71       1.820       90.00      0.2059E-03  0.7569E-04  0.1045E-04   0.000      0.1237E-09   0.000     -0.6860E-05  0.9065       0.000    
   450   3.187       0.000       1.339       16.27       1.502       90.00     -0.2219E-03  0.3596E-04 -0.1364E-04   0.000      0.3961E-10   0.000      0.5713E-05  0.6689       0.000    

 Surface forces referred to Sref,Cref,Bref about Xmom,Ymom,Zmom
 Standard axis orientation,  X fwd, Z down         

  Surface #12     nacelle_horizontal                      
     # chordwise =  6   # spanwise = 11     First strip =451
     Surface area = 0.29145           ave. chord = 0.67827    
     CLsurf  =   0.000356     Clsurf  =  -0.000032
     CYsurf  =  -0.000000     Cmsurf  =   0.000162
     CDsurf  =   0.000004     Cnsurf  =  -0.000001
     CDisurf =   0.000004     CDvsurf =   0.000000

  Forces referred to Ssurf, Cave about hinge axis thru LE
     cl_surf =   0.077851     cd_surf =   0.000908

 Strip Forces referred to strip area, chord
    j    xLE         yLE         zLE         Chord       Area        Dihedral   c cl        ai_ff       cl           clj         cd          cdv         cm_c/4     c.p.x/c      Dcj
   451   10.70       2.278       1.170      0.2368      0.1018E-01   0.000      0.3118E-01  0.8511E-01  0.1320       0.000     -0.3770E-02   0.000      0.5672E-02  0.2070       0.000    
   452   10.58       2.321       1.170      0.5574      0.2397E-01   0.000      0.4682E-01  0.9660E-01  0.8411E-01   0.000      0.6843E-04   0.000      0.6999E-02  0.1668       0.000    
   453   10.52       2.364       1.170      0.7362      0.3158E-01   0.000      0.5633E-01  0.9988E-01  0.7658E-01   0.000      0.8243E-03   0.000      0.6924E-02  0.1596       0.000    
   454   10.48       2.407       1.170      0.8763      0.3768E-01   0.000      0.6241E-01  0.1059      0.7124E-01   0.000      0.1467E-02   0.000      0.6612E-02  0.1572       0.000    
   455   10.45       2.450       1.170      0.9851      0.4226E-01   0.000      0.6559E-01  0.1225      0.6657E-01   0.000      0.1939E-02   0.000      0.6317E-02  0.1551       0.000    
   456   10.45       2.482       1.170       1.008      0.2168E-01   0.000      0.6569E-01  0.6995E-01  0.6513E-01   0.000      0.2157E-02   0.000      0.6152E-02  0.1555       0.000    
   457   10.45       2.504       1.170      0.9619      0.2068E-01   0.000      0.6473E-01  0.8798E-01  0.6727E-01   0.000      0.2200E-02   0.000      0.6297E-02  0.1564       0.000    
   458   10.48       2.536       1.170      0.8763      0.3768E-01   0.000      0.6283E-01  0.9623E-01  0.7171E-01   0.000      0.1505E-02   0.000      0.6641E-02  0.1574       0.000    
   459   10.52       2.579       1.170      0.7362      0.3158E-01   0.000      0.5732E-01  0.9876E-01  0.7793E-01   0.000      0.8412E-03   0.000      0.7076E-02  0.1592       0.000    
   460   10.58       2.622       1.170      0.5574      0.2397E-01   0.000      0.4783E-01  0.9691E-01  0.8592E-01   0.000      0.5768E-04   0.000      0.7255E-02  0.1656       0.000    
   461   10.70       2.665       1.170      0.2368      0.1018E-01   0.000      0.3217E-01  0.8555E-01  0.1362       0.000     -0.3805E-02   0.000      0.6330E-02  0.2035       0.000    

 Surface forces referred to Sref,Cref,Bref about Xmom,Ymom,Zmom
 Standard axis orientation,  X fwd, Z down         

  Surface #13     nacelle_horizontal (YDUP)               
     # chordwise =  6   # spanwise = 11     First strip =462
     Surface area = 0.29145           ave. chord = 0.67827    
     CLsurf  =   0.000231     Clsurf  =   0.000021
     CYsurf  =  -0.000000     Cmsurf  =   0.000105
     CDsurf  =   0.000003     Cnsurf  =   0.000001
     CDisurf =   0.000003     CDvsurf =   0.000000

  Forces referred to Ssurf, Cave about hinge axis thru LE
     cl_surf =   0.050447     cd_surf =   0.000556

 Strip Forces referred to strip area, chord
    j    xLE         yLE         zLE         Chord       Area        Dihedral   c cl        ai_ff       cl           clj         cd          cdv         cm_c/4     c.p.x/c      Dcj
   462   10.70      -2.278       1.170      0.2368      0.1018E-01   0.000      0.2252E-01  0.1328      0.9532E-01   0.000     -0.1631E-02   0.000      0.5395E-02  0.1934       0.000    
   463   10.58      -2.321       1.170      0.5574      0.2397E-01   0.000      0.3125E-01  0.1213      0.5612E-01   0.000      0.1915E-03   0.000      0.5537E-02  0.1513       0.000    
   464   10.52      -2.364       1.170      0.7362      0.3158E-01   0.000      0.3620E-01  0.1136      0.4921E-01   0.000      0.5474E-03   0.000      0.5048E-02  0.1474       0.000    
   465   10.48      -2.407       1.170      0.8763      0.3768E-01   0.000      0.4035E-01  0.1437      0.4607E-01   0.000      0.8579E-03   0.000      0.4672E-02  0.1486       0.000    
   466   10.45      -2.450       1.170      0.9851      0.4226E-01   0.000      0.4048E-01  0.1603      0.4110E-01   0.000      0.1052E-02   0.000      0.4190E-02  0.1481       0.000    
   467   10.45      -2.482       1.170       1.008      0.2168E-01   0.000      0.3660E-01 -0.4083E-01  0.3630E-01   0.000      0.9990E-03   0.000      0.3656E-02  0.1493       0.000    
   468   10.45      -2.504       1.170      0.9619      0.2068E-01   0.000      0.3626E-01 -0.1219E-03  0.3769E-01   0.000      0.1083E-02   0.000      0.3772E-02  0.1499       0.000    
   469   10.48      -2.536       1.170      0.8763      0.3768E-01   0.000      0.3964E-01  0.1161      0.4525E-01   0.000      0.9182E-03   0.000      0.4561E-02  0.1492       0.000    
   470   10.52      -2.579       1.170      0.7362      0.3158E-01   0.000      0.3865E-01  0.1397      0.5254E-01   0.000      0.5065E-03   0.000      0.5356E-02  0.1481       0.000    
   471   10.58      -2.622       1.170      0.5574      0.2397E-01   0.000      0.3282E-01  0.1255      0.5896E-01   0.000      0.1305E-03   0.000      0.5835E-02  0.1510       0.000    
   472   10.70      -2.665       1.170      0.2368      0.1018E-01   0.000      0.2358E-01  0.1328      0.9978E-01   0.000     -0.1755E-02   0.000      0.5914E-02  0.1907       0.000    

 Surface forces referred to Sref,Cref,Bref about Xmom,Ymom,Zmom
 Standard axis orientation,  X fwd, Z down         

  Surface #14     nacelle_vertical                        
     # chordwise =  6   # spanwise = 11     First strip =473
     Surface area = 0.29145           ave. chord = 0.67842    
     CLsurf  =  -0.000000     Clsurf  =   0.000000
     CYsurf  =  -0.000039     Cmsurf  =  -0.000000
     CDsurf  =  -0.000000     Cnsurf  =  -0.000002
     CDisurf =  -0.000000     CDvsurf =   0.000000

  Forces referred to Ssurf, Cave about hinge axis thru LE
     cl_surf =  -0.000020     cd_surf =  -0.000040

 Strip Forces referred to strip area, chord
    j    xLE         yLE         zLE         Chord       Area        Dihedral   c cl        ai_ff       cl           clj         cd          cdv         cm_c/4     c.p.x/c      Dcj
   473   10.70       2.471      0.9768      0.2369      0.1016E-01   90.00      0.2718E-02  0.1698E-02  0.1147E-01   0.000     -0.1958E-03   0.000      0.4976E-02 -0.1837       0.000    
   474   10.58       2.471       1.020      0.5574      0.2397E-01   90.00      0.5326E-02  0.3557E-02  0.9556E-02   0.000     -0.7469E-04   0.000      0.2225E-02  0.1719E-01   0.000    
   475   10.52       2.471       1.063      0.7362      0.3158E-01   90.00      0.7198E-02  0.5697E-02  0.9778E-02   0.000     -0.6152E-04   0.000      0.1970E-02  0.4853E-01   0.000    
   476   10.48       2.471       1.106      0.8763      0.3768E-01   90.00      0.9415E-02  0.1954E-01  0.1074E-01   0.000     -0.5395E-04   0.000      0.1976E-02  0.6605E-01   0.000    
   477   10.45       2.471       1.149      0.9850      0.4236E-01   90.00      0.9683E-02  0.2440E-01  0.9830E-02   0.000     -0.2753E-04   0.000      0.1699E-02  0.7712E-01   0.000    
   478   10.45       2.471       1.181       1.008      0.2163E-01   90.00      0.7421E-02 -0.6098E-02  0.7361E-02   0.000     -0.1402E-04   0.000      0.1476E-03  0.2299       0.000    
   479   10.45       2.471       1.202      0.9619      0.2063E-01   90.00      0.4485E-02 -0.2603E-01  0.4662E-02   0.000     -0.8010E-05   0.000      0.1083E-03  0.2268       0.000    
   480   10.48       2.471       1.235      0.8763      0.3768E-01   90.00      0.4016E-02 -0.1329E-01  0.4583E-02   0.000     -0.8076E-05   0.000      0.8241E-04  0.2320       0.000    
   481   10.52       2.471       1.278      0.7362      0.3166E-01   90.00      0.5062E-02 -0.4883E-03  0.6876E-02   0.000     -0.1842E-04   0.000      0.5398E-05  0.2492       0.000    
   482   10.58       2.471       1.321      0.5574      0.2391E-01   90.00      0.4840E-02 -0.8485E-03  0.8683E-02   0.000     -0.3048E-04   0.000     -0.2538E-03  0.2792       0.000    
   483   10.70       2.471       1.364      0.2369      0.1018E-01   90.00      0.3886E-02 -0.1023E-01  0.1641E-01   0.000     -0.7423E-04   0.000     -0.2474E-02  0.4008       0.000    

 Surface forces referred to Sref,Cref,Bref about Xmom,Ymom,Zmom
 Standard axis orientation,  X fwd, Z down         

  Surface #15     nacelle_vertical (YDUP)                 
     # chordwise =  6   # spanwise = 11     First strip =484
     Surface area = 0.29145           ave. chord = 0.67842    
     CLsurf  =  -0.000000     Clsurf  =  -0.000000
     CYsurf  =   0.000025     Cmsurf  =  -0.000000
     CDsurf  =  -0.000000     Cnsurf  =   0.000001
     CDisurf =  -0.000000     CDvsurf =   0.000000

  Forces referred to Ssurf, Cave about hinge axis thru LE
     cl_surf =  -0.000013     cd_surf =  -0.000027

 Strip Forces referred to strip area, chord
    j    xLE         yLE         zLE         Chord       Area        Dihedral   c cl        ai_ff       cl           clj         cd          cdv         cm_c/4     c.p.x/c      Dcj
   484   10.70      -2.471      0.9768      0.2369      0.1016E-01  -90.00      0.1882E-02  0.6573E-02  0.7947E-02   0.000     -0.1167E-03   0.000      0.3637E-02 -0.2077       0.000    
   485   10.58      -2.471       1.020      0.5574      0.2397E-01  -90.00      0.3417E-02  0.4437E-02  0.6131E-02   0.000     -0.4474E-04   0.000      0.1534E-02 -0.1398E-03   0.000    
   486   10.52      -2.471       1.063      0.7362      0.3158E-01  -90.00      0.4548E-02  0.4421E-02  0.6178E-02   0.000     -0.3839E-04   0.000      0.1318E-02  0.3669E-01   0.000    
   487   10.48      -2.471       1.106      0.8763      0.3768E-01  -90.00      0.6574E-02  0.3695E-01  0.7502E-02   0.000     -0.4265E-04   0.000      0.1441E-02  0.5785E-01   0.000    
   488   10.45      -2.471       1.149      0.9850      0.4236E-01  -90.00      0.6830E-02  0.6909E-01  0.6933E-02   0.000     -0.2347E-04   0.000      0.1251E-02  0.6962E-01   0.000    
   489   10.45      -2.471       1.181       1.008      0.2163E-01  -90.00      0.3819E-02 -0.7823E-01  0.3788E-02   0.000     -0.9100E-05   0.000      0.1171E-03  0.2191       0.000    
   490   10.45      -2.471       1.202      0.9619      0.2063E-01  -90.00      0.1073E-02 -0.7602E-01  0.1116E-02   0.000     -0.2661E-05   0.000      0.6212E-04  0.1943       0.000    
   491   10.48      -2.471       1.235      0.8763      0.3768E-01  -90.00      0.1482E-02 -0.2699E-01  0.1691E-02   0.000     -0.3146E-05   0.000      0.9249E-04  0.1953       0.000    
   492   10.52      -2.471       1.278      0.7362      0.3166E-01  -90.00      0.3200E-02  0.4132E-02  0.4346E-02   0.000     -0.1211E-04   0.000      0.9105E-04  0.2291       0.000    
   493   10.58      -2.471       1.321      0.5574      0.2391E-01  -90.00      0.3298E-02  0.2968E-02  0.5917E-02   0.000     -0.2059E-04   0.000     -0.6026E-04  0.2602       0.000    
   494   10.70      -2.471       1.364      0.2369      0.1018E-01  -90.00      0.2837E-02 -0.7064E-02  0.1198E-01   0.000     -0.4656E-04   0.000     -0.1642E-02  0.3871       0.000    

 Surface forces referred to Sref,Cref,Bref about Xmom,Ymom,Zmom
 Standard axis orientation,  X fwd, Z down         

  Surface #16     nacelle_2_horizontal                    
     # chordwise =  6   # spanwise = 11     First strip =495
     Surface area = 0.29145           ave. chord = 0.67827    
     CLsurf  =   0.000341     Clsurf  =  -0.000079
     CYsurf  =   0.000000     Cmsurf  =   0.000137
     CDsurf  =   0.000005     Cnsurf  =  -0.000003
     CDisurf =   0.000005     CDvsurf =   0.000000

  Forces referred to Ssurf, Cave about hinge axis thru LE
     cl_surf =   0.074699     cd_surf =   0.000992

 Strip Forces referred to strip area, chord
    j    xLE         yLE         zLE         Chord       Area        Dihedral   c cl        ai_ff       cl           clj         cd          cdv         cm_c/4     c.p.x/c      Dcj
   495   10.83       6.229       1.170      0.2369      0.1018E-01   0.000      0.3070E-01  0.8065E-01  0.1300       0.000     -0.3281E-02   0.000      0.5740E-02  0.2058       0.000    
   496   10.71       6.272       1.170      0.5574      0.2397E-01   0.000      0.4596E-01  0.9229E-01  0.8257E-01   0.000      0.2051E-03   0.000      0.6798E-02  0.1677       0.000    
   497   10.64       6.315       1.170      0.7362      0.3158E-01   0.000      0.5526E-01  0.9449E-01  0.7512E-01   0.000      0.9233E-03   0.000      0.6676E-02  0.1611       0.000    
   498   10.60       6.358       1.170      0.8763      0.3768E-01   0.000      0.6078E-01  0.9362E-01  0.6937E-01   0.000      0.1537E-02   0.000      0.6308E-02  0.1591       0.000    
   499   10.58       6.390       1.170      0.9619      0.2068E-01   0.000      0.6262E-01  0.8699E-01  0.6507E-01   0.000      0.2182E-02   0.000      0.6015E-02  0.1576       0.000    
   500   10.57       6.411       1.170       1.008      0.2168E-01   0.000      0.6314E-01  0.6733E-01  0.6261E-01   0.000      0.2124E-02   0.000      0.5853E-02  0.1565       0.000    
   501   10.58       6.444       1.170      0.9850      0.4226E-01   0.000      0.6261E-01  0.1159      0.6355E-01   0.000      0.1911E-02   0.000      0.5967E-02  0.1561       0.000    
   502   10.60       6.486       1.170      0.8763      0.3768E-01   0.000      0.5948E-01  0.1001      0.6788E-01   0.000      0.1484E-02   0.000      0.6291E-02  0.1573       0.000    
   503   10.64       6.529       1.170      0.7362      0.3158E-01   0.000      0.5383E-01  0.9535E-01  0.7317E-01   0.000      0.9040E-03   0.000      0.6659E-02  0.1590       0.000    
   504   10.71       6.572       1.170      0.5574      0.2397E-01   0.000      0.4482E-01  0.9217E-01  0.8051E-01   0.000      0.2268E-03   0.000      0.6795E-02  0.1656       0.000    
   505   10.83       6.615       1.170      0.2369      0.1018E-01   0.000      0.3004E-01  0.8072E-01  0.1272       0.000     -0.3074E-02   0.000      0.5783E-02  0.2045       0.000    

 Surface forces referred to Sref,Cref,Bref about Xmom,Ymom,Zmom
 Standard axis orientation,  X fwd, Z down         

  Surface #17     nacelle_2_vertical                      
     # chordwise =  6   # spanwise = 11     First strip =506
     Surface area = 0.29145           ave. chord = 0.67842    
     CLsurf  =  -0.000000     Clsurf  =  -0.000000
     CYsurf  =   0.000002     Cmsurf  =  -0.000000
     CDsurf  =  -0.000000     Cnsurf  =   0.000000
     CDisurf =  -0.000000     CDvsurf =   0.000000

  Forces referred to Ssurf, Cave about hinge axis thru LE
     cl_surf =  -0.000001     cd_surf =  -0.000002

 Strip Forces referred to strip area, chord
    j    xLE         yLE         zLE         Chord       Area        Dihedral   c cl        ai_ff       cl           clj         cd          cdv         cm_c/4     c.p.x/c      Dcj
   506   10.83       6.422      0.9768      0.2369      0.1016E-01   90.00     -0.5046E-03  0.1272E-01 -0.2130E-02   0.000     -0.5564E-05   0.000     -0.8569E-03 -0.1522       0.000    
   507   10.71       6.422       1.020      0.5574      0.2397E-01   90.00     -0.1224E-02  0.1207E-01 -0.2195E-02   0.000     -0.2510E-05   0.000     -0.4070E-03  0.6460E-01   0.000    
   508   10.64       6.422       1.063      0.7362      0.3158E-01   90.00     -0.2097E-02  0.1028E-01 -0.2848E-02   0.000     -0.3473E-05   0.000     -0.4538E-03  0.9068E-01   0.000    
   509   10.60       6.422       1.106      0.8763      0.3768E-01   90.00     -0.3635E-02 -0.2619E-02 -0.4148E-02   0.000     -0.5434E-05   0.000     -0.6450E-03  0.9452E-01   0.000    
   510   10.58       6.422       1.149      0.9850      0.4236E-01   90.00     -0.3419E-02 -0.5686E-02 -0.3471E-02   0.000     -0.1092E-05   0.000     -0.5015E-03  0.1055       0.000    
   511   10.57       6.422       1.181       1.008      0.2163E-01   90.00      0.9796E-04  0.1763E-01  0.9716E-04   0.000      0.1032E-06   0.000      0.6509E-04 -0.4199       0.000    
   512   10.58       6.422       1.202      0.9619      0.2063E-01   90.00      0.2985E-02  0.3909E-01  0.3103E-02   0.000     -0.1391E-06   0.000      0.9796E-04  0.2184       0.000    
   513   10.60       6.422       1.235      0.8763      0.3768E-01   90.00      0.3406E-02  0.2744E-01  0.3886E-02   0.000     -0.3553E-05   0.000      0.3852E-04  0.2401       0.000    
   514   10.64       6.422       1.278      0.7362      0.3166E-01   90.00      0.1874E-02  0.1462E-01  0.2545E-02   0.000     -0.1875E-05   0.000     -0.3349E-04  0.2632       0.000    
   515   10.71       6.422       1.321      0.5574      0.2391E-01   90.00      0.1128E-02  0.1331E-01  0.2023E-02   0.000     -0.1165E-05   0.000     -0.9455E-04  0.2967       0.000    
   516   10.83       6.422       1.364      0.2369      0.1018E-01   90.00      0.6909E-03  0.1904E-01  0.2917E-02   0.000     -0.2007E-05   0.000     -0.4726E-03  0.4120       0.000    

 Surface forces referred to Sref,Cref,Bref about Xmom,Ymom,Zmom
 Standard axis orientation,  X fwd, Z down         

  Surface #18     nacelle_3_horizontal                    
     # chordwise =  6   # spanwise = 11     First strip =517
     Surface area = 0.29147           ave. chord = 0.67831    
     CLsurf  =   0.000327     Clsurf  =  -0.000123
     CYsurf  =   0.000000     Cmsurf  =   0.000105
     CDsurf  =   0.000005     Cnsurf  =  -0.000004
     CDisurf =   0.000005     CDvsurf =   0.000000

  Forces referred to Ssurf, Cave about hinge axis thru LE
     cl_surf =   0.071627     cd_surf =   0.001144

 Strip Forces referred to strip area, chord
    j    xLE         yLE         zLE         Chord       Area        Dihedral   c cl        ai_ff       cl           clj         cd          cdv         cm_c/4     c.p.x/c      Dcj
   517   11.02       10.18       1.170      0.2369      0.1018E-01   0.000      0.2963E-01  0.7877E-01  0.1254       0.000     -0.2687E-02   0.000      0.5578E-02  0.2055       0.000    
   518   10.90       10.22       1.170      0.5574      0.2397E-01   0.000      0.4419E-01  0.8946E-01  0.7936E-01   0.000      0.4632E-03   0.000      0.6517E-02  0.1679       0.000    
   519   10.84       10.27       1.170      0.7362      0.3158E-01   0.000      0.5300E-01  0.9134E-01  0.7203E-01   0.000      0.1100E-02   0.000      0.6373E-02  0.1615       0.000    
   520   10.80       10.31       1.170      0.8763      0.3768E-01   0.000      0.5816E-01  0.8992E-01  0.6637E-01   0.000      0.1631E-02   0.000      0.6030E-02  0.1591       0.000    
   521   10.77       10.34       1.170      0.9619      0.2068E-01   0.000      0.5986E-01  0.8315E-01  0.6220E-01   0.000      0.2185E-02   0.000      0.5754E-02  0.1575       0.000    
   522   10.77       10.36       1.170       1.008      0.2168E-01   0.000      0.6037E-01  0.6443E-01  0.5985E-01   0.000      0.2116E-02   0.000      0.5601E-02  0.1564       0.000    
   523   10.77       10.39       1.170      0.9850      0.4226E-01   0.000      0.5991E-01  0.1117      0.6080E-01   0.000      0.1936E-02   0.000      0.5707E-02  0.1561       0.000    
   524   10.80       10.44       1.170      0.8764      0.3768E-01   0.000      0.5697E-01  0.9676E-01  0.6502E-01   0.000      0.1583E-02   0.000      0.5996E-02  0.1578       0.000    
   525   10.84       10.48       1.170      0.7362      0.3166E-01   0.000      0.5163E-01  0.9247E-01  0.7017E-01   0.000      0.1086E-02   0.000      0.6326E-02  0.1598       0.000    
   526   10.90       10.52       1.170      0.5574      0.2391E-01   0.000      0.4306E-01  0.8965E-01  0.7734E-01   0.000      0.4903E-03   0.000      0.6468E-02  0.1664       0.000    
   527   11.02       10.57       1.170      0.2369      0.1018E-01   0.000      0.2896E-01  0.7940E-01  0.1226       0.000     -0.2474E-02   0.000      0.5518E-02  0.2050       0.000    

 Surface forces referred to Sref,Cref,Bref about Xmom,Ymom,Zmom
 Standard axis orientation,  X fwd, Z down         

  Surface #19     nacelle_3_vertical                      
     # chordwise =  6   # spanwise = 11     First strip =528
     Surface area = 0.29145           ave. chord = 0.67842    
     CLsurf  =  -0.000000     Clsurf  =  -0.000000
     CYsurf  =   0.000006     Cmsurf  =  -0.000000
     CDsurf  =  -0.000000     Cnsurf  =   0.000000
     CDisurf =  -0.000000     CDvsurf =   0.000000

  Forces referred to Ssurf, Cave about hinge axis thru LE
     cl_surf =  -0.000002     cd_surf =  -0.000003

 Strip Forces referred to strip area, chord
    j    xLE         yLE         zLE         Chord       Area        Dihedral   c cl        ai_ff       cl           clj         cd          cdv         cm_c/4     c.p.x/c      Dcj
   528   11.02       10.37      0.9768      0.2369      0.1016E-01   90.00     -0.7341E-03  0.1674E-01 -0.3100E-02   0.000     -0.1207E-04   0.000     -0.1248E-02 -0.1527       0.000    
   529   10.90       10.37       1.020      0.5574      0.2397E-01   90.00     -0.1682E-02  0.1568E-01 -0.3017E-02   0.000     -0.4715E-05   0.000     -0.5262E-03  0.7557E-01   0.000    
   530   10.84       10.37       1.063      0.7362      0.3158E-01   90.00     -0.2670E-02  0.1372E-01 -0.3627E-02   0.000     -0.5220E-05   0.000     -0.5141E-03  0.1083       0.000    
   531   10.80       10.37       1.106      0.8763      0.3768E-01   90.00     -0.4246E-02  0.1187E-02 -0.4846E-02   0.000     -0.6709E-05   0.000     -0.6607E-03  0.1136       0.000    
   532   10.77       10.37       1.149      0.9850      0.4236E-01   90.00     -0.4109E-02 -0.2014E-02 -0.4171E-02   0.000     -0.1775E-05   0.000     -0.4987E-03  0.1305       0.000    
   533   10.77       10.37       1.181       1.008      0.2163E-01   90.00     -0.8519E-03  0.2072E-01 -0.8450E-03   0.000     -0.5789E-07   0.000      0.1502E-03  0.4277       0.000    
   534   10.77       10.37       1.202      0.9619      0.2063E-01   90.00      0.1944E-02  0.4106E-01  0.2021E-02   0.000      0.2034E-06   0.000      0.1803E-03  0.1608       0.000    
   535   10.80       10.37       1.235      0.8763      0.3768E-01   90.00      0.2408E-02  0.2996E-01  0.2748E-02   0.000     -0.2102E-05   0.000      0.1294E-03  0.2029       0.000    
   536   10.84       10.37       1.278      0.7362      0.3166E-01   90.00      0.1077E-02  0.1748E-01  0.1462E-02   0.000     -0.8306E-06   0.000      0.5993E-04  0.2090       0.000    
   537   10.90       10.37       1.321      0.5574      0.2391E-01   90.00      0.5314E-03  0.1426E-01  0.9533E-03   0.000     -0.3313E-06   0.000      0.4492E-05  0.2453       0.000    
   538   11.02       10.37       1.364      0.2369      0.1018E-01   90.00      0.2986E-03  0.7880E-02  0.1261E-02   0.000     -0.4026E-06   0.000     -0.1890E-03  0.3999       0.000    

 Surface forces referred to Sref,Cref,Bref about Xmom,Ymom,Zmom
 Standard axis orientation,  X fwd, Z down         

  Surface #20     nacelle_4_horizontal                    
     # chordwise =  6   # spanwise = 11     First strip =539
     Surface area = 0.29145           ave. chord = 0.67827    
     CLsurf  =   0.000231     Clsurf  =   0.000021
     CYsurf  =  -0.000000     Cmsurf  =   0.000105
     CDsurf  =   0.000003     Cnsurf  =   0.000001
     CDisurf =   0.000003     CDvsurf =   0.000000

  Forces referred to Ssurf, Cave about hinge axis thru LE
     cl_surf =   0.050447     cd_surf =   0.000556

 Strip Forces referred to strip area, chord
    j    xLE         yLE         zLE         Chord       Area        Dihedral   c cl        ai_ff       cl           clj         cd          cdv         cm_c/4     c.p.x/c      Dcj
   539   10.70      -2.665       1.170      0.2369      0.1018E-01   0.000      0.2358E-01  0.1328      0.9978E-01   0.000     -0.1755E-02   0.000      0.5914E-02  0.1907       0.000    
   540   10.58      -2.622       1.170      0.5574      0.2397E-01   0.000      0.3282E-01  0.1255      0.5896E-01   0.000      0.1305E-03   0.000      0.5835E-02  0.1510       0.000    
   541   10.52      -2.579       1.170      0.7362      0.3158E-01   0.000      0.3865E-01  0.1397      0.5254E-01   0.000      0.5065E-03   0.000      0.5356E-02  0.1481       0.000    
   542   10.48      -2.536       1.170      0.8763      0.3768E-01   0.000      0.3964E-01  0.1161      0.4525E-01   0.000      0.9182E-03   0.000      0.4561E-02  0.1492       0.000    
   543   10.45      -2.504       1.170      0.9619      0.2068E-01   0.000      0.3626E-01 -0.1219E-03  0.3769E-01   0.000      0.1083E-02   0.000      0.3772E-02  0.1499       0.000    
   544   10.45      -2.482       1.170       1.008      0.2168E-01   0.000      0.3660E-01 -0.4083E-01  0.3630E-01   0.000      0.9990E-03   0.000      0.3656E-02  0.1493       0.000    
   545   10.45      -2.450       1.170      0.9850      0.4226E-01   0.000      0.4048E-01  0.1603      0.4110E-01   0.000      0.1052E-02   0.000      0.4190E-02  0.1481       0.000    
   546   10.48      -2.407       1.170      0.8763      0.3768E-01   0.000      0.4035E-01  0.1437      0.4607E-01   0.000      0.8579E-03   0.000      0.4672E-02  0.1486       0.000    
   547   10.52      -2.364       1.170      0.7362      0.3158E-01   0.000      0.3620E-01  0.1136      0.4921E-01   0.000      0.5474E-03   0.000      0.5048E-02  0.1474       0.000    
   548   10.58      -2.321       1.170      0.5574      0.2397E-01   0.000      0.3125E-01  0.1213      0.5612E-01   0.000      0.1915E-03   0.000      0.5537E-02  0.1513       0.000    
   549   10.70      -2.278       1.170      0.2369      0.1018E-01   0.000      0.2252E-01  0.1328      0.9532E-01   0.000     -0.1631E-02   0.000      0.5395E-02  0.1934       0.000    

 Surface forces referred to Sref,Cref,Bref about Xmom,Ymom,Zmom
 Standard axis orientation,  X fwd, Z down         

  Surface #21     nacelle_4_vertical                      
     # chordwise =  6   # spanwise = 11     First strip =550
     Surface area = 0.29145           ave. chord = 0.67842    
     CLsurf  =  -0.000000     Clsurf  =  -0.000000
     CYsurf  =   0.000025     Cmsurf  =  -0.000000
     CDsurf  =  -0.000000     Cnsurf  =   0.000001
     CDisurf =  -0.000000     CDvsurf =   0.000000

  Forces referred to Ssurf, Cave about hinge axis thru LE
     cl_surf =  -0.000013     cd_surf =  -0.000027

 Strip Forces referred to strip area, chord
    j    xLE         yLE         zLE         Chord       Area        Dihedral   c cl        ai_ff       cl           clj         cd          cdv         cm_c/4     c.p.x/c      Dcj
   550   10.70      -2.471      0.9768      0.2369      0.1016E-01   90.00     -0.1882E-02 -0.6573E-02 -0.7947E-02   0.000     -0.1167E-03   0.000     -0.3637E-02 -0.2077       0.000    
   551   10.58      -2.471       1.020      0.5574      0.2397E-01   90.00     -0.3417E-02 -0.4437E-02 -0.6131E-02   0.000     -0.4474E-04   0.000     -0.1534E-02 -0.1398E-03   0.000    
   552   10.52      -2.471       1.063      0.7362      0.3158E-01   90.00     -0.4548E-02 -0.4421E-02 -0.6178E-02   0.000     -0.3839E-04   0.000     -0.1318E-02  0.3669E-01   0.000    
   553   10.48      -2.471       1.106      0.8763      0.3768E-01   90.00     -0.6574E-02 -0.3695E-01 -0.7502E-02   0.000     -0.4265E-04   0.000     -0.1441E-02  0.5785E-01   0.000    
   554   10.45      -2.471       1.149      0.9850      0.4236E-01   90.00     -0.6830E-02 -0.6909E-01 -0.6933E-02   0.000     -0.2347E-04   0.000     -0.1251E-02  0.6962E-01   0.000    
   555   10.45      -2.471       1.181       1.008      0.2163E-01   90.00     -0.3819E-02  0.7823E-01 -0.3788E-02   0.000     -0.9100E-05   0.000     -0.1171E-03  0.2191       0.000    
   556   10.45      -2.471       1.202      0.9619      0.2063E-01   90.00     -0.1073E-02  0.7602E-01 -0.1116E-02   0.000     -0.2661E-05   0.000     -0.6212E-04  0.1943       0.000    
   557   10.48      -2.471       1.235      0.8763      0.3768E-01   90.00     -0.1482E-02  0.2699E-01 -0.1691E-02   0.000     -0.3146E-05   0.000     -0.9249E-04  0.1953       0.000    
   558   10.52      -2.471       1.278      0.7362      0.3166E-01   90.00     -0.3200E-02 -0.4132E-02 -0.4346E-02   0.000     -0.1211E-04   0.000     -0.9105E-04  0.2291       0.000    
   559   10.58      -2.471       1.321      0.5574      0.2391E-01   90.00     -0.3298E-02 -0.2968E-02 -0.5917E-02   0.000     -0.2059E-04   0.000      0.6026E-04  0.2602       0.000    
   560   10.70      -2.471       1.364      0.2369      0.1018E-01   90.00     -0.2837E-02  0.7064E-02 -0.1198E-01   0.000     -0.4656E-04   0.000      0.1642E-02  0.3871       0.000    

 Surface forces referred to Sref,Cref,Bref about Xmom,Ymom,Zmom
 Standard axis orientation,  X fwd, Z down         

  Surface #22     nacelle_5_horizontal                    
     # chordwise =  6   # spanwise = 11     First strip =561
     Surface area = 0.29145           ave. chord = 0.67827    
     CLsurf  =   0.000341     Clsurf  =   0.000079
     CYsurf  =  -0.000000     Cmsurf  =   0.000137
     CDsurf  =   0.000005     Cnsurf  =   0.000003
     CDisurf =   0.000005     CDvsurf =   0.000000

  Forces referred to Ssurf, Cave about hinge axis thru LE
     cl_surf =   0.074703     cd_surf =   0.000992

 Strip Forces referred to strip area, chord
    j    xLE         yLE         zLE         Chord       Area        Dihedral   c cl        ai_ff       cl           clj         cd          cdv         cm_c/4     c.p.x/c      Dcj
   561   10.83      -6.615       1.170      0.2369      0.1018E-01   0.000      0.3004E-01  0.8072E-01  0.1272       0.000     -0.3075E-02   0.000      0.5783E-02  0.2045       0.000    
   562   10.71      -6.572       1.170      0.5574      0.2397E-01   0.000      0.4482E-01  0.9217E-01  0.8051E-01   0.000      0.2264E-03   0.000      0.6796E-02  0.1656       0.000    
   563   10.64      -6.529       1.170      0.7362      0.3158E-01   0.000      0.5383E-01  0.9535E-01  0.7317E-01   0.000      0.9037E-03   0.000      0.6660E-02  0.1590       0.000    
   564   10.60      -6.486       1.170      0.8763      0.3768E-01   0.000      0.5948E-01  0.1001      0.6789E-01   0.000      0.1484E-02   0.000      0.6292E-02  0.1573       0.000    
   565   10.58      -6.444       1.170      0.9851      0.4226E-01   0.000      0.6261E-01  0.1159      0.6355E-01   0.000      0.1911E-02   0.000      0.5968E-02  0.1561       0.000    
   566   10.57      -6.411       1.170       1.008      0.2168E-01   0.000      0.6315E-01  0.6733E-01  0.6261E-01   0.000      0.2124E-02   0.000      0.5853E-02  0.1565       0.000    
   567   10.58      -6.390       1.170      0.9619      0.2068E-01   0.000      0.6262E-01  0.8699E-01  0.6508E-01   0.000      0.2182E-02   0.000      0.6016E-02  0.1576       0.000    
   568   10.60      -6.358       1.170      0.8763      0.3768E-01   0.000      0.6079E-01  0.9362E-01  0.6938E-01   0.000      0.1537E-02   0.000      0.6309E-02  0.1591       0.000    
   569   10.64      -6.315       1.170      0.7362      0.3158E-01   0.000      0.5526E-01  0.9449E-01  0.7512E-01   0.000      0.9230E-03   0.000      0.6677E-02  0.1611       0.000    
   570   10.71      -6.272       1.170      0.5574      0.2397E-01   0.000      0.4597E-01  0.9230E-01  0.8257E-01   0.000      0.2047E-03   0.000      0.6799E-02  0.1677       0.000    
   571   10.83      -6.229       1.170      0.2369      0.1018E-01   0.000      0.3070E-01  0.8066E-01  0.1300       0.000     -0.3282E-02   0.000      0.5741E-02  0.2058       0.000    

 Surface forces referred to Sref,Cref,Bref about Xmom,Ymom,Zmom
 Standard axis orientation,  X fwd, Z down         

  Surface #23     nacelle_5_vertical                      
     # chordwise =  6   # spanwise = 11     First strip =572
     Surface area = 0.29145           ave. chord = 0.67842    
     CLsurf  =  -0.000000     Clsurf  =   0.000000
     CYsurf  =  -0.000002     Cmsurf  =  -0.000000
     CDsurf  =  -0.000000     Cnsurf  =  -0.000000
     CDisurf =  -0.000000     CDvsurf =   0.000000

  Forces referred to Ssurf, Cave about hinge axis thru LE
     cl_surf =  -0.000001     cd_surf =  -0.000002

 Strip Forces referred to strip area, chord
    j    xLE         yLE         zLE         Chord       Area        Dihedral   c cl        ai_ff       cl           clj         cd          cdv         cm_c/4     c.p.x/c      Dcj
   572   10.83      -6.422      0.9768      0.2369      0.1016E-01   90.00      0.5053E-03 -0.1272E-01  0.2133E-02   0.000     -0.5580E-05   0.000      0.8581E-03 -0.1522       0.000    
   573   10.71      -6.422       1.020      0.5574      0.2397E-01   90.00      0.1225E-02 -0.1207E-01  0.2198E-02   0.000     -0.2516E-05   0.000      0.4075E-03  0.6458E-01   0.000    
   574   10.64      -6.422       1.063      0.7362      0.3158E-01   90.00      0.2099E-02 -0.1028E-01  0.2850E-02   0.000     -0.3478E-05   0.000      0.4541E-03  0.9068E-01   0.000    
   575   10.60      -6.422       1.106      0.8763      0.3768E-01   90.00      0.3637E-02  0.2619E-02  0.4151E-02   0.000     -0.5440E-05   0.000      0.6453E-03  0.9452E-01   0.000    
   576   10.58      -6.422       1.149      0.9850      0.4236E-01   90.00      0.3421E-02  0.5686E-02  0.3473E-02   0.000     -0.1094E-05   0.000      0.5017E-03  0.1055       0.000    
   577   10.57      -6.422       1.181       1.008      0.2163E-01   90.00     -0.9611E-04 -0.1764E-01 -0.9533E-04   0.000      0.1031E-06   0.000     -0.6515E-04 -0.4334       0.000    
   578   10.58      -6.422       1.202      0.9619      0.2063E-01   90.00     -0.2983E-02 -0.3909E-01 -0.3101E-02   0.000     -0.1382E-06   0.000     -0.9804E-04  0.2184       0.000    
   579   10.60      -6.422       1.235      0.8763      0.3768E-01   90.00     -0.3404E-02 -0.2744E-01 -0.3885E-02   0.000     -0.3550E-05   0.000     -0.3861E-04  0.2401       0.000    
   580   10.64      -6.422       1.278      0.7362      0.3166E-01   90.00     -0.1873E-02 -0.1463E-01 -0.2544E-02   0.000     -0.1872E-05   0.000      0.3338E-04  0.2631       0.000    
   581   10.71      -6.422       1.321      0.5574      0.2391E-01   90.00     -0.1127E-02 -0.1331E-01 -0.2021E-02   0.000     -0.1163E-05   0.000      0.9441E-04  0.2967       0.000    
   582   10.83      -6.422       1.364      0.2369      0.1018E-01   90.00     -0.6903E-03 -0.1905E-01 -0.2914E-02   0.000     -0.2003E-05   0.000      0.4722E-03  0.4120       0.000    

 Surface forces referred to Sref,Cref,Bref about Xmom,Ymom,Zmom
 Standard axis orientation,  X fwd, Z down         

  Surface #24     nacelle_6_horizontal                    
     # chordwise =  6   # spanwise = 11     First strip =583
     Surface area = 0.29147           ave. chord = 0.67831    
     CLsurf  =   0.000327     Clsurf  =   0.000123
     CYsurf  =  -0.000000     Cmsurf  =   0.000105
     CDsurf  =   0.000005     Cnsurf  =   0.000004
     CDisurf =   0.000005     CDvsurf =   0.000000

  Forces referred to Ssurf, Cave about hinge axis thru LE
     cl_surf =   0.071629     cd_surf =   0.001144

 Strip Forces referred to strip area, chord
    j    xLE         yLE         zLE         Chord       Area        Dihedral   c cl        ai_ff       cl           clj         cd          cdv         cm_c/4     c.p.x/c      Dcj
   583   11.02      -10.57       1.170      0.2369      0.1018E-01   0.000      0.2896E-01  0.7940E-01  0.1226       0.000     -0.2475E-02   0.000      0.5518E-02  0.2050       0.000    
   584   10.90      -10.52       1.170      0.5574      0.2391E-01   0.000      0.4306E-01  0.8965E-01  0.7734E-01   0.000      0.4902E-03   0.000      0.6468E-02  0.1664       0.000    
   585   10.84      -10.48       1.170      0.7362      0.3166E-01   0.000      0.5163E-01  0.9247E-01  0.7017E-01   0.000      0.1086E-02   0.000      0.6326E-02  0.1598       0.000    
   586   10.80      -10.44       1.170      0.8763      0.3768E-01   0.000      0.5697E-01  0.9676E-01  0.6502E-01   0.000      0.1583E-02   0.000      0.5996E-02  0.1578       0.000    
   587   10.77      -10.39       1.170      0.9850      0.4226E-01   0.000      0.5991E-01  0.1117      0.6080E-01   0.000      0.1936E-02   0.000      0.5707E-02  0.1561       0.000    
   588   10.77      -10.36       1.170       1.008      0.2168E-01   0.000      0.6037E-01  0.6443E-01  0.5985E-01   0.000      0.2116E-02   0.000      0.5601E-02  0.1564       0.000    
   589   10.77      -10.34       1.170      0.9619      0.2068E-01   0.000      0.5986E-01  0.8315E-01  0.6220E-01   0.000      0.2185E-02   0.000      0.5754E-02  0.1575       0.000    
   590   10.80      -10.31       1.170      0.8764      0.3768E-01   0.000      0.5816E-01  0.8992E-01  0.6638E-01   0.000      0.1631E-02   0.000      0.6030E-02  0.1591       0.000    
   591   10.84      -10.27       1.170      0.7362      0.3158E-01   0.000      0.5300E-01  0.9134E-01  0.7203E-01   0.000      0.1100E-02   0.000      0.6374E-02  0.1615       0.000    
   592   10.90      -10.22       1.170      0.5574      0.2397E-01   0.000      0.4419E-01  0.8946E-01  0.7936E-01   0.000      0.4631E-03   0.000      0.6517E-02  0.1679       0.000    
   593   11.02      -10.18       1.170      0.2369      0.1018E-01   0.000      0.2963E-01  0.7877E-01  0.1254       0.000     -0.2687E-02   0.000      0.5579E-02  0.2055       0.000    

 Surface forces referred to Sref,Cref,Bref about Xmom,Ymom,Zmom
 Standard axis orientation,  X fwd, Z down         

  Surface #25     nacelle_6_vertical                      
     # chordwise =  6   # spanwise = 11     First strip =594
     Surface area = 0.29145           ave. chord = 0.67842    
     CLsurf  =  -0.000000     Clsurf  =   0.000000
     CYsurf  =  -0.000006     Cmsurf  =  -0.000000
     CDsurf  =  -0.000000     Cnsurf  =  -0.000000
     CDisurf =  -0.000000     CDvsurf =   0.000000

  Forces referred to Ssurf, Cave about hinge axis thru LE
     cl_surf =  -0.000002     cd_surf =  -0.000003

 Strip Forces referred to strip area, chord
    j    xLE         yLE         zLE         Chord       Area        Dihedral   c cl        ai_ff       cl           clj         cd          cdv         cm_c/4     c.p.x/c      Dcj
   594   11.02      -10.37      0.9768      0.2369      0.1016E-01   90.00      0.7343E-03 -0.1674E-01  0.3100E-02   0.000     -0.1208E-04   0.000      0.1249E-02 -0.1527       0.000    
   595   10.90      -10.37       1.020      0.5574      0.2397E-01   90.00      0.1682E-02 -0.1568E-01  0.3018E-02   0.000     -0.4717E-05   0.000      0.5264E-03  0.7556E-01   0.000    
   596   10.84      -10.37       1.063      0.7362      0.3158E-01   90.00      0.2671E-02 -0.1372E-01  0.3628E-02   0.000     -0.5222E-05   0.000      0.5142E-03  0.1083       0.000    
   597   10.80      -10.37       1.106      0.8763      0.3768E-01   90.00      0.4247E-02 -0.1188E-02  0.4846E-02   0.000     -0.6711E-05   0.000      0.6608E-03  0.1136       0.000    
   598   10.77      -10.37       1.149      0.9850      0.4236E-01   90.00      0.4110E-02  0.2013E-02  0.4172E-02   0.000     -0.1776E-05   0.000      0.4988E-03  0.1304       0.000    
   599   10.77      -10.37       1.181       1.008      0.2163E-01   90.00      0.8525E-03 -0.2072E-01  0.8456E-03   0.000     -0.5813E-07   0.000     -0.1502E-03  0.4276       0.000    
   600   10.77      -10.37       1.202      0.9619      0.2063E-01   90.00     -0.1943E-02 -0.4106E-01 -0.2020E-02   0.000      0.2036E-06   0.000     -0.1803E-03  0.1607       0.000    
   601   10.80      -10.37       1.235      0.8763      0.3768E-01   90.00     -0.2407E-02 -0.2996E-01 -0.2747E-02   0.000     -0.2101E-05   0.000     -0.1294E-03  0.2029       0.000    
   602   10.84      -10.37       1.278      0.7362      0.3166E-01   90.00     -0.1076E-02 -0.1748E-01 -0.1462E-02   0.000     -0.8299E-06   0.000     -0.5995E-04  0.2090       0.000    
   603   10.90      -10.37       1.321      0.5574      0.2391E-01   90.00     -0.5310E-03 -0.1426E-01 -0.9526E-03   0.000     -0.3308E-06   0.000     -0.4533E-05  0.2452       0.000    
   604   11.02      -10.37       1.364      0.2369      0.1018E-01   90.00     -0.2983E-03 -0.7881E-02 -0.1259E-02   0.000     -0.4017E-06   0.000      0.1888E-03  0.3999       0.000    
