 ---------------------------------------------------------------
Surface and Strip forces by surface

 Surface forces referred to Sref,Cref,Bref about Xmom,Ymom,Zmom
 Standard axis orientation,  X fwd, Z down         

  Surface # 1     main_wing_1                             
     # chordwise = 10   # spanwise = 50     First strip =  1
     Surface area =  12.571           ave. chord =  2.7969    
     CLsurf  =   0.098013     Clsurf  =  -0.008129
     CYsurf  =  -0.000031     Cmsurf  =  -0.049852
     CDsurf  =   0.005346     Cnsurf  =   0.000045
     CDisurf =   0.001037     CDvsurf =   0.000000

  Forces referred to Ssurf, Cave about hinge axis thru LE
     cl_surf =   0.516725     cd_surf =   0.028185

 Strip Forces referred to strip area, chord
    j    xLE         yLE         zLE         Chord       Area        Dihedral   c cl        ai_ff       cl           clj         cd          cdv         cm_c/4     c.p.x/c      Dcj
     1   12.62      0.1108E-02   1.385       2.816      0.1247E-01   0.000      0.9389     -0.6805E-02  0.3339       0.000     -0.3827E-03   0.000     -0.1008E-02  0.2530       0.000    
     2   12.62      0.9964E-02   1.385       2.816      0.3737E-01  0.9585E-12  0.9389     -0.1351E-02  0.3339       0.000     -0.3836E-03   0.000     -0.1008E-02  0.2530       0.000    
     3   12.62      0.2764E-01   1.385       2.816      0.6212E-01 -0.5766E-12  0.9389     -0.9332E-03  0.3339       0.000     -0.3894E-03   0.000     -0.1003E-02  0.2530       0.000    
     4   12.62      0.5407E-01   1.385       2.816      0.8663E-01   0.000      0.9390     -0.8626E-03  0.3340       0.000     -0.4081E-03   0.000     -0.9880E-03  0.2530       0.000    
     5   12.62      0.8914E-01   1.385       2.816      0.1108       0.000      0.9392     -0.9276E-03  0.3340       0.000     -0.4516E-03   0.000     -0.9522E-03  0.2529       0.000    
     6   12.62      0.1327       1.385       2.816      0.1345      0.2663E-12  0.9395     -0.1134E-02  0.3341       0.000     -0.5363E-03   0.000     -0.8828E-03  0.2526       0.000    
     7   12.62      0.1846       1.385       2.816      0.1577     -0.2271E-12  0.9400     -0.1540E-02  0.3343       0.000     -0.6846E-03   0.000     -0.7638E-03  0.2523       0.000    
     8   12.62      0.2447       1.385       2.816      0.1803       0.000      0.9407     -0.2239E-02  0.3346       0.000     -0.9279E-03   0.000     -0.5763E-03  0.2517       0.000    
     9   12.62      0.3126       1.385       2.816      0.2021       0.000      0.9419     -0.3378E-02  0.3350       0.000     -0.1314E-02   0.000     -0.2978E-03  0.2509       0.000    
    10   12.62      0.3882       1.385       2.816      0.2232       0.000      0.9435     -0.5223E-02  0.3356       0.000     -0.1923E-02   0.000      0.9786E-04  0.2497       0.000    
    11   12.62      0.4711       1.385       2.816      0.2434       0.000      0.9456     -0.8311E-02  0.3365       0.000     -0.2909E-02   0.000      0.6430E-03  0.2481       0.000    
    12   12.62      0.5610       1.385       2.816      0.2626      0.1364E-12  0.9484     -0.1396E-01  0.3375       0.000     -0.4631E-02   0.000      0.1381E-02  0.2459       0.000    
    13   12.62      0.6576       1.385       2.816      0.2808     -0.1276E-12  0.9521     -0.2666E-01  0.3390       0.000     -0.8176E-02   0.000      0.2379E-02  0.2430       0.000    
    14   12.62      0.7604       1.385       2.816      0.2979       0.000      0.9568     -0.8379E-01  0.3414       0.000     -0.2101E-01   0.000      0.3787E-02  0.2389       0.000    
    15   12.62      0.8736       1.385       2.816      0.3398       0.000      0.6916      0.4762E-01  0.5601      0.3148      0.5149E-01   0.000      0.5964E-01  0.1435       4.217    
    16   12.62      0.9971       1.385       2.816      0.3556     -0.1007E-12  0.6390      0.4565E-01  0.5629      0.3362      0.4286E-01   0.000      0.6164E-01  0.1405       4.217    
    17   12.62       1.126       1.385       2.816      0.3701      0.1936E-12  0.6094      0.4434E-01  0.5654      0.3492      0.4070E-01   0.000      0.6350E-01  0.1377       4.217    
    18   12.62       1.260       1.385       2.816      0.3831     -0.9350E-13  0.5894      0.4337E-01  0.5677      0.3587      0.3980E-01   0.000      0.6521E-01  0.1351       4.217    
    19   12.62       1.398       1.385       2.816      0.3946      0.9078E-13  0.5751      0.4261E-01  0.5700      0.3660      0.3939E-01   0.000      0.6679E-01  0.1328       4.217    
    20   12.62       1.540       1.385       2.816      0.4046     -0.8855E-13  0.5644      0.4202E-01  0.5721      0.3719      0.3920E-01   0.000      0.6819E-01  0.1308       4.217    
    21   12.62       1.678       1.385       2.814      0.3694       0.000      0.5564      0.4156E-01  0.5740      0.3766      0.3915E-01   0.000      0.6941E-01  0.1291       4.219    
    22   12.62       1.810       1.385       2.812      0.3750      0.9539E-13  0.5503      0.4120E-01  0.5759      0.3804      0.3916E-01   0.000      0.7043E-01  0.1277       4.223    
    23   12.62       1.944       1.385       2.809      0.3792     -0.9425E-13  0.5455      0.4090E-01  0.5772      0.3833      0.3918E-01   0.000      0.7123E-01  0.1266       4.227    
    24   12.62       2.080       1.385       2.807      0.3819       0.000      0.5418      0.4065E-01  0.5776      0.3848      0.3918E-01   0.000      0.7170E-01  0.1259       4.231    
    25   12.62       2.216       1.385       2.804      0.3830       0.000      0.5391      0.4049E-01  0.5765      0.3845      0.3911E-01   0.000      0.7171E-01  0.1256       4.235    
    26   12.63       2.353       1.385       2.801      0.3827      0.9313E-13  0.5374      0.4105E-01  0.5746      0.3830      0.3902E-01   0.000      0.7142E-01  0.1257       4.239    
    27   12.63       2.489       1.385       2.799      0.3808     -0.9350E-13  0.5367      0.2448E-01  0.5758      0.3843      0.3912E-01   0.000      0.7179E-01  0.1253       4.243    
    28   12.63       2.625       1.385       2.796      0.3774       0.000      0.5371      0.4025E-01  0.5793      0.3875      0.3937E-01   0.000      0.7266E-01  0.1246       4.247    
    29   12.63       2.759       1.385       2.793      0.3726      0.9539E-13  0.5384      0.4032E-01  0.5832      0.3907      0.3967E-01   0.000      0.7351E-01  0.1239       4.251    
    30   12.63       2.892       1.385       2.791      0.3663     -0.9694E-13  0.5405      0.4045E-01  0.5857      0.3922      0.3991E-01   0.000      0.7396E-01  0.1237       4.255    
    31   12.63       3.021       1.385       2.788      0.3585       0.000      0.5436      0.4063E-01  0.5870      0.3923      0.4010E-01   0.000      0.7404E-01  0.1239       4.259    
    32   12.63       3.149       1.385       2.786      0.3494       0.000      0.5476      0.4084E-01  0.5877      0.3914      0.4029E-01   0.000      0.7389E-01  0.1243       4.263    
    33   12.63       3.272       1.385       2.783      0.3389       0.000      0.5528      0.4113E-01  0.5881      0.3897      0.4051E-01   0.000      0.7358E-01  0.1249       4.266    
    34   12.63       3.392       1.385       2.781      0.3272       0.000      0.5595      0.4148E-01  0.5881      0.3872      0.4078E-01   0.000      0.7314E-01  0.1256       4.270    
    35   12.63       3.507       1.385       2.779      0.3141       0.000      0.5680      0.4192E-01  0.5880      0.3839      0.4115E-01   0.000      0.7259E-01  0.1266       4.273    
    36   12.63       3.618       1.385       2.777      0.2999       0.000      0.5788      0.4246E-01  0.5878      0.3796      0.4167E-01   0.000      0.7194E-01  0.1276       4.277    
    37   12.63       3.723       1.385       2.775      0.2844       0.000      0.5926      0.4312E-01  0.5874      0.3741      0.4246E-01   0.000      0.7119E-01  0.1288       4.280    
    38   12.63       3.823       1.385       2.773      0.2680      0.1316E-12  0.6106      0.4393E-01  0.5869      0.3670      0.4372E-01   0.000      0.7036E-01  0.1301       4.283    
    39   12.63       3.916       1.385       2.771      0.2504     -0.1408E-12  0.6349      0.4494E-01  0.5862      0.3574      0.4589E-01   0.000      0.6943E-01  0.1316       4.286    
    40   12.63       4.004       1.385       2.769      0.2320       0.000      0.6697      0.4624E-01  0.5854      0.3439      0.5046E-01   0.000      0.6841E-01  0.1331       4.288    
    41   12.63       4.084       1.385       2.768      0.2126       0.000      0.7295      0.4812E-01  0.5838      0.3206      0.6769E-01   0.000      0.6727E-01  0.1348       4.291    
    42   12.63       4.173       1.385       2.766      0.2791       0.000      0.9999     -0.9276E-01  0.3636       0.000     -0.3049E-01   0.000      0.1116E-01  0.2193       0.000    
    43   12.64       4.255       1.385       2.761      0.1733       0.000      0.9976     -0.4168E-01  0.3627       0.000     -0.1735E-01   0.000      0.1045E-01  0.2212       0.000    
    44   12.64       4.314       1.385       2.754      0.1512       0.000      0.9959     -0.3146E-01  0.3629       0.000     -0.1435E-01   0.000      0.1009E-01  0.2222       0.000    
    45   12.64       4.364       1.385       2.747      0.1287       0.000      0.9946     -0.2697E-01  0.3632       0.000     -0.1289E-01   0.000      0.9885E-02  0.2228       0.000    
    46   12.64       4.407       1.385       2.742      0.1058       0.000      0.9935     -0.2488E-01  0.3634       0.000     -0.1217E-01   0.000      0.9770E-02  0.2231       0.000    
    47   12.64       4.442       1.385       2.738      0.8260E-01   0.000      0.9927     -0.2398E-01  0.3637       0.000     -0.1184E-01   0.000      0.9713E-02  0.2233       0.000    
    48   12.64       4.467       1.385       2.735      0.5917E-01   0.000      0.9922     -0.2369E-01  0.3639       0.000     -0.1172E-01   0.000      0.9692E-02  0.2234       0.000    
    49   12.64       4.485       1.385       2.733      0.3557E-01   0.000      0.9918     -0.2366E-01  0.3640       0.000     -0.1169E-01   0.000      0.9687E-02  0.2234       0.000    
    50   12.64       4.494       1.385       2.732      0.1187E-01   0.000      0.9916     -0.2370E-01  0.3641       0.000     -0.1170E-01   0.000      0.9688E-02  0.2234       0.000    

 Surface forces referred to Sref,Cref,Bref about Xmom,Ymom,Zmom
 Standard axis orientation,  X fwd, Z down         

  Surface # 2     main_wing_1 (YDUP)                      
     # chordwise = 10   # spanwise = 50     First strip = 51
     Surface area =  12.571           ave. chord =  2.7969    
     CLsurf  =   0.097921     Clsurf  =   0.008121
     CYsurf  =   0.000031     Cmsurf  =  -0.049814
     CDsurf  =   0.005339     Cnsurf  =  -0.000045
     CDisurf =   0.001036     CDvsurf =   0.000000

  Forces referred to Ssurf, Cave about hinge axis thru LE
     cl_surf =   0.516237     cd_surf =   0.028147

 Strip Forces referred to strip area, chord
    j    xLE         yLE         zLE         Chord       Area        Dihedral   c cl        ai_ff       cl           clj         cd          cdv         cm_c/4     c.p.x/c      Dcj
    51   12.62     -0.1108E-02   1.385       2.816      0.1247E-01   0.000      0.9389      0.5478E-02  0.3339       0.000     -0.3827E-03   0.000     -0.1008E-02  0.2530       0.000    
    52   12.62     -0.9964E-02   1.385       2.816      0.3737E-01 -0.9585E-12  0.9389      0.2003E-04  0.3339       0.000     -0.3833E-03   0.000     -0.1008E-02  0.2530       0.000    
    53   12.62     -0.2764E-01   1.385       2.816      0.6212E-01  0.5766E-12  0.9389     -0.4301E-03  0.3339       0.000     -0.3885E-03   0.000     -0.1003E-02  0.2530       0.000    
    54   12.62     -0.5407E-01   1.385       2.816      0.8663E-01   0.000      0.9390     -0.6053E-03  0.3340       0.000     -0.4064E-03   0.000     -0.9882E-03  0.2530       0.000    
    55   12.62     -0.8914E-01   1.385       2.816      0.1108       0.000      0.9391     -0.7859E-03  0.3340       0.000     -0.4489E-03   0.000     -0.9525E-03  0.2529       0.000    
    56   12.62     -0.1327       1.385       2.816      0.1345     -0.2663E-12  0.9394     -0.1062E-02  0.3341       0.000     -0.5327E-03   0.000     -0.8832E-03  0.2526       0.000    
    57   12.62     -0.1846       1.385       2.816      0.1577      0.2271E-12  0.9399     -0.1508E-02  0.3343       0.000     -0.6803E-03   0.000     -0.7643E-03  0.2523       0.000    
    58   12.62     -0.2447       1.385       2.816      0.1803       0.000      0.9406     -0.2225E-02  0.3346       0.000     -0.9233E-03   0.000     -0.5767E-03  0.2517       0.000    
    59   12.62     -0.3126       1.385       2.816      0.2021       0.000      0.9417     -0.3371E-02  0.3350       0.000     -0.1309E-02   0.000     -0.2981E-03  0.2509       0.000    
    60   12.62     -0.3882       1.385       2.816      0.2232       0.000      0.9433     -0.5218E-02  0.3356       0.000     -0.1918E-02   0.000      0.9774E-04  0.2497       0.000    
    61   12.62     -0.4711       1.385       2.816      0.2434       0.000      0.9454     -0.8305E-02  0.3364       0.000     -0.2904E-02   0.000      0.6430E-03  0.2481       0.000    
    62   12.62     -0.5610       1.385       2.816      0.2626     -0.1364E-12  0.9482     -0.1395E-01  0.3375       0.000     -0.4625E-02   0.000      0.1381E-02  0.2459       0.000    
    63   12.62     -0.6576       1.385       2.816      0.2808      0.1276E-12  0.9519     -0.2665E-01  0.3389       0.000     -0.8168E-02   0.000      0.2379E-02  0.2430       0.000    
    64   12.62     -0.7604       1.385       2.816      0.2979       0.000      0.9566     -0.8378E-01  0.3413       0.000     -0.2099E-01   0.000      0.3786E-02  0.2389       0.000    
    65   12.62     -0.8736       1.385       2.816      0.3398       0.000      0.6915      0.4762E-01  0.5600      0.3147      0.5148E-01   0.000      0.5964E-01  0.1435       4.217    
    66   12.62     -0.9971       1.385       2.816      0.3556      0.1007E-12  0.6388      0.4566E-01  0.5628      0.3362      0.4285E-01   0.000      0.6164E-01  0.1405       4.217    
    67   12.62      -1.126       1.385       2.816      0.3701     -0.1936E-12  0.6091      0.4434E-01  0.5652      0.3492      0.4068E-01   0.000      0.6349E-01  0.1377       4.217    
    68   12.62      -1.260       1.385       2.816      0.3831      0.9350E-13  0.5892      0.4337E-01  0.5676      0.3586      0.3978E-01   0.000      0.6520E-01  0.1351       4.217    
    69   12.62      -1.398       1.385       2.816      0.3946     -0.9078E-13  0.5748      0.4261E-01  0.5698      0.3659      0.3937E-01   0.000      0.6677E-01  0.1328       4.217    
    70   12.62      -1.540       1.385       2.816      0.4046      0.8855E-13  0.5641      0.4202E-01  0.5718      0.3718      0.3918E-01   0.000      0.6816E-01  0.1308       4.217    
    71   12.62      -1.678       1.385       2.814      0.3694       0.000      0.5561      0.4156E-01  0.5737      0.3764      0.3912E-01   0.000      0.6936E-01  0.1291       4.219    
    72   12.62      -1.810       1.385       2.812      0.3750     -0.9539E-13  0.5499      0.4120E-01  0.5754      0.3801      0.3912E-01   0.000      0.7035E-01  0.1277       4.223    
    73   12.62      -1.944       1.385       2.809      0.3792      0.9425E-13  0.5451      0.4090E-01  0.5765      0.3827      0.3912E-01   0.000      0.7109E-01  0.1267       4.227    
    74   12.62      -2.080       1.385       2.807      0.3819       0.000      0.5413      0.4064E-01  0.5765      0.3839      0.3909E-01   0.000      0.7146E-01  0.1260       4.231    
    75   12.62      -2.216       1.385       2.804      0.3830       0.000      0.5385      0.4049E-01  0.5746      0.3828      0.3897E-01   0.000      0.7127E-01  0.1260       4.235    
    76   12.63      -2.353       1.385       2.801      0.3827     -0.9313E-13  0.5367      0.4130E-01  0.5717      0.3804      0.3883E-01   0.000      0.7075E-01  0.1262       4.239    
    77   12.63      -2.489       1.385       2.799      0.3808      0.9350E-13  0.5360      0.1766E-01  0.5730      0.3818      0.3894E-01   0.000      0.7117E-01  0.1258       4.243    
    78   12.63      -2.625       1.385       2.796      0.3774       0.000      0.5365      0.4022E-01  0.5772      0.3856      0.3923E-01   0.000      0.7219E-01  0.1249       4.247    
    79   12.63      -2.759       1.385       2.793      0.3726     -0.9539E-13  0.5379      0.4030E-01  0.5819      0.3896      0.3957E-01   0.000      0.7325E-01  0.1241       4.251    
    80   12.63      -2.892       1.385       2.791      0.3663      0.9694E-13  0.5401      0.4044E-01  0.5850      0.3917      0.3985E-01   0.000      0.7383E-01  0.1238       4.255    
    81   12.63      -3.021       1.385       2.788      0.3585       0.000      0.5432      0.4062E-01  0.5867      0.3921      0.4007E-01   0.000      0.7398E-01  0.1239       4.259    
    82   12.63      -3.149       1.385       2.786      0.3494       0.000      0.5473      0.4085E-01  0.5875      0.3913      0.4027E-01   0.000      0.7386E-01  0.1243       4.263    
    83   12.63      -3.272       1.385       2.783      0.3389       0.000      0.5526      0.4113E-01  0.5879      0.3897      0.4049E-01   0.000      0.7357E-01  0.1249       4.266    
    84   12.63      -3.392       1.385       2.781      0.3272       0.000      0.5593      0.4149E-01  0.5881      0.3872      0.4077E-01   0.000      0.7315E-01  0.1256       4.270    
    85   12.63      -3.507       1.385       2.779      0.3141       0.000      0.5678      0.4193E-01  0.5880      0.3839      0.4114E-01   0.000      0.7260E-01  0.1265       4.273    
    86   12.63      -3.618       1.385       2.777      0.2999       0.000      0.5786      0.4246E-01  0.5878      0.3796      0.4166E-01   0.000      0.7195E-01  0.1276       4.277    
    87   12.63      -3.723       1.385       2.775      0.2844       0.000      0.5925      0.4312E-01  0.5874      0.3741      0.4246E-01   0.000      0.7120E-01  0.1288       4.280    
    88   12.63      -3.823       1.385       2.773      0.2680     -0.1316E-12  0.6105      0.4393E-01  0.5869      0.3670      0.4371E-01   0.000      0.7037E-01  0.1301       4.283    
    89   12.63      -3.916       1.385       2.771      0.2504      0.1408E-12  0.6348      0.4494E-01  0.5862      0.3574      0.4589E-01   0.000      0.6944E-01  0.1315       4.286    
    90   12.63      -4.004       1.385       2.769      0.2320       0.000      0.6696      0.4624E-01  0.5854      0.3439      0.5046E-01   0.000      0.6842E-01  0.1331       4.288    
    91   12.63      -4.084       1.385       2.768      0.2126       0.000      0.7295      0.4812E-01  0.5838      0.3206      0.6770E-01   0.000      0.6728E-01  0.1347       4.291    
    92   12.63      -4.173       1.385       2.766      0.2791       0.000       1.000     -0.9275E-01  0.3636       0.000     -0.3050E-01   0.000      0.1117E-01  0.2193       0.000    
    93   12.64      -4.255       1.385       2.761      0.1733       0.000      0.9977     -0.4167E-01  0.3628       0.000     -0.1736E-01   0.000      0.1046E-01  0.2212       0.000    
    94   12.64      -4.314       1.385       2.754      0.1512       0.000      0.9960     -0.3145E-01  0.3629       0.000     -0.1436E-01   0.000      0.1010E-01  0.2222       0.000    
    95   12.64      -4.364       1.385       2.747      0.1287       0.000      0.9946     -0.2696E-01  0.3632       0.000     -0.1290E-01   0.000      0.9894E-02  0.2228       0.000    
    96   12.64      -4.407       1.385       2.742      0.1058       0.000      0.9936     -0.2487E-01  0.3635       0.000     -0.1218E-01   0.000      0.9779E-02  0.2231       0.000    
    97   12.64      -4.442       1.385       2.738      0.8260E-01   0.000      0.9928     -0.2397E-01  0.3637       0.000     -0.1185E-01   0.000      0.9722E-02  0.2233       0.000    
    98   12.64      -4.467       1.385       2.735      0.5917E-01   0.000      0.9922     -0.2368E-01  0.3639       0.000     -0.1173E-01   0.000      0.9700E-02  0.2233       0.000    
    99   12.64      -4.485       1.385       2.733      0.3557E-01   0.000      0.9918     -0.2366E-01  0.3641       0.000     -0.1170E-01   0.000      0.9696E-02  0.2234       0.000    
   100   12.64      -4.494       1.385       2.732      0.1187E-01   0.000      0.9917     -0.2369E-01  0.3641       0.000     -0.1171E-01   0.000      0.9696E-02  0.2234       0.000    

 Surface forces referred to Sref,Cref,Bref about Xmom,Ymom,Zmom
 Standard axis orientation,  X fwd, Z down         

  Surface # 3     main_wing_2                             
     # chordwise = 10   # spanwise = 50     First strip =101
     Surface area =  10.062           ave. chord =  2.4823    
     CLsurf  =   0.087857     Clsurf  =  -0.020238
     CYsurf  =  -0.000181     Cmsurf  =  -0.044443
     CDsurf  =   0.005134     Cnsurf  =   0.000146
     CDisurf =   0.000783     CDvsurf =   0.000000

  Forces referred to Ssurf, Cave about hinge axis thru LE
     cl_surf =   0.578639     cd_surf =   0.033816

 Strip Forces referred to strip area, chord
    j    xLE         yLE         zLE         Chord       Area        Dihedral   c cl        ai_ff       cl           clj         cd          cdv         cm_c/4     c.p.x/c      Dcj
   101   12.64       4.496       1.385       2.731      0.1053E-01   0.000      0.9916     -0.2371E-01  0.3641       0.000     -0.1170E-01   0.000      0.9688E-02  0.2234       0.000    
   102   12.64       4.503       1.385       2.730      0.3154E-01  0.1101E-11  0.9914     -0.2378E-01  0.3642       0.000     -0.1171E-01   0.000      0.9690E-02  0.2234       0.000    
   103   12.64       4.519       1.385       2.729      0.5240E-01 -0.6625E-12  0.9911     -0.2400E-01  0.3644       0.000     -0.1176E-01   0.000      0.9699E-02  0.2234       0.000    
   104   12.64       4.542       1.385       2.726      0.7299E-01   0.000      0.9907     -0.2454E-01  0.3646       0.000     -0.1190E-01   0.000      0.9725E-02  0.2233       0.000    
   105   12.65       4.572       1.385       2.722      0.9322E-01  0.3715E-12  0.9901     -0.2565E-01  0.3649       0.000     -0.1223E-01   0.000      0.9781E-02  0.2232       0.000    
   106   12.65       4.610       1.385       2.717      0.1130     -0.3059E-12  0.9894     -0.2778E-01  0.3653       0.000     -0.1287E-01   0.000      0.9887E-02  0.2229       0.000    
   107   12.65       4.655       1.385       2.712      0.1322       0.000      0.9887     -0.3178E-01  0.3658       0.000     -0.1410E-01   0.000      0.1007E-01  0.2225       0.000    
   108   12.65       4.708       1.385       2.705      0.1508       0.000      0.9880     -0.3961E-01  0.3666       0.000     -0.1646E-01   0.000      0.1037E-01  0.2217       0.000    
   109   12.65       4.767       1.385       2.698      0.1686       0.000      0.9873     -0.5789E-01  0.3676       0.000     -0.2160E-01   0.000      0.1085E-01  0.2205       0.000    
   110   12.65       4.833       1.385       2.690      0.1856       0.000      0.9869     -0.1413      0.3697       0.000     -0.4343E-01   0.000      0.1162E-01  0.2186       0.000    
   111   12.66       4.906       1.385       2.681      0.2110      0.1616E-12  0.7097      0.4780E-01  0.5967      0.3324      0.6897E-01   0.000      0.6939E-01  0.1337       4.430    
   112   12.66       4.988       1.385       2.671      0.2268     -0.1498E-12  0.6497      0.4576E-01  0.5997      0.3568      0.5187E-01   0.000      0.7082E-01  0.1319       4.446    
   113   12.66       5.076       1.385       2.660      0.2415       0.000      0.6139      0.4433E-01  0.6021      0.3717      0.4741E-01   0.000      0.7218E-01  0.1301       4.464    
   114   12.66       5.170       1.385       2.648      0.2551       0.000      0.5882      0.4321E-01  0.6045      0.3827      0.4534E-01   0.000      0.7347E-01  0.1285       4.484    
   115   12.67       5.269       1.385       2.636      0.2675      0.1254E-12  0.5684      0.4228E-01  0.6068      0.3915      0.4421E-01   0.000      0.7472E-01  0.1269       4.504    
   116   12.67       5.373       1.385       2.624      0.2786     -0.1198E-12  0.5525      0.4151E-01  0.6092      0.3988      0.4356E-01   0.000      0.7591E-01  0.1254       4.526    
   117   12.67       5.481       1.385       2.610      0.2885       0.000      0.5394      0.4086E-01  0.6115      0.4051      0.4319E-01   0.000      0.7705E-01  0.1240       4.549    
   118   12.68       5.593       1.385       2.596      0.2971      0.1112E-12  0.5284      0.4030E-01  0.6137      0.4105      0.4298E-01   0.000      0.7812E-01  0.1227       4.574    
   119   12.68       5.710       1.385       2.582      0.3043     -0.2159E-12  0.5189      0.3983E-01  0.6159      0.4152      0.4289E-01   0.000      0.7911E-01  0.1216       4.599    
   120   12.68       5.829       1.385       2.567      0.3102      0.1053E-12  0.5108      0.3943E-01  0.6180      0.4193      0.4286E-01   0.000      0.8002E-01  0.1205       4.625    
   121   12.69       5.951       1.385       2.552      0.3147       0.000      0.5036      0.3910E-01  0.6198      0.4228      0.4286E-01   0.000      0.8080E-01  0.1196       4.653    
   122   12.69       6.076       1.385       2.537      0.3179     -0.1015E-12  0.4973      0.3881E-01  0.6211      0.4254      0.4287E-01   0.000      0.8139E-01  0.1190       4.681    
   123   12.70       6.202       1.385       2.522      0.3198      0.2006E-12  0.4917      0.3857E-01  0.6214      0.4267      0.4285E-01   0.000      0.8168E-01  0.1186       4.709    
   124   12.70       6.329       1.385       2.506      0.3204     -0.9952E-13  0.4868      0.3849E-01  0.6204      0.4264      0.4277E-01   0.000      0.8156E-01  0.1185       4.739    
   125   12.70       6.457       1.385       2.490      0.3196       0.000      0.4825      0.3872E-01  0.6197      0.4262      0.4274E-01   0.000      0.8152E-01  0.1184       4.769    
   126   12.71       6.586       1.385       2.474      0.3176       0.000      0.4789      0.3812E-01  0.6218      0.4286      0.4290E-01   0.000      0.8212E-01  0.1179       4.799    
   127   12.71       6.714       1.385       2.459      0.3143       0.000      0.4762      0.3835E-01  0.6266      0.4331      0.4323E-01   0.000      0.8326E-01  0.1171       4.830    
   128   12.71       6.841       1.385       2.443      0.3098       0.000      0.4743      0.3835E-01  0.6315      0.4376      0.4359E-01   0.000      0.8435E-01  0.1164       4.861    
   129   12.72       6.967       1.385       2.427      0.3042       0.000      0.4731      0.3851E-01  0.6351      0.4404      0.4390E-01   0.000      0.8502E-01  0.1161       4.892    
   130   12.72       7.092       1.385       2.412      0.2974       0.000      0.4727      0.3871E-01  0.6376      0.4420      0.4418E-01   0.000      0.8538E-01  0.1161       4.923    
   131   12.73       7.214       1.385       2.397      0.2896     -0.1053E-12  0.4731      0.3897E-01  0.6397      0.4426      0.4445E-01   0.000      0.8553E-01  0.1163       4.954    
   132   12.73       7.333       1.385       2.382      0.2808      0.1080E-12  0.4745      0.3931E-01  0.6413      0.4424      0.4474E-01   0.000      0.8551E-01  0.1167       4.984    
   133   12.73       7.449       1.385       2.368      0.2710       0.000      0.4773      0.3973E-01  0.6427      0.4414      0.4509E-01   0.000      0.8535E-01  0.1172       5.014    
   134   12.74       7.562       1.385       2.354      0.2602       0.000      0.4818      0.4024E-01  0.6439      0.4396      0.4553E-01   0.000      0.8505E-01  0.1179       5.044    
   135   12.74       7.670       1.385       2.341      0.2486       0.000      0.4883      0.4086E-01  0.6449      0.4366      0.4612E-01   0.000      0.8461E-01  0.1188       5.073    
   136   12.74       7.774       1.385       2.328      0.2362       0.000      0.4977      0.4162E-01  0.6458      0.4323      0.4698E-01   0.000      0.8403E-01  0.1199       5.100    
   137   12.75       7.873       1.385       2.316      0.2231       0.000      0.5109      0.4255E-01  0.6464      0.4261      0.4832E-01   0.000      0.8331E-01  0.1211       5.127    
   138   12.75       7.967       1.385       2.305      0.2093       0.000      0.5299      0.4372E-01  0.6469      0.4172      0.5061E-01   0.000      0.8244E-01  0.1226       5.153    
   139   12.75       8.055       1.385       2.294      0.1948       0.000      0.5587      0.4523E-01  0.6471      0.4038      0.5536E-01   0.000      0.8141E-01  0.1242       5.177    
   140   12.75       8.137       1.385       2.284      0.1797       0.000      0.6098      0.4741E-01  0.6465      0.3798      0.7316E-01   0.000      0.8019E-01  0.1260       5.200    
   141   12.76       8.210       1.385       2.275      0.1570     -0.1844E-12  0.8572     -0.1594      0.3795       0.000     -0.4131E-01   0.000      0.1220E-01  0.2179       0.000    
   142   12.76       8.276       1.385       2.267      0.1416       0.000      0.8529     -0.6875E-01  0.3779       0.000     -0.2123E-01   0.000      0.1120E-01  0.2204       0.000    
   143   12.76       8.335       1.385       2.259      0.1259      0.2283E-12  0.8493     -0.4902E-01  0.3773       0.000     -0.1616E-01   0.000      0.1058E-01  0.2220       0.000    
   144   12.76       8.388       1.385       2.253      0.1098       0.000      0.8463     -0.4067E-01  0.3769       0.000     -0.1384E-01   0.000      0.1018E-01  0.2230       0.000    
   145   12.76       8.433       1.385       2.247      0.9345E-01   0.000      0.8439     -0.3649E-01  0.3767       0.000     -0.1264E-01   0.000      0.9929E-02  0.2236       0.000    
   146   12.77       8.471       1.385       2.243      0.7681E-01   0.000      0.8419     -0.3432E-01  0.3765       0.000     -0.1201E-01   0.000      0.9780E-02  0.2240       0.000    
   147   12.77       8.501       1.385       2.239      0.5996E-01   0.000      0.8403     -0.3323E-01  0.3764       0.000     -0.1169E-01   0.000      0.9698E-02  0.2242       0.000    
   148   12.77       8.524       1.385       2.236      0.4294E-01   0.000      0.8391     -0.3276E-01  0.3764       0.000     -0.1155E-01   0.000      0.9659E-02  0.2243       0.000    
   149   12.77       8.540       1.385       2.234      0.2581E-01   0.000      0.8384     -0.3259E-01  0.3764       0.000     -0.1150E-01   0.000      0.9643E-02  0.2244       0.000    
   150   12.77       8.547       1.385       2.233      0.8611E-02   0.000      0.8380     -0.3255E-01  0.3764       0.000     -0.1149E-01   0.000      0.9638E-02  0.2244       0.000    

 Surface forces referred to Sref,Cref,Bref about Xmom,Ymom,Zmom
 Standard axis orientation,  X fwd, Z down         

  Surface # 4     main_wing_2 (YDUP)                      
     # chordwise = 10   # spanwise = 50     First strip =151
     Surface area =  10.062           ave. chord =  2.4823    
     CLsurf  =   0.087861     Clsurf  =   0.020238
     CYsurf  =   0.000181     Cmsurf  =  -0.044444
     CDsurf  =   0.005134     Cnsurf  =  -0.000146
     CDisurf =   0.000783     CDvsurf =   0.000000

  Forces referred to Ssurf, Cave about hinge axis thru LE
     cl_surf =   0.578660     cd_surf =   0.033816

 Strip Forces referred to strip area, chord
    j    xLE         yLE         zLE         Chord       Area        Dihedral   c cl        ai_ff       cl           clj         cd          cdv         cm_c/4     c.p.x/c      Dcj
   151   12.64      -4.496       1.385       2.731      0.1053E-01   0.000      0.9916     -0.2371E-01  0.3642       0.000     -0.1171E-01   0.000      0.9697E-02  0.2234       0.000    
   152   12.64      -4.503       1.385       2.730      0.3154E-01 -0.1101E-11  0.9915     -0.2378E-01  0.3642       0.000     -0.1172E-01   0.000      0.9699E-02  0.2234       0.000    
   153   12.64      -4.519       1.385       2.729      0.5240E-01  0.6625E-12  0.9912     -0.2400E-01  0.3644       0.000     -0.1177E-01   0.000      0.9708E-02  0.2234       0.000    
   154   12.64      -4.542       1.385       2.726      0.7299E-01   0.000      0.9907     -0.2453E-01  0.3646       0.000     -0.1191E-01   0.000      0.9733E-02  0.2233       0.000    
   155   12.65      -4.572       1.385       2.722      0.9322E-01 -0.3715E-12  0.9901     -0.2564E-01  0.3649       0.000     -0.1224E-01   0.000      0.9789E-02  0.2232       0.000    
   156   12.65      -4.610       1.385       2.717      0.1130      0.3059E-12  0.9895     -0.2778E-01  0.3653       0.000     -0.1288E-01   0.000      0.9895E-02  0.2229       0.000    
   157   12.65      -4.655       1.385       2.712      0.1322       0.000      0.9888     -0.3178E-01  0.3659       0.000     -0.1411E-01   0.000      0.1008E-01  0.2225       0.000    
   158   12.65      -4.708       1.385       2.705      0.1508       0.000      0.9881     -0.3961E-01  0.3666       0.000     -0.1647E-01   0.000      0.1038E-01  0.2217       0.000    
   159   12.65      -4.767       1.385       2.698      0.1686       0.000      0.9874     -0.5789E-01  0.3676       0.000     -0.2161E-01   0.000      0.1085E-01  0.2205       0.000    
   160   12.65      -4.833       1.385       2.690      0.1856       0.000      0.9870     -0.1413      0.3697       0.000     -0.4345E-01   0.000      0.1163E-01  0.2185       0.000    
   161   12.66      -4.906       1.385       2.681      0.2110     -0.1616E-12  0.7097      0.4780E-01  0.5967      0.3324      0.6897E-01   0.000      0.6940E-01  0.1337       4.430    
   162   12.66      -4.988       1.385       2.671      0.2268      0.1498E-12  0.6497      0.4576E-01  0.5997      0.3568      0.5187E-01   0.000      0.7083E-01  0.1319       4.446    
   163   12.66      -5.076       1.385       2.660      0.2415       0.000      0.6139      0.4433E-01  0.6022      0.3717      0.4741E-01   0.000      0.7218E-01  0.1301       4.464    
   164   12.66      -5.170       1.385       2.648      0.2551       0.000      0.5882      0.4321E-01  0.6045      0.3827      0.4534E-01   0.000      0.7348E-01  0.1284       4.484    
   165   12.67      -5.269       1.385       2.636      0.2675     -0.1254E-12  0.5684      0.4228E-01  0.6069      0.3915      0.4421E-01   0.000      0.7472E-01  0.1269       4.504    
   166   12.67      -5.373       1.385       2.624      0.2786      0.1198E-12  0.5525      0.4151E-01  0.6092      0.3989      0.4356E-01   0.000      0.7592E-01  0.1254       4.526    
   167   12.67      -5.481       1.385       2.610      0.2885       0.000      0.5394      0.4086E-01  0.6115      0.4051      0.4319E-01   0.000      0.7705E-01  0.1240       4.549    
   168   12.68      -5.593       1.385       2.596      0.2971     -0.1112E-12  0.5284      0.4030E-01  0.6138      0.4105      0.4299E-01   0.000      0.7812E-01  0.1227       4.574    
   169   12.68      -5.710       1.385       2.582      0.3043      0.2159E-12  0.5189      0.3983E-01  0.6160      0.4152      0.4289E-01   0.000      0.7912E-01  0.1216       4.599    
   170   12.68      -5.829       1.385       2.567      0.3102     -0.1053E-12  0.5108      0.3943E-01  0.6180      0.4193      0.4286E-01   0.000      0.8002E-01  0.1205       4.625    
   171   12.69      -5.951       1.385       2.552      0.3147       0.000      0.5036      0.3910E-01  0.6198      0.4228      0.4286E-01   0.000      0.8080E-01  0.1196       4.653    
   172   12.69      -6.076       1.385       2.537      0.3179      0.1015E-12  0.4973      0.3881E-01  0.6211      0.4254      0.4287E-01   0.000      0.8140E-01  0.1190       4.681    
   173   12.70      -6.202       1.385       2.522      0.3198     -0.2006E-12  0.4917      0.3857E-01  0.6214      0.4267      0.4285E-01   0.000      0.8168E-01  0.1186       4.709    
   174   12.70      -6.329       1.385       2.506      0.3204      0.9952E-13  0.4868      0.3849E-01  0.6204      0.4264      0.4277E-01   0.000      0.8157E-01  0.1185       4.739    
   175   12.70      -6.457       1.385       2.490      0.3196       0.000      0.4825      0.3872E-01  0.6197      0.4262      0.4275E-01   0.000      0.8152E-01  0.1184       4.769    
   176   12.71      -6.586       1.385       2.474      0.3176       0.000      0.4789      0.3812E-01  0.6219      0.4286      0.4290E-01   0.000      0.8212E-01  0.1179       4.799    
   177   12.71      -6.714       1.385       2.459      0.3143       0.000      0.4762      0.3835E-01  0.6266      0.4331      0.4323E-01   0.000      0.8326E-01  0.1171       4.830    
   178   12.71      -6.841       1.385       2.443      0.3098       0.000      0.4743      0.3835E-01  0.6315      0.4376      0.4359E-01   0.000      0.8435E-01  0.1164       4.861    
   179   12.72      -6.967       1.385       2.427      0.3042       0.000      0.4731      0.3851E-01  0.6351      0.4404      0.4390E-01   0.000      0.8502E-01  0.1161       4.892    
   180   12.72      -7.092       1.385       2.412      0.2974       0.000      0.4727      0.3871E-01  0.6377      0.4420      0.4418E-01   0.000      0.8538E-01  0.1161       4.923    
   181   12.73      -7.214       1.385       2.397      0.2896      0.1053E-12  0.4731      0.3897E-01  0.6397      0.4426      0.4445E-01   0.000      0.8553E-01  0.1163       4.954    
   182   12.73      -7.333       1.385       2.382      0.2808     -0.1080E-12  0.4746      0.3931E-01  0.6413      0.4424      0.4474E-01   0.000      0.8552E-01  0.1167       4.984    
   183   12.73      -7.449       1.385       2.368      0.2710       0.000      0.4774      0.3972E-01  0.6427      0.4414      0.4509E-01   0.000      0.8535E-01  0.1172       5.014    
   184   12.74      -7.562       1.385       2.354      0.2602       0.000      0.4818      0.4024E-01  0.6439      0.4396      0.4553E-01   0.000      0.8505E-01  0.1179       5.044    
   185   12.74      -7.670       1.385       2.341      0.2486       0.000      0.4884      0.4086E-01  0.6449      0.4366      0.4613E-01   0.000      0.8461E-01  0.1188       5.073    
   186   12.74      -7.774       1.385       2.328      0.2362       0.000      0.4977      0.4162E-01  0.6458      0.4323      0.4698E-01   0.000      0.8403E-01  0.1199       5.100    
   187   12.75      -7.873       1.385       2.316      0.2231       0.000      0.5109      0.4255E-01  0.6464      0.4261      0.4832E-01   0.000      0.8331E-01  0.1211       5.127    
   188   12.75      -7.967       1.385       2.305      0.2093       0.000      0.5299      0.4372E-01  0.6469      0.4173      0.5061E-01   0.000      0.8244E-01  0.1226       5.153    
   189   12.75      -8.055       1.385       2.294      0.1948       0.000      0.5587      0.4523E-01  0.6471      0.4038      0.5536E-01   0.000      0.8141E-01  0.1242       5.177    
   190   12.75      -8.137       1.385       2.284      0.1797       0.000      0.6098      0.4741E-01  0.6465      0.3798      0.7316E-01   0.000      0.8019E-01  0.1260       5.200    
   191   12.76      -8.210       1.385       2.275      0.1570      0.1844E-12  0.8573     -0.1594      0.3796       0.000     -0.4131E-01   0.000      0.1220E-01  0.2179       0.000    
   192   12.76      -8.276       1.385       2.267      0.1416       0.000      0.8530     -0.6876E-01  0.3780       0.000     -0.2124E-01   0.000      0.1120E-01  0.2204       0.000    
   193   12.76      -8.335       1.385       2.259      0.1259     -0.2283E-12  0.8494     -0.4902E-01  0.3773       0.000     -0.1617E-01   0.000      0.1058E-01  0.2220       0.000    
   194   12.76      -8.388       1.385       2.253      0.1098       0.000      0.8464     -0.4068E-01  0.3769       0.000     -0.1385E-01   0.000      0.1018E-01  0.2230       0.000    
   195   12.76      -8.433       1.385       2.247      0.9345E-01   0.000      0.8439     -0.3649E-01  0.3767       0.000     -0.1264E-01   0.000      0.9930E-02  0.2236       0.000    
   196   12.77      -8.471       1.385       2.243      0.7681E-01   0.000      0.8419     -0.3432E-01  0.3765       0.000     -0.1201E-01   0.000      0.9781E-02  0.2240       0.000    
   197   12.77      -8.501       1.385       2.239      0.5996E-01   0.000      0.8403     -0.3324E-01  0.3765       0.000     -0.1169E-01   0.000      0.9699E-02  0.2242       0.000    
   198   12.77      -8.524       1.385       2.236      0.4294E-01   0.000      0.8392     -0.3276E-01  0.3764       0.000     -0.1155E-01   0.000      0.9659E-02  0.2243       0.000    
   199   12.77      -8.540       1.385       2.234      0.2581E-01   0.000      0.8384     -0.3259E-01  0.3764       0.000     -0.1150E-01   0.000      0.9643E-02  0.2244       0.000    
   200   12.77      -8.547       1.385       2.233      0.8611E-02   0.000      0.8380     -0.3255E-01  0.3764       0.000     -0.1149E-01   0.000      0.9638E-02  0.2244       0.000    

 Surface forces referred to Sref,Cref,Bref about Xmom,Ymom,Zmom
 Standard axis orientation,  X fwd, Z down         

  Surface # 5     main_wing_3                             
     # chordwise = 10   # spanwise = 50     First strip =201
     Surface area =  10.503           ave. chord =  1.8918    
     CLsurf  =   0.082247     Clsurf  =  -0.031394
     CYsurf  =  -0.000167     Cmsurf  =  -0.043150
     CDsurf  =   0.004519     Cnsurf  =   0.000067
     CDisurf =   0.000700     CDvsurf =   0.000000

  Forces referred to Ssurf, Cave about hinge axis thru LE
     cl_surf =   0.518953     cd_surf =   0.028512

 Strip Forces referred to strip area, chord
    j    xLE         yLE         zLE         Chord       Area        Dihedral   c cl        ai_ff       cl           clj         cd          cdv         cm_c/4     c.p.x/c      Dcj
   201   12.77       8.550       1.385       2.233      0.1329E-01   0.000      0.8379     -0.3254E-01  0.3764       0.000     -0.1148E-01   0.000      0.9637E-02  0.2244       0.000    
   202   12.77       8.562       1.385       2.231      0.3980E-01   0.000      0.8373     -0.3255E-01  0.3764       0.000     -0.1148E-01   0.000      0.9634E-02  0.2244       0.000    
   203   12.77       8.585       1.385       2.229      0.6608E-01   0.000      0.8362     -0.3279E-01  0.3763       0.000     -0.1153E-01   0.000      0.9642E-02  0.2244       0.000    
   204   12.77       8.621       1.385       2.224      0.9196E-01   0.000      0.8345     -0.3370E-01  0.3763       0.000     -0.1179E-01   0.000      0.9693E-02  0.2242       0.000    
   205   12.77       8.668       1.385       2.218      0.1173       0.000      0.8324     -0.3612E-01  0.3764       0.000     -0.1247E-01   0.000      0.9832E-02  0.2239       0.000    
   206   12.77       8.727       1.385       2.211      0.1420       0.000      0.8299     -0.4188E-01  0.3766       0.000     -0.1409E-01   0.000      0.1013E-01  0.2231       0.000    
   207   12.78       8.796       1.385       2.203      0.1658       0.000      0.8272     -0.5694E-01  0.3770       0.000     -0.1814E-01   0.000      0.1070E-01  0.2216       0.000    
   208   12.78       8.877       1.385       2.193      0.1887       0.000      0.8245     -0.1296      0.3784       0.000     -0.3456E-01   0.000      0.1177E-01  0.2189       0.000    
   209   12.78       8.965       1.385       2.182      0.1947     -0.1426E-12  0.5721      0.4732E-01  0.6585      0.3966      0.6988E-01   0.000      0.8321E-01  0.1236       5.443    
   210   12.78       9.059       1.385       2.170      0.2138      0.1291E-12  0.5160      0.4509E-01  0.6614      0.4240      0.5515E-01   0.000      0.8538E-01  0.1209       5.472    
   211   12.79       9.162       1.385       2.158      0.2318     -0.1184E-12  0.4818      0.4356E-01  0.6639      0.4409      0.5107E-01   0.000      0.8743E-01  0.1183       5.504    
   212   12.79       9.274       1.385       2.144      0.2485      0.2195E-12  0.4570      0.4240E-01  0.6662      0.4534      0.4918E-01   0.000      0.8940E-01  0.1158       5.539    
   213   12.79       9.394       1.385       2.129      0.2639     -0.1026E-12  0.4376      0.4149E-01  0.6685      0.4633      0.4819E-01   0.000      0.9129E-01  0.1134       5.577    
   214   12.80       9.521       1.385       2.113      0.2779       0.000      0.4216      0.4077E-01  0.6707      0.4714      0.4764E-01   0.000      0.9309E-01  0.1112       5.619    
   215   12.80       9.656       1.385       2.097      0.2904     -0.9185E-13  0.4081      0.4021E-01  0.6727      0.4784      0.4733E-01   0.000      0.9479E-01  0.1091       5.663    
   216   12.81       9.798       1.385       2.079      0.3015      0.8775E-13  0.3963      0.3979E-01  0.6746      0.4843      0.4715E-01   0.000      0.9636E-01  0.1072       5.711    
   217   12.81       9.946       1.385       2.061      0.3110       0.000      0.3858      0.3948E-01  0.6760      0.4891      0.4703E-01   0.000      0.9777E-01  0.1054       5.761    
   218   12.82       10.10       1.385       2.042      0.3190     -0.8146E-13  0.3761      0.3927E-01  0.6767      0.4928      0.4691E-01   0.000      0.9892E-01  0.1038       5.814    
   219   12.82       10.26       1.385       2.023      0.3254      0.7908E-13  0.3671      0.3912E-01  0.6757      0.4944      0.4672E-01   0.000      0.9957E-01  0.1026       5.871    
   220   12.82       10.42       1.385       2.003      0.3303     -0.7714E-13  0.3586      0.3917E-01  0.6720      0.4932      0.4639E-01   0.000      0.9953E-01  0.1019       5.929    
   221   12.83       10.59       1.385       1.982      0.3337      0.7558E-13  0.3506      0.4658E-01  0.6700      0.4933      0.4619E-01   0.000      0.9986E-01  0.1009       5.991    
   222   12.84       10.76       1.385       1.961      0.3355       0.000      0.3435      0.3949E-01  0.6738      0.4990      0.4637E-01   0.000      0.1016      0.9926E-01   6.054    
   223   12.84       10.93       1.385       1.940      0.3359       0.000      0.3370      0.3967E-01  0.6790      0.5055      0.4664E-01   0.000      0.1035      0.9760E-01   6.120    
   224   12.85       11.10       1.385       1.919      0.3349       0.000      0.3311      0.4008E-01  0.6809      0.5086      0.4675E-01   0.000      0.1045      0.9652E-01   6.189    
   225   12.85       11.28       1.385       1.897      0.3324       0.000      0.3258      0.4058E-01  0.6808      0.5094      0.4675E-01   0.000      0.1050      0.9582E-01   6.259    
   226   12.86       11.45       1.385       1.876      0.3287       0.000      0.3217      0.4122E-01  0.6796      0.5084      0.4673E-01   0.000      0.1050      0.9546E-01   6.331    
   227   12.86       11.63       1.385       1.854      0.3236       0.000      0.3195      0.4204E-01  0.6774      0.5054      0.4677E-01   0.000      0.1047      0.9549E-01   6.404    
   228   12.87       11.80       1.385       1.833      0.3173       0.000      0.3207      0.4311E-01  0.6743      0.4995      0.4705E-01   0.000      0.1038      0.9602E-01   6.479    
   229   12.87       11.98       1.385       1.812      0.3099       0.000      0.3288      0.4458E-01  0.6701      0.4889      0.4814E-01   0.000      0.1024      0.9724E-01   6.554    
   230   12.88       12.15       1.385       1.791      0.3015       0.000      0.3547      0.4682E-01  0.6647      0.4670      0.5326E-01   0.000      0.1001      0.9945E-01   6.631    
   231   12.88       12.31       1.385       1.771      0.2835       0.000      0.5489     -0.5961E-01  0.3111       0.000     -0.1331E-01   0.000      0.1082E-01  0.2152       0.000    
   232   12.89       12.47       1.385       1.751      0.2735       0.000      0.5259     -0.1296E-01  0.3009       0.000     -0.4437E-02   0.000      0.8493E-02  0.2218       0.000    
   233   12.89       12.62       1.385       1.732      0.2626      0.8392E-13  0.5031     -0.1683E-02  0.2909       0.000     -0.1876E-02   0.000      0.7127E-02  0.2255       0.000    
   234   12.90       12.77       1.385       1.714      0.2510     -0.8687E-13  0.4801      0.4017E-02  0.2805       0.000     -0.5906E-03   0.000      0.6314E-02  0.2275       0.000    
   235   12.90       12.91       1.385       1.696      0.2387       0.000      0.4567      0.7770E-02  0.2696       0.000      0.2012E-03   0.000      0.5870E-02  0.2282       0.000    
   236   12.91       13.05       1.385       1.679      0.2258       0.000      0.4329      0.1063E-01  0.2581       0.000      0.7437E-03   0.000      0.5681E-02  0.2280       0.000    
   237   12.91       13.18       1.385       1.663      0.2123       0.000      0.4084      0.1302E-01  0.2458       0.000      0.1138E-02   0.000      0.5670E-02  0.2269       0.000    
   238   12.91       13.31       1.385       1.648      0.1983       0.000      0.3833      0.1513E-01  0.2328       0.000      0.1433E-02   0.000      0.5777E-02  0.2252       0.000    
   239   12.92       13.42       1.385       1.634      0.1838       0.000      0.3573      0.1706E-01  0.2189       0.000      0.1654E-02   0.000      0.5949E-02  0.2228       0.000    
   240   12.92       13.53       1.385       1.620      0.1690       0.000      0.3306      0.1884E-01  0.2042       0.000      0.1814E-02   0.000      0.6140E-02  0.2199       0.000    
   241   12.92       13.63       1.385       1.608      0.1538       0.000      0.3029      0.2050E-01  0.1885       0.000      0.1921E-02   0.000      0.6303E-02  0.2166       0.000    
   242   12.93       13.72       1.385       1.597      0.1383       0.000      0.2742      0.2205E-01  0.1719       0.000      0.1977E-02   0.000      0.6394E-02  0.2128       0.000    
   243   12.93       13.81       1.385       1.587      0.1226       0.000      0.2447      0.2348E-01  0.1543       0.000      0.1984E-02   0.000      0.6369E-02  0.2087       0.000    
   244   12.93       13.88       1.385       1.578      0.1066      0.1883E-12  0.2143      0.2479E-01  0.1359       0.000      0.1941E-02   0.000      0.6186E-02  0.2045       0.000    
   245   12.93       13.94       1.385       1.570      0.9049E-01 -0.2207E-12  0.1830      0.2597E-01  0.1166       0.000      0.1845E-02   0.000      0.5812E-02  0.2001       0.000    
   246   12.93       13.99       1.385       1.564      0.7423E-01   0.000      0.1509      0.2701E-01  0.9653E-01   0.000      0.1694E-02   0.000      0.5219E-02  0.1959       0.000    
   247   12.94       14.04       1.385       1.559      0.5784E-01   0.000      0.1181      0.2791E-01  0.7582E-01   0.000      0.1485E-02   0.000      0.4395E-02  0.1920       0.000    
   248   12.94       14.07       1.385       1.555      0.4138E-01   0.000      0.8480E-01  0.2865E-01  0.5456E-01   0.000      0.1196E-02   0.000      0.3346E-02  0.1887       0.000    
   249   12.94       14.09       1.385       1.552      0.2485E-01   0.000      0.5106E-01  0.2918E-01  0.3290E-01   0.000      0.7814E-03   0.000      0.2099E-02  0.1862       0.000    
   250   12.94       14.10       1.385       1.551      0.8287E-02   0.000      0.1705E-01  0.2945E-01  0.1100E-01   0.000      0.2508E-03   0.000      0.7157E-03  0.1849       0.000    

 Surface forces referred to Sref,Cref,Bref about Xmom,Ymom,Zmom
 Standard axis orientation,  X fwd, Z down         

  Surface # 6     main_wing_3 (YDUP)                      
     # chordwise = 10   # spanwise = 50     First strip =251
     Surface area =  10.503           ave. chord =  1.8918    
     CLsurf  =   0.082248     Clsurf  =   0.031394
     CYsurf  =   0.000167     Cmsurf  =  -0.043151
     CDsurf  =   0.004519     Cnsurf  =  -0.000067
     CDisurf =   0.000700     CDvsurf =   0.000000

  Forces referred to Ssurf, Cave about hinge axis thru LE
     cl_surf =   0.518961     cd_surf =   0.028512

 Strip Forces referred to strip area, chord
    j    xLE         yLE         zLE         Chord       Area        Dihedral   c cl        ai_ff       cl           clj         cd          cdv         cm_c/4     c.p.x/c      Dcj
   251   12.77      -8.550       1.385       2.233      0.1329E-01   0.000      0.8379     -0.3254E-01  0.3764       0.000     -0.1148E-01   0.000      0.9638E-02  0.2244       0.000    
   252   12.77      -8.562       1.385       2.231      0.3980E-01   0.000      0.8374     -0.3256E-01  0.3764       0.000     -0.1148E-01   0.000      0.9635E-02  0.2244       0.000    
   253   12.77      -8.585       1.385       2.229      0.6608E-01   0.000      0.8362     -0.3279E-01  0.3764       0.000     -0.1154E-01   0.000      0.9643E-02  0.2244       0.000    
   254   12.77      -8.621       1.385       2.224      0.9196E-01   0.000      0.8346     -0.3370E-01  0.3764       0.000     -0.1179E-01   0.000      0.9693E-02  0.2242       0.000    
   255   12.77      -8.668       1.385       2.218      0.1173       0.000      0.8325     -0.3612E-01  0.3764       0.000     -0.1247E-01   0.000      0.9833E-02  0.2239       0.000    
   256   12.77      -8.727       1.385       2.211      0.1420       0.000      0.8300     -0.4188E-01  0.3766       0.000     -0.1410E-01   0.000      0.1013E-01  0.2231       0.000    
   257   12.78      -8.796       1.385       2.203      0.1658       0.000      0.8272     -0.5694E-01  0.3770       0.000     -0.1814E-01   0.000      0.1070E-01  0.2216       0.000    
   258   12.78      -8.877       1.385       2.193      0.1887       0.000      0.8245     -0.1296      0.3784       0.000     -0.3456E-01   0.000      0.1177E-01  0.2189       0.000    
   259   12.78      -8.965       1.385       2.182      0.1947      0.1426E-12  0.5722      0.4732E-01  0.6585      0.3966      0.6988E-01   0.000      0.8321E-01  0.1236       5.443    
   260   12.78      -9.059       1.385       2.170      0.2138     -0.1291E-12  0.5161      0.4509E-01  0.6614      0.4240      0.5515E-01   0.000      0.8538E-01  0.1209       5.472    
   261   12.79      -9.162       1.385       2.158      0.2318      0.1184E-12  0.4818      0.4356E-01  0.6639      0.4409      0.5107E-01   0.000      0.8743E-01  0.1183       5.504    
   262   12.79      -9.274       1.385       2.144      0.2485     -0.2195E-12  0.4570      0.4240E-01  0.6662      0.4534      0.4919E-01   0.000      0.8940E-01  0.1158       5.539    
   263   12.79      -9.394       1.385       2.129      0.2639      0.1026E-12  0.4376      0.4149E-01  0.6685      0.4633      0.4819E-01   0.000      0.9129E-01  0.1134       5.577    
   264   12.80      -9.521       1.385       2.113      0.2779       0.000      0.4217      0.4077E-01  0.6707      0.4715      0.4764E-01   0.000      0.9309E-01  0.1112       5.619    
   265   12.80      -9.656       1.385       2.097      0.2904      0.9185E-13  0.4081      0.4021E-01  0.6728      0.4784      0.4733E-01   0.000      0.9479E-01  0.1091       5.663    
   266   12.81      -9.798       1.385       2.079      0.3015     -0.8775E-13  0.3963      0.3979E-01  0.6746      0.4843      0.4715E-01   0.000      0.9636E-01  0.1072       5.711    
   267   12.81      -9.946       1.385       2.061      0.3110       0.000      0.3858      0.3948E-01  0.6761      0.4891      0.4703E-01   0.000      0.9777E-01  0.1054       5.761    
   268   12.82      -10.10       1.385       2.042      0.3190      0.8146E-13  0.3761      0.3926E-01  0.6767      0.4928      0.4691E-01   0.000      0.9892E-01  0.1038       5.814    
   269   12.82      -10.26       1.385       2.023      0.3254     -0.7908E-13  0.3671      0.3912E-01  0.6757      0.4945      0.4672E-01   0.000      0.9957E-01  0.1026       5.871    
   270   12.82      -10.42       1.385       2.003      0.3303      0.7714E-13  0.3586      0.3917E-01  0.6721      0.4932      0.4639E-01   0.000      0.9953E-01  0.1019       5.929    
   271   12.83      -10.59       1.385       1.982      0.3337     -0.7558E-13  0.3507      0.4658E-01  0.6700      0.4933      0.4619E-01   0.000      0.9986E-01  0.1010       5.991    
   272   12.84      -10.76       1.385       1.961      0.3355       0.000      0.3435      0.3949E-01  0.6739      0.4990      0.4637E-01   0.000      0.1016      0.9926E-01   6.054    
   273   12.84      -10.93       1.385       1.940      0.3359       0.000      0.3370      0.3966E-01  0.6790      0.5055      0.4664E-01   0.000      0.1035      0.9760E-01   6.120    
   274   12.85      -11.10       1.385       1.919      0.3349       0.000      0.3311      0.4008E-01  0.6809      0.5086      0.4675E-01   0.000      0.1045      0.9652E-01   6.189    
   275   12.85      -11.28       1.385       1.897      0.3324       0.000      0.3258      0.4058E-01  0.6808      0.5094      0.4675E-01   0.000      0.1050      0.9582E-01   6.259    
   276   12.86      -11.45       1.385       1.876      0.3287       0.000      0.3217      0.4122E-01  0.6796      0.5084      0.4673E-01   0.000      0.1050      0.9546E-01   6.331    
   277   12.86      -11.63       1.385       1.854      0.3236       0.000      0.3195      0.4204E-01  0.6774      0.5054      0.4677E-01   0.000      0.1047      0.9549E-01   6.404    
   278   12.87      -11.80       1.385       1.833      0.3173       0.000      0.3207      0.4311E-01  0.6743      0.4995      0.4705E-01   0.000      0.1038      0.9602E-01   6.479    
   279   12.87      -11.98       1.385       1.812      0.3099       0.000      0.3288      0.4457E-01  0.6702      0.4889      0.4814E-01   0.000      0.1024      0.9724E-01   6.554    
   280   12.88      -12.15       1.385       1.791      0.3015       0.000      0.3547      0.4682E-01  0.6648      0.4670      0.5326E-01   0.000      0.1001      0.9945E-01   6.631    
   281   12.88      -12.31       1.385       1.771      0.2835       0.000      0.5489     -0.5961E-01  0.3111       0.000     -0.1331E-01   0.000      0.1082E-01  0.2152       0.000    
   282   12.89      -12.47       1.385       1.751      0.2735       0.000      0.5259     -0.1296E-01  0.3009       0.000     -0.4437E-02   0.000      0.8493E-02  0.2218       0.000    
   283   12.89      -12.62       1.385       1.732      0.2626     -0.8392E-13  0.5031     -0.1684E-02  0.2909       0.000     -0.1876E-02   0.000      0.7127E-02  0.2255       0.000    
   284   12.90      -12.77       1.385       1.714      0.2510      0.8687E-13  0.4801      0.4016E-02  0.2805       0.000     -0.5909E-03   0.000      0.6315E-02  0.2275       0.000    
   285   12.90      -12.91       1.385       1.696      0.2387       0.000      0.4567      0.7769E-02  0.2696       0.000      0.2010E-03   0.000      0.5870E-02  0.2282       0.000    
   286   12.91      -13.05       1.385       1.679      0.2258       0.000      0.4329      0.1063E-01  0.2581       0.000      0.7435E-03   0.000      0.5681E-02  0.2280       0.000    
   287   12.91      -13.18       1.385       1.663      0.2123       0.000      0.4084      0.1302E-01  0.2458       0.000      0.1138E-02   0.000      0.5670E-02  0.2269       0.000    
   288   12.91      -13.31       1.385       1.648      0.1983       0.000      0.3833      0.1513E-01  0.2328       0.000      0.1433E-02   0.000      0.5777E-02  0.2252       0.000    
   289   12.92      -13.42       1.385       1.634      0.1838       0.000      0.3573      0.1705E-01  0.2189       0.000      0.1654E-02   0.000      0.5949E-02  0.2228       0.000    
   290   12.92      -13.53       1.385       1.620      0.1690       0.000      0.3306      0.1884E-01  0.2042       0.000      0.1814E-02   0.000      0.6140E-02  0.2199       0.000    
   291   12.92      -13.63       1.385       1.608      0.1538       0.000      0.3029      0.2050E-01  0.1885       0.000      0.1921E-02   0.000      0.6303E-02  0.2166       0.000    
   292   12.93      -13.72       1.385       1.597      0.1383       0.000      0.2742      0.2205E-01  0.1719       0.000      0.1977E-02   0.000      0.6394E-02  0.2128       0.000    
   293   12.93      -13.81       1.385       1.587      0.1226       0.000      0.2447      0.2348E-01  0.1543       0.000      0.1984E-02   0.000      0.6369E-02  0.2087       0.000    
   294   12.93      -13.88       1.385       1.578      0.1066     -0.1883E-12  0.2143      0.2479E-01  0.1359       0.000      0.1941E-02   0.000      0.6187E-02  0.2045       0.000    
   295   12.93      -13.94       1.385       1.570      0.9049E-01  0.2207E-12  0.1830      0.2597E-01  0.1166       0.000      0.1845E-02   0.000      0.5812E-02  0.2001       0.000    
   296   12.93      -13.99       1.385       1.564      0.7423E-01   0.000      0.1509      0.2701E-01  0.9653E-01   0.000      0.1694E-02   0.000      0.5219E-02  0.1959       0.000    
   297   12.94      -14.04       1.385       1.559      0.5784E-01   0.000      0.1181      0.2791E-01  0.7582E-01   0.000      0.1485E-02   0.000      0.4395E-02  0.1920       0.000    
   298   12.94      -14.07       1.385       1.555      0.4138E-01   0.000      0.8480E-01  0.2864E-01  0.5456E-01   0.000      0.1196E-02   0.000      0.3346E-02  0.1887       0.000    
   299   12.94      -14.09       1.385       1.552      0.2485E-01   0.000      0.5106E-01  0.2918E-01  0.3290E-01   0.000      0.7814E-03   0.000      0.2099E-02  0.1862       0.000    
   300   12.94      -14.10       1.385       1.551      0.8287E-02   0.000      0.1705E-01  0.2945E-01  0.1100E-01   0.000      0.2508E-03   0.000      0.7157E-03  0.1849       0.000    

 Surface forces referred to Sref,Cref,Bref about Xmom,Ymom,Zmom
 Standard axis orientation,  X fwd, Z down         

  Surface # 7     horizontal_stabilizer                   
     # chordwise = 10   # spanwise = 30     First strip =301
     Surface area =  11.355           ave. chord =  1.9455    
     CLsurf  =   0.027650     Clsurf  =  -0.002492
     CYsurf  =  -0.000073     Cmsurf  =  -0.149572
     CDsurf  =   0.000674     Cnsurf  =  -0.000035
     CDisurf =   0.000674     CDvsurf =   0.000000

  Forces referred to Ssurf, Cave about hinge axis thru LE
     cl_surf =   0.161382     cd_surf =   0.003932

 Strip Forces referred to strip area, chord
    j    xLE         yLE         zLE         Chord       Area        Dihedral   c cl        ai_ff       cl           clj         cd          cdv         cm_c/4     c.p.x/c      Dcj
   301   23.93      0.3999E-02   6.130       2.431      0.3887E-01   0.000      0.3904      0.2986E-01  0.1601       0.000      0.1407E-01   0.000     -0.1154E-02  0.2572       0.000    
   302   23.94      0.3593E-01   6.130       2.426      0.1159       0.000      0.3904      0.2982E-01  0.1609       0.000      0.5330E-02   0.000     -0.1092E-02  0.2568       0.000    
   303   23.95      0.9944E-01   6.130       2.415      0.1910      0.6437E-12  0.3903      0.2976E-01  0.1616       0.000      0.4757E-02   0.000     -0.9030E-03  0.2556       0.000    
   304   23.96      0.1938       6.130       2.400      0.2627     -0.4649E-12  0.3901      0.2970E-01  0.1626       0.000      0.4551E-02   0.000     -0.6318E-03  0.2539       0.000    
   305   23.98      0.3181       6.130       2.379      0.3299       0.000      0.3897      0.2963E-01  0.1638       0.000      0.4418E-02   0.000     -0.3355E-03  0.2520       0.000    
   306   24.00      0.4708       6.130       2.353      0.3915       0.000      0.3889      0.2955E-01  0.1652       0.000      0.4323E-02   0.000     -0.5289E-04  0.2503       0.000    
   307   24.03      0.6503       6.130       2.324      0.4467       0.000      0.3876      0.2947E-01  0.1668       0.000      0.4253E-02   0.000      0.1947E-03  0.2488       0.000    
   308   24.06      0.8547       6.130       2.289      0.4945       0.000      0.3856      0.2938E-01  0.1684       0.000      0.4203E-02   0.000      0.3984E-03  0.2476       0.000    
   309   24.09       1.082       6.130       2.252      0.5345       0.000      0.3829      0.2928E-01  0.1701       0.000      0.4165E-02   0.000      0.5588E-03  0.2467       0.000    
   310   24.13       1.329       6.130       2.210      0.5663       0.000      0.3793      0.2918E-01  0.1716       0.000      0.4137E-02   0.000      0.6823E-03  0.2460       0.000    
   311   24.17       1.593       6.130       2.166      0.5896       0.000      0.3748      0.2909E-01  0.1730       0.000      0.4115E-02   0.000      0.7789E-03  0.2455       0.000    
   312   24.21       1.872       6.130       2.120      0.6045       0.000      0.3692      0.2903E-01  0.1742       0.000      0.4096E-02   0.000      0.8602E-03  0.2451       0.000    
   313   24.25       2.163       6.130       2.071      0.6112       0.000      0.3626      0.2901E-01  0.1751       0.000      0.4078E-02   0.000      0.9377E-03  0.2446       0.000    
   314   24.29       2.462       6.130       2.022      0.6099       0.000      0.3549      0.2904E-01  0.1756       0.000      0.4058E-02   0.000      0.1023E-02  0.2442       0.000    
   315   24.34       2.766       6.130       1.971      0.6012       0.000      0.3461      0.2915E-01  0.1756       0.000      0.4035E-02   0.000      0.1125E-02  0.2436       0.000    
   316   24.38       3.071       6.130       1.920      0.5857       0.000      0.3361      0.2936E-01  0.1751       0.000      0.4007E-02   0.000      0.1256E-02  0.2428       0.000    
   317   24.43       3.375       6.130       1.869      0.5640       0.000      0.3249      0.2969E-01  0.1738       0.000      0.3972E-02   0.000      0.1427E-02  0.2418       0.000    
   318   24.47       3.674       6.130       1.820      0.5369       0.000      0.3125      0.3016E-01  0.1718       0.000      0.3927E-02   0.000      0.1647E-02  0.2404       0.000    
   319   24.51       3.964       6.130       1.771      0.5051       0.000      0.2986      0.3078E-01  0.1686       0.000      0.3869E-02   0.000      0.1929E-02  0.2386       0.000    
   320   24.55       4.243       6.130       1.725      0.4694       0.000      0.2833      0.3157E-01  0.1643       0.000      0.3792E-02   0.000      0.2284E-02  0.2361       0.000    
   321   24.59       4.508       6.130       1.681      0.4305       0.000      0.2662      0.3254E-01  0.1584       0.000      0.3691E-02   0.000      0.2718E-02  0.2328       0.000    
   322   24.63       4.755       6.130       1.639      0.3892       0.000      0.2472      0.3365E-01  0.1508       0.000      0.3557E-02   0.000      0.3228E-02  0.2286       0.000    
   323   24.66       4.982       6.130       1.602      0.3459       0.000      0.2261      0.3489E-01  0.1412       0.000      0.3381E-02   0.000      0.3789E-02  0.2232       0.000    
   324   24.69       5.186       6.130       1.567      0.3013       0.000      0.2027      0.3619E-01  0.1293       0.000      0.3154E-02   0.000      0.4344E-02  0.2164       0.000    
   325   24.72       5.366       6.130       1.538      0.2558       0.000      0.1769      0.3749E-01  0.1151       0.000      0.2867E-02   0.000      0.4796E-02  0.2083       0.000    
   326   24.74       5.518       6.130       1.512      0.2097       0.000      0.1488      0.3871E-01  0.9839E-01   0.000      0.2514E-02   0.000      0.5007E-02  0.1991       0.000    
   327   24.76       5.643       6.130       1.491      0.1633       0.000      0.1184      0.3981E-01  0.7939E-01   0.000      0.2090E-02   0.000      0.4819E-02  0.1893       0.000    
   328   24.77       5.737       6.130       1.476      0.1167       0.000      0.8611E-01  0.4072E-01  0.5835E-01   0.000      0.1594E-02   0.000      0.4100E-02  0.1797       0.000    
   329   24.78       5.801       6.130       1.465      0.7001E-01   0.000      0.5232E-01  0.4142E-01  0.3570E-01   0.000      0.1021E-02   0.000      0.2796E-02  0.1717       0.000    
   330   24.79       5.833       6.130       1.460      0.2334E-01   0.000      0.1755E-01  0.4182E-01  0.1202E-01   0.000      0.3121E-03   0.000      0.9971E-03  0.1671       0.000    

 Surface forces referred to Sref,Cref,Bref about Xmom,Ymom,Zmom
 Standard axis orientation,  X fwd, Z down         

  Surface # 8     horizontal_stabilizer (YDUP)            
     # chordwise = 10   # spanwise = 30     First strip =331
     Surface area =  11.355           ave. chord =  1.9455    
     CLsurf  =   0.027649     Clsurf  =   0.002492
     CYsurf  =   0.000073     Cmsurf  =  -0.149564
     CDsurf  =   0.000674     Cnsurf  =   0.000035
     CDisurf =   0.000674     CDvsurf =   0.000000

  Forces referred to Ssurf, Cave about hinge axis thru LE
     cl_surf =   0.161374     cd_surf =   0.003932

 Strip Forces referred to strip area, chord
    j    xLE         yLE         zLE         Chord       Area        Dihedral   c cl        ai_ff       cl           clj         cd          cdv         cm_c/4     c.p.x/c      Dcj
   331   23.93     -0.3999E-02   6.130       2.431      0.3887E-01   0.000      0.3904      0.2986E-01  0.1601       0.000      0.1408E-01   0.000     -0.1153E-02  0.2572       0.000    
   332   23.94     -0.3593E-01   6.130       2.426      0.1159       0.000      0.3904      0.2982E-01  0.1609       0.000      0.5330E-02   0.000     -0.1092E-02  0.2568       0.000    
   333   23.95     -0.9944E-01   6.130       2.415      0.1910     -0.6437E-12  0.3903      0.2976E-01  0.1616       0.000      0.4758E-02   0.000     -0.9031E-03  0.2556       0.000    
   334   23.96     -0.1938       6.130       2.400      0.2627      0.4649E-12  0.3901      0.2970E-01  0.1626       0.000      0.4551E-02   0.000     -0.6319E-03  0.2539       0.000    
   335   23.98     -0.3181       6.130       2.379      0.3299       0.000      0.3897      0.2963E-01  0.1638       0.000      0.4418E-02   0.000     -0.3356E-03  0.2520       0.000    
   336   24.00     -0.4708       6.130       2.353      0.3915       0.000      0.3888      0.2955E-01  0.1652       0.000      0.4323E-02   0.000     -0.5295E-04  0.2503       0.000    
   337   24.03     -0.6503       6.130       2.324      0.4467       0.000      0.3875      0.2947E-01  0.1668       0.000      0.4253E-02   0.000      0.1946E-03  0.2488       0.000    
   338   24.06     -0.8547       6.130       2.289      0.4945       0.000      0.3856      0.2938E-01  0.1684       0.000      0.4203E-02   0.000      0.3984E-03  0.2476       0.000    
   339   24.09      -1.082       6.130       2.252      0.5345       0.000      0.3829      0.2928E-01  0.1701       0.000      0.4165E-02   0.000      0.5588E-03  0.2467       0.000    
   340   24.13      -1.329       6.130       2.210      0.5663       0.000      0.3793      0.2918E-01  0.1716       0.000      0.4137E-02   0.000      0.6823E-03  0.2460       0.000    
   341   24.17      -1.593       6.130       2.166      0.5896       0.000      0.3748      0.2910E-01  0.1730       0.000      0.4115E-02   0.000      0.7789E-03  0.2455       0.000    
   342   24.21      -1.872       6.130       2.120      0.6045       0.000      0.3692      0.2903E-01  0.1742       0.000      0.4096E-02   0.000      0.8602E-03  0.2451       0.000    
   343   24.25      -2.163       6.130       2.071      0.6112       0.000      0.3626      0.2901E-01  0.1751       0.000      0.4078E-02   0.000      0.9377E-03  0.2446       0.000    
   344   24.29      -2.462       6.130       2.022      0.6099       0.000      0.3549      0.2904E-01  0.1756       0.000      0.4058E-02   0.000      0.1023E-02  0.2442       0.000    
   345   24.34      -2.766       6.130       1.971      0.6012       0.000      0.3461      0.2915E-01  0.1756       0.000      0.4035E-02   0.000      0.1125E-02  0.2436       0.000    
   346   24.38      -3.071       6.130       1.920      0.5857       0.000      0.3361      0.2936E-01  0.1751       0.000      0.4007E-02   0.000      0.1256E-02  0.2428       0.000    
   347   24.43      -3.375       6.130       1.869      0.5640       0.000      0.3249      0.2969E-01  0.1738       0.000      0.3972E-02   0.000      0.1427E-02  0.2418       0.000    
   348   24.47      -3.674       6.130       1.820      0.5369       0.000      0.3125      0.3016E-01  0.1717       0.000      0.3927E-02   0.000      0.1647E-02  0.2404       0.000    
   349   24.51      -3.964       6.130       1.771      0.5051       0.000      0.2986      0.3078E-01  0.1686       0.000      0.3869E-02   0.000      0.1929E-02  0.2386       0.000    
   350   24.55      -4.243       6.130       1.725      0.4694       0.000      0.2832      0.3158E-01  0.1643       0.000      0.3792E-02   0.000      0.2284E-02  0.2361       0.000    
   351   24.59      -4.508       6.130       1.681      0.4305       0.000      0.2662      0.3254E-01  0.1584       0.000      0.3691E-02   0.000      0.2718E-02  0.2328       0.000    
   352   24.63      -4.755       6.130       1.639      0.3892       0.000      0.2472      0.3365E-01  0.1508       0.000      0.3557E-02   0.000      0.3228E-02  0.2286       0.000    
   353   24.66      -4.982       6.130       1.602      0.3459       0.000      0.2261      0.3489E-01  0.1412       0.000      0.3381E-02   0.000      0.3789E-02  0.2232       0.000    
   354   24.69      -5.186       6.130       1.567      0.3013       0.000      0.2027      0.3619E-01  0.1293       0.000      0.3154E-02   0.000      0.4344E-02  0.2164       0.000    
   355   24.72      -5.366       6.130       1.538      0.2558       0.000      0.1769      0.3749E-01  0.1151       0.000      0.2867E-02   0.000      0.4796E-02  0.2083       0.000    
   356   24.74      -5.518       6.130       1.512      0.2097       0.000      0.1488      0.3871E-01  0.9839E-01   0.000      0.2514E-02   0.000      0.5007E-02  0.1991       0.000    
   357   24.76      -5.643       6.130       1.491      0.1633       0.000      0.1184      0.3981E-01  0.7939E-01   0.000      0.2090E-02   0.000      0.4819E-02  0.1893       0.000    
   358   24.77      -5.737       6.130       1.476      0.1167       0.000      0.8611E-01  0.4072E-01  0.5835E-01   0.000      0.1594E-02   0.000      0.4100E-02  0.1797       0.000    
   359   24.78      -5.801       6.130       1.465      0.7001E-01   0.000      0.5232E-01  0.4142E-01  0.3570E-01   0.000      0.1021E-02   0.000      0.2796E-02  0.1717       0.000    
   360   24.79      -5.833       6.130       1.460      0.2334E-01   0.000      0.1755E-01  0.4182E-01  0.1202E-01   0.000      0.3121E-03   0.000      0.9971E-03  0.1671       0.000    

 Surface forces referred to Sref,Cref,Bref about Xmom,Ymom,Zmom
 Standard axis orientation,  X fwd, Z down         

  Surface # 9     vertical_stabilizer                     
     # chordwise = 10   # spanwise = 30     First strip =361
     Surface area =  16.202           ave. chord =  3.1822    
     CLsurf  =   0.000000     Clsurf  =  -0.000000
     CYsurf  =  -0.000003     Cmsurf  =  -0.000000
     CDsurf  =  -0.000000     Cnsurf  =   0.000001
     CDisurf =  -0.000000     CDvsurf =   0.000000

  Forces referred to Ssurf, Cave about hinge axis thru LE
     cl_surf =   0.000000     cd_surf =  -0.000000

 Strip Forces referred to strip area, chord
    j    xLE         yLE         zLE         Chord       Area        Dihedral   c cl        ai_ff       cl           clj         cd          cdv         cm_c/4     c.p.x/c      Dcj
   361   20.77       0.000       1.055       3.973      0.1557       90.00      0.2200E-04 -0.1337E-04  0.5537E-05   0.000      0.1674E-10   0.000      0.6240E-06  0.1373       0.000    
   362   20.80       0.000       1.107       3.957      0.2536       90.00      0.4076E-04  0.1604E-02  0.1030E-04   0.000     -0.2518E-10   0.000      0.1205E-05  0.1330       0.000    
   363   20.85       0.000       1.183       3.933      0.3480       90.00      0.6060E-04  0.9985E-04  0.1541E-04   0.000     -0.1321E-09   0.000      0.1933E-05  0.1245       0.000    
   364   20.91       0.000       1.284       3.901      0.4375       90.00      0.8394E-04  0.3068E-03  0.2152E-04   0.000     -0.4007E-09   0.000      0.2938E-05  0.1135       0.000    
   365   20.99       0.000       1.407       3.863      0.5207       90.00      0.1952E-03 -0.2739E-03  0.5053E-04   0.000     -0.1872E-09   0.000      0.5878E-05  0.1337       0.000    
   366   21.08       0.000       1.553       3.817      0.5961       90.00      0.7211E-04 -0.1563E-04  0.1889E-04   0.000     -0.1640E-09   0.000      0.1893E-05  0.1498       0.000    
   367   21.19       0.000       1.719       3.765      0.6629       90.00      0.6875E-04 -0.2158E-05  0.1826E-04   0.000     -0.1395E-09   0.000      0.1630E-05  0.1607       0.000    
   368   21.30       0.000       1.905       3.707      0.7200       90.00      0.6413E-04 -0.1507E-05  0.1730E-04   0.000     -0.1050E-09   0.000      0.1312E-05  0.1742       0.000    
   369   21.43       0.000       2.107       3.644      0.7668       90.00      0.5952E-04 -0.1478E-05  0.1633E-04   0.000     -0.8120E-10   0.000      0.1041E-05  0.1863       0.000    
   370   21.56       0.000       2.325       3.576      0.8030       90.00      0.5511E-04 -0.1478E-05  0.1541E-04   0.000     -0.6464E-10   0.000      0.8201E-06  0.1968       0.000    
   371   21.71       0.000       2.556       3.504      0.8283       90.00      0.5093E-04 -0.1470E-05  0.1453E-04   0.000     -0.5253E-10   0.000      0.6420E-06  0.2058       0.000    
   372   21.86       0.000       2.797       3.428      0.8429       90.00      0.4699E-04 -0.1457E-05  0.1371E-04   0.000     -0.4334E-10   0.000      0.4973E-06  0.2137       0.000    
   373   22.01       0.000       3.047       3.350      0.8469       90.00      0.4334E-04 -0.1443E-05  0.1294E-04   0.000     -0.3618E-10   0.000      0.3786E-06  0.2207       0.000    
   374   22.17       0.000       3.302       3.270      0.8410       90.00      0.3999E-04 -0.1429E-05  0.1223E-04   0.000     -0.3055E-10   0.000      0.2799E-06  0.2271       0.000    
   375   22.33       0.000       3.561       3.190      0.8256       90.00      0.3698E-04 -0.1414E-05  0.1159E-04   0.000     -0.2608E-10   0.000      0.1966E-06  0.2330       0.000    
   376   22.49       0.000       3.819       3.109      0.8016       90.00      0.3431E-04 -0.1398E-05  0.1104E-04   0.000     -0.2255E-10   0.000      0.1248E-06  0.2387       0.000    
   377   22.65       0.000       4.076       3.029      0.7699       90.00      0.3200E-04 -0.1381E-05  0.1057E-04   0.000     -0.1975E-10   0.000      0.6176E-07  0.2442       0.000    
   378   22.81       0.000       4.327       2.950      0.7313       90.00      0.3004E-04 -0.1359E-05  0.1018E-04   0.000     -0.1755E-10   0.000      0.5730E-08  0.2494       0.000    
   379   22.96       0.000       4.571       2.874      0.6869       90.00      0.2842E-04 -0.1330E-05  0.9887E-05   0.000     -0.1582E-10   0.000     -0.4373E-07  0.2544       0.000    
   380   23.11       0.000       4.804       2.801      0.6376       90.00      0.2710E-04 -0.1292E-05  0.9675E-05   0.000     -0.1449E-10   0.000     -0.8569E-07  0.2589       0.000    
   381   23.24       0.000       5.025       2.732      0.5842       90.00      0.2607E-04 -0.1243E-05  0.9542E-05   0.000     -0.1348E-10   0.000     -0.1178E-06  0.2623       0.000    
   382   23.37       0.000       5.231       2.668      0.5278       90.00      0.2528E-04 -0.1182E-05  0.9477E-05   0.000     -0.1275E-10   0.000     -0.1366E-06  0.2644       0.000    
   383   23.49       0.000       5.420       2.609      0.4690       90.00      0.2469E-04 -0.1109E-05  0.9467E-05   0.000     -0.1227E-10   0.000     -0.1385E-06  0.2646       0.000    
   384   23.60       0.000       5.590       2.555      0.4084       90.00      0.2427E-04 -0.1028E-05  0.9496E-05   0.000     -0.1200E-10   0.000     -0.1210E-06  0.2627       0.000    
   385   23.69       0.000       5.740       2.509      0.3467       90.00      0.2395E-04 -0.9392E-06  0.9545E-05   0.000     -0.1195E-10   0.000     -0.8402E-07  0.2588       0.000    
   386   23.77       0.000       5.867       2.469      0.2842       90.00      0.2370E-04 -0.8473E-06  0.9597E-05   0.000     -0.1210E-10   0.000     -0.3094E-07  0.2532       0.000    
   387   23.83       0.000       5.970       2.437      0.2213       90.00      0.2346E-04 -0.7538E-06  0.9626E-05   0.000     -0.1215E-10   0.000      0.3203E-07  0.2467       0.000    
   388   23.88       0.000       6.048       2.412      0.1581       90.00      0.2305E-04 -0.6593E-06  0.9553E-05   0.000     -0.1058E-10   0.000      0.9439E-07  0.2401       0.000    
   389   23.91       0.000       6.101       2.396      0.9490E-01   90.00      0.2152E-04 -0.5982E-06  0.8984E-05   0.000      0.1069E-11   0.000      0.8403E-07  0.2406       0.000    
   390   23.93       0.000       6.127       2.388      0.3164E-01   90.00      0.9637E-05 -0.9055E-06  0.4036E-05   0.000      0.1600E-09   0.000     -0.9028E-06  0.4737       0.000    

 Surface forces referred to Sref,Cref,Bref about Xmom,Ymom,Zmom
 Standard axis orientation,  X fwd, Z down         

  Surface #10     fuselage_horizontal                     
     # chordwise = 10   # spanwise = 30     First strip =391
     Surface area =  65.503           ave. chord =  23.647    
     CLsurf  =   0.007154     Clsurf  =   0.000000
     CYsurf  =   0.000001     Cmsurf  =   0.048443
     CDsurf  =   0.000006     Cnsurf  =  -0.000000
     CDisurf =   0.000006     CDvsurf =   0.000000

  Forces referred to Ssurf, Cave about hinge axis thru LE
     cl_surf =   0.007238     cd_surf =   0.000006

 Strip Forces referred to strip area, chord
    j    xLE         yLE         zLE         Chord       Area        Dihedral   c cl        ai_ff       cl           clj         cd          cdv         cm_c/4     c.p.x/c      Dcj
   391   3.132      -1.339       0.000       15.61       1.441       0.000      0.6217E-01  0.3980E-01  0.4007E-02   0.000     -0.3484E-03   0.000      0.2689E-02 -0.4210       0.000    
   392   2.645      -1.247       0.000       17.73       1.637       0.000      0.9493E-01  0.4403E-01  0.5373E-02   0.000     -0.2461E-03   0.000      0.3149E-02 -0.3360       0.000    
   393   2.159      -1.154       0.000       19.86       1.834       0.000      0.1203      0.4812E-01  0.6071E-02   0.000     -0.1202E-03   0.000      0.3177E-02 -0.2733       0.000    
   394   1.788      -1.062       0.000       21.39       1.975       0.000      0.1378      0.5115E-01  0.6451E-02   0.000     -0.2441E-04   0.000      0.3258E-02 -0.2550       0.000    
   395   1.533     -0.9695       0.000       22.32       2.061       0.000      0.1538      0.5162E-01  0.6899E-02   0.000      0.2930E-04   0.000      0.3364E-02 -0.2376       0.000    
   396   1.278     -0.8772       0.000       23.26       2.147       0.000      0.1671      0.5175E-01  0.7193E-02   0.000      0.1655E-04   0.000      0.3423E-02 -0.2259       0.000    
   397   1.058     -0.7848       0.000       24.08       2.223       0.000      0.1780      0.5158E-01  0.7402E-02   0.000      0.1214E-04   0.000      0.3471E-02 -0.2189       0.000    
   398  0.8733     -0.6925       0.000       24.78       2.288       0.000      0.1873      0.5142E-01  0.7570E-02   0.000     -0.4728E-06   0.000      0.3507E-02 -0.2133       0.000    
   399  0.6887     -0.6002       0.000       25.49       2.353       0.000      0.1951      0.5114E-01  0.7668E-02   0.000     -0.5078E-04   0.000      0.3519E-02 -0.2089       0.000    
   400  0.5311     -0.5078       0.000       26.02       2.403       0.000      0.2015      0.5091E-01  0.7761E-02   0.000     -0.1384E-03   0.000      0.3535E-02 -0.2055       0.000    
   401  0.4004     -0.4155       0.000       26.38       2.436       0.000      0.2069      0.5078E-01  0.7859E-02   0.000     -0.5264E-04   0.000      0.3556E-02 -0.2025       0.000    
   402  0.2697     -0.3232       0.000       26.74       2.469       0.000      0.2112      0.5066E-01  0.7921E-02   0.000     -0.1699E-03   0.000      0.3561E-02 -0.1996       0.000    
   403  0.1703     -0.2308       0.000       26.95       2.488       0.000      0.2144      0.5062E-01  0.7975E-02   0.000     -0.1362E-03   0.000      0.3571E-02 -0.1977       0.000    
   404  0.1022     -0.1385       0.000       27.02       2.495       0.000      0.2167      0.5061E-01  0.8023E-02   0.000      0.1741E-03   0.000      0.3586E-02 -0.1970       0.000    
   405  0.3407E-01 -0.4617E-01   0.000       27.09       2.501       0.000      0.2179      0.5057E-01  0.8010E-02   0.000      0.8616E-03   0.000      0.3587E-02 -0.1979       0.000    
   406  0.3407E-01  0.4617E-01   0.000       27.09       2.501       0.000      0.2178      0.5069E-01  0.8009E-02   0.000      0.8616E-03   0.000      0.3588E-02 -0.1980       0.000    
   407  0.1022      0.1385       0.000       27.02       2.495       0.000      0.2166      0.5065E-01  0.8020E-02   0.000      0.1740E-03   0.000      0.3586E-02 -0.1972       0.000    
   408  0.1703      0.2308       0.000       26.95       2.488       0.000      0.2143      0.5063E-01  0.7971E-02   0.000     -0.1365E-03   0.000      0.3571E-02 -0.1980       0.000    
   409  0.2697      0.3232       0.000       26.74       2.469       0.000      0.2111      0.5067E-01  0.7916E-02   0.000     -0.1703E-03   0.000      0.3562E-02 -0.2000       0.000    
   410  0.4004      0.4155       0.000       26.38       2.436       0.000      0.2068      0.5078E-01  0.7853E-02   0.000     -0.5302E-04   0.000      0.3557E-02 -0.2030       0.000    
   411  0.5311      0.5078       0.000       26.02       2.403       0.000      0.2013      0.5091E-01  0.7754E-02   0.000     -0.1389E-03   0.000      0.3536E-02 -0.2061       0.000    
   412  0.6887      0.6002       0.000       25.49       2.353       0.000      0.1949      0.5114E-01  0.7662E-02   0.000     -0.5122E-04   0.000      0.3520E-02 -0.2095       0.000    
   413  0.8733      0.6925       0.000       24.78       2.288       0.000      0.1872      0.5142E-01  0.7563E-02   0.000     -0.8700E-06   0.000      0.3509E-02 -0.2139       0.000    
   414   1.058      0.7848       0.000       24.08       2.223       0.000      0.1778      0.5158E-01  0.7395E-02   0.000      0.1175E-04   0.000      0.3472E-02 -0.2196       0.000    
   415   1.278      0.8772       0.000       23.26       2.147       0.000      0.1669      0.5175E-01  0.7185E-02   0.000      0.1618E-04   0.000      0.3425E-02 -0.2267       0.000    
   416   1.533      0.9695       0.000       22.32       2.061       0.000      0.1537      0.5162E-01  0.6891E-02   0.000      0.2899E-04   0.000      0.3366E-02 -0.2384       0.000    
   417   1.788       1.062       0.000       21.39       1.975       0.000      0.1376      0.5116E-01  0.6443E-02   0.000     -0.2467E-04   0.000      0.3260E-02 -0.2560       0.000    
   418   2.159       1.154       0.000       19.86       1.834       0.000      0.1201      0.4813E-01  0.6062E-02   0.000     -0.1204E-03   0.000      0.3179E-02 -0.2744       0.000    
   419   2.645       1.247       0.000       17.73       1.637       0.000      0.9476E-01  0.4404E-01  0.5364E-02   0.000     -0.2463E-03   0.000      0.3151E-02 -0.3375       0.000    
   420   3.132       1.339       0.000       15.61       1.441       0.000      0.6205E-01  0.3981E-01  0.3999E-02   0.000     -0.3487E-03   0.000      0.2691E-02 -0.4230       0.000    

 Surface forces referred to Sref,Cref,Bref about Xmom,Ymom,Zmom
 Standard axis orientation,  X fwd, Z down         

  Surface #11     fuselage_vertical                       
     # chordwise = 10   # spanwise = 30     First strip =421
     Surface area =  65.103           ave. chord =  23.503    
     CLsurf  =   0.000000     Clsurf  =   0.000000
     CYsurf  =  -0.000004     Cmsurf  =   0.000000
     CDsurf  =   0.000000     Cnsurf  =   0.000001
     CDisurf =   0.000000     CDvsurf =   0.000000

  Forces referred to Ssurf, Cave about hinge axis thru LE
     cl_surf =   0.000000     cd_surf =   0.000000

 Strip Forces referred to strip area, chord
    j    xLE         yLE         zLE         Chord       Area        Dihedral   c cl        ai_ff       cl           clj         cd          cdv         cm_c/4     c.p.x/c      Dcj
   421   2.856       0.000      -1.339       15.65       1.445       90.00      0.1624E-06 -0.4426E-05  0.1038E-07   0.000     -0.4662E-11   0.000     -0.3865E-06   37.49       0.000    
   422   1.819       0.000      -1.247       17.87       1.650       90.00      0.9361E-06 -0.3689E-05  0.5238E-07   0.000     -0.2687E-11   0.000     -0.4789E-06   9.393       0.000    
   423  0.7817       0.000      -1.154       20.09       1.855       90.00      0.1990E-05 -0.2865E-05  0.9908E-07   0.000      0.7546E-11   0.000     -0.5024E-06   5.321       0.000    
   424  0.2207       0.000      -1.062       21.48       1.984       90.00     -0.1940E-05 -0.1892E-05 -0.9029E-07   0.000      0.1630E-10   0.000     -0.4115E-06  -4.308       0.000    
   425  0.1361       0.000     -0.9695       22.06       2.037       90.00     -0.3467E-06 -0.1728E-05 -0.1572E-07   0.000      0.1139E-10   0.000     -0.4575E-06  -28.86       0.000    
   426  0.5142E-01   0.000     -0.8772       22.63       2.090       90.00      0.1782E-05 -0.1488E-05  0.7872E-07   0.000      0.1215E-10   0.000     -0.4981E-06   6.578       0.000    
   427  0.1405E-01   0.000     -0.7848       23.10       2.133       90.00      0.3920E-05 -0.1223E-05  0.1697E-06   0.000      0.1306E-10   0.000     -0.5306E-06   3.377       0.000    
   428  0.2395E-01   0.000     -0.6925       23.47       2.167       90.00      0.7402E-05 -0.1052E-05  0.3154E-06   0.000      0.1321E-10   0.000     -0.5755E-06   2.075       0.000    
   429  0.3385E-01   0.000     -0.6002       23.83       2.200       90.00      0.1169E-04 -0.8119E-06  0.4907E-06   0.000      0.1230E-10   0.000     -0.6188E-06   1.511       0.000    
   430  0.6640E-01   0.000     -0.5078       24.15       2.229       90.00      0.1695E-04 -0.5443E-06  0.7020E-06   0.000      0.1004E-10   0.000     -0.6697E-06   1.204       0.000    
   431  0.1216       0.000     -0.4155       24.41       2.254       90.00      0.2370E-04 -0.1865E-06  0.9710E-06   0.000      0.7104E-11   0.000     -0.7176E-06  0.9891       0.000    
   432  0.1768       0.000     -0.3232       24.67       2.278       90.00      0.3239E-04  0.6291E-06  0.1313E-05   0.000      0.4631E-11   0.000     -0.7660E-06  0.8333       0.000    
   433  0.2450       0.000     -0.2308       24.90       2.299       90.00      0.4457E-04  0.3562E-05  0.1790E-05   0.000      0.4780E-11   0.000     -0.8415E-06  0.7200       0.000    
   434  0.3263       0.000     -0.1385       25.09       2.317       90.00      0.6208E-04  0.1661E-04  0.2474E-05   0.000      0.1250E-10   0.000     -0.9250E-06  0.6239       0.000    
   435  0.4076       0.000     -0.4617E-01   25.29       2.335       90.00      0.8663E-04  0.5878E-04  0.3425E-05   0.000      0.3623E-10   0.000     -0.1035E-05  0.5521       0.000    
   436  0.5006       0.000      0.4617E-01   25.46       2.351       90.00      0.1154E-03 -0.5968E-04  0.4531E-05   0.000      0.7127E-10   0.000     -0.1195E-05  0.5138       0.000    
   437  0.6052       0.000      0.1385       25.61       2.365       90.00      0.1384E-03 -0.1753E-04  0.5402E-05   0.000      0.8603E-10   0.000     -0.1279E-05  0.4868       0.000    
   438  0.7098       0.000      0.2308       25.76       2.378       90.00      0.1486E-03 -0.4456E-05  0.5769E-05   0.000      0.6212E-10   0.000     -0.1259E-05  0.4681       0.000    
   439  0.8268       0.000      0.3232       25.85       2.387       90.00      0.1620E-03 -0.1466E-05  0.6265E-05   0.000      0.4002E-10   0.000     -0.1434E-05  0.4789       0.000    
   440  0.9561       0.000      0.4155       25.90       2.392       90.00      0.1704E-03 -0.7307E-06  0.6577E-05   0.000      0.2811E-10   0.000     -0.1451E-05  0.4706       0.000    
   441   1.086       0.000      0.5078       25.95       2.396       90.00      0.1763E-03 -0.5284E-06  0.6795E-05   0.000      0.7951E-12   0.000     -0.1450E-05  0.4634       0.000    
   442   1.230       0.000      0.6002       25.89       2.391       90.00      0.1951E-03 -0.5391E-06  0.7537E-05   0.000     -0.2545E-10   0.000     -0.1944E-05  0.5080       0.000    
   443   1.390       0.000      0.6925       25.73       2.376       90.00      0.1975E-03 -0.7460E-06  0.7677E-05   0.000     -0.9368E-11   0.000     -0.1942E-05  0.5030       0.000    
   444   1.549       0.000      0.7848       25.57       2.361       90.00      0.1972E-03 -0.1433E-05  0.7711E-05   0.000     -0.1263E-10   0.000     -0.1912E-05  0.4980       0.000    
   445   1.732       0.000      0.8772       25.39       2.344       90.00      0.1929E-03 -0.4464E-05  0.7599E-05   0.000     -0.4760E-10   0.000     -0.1839E-05  0.4920       0.000    
   446   1.938       0.000      0.9695       25.18       2.325       90.00      0.1803E-03 -0.3174E-04  0.7162E-05   0.000     -0.1213E-09   0.000     -0.1637E-05  0.4786       0.000    
   447   2.144       0.000       1.062       24.98       2.306       90.00      0.1552E-03 -0.6023E-04  0.6214E-05   0.000     -0.4210E-09   0.000     -0.1226E-05  0.4473       0.000    
   448   2.435       0.000       1.154       23.15       2.138       90.00      0.3550E-03  0.1241E-03  0.1533E-04   0.000      0.3087E-09   0.000     -0.8478E-05  0.8029       0.000    
   449   2.811       0.000       1.247       19.71       1.820       90.00      0.2329E-03  0.1107E-03  0.1182E-04   0.000      0.1754E-09   0.000     -0.7662E-05  0.8985       0.000    
   450   3.187       0.000       1.339       16.27       1.502       90.00     -0.2779E-03  0.1527E-03 -0.1709E-04   0.000      0.7126E-10   0.000      0.7513E-05  0.6898       0.000    

 Surface forces referred to Sref,Cref,Bref about Xmom,Ymom,Zmom
 Standard axis orientation,  X fwd, Z down         

  Surface #12     nacelle_horizontal                      
     # chordwise =  6   # spanwise = 11     First strip =451
     Surface area = 0.28884           ave. chord = 0.67533    
     CLsurf  =   0.000341     Clsurf  =  -0.000030
     CYsurf  =   0.000001     Cmsurf  =   0.000162
     CDsurf  =  -0.000001     Cnsurf  =  -0.000002
     CDisurf =  -0.000001     CDvsurf =   0.000000

  Forces referred to Ssurf, Cave about hinge axis thru LE
     cl_surf =   0.078240     cd_surf =  -0.000278

 Strip Forces referred to strip area, chord
    j    xLE         yLE         zLE         Chord       Area        Dihedral   c cl        ai_ff       cl           clj         cd          cdv         cm_c/4     c.p.x/c      Dcj
   451   10.76       2.275       1.171      0.2357      0.1009E-01   0.000      0.3269E-01  0.9535E-01  0.1392       0.000     -0.6309E-02   0.000      0.7592E-02  0.1954       0.000    
   452   10.64       2.318       1.171      0.5548      0.2375E-01   0.000      0.4826E-01  0.1019      0.8718E-01   0.000     -0.1527E-02   0.000      0.9795E-02  0.1376       0.000    
   453   10.58       2.361       1.171      0.7329      0.3129E-01   0.000      0.5762E-01  0.1022      0.7875E-01   0.000     -0.5193E-03   0.000      0.1004E-01  0.1226       0.000    
   454   10.53       2.404       1.171      0.8724      0.3734E-01   0.000      0.6328E-01  0.1018      0.7262E-01   0.000      0.4378E-03   0.000      0.9740E-02  0.1159       0.000    
   455   10.51       2.436       1.171      0.9576      0.2049E-01   0.000      0.6510E-01  0.9585E-01  0.6799E-01   0.000      0.1485E-02   0.000      0.9366E-02  0.1123       0.000    
   456   10.51       2.457       1.171       1.004      0.2148E-01   0.000      0.6509E-01  0.7204E-01  0.6486E-01   0.000      0.1645E-02   0.000      0.9091E-02  0.1098       0.000    
   457   10.51       2.489       1.171      0.9806      0.4197E-01   0.000      0.6404E-01  0.1194      0.6534E-01   0.000      0.1159E-02   0.000      0.9234E-02  0.1087       0.000    
   458   10.53       2.532       1.171      0.8724      0.3725E-01   0.000      0.6103E-01  0.1050      0.7003E-01   0.000      0.3746E-03   0.000      0.9707E-02  0.1114       0.000    
   459   10.58       2.575       1.171      0.7329      0.3137E-01   0.000      0.5584E-01  0.1036      0.7633E-01   0.000     -0.5119E-03   0.000      0.1011E-01  0.1175       0.000    
   460   10.64       2.617       1.171      0.5548      0.2375E-01   0.000      0.4713E-01  0.1031      0.8513E-01   0.000     -0.1452E-02   0.000      0.1001E-01  0.1325       0.000    
   461   10.76       2.660       1.171      0.2357      0.1007E-01   0.000      0.3255E-01  0.9724E-01  0.1386       0.000     -0.5797E-02   0.000      0.8367E-02  0.1896       0.000    

 Surface forces referred to Sref,Cref,Bref about Xmom,Ymom,Zmom
 Standard axis orientation,  X fwd, Z down         

  Surface #13     nacelle_horizontal (YDUP)               
     # chordwise =  6   # spanwise = 11     First strip =462
     Surface area = 0.28884           ave. chord = 0.67533    
     CLsurf  =   0.000221     Clsurf  =   0.000019
     CYsurf  =  -0.000000     Cmsurf  =   0.000106
     CDsurf  =  -0.000001     Cnsurf  =   0.000001
     CDisurf =  -0.000001     CDvsurf =   0.000000

  Forces referred to Ssurf, Cave about hinge axis thru LE
     cl_surf =   0.050807     cd_surf =  -0.000233

 Strip Forces referred to strip area, chord
    j    xLE         yLE         zLE         Chord       Area        Dihedral   c cl        ai_ff       cl           clj         cd          cdv         cm_c/4     c.p.x/c      Dcj
   462   10.76      -2.275       1.171      0.2357      0.1009E-01   0.000      0.2408E-01  0.1476      0.1024       0.000     -0.3362E-02   0.000      0.7020E-02  0.1815       0.000    
   463   10.64      -2.318       1.171      0.5548      0.2375E-01   0.000      0.3324E-01  0.1312      0.6003E-01   0.000     -0.9258E-03   0.000      0.7766E-02  0.1206       0.000    
   464   10.58      -2.361       1.171      0.7329      0.3129E-01   0.000      0.3901E-01  0.1435      0.5333E-01   0.000     -0.4342E-03   0.000      0.7543E-02  0.1085       0.000    
   465   10.53      -2.404       1.171      0.8724      0.3734E-01   0.000      0.4026E-01  0.1249      0.4620E-01   0.000      0.2433E-03   0.000      0.6699E-02  0.1050       0.000    
   466   10.51      -2.436       1.171      0.9576      0.2049E-01   0.000      0.3684E-01  0.1548E-01  0.3849E-01   0.000      0.6548E-03   0.000      0.5641E-02  0.1034       0.000    
   467   10.51      -2.457       1.171       1.004      0.2148E-01   0.000      0.3636E-01 -0.2680E-01  0.3625E-01   0.000      0.5831E-03   0.000      0.5406E-02  0.1009       0.000    
   468   10.51      -2.489       1.171      0.9806      0.4197E-01   0.000      0.3933E-01  0.1477      0.4014E-01   0.000      0.4982E-03   0.000      0.6073E-02  0.9870E-01   0.000    
   469   10.53      -2.532       1.171      0.8724      0.3725E-01   0.000      0.3927E-01  0.1399      0.4507E-01   0.000      0.1188E-03   0.000      0.6792E-02  0.9931E-01   0.000    
   470   10.58      -2.575       1.171      0.7329      0.3137E-01   0.000      0.3583E-01  0.1179      0.4898E-01   0.000     -0.3238E-03   0.000      0.7274E-02  0.1015       0.000    
   471   10.64      -2.617       1.171      0.5548      0.2375E-01   0.000      0.3143E-01  0.1289      0.5677E-01   0.000     -0.8000E-03   0.000      0.7741E-02  0.1136       0.000    
   472   10.76      -2.660       1.171      0.2357      0.1007E-01   0.000      0.2352E-01  0.1493      0.1000       0.000     -0.2879E-02   0.000      0.7474E-02  0.1753       0.000    

 Surface forces referred to Sref,Cref,Bref about Xmom,Ymom,Zmom
 Standard axis orientation,  X fwd, Z down         

  Surface #14     nacelle_vertical                        
     # chordwise =  6   # spanwise = 11     First strip =473
     Surface area = 0.28882           ave. chord = 0.67527    
     CLsurf  =   0.000000     Clsurf  =   0.000000
     CYsurf  =  -0.000040     Cmsurf  =   0.000000
     CDsurf  =  -0.000000     Cnsurf  =  -0.000002
     CDisurf =  -0.000000     CDvsurf =   0.000000

  Forces referred to Ssurf, Cave about hinge axis thru LE
     cl_surf =   0.000024     cd_surf =  -0.000038

 Strip Forces referred to strip area, chord
    j    xLE         yLE         zLE         Chord       Area        Dihedral   c cl        ai_ff       cl           clj         cd          cdv         cm_c/4     c.p.x/c      Dcj
   473   10.76       2.468      0.9787      0.2357      0.1009E-01   90.00      0.2056E-02  0.1887E-02  0.8722E-02   0.000     -0.1196E-03   0.000      0.3865E-02 -0.1931       0.000    
   474   10.64       2.468       1.021      0.5548      0.2369E-01   90.00      0.3611E-02  0.3181E-02  0.6509E-02   0.000     -0.3778E-04   0.000      0.1476E-02  0.2321E-01   0.000    
   475   10.58       2.468       1.064      0.7329      0.3137E-01   90.00      0.3944E-02  0.1819E-02  0.5382E-02   0.000     -0.1962E-04   0.000      0.9576E-03  0.7209E-01   0.000    
   476   10.53       2.468       1.107      0.8724      0.3734E-01   90.00      0.3153E-02 -0.1123E-01  0.3614E-02   0.000     -0.6578E-05   0.000      0.4096E-03  0.1366       0.000    
   477   10.51       2.468       1.150      0.9806      0.4187E-01   90.00      0.4010E-02 -0.1226E-01  0.4089E-02   0.000     -0.8240E-05   0.000      0.4041E-03  0.1512       0.000    
   478   10.51       2.468       1.182       1.004      0.2148E-01   90.00      0.9111E-02  0.5363E-02  0.9078E-02   0.000     -0.1490E-04   0.000      0.3799E-04  0.2458       0.000    
   479   10.51       2.468       1.203      0.9576      0.2049E-01   90.00      0.1210E-01  0.3013E-01  0.1263E-01   0.000     -0.2158E-04   0.000      0.1876E-03  0.2351       0.000    
   480   10.53       2.468       1.235      0.8724      0.3734E-01   90.00      0.1230E-01  0.1803E-01  0.1409E-01   0.000     -0.5330E-04   0.000      0.2910E-04  0.2479       0.000    
   481   10.58       2.468       1.278      0.7329      0.3137E-01   90.00      0.9817E-02  0.3577E-02  0.1340E-01   0.000     -0.5756E-04   0.000     -0.2560E-03  0.2691       0.000    
   482   10.64       2.468       1.321      0.5548      0.2369E-01   90.00      0.7680E-02  0.7471E-03  0.1384E-01   0.000     -0.6628E-04   0.000     -0.6501E-03  0.2970       0.000    
   483   10.76       2.468       1.364      0.2357      0.1009E-01   90.00      0.5483E-02  0.5302E-03  0.2326E-01   0.000     -0.1436E-03   0.000     -0.3775E-02  0.4123       0.000    

 Surface forces referred to Sref,Cref,Bref about Xmom,Ymom,Zmom
 Standard axis orientation,  X fwd, Z down         

  Surface #15     nacelle_vertical (YDUP)                 
     # chordwise =  6   # spanwise = 11     First strip =484
     Surface area = 0.28882           ave. chord = 0.67527    
     CLsurf  =   0.000000     Clsurf  =  -0.000000
     CYsurf  =   0.000027     Cmsurf  =   0.000000
     CDsurf  =  -0.000000     Cnsurf  =   0.000001
     CDisurf =  -0.000000     CDvsurf =   0.000000

  Forces referred to Ssurf, Cave about hinge axis thru LE
     cl_surf =   0.000017     cd_surf =  -0.000026

 Strip Forces referred to strip area, chord
    j    xLE         yLE         zLE         Chord       Area        Dihedral   c cl        ai_ff       cl           clj         cd          cdv         cm_c/4     c.p.x/c      Dcj
   484   10.76      -2.468      0.9787      0.2357      0.1009E-01  -90.00      0.1476E-02  0.7816E-02  0.6262E-02   0.000     -0.7678E-04   0.000      0.2933E-02 -0.2184       0.000    
   485   10.64      -2.468       1.021      0.5548      0.2369E-01  -90.00      0.2435E-02  0.8108E-02  0.4389E-02   0.000     -0.2598E-04   0.000      0.1092E-02  0.1258E-02   0.000    
   486   10.58      -2.468       1.064      0.7329      0.3137E-01  -90.00      0.2473E-02  0.6407E-02  0.3374E-02   0.000     -0.1308E-04   0.000      0.6571E-03  0.5525E-01   0.000    
   487   10.53      -2.468       1.107      0.8724      0.3734E-01  -90.00      0.1397E-02 -0.2053E-01  0.1601E-02   0.000     -0.2605E-05   0.000      0.1120E-03  0.1800       0.000    
   488   10.51      -2.468       1.150      0.9806      0.4187E-01  -90.00      0.1546E-02 -0.4957E-01  0.1577E-02   0.000     -0.2684E-05   0.000      0.3029E-04  0.2308       0.000    
   489   10.51      -2.468       1.182       1.004      0.2148E-01  -90.00      0.5347E-02  0.5358E-01  0.5328E-02   0.000     -0.1104E-04   0.000      0.6755E-04  0.2373       0.000    
   490   10.51      -2.468       1.203      0.9576      0.2049E-01  -90.00      0.8245E-02  0.6088E-01  0.8610E-02   0.000     -0.2072E-04   0.000      0.2403E-03  0.2221       0.000    
   491   10.53      -2.468       1.235      0.8724      0.3734E-01  -90.00      0.8876E-02  0.3658E-01  0.1017E-01   0.000     -0.4166E-04   0.000      0.1313E-03  0.2371       0.000    
   492   10.58      -2.468       1.278      0.7329      0.3137E-01  -90.00      0.6864E-02  0.7445E-02  0.9367E-02   0.000     -0.4062E-04   0.000     -0.9425E-04  0.2601       0.000    
   493   10.64      -2.468       1.321      0.5548      0.2369E-01  -90.00      0.5275E-02  0.1422E-02  0.9508E-02   0.000     -0.4236E-04   0.000     -0.3361E-03  0.2854       0.000    
   494   10.76      -2.468       1.364      0.2357      0.1009E-01  -90.00      0.3995E-02  0.4364E-02  0.1695E-01   0.000     -0.8882E-04   0.000     -0.2546E-02  0.4002       0.000    

 Surface forces referred to Sref,Cref,Bref about Xmom,Ymom,Zmom
 Standard axis orientation,  X fwd, Z down         

  Surface #16     nacelle_2_horizontal                    
     # chordwise =  6   # spanwise = 11     First strip =495
     Surface area = 0.28882           ave. chord = 0.67527    
     CLsurf  =   0.000330     Clsurf  =  -0.000076
     CYsurf  =   0.000000     Cmsurf  =   0.000139
     CDsurf  =  -0.000001     Cnsurf  =  -0.000004
     CDisurf =  -0.000001     CDvsurf =   0.000000

  Forces referred to Ssurf, Cave about hinge axis thru LE
     cl_surf =   0.075664     cd_surf =  -0.000184

 Strip Forces referred to strip area, chord
    j    xLE         yLE         zLE         Chord       Area        Dihedral   c cl        ai_ff       cl           clj         cd          cdv         cm_c/4     c.p.x/c      Dcj
   495   10.89       6.329       1.171      0.2357      0.1009E-01   0.000      0.3191E-01  0.9307E-01  0.1358       0.000     -0.5573E-02   0.000      0.7866E-02  0.1921       0.000    
   496   10.77       6.372       1.171      0.5548      0.2369E-01   0.000      0.4667E-01  0.9961E-01  0.8429E-01   0.000     -0.1369E-02   0.000      0.9656E-02  0.1354       0.000    
   497   10.70       6.415       1.171      0.7329      0.3137E-01   0.000      0.5553E-01  0.9947E-01  0.7590E-01   0.000     -0.4252E-03   0.000      0.9852E-02  0.1202       0.000    
   498   10.66       6.457       1.171      0.8724      0.3734E-01   0.000      0.6071E-01  0.9679E-01  0.6966E-01   0.000      0.4747E-03   0.000      0.9511E-02  0.1135       0.000    
   499   10.64       6.489       1.171      0.9576      0.2049E-01   0.000      0.6238E-01  0.8890E-01  0.6516E-01   0.000      0.1458E-02   0.000      0.9106E-02  0.1102       0.000    
   500   10.63       6.511       1.171       1.004      0.2148E-01   0.000      0.6286E-01  0.6837E-01  0.6263E-01   0.000      0.1625E-02   0.000      0.8868E-02  0.1084       0.000    
   501   10.64       6.543       1.171      0.9806      0.4187E-01   0.000      0.6239E-01  0.1193      0.6365E-01   0.000      0.1185E-02   0.000      0.9043E-02  0.1079       0.000    
   502   10.66       6.586       1.171      0.8724      0.3734E-01   0.000      0.5948E-01  0.1041      0.6825E-01   0.000      0.4319E-03   0.000      0.9488E-02  0.1110       0.000    
   503   10.70       6.628       1.171      0.7329      0.3137E-01   0.000      0.5414E-01  0.1006      0.7400E-01   0.000     -0.4221E-03   0.000      0.9827E-02  0.1172       0.000    
   504   10.77       6.671       1.171      0.5548      0.2369E-01   0.000      0.4553E-01  0.9974E-01  0.8225E-01   0.000     -0.1334E-02   0.000      0.9665E-02  0.1325       0.000    
   505   10.89       6.714       1.171      0.2357      0.1009E-01   0.000      0.3120E-01  0.9355E-01  0.1328       0.000     -0.5408E-02   0.000      0.7912E-02  0.1904       0.000    

 Surface forces referred to Sref,Cref,Bref about Xmom,Ymom,Zmom
 Standard axis orientation,  X fwd, Z down         

  Surface #17     nacelle_2_vertical                      
     # chordwise =  6   # spanwise = 11     First strip =506
     Surface area = 0.28882           ave. chord = 0.67527    
     CLsurf  =  -0.000000     Clsurf  =  -0.000000
     CYsurf  =   0.000006     Cmsurf  =  -0.000000
     CDsurf  =  -0.000000     Cnsurf  =   0.000000
     CDisurf =  -0.000000     CDvsurf =   0.000000

  Forces referred to Ssurf, Cave about hinge axis thru LE
     cl_surf =  -0.000004     cd_surf =  -0.000005

 Strip Forces referred to strip area, chord
    j    xLE         yLE         zLE         Chord       Area        Dihedral   c cl        ai_ff       cl           clj         cd          cdv         cm_c/4     c.p.x/c      Dcj
   506   10.89       6.521      0.9787      0.2357      0.1009E-01   90.00     -0.8518E-03  0.1203E-01 -0.3613E-02   0.000     -0.1819E-04   0.000     -0.1538E-02 -0.1757       0.000    
   507   10.77       6.521       1.021      0.5548      0.2369E-01   90.00     -0.1872E-02  0.1106E-01 -0.3373E-02   0.000     -0.7472E-05   0.000     -0.7146E-03  0.3818E-01   0.000    
   508   10.70       6.521       1.064      0.7329      0.3137E-01   90.00     -0.2889E-02  0.9128E-02 -0.3942E-02   0.000     -0.8372E-05   0.000     -0.7403E-03  0.6222E-01   0.000    
   509   10.66       6.521       1.107      0.8724      0.3734E-01   90.00     -0.4488E-02 -0.4118E-02 -0.5144E-02   0.000     -0.1110E-04   0.000     -0.9730E-03  0.6085E-01   0.000    
   510   10.64       6.521       1.150      0.9806      0.4187E-01   90.00     -0.4277E-02 -0.7121E-02 -0.4361E-02   0.000     -0.2841E-05   0.000     -0.7763E-03  0.7201E-01   0.000    
   511   10.63       6.521       1.182       1.004      0.2148E-01   90.00     -0.9283E-03  0.1707E-01 -0.9250E-03   0.000     -0.1451E-06   0.000      0.1043E-03  0.3628       0.000    
   512   10.64       6.521       1.203      0.9576      0.2049E-01   90.00      0.2021E-02  0.3875E-01  0.2111E-02   0.000      0.2987E-06   0.000      0.2474E-03  0.1328       0.000    
   513   10.66       6.521       1.235      0.8724      0.3734E-01   90.00      0.2496E-02  0.2704E-01  0.2862E-02   0.000     -0.3211E-05   0.000      0.2078E-03  0.1774       0.000    
   514   10.70       6.521       1.278      0.7329      0.3137E-01   90.00      0.1127E-02  0.1441E-01  0.1538E-02   0.000     -0.1182E-05   0.000      0.8130E-04  0.1971       0.000    
   515   10.77       6.521       1.321      0.5548      0.2369E-01   90.00      0.5913E-03  0.1375E-01  0.1066E-02   0.000     -0.4924E-06   0.000      0.1591E-05  0.2485       0.000    
   516   10.89       6.521       1.364      0.2357      0.1009E-01   90.00      0.3692E-03  0.2204E-01  0.1566E-02   0.000     -0.7151E-06   0.000     -0.2374E-03  0.4016       0.000    

 Surface forces referred to Sref,Cref,Bref about Xmom,Ymom,Zmom
 Standard axis orientation,  X fwd, Z down         

  Surface #18     nacelle_3_horizontal                    
     # chordwise =  6   # spanwise = 11     First strip =517
     Surface area = 0.28883           ave. chord = 0.67531    
     CLsurf  =   0.000315     Clsurf  =  -0.000118
     CYsurf  =  -0.000000     Cmsurf  =   0.000107
     CDsurf  =   0.000001     Cnsurf  =  -0.000006
     CDisurf =   0.000001     CDvsurf =   0.000000

  Forces referred to Ssurf, Cave about hinge axis thru LE
     cl_surf =   0.072312     cd_surf =   0.000339

 Strip Forces referred to strip area, chord
    j    xLE         yLE         zLE         Chord       Area        Dihedral   c cl        ai_ff       cl           clj         cd          cdv         cm_c/4     c.p.x/c      Dcj
   517   11.09       10.38       1.171      0.2357      0.1007E-01   0.000      0.3023E-01  0.9237E-01  0.1286       0.000     -0.4219E-02   0.000      0.7492E-02  0.1918       0.000    
   518   10.97       10.43       1.171      0.5548      0.2375E-01   0.000      0.4377E-01  0.9704E-01  0.7902E-01   0.000     -0.5871E-03   0.000      0.9028E-02  0.1358       0.000    
   519   10.90       10.47       1.171      0.7329      0.3137E-01   0.000      0.5185E-01  0.9784E-01  0.7084E-01   0.000      0.1795E-03   0.000      0.9065E-02  0.1220       0.000    
   520   10.86       10.51       1.171      0.8724      0.3734E-01   0.000      0.5665E-01  0.9940E-01  0.6498E-01   0.000      0.8651E-03   0.000      0.8750E-02  0.1154       0.000    
   521   10.84       10.55       1.171      0.9806      0.4187E-01   0.000      0.5924E-01  0.1118      0.6042E-01   0.000      0.1440E-02   0.000      0.8370E-02  0.1115       0.000    
   522   10.83       10.59       1.171       1.004      0.2148E-01   0.000      0.5985E-01  0.6870E-01  0.5962E-01   0.000      0.1786E-02   0.000      0.8208E-02  0.1123       0.000    
   523   10.84       10.61       1.171      0.9576      0.2049E-01   0.000      0.5957E-01  0.8856E-01  0.6220E-01   0.000      0.1714E-02   0.000      0.8417E-02  0.1147       0.000    
   524   10.86       10.64       1.171      0.8724      0.3734E-01   0.000      0.5799E-01  0.9486E-01  0.6652E-01   0.000      0.9308E-03   0.000      0.8776E-02  0.1181       0.000    
   525   10.90       10.68       1.171      0.7329      0.3129E-01   0.000      0.5306E-01  0.9653E-01  0.7249E-01   0.000      0.2083E-03   0.000      0.9114E-02  0.1243       0.000    
   526   10.97       10.72       1.171      0.5548      0.2375E-01   0.000      0.4464E-01  0.9623E-01  0.8059E-01   0.000     -0.5909E-03   0.000      0.9066E-02  0.1375       0.000    
   527   11.09       10.77       1.171      0.2357      0.1009E-01   0.000      0.3063E-01  0.9191E-01  0.1303       0.000     -0.4416E-02   0.000      0.7307E-02  0.1939       0.000    

 Surface forces referred to Sref,Cref,Bref about Xmom,Ymom,Zmom
 Standard axis orientation,  X fwd, Z down         

  Surface #19     nacelle_3_vertical                      
     # chordwise =  6   # spanwise = 11     First strip =528
     Surface area = 0.28882           ave. chord = 0.67527    
     CLsurf  =   0.000000     Clsurf  =  -0.000000
     CYsurf  =   0.000013     Cmsurf  =   0.000000
     CDsurf  =  -0.000000     Cnsurf  =   0.000000
     CDisurf =  -0.000000     CDvsurf =   0.000000

  Forces referred to Ssurf, Cave about hinge axis thru LE
     cl_surf =   0.000002     cd_surf =  -0.000003

 Strip Forces referred to strip area, chord
    j    xLE         yLE         zLE         Chord       Area        Dihedral   c cl        ai_ff       cl           clj         cd          cdv         cm_c/4     c.p.x/c      Dcj
   528   11.09       10.58      0.9787      0.2357      0.1009E-01   90.00     -0.4830E-03  0.2104E-01 -0.2049E-02   0.000     -0.4754E-05   0.000     -0.7651E-03 -0.1235       0.000    
   529   10.97       10.58       1.021      0.5548      0.2369E-01   90.00     -0.8194E-03  0.1998E-01 -0.1477E-02   0.000     -0.3868E-06   0.000     -0.2792E-05  0.2481       0.000    
   530   10.90       10.58       1.064      0.7329      0.3137E-01   90.00     -0.5962E-03  0.2099E-01 -0.8136E-03   0.000      0.1642E-07   0.000      0.3233E-03  0.6473       0.000    
   531   10.86       10.58       1.107      0.8724      0.3734E-01   90.00      0.4666E-03  0.3293E-01  0.5348E-03   0.000     -0.1708E-05   0.000      0.7352E-03  -1.125       0.000    
   532   10.84       10.58       1.150      0.9806      0.4187E-01   90.00     -0.1089E-04  0.3494E-01 -0.1111E-04   0.000     -0.4060E-06   0.000      0.6878E-03   62.17       0.000    
   533   10.83       10.58       1.182       1.004      0.2148E-01   90.00     -0.3632E-02  0.1409E-01 -0.3619E-02   0.000     -0.1457E-05   0.000      0.3830E-03  0.3558       0.000    
   534   10.84       10.58       1.203      0.9576      0.2049E-01   90.00     -0.6190E-02 -0.6325E-02 -0.6464E-02   0.000     -0.9098E-06   0.000      0.2469E-03  0.2882       0.000    
   535   10.86       10.58       1.235      0.8724      0.3734E-01   90.00     -0.6254E-02  0.5730E-02 -0.7169E-02   0.000     -0.7995E-05   0.000      0.3103E-03  0.2933       0.000    
   536   10.90       10.58       1.278      0.7329      0.3137E-01   90.00     -0.4126E-02  0.1915E-01 -0.5631E-02   0.000     -0.5605E-05   0.000      0.4097E-03  0.3228       0.000    
   537   10.97       10.58       1.321      0.5548      0.2369E-01   90.00     -0.2648E-02  0.2005E-01 -0.4772E-02   0.000     -0.4295E-05   0.000      0.4549E-03  0.3453       0.000    
   538   11.09       10.58       1.364      0.2357      0.1009E-01   90.00     -0.1492E-02  0.1232E-01 -0.6330E-02   0.000     -0.7884E-05   0.000      0.1151E-02  0.4319       0.000    

 Surface forces referred to Sref,Cref,Bref about Xmom,Ymom,Zmom
 Standard axis orientation,  X fwd, Z down         

  Surface #20     nacelle_4_horizontal                    
     # chordwise =  6   # spanwise = 11     First strip =539
     Surface area = 0.28884           ave. chord = 0.67533    
     CLsurf  =   0.000221     Clsurf  =   0.000019
     CYsurf  =  -0.000000     Cmsurf  =   0.000106
     CDsurf  =  -0.000001     Cnsurf  =   0.000001
     CDisurf =  -0.000001     CDvsurf =   0.000000

  Forces referred to Ssurf, Cave about hinge axis thru LE
     cl_surf =   0.050807     cd_surf =  -0.000233

 Strip Forces referred to strip area, chord
    j    xLE         yLE         zLE         Chord       Area        Dihedral   c cl        ai_ff       cl           clj         cd          cdv         cm_c/4     c.p.x/c      Dcj
   539   10.76      -2.660       1.171      0.2357      0.1007E-01   0.000      0.2352E-01  0.1493      0.1000       0.000     -0.2879E-02   0.000      0.7474E-02  0.1753       0.000    
   540   10.64      -2.617       1.171      0.5548      0.2375E-01   0.000      0.3143E-01  0.1289      0.5677E-01   0.000     -0.8000E-03   0.000      0.7741E-02  0.1136       0.000    
   541   10.58      -2.575       1.171      0.7329      0.3137E-01   0.000      0.3583E-01  0.1179      0.4898E-01   0.000     -0.3238E-03   0.000      0.7274E-02  0.1015       0.000    
   542   10.53      -2.532       1.171      0.8724      0.3725E-01   0.000      0.3927E-01  0.1399      0.4507E-01   0.000      0.1188E-03   0.000      0.6792E-02  0.9931E-01   0.000    
   543   10.51      -2.489       1.171      0.9806      0.4197E-01   0.000      0.3933E-01  0.1477      0.4014E-01   0.000      0.4982E-03   0.000      0.6073E-02  0.9870E-01   0.000    
   544   10.51      -2.457       1.171       1.004      0.2148E-01   0.000      0.3636E-01 -0.2680E-01  0.3625E-01   0.000      0.5831E-03   0.000      0.5406E-02  0.1009       0.000    
   545   10.51      -2.436       1.171      0.9576      0.2049E-01   0.000      0.3684E-01  0.1548E-01  0.3849E-01   0.000      0.6548E-03   0.000      0.5641E-02  0.1034       0.000    
   546   10.53      -2.404       1.171      0.8724      0.3734E-01   0.000      0.4026E-01  0.1249      0.4620E-01   0.000      0.2433E-03   0.000      0.6699E-02  0.1050       0.000    
   547   10.58      -2.361       1.171      0.7329      0.3129E-01   0.000      0.3901E-01  0.1435      0.5333E-01   0.000     -0.4342E-03   0.000      0.7543E-02  0.1085       0.000    
   548   10.64      -2.318       1.171      0.5548      0.2375E-01   0.000      0.3324E-01  0.1312      0.6003E-01   0.000     -0.9258E-03   0.000      0.7766E-02  0.1206       0.000    
   549   10.76      -2.275       1.171      0.2357      0.1009E-01   0.000      0.2408E-01  0.1476      0.1024       0.000     -0.3362E-02   0.000      0.7020E-02  0.1815       0.000    

 Surface forces referred to Sref,Cref,Bref about Xmom,Ymom,Zmom
 Standard axis orientation,  X fwd, Z down         

  Surface #21     nacelle_4_vertical                      
     # chordwise =  6   # spanwise = 11     First strip =550
     Surface area = 0.28882           ave. chord = 0.67527    
     CLsurf  =   0.000000     Clsurf  =  -0.000000
     CYsurf  =   0.000027     Cmsurf  =   0.000000
     CDsurf  =  -0.000000     Cnsurf  =   0.000001
     CDisurf =  -0.000000     CDvsurf =   0.000000

  Forces referred to Ssurf, Cave about hinge axis thru LE
     cl_surf =   0.000017     cd_surf =  -0.000026

 Strip Forces referred to strip area, chord
    j    xLE         yLE         zLE         Chord       Area        Dihedral   c cl        ai_ff       cl           clj         cd          cdv         cm_c/4     c.p.x/c      Dcj
   550   10.76      -2.468      0.9787      0.2357      0.1009E-01   90.00     -0.1476E-02 -0.7816E-02 -0.6262E-02   0.000     -0.7678E-04   0.000     -0.2933E-02 -0.2184       0.000    
   551   10.64      -2.468       1.021      0.5548      0.2369E-01   90.00     -0.2435E-02 -0.8108E-02 -0.4389E-02   0.000     -0.2598E-04   0.000     -0.1092E-02  0.1258E-02   0.000    
   552   10.58      -2.468       1.064      0.7329      0.3137E-01   90.00     -0.2473E-02 -0.6407E-02 -0.3374E-02   0.000     -0.1308E-04   0.000     -0.6571E-03  0.5525E-01   0.000    
   553   10.53      -2.468       1.107      0.8724      0.3734E-01   90.00     -0.1397E-02  0.2053E-01 -0.1601E-02   0.000     -0.2605E-05   0.000     -0.1120E-03  0.1800       0.000    
   554   10.51      -2.468       1.150      0.9806      0.4187E-01   90.00     -0.1546E-02  0.4957E-01 -0.1577E-02   0.000     -0.2684E-05   0.000     -0.3029E-04  0.2308       0.000    
   555   10.51      -2.468       1.182       1.004      0.2148E-01   90.00     -0.5347E-02 -0.5358E-01 -0.5328E-02   0.000     -0.1104E-04   0.000     -0.6755E-04  0.2373       0.000    
   556   10.51      -2.468       1.203      0.9576      0.2049E-01   90.00     -0.8245E-02 -0.6088E-01 -0.8610E-02   0.000     -0.2072E-04   0.000     -0.2403E-03  0.2221       0.000    
   557   10.53      -2.468       1.235      0.8724      0.3734E-01   90.00     -0.8876E-02 -0.3658E-01 -0.1017E-01   0.000     -0.4166E-04   0.000     -0.1313E-03  0.2371       0.000    
   558   10.58      -2.468       1.278      0.7329      0.3137E-01   90.00     -0.6864E-02 -0.7445E-02 -0.9367E-02   0.000     -0.4062E-04   0.000      0.9425E-04  0.2601       0.000    
   559   10.64      -2.468       1.321      0.5548      0.2369E-01   90.00     -0.5275E-02 -0.1422E-02 -0.9508E-02   0.000     -0.4236E-04   0.000      0.3361E-03  0.2854       0.000    
   560   10.76      -2.468       1.364      0.2357      0.1009E-01   90.00     -0.3995E-02 -0.4364E-02 -0.1695E-01   0.000     -0.8882E-04   0.000      0.2546E-02  0.4002       0.000    

 Surface forces referred to Sref,Cref,Bref about Xmom,Ymom,Zmom
 Standard axis orientation,  X fwd, Z down         

  Surface #22     nacelle_5_horizontal                    
     # chordwise =  6   # spanwise = 11     First strip =561
     Surface area = 0.28882           ave. chord = 0.67527    
     CLsurf  =   0.000330     Clsurf  =   0.000076
     CYsurf  =  -0.000000     Cmsurf  =   0.000139
     CDsurf  =  -0.000001     Cnsurf  =   0.000004
     CDisurf =  -0.000001     CDvsurf =   0.000000

  Forces referred to Ssurf, Cave about hinge axis thru LE
     cl_surf =   0.075667     cd_surf =  -0.000184

 Strip Forces referred to strip area, chord
    j    xLE         yLE         zLE         Chord       Area        Dihedral   c cl        ai_ff       cl           clj         cd          cdv         cm_c/4     c.p.x/c      Dcj
   561   10.89      -6.714       1.171      0.2357      0.1009E-01   0.000      0.3120E-01  0.9355E-01  0.1328       0.000     -0.5410E-02   0.000      0.7912E-02  0.1904       0.000    
   562   10.77      -6.671       1.171      0.5548      0.2369E-01   0.000      0.4554E-01  0.9975E-01  0.8225E-01   0.000     -0.1335E-02   0.000      0.9666E-02  0.1325       0.000    
   563   10.70      -6.628       1.171      0.7329      0.3137E-01   0.000      0.5414E-01  0.1006      0.7400E-01   0.000     -0.4225E-03   0.000      0.9828E-02  0.1172       0.000    
   564   10.66      -6.586       1.171      0.8724      0.3734E-01   0.000      0.5948E-01  0.1041      0.6825E-01   0.000      0.4316E-03   0.000      0.9488E-02  0.1110       0.000    
   565   10.64      -6.543       1.171      0.9806      0.4187E-01   0.000      0.6239E-01  0.1193      0.6365E-01   0.000      0.1185E-02   0.000      0.9044E-02  0.1079       0.000    
   566   10.63      -6.511       1.171       1.004      0.2148E-01   0.000      0.6286E-01  0.6837E-01  0.6264E-01   0.000      0.1625E-02   0.000      0.8869E-02  0.1084       0.000    
   567   10.64      -6.489       1.171      0.9576      0.2049E-01   0.000      0.6238E-01  0.8890E-01  0.6516E-01   0.000      0.1457E-02   0.000      0.9107E-02  0.1102       0.000    
   568   10.66      -6.457       1.171      0.8724      0.3734E-01   0.000      0.6071E-01  0.9679E-01  0.6966E-01   0.000      0.4743E-03   0.000      0.9512E-02  0.1134       0.000    
   569   10.70      -6.415       1.171      0.7329      0.3137E-01   0.000      0.5554E-01  0.9948E-01  0.7591E-01   0.000     -0.4257E-03   0.000      0.9853E-02  0.1202       0.000    
   570   10.77      -6.372       1.171      0.5548      0.2369E-01   0.000      0.4667E-01  0.9961E-01  0.8430E-01   0.000     -0.1369E-02   0.000      0.9657E-02  0.1354       0.000    
   571   10.89      -6.329       1.171      0.2357      0.1009E-01   0.000      0.3191E-01  0.9307E-01  0.1358       0.000     -0.5574E-02   0.000      0.7866E-02  0.1921       0.000    

 Surface forces referred to Sref,Cref,Bref about Xmom,Ymom,Zmom
 Standard axis orientation,  X fwd, Z down         

  Surface #23     nacelle_5_vertical                      
     # chordwise =  6   # spanwise = 11     First strip =572
     Surface area = 0.28882           ave. chord = 0.67527    
     CLsurf  =  -0.000000     Clsurf  =   0.000000
     CYsurf  =  -0.000006     Cmsurf  =  -0.000000
     CDsurf  =  -0.000000     Cnsurf  =  -0.000000
     CDisurf =  -0.000000     CDvsurf =   0.000000

  Forces referred to Ssurf, Cave about hinge axis thru LE
     cl_surf =  -0.000004     cd_surf =  -0.000005

 Strip Forces referred to strip area, chord
    j    xLE         yLE         zLE         Chord       Area        Dihedral   c cl        ai_ff       cl           clj         cd          cdv         cm_c/4     c.p.x/c      Dcj
   572   10.89      -6.521      0.9787      0.2357      0.1009E-01   90.00      0.8525E-03 -0.1203E-01  0.3616E-02   0.000     -0.1823E-04   0.000      0.1540E-02 -0.1757       0.000    
   573   10.77      -6.521       1.021      0.5548      0.2369E-01   90.00      0.1873E-02 -0.1106E-01  0.3376E-02   0.000     -0.7483E-05   0.000      0.7151E-03  0.3820E-01   0.000    
   574   10.70      -6.521       1.064      0.7329      0.3137E-01   90.00      0.2891E-02 -0.9127E-02  0.3945E-02   0.000     -0.8382E-05   0.000      0.7406E-03  0.6225E-01   0.000    
   575   10.66      -6.521       1.107      0.8724      0.3734E-01   90.00      0.4490E-02  0.4119E-02  0.5147E-02   0.000     -0.1111E-04   0.000      0.9733E-03  0.6089E-01   0.000    
   576   10.64      -6.521       1.150      0.9806      0.4187E-01   90.00      0.4279E-02  0.7123E-02  0.4364E-02   0.000     -0.2845E-05   0.000      0.7765E-03  0.7206E-01   0.000    
   577   10.63      -6.521       1.182       1.004      0.2148E-01   90.00      0.9307E-03 -0.1707E-01  0.9274E-03   0.000     -0.1461E-06   0.000     -0.1045E-03  0.3627       0.000    
   578   10.64      -6.521       1.203      0.9576      0.2049E-01   90.00     -0.2019E-02 -0.3875E-01 -0.2109E-02   0.000      0.2995E-06   0.000     -0.2476E-03  0.1326       0.000    
   579   10.66      -6.521       1.235      0.8724      0.3734E-01   90.00     -0.2494E-02 -0.2704E-01 -0.2859E-02   0.000     -0.3208E-05   0.000     -0.2080E-03  0.1772       0.000    
   580   10.70      -6.521       1.278      0.7329      0.3137E-01   90.00     -0.1125E-02 -0.1441E-01 -0.1536E-02   0.000     -0.1180E-05   0.000     -0.8152E-04  0.1969       0.000    
   581   10.77      -6.521       1.321      0.5548      0.2369E-01   90.00     -0.5900E-03 -0.1375E-01 -0.1063E-02   0.000     -0.4909E-06   0.000     -0.1830E-05  0.2483       0.000    
   582   10.89      -6.521       1.364      0.2357      0.1009E-01   90.00     -0.3684E-03 -0.2205E-01 -0.1563E-02   0.000     -0.7123E-06   0.000      0.2368E-03  0.4015       0.000    

 Surface forces referred to Sref,Cref,Bref about Xmom,Ymom,Zmom
 Standard axis orientation,  X fwd, Z down         

  Surface #24     nacelle_6_horizontal                    
     # chordwise =  6   # spanwise = 11     First strip =583
     Surface area = 0.28883           ave. chord = 0.67531    
     CLsurf  =   0.000315     Clsurf  =   0.000118
     CYsurf  =   0.000000     Cmsurf  =   0.000107
     CDsurf  =   0.000001     Cnsurf  =   0.000006
     CDisurf =   0.000001     CDvsurf =   0.000000

  Forces referred to Ssurf, Cave about hinge axis thru LE
     cl_surf =   0.072312     cd_surf =   0.000339

 Strip Forces referred to strip area, chord
    j    xLE         yLE         zLE         Chord       Area        Dihedral   c cl        ai_ff       cl           clj         cd          cdv         cm_c/4     c.p.x/c      Dcj
   583   11.09      -10.77       1.171      0.2357      0.1009E-01   0.000      0.3063E-01  0.9191E-01  0.1304       0.000     -0.4417E-02   0.000      0.7307E-02  0.1939       0.000    
   584   10.97      -10.72       1.171      0.5548      0.2375E-01   0.000      0.4464E-01  0.9623E-01  0.8059E-01   0.000     -0.5910E-03   0.000      0.9066E-02  0.1375       0.000    
   585   10.90      -10.68       1.171      0.7329      0.3129E-01   0.000      0.5306E-01  0.9653E-01  0.7249E-01   0.000      0.2082E-03   0.000      0.9115E-02  0.1243       0.000    
   586   10.86      -10.64       1.171      0.8724      0.3734E-01   0.000      0.5799E-01  0.9487E-01  0.6652E-01   0.000      0.9307E-03   0.000      0.8776E-02  0.1181       0.000    
   587   10.84      -10.61       1.171      0.9576      0.2049E-01   0.000      0.5957E-01  0.8856E-01  0.6220E-01   0.000      0.1714E-02   0.000      0.8417E-02  0.1147       0.000    
   588   10.83      -10.59       1.171       1.004      0.2148E-01   0.000      0.5985E-01  0.6870E-01  0.5962E-01   0.000      0.1786E-02   0.000      0.8208E-02  0.1123       0.000    
   589   10.84      -10.55       1.171      0.9806      0.4187E-01   0.000      0.5924E-01  0.1118      0.6042E-01   0.000      0.1440E-02   0.000      0.8370E-02  0.1115       0.000    
   590   10.86      -10.51       1.171      0.8724      0.3734E-01   0.000      0.5665E-01  0.9940E-01  0.6498E-01   0.000      0.8651E-03   0.000      0.8750E-02  0.1154       0.000    
   591   10.90      -10.47       1.171      0.7329      0.3137E-01   0.000      0.5185E-01  0.9784E-01  0.7084E-01   0.000      0.1794E-03   0.000      0.9066E-02  0.1220       0.000    
   592   10.97      -10.43       1.171      0.5548      0.2375E-01   0.000      0.4377E-01  0.9704E-01  0.7902E-01   0.000     -0.5872E-03   0.000      0.9028E-02  0.1358       0.000    
   593   11.09      -10.38       1.171      0.2357      0.1007E-01   0.000      0.3023E-01  0.9237E-01  0.1286       0.000     -0.4219E-02   0.000      0.7492E-02  0.1918       0.000    

 Surface forces referred to Sref,Cref,Bref about Xmom,Ymom,Zmom
 Standard axis orientation,  X fwd, Z down         

  Surface #25     nacelle_6_vertical                      
     # chordwise =  6   # spanwise = 11     First strip =594
     Surface area = 0.28882           ave. chord = 0.67527    
     CLsurf  =   0.000000     Clsurf  =   0.000000
     CYsurf  =  -0.000013     Cmsurf  =   0.000000
     CDsurf  =  -0.000000     Cnsurf  =  -0.000000
     CDisurf =  -0.000000     CDvsurf =   0.000000

  Forces referred to Ssurf, Cave about hinge axis thru LE
     cl_surf =   0.000002     cd_surf =  -0.000003

 Strip Forces referred to strip area, chord
    j    xLE         yLE         zLE         Chord       Area        Dihedral   c cl        ai_ff       cl           clj         cd          cdv         cm_c/4     c.p.x/c      Dcj
   594   11.09      -10.58      0.9787      0.2357      0.1009E-01   90.00      0.4832E-03 -0.2104E-01  0.2050E-02   0.000     -0.4759E-05   0.000      0.7655E-03 -0.1235       0.000    
   595   10.97      -10.58       1.021      0.5548      0.2369E-01   90.00      0.8198E-03 -0.1998E-01  0.1477E-02   0.000     -0.3876E-06   0.000      0.2931E-05  0.2480       0.000    
   596   10.90      -10.58       1.064      0.7329      0.3137E-01   90.00      0.5967E-03 -0.2099E-01  0.8143E-03   0.000      0.1669E-07   0.000     -0.3232E-03  0.6469       0.000    
   597   10.86      -10.58       1.107      0.8724      0.3734E-01   90.00     -0.4660E-03 -0.3293E-01 -0.5342E-03   0.000     -0.1707E-05   0.000     -0.7352E-03  -1.126       0.000    
   598   10.84      -10.58       1.150      0.9806      0.4187E-01   90.00      0.1150E-04 -0.3494E-01  0.1173E-04   0.000     -0.4059E-06   0.000     -0.6878E-03   58.89       0.000    
   599   10.83      -10.58       1.182       1.004      0.2148E-01   90.00      0.3632E-02 -0.1409E-01  0.3619E-02   0.000     -0.1458E-05   0.000     -0.3830E-03  0.3558       0.000    
   600   10.84      -10.58       1.203      0.9576      0.2049E-01   90.00      0.6191E-02  0.6324E-02  0.6465E-02   0.000     -0.9105E-06   0.000     -0.2470E-03  0.2882       0.000    
   601   10.86      -10.58       1.235      0.8724      0.3734E-01   90.00      0.6255E-02 -0.5731E-02  0.7170E-02   0.000     -0.7997E-05   0.000     -0.3103E-03  0.2933       0.000    
   602   10.90      -10.58       1.278      0.7329      0.3137E-01   90.00      0.4127E-02 -0.1915E-01  0.5632E-02   0.000     -0.5607E-05   0.000     -0.4098E-03  0.3228       0.000    
   603   10.97      -10.58       1.321      0.5548      0.2369E-01   90.00      0.2648E-02 -0.2005E-01  0.4773E-02   0.000     -0.4297E-05   0.000     -0.4550E-03  0.3453       0.000    
   604   11.09      -10.58       1.364      0.2357      0.1009E-01   90.00      0.1493E-02 -0.1232E-01  0.6331E-02   0.000     -0.7888E-05   0.000     -0.1152E-02  0.4319       0.000    
