 ---------------------------------------------------------------
Surface and Strip forces by surface

 Surface forces referred to Sref,Cref,Bref about Xmom,Ymom,Zmom
 Standard axis orientation,  X fwd, Z down         

  Surface # 1     main_wing_1                             
     # chordwise = 10   # spanwise =100     First strip =  1
     Surface area =  18.169           ave. chord =  2.7406    
     CLsurf  =   0.139673     Clsurf  =  -0.015122
     CYsurf  =  -0.000129     Cmsurf  =  -0.070579
     CDsurf  =   0.007079     Cnsurf  =  -0.000120
     CDisurf =   0.001247     CDvsurf =   0.000000

  Forces referred to Ssurf, Cave about hinge axis thru LE
     cl_surf =   0.511878     cd_surf =   0.025943

 Strip Forces referred to strip area, chord
    j    xLE         yLE         zLE         Chord       Area        Dihedral   c cl        ai_ff       cl           clj         cd          cdv         cm_c/4     c.p.x/c      Dcj
     1   12.63      0.4108E-03   1.385       2.822      0.4638E-02   0.000      0.9321     -0.2572E-01  0.3308       0.000     -0.1592E-02   0.000      0.6660E-03  0.2480       0.000    
     2   12.63      0.3697E-02   1.385       2.822      0.1391E-01   0.000      0.9321     -0.5841E-02  0.3308       0.000     -0.1592E-02   0.000      0.6661E-03  0.2480       0.000    
     3   12.63      0.1027E-01   1.385       2.822      0.2317E-01   0.000      0.9321     -0.4261E-02  0.3308       0.000     -0.1593E-02   0.000      0.6669E-03  0.2480       0.000    
     4   12.63      0.2011E-01   1.385       2.822      0.3240E-01  0.1108E-11  0.9321     -0.3844E-02  0.3308       0.000     -0.1598E-02   0.000      0.6695E-03  0.2480       0.000    
     5   12.63      0.3322E-01   1.385       2.822      0.4160E-01 -0.8631E-12  0.9321     -0.3698E-02  0.3308       0.000     -0.1608E-02   0.000      0.6755E-03  0.2480       0.000    
     6   12.63      0.4959E-01   1.385       2.822      0.5076E-01   0.000      0.9322     -0.3667E-02  0.3308       0.000     -0.1629E-02   0.000      0.6873E-03  0.2479       0.000    
     7   12.63      0.6919E-01   1.385       2.822      0.5988E-01  0.5997E-12  0.9322     -0.3717E-02  0.3308       0.000     -0.1663E-02   0.000      0.7076E-03  0.2479       0.000    
     8   12.63      0.9201E-01   1.385       2.822      0.6893E-01 -0.5209E-12  0.9324     -0.3850E-02  0.3309       0.000     -0.1719E-02   0.000      0.7397E-03  0.2478       0.000    
     9   12.63      0.1180       1.385       2.822      0.7791E-01   0.000      0.9325     -0.4083E-02  0.3310       0.000     -0.1802E-02   0.000      0.7875E-03  0.2476       0.000    
    10   12.63      0.1472       1.385       2.822      0.8682E-01  0.4136E-12  0.9328     -0.4447E-02  0.3310       0.000     -0.1924E-02   0.000      0.8556E-03  0.2474       0.000    
    11   12.63      0.1795       1.385       2.822      0.9564E-01 -0.7509E-12  0.9331     -0.4981E-02  0.3312       0.000     -0.2095E-02   0.000      0.9489E-03  0.2471       0.000    
    12   12.63      0.2150       1.385       2.822      0.1044      0.3440E-12  0.9335     -0.5741E-02  0.3313       0.000     -0.2333E-02   0.000      0.1073E-02  0.2468       0.000    
    13   12.63      0.2535       1.385       2.822      0.1130       0.000      0.9341     -0.6806E-02  0.3316       0.000     -0.2662E-02   0.000      0.1235E-02  0.2463       0.000    
    14   12.63      0.2950       1.385       2.822      0.1215       0.000      0.9348     -0.8301E-02  0.3318       0.000     -0.3116E-02   0.000      0.1442E-02  0.2457       0.000    
    15   12.63      0.3396       1.385       2.822      0.1299       0.000      0.9357     -0.1043E-01  0.3322       0.000     -0.3754E-02   0.000      0.1704E-02  0.2449       0.000    
    16   12.63      0.3871       1.385       2.822      0.1382       0.000      0.9368     -0.1356E-01  0.3326       0.000     -0.4673E-02   0.000      0.2031E-02  0.2439       0.000    
    17   12.63      0.4375       1.385       2.822      0.1463     -0.2454E-12  0.9381     -0.1842E-01  0.3331       0.000     -0.6060E-02   0.000      0.2438E-02  0.2427       0.000    
    18   12.63      0.4907       1.385       2.822      0.1543      0.2327E-12  0.9397     -0.2683E-01  0.3338       0.000     -0.8328E-02   0.000      0.2945E-02  0.2412       0.000    
    19   12.63      0.5468       1.385       2.822      0.1621       0.000      0.9416     -0.4488E-01  0.3348       0.000     -0.1273E-01   0.000      0.3586E-02  0.2393       0.000    
    20   12.63      0.6056       1.385       2.822      0.1698       0.000      0.9440     -0.1226      0.3365       0.000     -0.3075E-01   0.000      0.4419E-02  0.2369       0.000    
    21   12.63      0.6664       1.385       2.822      0.1733       0.000      0.7178      0.4942E-01  0.6006      0.3467      0.7424E-01   0.000      0.7103E-01  0.1317       5.144    
    22   12.63      0.7290       1.385       2.822      0.1804     -0.1990E-12  0.6673      0.4813E-01  0.6028      0.3667      0.5391E-01   0.000      0.7209E-01  0.1304       5.144    
    23   12.63      0.7942       1.385       2.822      0.1874      0.1916E-12  0.6383      0.4722E-01  0.6041      0.3783      0.4859E-01   0.000      0.7311E-01  0.1290       5.144    
    24   12.63      0.8618       1.385       2.822      0.1942       0.000      0.6173      0.4650E-01  0.6054      0.3870      0.4621E-01   0.000      0.7410E-01  0.1276       5.144    
    25   12.63      0.9318       1.385       2.822      0.2008     -0.1788E-12  0.6009      0.4590E-01  0.6066      0.3939      0.4485E-01   0.000      0.7507E-01  0.1262       5.144    
    26   12.63       1.004       1.385       2.822      0.2072       0.000      0.5876      0.4539E-01  0.6077      0.3998      0.4400E-01   0.000      0.7602E-01  0.1249       5.144    
    27   12.63       1.079       1.385       2.822      0.2134      0.1682E-12  0.5766      0.4494E-01  0.6089      0.4049      0.4344E-01   0.000      0.7696E-01  0.1236       5.144    
    28   12.63       1.155       1.385       2.822      0.2194       0.000      0.5672      0.4455E-01  0.6101      0.4094      0.4306E-01   0.000      0.7787E-01  0.1224       5.144    
    29   12.63       1.234       1.385       2.822      0.2252       0.000      0.5590      0.4420E-01  0.6112      0.4134      0.4280E-01   0.000      0.7876E-01  0.1211       5.144    
    30   12.63       1.315       1.385       2.822      0.2308       0.000      0.5520      0.4390E-01  0.6123      0.4170      0.4263E-01   0.000      0.7962E-01  0.1200       5.144    
    31   12.63       1.398       1.385       2.822      0.2361       0.000      0.5458      0.4362E-01  0.6134      0.4203      0.4251E-01   0.000      0.8045E-01  0.1189       5.144    
    32   12.63       1.482       1.385       2.822      0.2412       0.000      0.5403      0.4338E-01  0.6144      0.4233      0.4243E-01   0.000      0.8123E-01  0.1178       5.144    
    33   12.63       1.569       1.385       2.822      0.2460       0.000      0.5354      0.4316E-01  0.6154      0.4259      0.4238E-01   0.000      0.8197E-01  0.1168       5.144    
    34   12.63       1.657       1.385       2.822      0.2560       0.000      0.5310      0.4296E-01  0.6165      0.4285      0.4237E-01   0.000      0.8270E-01  0.1158       5.145    
    35   12.63       1.749       1.385       2.820      0.2603       0.000      0.5269      0.4278E-01  0.6176      0.4310      0.4237E-01   0.000      0.8340E-01  0.1150       5.149    
    36   12.63       1.842       1.385       2.818      0.2643       0.000      0.5233      0.4262E-01  0.6185      0.4331      0.4238E-01   0.000      0.8402E-01  0.1142       5.152    
    37   12.63       1.937       1.385       2.816      0.2681      0.1336E-12  0.5201      0.4248E-01  0.6193      0.4349      0.4239E-01   0.000      0.8456E-01  0.1134       5.155    
    38   12.63       2.032       1.385       2.814      0.2716     -0.1318E-12  0.5172      0.4235E-01  0.6198      0.4362      0.4239E-01   0.000      0.8500E-01  0.1129       5.159    
    39   12.63       2.130       1.385       2.812      0.2748     -0.1302E-12  0.5147      0.4224E-01  0.6199      0.4371      0.4237E-01   0.000      0.8531E-01  0.1124       5.162    
    40   12.63       2.228       1.385       2.810      0.2777      0.1287E-12  0.5125      0.4213E-01  0.6195      0.4374      0.4233E-01   0.000      0.8545E-01  0.1121       5.166    
    41   12.63       2.327       1.385       2.809      0.2804      0.1274E-12  0.5105      0.4206E-01  0.6184      0.4368      0.4225E-01   0.000      0.8538E-01  0.1119       5.169    
    42   12.63       2.427       1.385       2.807      0.2827     -0.2526E-12  0.5089      0.4209E-01  0.6167      0.4356      0.4214E-01   0.000      0.8514E-01  0.1119       5.173    
    43   12.63       2.529       1.385       2.805      0.2848      0.2505E-12  0.5075      0.4235E-01  0.6151      0.4344      0.4205E-01   0.000      0.8490E-01  0.1120       5.176    
    44   12.63       2.631       1.385       2.803      0.2866     -0.1244E-12  0.5065      0.4830E-01  0.6146      0.4341      0.4203E-01   0.000      0.8489E-01  0.1119       5.180    
    45   12.63       2.733       1.385       2.801      0.2882     -0.1236E-12  0.5059      0.4056E-01  0.6156      0.4352      0.4209E-01   0.000      0.8519E-01  0.1116       5.184    
    46   12.63       2.836       1.385       2.799      0.2894       0.000      0.5057      0.4201E-01  0.6176      0.4371      0.4222E-01   0.000      0.8571E-01  0.1112       5.187    
    47   12.63       2.940       1.385       2.797      0.2903      0.1225E-12  0.5058      0.4201E-01  0.6200      0.4394      0.4238E-01   0.000      0.8632E-01  0.1108       5.191    
    48   12.63       3.044       1.385       2.795      0.2910       0.000      0.5062      0.4204E-01  0.6222      0.4413      0.4253E-01   0.000      0.8681E-01  0.1105       5.195    
    49   12.63       3.148       1.385       2.793      0.2913       0.000      0.5068      0.4213E-01  0.6236      0.4423      0.4264E-01   0.000      0.8707E-01  0.1104       5.199    
    50   12.63       3.253       1.385       2.791      0.2914       0.000      0.5078      0.4224E-01  0.6243      0.4425      0.4272E-01   0.000      0.8713E-01  0.1104       5.203    
    51   12.63       3.357       1.385       2.789      0.2912       0.000      0.5092      0.4236E-01  0.6245      0.4422      0.4277E-01   0.000      0.8704E-01  0.1106       5.206    
    52   12.64       3.461       1.385       2.786      0.2907      0.1219E-12  0.5110      0.4251E-01  0.6244      0.4413      0.4282E-01   0.000      0.8683E-01  0.1109       5.210    
    53   12.64       3.566       1.385       2.784      0.2899     -0.1222E-12  0.5133      0.4268E-01  0.6241      0.4400      0.4286E-01   0.000      0.8652E-01  0.1114       5.214    
    54   12.64       3.670       1.385       2.782      0.2889       0.000      0.5162      0.4288E-01  0.6236      0.4383      0.4292E-01   0.000      0.8612E-01  0.1119       5.218    
    55   12.64       3.773       1.385       2.780      0.2875      0.1230E-12  0.5199      0.4311E-01  0.6229      0.4361      0.4299E-01   0.000      0.8563E-01  0.1125       5.221    
    56   12.64       3.876       1.385       2.778      0.2859     -0.1236E-12  0.5246      0.4339E-01  0.6220      0.4335      0.4309E-01   0.000      0.8506E-01  0.1133       5.225    
    57   12.64       3.979       1.385       2.776      0.2840       0.000      0.5304      0.4372E-01  0.6211      0.4303      0.4325E-01   0.000      0.8439E-01  0.1141       5.229    
    58   12.64       4.081       1.385       2.774      0.2818       0.000      0.5378      0.4410E-01  0.6200      0.4264      0.4349E-01   0.000      0.8363E-01  0.1151       5.233    
    59   12.64       4.182       1.385       2.772      0.2793       0.000      0.5473      0.4456E-01  0.6187      0.4216      0.4387E-01   0.000      0.8277E-01  0.1162       5.236    
    60   12.64       4.278       1.385       2.766      0.2543     -0.1384E-12  0.5586      0.4507E-01  0.6184      0.4167      0.4457E-01   0.000      0.8201E-01  0.1174       5.249    
    61   12.64       4.370       1.385       2.755      0.2506      0.2796E-12  0.5726      0.4567E-01  0.6190      0.4114      0.4572E-01   0.000      0.8132E-01  0.1186       5.270    
    62   12.65       4.460       1.385       2.743      0.2468     -0.1414E-12  0.5919      0.4642E-01  0.6194      0.4039      0.4767E-01   0.000      0.8051E-01  0.1200       5.292    
    63   12.65       4.550       1.385       2.732      0.2428       0.000      0.6209      0.4740E-01  0.6196      0.3927      0.5171E-01   0.000      0.7953E-01  0.1216       5.313    
    64   12.65       4.638       1.385       2.722      0.2386       0.000      0.6728      0.4886E-01  0.6191      0.3722      0.6714E-01   0.000      0.7834E-01  0.1235       5.334    
    65   12.65       4.730       1.385       2.710      0.2594       0.000      0.9275     -0.8876E-01  0.3440       0.000     -0.2584E-01   0.000      0.8519E-02  0.2252       0.000    
    66   12.66       4.825       1.385       2.699      0.2542      0.1351E-12  0.9216     -0.2895E-01  0.3426       0.000     -0.1162E-01   0.000      0.7231E-02  0.2289       0.000    
    67   12.66       4.918       1.385       2.687      0.2487     -0.1374E-12  0.9162     -0.1508E-01  0.3418       0.000     -0.7591E-02   0.000      0.6251E-02  0.2317       0.000    
    68   12.66       5.010       1.385       2.676      0.2431       0.000      0.9111     -0.8674E-02  0.3413       0.000     -0.5553E-02   0.000      0.5456E-02  0.2340       0.000    
    69   12.67       5.100       1.385       2.665      0.2374       0.000      0.9063     -0.5007E-02  0.3408       0.000     -0.4315E-02   0.000      0.4793E-02  0.2359       0.000    
    70   12.67       5.188       1.385       2.654      0.2314       0.000      0.9016     -0.2671E-02  0.3404       0.000     -0.3481E-02   0.000      0.4231E-02  0.2376       0.000    
    71   12.67       5.274       1.385       2.643      0.2253       0.000      0.8972     -0.1088E-02  0.3400       0.000     -0.2881E-02   0.000      0.3749E-02  0.2390       0.000    
    72   12.67       5.358       1.385       2.633      0.2190      0.1530E-12  0.8929      0.2523E-04  0.3397       0.000     -0.2431E-02   0.000      0.3334E-02  0.2402       0.000    
    73   12.68       5.440       1.385       2.623      0.2125     -0.1570E-12  0.8889      0.8263E-03  0.3395       0.000     -0.2083E-02   0.000      0.2975E-02  0.2412       0.000    
    74   12.68       5.520       1.385       2.613      0.2060      0.1614E-12  0.8850      0.1411E-02  0.3392       0.000     -0.1808E-02   0.000      0.2663E-02  0.2421       0.000    
    75   12.68       5.598       1.385       2.604      0.1992     -0.1662E-12  0.8812      0.1839E-02  0.3390       0.000     -0.1586E-02   0.000      0.2392E-02  0.2429       0.000    
    76   12.68       5.673       1.385       2.594      0.1924       0.000      0.8777      0.2152E-02  0.3388       0.000     -0.1406E-02   0.000      0.2156E-02  0.2436       0.000    
    77   12.69       5.746       1.385       2.585      0.1854       0.000      0.8743      0.2379E-02  0.3387       0.000     -0.1257E-02   0.000      0.1951E-02  0.2442       0.000    
    78   12.69       5.817       1.385       2.577      0.1783       0.000      0.8710      0.2540E-02  0.3386       0.000     -0.1134E-02   0.000      0.1772E-02  0.2448       0.000    
    79   12.69       5.885       1.385       2.568      0.1711       0.000      0.8680      0.2650E-02  0.3385       0.000     -0.1032E-02   0.000      0.1616E-02  0.2452       0.000    
    80   12.69       5.950       1.385       2.560      0.1638       0.000      0.8650      0.2720E-02  0.3384       0.000     -0.9461E-03   0.000      0.1481E-02  0.2456       0.000    
    81   12.69       6.013       1.385       2.553      0.1564       0.000      0.8623      0.2760E-02  0.3383       0.000     -0.8745E-03   0.000      0.1363E-02  0.2460       0.000    
    82   12.70       6.073       1.385       2.545      0.1489     -0.2174E-12  0.8597      0.2777E-02  0.3383       0.000     -0.8145E-03   0.000      0.1261E-02  0.2463       0.000    
    83   12.70       6.130       1.385       2.538      0.1413      0.2285E-12  0.8572      0.2774E-02  0.3382       0.000     -0.7643E-03   0.000      0.1174E-02  0.2465       0.000    
    84   12.70       6.184       1.385       2.532      0.1337       0.000      0.8549      0.2758E-02  0.3382       0.000     -0.7224E-03   0.000      0.1098E-02  0.2468       0.000    
    85   12.70       6.235       1.385       2.525      0.1259     -0.2551E-12  0.8528      0.2730E-02  0.3382       0.000     -0.6875E-03   0.000      0.1033E-02  0.2469       0.000    
    86   12.70       6.284       1.385       2.519      0.1181      0.2714E-12  0.8508      0.2695E-02  0.3382       0.000     -0.6587E-03   0.000      0.9779E-03  0.2471       0.000    
    87   12.70       6.329       1.385       2.514      0.1102       0.000      0.8489      0.2654E-02  0.3382       0.000     -0.6349E-03   0.000      0.9310E-03  0.2472       0.000    
    88   12.70       6.371       1.385       2.509      0.1023       0.000      0.8472      0.2609E-02  0.3382       0.000     -0.6156E-03   0.000      0.8913E-03  0.2474       0.000    
    89   12.71       6.411       1.385       2.504      0.9431E-01   0.000      0.8456      0.2563E-02  0.3382       0.000     -0.6000E-03   0.000      0.8581E-03  0.2475       0.000    
    90   12.71       6.447       1.385       2.499      0.8627E-01   0.000      0.8442      0.2516E-02  0.3383       0.000     -0.5875E-03   0.000      0.8304E-03  0.2475       0.000    
    91   12.71       6.480       1.385       2.495      0.7819E-01   0.000      0.8429      0.2469E-02  0.3383       0.000     -0.5777E-03   0.000      0.8076E-03  0.2476       0.000    
    92   12.71       6.509       1.385       2.492      0.7006E-01   0.000      0.8417      0.2424E-02  0.3383       0.000     -0.5702E-03   0.000      0.7889E-03  0.2477       0.000    
    93   12.71       6.536       1.385       2.488      0.6190E-01   0.000      0.8407      0.2382E-02  0.3383       0.000     -0.5644E-03   0.000      0.7738E-03  0.2477       0.000    
    94   12.71       6.559       1.385       2.485      0.5371E-01   0.000      0.8398      0.2344E-02  0.3384       0.000     -0.5602E-03   0.000      0.7618E-03  0.2477       0.000    
    95   12.71       6.579       1.385       2.483      0.4549E-01  0.6944E-12  0.8390      0.2310E-02  0.3384       0.000     -0.5572E-03   0.000      0.7523E-03  0.2478       0.000    
    96   12.71       6.596       1.385       2.481      0.3725E-01 -0.8473E-12  0.8384      0.2280E-02  0.3384       0.000     -0.5552E-03   0.000      0.7451E-03  0.2478       0.000    
    97   12.71       6.609       1.385       2.479      0.2899E-01   0.000      0.8379      0.2256E-02  0.3384       0.000     -0.5540E-03   0.000      0.7396E-03  0.2478       0.000    
    98   12.71       6.619       1.385       2.478      0.2072E-01   0.000      0.8375      0.2238E-02  0.3385       0.000     -0.5536E-03   0.000      0.7358E-03  0.2478       0.000    
    99   12.71       6.626       1.385       2.477      0.1244E-01   0.000      0.8372      0.2225E-02  0.3385       0.000     -0.5539E-03   0.000      0.7334E-03  0.2478       0.000    
   100   12.71       6.629       1.385       2.477      0.4146E-02   0.000      0.8371      0.2219E-02  0.3385       0.000     -0.5554E-03   0.000      0.7322E-03  0.2478       0.000    

 Surface forces referred to Sref,Cref,Bref about Xmom,Ymom,Zmom
 Standard axis orientation,  X fwd, Z down         

  Surface # 2     main_wing_1 (YDUP)                      
     # chordwise = 10   # spanwise =100     First strip =101
     Surface area =  18.169           ave. chord =  2.7406    
     CLsurf  =   0.139539     Clsurf  =   0.015109
     CYsurf  =   0.000129     Cmsurf  =  -0.070526
     CDsurf  =   0.007068     Cnsurf  =   0.000120
     CDisurf =   0.001245     CDvsurf =   0.000000

  Forces referred to Ssurf, Cave about hinge axis thru LE
     cl_surf =   0.511388     cd_surf =   0.025903

 Strip Forces referred to strip area, chord
    j    xLE         yLE         zLE         Chord       Area        Dihedral   c cl        ai_ff       cl           clj         cd          cdv         cm_c/4     c.p.x/c      Dcj
   101   12.63     -0.4108E-03   1.385       2.822      0.4638E-02   0.000      0.9321      0.1901E-01  0.3308       0.000     -0.1592E-02   0.000      0.6660E-03  0.2480       0.000    
   102   12.63     -0.3697E-02   1.385       2.822      0.1391E-01   0.000      0.9321     -0.8625E-03  0.3308       0.000     -0.1592E-02   0.000      0.6661E-03  0.2480       0.000    
   103   12.63     -0.1027E-01   1.385       2.822      0.2317E-01   0.000      0.9321     -0.2451E-02  0.3308       0.000     -0.1593E-02   0.000      0.6668E-03  0.2480       0.000    
   104   12.63     -0.2011E-01   1.385       2.822      0.3240E-01 -0.1108E-11  0.9321     -0.2896E-02  0.3308       0.000     -0.1597E-02   0.000      0.6693E-03  0.2480       0.000    
   105   12.63     -0.3322E-01   1.385       2.822      0.4160E-01  0.8631E-12  0.9321     -0.3107E-02  0.3308       0.000     -0.1607E-02   0.000      0.6753E-03  0.2480       0.000    
   106   12.63     -0.4959E-01   1.385       2.822      0.5076E-01   0.000      0.9321     -0.3264E-02  0.3308       0.000     -0.1626E-02   0.000      0.6870E-03  0.2479       0.000    
   107   12.63     -0.6919E-01   1.385       2.822      0.5988E-01 -0.5997E-12  0.9322     -0.3434E-02  0.3308       0.000     -0.1660E-02   0.000      0.7071E-03  0.2479       0.000    
   108   12.63     -0.9201E-01   1.385       2.822      0.6893E-01  0.5209E-12  0.9323     -0.3652E-02  0.3309       0.000     -0.1715E-02   0.000      0.7391E-03  0.2478       0.000    
   109   12.63     -0.1180       1.385       2.822      0.7791E-01   0.000      0.9325     -0.3949E-02  0.3309       0.000     -0.1798E-02   0.000      0.7868E-03  0.2476       0.000    
   110   12.63     -0.1472       1.385       2.822      0.8682E-01 -0.4136E-12  0.9327     -0.4360E-02  0.3310       0.000     -0.1918E-02   0.000      0.8548E-03  0.2474       0.000    
   111   12.63     -0.1795       1.385       2.822      0.9564E-01  0.7509E-12  0.9330     -0.4926E-02  0.3311       0.000     -0.2089E-02   0.000      0.9480E-03  0.2471       0.000    
   112   12.63     -0.2150       1.385       2.822      0.1044     -0.3440E-12  0.9334     -0.5706E-02  0.3313       0.000     -0.2327E-02   0.000      0.1072E-02  0.2468       0.000    
   113   12.63     -0.2535       1.385       2.822      0.1130       0.000      0.9340     -0.6782E-02  0.3315       0.000     -0.2655E-02   0.000      0.1234E-02  0.2463       0.000    
   114   12.63     -0.2950       1.385       2.822      0.1215       0.000      0.9346     -0.8283E-02  0.3318       0.000     -0.3109E-02   0.000      0.1442E-02  0.2457       0.000    
   115   12.63     -0.3396       1.385       2.822      0.1299       0.000      0.9355     -0.1041E-01  0.3321       0.000     -0.3747E-02   0.000      0.1703E-02  0.2449       0.000    
   116   12.63     -0.3871       1.385       2.822      0.1382       0.000      0.9366     -0.1354E-01  0.3325       0.000     -0.4665E-02   0.000      0.2030E-02  0.2439       0.000    
   117   12.63     -0.4375       1.385       2.822      0.1463      0.2454E-12  0.9379     -0.1841E-01  0.3331       0.000     -0.6051E-02   0.000      0.2437E-02  0.2427       0.000    
   118   12.63     -0.4907       1.385       2.822      0.1543     -0.2327E-12  0.9395     -0.2682E-01  0.3338       0.000     -0.8318E-02   0.000      0.2944E-02  0.2412       0.000    
   119   12.63     -0.5468       1.385       2.822      0.1621       0.000      0.9414     -0.4487E-01  0.3347       0.000     -0.1272E-01   0.000      0.3585E-02  0.2393       0.000    
   120   12.63     -0.6056       1.385       2.822      0.1698       0.000      0.9437     -0.1226      0.3364       0.000     -0.3073E-01   0.000      0.4418E-02  0.2369       0.000    
   121   12.63     -0.6664       1.385       2.822      0.1733       0.000      0.7176      0.4942E-01  0.6006      0.3467      0.7422E-01   0.000      0.7103E-01  0.1317       5.144    
   122   12.63     -0.7290       1.385       2.822      0.1804      0.1990E-12  0.6672      0.4813E-01  0.6027      0.3666      0.5390E-01   0.000      0.7209E-01  0.1304       5.144    
   123   12.63     -0.7942       1.385       2.822      0.1874     -0.1916E-12  0.6381      0.4722E-01  0.6040      0.3783      0.4857E-01   0.000      0.7311E-01  0.1290       5.144    
   124   12.63     -0.8618       1.385       2.822      0.1942       0.000      0.6171      0.4650E-01  0.6052      0.3869      0.4619E-01   0.000      0.7410E-01  0.1276       5.144    
   125   12.63     -0.9318       1.385       2.822      0.2008      0.1788E-12  0.6007      0.4590E-01  0.6064      0.3939      0.4484E-01   0.000      0.7507E-01  0.1262       5.144    
   126   12.63      -1.004       1.385       2.822      0.2072       0.000      0.5874      0.4539E-01  0.6076      0.3998      0.4399E-01   0.000      0.7602E-01  0.1249       5.144    
   127   12.63      -1.079       1.385       2.822      0.2134     -0.1682E-12  0.5763      0.4495E-01  0.6088      0.4048      0.4343E-01   0.000      0.7695E-01  0.1236       5.144    
   128   12.63      -1.155       1.385       2.822      0.2194       0.000      0.5669      0.4455E-01  0.6099      0.4093      0.4305E-01   0.000      0.7786E-01  0.1223       5.144    
   129   12.63      -1.234       1.385       2.822      0.2252       0.000      0.5588      0.4421E-01  0.6110      0.4133      0.4279E-01   0.000      0.7875E-01  0.1211       5.144    
   130   12.63      -1.315       1.385       2.822      0.2308       0.000      0.5517      0.4390E-01  0.6121      0.4169      0.4261E-01   0.000      0.7961E-01  0.1200       5.144    
   131   12.63      -1.398       1.385       2.822      0.2361       0.000      0.5455      0.4362E-01  0.6132      0.4202      0.4249E-01   0.000      0.8043E-01  0.1188       5.144    
   132   12.63      -1.482       1.385       2.822      0.2412       0.000      0.5400      0.4338E-01  0.6142      0.4231      0.4241E-01   0.000      0.8121E-01  0.1178       5.144    
   133   12.63      -1.569       1.385       2.822      0.2460       0.000      0.5351      0.4316E-01  0.6151      0.4258      0.4235E-01   0.000      0.8194E-01  0.1168       5.144    
   134   12.63      -1.657       1.385       2.822      0.2560       0.000      0.5306      0.4296E-01  0.6161      0.4283      0.4233E-01   0.000      0.8266E-01  0.1158       5.145    
   135   12.63      -1.749       1.385       2.820      0.2603       0.000      0.5265      0.4278E-01  0.6172      0.4307      0.4233E-01   0.000      0.8334E-01  0.1150       5.149    
   136   12.63      -1.842       1.385       2.818      0.2643       0.000      0.5229      0.4262E-01  0.6181      0.4327      0.4234E-01   0.000      0.8395E-01  0.1142       5.152    
   137   12.63      -1.937       1.385       2.816      0.2681     -0.1336E-12  0.5196      0.4248E-01  0.6187      0.4344      0.4234E-01   0.000      0.8446E-01  0.1135       5.155    
   138   12.63      -2.032       1.385       2.814      0.2716      0.1318E-12  0.5167      0.4235E-01  0.6190      0.4356      0.4232E-01   0.000      0.8486E-01  0.1129       5.159    
   139   12.63      -2.130       1.385       2.812      0.2748      0.1302E-12  0.5142      0.4223E-01  0.6189      0.4363      0.4228E-01   0.000      0.8511E-01  0.1125       5.162    
   140   12.63      -2.228       1.385       2.810      0.2777     -0.1287E-12  0.5119      0.4211E-01  0.6181      0.4362      0.4221E-01   0.000      0.8515E-01  0.1122       5.166    
   141   12.63      -2.327       1.385       2.809      0.2804     -0.1274E-12  0.5099      0.4204E-01  0.6164      0.4351      0.4210E-01   0.000      0.8495E-01  0.1122       5.169    
   142   12.63      -2.427       1.385       2.807      0.2827      0.2526E-12  0.5082      0.4211E-01  0.6140      0.4332      0.4195E-01   0.000      0.8455E-01  0.1123       5.173    
   143   12.63      -2.529       1.385       2.805      0.2848     -0.2505E-12  0.5068      0.4246E-01  0.6119      0.4315      0.4183E-01   0.000      0.8418E-01  0.1124       5.176    
   144   12.63      -2.631       1.385       2.803      0.2866      0.1244E-12  0.5058      0.5116E-01  0.6112      0.4310      0.4179E-01   0.000      0.8412E-01  0.1124       5.180    
   145   12.63      -2.733       1.385       2.801      0.2882      0.1236E-12  0.5052      0.3998E-01  0.6123      0.4322      0.4186E-01   0.000      0.8445E-01  0.1121       5.184    
   146   12.63      -2.836       1.385       2.799      0.2894       0.000      0.5049      0.4203E-01  0.6147      0.4345      0.4201E-01   0.000      0.8506E-01  0.1116       5.187    
   147   12.63      -2.940       1.385       2.797      0.2903     -0.1225E-12  0.5051      0.4201E-01  0.6178      0.4375      0.4221E-01   0.000      0.8583E-01  0.1111       5.191    
   148   12.63      -3.044       1.385       2.795      0.2910       0.000      0.5056      0.4202E-01  0.6207      0.4400      0.4241E-01   0.000      0.8648E-01  0.1107       5.195    
   149   12.63      -3.148       1.385       2.793      0.2913       0.000      0.5063      0.4212E-01  0.6225      0.4415      0.4255E-01   0.000      0.8687E-01  0.1105       5.199    
   150   12.63      -3.253       1.385       2.791      0.2914       0.000      0.5074      0.4224E-01  0.6236      0.4420      0.4265E-01   0.000      0.8701E-01  0.1105       5.203    
   151   12.63      -3.357       1.385       2.789      0.2912       0.000      0.5088      0.4236E-01  0.6240      0.4418      0.4273E-01   0.000      0.8696E-01  0.1106       5.206    
   152   12.64      -3.461       1.385       2.786      0.2907     -0.1219E-12  0.5106      0.4251E-01  0.6241      0.4411      0.4278E-01   0.000      0.8679E-01  0.1109       5.210    
   153   12.64      -3.566       1.385       2.784      0.2899      0.1222E-12  0.5130      0.4268E-01  0.6238      0.4398      0.4284E-01   0.000      0.8650E-01  0.1113       5.214    
   154   12.64      -3.670       1.385       2.782      0.2889       0.000      0.5160      0.4288E-01  0.6234      0.4382      0.4289E-01   0.000      0.8611E-01  0.1119       5.218    
   155   12.64      -3.773       1.385       2.780      0.2875     -0.1230E-12  0.5197      0.4312E-01  0.6227      0.4361      0.4297E-01   0.000      0.8563E-01  0.1125       5.221    
   156   12.64      -3.876       1.385       2.778      0.2859      0.1236E-12  0.5244      0.4339E-01  0.6219      0.4334      0.4308E-01   0.000      0.8506E-01  0.1132       5.225    
   157   12.64      -3.979       1.385       2.776      0.2840       0.000      0.5302      0.4372E-01  0.6210      0.4303      0.4323E-01   0.000      0.8439E-01  0.1141       5.229    
   158   12.64      -4.081       1.385       2.774      0.2818       0.000      0.5377      0.4410E-01  0.6199      0.4264      0.4348E-01   0.000      0.8363E-01  0.1151       5.233    
   159   12.64      -4.182       1.385       2.772      0.2793       0.000      0.5471      0.4456E-01  0.6187      0.4216      0.4386E-01   0.000      0.8278E-01  0.1162       5.236    
   160   12.64      -4.278       1.385       2.766      0.2543      0.1384E-12  0.5585      0.4508E-01  0.6184      0.4167      0.4456E-01   0.000      0.8202E-01  0.1174       5.249    
   161   12.64      -4.370       1.385       2.755      0.2506     -0.2796E-12  0.5724      0.4567E-01  0.6190      0.4114      0.4572E-01   0.000      0.8133E-01  0.1186       5.270    
   162   12.65      -4.460       1.385       2.743      0.2468      0.1414E-12  0.5919      0.4642E-01  0.6194      0.4039      0.4766E-01   0.000      0.8052E-01  0.1200       5.292    
   163   12.65      -4.550       1.385       2.732      0.2428       0.000      0.6208      0.4740E-01  0.6196      0.3927      0.5171E-01   0.000      0.7954E-01  0.1216       5.313    
   164   12.65      -4.638       1.385       2.722      0.2386       0.000      0.6727      0.4886E-01  0.6191      0.3723      0.6714E-01   0.000      0.7834E-01  0.1235       5.334    
   165   12.65      -4.730       1.385       2.710      0.2594       0.000      0.9274     -0.8874E-01  0.3440       0.000     -0.2585E-01   0.000      0.8528E-02  0.2252       0.000    
   166   12.66      -4.825       1.385       2.699      0.2542     -0.1351E-12  0.9216     -0.2894E-01  0.3426       0.000     -0.1162E-01   0.000      0.7239E-02  0.2289       0.000    
   167   12.66      -4.918       1.385       2.687      0.2487      0.1374E-12  0.9162     -0.1507E-01  0.3418       0.000     -0.7596E-02   0.000      0.6259E-02  0.2317       0.000    
   168   12.66      -5.010       1.385       2.676      0.2431       0.000      0.9111     -0.8666E-02  0.3413       0.000     -0.5558E-02   0.000      0.5464E-02  0.2340       0.000    
   169   12.67      -5.100       1.385       2.665      0.2374       0.000      0.9063     -0.5000E-02  0.3408       0.000     -0.4320E-02   0.000      0.4800E-02  0.2359       0.000    
   170   12.67      -5.188       1.385       2.654      0.2314       0.000      0.9017     -0.2664E-02  0.3404       0.000     -0.3485E-02   0.000      0.4237E-02  0.2376       0.000    
   171   12.67      -5.274       1.385       2.643      0.2253       0.000      0.8972     -0.1082E-02  0.3400       0.000     -0.2885E-02   0.000      0.3755E-02  0.2390       0.000    
   172   12.67      -5.358       1.385       2.633      0.2190     -0.1530E-12  0.8930      0.3050E-04  0.3397       0.000     -0.2435E-02   0.000      0.3340E-02  0.2402       0.000    
   173   12.68      -5.440       1.385       2.623      0.2125      0.1570E-12  0.8889      0.8311E-03  0.3395       0.000     -0.2087E-02   0.000      0.2980E-02  0.2412       0.000    
   174   12.68      -5.520       1.385       2.613      0.2060     -0.1614E-12  0.8850      0.1415E-02  0.3392       0.000     -0.1811E-02   0.000      0.2668E-02  0.2421       0.000    
   175   12.68      -5.598       1.385       2.604      0.1992      0.1662E-12  0.8813      0.1843E-02  0.3390       0.000     -0.1589E-02   0.000      0.2397E-02  0.2429       0.000    
   176   12.68      -5.673       1.385       2.594      0.1924       0.000      0.8777      0.2156E-02  0.3389       0.000     -0.1409E-02   0.000      0.2160E-02  0.2436       0.000    
   177   12.69      -5.746       1.385       2.585      0.1854       0.000      0.8743      0.2382E-02  0.3387       0.000     -0.1260E-02   0.000      0.1955E-02  0.2442       0.000    
   178   12.69      -5.817       1.385       2.577      0.1783       0.000      0.8711      0.2543E-02  0.3386       0.000     -0.1137E-02   0.000      0.1776E-02  0.2448       0.000    
   179   12.69      -5.885       1.385       2.568      0.1711       0.000      0.8680      0.2652E-02  0.3385       0.000     -0.1034E-02   0.000      0.1620E-02  0.2452       0.000    
   180   12.69      -5.950       1.385       2.560      0.1638       0.000      0.8651      0.2723E-02  0.3384       0.000     -0.9487E-03   0.000      0.1484E-02  0.2456       0.000    
   181   12.69      -6.013       1.385       2.553      0.1564       0.000      0.8623      0.2763E-02  0.3383       0.000     -0.8769E-03   0.000      0.1366E-02  0.2460       0.000    
   182   12.70      -6.073       1.385       2.545      0.1489      0.2174E-12  0.8597      0.2779E-02  0.3383       0.000     -0.8169E-03   0.000      0.1265E-02  0.2463       0.000    
   183   12.70      -6.130       1.385       2.538      0.1413     -0.2285E-12  0.8573      0.2776E-02  0.3382       0.000     -0.7666E-03   0.000      0.1177E-02  0.2465       0.000    
   184   12.70      -6.184       1.385       2.532      0.1337       0.000      0.8550      0.2760E-02  0.3382       0.000     -0.7246E-03   0.000      0.1101E-02  0.2467       0.000    
   185   12.70      -6.235       1.385       2.525      0.1259      0.2551E-12  0.8528      0.2732E-02  0.3382       0.000     -0.6897E-03   0.000      0.1036E-02  0.2469       0.000    
   186   12.70      -6.284       1.385       2.519      0.1181     -0.2714E-12  0.8508      0.2696E-02  0.3382       0.000     -0.6608E-03   0.000      0.9804E-03  0.2471       0.000    
   187   12.70      -6.329       1.385       2.514      0.1102       0.000      0.8489      0.2655E-02  0.3382       0.000     -0.6370E-03   0.000      0.9334E-03  0.2472       0.000    
   188   12.70      -6.371       1.385       2.509      0.1023       0.000      0.8472      0.2611E-02  0.3382       0.000     -0.6176E-03   0.000      0.8936E-03  0.2474       0.000    
   189   12.71      -6.411       1.385       2.504      0.9431E-01   0.000      0.8457      0.2564E-02  0.3383       0.000     -0.6020E-03   0.000      0.8603E-03  0.2475       0.000    
   190   12.71      -6.447       1.385       2.499      0.8627E-01   0.000      0.8442      0.2517E-02  0.3383       0.000     -0.5895E-03   0.000      0.8326E-03  0.2475       0.000    
   191   12.71      -6.480       1.385       2.495      0.7819E-01   0.000      0.8429      0.2470E-02  0.3383       0.000     -0.5797E-03   0.000      0.8097E-03  0.2476       0.000    
   192   12.71      -6.509       1.385       2.492      0.7006E-01   0.000      0.8418      0.2426E-02  0.3383       0.000     -0.5721E-03   0.000      0.7909E-03  0.2477       0.000    
   193   12.71      -6.536       1.385       2.488      0.6190E-01   0.000      0.8407      0.2383E-02  0.3384       0.000     -0.5663E-03   0.000      0.7758E-03  0.2477       0.000    
   194   12.71      -6.559       1.385       2.485      0.5371E-01   0.000      0.8398      0.2345E-02  0.3384       0.000     -0.5620E-03   0.000      0.7637E-03  0.2477       0.000    
   195   12.71      -6.579       1.385       2.483      0.4549E-01 -0.6944E-12  0.8391      0.2311E-02  0.3384       0.000     -0.5590E-03   0.000      0.7542E-03  0.2478       0.000    
   196   12.71      -6.596       1.385       2.481      0.3725E-01  0.8473E-12  0.8384      0.2281E-02  0.3384       0.000     -0.5570E-03   0.000      0.7469E-03  0.2478       0.000    
   197   12.71      -6.609       1.385       2.479      0.2899E-01   0.000      0.8379      0.2257E-02  0.3385       0.000     -0.5558E-03   0.000      0.7414E-03  0.2478       0.000    
   198   12.71      -6.619       1.385       2.478      0.2072E-01   0.000      0.8375      0.2239E-02  0.3385       0.000     -0.5554E-03   0.000      0.7376E-03  0.2478       0.000    
   199   12.71      -6.626       1.385       2.477      0.1244E-01   0.000      0.8373      0.2226E-02  0.3385       0.000     -0.5557E-03   0.000      0.7351E-03  0.2478       0.000    
   200   12.71      -6.629       1.385       2.477      0.4146E-02   0.000      0.8372      0.2220E-02  0.3385       0.000     -0.5572E-03   0.000      0.7339E-03  0.2478       0.000    

 Surface forces referred to Sref,Cref,Bref about Xmom,Ymom,Zmom
 Standard axis orientation,  X fwd, Z down         

  Surface # 3     main_wing_2                             
     # chordwise = 10   # spanwise =100     First strip =201
     Surface area =  15.124           ave. chord =  2.0155    
     CLsurf  =   0.119864     Clsurf  =  -0.043049
     CYsurf  =  -0.000245     Cmsurf  =  -0.062947
     CDsurf  =   0.006042     Cnsurf  =   0.000038
     CDisurf =   0.000848     CDvsurf =   0.000000

  Forces referred to Ssurf, Cave about hinge axis thru LE
     cl_surf =   0.527722     cd_surf =   0.026599

 Strip Forces referred to strip area, chord
    j    xLE         yLE         zLE         Chord       Area        Dihedral   c cl        ai_ff       cl           clj         cd          cdv         cm_c/4     c.p.x/c      Dcj
   201   12.71       6.630       1.385       2.477      0.4593E-02   0.000      0.8371      0.2217E-02  0.3385       0.000     -0.5552E-03   0.000      0.7320E-03  0.2478       0.000    
   202   12.71       6.634       1.385       2.476      0.1377E-01  0.2287E-11  0.8369      0.2210E-02  0.3385       0.000     -0.5530E-03   0.000      0.7307E-03  0.2478       0.000    
   203   12.71       6.641       1.385       2.475      0.2293E-01 -0.1373E-11  0.8367      0.2196E-02  0.3385       0.000     -0.5514E-03   0.000      0.7282E-03  0.2478       0.000    
   204   12.71       6.652       1.385       2.474      0.3205E-01   0.000      0.8363      0.2174E-02  0.3385       0.000     -0.5499E-03   0.000      0.7247E-03  0.2479       0.000    
   205   12.71       6.667       1.385       2.472      0.4113E-01   0.000      0.8357      0.2145E-02  0.3385       0.000     -0.5487E-03   0.000      0.7203E-03  0.2479       0.000    
   206   12.71       6.686       1.385       2.470      0.5014E-01   0.000      0.8350      0.2108E-02  0.3386       0.000     -0.5477E-03   0.000      0.7156E-03  0.2479       0.000    
   207   12.71       6.708       1.385       2.467      0.5907E-01  0.5314E-12  0.8342      0.2062E-02  0.3386       0.000     -0.5473E-03   0.000      0.7108E-03  0.2479       0.000    
   208   12.72       6.733       1.385       2.464      0.6792E-01 -0.4616E-12  0.8332      0.2007E-02  0.3387       0.000     -0.5477E-03   0.000      0.7065E-03  0.2479       0.000    
   209   12.72       6.763       1.385       2.460      0.7666E-01   0.000      0.8322      0.1941E-02  0.3387       0.000     -0.5493E-03   0.000      0.7032E-03  0.2479       0.000    
   210   12.72       6.796       1.385       2.456      0.8528E-01   0.000      0.8310      0.1865E-02  0.3388       0.000     -0.5525E-03   0.000      0.7017E-03  0.2479       0.000    
   211   12.72       6.832       1.385       2.452      0.9377E-01   0.000      0.8297      0.1777E-02  0.3389       0.000     -0.5576E-03   0.000      0.7026E-03  0.2479       0.000    
   212   12.72       6.872       1.385       2.447      0.1021       0.000      0.8283      0.1676E-02  0.3390       0.000     -0.5654E-03   0.000      0.7069E-03  0.2479       0.000    
   213   12.72       6.916       1.385       2.442      0.1103       0.000      0.8267      0.1560E-02  0.3391       0.000     -0.5763E-03   0.000      0.7154E-03  0.2479       0.000    
   214   12.72       6.963       1.385       2.436      0.1184       0.000      0.8251      0.1428E-02  0.3392       0.000     -0.5911E-03   0.000      0.7292E-03  0.2479       0.000    
   215   12.72       7.013       1.385       2.430      0.1262       0.000      0.8234      0.1278E-02  0.3394       0.000     -0.6106E-03   0.000      0.7497E-03  0.2478       0.000    
   216   12.73       7.066       1.385       2.423      0.1339       0.000      0.8216      0.1107E-02  0.3396       0.000     -0.6357E-03   0.000      0.7780E-03  0.2477       0.000    
   217   12.73       7.123       1.385       2.416      0.1413       0.000      0.8198      0.9119E-03  0.3398       0.000     -0.6675E-03   0.000      0.8157E-03  0.2476       0.000    
   218   12.73       7.183       1.385       2.409      0.1486      0.2062E-12  0.8179      0.6897E-03  0.3400       0.000     -0.7073E-03   0.000      0.8647E-03  0.2475       0.000    
   219   12.73       7.247       1.385       2.401      0.1556     -0.1963E-12  0.8159      0.4351E-03  0.3403       0.000     -0.7569E-03   0.000      0.9271E-03  0.2473       0.000    
   220   12.73       7.313       1.385       2.393      0.1624       0.000      0.8139      0.1420E-03  0.3406       0.000     -0.8183E-03   0.000      0.1005E-02  0.2470       0.000    
   221   12.74       7.382       1.385       2.384      0.1690       0.000      0.8118     -0.1980E-03  0.3410       0.000     -0.8940E-03   0.000      0.1102E-02  0.2468       0.000    
   222   12.74       7.455       1.385       2.375      0.1754       0.000      0.8097     -0.5957E-03  0.3414       0.000     -0.9875E-03   0.000      0.1221E-02  0.2464       0.000    
   223   12.74       7.530       1.385       2.366      0.1814     -0.1659E-12  0.8076     -0.1066E-02  0.3419       0.000     -0.1103E-02   0.000      0.1367E-02  0.2460       0.000    
   224   12.74       7.608       1.385       2.356      0.1873      0.1601E-12  0.8055     -0.1629E-02  0.3424       0.000     -0.1247E-02   0.000      0.1544E-02  0.2455       0.000    
   225   12.75       7.689       1.385       2.347      0.1928       0.000      0.8035     -0.2315E-02  0.3430       0.000     -0.1427E-02   0.000      0.1759E-02  0.2449       0.000    
   226   12.75       7.772       1.385       2.336      0.1981       0.000      0.8014     -0.3165E-02  0.3436       0.000     -0.1656E-02   0.000      0.2020E-02  0.2441       0.000    
   227   12.75       7.859       1.385       2.326      0.2031       0.000      0.7994     -0.4244E-02  0.3443       0.000     -0.1952E-02   0.000      0.2337E-02  0.2432       0.000    
   228   12.75       7.947       1.385       2.315      0.2078       0.000      0.7975     -0.5652E-02  0.3451       0.000     -0.2341E-02   0.000      0.2722E-02  0.2421       0.000    
   229   12.76       8.038       1.385       2.304      0.2123       0.000      0.7956     -0.7558E-02  0.3460       0.000     -0.2869E-02   0.000      0.3193E-02  0.2408       0.000    
   230   12.76       8.131       1.385       2.292      0.2164       0.000      0.7939     -0.1027E-01  0.3470       0.000     -0.3619E-02   0.000      0.3772E-02  0.2391       0.000    
   231   12.76       8.227       1.385       2.280      0.2203       0.000      0.7923     -0.1442E-01  0.3482       0.000     -0.4753E-02   0.000      0.4492E-02  0.2371       0.000    
   232   12.76       8.325       1.385       2.268      0.2239       0.000      0.7910     -0.2154E-01  0.3495       0.000     -0.6663E-02   0.000      0.5400E-02  0.2345       0.000    
   233   12.77       8.424       1.385       2.256      0.2271       0.000      0.7899     -0.3688E-01  0.3512       0.000     -0.1058E-01   0.000      0.6584E-02  0.2313       0.000    
   234   12.77       8.526       1.385       2.244      0.2301       0.000      0.7894     -0.1035      0.3536       0.000     -0.2457E-01   0.000      0.8241E-02  0.2267       0.000    
   235   12.77       8.630       1.385       2.231      0.2343       0.000      0.5454      0.4814E-01  0.6913      0.4472      0.6815E-01   0.000      0.9386E-01  0.1142       6.508    
   236   12.78       8.736       1.385       2.218      0.2367       0.000      0.4945      0.4637E-01  0.6959      0.4732      0.5616E-01   0.000      0.9654E-01  0.1113       6.546    
   237   12.78       8.843       1.385       2.205      0.2388       0.000      0.4647      0.4518E-01  0.6999      0.4894      0.5294E-01   0.000      0.9893E-01  0.1086       6.585    
   238   12.78       8.952       1.385       2.191      0.2406     -0.1159E-12  0.4437      0.4428E-01  0.7036      0.5014      0.5155E-01   0.000      0.1011      0.1063       6.625    
   239   12.79       9.063       1.385       2.178      0.2421      0.2289E-12  0.4276      0.4357E-01  0.7072      0.5111      0.5087E-01   0.000      0.1032      0.1041       6.667    
   240   12.79       9.174       1.385       2.164      0.2433     -0.1132E-12  0.4147      0.4300E-01  0.7107      0.5193      0.5055E-01   0.000      0.1051      0.1022       6.709    
   241   12.79       9.287       1.385       2.150      0.2442       0.000      0.4039      0.4253E-01  0.7141      0.5265      0.5041E-01   0.000      0.1068      0.1004       6.752    
   242   12.80       9.402       1.385       2.136      0.2448      0.1110E-12  0.3946      0.4214E-01  0.7173      0.5328      0.5038E-01   0.000      0.1085      0.9877E-01   6.797    
   243   12.80       9.517       1.385       2.122      0.2452     -0.1101E-12  0.3865      0.4183E-01  0.7204      0.5385      0.5041E-01   0.000      0.1100      0.9728E-01   6.842    
   244   12.80       9.633       1.385       2.108      0.2452      0.1093E-12  0.3792      0.4157E-01  0.7233      0.5436      0.5048E-01   0.000      0.1114      0.9591E-01   6.888    
   245   12.81       9.749       1.385       2.093      0.2450     -0.1087E-12  0.3726      0.4136E-01  0.7259      0.5482      0.5056E-01   0.000      0.1128      0.9466E-01   6.936    
   246   12.81       9.867       1.385       2.079      0.2446       0.000      0.3664      0.4119E-01  0.7283      0.5523      0.5065E-01   0.000      0.1140      0.9353E-01   6.984    
   247   12.82       9.985       1.385       2.064      0.2438      0.1077E-12  0.3607      0.4107E-01  0.7302      0.5557      0.5071E-01   0.000      0.1150      0.9251E-01   7.033    
   248   12.82       10.10       1.385       2.050      0.2428       0.000      0.3552      0.4096E-01  0.7314      0.5583      0.5074E-01   0.000      0.1158      0.9164E-01   7.083    
   249   12.82       10.22       1.385       2.035      0.2416     -0.1072E-12  0.3499      0.4089E-01  0.7315      0.5598      0.5070E-01   0.000      0.1163      0.9093E-01   7.133    
   250   12.83       10.34       1.385       2.021      0.2401       0.000      0.3448      0.4092E-01  0.7303      0.5599      0.5059E-01   0.000      0.1166      0.9041E-01   7.185    
   251   12.83       10.46       1.385       2.006      0.2383      0.1071E-12  0.3398      0.4103E-01  0.7289      0.5598      0.5048E-01   0.000      0.1167      0.8990E-01   7.237    
   252   12.83       10.58       1.385       1.991      0.2364     -0.1072E-12  0.3351      0.4163E-01  0.7292      0.5611      0.5047E-01   0.000      0.1172      0.8922E-01   7.290    
   253   12.84       10.70       1.385       1.977      0.2342       0.000      0.3305      0.4101E-01  0.7317      0.5647      0.5060E-01   0.000      0.1183      0.8830E-01   7.344    
   254   12.84       10.81       1.385       1.962      0.2318       0.000      0.3262      0.4115E-01  0.7361      0.5700      0.5085E-01   0.000      0.1198      0.8721E-01   7.399    
   255   12.84       10.93       1.385       1.948      0.2291       0.000      0.3221      0.4119E-01  0.7408      0.5756      0.5113E-01   0.000      0.1214      0.8613E-01   7.454    
   256   12.85       11.05       1.385       1.933      0.2263       0.000      0.3181      0.4135E-01  0.7445      0.5802      0.5134E-01   0.000      0.1227      0.8520E-01   7.509    
   257   12.85       11.17       1.385       1.919      0.2233       0.000      0.3141      0.4154E-01  0.7469      0.5834      0.5148E-01   0.000      0.1237      0.8442E-01   7.565    
   258   12.86       11.28       1.385       1.905      0.2201       0.000      0.3102      0.4176E-01  0.7485      0.5858      0.5156E-01   0.000      0.1244      0.8376E-01   7.622    
   259   12.86       11.40       1.385       1.891      0.2167       0.000      0.3065      0.4199E-01  0.7493      0.5874      0.5160E-01   0.000      0.1250      0.8317E-01   7.679    
   260   12.86       11.51       1.385       1.877      0.2131      0.1120E-12  0.3029      0.4226E-01  0.7497      0.5885      0.5161E-01   0.000      0.1255      0.8267E-01   7.737    
   261   12.87       11.62       1.385       1.863      0.2094     -0.1132E-12  0.2996      0.4256E-01  0.7497      0.5890      0.5160E-01   0.000      0.1258      0.8223E-01   7.794    
   262   12.87       11.74       1.385       1.849      0.2055       0.000      0.2967      0.4290E-01  0.7492      0.5890      0.5158E-01   0.000      0.1260      0.8188E-01   7.852    
   263   12.87       11.85       1.385       1.835      0.2015       0.000      0.2942      0.4328E-01  0.7484      0.5883      0.5157E-01   0.000      0.1260      0.8162E-01   7.910    
   264   12.88       11.96       1.385       1.822      0.1973       0.000      0.2925      0.4372E-01  0.7472      0.5869      0.5159E-01   0.000      0.1259      0.8146E-01   7.969    
   265   12.88       12.06       1.385       1.809      0.1930       0.000      0.2916      0.4422E-01  0.7456      0.5846      0.5168E-01   0.000      0.1257      0.8143E-01   8.027    
   266   12.88       12.17       1.385       1.796      0.1886       0.000      0.2922      0.4480E-01  0.7437      0.5812      0.5191E-01   0.000      0.1253      0.8155E-01   8.085    
   267   12.89       12.27       1.385       1.783      0.1840       0.000      0.2948      0.4548E-01  0.7413      0.5761      0.5242E-01   0.000      0.1246      0.8185E-01   8.143    
   268   12.89       12.38       1.385       1.770      0.1794      0.1256E-12  0.3008      0.4631E-01  0.7385      0.5688      0.5355E-01   0.000      0.1238      0.8237E-01   8.201    
   269   12.89       12.48       1.385       1.758      0.1746     -0.1281E-12  0.3131      0.4736E-01  0.7351      0.5573      0.5636E-01   0.000      0.1226      0.8317E-01   8.258    
   270   12.90       12.57       1.385       1.746      0.1697       0.000      0.3404      0.4886E-01  0.7310      0.5362      0.6726E-01   0.000      0.1211      0.8432E-01   8.316    
   271   12.90       12.67       1.385       1.734      0.1597       0.000      0.5065     -0.8582E-01  0.2934       0.000     -0.1764E-01   0.000      0.1216E-01  0.2085       0.000    
   272   12.90       12.76       1.385       1.723      0.1548       0.000      0.4917     -0.2381E-01  0.2861       0.000     -0.6809E-02   0.000      0.1048E-01  0.2134       0.000    
   273   12.90       12.85       1.385       1.712      0.1499      0.1453E-12  0.4772     -0.8798E-02  0.2793       0.000     -0.3620E-02   0.000      0.9351E-02  0.2165       0.000    
   274   12.91       12.94       1.385       1.702      0.1449     -0.1494E-12  0.4626     -0.1380E-02  0.2724       0.000     -0.2004E-02   0.000      0.8538E-02  0.2187       0.000    
   275   12.91       13.02       1.385       1.691      0.1398       0.000      0.4480      0.3277E-02  0.2653       0.000     -0.1001E-02   0.000      0.7949E-02  0.2200       0.000    
   276   12.91       13.10       1.385       1.681      0.1347      0.1588E-12  0.4333      0.6599E-02  0.2581       0.000     -0.3098E-03   0.000      0.7526E-02  0.2208       0.000    
   277   12.91       13.18       1.385       1.671      0.1295     -0.1642E-12  0.4184      0.9169E-02  0.2507       0.000      0.1983E-03   0.000      0.7231E-02  0.2212       0.000    
   278   12.92       13.26       1.385       1.662      0.1243      0.1702E-12  0.4034      0.1127E-01  0.2430       0.000      0.5875E-03   0.000      0.7034E-02  0.2211       0.000    
   279   12.92       13.33       1.385       1.653      0.1190     -0.1767E-12  0.3881      0.1307E-01  0.2351       0.000      0.8937E-03   0.000      0.6913E-02  0.2206       0.000    
   280   12.92       13.40       1.385       1.644      0.1137       0.000      0.3726      0.1465E-01  0.2269       0.000      0.1139E-02   0.000      0.6849E-02  0.2198       0.000    
   281   12.92       13.47       1.385       1.636      0.1083       0.000      0.3569      0.1606E-01  0.2184       0.000      0.1336E-02   0.000      0.6825E-02  0.2187       0.000    
   282   12.92       13.53       1.385       1.628      0.1029       0.000      0.3409      0.1736E-01  0.2096       0.000      0.1496E-02   0.000      0.6826E-02  0.2174       0.000    
   283   12.93       13.59       1.385       1.621      0.9748E-01   0.000      0.3247      0.1856E-01  0.2005       0.000      0.1623E-02   0.000      0.6840E-02  0.2159       0.000    
   284   12.93       13.65       1.385       1.613      0.9202E-01   0.000      0.3082      0.1968E-01  0.1912       0.000      0.1722E-02   0.000      0.6853E-02  0.2142       0.000    
   285   12.93       13.71       1.385       1.607      0.8654E-01 -0.2362E-12  0.2914      0.2072E-01  0.1815       0.000      0.1796E-02   0.000      0.6855E-02  0.2122       0.000    
   286   12.93       13.76       1.385       1.600      0.8104E-01  0.5024E-12  0.2743      0.2170E-01  0.1715       0.000      0.1848E-02   0.000      0.6834E-02  0.2102       0.000    
   287   12.93       13.81       1.385       1.594      0.7552E-01 -0.2685E-12  0.2569      0.2263E-01  0.1613       0.000      0.1878E-02   0.000      0.6780E-02  0.2080       0.000    
   288   12.93       13.85       1.385       1.588      0.6998E-01   0.000      0.2392      0.2349E-01  0.1507       0.000      0.1887E-02   0.000      0.6683E-02  0.2057       0.000    
   289   12.94       13.90       1.385       1.583      0.6443E-01   0.000      0.2213      0.2431E-01  0.1399       0.000      0.1875E-02   0.000      0.6535E-02  0.2033       0.000    
   290   12.94       13.94       1.385       1.578      0.5886E-01 -0.3412E-12  0.2031      0.2506E-01  0.1287       0.000      0.1844E-02   0.000      0.6327E-02  0.2009       0.000    
   291   12.94       13.97       1.385       1.574      0.5328E-01  0.3758E-12  0.1846      0.2577E-01  0.1174       0.000      0.1792E-02   0.000      0.6054E-02  0.1984       0.000    
   292   12.94       14.00       1.385       1.570      0.4770E-01   0.000      0.1659      0.2642E-01  0.1057       0.000      0.1721E-02   0.000      0.5709E-02  0.1960       0.000    
   293   12.94       14.03       1.385       1.567      0.4210E-01   0.000      0.1470      0.2702E-01  0.9387E-01   0.000      0.1629E-02   0.000      0.5289E-02  0.1936       0.000    
   294   12.94       14.06       1.385       1.564      0.3650E-01   0.000      0.1278      0.2757E-01  0.8180E-01   0.000      0.1516E-02   0.000      0.4793E-02  0.1914       0.000    
   295   12.94       14.08       1.385       1.561      0.3089E-01   0.000      0.1085      0.2806E-01  0.6954E-01   0.000      0.1380E-02   0.000      0.4221E-02  0.1893       0.000    
   296   12.94       14.10       1.385       1.559      0.2528E-01   0.000      0.8902E-01  0.2849E-01  0.5713E-01   0.000      0.1212E-02   0.000      0.3575E-02  0.1874       0.000    
   297   12.94       14.11       1.385       1.557      0.1967E-01   0.000      0.6939E-01  0.2885E-01  0.4458E-01   0.000      0.1002E-02   0.000      0.2861E-02  0.1858       0.000    
   298   12.94       14.12       1.385       1.556      0.1405E-01   0.000      0.4965E-01  0.2912E-01  0.3192E-01   0.000      0.7408E-03   0.000      0.2089E-02  0.1846       0.000    
   299   12.94       14.13       1.385       1.555      0.8431E-02   0.000      0.2982E-01  0.2931E-01  0.1918E-01   0.000      0.4388E-03   0.000      0.1272E-02  0.1837       0.000    
   300   12.94       14.13       1.385       1.554      0.2810E-02   0.000      0.9946E-02  0.2940E-01  0.6401E-02   0.000      0.1243E-03   0.000      0.4270E-03  0.1833       0.000    

 Surface forces referred to Sref,Cref,Bref about Xmom,Ymom,Zmom
 Standard axis orientation,  X fwd, Z down         

  Surface # 4     main_wing_2 (YDUP)                      
     # chordwise = 10   # spanwise =100     First strip =301
     Surface area =  15.124           ave. chord =  2.0155    
     CLsurf  =   0.119867     Clsurf  =   0.043049
     CYsurf  =   0.000245     Cmsurf  =  -0.062949
     CDsurf  =   0.006042     Cnsurf  =  -0.000038
     CDisurf =   0.000848     CDvsurf =   0.000000

  Forces referred to Ssurf, Cave about hinge axis thru LE
     cl_surf =   0.527733     cd_surf =   0.026599

 Strip Forces referred to strip area, chord
    j    xLE         yLE         zLE         Chord       Area        Dihedral   c cl        ai_ff       cl           clj         cd          cdv         cm_c/4     c.p.x/c      Dcj
   301   12.71      -6.630       1.385       2.477      0.4593E-02   0.000      0.8371      0.2218E-02  0.3385       0.000     -0.5569E-03   0.000      0.7338E-03  0.2478       0.000    
   302   12.71      -6.634       1.385       2.476      0.1377E-01 -0.2287E-11  0.8370      0.2211E-02  0.3385       0.000     -0.5548E-03   0.000      0.7325E-03  0.2478       0.000    
   303   12.71      -6.641       1.385       2.475      0.2293E-01  0.1373E-11  0.8367      0.2197E-02  0.3385       0.000     -0.5532E-03   0.000      0.7299E-03  0.2478       0.000    
   304   12.71      -6.652       1.385       2.474      0.3205E-01   0.000      0.8363      0.2175E-02  0.3385       0.000     -0.5517E-03   0.000      0.7264E-03  0.2479       0.000    
   305   12.71      -6.667       1.385       2.472      0.4113E-01   0.000      0.8357      0.2146E-02  0.3386       0.000     -0.5504E-03   0.000      0.7221E-03  0.2479       0.000    
   306   12.71      -6.686       1.385       2.470      0.5014E-01   0.000      0.8351      0.2109E-02  0.3386       0.000     -0.5495E-03   0.000      0.7173E-03  0.2479       0.000    
   307   12.71      -6.708       1.385       2.467      0.5907E-01 -0.5314E-12  0.8342      0.2063E-02  0.3386       0.000     -0.5490E-03   0.000      0.7124E-03  0.2479       0.000    
   308   12.72      -6.733       1.385       2.464      0.6792E-01  0.4616E-12  0.8333      0.2007E-02  0.3387       0.000     -0.5494E-03   0.000      0.7081E-03  0.2479       0.000    
   309   12.72      -6.763       1.385       2.460      0.7666E-01   0.000      0.8322      0.1942E-02  0.3387       0.000     -0.5510E-03   0.000      0.7048E-03  0.2479       0.000    
   310   12.72      -6.796       1.385       2.456      0.8528E-01   0.000      0.8310      0.1866E-02  0.3388       0.000     -0.5541E-03   0.000      0.7032E-03  0.2479       0.000    
   311   12.72      -6.832       1.385       2.452      0.9377E-01   0.000      0.8297      0.1778E-02  0.3389       0.000     -0.5593E-03   0.000      0.7041E-03  0.2479       0.000    
   312   12.72      -6.872       1.385       2.447      0.1021       0.000      0.8283      0.1676E-02  0.3390       0.000     -0.5670E-03   0.000      0.7083E-03  0.2479       0.000    
   313   12.72      -6.916       1.385       2.442      0.1103       0.000      0.8268      0.1560E-02  0.3391       0.000     -0.5779E-03   0.000      0.7167E-03  0.2479       0.000    
   314   12.72      -6.963       1.385       2.436      0.1184       0.000      0.8252      0.1428E-02  0.3393       0.000     -0.5927E-03   0.000      0.7305E-03  0.2478       0.000    
   315   12.72      -7.013       1.385       2.430      0.1262       0.000      0.8235      0.1278E-02  0.3394       0.000     -0.6121E-03   0.000      0.7509E-03  0.2478       0.000    
   316   12.73      -7.066       1.385       2.423      0.1339       0.000      0.8217      0.1107E-02  0.3396       0.000     -0.6371E-03   0.000      0.7791E-03  0.2477       0.000    
   317   12.73      -7.123       1.385       2.416      0.1413       0.000      0.8198      0.9119E-03  0.3398       0.000     -0.6689E-03   0.000      0.8168E-03  0.2476       0.000    
   318   12.73      -7.183       1.385       2.409      0.1486     -0.2062E-12  0.8179      0.6896E-03  0.3401       0.000     -0.7087E-03   0.000      0.8658E-03  0.2475       0.000    
   319   12.73      -7.247       1.385       2.401      0.1556      0.1963E-12  0.8159      0.4350E-03  0.3403       0.000     -0.7583E-03   0.000      0.9281E-03  0.2473       0.000    
   320   12.73      -7.313       1.385       2.393      0.1624       0.000      0.8139      0.1418E-03  0.3407       0.000     -0.8196E-03   0.000      0.1006E-02  0.2470       0.000    
   321   12.74      -7.382       1.385       2.384      0.1690       0.000      0.8118     -0.1983E-03  0.3410       0.000     -0.8953E-03   0.000      0.1103E-02  0.2468       0.000    
   322   12.74      -7.455       1.385       2.375      0.1754       0.000      0.8098     -0.5961E-03  0.3414       0.000     -0.9888E-03   0.000      0.1222E-02  0.2464       0.000    
   323   12.74      -7.530       1.385       2.366      0.1814      0.1659E-12  0.8077     -0.1066E-02  0.3419       0.000     -0.1104E-02   0.000      0.1368E-02  0.2460       0.000    
   324   12.74      -7.608       1.385       2.356      0.1873     -0.1601E-12  0.8056     -0.1630E-02  0.3424       0.000     -0.1248E-02   0.000      0.1545E-02  0.2455       0.000    
   325   12.75      -7.689       1.385       2.347      0.1928       0.000      0.8035     -0.2316E-02  0.3430       0.000     -0.1429E-02   0.000      0.1760E-02  0.2449       0.000    
   326   12.75      -7.772       1.385       2.336      0.1981       0.000      0.8015     -0.3166E-02  0.3436       0.000     -0.1658E-02   0.000      0.2021E-02  0.2441       0.000    
   327   12.75      -7.859       1.385       2.326      0.2031       0.000      0.7995     -0.4244E-02  0.3443       0.000     -0.1953E-02   0.000      0.2337E-02  0.2432       0.000    
   328   12.75      -7.947       1.385       2.315      0.2078       0.000      0.7975     -0.5652E-02  0.3451       0.000     -0.2342E-02   0.000      0.2723E-02  0.2421       0.000    
   329   12.76      -8.038       1.385       2.304      0.2123       0.000      0.7957     -0.7559E-02  0.3460       0.000     -0.2871E-02   0.000      0.3194E-02  0.2408       0.000    
   330   12.76      -8.131       1.385       2.292      0.2164       0.000      0.7940     -0.1027E-01  0.3470       0.000     -0.3620E-02   0.000      0.3773E-02  0.2391       0.000    
   331   12.76      -8.227       1.385       2.280      0.2203       0.000      0.7924     -0.1442E-01  0.3482       0.000     -0.4754E-02   0.000      0.4492E-02  0.2371       0.000    
   332   12.76      -8.325       1.385       2.268      0.2239       0.000      0.7910     -0.2154E-01  0.3495       0.000     -0.6664E-02   0.000      0.5401E-02  0.2345       0.000    
   333   12.77      -8.424       1.385       2.256      0.2271       0.000      0.7899     -0.3688E-01  0.3512       0.000     -0.1059E-01   0.000      0.6584E-02  0.2313       0.000    
   334   12.77      -8.526       1.385       2.244      0.2301       0.000      0.7894     -0.1035      0.3536       0.000     -0.2457E-01   0.000      0.8242E-02  0.2267       0.000    
   335   12.77      -8.630       1.385       2.231      0.2343       0.000      0.5454      0.4814E-01  0.6914      0.4472      0.6815E-01   0.000      0.9387E-01  0.1142       6.508    
   336   12.78      -8.736       1.385       2.218      0.2367       0.000      0.4945      0.4637E-01  0.6959      0.4732      0.5616E-01   0.000      0.9654E-01  0.1113       6.546    
   337   12.78      -8.843       1.385       2.205      0.2388       0.000      0.4647      0.4518E-01  0.6999      0.4894      0.5294E-01   0.000      0.9893E-01  0.1086       6.585    
   338   12.78      -8.952       1.385       2.191      0.2406      0.1159E-12  0.4437      0.4428E-01  0.7036      0.5014      0.5155E-01   0.000      0.1011      0.1063       6.625    
   339   12.79      -9.063       1.385       2.178      0.2421     -0.2289E-12  0.4276      0.4357E-01  0.7072      0.5111      0.5087E-01   0.000      0.1032      0.1041       6.667    
   340   12.79      -9.174       1.385       2.164      0.2433      0.1132E-12  0.4147      0.4300E-01  0.7107      0.5193      0.5055E-01   0.000      0.1051      0.1022       6.709    
   341   12.79      -9.287       1.385       2.150      0.2442       0.000      0.4039      0.4253E-01  0.7141      0.5265      0.5041E-01   0.000      0.1068      0.1004       6.752    
   342   12.80      -9.402       1.385       2.136      0.2448     -0.1110E-12  0.3947      0.4214E-01  0.7173      0.5328      0.5038E-01   0.000      0.1085      0.9877E-01   6.797    
   343   12.80      -9.517       1.385       2.122      0.2452      0.1101E-12  0.3865      0.4183E-01  0.7204      0.5385      0.5041E-01   0.000      0.1100      0.9728E-01   6.842    
   344   12.80      -9.633       1.385       2.108      0.2452     -0.1093E-12  0.3792      0.4157E-01  0.7233      0.5436      0.5048E-01   0.000      0.1114      0.9591E-01   6.888    
   345   12.81      -9.749       1.385       2.093      0.2450      0.1087E-12  0.3726      0.4136E-01  0.7260      0.5482      0.5057E-01   0.000      0.1128      0.9466E-01   6.936    
   346   12.81      -9.867       1.385       2.079      0.2446       0.000      0.3664      0.4119E-01  0.7283      0.5523      0.5065E-01   0.000      0.1140      0.9353E-01   6.984    
   347   12.82      -9.985       1.385       2.064      0.2438     -0.1077E-12  0.3607      0.4107E-01  0.7302      0.5557      0.5071E-01   0.000      0.1150      0.9251E-01   7.033    
   348   12.82      -10.10       1.385       2.050      0.2428       0.000      0.3552      0.4096E-01  0.7314      0.5583      0.5074E-01   0.000      0.1158      0.9164E-01   7.083    
   349   12.82      -10.22       1.385       2.035      0.2416      0.1072E-12  0.3499      0.4089E-01  0.7315      0.5598      0.5070E-01   0.000      0.1164      0.9094E-01   7.133    
   350   12.83      -10.34       1.385       2.021      0.2401       0.000      0.3448      0.4092E-01  0.7303      0.5599      0.5060E-01   0.000      0.1166      0.9041E-01   7.185    
   351   12.83      -10.46       1.385       2.006      0.2383     -0.1071E-12  0.3398      0.4102E-01  0.7290      0.5598      0.5048E-01   0.000      0.1167      0.8990E-01   7.237    
   352   12.83      -10.58       1.385       1.991      0.2364      0.1072E-12  0.3351      0.4163E-01  0.7292      0.5611      0.5047E-01   0.000      0.1172      0.8922E-01   7.290    
   353   12.84      -10.70       1.385       1.977      0.2342       0.000      0.3305      0.4101E-01  0.7317      0.5647      0.5060E-01   0.000      0.1183      0.8830E-01   7.344    
   354   12.84      -10.81       1.385       1.962      0.2318       0.000      0.3262      0.4115E-01  0.7361      0.5700      0.5085E-01   0.000      0.1198      0.8721E-01   7.399    
   355   12.84      -10.93       1.385       1.948      0.2291       0.000      0.3221      0.4119E-01  0.7408      0.5757      0.5113E-01   0.000      0.1214      0.8613E-01   7.454    
   356   12.85      -11.05       1.385       1.933      0.2263       0.000      0.3181      0.4135E-01  0.7445      0.5802      0.5135E-01   0.000      0.1227      0.8520E-01   7.509    
   357   12.85      -11.17       1.385       1.919      0.2233       0.000      0.3141      0.4154E-01  0.7469      0.5835      0.5148E-01   0.000      0.1237      0.8443E-01   7.565    
   358   12.86      -11.28       1.385       1.905      0.2201       0.000      0.3102      0.4176E-01  0.7485      0.5858      0.5156E-01   0.000      0.1244      0.8376E-01   7.622    
   359   12.86      -11.40       1.385       1.891      0.2167       0.000      0.3065      0.4199E-01  0.7494      0.5875      0.5160E-01   0.000      0.1250      0.8317E-01   7.679    
   360   12.86      -11.51       1.385       1.877      0.2131     -0.1120E-12  0.3029      0.4226E-01  0.7497      0.5885      0.5161E-01   0.000      0.1255      0.8267E-01   7.737    
   361   12.87      -11.62       1.385       1.863      0.2094      0.1132E-12  0.2996      0.4256E-01  0.7497      0.5890      0.5160E-01   0.000      0.1258      0.8223E-01   7.794    
   362   12.87      -11.74       1.385       1.849      0.2055       0.000      0.2967      0.4290E-01  0.7493      0.5890      0.5158E-01   0.000      0.1260      0.8188E-01   7.852    
   363   12.87      -11.85       1.385       1.835      0.2015       0.000      0.2942      0.4328E-01  0.7484      0.5883      0.5157E-01   0.000      0.1260      0.8162E-01   7.910    
   364   12.88      -11.96       1.385       1.822      0.1973       0.000      0.2925      0.4372E-01  0.7472      0.5869      0.5159E-01   0.000      0.1259      0.8146E-01   7.969    
   365   12.88      -12.06       1.385       1.809      0.1930       0.000      0.2916      0.4422E-01  0.7456      0.5846      0.5168E-01   0.000      0.1257      0.8143E-01   8.027    
   366   12.88      -12.17       1.385       1.796      0.1886       0.000      0.2922      0.4480E-01  0.7437      0.5812      0.5191E-01   0.000      0.1253      0.8155E-01   8.085    
   367   12.89      -12.27       1.385       1.783      0.1840       0.000      0.2948      0.4548E-01  0.7413      0.5761      0.5242E-01   0.000      0.1246      0.8185E-01   8.143    
   368   12.89      -12.38       1.385       1.770      0.1794     -0.1256E-12  0.3008      0.4631E-01  0.7385      0.5688      0.5355E-01   0.000      0.1238      0.8237E-01   8.201    
   369   12.89      -12.48       1.385       1.758      0.1746      0.1281E-12  0.3131      0.4736E-01  0.7352      0.5573      0.5636E-01   0.000      0.1226      0.8317E-01   8.258    
   370   12.90      -12.57       1.385       1.746      0.1697       0.000      0.3404      0.4886E-01  0.7310      0.5362      0.6726E-01   0.000      0.1211      0.8432E-01   8.316    
   371   12.90      -12.67       1.385       1.734      0.1597       0.000      0.5065     -0.8582E-01  0.2934       0.000     -0.1764E-01   0.000      0.1216E-01  0.2085       0.000    
   372   12.90      -12.76       1.385       1.723      0.1548       0.000      0.4917     -0.2381E-01  0.2861       0.000     -0.6810E-02   0.000      0.1048E-01  0.2134       0.000    
   373   12.90      -12.85       1.385       1.712      0.1499     -0.1453E-12  0.4772     -0.8800E-02  0.2793       0.000     -0.3620E-02   0.000      0.9351E-02  0.2165       0.000    
   374   12.91      -12.94       1.385       1.702      0.1449      0.1494E-12  0.4626     -0.1381E-02  0.2724       0.000     -0.2004E-02   0.000      0.8538E-02  0.2187       0.000    
   375   12.91      -13.02       1.385       1.691      0.1398       0.000      0.4480      0.3276E-02  0.2653       0.000     -0.1001E-02   0.000      0.7949E-02  0.2200       0.000    
   376   12.91      -13.10       1.385       1.681      0.1347     -0.1588E-12  0.4333      0.6598E-02  0.2581       0.000     -0.3101E-03   0.000      0.7526E-02  0.2208       0.000    
   377   12.91      -13.18       1.385       1.671      0.1295      0.1642E-12  0.4184      0.9168E-02  0.2507       0.000      0.1981E-03   0.000      0.7231E-02  0.2212       0.000    
   378   12.92      -13.26       1.385       1.662      0.1243     -0.1702E-12  0.4034      0.1127E-01  0.2430       0.000      0.5873E-03   0.000      0.7035E-02  0.2211       0.000    
   379   12.92      -13.33       1.385       1.653      0.1190      0.1767E-12  0.3881      0.1307E-01  0.2351       0.000      0.8935E-03   0.000      0.6914E-02  0.2206       0.000    
   380   12.92      -13.40       1.385       1.644      0.1137       0.000      0.3726      0.1464E-01  0.2269       0.000      0.1139E-02   0.000      0.6849E-02  0.2198       0.000    
   381   12.92      -13.47       1.385       1.636      0.1083       0.000      0.3569      0.1606E-01  0.2184       0.000      0.1336E-02   0.000      0.6825E-02  0.2187       0.000    
   382   12.92      -13.53       1.385       1.628      0.1029       0.000      0.3409      0.1736E-01  0.2096       0.000      0.1495E-02   0.000      0.6826E-02  0.2174       0.000    
   383   12.93      -13.59       1.385       1.621      0.9748E-01   0.000      0.3247      0.1856E-01  0.2005       0.000      0.1623E-02   0.000      0.6840E-02  0.2159       0.000    
   384   12.93      -13.65       1.385       1.613      0.9202E-01   0.000      0.3082      0.1968E-01  0.1912       0.000      0.1722E-02   0.000      0.6853E-02  0.2142       0.000    
   385   12.93      -13.71       1.385       1.607      0.8654E-01  0.2362E-12  0.2914      0.2072E-01  0.1815       0.000      0.1796E-02   0.000      0.6855E-02  0.2122       0.000    
   386   12.93      -13.76       1.385       1.600      0.8104E-01 -0.5024E-12  0.2743      0.2170E-01  0.1715       0.000      0.1848E-02   0.000      0.6834E-02  0.2102       0.000    
   387   12.93      -13.81       1.385       1.594      0.7552E-01  0.2685E-12  0.2569      0.2263E-01  0.1613       0.000      0.1877E-02   0.000      0.6780E-02  0.2080       0.000    
   388   12.93      -13.85       1.385       1.588      0.6998E-01   0.000      0.2392      0.2349E-01  0.1507       0.000      0.1887E-02   0.000      0.6683E-02  0.2057       0.000    
   389   12.94      -13.90       1.385       1.583      0.6443E-01   0.000      0.2213      0.2431E-01  0.1399       0.000      0.1875E-02   0.000      0.6535E-02  0.2033       0.000    
   390   12.94      -13.94       1.385       1.578      0.5886E-01  0.3412E-12  0.2031      0.2506E-01  0.1287       0.000      0.1844E-02   0.000      0.6327E-02  0.2009       0.000    
   391   12.94      -13.97       1.385       1.574      0.5328E-01 -0.3758E-12  0.1846      0.2577E-01  0.1174       0.000      0.1792E-02   0.000      0.6054E-02  0.1984       0.000    
   392   12.94      -14.00       1.385       1.570      0.4770E-01   0.000      0.1659      0.2642E-01  0.1057       0.000      0.1721E-02   0.000      0.5709E-02  0.1960       0.000    
   393   12.94      -14.03       1.385       1.567      0.4210E-01   0.000      0.1470      0.2702E-01  0.9387E-01   0.000      0.1629E-02   0.000      0.5290E-02  0.1936       0.000    
   394   12.94      -14.06       1.385       1.564      0.3650E-01   0.000      0.1278      0.2757E-01  0.8180E-01   0.000      0.1516E-02   0.000      0.4793E-02  0.1914       0.000    
   395   12.94      -14.08       1.385       1.561      0.3089E-01   0.000      0.1085      0.2806E-01  0.6954E-01   0.000      0.1380E-02   0.000      0.4221E-02  0.1893       0.000    
   396   12.94      -14.10       1.385       1.559      0.2528E-01   0.000      0.8902E-01  0.2849E-01  0.5713E-01   0.000      0.1212E-02   0.000      0.3575E-02  0.1874       0.000    
   397   12.94      -14.11       1.385       1.557      0.1967E-01   0.000      0.6939E-01  0.2884E-01  0.4458E-01   0.000      0.1002E-02   0.000      0.2861E-02  0.1858       0.000    
   398   12.94      -14.12       1.385       1.556      0.1405E-01   0.000      0.4965E-01  0.2912E-01  0.3192E-01   0.000      0.7408E-03   0.000      0.2089E-02  0.1846       0.000    
   399   12.94      -14.13       1.385       1.555      0.8431E-02   0.000      0.2982E-01  0.2931E-01  0.1918E-01   0.000      0.4388E-03   0.000      0.1272E-02  0.1837       0.000    
   400   12.94      -14.13       1.385       1.554      0.2810E-02   0.000      0.9946E-02  0.2940E-01  0.6401E-02   0.000      0.1243E-03   0.000      0.4270E-03  0.1833       0.000    

 Surface forces referred to Sref,Cref,Bref about Xmom,Ymom,Zmom
 Standard axis orientation,  X fwd, Z down         

  Surface # 5     horizontal_stabilizer                   
     # chordwise = 10   # spanwise = 30     First strip =401
     Surface area =  11.409           ave. chord =  1.9502    
     CLsurf  =   0.027999     Clsurf  =  -0.002541
     CYsurf  =  -0.000073     Cmsurf  =  -0.151212
     CDsurf  =   0.000672     Cnsurf  =  -0.000038
     CDisurf =   0.000672     CDvsurf =   0.000000

  Forces referred to Ssurf, Cave about hinge axis thru LE
     cl_surf =   0.163409     cd_surf =   0.003923

 Strip Forces referred to strip area, chord
    j    xLE         yLE         zLE         Chord       Area        Dihedral   c cl        ai_ff       cl           clj         cd          cdv         cm_c/4     c.p.x/c      Dcj
   401   23.94      0.4009E-02   6.149       2.437      0.3905E-01   0.000      0.3915      0.2987E-01  0.1601       0.000      0.1408E-01   0.000     -0.1209E-02  0.2575       0.000    
   402   23.95      0.3601E-01   6.149       2.432      0.1165       0.000      0.3915      0.2982E-01  0.1609       0.000      0.5340E-02   0.000     -0.1147E-02  0.2571       0.000    
   403   23.96      0.9968E-01   6.149       2.421      0.1919       0.000      0.3914      0.2976E-01  0.1616       0.000      0.4769E-02   0.000     -0.9582E-03  0.2559       0.000    
   404   23.97      0.1943       6.148       2.405      0.2639     -0.4638E-12  0.3912      0.2970E-01  0.1626       0.000      0.4562E-02   0.000     -0.6870E-03  0.2542       0.000    
   405   23.99      0.3188       6.149       2.385      0.3315      0.3661E-12  0.3908      0.2963E-01  0.1639       0.000      0.4430E-02   0.000     -0.3907E-03  0.2524       0.000    
   406   24.01      0.4719       6.149       2.359      0.3934       0.000      0.3901      0.2955E-01  0.1653       0.000      0.4335E-02   0.000     -0.1077E-03  0.2507       0.000    
   407   24.04      0.6519       6.149       2.329      0.4488       0.000      0.3888      0.2946E-01  0.1670       0.000      0.4266E-02   0.000      0.1405E-03  0.2492       0.000    
   408   24.07      0.8568       6.148       2.295      0.4969       0.000      0.3871      0.2936E-01  0.1687       0.000      0.4215E-02   0.000      0.3453E-03  0.2480       0.000    
   409   24.10       1.084       6.149       2.257      0.5371       0.000      0.3846      0.2926E-01  0.1704       0.000      0.4177E-02   0.000      0.5075E-03  0.2470       0.000    
   410   24.14       1.332       6.149       2.216      0.5690       0.000      0.3813      0.2915E-01  0.1721       0.000      0.4148E-02   0.000      0.6336E-03  0.2463       0.000    
   411   24.18       1.597       6.149       2.171      0.5924       0.000      0.3772      0.2905E-01  0.1737       0.000      0.4124E-02   0.000      0.7342E-03  0.2458       0.000    
   412   24.22       1.877       6.149       2.125      0.6074       0.000      0.3721      0.2896E-01  0.1751       0.000      0.4103E-02   0.000      0.8208E-03  0.2453       0.000    
   413   24.26       2.168       6.149       2.076      0.6141       0.000      0.3660      0.2891E-01  0.1763       0.000      0.4081E-02   0.000      0.9055E-03  0.2449       0.000    
   414   24.30       2.468       6.149       2.026      0.6128       0.000      0.3590      0.2892E-01  0.1772       0.000      0.4057E-02   0.000      0.9999E-03  0.2444       0.000    
   415   24.35       2.772       6.149       1.976      0.6041       0.000      0.3508      0.2900E-01  0.1776       0.000      0.4028E-02   0.000      0.1115E-02  0.2437       0.000    
   416   24.39       3.078       6.149       1.925      0.5885       0.000      0.3416      0.2918E-01  0.1775       0.000      0.3994E-02   0.000      0.1261E-02  0.2429       0.000    
   417   24.44       3.383       6.149       1.874      0.5667       0.000      0.3311      0.2948E-01  0.1767       0.000      0.3952E-02   0.000      0.1449E-02  0.2418       0.000    
   418   24.48       3.682       6.149       1.824      0.5395       0.000      0.3194      0.2992E-01  0.1751       0.000      0.3900E-02   0.000      0.1692E-02  0.2403       0.000    
   419   24.53       3.974       6.149       1.775      0.5075       0.000      0.3061      0.3052E-01  0.1725       0.000      0.3835E-02   0.000      0.2000E-02  0.2384       0.000    
   420   24.57       4.253       6.149       1.729      0.4717       0.000      0.2912      0.3130E-01  0.1685       0.000      0.3753E-02   0.000      0.2384E-02  0.2359       0.000    
   421   24.61       4.518       6.149       1.685      0.4326       0.000      0.2744      0.3226E-01  0.1629       0.000      0.3647E-02   0.000      0.2851E-02  0.2325       0.000    
   422   24.64       4.766       6.149       1.643      0.3910       0.000      0.2555      0.3338E-01  0.1555       0.000      0.3511E-02   0.000      0.3396E-02  0.2282       0.000    
   423   24.68       4.994       6.149       1.605      0.3476       0.000      0.2343      0.3463E-01  0.1459       0.000      0.3336E-02   0.000      0.3992E-02  0.2226       0.000    
   424   24.71       5.199       6.149       1.571      0.3028       0.000      0.2104      0.3595E-01  0.1340       0.000      0.3113E-02   0.000      0.4581E-02  0.2158       0.000    
   425   24.73       5.379       6.149       1.541      0.2570       0.000      0.1840      0.3727E-01  0.1194       0.000      0.2832E-02   0.000      0.5058E-02  0.2076       0.000    
   426   24.75       5.532       6.149       1.516      0.2107       0.000      0.1549      0.3852E-01  0.1022       0.000      0.2487E-02   0.000      0.5279E-02  0.1984       0.000    
   427   24.77       5.656       6.149       1.495      0.1640       0.000      0.1234      0.3964E-01  0.8257E-01   0.000      0.2072E-02   0.000      0.5079E-02  0.1885       0.000    
   428   24.79       5.751       6.149       1.479      0.1172       0.000      0.8984E-01  0.4058E-01  0.6073E-01   0.000      0.1585E-02   0.000      0.4320E-02  0.1789       0.000    
   429   24.80       5.814       6.149       1.469      0.7034E-01   0.000      0.5461E-01  0.4130E-01  0.3718E-01   0.000      0.1019E-02   0.000      0.2946E-02  0.1708       0.000    
   430   24.80       5.846       6.149       1.463      0.2345E-01   0.000      0.1832E-01  0.4171E-01  0.1252E-01   0.000      0.3086E-03   0.000      0.1050E-02  0.1661       0.000    

 Surface forces referred to Sref,Cref,Bref about Xmom,Ymom,Zmom
 Standard axis orientation,  X fwd, Z down         

  Surface # 6     horizontal_stabilizer (YDUP)            
     # chordwise = 10   # spanwise = 30     First strip =431
     Surface area =  11.409           ave. chord =  1.9502    
     CLsurf  =   0.027998     Clsurf  =   0.002541
     CYsurf  =   0.000073     Cmsurf  =  -0.151204
     CDsurf  =   0.000672     Cnsurf  =   0.000038
     CDisurf =   0.000672     CDvsurf =   0.000000

  Forces referred to Ssurf, Cave about hinge axis thru LE
     cl_surf =   0.163400     cd_surf =   0.003923

 Strip Forces referred to strip area, chord
    j    xLE         yLE         zLE         Chord       Area        Dihedral   c cl        ai_ff       cl           clj         cd          cdv         cm_c/4     c.p.x/c      Dcj
   431   23.94     -0.4009E-02   6.149       2.437      0.3905E-01   0.000      0.3915      0.2987E-01  0.1601       0.000      0.1409E-01   0.000     -0.1208E-02  0.2575       0.000    
   432   23.95     -0.3601E-01   6.149       2.432      0.1165       0.000      0.3915      0.2982E-01  0.1609       0.000      0.5341E-02   0.000     -0.1147E-02  0.2571       0.000    
   433   23.96     -0.9968E-01   6.149       2.421      0.1919       0.000      0.3914      0.2976E-01  0.1616       0.000      0.4769E-02   0.000     -0.9583E-03  0.2559       0.000    
   434   23.97     -0.1943       6.148       2.405      0.2639      0.4638E-12  0.3912      0.2970E-01  0.1626       0.000      0.4562E-02   0.000     -0.6871E-03  0.2542       0.000    
   435   23.99     -0.3188       6.149       2.385      0.3315     -0.3661E-12  0.3908      0.2963E-01  0.1639       0.000      0.4430E-02   0.000     -0.3908E-03  0.2524       0.000    
   436   24.01     -0.4719       6.149       2.359      0.3934       0.000      0.3900      0.2955E-01  0.1653       0.000      0.4335E-02   0.000     -0.1078E-03  0.2507       0.000    
   437   24.04     -0.6519       6.149       2.329      0.4488       0.000      0.3888      0.2946E-01  0.1670       0.000      0.4266E-02   0.000      0.1404E-03  0.2492       0.000    
   438   24.07     -0.8568       6.148       2.295      0.4969       0.000      0.3870      0.2937E-01  0.1687       0.000      0.4215E-02   0.000      0.3453E-03  0.2480       0.000    
   439   24.10      -1.084       6.149       2.257      0.5371       0.000      0.3846      0.2926E-01  0.1704       0.000      0.4177E-02   0.000      0.5075E-03  0.2470       0.000    
   440   24.14      -1.332       6.149       2.216      0.5690       0.000      0.3813      0.2915E-01  0.1721       0.000      0.4148E-02   0.000      0.6336E-03  0.2463       0.000    
   441   24.18      -1.597       6.149       2.171      0.5924       0.000      0.3771      0.2905E-01  0.1737       0.000      0.4124E-02   0.000      0.7342E-03  0.2458       0.000    
   442   24.22      -1.877       6.149       2.125      0.6074       0.000      0.3721      0.2896E-01  0.1751       0.000      0.4103E-02   0.000      0.8208E-03  0.2453       0.000    
   443   24.26      -2.168       6.149       2.076      0.6141       0.000      0.3660      0.2892E-01  0.1763       0.000      0.4081E-02   0.000      0.9056E-03  0.2449       0.000    
   444   24.30      -2.468       6.149       2.026      0.6128       0.000      0.3589      0.2892E-01  0.1772       0.000      0.4057E-02   0.000      0.9999E-03  0.2444       0.000    
   445   24.35      -2.772       6.149       1.976      0.6041       0.000      0.3508      0.2900E-01  0.1776       0.000      0.4029E-02   0.000      0.1115E-02  0.2437       0.000    
   446   24.39      -3.078       6.149       1.925      0.5885       0.000      0.3415      0.2918E-01  0.1775       0.000      0.3994E-02   0.000      0.1261E-02  0.2429       0.000    
   447   24.44      -3.383       6.149       1.874      0.5667       0.000      0.3311      0.2948E-01  0.1767       0.000      0.3952E-02   0.000      0.1449E-02  0.2418       0.000    
   448   24.48      -3.682       6.149       1.824      0.5395       0.000      0.3193      0.2992E-01  0.1751       0.000      0.3900E-02   0.000      0.1692E-02  0.2403       0.000    
   449   24.53      -3.974       6.149       1.775      0.5075       0.000      0.3061      0.3053E-01  0.1724       0.000      0.3835E-02   0.000      0.1999E-02  0.2384       0.000    
   450   24.57      -4.253       6.149       1.729      0.4717       0.000      0.2912      0.3130E-01  0.1685       0.000      0.3753E-02   0.000      0.2384E-02  0.2359       0.000    
   451   24.61      -4.518       6.149       1.685      0.4326       0.000      0.2744      0.3226E-01  0.1629       0.000      0.3647E-02   0.000      0.2851E-02  0.2325       0.000    
   452   24.64      -4.766       6.149       1.643      0.3910       0.000      0.2555      0.3338E-01  0.1555       0.000      0.3511E-02   0.000      0.3395E-02  0.2282       0.000    
   453   24.68      -4.994       6.149       1.605      0.3476       0.000      0.2342      0.3463E-01  0.1459       0.000      0.3336E-02   0.000      0.3992E-02  0.2226       0.000    
   454   24.71      -5.199       6.149       1.571      0.3028       0.000      0.2104      0.3595E-01  0.1340       0.000      0.3113E-02   0.000      0.4580E-02  0.2158       0.000    
   455   24.73      -5.379       6.149       1.541      0.2570       0.000      0.1840      0.3727E-01  0.1194       0.000      0.2832E-02   0.000      0.5057E-02  0.2076       0.000    
   456   24.75      -5.532       6.149       1.516      0.2107       0.000      0.1549      0.3852E-01  0.1022       0.000      0.2487E-02   0.000      0.5278E-02  0.1984       0.000    
   457   24.77      -5.656       6.149       1.495      0.1640       0.000      0.1234      0.3964E-01  0.8257E-01   0.000      0.2072E-02   0.000      0.5079E-02  0.1885       0.000    
   458   24.79      -5.751       6.149       1.479      0.1172       0.000      0.8983E-01  0.4058E-01  0.6073E-01   0.000      0.1585E-02   0.000      0.4320E-02  0.1789       0.000    
   459   24.80      -5.814       6.149       1.469      0.7034E-01   0.000      0.5460E-01  0.4130E-01  0.3718E-01   0.000      0.1019E-02   0.000      0.2946E-02  0.1708       0.000    
   460   24.80      -5.846       6.149       1.463      0.2345E-01   0.000      0.1832E-01  0.4171E-01  0.1252E-01   0.000      0.3086E-03   0.000      0.1050E-02  0.1661       0.000    

 Surface forces referred to Sref,Cref,Bref about Xmom,Ymom,Zmom
 Standard axis orientation,  X fwd, Z down         

  Surface # 7     vertical_stabilizer                     
     # chordwise = 10   # spanwise = 30     First strip =461
     Surface area =  16.318           ave. chord =  3.1936    
     CLsurf  =   0.000000     Clsurf  =  -0.000000
     CYsurf  =  -0.000003     Cmsurf  =  -0.000000
     CDsurf  =  -0.000000     Cnsurf  =   0.000001
     CDisurf =  -0.000000     CDvsurf =   0.000000

  Forces referred to Ssurf, Cave about hinge axis thru LE
     cl_surf =   0.000000     cd_surf =  -0.000000

 Strip Forces referred to strip area, chord
    j    xLE         yLE         zLE         Chord       Area        Dihedral   c cl        ai_ff       cl           clj         cd          cdv         cm_c/4     c.p.x/c      Dcj
   461   20.77       0.000       1.055       3.987      0.1568       90.00      0.2266E-04 -0.1246E-04  0.5683E-05   0.000      0.1435E-10   0.000      0.6883E-06  0.1289       0.000    
   462   20.80       0.000       1.107       3.971      0.2554       90.00      0.4182E-04  0.2353E-02  0.1053E-04   0.000     -0.3977E-10   0.000      0.1317E-05  0.1249       0.000    
   463   20.85       0.000       1.184       3.947      0.3505       90.00      0.6167E-04  0.1267E-03  0.1563E-04   0.000     -0.1775E-09   0.000      0.2081E-05  0.1168       0.000    
   464   20.91       0.000       1.285       3.915      0.4407       90.00      0.8061E-04  0.4295E-03  0.2059E-04   0.000     -0.5556E-09   0.000      0.2951E-05  0.1067       0.000    
   465   20.99       0.000       1.409       3.876      0.5244       90.00      0.9115E-04 -0.3848E-03  0.2352E-04   0.000     -0.3611E-10   0.000      0.1905E-05  0.1690       0.000    
   466   21.08       0.000       1.555       3.831      0.6004       90.00      0.6562E-04 -0.2191E-04  0.1713E-04   0.000     -0.1305E-09   0.000      0.1574E-05  0.1581       0.000    
   467   21.19       0.000       1.722       3.779      0.6676       90.00      0.6615E-04 -0.2913E-05  0.1751E-04   0.000     -0.1312E-09   0.000      0.1505E-05  0.1640       0.000    
   468   21.30       0.000       1.908       3.720      0.7251       90.00      0.6247E-04 -0.1834E-05  0.1679E-04   0.000     -0.9950E-10   0.000      0.1219E-05  0.1774       0.000    
   469   21.43       0.000       2.111       3.657      0.7723       90.00      0.5826E-04 -0.1707E-05  0.1593E-04   0.000     -0.7624E-10   0.000      0.9515E-06  0.1903       0.000    
   470   21.57       0.000       2.330       3.589      0.8087       90.00      0.5418E-04 -0.1658E-05  0.1510E-04   0.000     -0.6041E-10   0.000      0.7338E-06  0.2014       0.000    
   471   21.71       0.000       2.561       3.516      0.8342       90.00      0.5035E-04 -0.1620E-05  0.1432E-04   0.000     -0.4931E-10   0.000      0.5625E-06  0.2107       0.000    
   472   21.86       0.000       2.804       3.441      0.8489       90.00      0.4682E-04 -0.1588E-05  0.1361E-04   0.000     -0.4122E-10   0.000      0.4282E-06  0.2185       0.000    
   473   22.02       0.000       3.054       3.362      0.8530       90.00      0.4358E-04 -0.1563E-05  0.1296E-04   0.000     -0.3511E-10   0.000      0.3216E-06  0.2252       0.000    
   474   22.18       0.000       3.310       3.282      0.8470       90.00      0.4063E-04 -0.1542E-05  0.1238E-04   0.000     -0.3039E-10   0.000      0.2349E-06  0.2310       0.000    
   475   22.34       0.000       3.570       3.201      0.8315       90.00      0.3798E-04 -0.1524E-05  0.1187E-04   0.000     -0.2666E-10   0.000      0.1623E-06  0.2363       0.000    
   476   22.50       0.000       3.829       3.120      0.8073       90.00      0.3564E-04 -0.1508E-05  0.1142E-04   0.000     -0.2370E-10   0.000      0.9939E-07  0.2413       0.000    
   477   22.66       0.000       4.086       3.040      0.7754       90.00      0.3360E-04 -0.1490E-05  0.1106E-04   0.000     -0.2133E-10   0.000      0.4326E-07  0.2461       0.000    
   478   22.82       0.000       4.339       2.961      0.7365       90.00      0.3187E-04 -0.1468E-05  0.1076E-04   0.000     -0.1944E-10   0.000     -0.7648E-08  0.2507       0.000    
   479   22.97       0.000       4.583       2.884      0.6918       90.00      0.3042E-04 -0.1439E-05  0.1055E-04   0.000     -0.1794E-10   0.000     -0.5341E-07  0.2551       0.000    
   480   23.11       0.000       4.818       2.811      0.6421       90.00      0.2924E-04 -0.1399E-05  0.1040E-04   0.000     -0.1678E-10   0.000     -0.9260E-07  0.2589       0.000    
   481   23.25       0.000       5.040       2.742      0.5884       90.00      0.2831E-04 -0.1347E-05  0.1033E-04   0.000     -0.1590E-10   0.000     -0.1223E-06  0.2618       0.000    
   482   23.38       0.000       5.246       2.677      0.5316       90.00      0.2760E-04 -0.1281E-05  0.1031E-04   0.000     -0.1527E-10   0.000     -0.1385E-06  0.2634       0.000    
   483   23.50       0.000       5.436       2.618      0.4723       90.00      0.2706E-04 -0.1203E-05  0.1034E-04   0.000     -0.1486E-10   0.000     -0.1371E-06  0.2633       0.000    
   484   23.61       0.000       5.607       2.564      0.4113       90.00      0.2667E-04 -0.1114E-05  0.1040E-04   0.000     -0.1468E-10   0.000     -0.1152E-06  0.2611       0.000    
   485   23.70       0.000       5.757       2.518      0.3492       90.00      0.2636E-04 -0.1018E-05  0.1047E-04   0.000     -0.1471E-10   0.000     -0.7275E-07  0.2569       0.000    
   486   23.78       0.000       5.884       2.478      0.2862       90.00      0.2611E-04 -0.9180E-06  0.1054E-04   0.000     -0.1497E-10   0.000     -0.1335E-07  0.2513       0.000    
   487   23.84       0.000       5.987       2.446      0.2229       90.00      0.2586E-04 -0.8160E-06  0.1058E-04   0.000     -0.1507E-10   0.000      0.5630E-07  0.2447       0.000    
   488   23.89       0.000       6.066       2.421      0.1593       90.00      0.2541E-04 -0.7134E-06  0.1049E-04   0.000     -0.1327E-10   0.000      0.1247E-06  0.2381       0.000    
   489   23.92       0.000       6.119       2.405      0.9558E-01   90.00      0.2370E-04 -0.6469E-06  0.9857E-05   0.000      0.5541E-12   0.000      0.1129E-06  0.2385       0.000    
   490   23.94       0.000       6.145       2.396      0.3186E-01   90.00      0.1013E-04 -0.9620E-06  0.4226E-05   0.000      0.1905E-09   0.000     -0.9994E-06  0.4865       0.000    

 Surface forces referred to Sref,Cref,Bref about Xmom,Ymom,Zmom
 Standard axis orientation,  X fwd, Z down         

  Surface # 8     fuselage_horizontal                     
     # chordwise = 10   # spanwise = 30     First strip =491
     Surface area =  65.503           ave. chord =  23.647    
     CLsurf  =   0.006644     Clsurf  =   0.000000
     CYsurf  =   0.000001     Cmsurf  =   0.048017
     CDsurf  =  -0.000010     Cnsurf  =  -0.000001
     CDisurf =  -0.000010     CDvsurf =   0.000000

  Forces referred to Ssurf, Cave about hinge axis thru LE
     cl_surf =   0.006754     cd_surf =  -0.000010

 Strip Forces referred to strip area, chord
    j    xLE         yLE         zLE         Chord       Area        Dihedral   c cl        ai_ff       cl           clj         cd          cdv         cm_c/4     c.p.x/c      Dcj
   491   3.132      -1.339       0.000       15.61       1.441       0.000      0.5817E-01  0.4203E-01  0.3751E-02   0.000     -0.3566E-03   0.000      0.2734E-02 -0.4790       0.000    
   492   2.645      -1.247       0.000       17.73       1.637       0.000      0.8864E-01  0.4532E-01  0.5019E-02   0.000     -0.2660E-03   0.000      0.3214E-02 -0.3902       0.000    
   493   2.159      -1.154       0.000       19.86       1.834       0.000      0.1122      0.4899E-01  0.5665E-02   0.000     -0.1496E-03   0.000      0.3250E-02 -0.3237       0.000    
   494   1.788      -1.062       0.000       21.39       1.975       0.000      0.1285      0.5170E-01  0.6019E-02   0.000     -0.5305E-04   0.000      0.3336E-02 -0.3043       0.000    
   495   1.533     -0.9695       0.000       22.32       2.061       0.000      0.1435      0.5211E-01  0.6435E-02   0.000      0.2439E-05   0.000      0.3447E-02 -0.2856       0.000    
   496   1.278     -0.8772       0.000       23.26       2.147       0.000      0.1558      0.5219E-01  0.6708E-02   0.000     -0.6363E-05   0.000      0.3509E-02 -0.2731       0.000    
   497   1.058     -0.7848       0.000       24.08       2.223       0.000      0.1660      0.5196E-01  0.6903E-02   0.000     -0.7060E-05   0.000      0.3558E-02 -0.2654       0.000    
   498  0.8733     -0.6925       0.000       24.78       2.288       0.000      0.1747      0.5178E-01  0.7060E-02   0.000     -0.1654E-04   0.000      0.3595E-02 -0.2592       0.000    
   499  0.6887     -0.6002       0.000       25.49       2.353       0.000      0.1820      0.5145E-01  0.7153E-02   0.000     -0.6313E-04   0.000      0.3608E-02 -0.2544       0.000    
   500  0.5311     -0.5078       0.000       26.02       2.403       0.000      0.1880      0.5119E-01  0.7241E-02   0.000     -0.1467E-03   0.000      0.3625E-02 -0.2506       0.000    
   501  0.4004     -0.4155       0.000       26.38       2.436       0.000      0.1931      0.5104E-01  0.7334E-02   0.000     -0.6300E-04   0.000      0.3647E-02 -0.2473       0.000    
   502  0.2697     -0.3232       0.000       26.74       2.469       0.000      0.1972      0.5090E-01  0.7394E-02   0.000     -0.1727E-03   0.000      0.3652E-02 -0.2440       0.000    
   503  0.1703     -0.2308       0.000       26.95       2.488       0.000      0.2002      0.5085E-01  0.7446E-02   0.000     -0.1365E-03   0.000      0.3663E-02 -0.2419       0.000    
   504  0.1022     -0.1385       0.000       27.02       2.495       0.000      0.2023      0.5084E-01  0.7491E-02   0.000      0.1607E-03   0.000      0.3679E-02 -0.2411       0.000    
   505  0.3407E-01 -0.4617E-01   0.000       27.09       2.501       0.000      0.2034      0.5079E-01  0.7477E-02   0.000      0.8352E-03   0.000      0.3681E-02 -0.2423       0.000    
   506  0.3407E-01  0.4617E-01   0.000       27.09       2.501       0.000      0.2034      0.5094E-01  0.7475E-02   0.000      0.8352E-03   0.000      0.3681E-02 -0.2424       0.000    
   507  0.1022      0.1385       0.000       27.02       2.495       0.000      0.2022      0.5088E-01  0.7487E-02   0.000      0.1606E-03   0.000      0.3680E-02 -0.2414       0.000    
   508  0.1703      0.2308       0.000       26.95       2.488       0.000      0.2001      0.5086E-01  0.7441E-02   0.000     -0.1369E-03   0.000      0.3664E-02 -0.2424       0.000    
   509  0.2697      0.3232       0.000       26.74       2.469       0.000      0.1970      0.5090E-01  0.7387E-02   0.000     -0.1732E-03   0.000      0.3654E-02 -0.2446       0.000    
   510  0.4004      0.4155       0.000       26.38       2.436       0.000      0.1929      0.5104E-01  0.7327E-02   0.000     -0.6347E-04   0.000      0.3648E-02 -0.2479       0.000    
   511  0.5311      0.5078       0.000       26.02       2.403       0.000      0.1878      0.5119E-01  0.7233E-02   0.000     -0.1473E-03   0.000      0.3626E-02 -0.2514       0.000    
   512  0.6887      0.6002       0.000       25.49       2.353       0.000      0.1818      0.5145E-01  0.7145E-02   0.000     -0.6369E-04   0.000      0.3610E-02 -0.2552       0.000    
   513  0.8733      0.6925       0.000       24.78       2.288       0.000      0.1745      0.5178E-01  0.7051E-02   0.000     -0.1703E-04   0.000      0.3597E-02 -0.2602       0.000    
   514   1.058      0.7848       0.000       24.08       2.223       0.000      0.1657      0.5196E-01  0.6893E-02   0.000     -0.7549E-05   0.000      0.3560E-02 -0.2664       0.000    
   515   1.278      0.8772       0.000       23.26       2.147       0.000      0.1555      0.5219E-01  0.6698E-02   0.000     -0.6824E-05   0.000      0.3511E-02 -0.2742       0.000    
   516   1.533      0.9695       0.000       22.32       2.061       0.000      0.1432      0.5211E-01  0.6424E-02   0.000      0.2032E-05   0.000      0.3449E-02 -0.2869       0.000    
   517   1.788       1.062       0.000       21.39       1.975       0.000      0.1283      0.5170E-01  0.6008E-02   0.000     -0.5339E-04   0.000      0.3339E-02 -0.3057       0.000    
   518   2.159       1.154       0.000       19.86       1.834       0.000      0.1120      0.4899E-01  0.5653E-02   0.000     -0.1499E-03   0.000      0.3253E-02 -0.3254       0.000    
   519   2.645       1.247       0.000       17.73       1.637       0.000      0.8843E-01  0.4532E-01  0.5007E-02   0.000     -0.2663E-03   0.000      0.3217E-02 -0.3924       0.000    
   520   3.132       1.339       0.000       15.61       1.441       0.000      0.5801E-01  0.4204E-01  0.3740E-02   0.000     -0.3570E-03   0.000      0.2737E-02 -0.4818       0.000    

 Surface forces referred to Sref,Cref,Bref about Xmom,Ymom,Zmom
 Standard axis orientation,  X fwd, Z down         

  Surface # 9     fuselage_vertical                       
     # chordwise = 10   # spanwise = 30     First strip =521
     Surface area =  65.103           ave. chord =  23.503    
     CLsurf  =   0.000000     Clsurf  =   0.000000
     CYsurf  =  -0.000005     Cmsurf  =   0.000000
     CDsurf  =   0.000000     Cnsurf  =   0.000001
     CDisurf =   0.000000     CDvsurf =   0.000000

  Forces referred to Ssurf, Cave about hinge axis thru LE
     cl_surf =   0.000000     cd_surf =   0.000000

 Strip Forces referred to strip area, chord
    j    xLE         yLE         zLE         Chord       Area        Dihedral   c cl        ai_ff       cl           clj         cd          cdv         cm_c/4     c.p.x/c      Dcj
   521   2.856       0.000      -1.339       15.65       1.445       90.00      0.1421E-06 -0.5305E-05  0.9078E-08   0.000     -0.7525E-11   0.000     -0.4963E-06   54.92       0.000    
   522   1.819       0.000      -1.247       17.87       1.650       90.00      0.1126E-05 -0.4191E-05  0.6303E-07   0.000     -0.4373E-11   0.000     -0.6132E-06   9.978       0.000    
   523  0.7817       0.000      -1.154       20.09       1.855       90.00      0.2455E-05 -0.3098E-05  0.1222E-06   0.000      0.1201E-10   0.000     -0.6398E-06   5.486       0.000    
   524  0.2207       0.000      -1.062       21.48       1.984       90.00     -0.2788E-05 -0.1969E-05 -0.1298E-06   0.000      0.2554E-10   0.000     -0.5117E-06  -3.693       0.000    
   525  0.1361       0.000     -0.9695       22.06       2.037       90.00     -0.7739E-06 -0.1773E-05 -0.3508E-07   0.000      0.1733E-10   0.000     -0.5659E-06  -15.88       0.000    
   526  0.5142E-01   0.000     -0.8772       22.63       2.090       90.00      0.1920E-05 -0.1504E-05  0.8485E-07   0.000      0.1831E-10   0.000     -0.6128E-06   7.472       0.000    
   527  0.1405E-01   0.000     -0.7848       23.10       2.133       90.00      0.4615E-05 -0.1217E-05  0.1998E-06   0.000      0.1963E-10   0.000     -0.6483E-06   3.495       0.000    
   528  0.2395E-01   0.000     -0.6925       23.47       2.167       90.00      0.9035E-05 -0.1029E-05  0.3850E-06   0.000      0.1988E-10   0.000     -0.7001E-06   2.068       0.000    
   529  0.3385E-01   0.000     -0.6002       23.83       2.200       90.00      0.1447E-04 -0.7703E-06  0.6073E-06   0.000      0.1854E-10   0.000     -0.7493E-06   1.484       0.000    
   530  0.6640E-01   0.000     -0.5078       24.15       2.229       90.00      0.2114E-04 -0.4749E-06  0.8755E-06   0.000      0.1513E-10   0.000     -0.8080E-06   1.173       0.000    
   531  0.1216       0.000     -0.4155       24.41       2.254       90.00      0.2967E-04 -0.5288E-07  0.1216E-05   0.000      0.1074E-10   0.000     -0.8620E-06  0.9592       0.000    
   532  0.1768       0.000     -0.3232       24.67       2.278       90.00      0.4064E-04  0.9630E-06  0.1648E-05   0.000      0.7183E-11   0.000     -0.9158E-06  0.8059       0.000    
   533  0.2450       0.000     -0.2308       24.90       2.299       90.00      0.5605E-04  0.4696E-05  0.2251E-05   0.000      0.7933E-11   0.000     -0.1003E-05  0.6955       0.000    
   534  0.3263       0.000     -0.1385       25.09       2.317       90.00      0.7813E-04  0.2122E-04  0.3114E-05   0.000      0.2108E-10   0.000     -0.1096E-05  0.6019       0.000    
   535  0.4076       0.000     -0.4617E-01   25.29       2.335       90.00      0.1091E-03  0.7455E-04  0.4315E-05   0.000      0.6033E-10   0.000     -0.1218E-05  0.5322       0.000    
   536  0.5006       0.000      0.4617E-01   25.46       2.351       90.00      0.1454E-03 -0.7536E-04  0.5712E-05   0.000      0.1179E-09   0.000     -0.1403E-05  0.4956       0.000    
   537  0.6052       0.000      0.1385       25.61       2.365       90.00      0.1740E-03 -0.2205E-04  0.6793E-05   0.000      0.1411E-09   0.000     -0.1493E-05  0.4698       0.000    
   538  0.7098       0.000      0.2308       25.76       2.378       90.00      0.1866E-03 -0.5514E-05  0.7246E-05   0.000      0.1009E-09   0.000     -0.1458E-05  0.4513       0.000    
   539  0.8268       0.000      0.3232       25.85       2.387       90.00      0.2033E-03 -0.1742E-05  0.7865E-05   0.000      0.6389E-10   0.000     -0.1676E-05  0.4631       0.000    
   540  0.9561       0.000      0.4155       25.90       2.392       90.00      0.2134E-03 -0.8128E-06  0.8238E-05   0.000      0.4320E-10   0.000     -0.1690E-05  0.4552       0.000    
   541   1.086       0.000      0.5078       25.95       2.396       90.00      0.2203E-03 -0.5471E-06  0.8490E-05   0.000     -0.1036E-11   0.000     -0.1684E-05  0.4484       0.000    
   542   1.230       0.000      0.6002       25.89       2.391       90.00      0.2434E-03 -0.5244E-06  0.9402E-05   0.000     -0.4188E-10   0.000     -0.2302E-05  0.4948       0.000    
   543   1.390       0.000      0.6925       25.73       2.376       90.00      0.2457E-03 -0.7025E-06  0.9551E-05   0.000     -0.1756E-10   0.000     -0.2294E-05  0.4901       0.000    
   544   1.549       0.000      0.7848       25.57       2.361       90.00      0.2448E-03 -0.1355E-05  0.9573E-05   0.000     -0.2177E-10   0.000     -0.2254E-05  0.4855       0.000    
   545   1.732       0.000      0.8772       25.39       2.344       90.00      0.2393E-03 -0.4360E-05  0.9428E-05   0.000     -0.7467E-10   0.000     -0.2170E-05  0.4802       0.000    
   546   1.938       0.000      0.9695       25.18       2.325       90.00      0.2247E-03 -0.3217E-04  0.8924E-05   0.000     -0.1898E-09   0.000     -0.1951E-05  0.4687       0.000    
   547   2.144       0.000       1.062       24.98       2.306       90.00      0.1968E-03 -0.5865E-04  0.7882E-05   0.000     -0.6671E-09   0.000     -0.1524E-05  0.4433       0.000    
   548   2.435       0.000       1.154       23.15       2.138       90.00      0.4705E-03  0.1367E-03  0.2032E-04   0.000      0.5029E-09   0.000     -0.1109E-04  0.7959       0.000    
   549   2.811       0.000       1.247       19.71       1.820       90.00      0.3443E-03  0.1279E-03  0.1747E-04   0.000      0.2572E-09   0.000     -0.1068E-04  0.8616       0.000    
   550   3.187       0.000       1.339       16.27       1.502       90.00      0.1668E-03  0.4156E-03  0.1025E-04   0.000      0.1547E-09   0.000     -0.6395E-05  0.8738       0.000    

 Surface forces referred to Sref,Cref,Bref about Xmom,Ymom,Zmom
 Standard axis orientation,  X fwd, Z down         

  Surface #10     nacelle_horizontal                      
     # chordwise =  6   # spanwise = 11     First strip =551
     Surface area = 0.43236           ave. chord = 0.82623    
     CLsurf  =   0.000489     Clsurf  =  -0.000046
     CYsurf  =  -0.000000     Cmsurf  =   0.000224
     CDsurf  =  -0.000001     Cnsurf  =  -0.000003
     CDisurf =  -0.000001     CDvsurf =   0.000000

  Forces referred to Ssurf, Cave about hinge axis thru LE
     cl_surf =   0.075254     cd_surf =  -0.000181

 Strip Forces referred to strip area, chord
    j    xLE         yLE         zLE         Chord       Area        Dihedral   c cl        ai_ff       cl           clj         cd          cdv         cm_c/4     c.p.x/c      Dcj
   551   10.82       2.423       1.123      0.2884      0.1508E-01   0.000      0.3753E-01  0.9498E-01  0.1306       0.000     -0.4995E-02   0.000      0.6783E-02  0.1981       0.000    
   552   10.67       2.476       1.123      0.6788      0.3557E-01   0.000      0.5511E-01  0.1017      0.8136E-01   0.000     -0.1237E-02   0.000      0.8928E-02  0.1403       0.000    
   553   10.60       2.528       1.123      0.8967      0.4689E-01   0.000      0.6572E-01  0.1031      0.7341E-01   0.000     -0.4428E-03   0.000      0.9208E-02  0.1246       0.000    
   554   10.54       2.580       1.123       1.067      0.5583E-01   0.000      0.7221E-01  0.1053      0.6772E-01   0.000      0.3691E-03   0.000      0.9012E-02  0.1169       0.000    
   555   10.51       2.633       1.123       1.200      0.6275E-01   0.000      0.7586E-01  0.1197      0.6326E-01   0.000      0.1105E-02   0.000      0.8712E-02  0.1123       0.000    
   556   10.51       2.672       1.123       1.228      0.3217E-01   0.000      0.7679E-01  0.7161E-01  0.6255E-01   0.000      0.1549E-02   0.000      0.8587E-02  0.1127       0.000    
   557   10.52       2.698       1.123       1.172      0.3070E-01   0.000      0.7637E-01  0.9432E-01  0.6520E-01   0.000      0.1380E-02   0.000      0.8805E-02  0.1150       0.000    
   558   10.54       2.737       1.123       1.067      0.5583E-01   0.000      0.7438E-01  0.1010      0.6976E-01   0.000      0.4109E-03   0.000      0.9173E-02  0.1185       0.000    
   559   10.60       2.790       1.123      0.8966      0.4689E-01   0.000      0.6781E-01  0.1021      0.7576E-01   0.000     -0.4463E-03   0.000      0.9435E-02  0.1255       0.000    
   560   10.67       2.842       1.123      0.6788      0.3557E-01   0.000      0.5677E-01  0.1013      0.8381E-01   0.000     -0.1273E-02   0.000      0.9213E-02  0.1401       0.000    
   561   10.82       2.894       1.123      0.2884      0.1508E-01   0.000      0.3885E-01  0.9454E-01  0.1352       0.000     -0.5092E-02   0.000      0.7388E-02  0.1953       0.000    

 Surface forces referred to Sref,Cref,Bref about Xmom,Ymom,Zmom
 Standard axis orientation,  X fwd, Z down         

  Surface #11     nacelle_horizontal (YDUP)               
     # chordwise =  6   # spanwise = 11     First strip =562
     Surface area = 0.43236           ave. chord = 0.82623    
     CLsurf  =   0.000319     Clsurf  =   0.000030
     CYsurf  =   0.000000     Cmsurf  =   0.000147
     CDsurf  =  -0.000001     Cnsurf  =   0.000002
     CDisurf =  -0.000001     CDvsurf =   0.000000

  Forces referred to Ssurf, Cave about hinge axis thru LE
     cl_surf =   0.049074     cd_surf =  -0.000171

 Strip Forces referred to strip area, chord
    j    xLE         yLE         zLE         Chord       Area        Dihedral   c cl        ai_ff       cl           clj         cd          cdv         cm_c/4     c.p.x/c      Dcj
   562   10.82      -2.423       1.123      0.2884      0.1508E-01   0.000      0.2728E-01  0.1456      0.9485E-01   0.000     -0.2434E-02   0.000      0.6254E-02  0.1841       0.000    
   563   10.67      -2.476       1.123      0.6788      0.3557E-01   0.000      0.3698E-01  0.1270      0.5458E-01   0.000     -0.6832E-03   0.000      0.6972E-02  0.1223       0.000    
   564   10.60      -2.528       1.123      0.8967      0.4689E-01   0.000      0.4244E-01  0.1175      0.4742E-01   0.000     -0.2869E-03   0.000      0.6679E-02  0.1091       0.000    
   565   10.54      -2.580       1.123       1.067      0.5583E-01   0.000      0.4680E-01  0.1404      0.4390E-01   0.000      0.1260E-03   0.000      0.6364E-02  0.1050       0.000    
   566   10.51      -2.633       1.123       1.200      0.6275E-01   0.000      0.4688E-01  0.1493      0.3910E-01   0.000      0.4847E-03   0.000      0.5787E-02  0.1020       0.000    
   567   10.51      -2.672       1.123       1.228      0.3217E-01   0.000      0.4305E-01 -0.2711E-01  0.3508E-01   0.000      0.5538E-03   0.000      0.5141E-02  0.1034       0.000    
   568   10.52      -2.698       1.123       1.172      0.3070E-01   0.000      0.4327E-01  0.1458E-01  0.3695E-01   0.000      0.6093E-03   0.000      0.5332E-02  0.1057       0.000    
   569   10.54      -2.737       1.123       1.067      0.5583E-01   0.000      0.4739E-01  0.1232      0.4445E-01   0.000      0.2231E-03   0.000      0.6338E-02  0.1074       0.000    
   570   10.60      -2.790       1.123      0.8966      0.4689E-01   0.000      0.4604E-01  0.1428      0.5144E-01   0.000     -0.3975E-03   0.000      0.7123E-02  0.1115       0.000    
   571   10.67      -2.842       1.123      0.6788      0.3557E-01   0.000      0.3919E-01  0.1297      0.5785E-01   0.000     -0.7875E-03   0.000      0.7334E-02  0.1232       0.000    
   572   10.82      -2.894       1.123      0.2884      0.1508E-01   0.000      0.2867E-01  0.1444      0.9969E-01   0.000     -0.2608E-02   0.000      0.6771E-02  0.1821       0.000    

 Surface forces referred to Sref,Cref,Bref about Xmom,Ymom,Zmom
 Standard axis orientation,  X fwd, Z down         

  Surface #12     nacelle_vertical                        
     # chordwise =  6   # spanwise = 11     First strip =573
     Surface area = 0.43236           ave. chord = 0.82623    
     CLsurf  =  -0.000000     Clsurf  =   0.000000
     CYsurf  =  -0.000033     Cmsurf  =  -0.000000
     CDsurf  =  -0.000000     Cnsurf  =  -0.000001
     CDisurf =  -0.000000     CDvsurf =   0.000000

  Forces referred to Ssurf, Cave about hinge axis thru LE
     cl_surf =  -0.000016     cd_surf =  -0.000022

 Strip Forces referred to strip area, chord
    j    xLE         yLE         zLE         Chord       Area        Dihedral   c cl        ai_ff       cl           clj         cd          cdv         cm_c/4     c.p.x/c      Dcj
   573   10.82       2.659      0.8879      0.2884      0.1508E-01   90.00      0.2468E-02  0.5483E-02  0.8557E-02   0.000     -0.1168E-03   0.000      0.3841E-02 -0.1988       0.000    
   574   10.67       2.659      0.9402      0.6788      0.3557E-01   90.00      0.4841E-02  0.6871E-02  0.7132E-02   0.000     -0.4645E-04   0.000      0.1776E-02  0.1008E-02   0.000    
   575   10.60       2.659      0.9926      0.8966      0.4689E-01   90.00      0.6542E-02  0.8792E-02  0.7296E-02   0.000     -0.4043E-04   0.000      0.1640E-02  0.2518E-01   0.000    
   576   10.54       2.659       1.045       1.067      0.5583E-01   90.00      0.8607E-02  0.2180E-01  0.8063E-02   0.000     -0.3873E-04   0.000      0.1747E-02  0.3329E-01   0.000    
   577   10.52       2.659       1.084       1.172      0.3070E-01   90.00      0.8612E-02  0.3314E-01  0.7350E-02   0.000     -0.1429E-04   0.000      0.1542E-02  0.4018E-01   0.000    
   578   10.51       2.659       1.110       1.228      0.3217E-01   90.00      0.5912E-02  0.9731E-02  0.4815E-02   0.000     -0.7271E-05   0.000      0.1030E-02  0.3618E-01   0.000    
   579   10.51       2.659       1.150       1.200      0.6275E-01   90.00      0.1968E-02 -0.1103E-01  0.1640E-02   0.000     -0.2681E-05   0.000      0.8196E-04  0.2000       0.000    
   580   10.54       2.659       1.202       1.067      0.5583E-01   90.00      0.1083E-02 -0.9587E-02  0.1015E-02   0.000     -0.1410E-05   0.000      0.9379E-04  0.1576       0.000    
   581   10.60       2.659       1.254      0.8967      0.4689E-01   90.00      0.2812E-02  0.3052E-02  0.3136E-02   0.000     -0.6279E-05   0.000      0.1261E-03  0.2098       0.000    
   582   10.67       2.659       1.306      0.6788      0.3557E-01   90.00      0.3274E-02  0.4512E-02  0.4823E-02   0.000     -0.1291E-04   0.000     -0.3564E-04  0.2574       0.000    
   583   10.82       2.659       1.359      0.2884      0.1508E-01   90.00      0.3029E-02  0.3321E-02  0.1050E-01   0.000     -0.3344E-04   0.000     -0.1538E-02  0.3965       0.000    

 Surface forces referred to Sref,Cref,Bref about Xmom,Ymom,Zmom
 Standard axis orientation,  X fwd, Z down         

  Surface #13     nacelle_vertical (YDUP)                 
     # chordwise =  6   # spanwise = 11     First strip =584
     Surface area = 0.43236           ave. chord = 0.82623    
     CLsurf  =  -0.000000     Clsurf  =  -0.000000
     CYsurf  =   0.000021     Cmsurf  =  -0.000000
     CDsurf  =  -0.000000     Cnsurf  =   0.000001
     CDisurf =  -0.000000     CDvsurf =   0.000000

  Forces referred to Ssurf, Cave about hinge axis thru LE
     cl_surf =  -0.000011     cd_surf =  -0.000016

 Strip Forces referred to strip area, chord
    j    xLE         yLE         zLE         Chord       Area        Dihedral   c cl        ai_ff       cl           clj         cd          cdv         cm_c/4     c.p.x/c      Dcj
   584   10.82      -2.659      0.8879      0.2884      0.1508E-01  -90.00      0.1757E-02  0.9039E-02  0.6093E-02   0.000     -0.7296E-04   0.000      0.2874E-02 -0.2217       0.000    
   585   10.67      -2.659      0.9402      0.6788      0.3557E-01  -90.00      0.3262E-02  0.7713E-02  0.4805E-02   0.000     -0.2973E-04   0.000      0.1268E-02 -0.1385E-01   0.000    
   586   10.60      -2.659      0.9926      0.8966      0.4689E-01  -90.00      0.4504E-02  0.1159E-01  0.5023E-02   0.000     -0.2890E-04   0.000      0.1182E-02  0.1466E-01   0.000    
   587   10.54      -2.659       1.045       1.067      0.5583E-01  -90.00      0.6278E-02  0.3925E-01  0.5881E-02   0.000     -0.3146E-04   0.000      0.1330E-02  0.2379E-01   0.000    
   588   10.52      -2.659       1.084       1.172      0.3070E-01  -90.00      0.6116E-02  0.6700E-01  0.5220E-02   0.000     -0.1421E-04   0.000      0.1144E-02  0.3081E-01   0.000    
   589   10.51      -2.659       1.110       1.228      0.3217E-01  -90.00      0.3519E-02  0.6148E-01  0.2866E-02   0.000     -0.6028E-05   0.000      0.6429E-03  0.2571E-01   0.000    
   590   10.51      -2.659       1.150       1.200      0.6275E-01  -90.00     -0.1811E-03 -0.4910E-01 -0.1510E-03   0.000      0.1071E-06   0.000     -0.5689E-05  0.2123       0.000    
   591   10.54      -2.659       1.202       1.067      0.5583E-01  -90.00     -0.2890E-03 -0.2048E-01 -0.2707E-03   0.000     -0.2059E-06   0.000      0.5277E-04  0.4449       0.000    
   592   10.60      -2.659       1.254      0.8967      0.4689E-01  -90.00      0.1746E-02  0.6617E-02  0.1948E-02   0.000     -0.4226E-05   0.000      0.1454E-03  0.1753       0.000    
   593   10.67      -2.659       1.306      0.6788      0.3557E-01  -90.00      0.2278E-02  0.8104E-02  0.3356E-02   0.000     -0.9196E-05   0.000      0.5532E-04  0.2335       0.000    
   594   10.82      -2.659       1.359      0.2884      0.1508E-01  -90.00      0.2259E-02  0.7345E-02  0.7834E-02   0.000     -0.2186E-04   0.000     -0.1044E-02  0.3832       0.000    

 Surface forces referred to Sref,Cref,Bref about Xmom,Ymom,Zmom
 Standard axis orientation,  X fwd, Z down         

  Surface #14     nacelle_2_horizontal                    
     # chordwise =  6   # spanwise = 11     First strip =595
     Surface area = 0.43232           ave. chord = 0.82630    
     CLsurf  =   0.000450     Clsurf  =  -0.000168
     CYsurf  =   0.000001     Cmsurf  =   0.000146
     CDsurf  =   0.000002     Cnsurf  =  -0.000008
     CDisurf =   0.000002     CDvsurf =   0.000000

  Forces referred to Ssurf, Cave about hinge axis thru LE
     cl_surf =   0.069268     cd_surf =   0.000321

 Strip Forces referred to strip area, chord
    j    xLE         yLE         zLE         Chord       Area        Dihedral   c cl        ai_ff       cl           clj         cd          cdv         cm_c/4     c.p.x/c      Dcj
   595   11.14       10.36       1.123      0.2884      0.1508E-01   0.000      0.3578E-01  0.8899E-01  0.1244       0.000     -0.3693E-02   0.000      0.6645E-02  0.1966       0.000    
   596   11.00       10.42       1.123      0.6788      0.3550E-01   0.000      0.5244E-01  0.9576E-01  0.7738E-01   0.000     -0.5834E-03   0.000      0.8355E-02  0.1420       0.000    
   597   10.92       10.47       1.123      0.8966      0.4689E-01   0.000      0.6255E-01  0.9627E-01  0.6985E-01   0.000      0.1314E-03   0.000      0.8536E-02  0.1278       0.000    
   598   10.87       10.52       1.123       1.067      0.5593E-01   0.000      0.6843E-01  0.9443E-01  0.6415E-01   0.000      0.8263E-03   0.000      0.8288E-02  0.1208       0.000    
   599   10.84       10.56       1.123       1.172      0.3064E-01   0.000      0.7018E-01  0.8739E-01  0.5990E-01   0.000      0.1586E-02   0.000      0.7978E-02  0.1168       0.000    
   600   10.83       10.59       1.123       1.228      0.3211E-01   0.000      0.7050E-01  0.6671E-01  0.5741E-01   0.000      0.1690E-02   0.000      0.7806E-02  0.1140       0.000    
   601   10.84       10.63       1.123       1.200      0.6275E-01   0.000      0.6974E-01  0.1130      0.5814E-01   0.000      0.1343E-02   0.000      0.7961E-02  0.1131       0.000    
   602   10.87       10.68       1.123       1.067      0.5593E-01   0.000      0.6645E-01  0.9970E-01  0.6230E-01   0.000      0.7754E-03   0.000      0.8259E-02  0.1174       0.000    
   603   10.92       10.73       1.123      0.8966      0.4689E-01   0.000      0.6051E-01  0.9720E-01  0.6757E-01   0.000      0.1227E-03   0.000      0.8481E-02  0.1245       0.000    
   604   11.00       10.78       1.123      0.6788      0.3550E-01   0.000      0.5080E-01  0.9598E-01  0.7497E-01   0.000     -0.5629E-03   0.000      0.8299E-02  0.1393       0.000    
   605   11.14       10.84       1.123      0.2884      0.1508E-01   0.000      0.3464E-01  0.8941E-01  0.1204       0.000     -0.3551E-02   0.000      0.6508E-02  0.1960       0.000    

 Surface forces referred to Sref,Cref,Bref about Xmom,Ymom,Zmom
 Standard axis orientation,  X fwd, Z down         

  Surface #15     nacelle_2_vertical                      
     # chordwise =  6   # spanwise = 11     First strip =606
     Surface area = 0.43236           ave. chord = 0.82623    
     CLsurf  =  -0.000000     Clsurf  =  -0.000000
     CYsurf  =   0.000010     Cmsurf  =  -0.000000
     CDsurf  =  -0.000000     Cnsurf  =   0.000000
     CDisurf =  -0.000000     CDvsurf =   0.000000

  Forces referred to Ssurf, Cave about hinge axis thru LE
     cl_surf =  -0.000005     cd_surf =  -0.000004

 Strip Forces referred to strip area, chord
    j    xLE         yLE         zLE         Chord       Area        Dihedral   c cl        ai_ff       cl           clj         cd          cdv         cm_c/4     c.p.x/c      Dcj
   606   11.14       10.60      0.8879      0.2884      0.1508E-01   90.00     -0.1246E-02  0.1800E-01 -0.4319E-02   0.000     -0.2517E-04   0.000     -0.1787E-02 -0.1636       0.000    
   607   11.00       10.60      0.9402      0.6788      0.3557E-01   90.00     -0.2697E-02  0.1644E-01 -0.3973E-02   0.000     -0.8813E-05   0.000     -0.6862E-03  0.7729E-01   0.000    
   608   10.92       10.60      0.9926      0.8966      0.4689E-01   90.00     -0.3946E-02  0.1435E-01 -0.4400E-02   0.000     -0.8289E-05   0.000     -0.6070E-03  0.1121       0.000    
   609   10.87       10.60       1.045       1.067      0.5583E-01   90.00     -0.5688E-02  0.2134E-02 -0.5328E-02   0.000     -0.9480E-05   0.000     -0.7312E-03  0.1128       0.000    
   610   10.84       10.60       1.084       1.172      0.3070E-01   90.00     -0.5618E-02 -0.8649E-02 -0.4795E-02   0.000     -0.1214E-05   0.000     -0.5724E-03  0.1306       0.000    
   611   10.83       10.60       1.110       1.228      0.3217E-01   90.00     -0.3042E-02  0.1212E-01 -0.2477E-02   0.000     -0.6142E-06   0.000     -0.9541E-04  0.2115       0.000    
   612   10.84       10.60       1.150       1.200      0.6275E-01   90.00      0.1398E-02  0.3168E-01  0.1165E-02   0.000     -0.2365E-06   0.000      0.4030E-03 -0.9593E-01   0.000    
   613   10.87       10.60       1.202       1.067      0.5583E-01   90.00      0.2376E-02  0.3064E-01  0.2226E-02   0.000     -0.2406E-05   0.000      0.3418E-03  0.9642E-01   0.000    
   614   10.92       10.60       1.254      0.8967      0.4689E-01   90.00      0.8322E-03  0.1964E-01  0.9282E-03   0.000     -0.6762E-06   0.000      0.1888E-03  0.4663E-01   0.000    
   615   11.00       10.60       1.306      0.6788      0.3557E-01   90.00      0.3177E-03  0.1856E-01  0.4680E-03   0.000     -0.1523E-06   0.000      0.8742E-04  0.6321E-01   0.000    
   616   11.14       10.60       1.359      0.2884      0.1508E-01   90.00      0.2137E-03  0.1446E-01  0.7408E-03   0.000     -0.1748E-06   0.000     -0.9462E-04  0.3777       0.000    

 Surface forces referred to Sref,Cref,Bref about Xmom,Ymom,Zmom
 Standard axis orientation,  X fwd, Z down         

  Surface #16     nacelle_3_horizontal                    
     # chordwise =  6   # spanwise = 11     First strip =617
     Surface area = 0.43236           ave. chord = 0.82623    
     CLsurf  =   0.000319     Clsurf  =   0.000030
     CYsurf  =   0.000000     Cmsurf  =   0.000147
     CDsurf  =  -0.000001     Cnsurf  =   0.000002
     CDisurf =  -0.000001     CDvsurf =   0.000000

  Forces referred to Ssurf, Cave about hinge axis thru LE
     cl_surf =   0.049074     cd_surf =  -0.000171

 Strip Forces referred to strip area, chord
    j    xLE         yLE         zLE         Chord       Area        Dihedral   c cl        ai_ff       cl           clj         cd          cdv         cm_c/4     c.p.x/c      Dcj
   617   10.82      -2.894       1.123      0.2884      0.1508E-01   0.000      0.2867E-01  0.1444      0.9969E-01   0.000     -0.2608E-02   0.000      0.6771E-02  0.1821       0.000    
   618   10.67      -2.842       1.123      0.6788      0.3557E-01   0.000      0.3919E-01  0.1297      0.5785E-01   0.000     -0.7875E-03   0.000      0.7334E-02  0.1232       0.000    
   619   10.60      -2.790       1.123      0.8967      0.4689E-01   0.000      0.4604E-01  0.1428      0.5144E-01   0.000     -0.3975E-03   0.000      0.7123E-02  0.1115       0.000    
   620   10.54      -2.737       1.123       1.067      0.5583E-01   0.000      0.4739E-01  0.1232      0.4445E-01   0.000      0.2231E-03   0.000      0.6338E-02  0.1074       0.000    
   621   10.52      -2.698       1.123       1.172      0.3070E-01   0.000      0.4327E-01  0.1458E-01  0.3695E-01   0.000      0.6093E-03   0.000      0.5332E-02  0.1057       0.000    
   622   10.51      -2.672       1.123       1.228      0.3217E-01   0.000      0.4305E-01 -0.2711E-01  0.3508E-01   0.000      0.5538E-03   0.000      0.5141E-02  0.1034       0.000    
   623   10.51      -2.633       1.123       1.200      0.6275E-01   0.000      0.4688E-01  0.1493      0.3910E-01   0.000      0.4847E-03   0.000      0.5787E-02  0.1020       0.000    
   624   10.54      -2.580       1.123       1.067      0.5583E-01   0.000      0.4680E-01  0.1404      0.4390E-01   0.000      0.1260E-03   0.000      0.6364E-02  0.1050       0.000    
   625   10.60      -2.528       1.123      0.8966      0.4689E-01   0.000      0.4244E-01  0.1175      0.4742E-01   0.000     -0.2869E-03   0.000      0.6679E-02  0.1091       0.000    
   626   10.67      -2.476       1.123      0.6788      0.3557E-01   0.000      0.3698E-01  0.1270      0.5458E-01   0.000     -0.6832E-03   0.000      0.6972E-02  0.1223       0.000    
   627   10.82      -2.423       1.123      0.2884      0.1508E-01   0.000      0.2728E-01  0.1456      0.9485E-01   0.000     -0.2434E-02   0.000      0.6254E-02  0.1841       0.000    

 Surface forces referred to Sref,Cref,Bref about Xmom,Ymom,Zmom
 Standard axis orientation,  X fwd, Z down         

  Surface #17     nacelle_3_vertical                      
     # chordwise =  6   # spanwise = 11     First strip =628
     Surface area = 0.43236           ave. chord = 0.82623    
     CLsurf  =  -0.000000     Clsurf  =  -0.000000
     CYsurf  =   0.000021     Cmsurf  =  -0.000000
     CDsurf  =  -0.000000     Cnsurf  =   0.000001
     CDisurf =  -0.000000     CDvsurf =   0.000000

  Forces referred to Ssurf, Cave about hinge axis thru LE
     cl_surf =  -0.000011     cd_surf =  -0.000016

 Strip Forces referred to strip area, chord
    j    xLE         yLE         zLE         Chord       Area        Dihedral   c cl        ai_ff       cl           clj         cd          cdv         cm_c/4     c.p.x/c      Dcj
   628   10.82      -2.659      0.8879      0.2884      0.1508E-01   90.00     -0.1757E-02 -0.9039E-02 -0.6093E-02   0.000     -0.7296E-04   0.000     -0.2874E-02 -0.2217       0.000    
   629   10.67      -2.659      0.9402      0.6788      0.3557E-01   90.00     -0.3262E-02 -0.7713E-02 -0.4805E-02   0.000     -0.2973E-04   0.000     -0.1268E-02 -0.1385E-01   0.000    
   630   10.60      -2.659      0.9926      0.8966      0.4689E-01   90.00     -0.4504E-02 -0.1159E-01 -0.5023E-02   0.000     -0.2890E-04   0.000     -0.1182E-02  0.1466E-01   0.000    
   631   10.54      -2.659       1.045       1.067      0.5583E-01   90.00     -0.6278E-02 -0.3925E-01 -0.5881E-02   0.000     -0.3146E-04   0.000     -0.1330E-02  0.2379E-01   0.000    
   632   10.52      -2.659       1.084       1.172      0.3070E-01   90.00     -0.6116E-02 -0.6700E-01 -0.5220E-02   0.000     -0.1421E-04   0.000     -0.1144E-02  0.3081E-01   0.000    
   633   10.51      -2.659       1.110       1.228      0.3217E-01   90.00     -0.3519E-02 -0.6148E-01 -0.2866E-02   0.000     -0.6028E-05   0.000     -0.6429E-03  0.2571E-01   0.000    
   634   10.51      -2.659       1.150       1.200      0.6275E-01   90.00      0.1811E-03  0.4910E-01  0.1510E-03   0.000      0.1071E-06   0.000      0.5689E-05  0.2123       0.000    
   635   10.54      -2.659       1.202       1.067      0.5583E-01   90.00      0.2890E-03  0.2048E-01  0.2707E-03   0.000     -0.2059E-06   0.000     -0.5277E-04  0.4449       0.000    
   636   10.60      -2.659       1.254      0.8967      0.4689E-01   90.00     -0.1746E-02 -0.6617E-02 -0.1948E-02   0.000     -0.4226E-05   0.000     -0.1454E-03  0.1753       0.000    
   637   10.67      -2.659       1.306      0.6788      0.3557E-01   90.00     -0.2278E-02 -0.8104E-02 -0.3356E-02   0.000     -0.9196E-05   0.000     -0.5532E-04  0.2335       0.000    
   638   10.82      -2.659       1.359      0.2884      0.1508E-01   90.00     -0.2259E-02 -0.7345E-02 -0.7834E-02   0.000     -0.2186E-04   0.000      0.1044E-02  0.3832       0.000    

 Surface forces referred to Sref,Cref,Bref about Xmom,Ymom,Zmom
 Standard axis orientation,  X fwd, Z down         

  Surface #18     nacelle_4_horizontal                    
     # chordwise =  6   # spanwise = 11     First strip =639
     Surface area = 0.43232           ave. chord = 0.82630    
     CLsurf  =   0.000450     Clsurf  =   0.000168
     CYsurf  =  -0.000001     Cmsurf  =   0.000146
     CDsurf  =   0.000002     Cnsurf  =   0.000008
     CDisurf =   0.000002     CDvsurf =   0.000000

  Forces referred to Ssurf, Cave about hinge axis thru LE
     cl_surf =   0.069268     cd_surf =   0.000321

 Strip Forces referred to strip area, chord
    j    xLE         yLE         zLE         Chord       Area        Dihedral   c cl        ai_ff       cl           clj         cd          cdv         cm_c/4     c.p.x/c      Dcj
   639   11.14      -10.84       1.123      0.2884      0.1508E-01   0.000      0.3464E-01  0.8941E-01  0.1205       0.000     -0.3551E-02   0.000      0.6508E-02  0.1960       0.000    
   640   11.00      -10.78       1.123      0.6788      0.3550E-01   0.000      0.5080E-01  0.9598E-01  0.7497E-01   0.000     -0.5630E-03   0.000      0.8300E-02  0.1393       0.000    
   641   10.92      -10.73       1.123      0.8967      0.4689E-01   0.000      0.6051E-01  0.9720E-01  0.6757E-01   0.000      0.1226E-03   0.000      0.8481E-02  0.1245       0.000    
   642   10.87      -10.68       1.123       1.067      0.5593E-01   0.000      0.6645E-01  0.9970E-01  0.6230E-01   0.000      0.7753E-03   0.000      0.8259E-02  0.1174       0.000    
   643   10.84      -10.63       1.123       1.200      0.6275E-01   0.000      0.6974E-01  0.1130      0.5814E-01   0.000      0.1343E-02   0.000      0.7961E-02  0.1131       0.000    
   644   10.83      -10.59       1.123       1.228      0.3211E-01   0.000      0.7050E-01  0.6671E-01  0.5741E-01   0.000      0.1690E-02   0.000      0.7806E-02  0.1140       0.000    
   645   10.84      -10.56       1.123       1.172      0.3064E-01   0.000      0.7018E-01  0.8739E-01  0.5990E-01   0.000      0.1586E-02   0.000      0.7979E-02  0.1168       0.000    
   646   10.87      -10.52       1.123       1.067      0.5593E-01   0.000      0.6843E-01  0.9443E-01  0.6416E-01   0.000      0.8262E-03   0.000      0.8289E-02  0.1208       0.000    
   647   10.92      -10.47       1.123      0.8966      0.4689E-01   0.000      0.6255E-01  0.9627E-01  0.6985E-01   0.000      0.1313E-03   0.000      0.8537E-02  0.1278       0.000    
   648   11.00      -10.42       1.123      0.6788      0.3550E-01   0.000      0.5244E-01  0.9576E-01  0.7738E-01   0.000     -0.5836E-03   0.000      0.8355E-02  0.1420       0.000    
   649   11.14      -10.36       1.123      0.2884      0.1508E-01   0.000      0.3578E-01  0.8899E-01  0.1244       0.000     -0.3693E-02   0.000      0.6645E-02  0.1966       0.000    

 Surface forces referred to Sref,Cref,Bref about Xmom,Ymom,Zmom
 Standard axis orientation,  X fwd, Z down         

  Surface #19     nacelle_4_vertical                      
     # chordwise =  6   # spanwise = 11     First strip =650
     Surface area = 0.43236           ave. chord = 0.82623    
     CLsurf  =  -0.000000     Clsurf  =   0.000000
     CYsurf  =  -0.000010     Cmsurf  =  -0.000000
     CDsurf  =  -0.000000     Cnsurf  =  -0.000000
     CDisurf =  -0.000000     CDvsurf =   0.000000

  Forces referred to Ssurf, Cave about hinge axis thru LE
     cl_surf =  -0.000005     cd_surf =  -0.000004

 Strip Forces referred to strip area, chord
    j    xLE         yLE         zLE         Chord       Area        Dihedral   c cl        ai_ff       cl           clj         cd          cdv         cm_c/4     c.p.x/c      Dcj
   650   11.14      -10.60      0.8879      0.2884      0.1508E-01   90.00      0.1246E-02 -0.1800E-01  0.4320E-02   0.000     -0.2518E-04   0.000      0.1787E-02 -0.1636       0.000    
   651   11.00      -10.60      0.9402      0.6788      0.3557E-01   90.00      0.2698E-02 -0.1644E-01  0.3974E-02   0.000     -0.8816E-05   0.000      0.6864E-03  0.7729E-01   0.000    
   652   10.92      -10.60      0.9926      0.8966      0.4689E-01   90.00      0.3946E-02 -0.1435E-01  0.4401E-02   0.000     -0.8292E-05   0.000      0.6071E-03  0.1121       0.000    
   653   10.87      -10.60       1.045       1.067      0.5583E-01   90.00      0.5688E-02 -0.2134E-02  0.5329E-02   0.000     -0.9482E-05   0.000      0.7312E-03  0.1128       0.000    
   654   10.84      -10.60       1.084       1.172      0.3070E-01   90.00      0.5619E-02  0.8649E-02  0.4796E-02   0.000     -0.1214E-05   0.000      0.5725E-03  0.1306       0.000    
   655   10.83      -10.60       1.110       1.228      0.3217E-01   90.00      0.3042E-02 -0.1212E-01  0.2478E-02   0.000     -0.6145E-06   0.000      0.9545E-04  0.2115       0.000    
   656   10.84      -10.60       1.150       1.200      0.6275E-01   90.00     -0.1397E-02 -0.3168E-01 -0.1165E-02   0.000     -0.2364E-06   0.000     -0.4031E-03 -0.9614E-01   0.000    
   657   10.87      -10.60       1.202       1.067      0.5583E-01   90.00     -0.2375E-02 -0.3064E-01 -0.2225E-02   0.000     -0.2406E-05   0.000     -0.3419E-03  0.9636E-01   0.000    
   658   10.92      -10.60       1.254      0.8967      0.4689E-01   90.00     -0.8317E-03 -0.1964E-01 -0.9276E-03   0.000     -0.6758E-06   0.000     -0.1888E-03  0.4645E-01   0.000    
   659   11.00      -10.60       1.306      0.6788      0.3557E-01   90.00     -0.3173E-03 -0.1856E-01 -0.4674E-03   0.000     -0.1521E-06   0.000     -0.8747E-04  0.6286E-01   0.000    
   660   11.14      -10.60       1.359      0.2884      0.1508E-01   90.00     -0.2134E-03 -0.1446E-01 -0.7399E-03   0.000     -0.1744E-06   0.000      0.9446E-04  0.3777       0.000    
