 ---------------------------------------------------------------
Surface and Strip forces by surface

 Surface forces referred to Sref,Cref,Bref about Xmom,Ymom,Zmom
 Standard axis orientation,  X fwd, Z down         

  Surface # 1     main_wing_1                             
     # chordwise = 10   # spanwise =100     First strip =  1
     Surface area =  17.727           ave. chord =  2.7027    
     CLsurf  =   0.089876     Clsurf  =  -0.010304
     CYsurf  =  -0.000119     Cmsurf  =  -0.053293
     CDsurf  =   0.002138     Cnsurf  =  -0.000322
     CDisurf =   0.000793     CDvsurf =   0.000000

  Forces referred to Ssurf, Cave about hinge axis thru LE
     cl_surf =   0.328493     cd_surf =   0.007813

 Strip Forces referred to strip area, chord
    j    xLE         yLE         zLE         Chord       Area        Dihedral   c cl        ai_ff       cl           clj         cd          cdv         cm_c/4     c.p.x/c      Dcj
     1   12.57      0.4051E-03   1.385       2.784      0.4511E-02 -0.7851E-11  0.7727      0.2213E-02  0.2777       0.000      0.3684E-02   0.000     -0.3807E-02  0.2637       0.000    
     2   12.57      0.3646E-02   1.385       2.784      0.1353E-01  0.2618E-11  0.7727      0.1627E-01  0.2777       0.000      0.3684E-02   0.000     -0.3807E-02  0.2637       0.000    
     3   12.57      0.1012E-01   1.385       2.784      0.2253E-01   0.000      0.7727      0.1739E-01  0.2777       0.000      0.3684E-02   0.000     -0.3807E-02  0.2637       0.000    
     4   12.57      0.1983E-01   1.385       2.784      0.3152E-01   0.000      0.7727      0.1770E-01  0.2777       0.000      0.3684E-02   0.000     -0.3806E-02  0.2637       0.000    
     5   12.57      0.3276E-01   1.385       2.784      0.4047E-01  0.8752E-12  0.7727      0.1783E-01  0.2777       0.000      0.3683E-02   0.000     -0.3804E-02  0.2637       0.000    
     6   12.57      0.4890E-01   1.385       2.784      0.4938E-01   0.000      0.7727      0.1789E-01  0.2777       0.000      0.3681E-02   0.000     -0.3800E-02  0.2637       0.000    
     7   12.57      0.6823E-01   1.385       2.784      0.5824E-01 -0.1216E-11  0.7728      0.1793E-01  0.2778       0.000      0.3678E-02   0.000     -0.3793E-02  0.2637       0.000    
     8   12.57      0.9074E-01   1.385       2.784      0.6705E-01  0.1057E-11  0.7729      0.1796E-01  0.2778       0.000      0.3673E-02   0.000     -0.3782E-02  0.2636       0.000    
     9   12.57      0.1164       1.385       2.784      0.7579E-01 -0.4673E-12  0.7730      0.1798E-01  0.2778       0.000      0.3666E-02   0.000     -0.3766E-02  0.2636       0.000    
    10   12.57      0.1452       1.385       2.784      0.8445E-01 -0.4194E-12  0.7731      0.1799E-01  0.2779       0.000      0.3655E-02   0.000     -0.3743E-02  0.2635       0.000    
    11   12.57      0.1771       1.385       2.784      0.9303E-01   0.000      0.7734      0.1800E-01  0.2780       0.000      0.3641E-02   0.000     -0.3712E-02  0.2634       0.000    
    12   12.57      0.2120       1.385       2.784      0.1015      0.3489E-12  0.7737      0.1800E-01  0.2781       0.000      0.3623E-02   0.000     -0.3670E-02  0.2632       0.000    
    13   12.57      0.2500       1.385       2.784      0.1099       0.000      0.7740      0.1799E-01  0.2782       0.000      0.3599E-02   0.000     -0.3617E-02  0.2630       0.000    
    14   12.57      0.2910       1.385       2.784      0.1182       0.000      0.7745      0.1798E-01  0.2784       0.000      0.3569E-02   0.000     -0.3549E-02  0.2627       0.000    
    15   12.57      0.3349       1.385       2.784      0.1264       0.000      0.7751      0.1797E-01  0.2786       0.000      0.3532E-02   0.000     -0.3466E-02  0.2624       0.000    
    16   12.57      0.3817       1.385       2.784      0.1344       0.000      0.7758      0.1795E-01  0.2789       0.000      0.3486E-02   0.000     -0.3365E-02  0.2621       0.000    
    17   12.57      0.4314       1.385       2.784      0.1423       0.000      0.7766      0.1792E-01  0.2792       0.000      0.3431E-02   0.000     -0.3244E-02  0.2616       0.000    
    18   12.57      0.4839       1.385       2.784      0.1501      0.2360E-12  0.7776      0.1789E-01  0.2795       0.000      0.3364E-02   0.000     -0.3101E-02  0.2611       0.000    
    19   12.57      0.5392       1.385       2.784      0.1577     -0.2246E-12  0.7787      0.1784E-01  0.2799       0.000      0.3285E-02   0.000     -0.2934E-02  0.2605       0.000    
    20   12.57      0.5972       1.385       2.784      0.1651       0.000      0.7800      0.1778E-01  0.2804       0.000      0.3191E-02   0.000     -0.2742E-02  0.2598       0.000    
    21   12.57      0.6578       1.385       2.784      0.1724     -0.2054E-12  0.7815      0.1771E-01  0.2809       0.000      0.3082E-02   0.000     -0.2522E-02  0.2590       0.000    
    22   12.57      0.7211       1.385       2.784      0.1796       0.000      0.7832      0.1761E-01  0.2816       0.000      0.2955E-02   0.000     -0.2274E-02  0.2581       0.000    
    23   12.57      0.7868       1.385       2.784      0.1865      0.1899E-12  0.7851      0.1748E-01  0.2822       0.000      0.2807E-02   0.000     -0.1996E-02  0.2571       0.000    
    24   12.57      0.8550       1.385       2.784      0.1933       0.000      0.7871      0.1731E-01  0.2830       0.000      0.2637E-02   0.000     -0.1688E-02  0.2560       0.000    
    25   12.57      0.9257       1.385       2.784      0.1999       0.000      0.7893      0.1710E-01  0.2838       0.000      0.2440E-02   0.000     -0.1348E-02  0.2547       0.000    
    26   12.57      0.9986       1.385       2.784      0.2063       0.000      0.7917      0.1682E-01  0.2847       0.000      0.2211E-02   0.000     -0.9757E-03  0.2534       0.000    
    27   12.57       1.074       1.385       2.784      0.2124       0.000      0.7943      0.1646E-01  0.2856       0.000      0.1945E-02   0.000     -0.5711E-03  0.2520       0.000    
    28   12.57       1.151       1.385       2.784      0.2184       0.000      0.7970      0.1599E-01  0.2866       0.000      0.1632E-02   0.000     -0.1330E-03  0.2505       0.000    
    29   12.57       1.231       1.385       2.784      0.2241       0.000      0.7998      0.1535E-01  0.2876       0.000      0.1256E-02   0.000      0.3398E-03  0.2488       0.000    
    30   12.57       1.312       1.385       2.784      0.2297       0.000      0.8028      0.1446E-01  0.2887       0.000      0.7926E-03   0.000      0.8499E-03  0.2471       0.000    
    31   12.57       1.396       1.385       2.784      0.2350       0.000      0.8058      0.1318E-01  0.2898       0.000      0.1952E-03   0.000      0.1401E-02  0.2452       0.000    
    32   12.57       1.481       1.385       2.784      0.2401     -0.1475E-12  0.8088      0.1122E-01  0.2910       0.000     -0.6295E-03   0.000      0.2003E-02  0.2431       0.000    
    33   12.57       1.568       1.385       2.784      0.2449      0.1446E-12  0.8119      0.7888E-02  0.2921       0.000     -0.1894E-02   0.000      0.2669E-02  0.2409       0.000    
    34   12.57       1.661       1.385       2.783      0.2705      0.1309E-12  0.8151      0.4362E-03  0.2935       0.000     -0.4376E-02   0.000      0.3459E-02  0.2382       0.000    
    35   12.57       1.759       1.385       2.781      0.2750     -0.1286E-12  0.8184     -0.3331E-01  0.2954       0.000     -0.1342E-01   0.000      0.4467E-02  0.2349       0.000    
    36   12.57       1.855       1.385       2.779      0.2590     -0.1365E-12  0.6106      0.4787E-01  0.4191      0.1997      0.3579E-01   0.000      0.3626E-01  0.1635       2.390    
    37   12.57       1.949       1.385       2.777      0.2627      0.1345E-12  0.5708      0.4609E-01  0.4206      0.2154      0.2982E-01   0.000      0.3733E-01  0.1612       2.392    
    38   12.57       2.044       1.385       2.776      0.2661      0.1327E-12  0.5492      0.4495E-01  0.4215      0.2239      0.2833E-01   0.000      0.3816E-01  0.1595       2.394    
    39   12.57       2.140       1.385       2.774      0.2692     -0.1311E-12  0.5352      0.4414E-01  0.4219      0.2292      0.2764E-01   0.000      0.3876E-01  0.1581       2.395    
    40   12.57       2.238       1.385       2.772      0.2721       0.000      0.5254      0.4354E-01  0.4217      0.2324      0.2724E-01   0.000      0.3910E-01  0.1573       2.397    
    41   12.57       2.337       1.385       2.770      0.2747      0.1283E-12  0.5185      0.4312E-01  0.4207      0.2337      0.2696E-01   0.000      0.3916E-01  0.1569       2.399    
    42   12.57       2.436       1.385       2.768      0.2770     -0.1271E-12  0.5138      0.4294E-01  0.4190      0.2337      0.2675E-01   0.000      0.3899E-01  0.1570       2.400    
    43   12.57       2.537       1.385       2.766      0.2791       0.000      0.5109      0.4351E-01  0.4176      0.2332      0.2662E-01   0.000      0.3878E-01  0.1571       2.402    
    44   12.57       2.638       1.385       2.764      0.2808       0.000      0.5097      0.5747E-01  0.4177      0.2335      0.2660E-01   0.000      0.3884E-01  0.1570       2.404    
    45   12.57       2.740       1.385       2.762      0.2823       0.000      0.5102      0.3958E-01  0.4193      0.2348      0.2671E-01   0.000      0.3921E-01  0.1565       2.405    
    46   12.57       2.843       1.385       2.760      0.2835       0.000      0.5124      0.4257E-01  0.4215      0.2361      0.2690E-01   0.000      0.3962E-01  0.1560       2.407    
    47   12.57       2.945       1.385       2.758      0.2844       0.000      0.5165      0.4285E-01  0.4240      0.2369      0.2717E-01   0.000      0.4001E-01  0.1556       2.409    
    48   12.57       3.049       1.385       2.756      0.2851      0.1230E-12  0.5228      0.4320E-01  0.4260      0.2366      0.2750E-01   0.000      0.4020E-01  0.1556       2.411    
    49   12.58       3.152       1.385       2.754      0.2854     -0.2455E-12  0.5320      0.4375E-01  0.4273      0.2344      0.2796E-01   0.000      0.4010E-01  0.1562       2.413    
    50   12.58       3.256       1.385       2.752      0.2855      0.1226E-12  0.5457      0.4453E-01  0.4279      0.2298      0.2868E-01   0.000      0.3970E-01  0.1572       2.414    
    51   12.58       3.360       1.385       2.750      0.2853       0.000      0.5674      0.4566E-01  0.4279      0.2218      0.3018E-01   0.000      0.3904E-01  0.1588       2.416    
    52   12.58       3.463       1.385       2.748      0.2848       0.000      0.6081      0.4751E-01  0.4273      0.2063      0.3588E-01   0.000      0.3809E-01  0.1608       2.418    
    53   12.58       3.563       1.385       2.746      0.2623       0.000      0.8282     -0.3961E-01  0.3029       0.000     -0.1603E-01   0.000      0.6007E-02  0.2302       0.000    
    54   12.58       3.658       1.385       2.744      0.2614       0.000      0.8260     -0.2467E-02  0.3017       0.000     -0.5934E-02   0.000      0.5155E-02  0.2329       0.000    
    55   12.58       3.754       1.385       2.742      0.2601      0.1341E-12  0.8239      0.5765E-02  0.3010       0.000     -0.3194E-02   0.000      0.4523E-02  0.2350       0.000    
    56   12.58       3.848       1.385       2.740      0.2587     -0.1348E-12  0.8217      0.9478E-02  0.3004       0.000     -0.1828E-02   0.000      0.4015E-02  0.2366       0.000    
    57   12.58       3.942       1.385       2.738      0.2570       0.000      0.8196      0.1159E-01  0.2998       0.000     -0.9958E-03   0.000      0.3589E-02  0.2380       0.000    
    58   12.58       4.036       1.385       2.737      0.2550       0.000      0.8174      0.1295E-01  0.2991       0.000     -0.4160E-03   0.000      0.3224E-02  0.2392       0.000    
    59   12.58       4.129       1.385       2.735      0.2528       0.000      0.8151      0.1394E-01  0.2985       0.000      0.6171E-04   0.000      0.2903E-02  0.2403       0.000    
    60   12.58       4.225       1.385       2.728      0.2708      0.1281E-12  0.8126      0.1444E-01  0.2983       0.000      0.3301E-03   0.000      0.2634E-02  0.2412       0.000    
    61   12.58       4.323       1.385       2.716      0.2669     -0.1294E-12  0.8098      0.1457E-01  0.2986       0.000      0.4479E-03   0.000      0.2402E-02  0.2420       0.000    
    62   12.59       4.421       1.385       2.704      0.2627       0.000      0.8070      0.1463E-01  0.2989       0.000      0.5681E-03   0.000      0.2195E-02  0.2427       0.000    
    63   12.59       4.518       1.385       2.692      0.2583       0.000      0.8042      0.1463E-01  0.2991       0.000      0.6702E-03   0.000      0.2012E-02  0.2433       0.000    
    64   12.59       4.613       1.385       2.680      0.2537       0.000      0.8013      0.1458E-01  0.2994       0.000      0.7552E-03   0.000      0.1849E-02  0.2438       0.000    
    65   12.60       4.707       1.385       2.668      0.2489      0.1364E-12  0.7985      0.1450E-01  0.2996       0.000      0.8258E-03   0.000      0.1706E-02  0.2443       0.000    
    66   12.60       4.800       1.385       2.657      0.2439     -0.1386E-12  0.7956      0.1439E-01  0.2998       0.000      0.8845E-03   0.000      0.1578E-02  0.2447       0.000    
    67   12.60       4.891       1.385       2.646      0.2388      0.1410E-12  0.7928      0.1425E-01  0.3000       0.000      0.9336E-03   0.000      0.1465E-02  0.2451       0.000    
    68   12.61       4.980       1.385       2.635      0.2334     -0.1436E-12  0.7899      0.1411E-01  0.3002       0.000      0.9749E-03   0.000      0.1365E-02  0.2455       0.000    
    69   12.61       5.068       1.385       2.624      0.2278     -0.1465E-12  0.7872      0.1396E-01  0.3003       0.000      0.1010E-02   0.000      0.1276E-02  0.2458       0.000    
    70   12.61       5.154       1.385       2.613      0.2221      0.1497E-12  0.7844      0.1380E-01  0.3005       0.000      0.1039E-02   0.000      0.1196E-02  0.2460       0.000    
    71   12.61       5.238       1.385       2.603      0.2163      0.1531E-12  0.7817      0.1364E-01  0.3006       0.000      0.1064E-02   0.000      0.1126E-02  0.2463       0.000    
    72   12.62       5.320       1.385       2.593      0.2102     -0.1569E-12  0.7790      0.1348E-01  0.3008       0.000      0.1085E-02   0.000      0.1063E-02  0.2465       0.000    
    73   12.62       5.400       1.385       2.583      0.2041       0.000      0.7764      0.1331E-01  0.3009       0.000      0.1103E-02   0.000      0.1007E-02  0.2467       0.000    
    74   12.62       5.478       1.385       2.574      0.1977       0.000      0.7739      0.1316E-01  0.3010       0.000      0.1118E-02   0.000      0.9577E-03  0.2468       0.000    
    75   12.62       5.554       1.385       2.564      0.1913       0.000      0.7714      0.1300E-01  0.3012       0.000      0.1131E-02   0.000      0.9134E-03  0.2470       0.000    
    76   12.62       5.627       1.385       2.555      0.1847       0.000      0.7690      0.1285E-01  0.3013       0.000      0.1142E-02   0.000      0.8740E-03  0.2471       0.000    
    77   12.63       5.698       1.385       2.547      0.1780       0.000      0.7666      0.1270E-01  0.3014       0.000      0.1152E-02   0.000      0.8388E-03  0.2472       0.000    
    78   12.63       5.767       1.385       2.538      0.1712       0.000      0.7643      0.1256E-01  0.3015       0.000      0.1160E-02   0.000      0.8075E-03  0.2473       0.000    
    79   12.63       5.833       1.385       2.530      0.1643       0.000      0.7621      0.1242E-01  0.3016       0.000      0.1166E-02   0.000      0.7796E-03  0.2474       0.000    
    80   12.63       5.897       1.385       2.522      0.1573       0.000      0.7600      0.1230E-01  0.3017       0.000      0.1172E-02   0.000      0.7547E-03  0.2475       0.000    
    81   12.64       5.958       1.385       2.515      0.1502       0.000      0.7580      0.1217E-01  0.3018       0.000      0.1177E-02   0.000      0.7327E-03  0.2476       0.000    
    82   12.64       6.016       1.385       2.507      0.1430       0.000      0.7560      0.1205E-01  0.3019       0.000      0.1181E-02   0.000      0.7131E-03  0.2476       0.000    
    83   12.64       6.072       1.385       2.501      0.1357       0.000      0.7541      0.1194E-01  0.3019       0.000      0.1184E-02   0.000      0.6957E-03  0.2477       0.000    
    84   12.64       6.125       1.385       2.494      0.1284     -0.2472E-12  0.7524      0.1184E-01  0.3020       0.000      0.1187E-02   0.000      0.6803E-03  0.2477       0.000    
    85   12.64       6.175       1.385       2.488      0.1209      0.2617E-12  0.7507      0.1174E-01  0.3021       0.000      0.1189E-02   0.000      0.6668E-03  0.2478       0.000    
    86   12.64       6.222       1.385       2.482      0.1134       0.000      0.7491      0.1165E-01  0.3022       0.000      0.1190E-02   0.000      0.6548E-03  0.2478       0.000    
    87   12.64       6.266       1.385       2.477      0.1059       0.000      0.7476      0.1156E-01  0.3022       0.000      0.1192E-02   0.000      0.6443E-03  0.2479       0.000    
    88   12.65       6.307       1.385       2.472      0.9826E-01   0.000      0.7462      0.1149E-01  0.3023       0.000      0.1193E-02   0.000      0.6351E-03  0.2479       0.000    
    89   12.65       6.346       1.385       2.467      0.9059E-01   0.000      0.7450      0.1141E-01  0.3023       0.000      0.1193E-02   0.000      0.6271E-03  0.2479       0.000    
    90   12.65       6.381       1.385       2.463      0.8287E-01   0.000      0.7438      0.1135E-01  0.3024       0.000      0.1194E-02   0.000      0.6201E-03  0.2479       0.000    
    91   12.65       6.413       1.385       2.459      0.7510E-01   0.000      0.7427      0.1129E-01  0.3024       0.000      0.1194E-02   0.000      0.6141E-03  0.2480       0.000    
    92   12.65       6.442       1.385       2.455      0.6730E-01 -0.4641E-12  0.7417      0.1123E-01  0.3025       0.000      0.1194E-02   0.000      0.6090E-03  0.2480       0.000    
    93   12.65       6.468       1.385       2.452      0.5946E-01  0.1049E-11  0.7408      0.1119E-01  0.3025       0.000      0.1194E-02   0.000      0.6046E-03  0.2480       0.000    
    94   12.65       6.490       1.385       2.449      0.5160E-01 -0.6039E-12  0.7401      0.1115E-01  0.3025       0.000      0.1194E-02   0.000      0.6010E-03  0.2480       0.000    
    95   12.65       6.510       1.385       2.447      0.4370E-01   0.000      0.7394      0.1111E-01  0.3026       0.000      0.1194E-02   0.000      0.5979E-03  0.2480       0.000    
    96   12.65       6.526       1.385       2.445      0.3579E-01   0.000      0.7389      0.1108E-01  0.3026       0.000      0.1194E-02   0.000      0.5955E-03  0.2480       0.000    
    97   12.65       6.539       1.385       2.443      0.2785E-01   0.000      0.7384      0.1106E-01  0.3026       0.000      0.1194E-02   0.000      0.5936E-03  0.2480       0.000    
    98   12.65       6.549       1.385       2.442      0.1990E-01   0.000      0.7381      0.1104E-01  0.3026       0.000      0.1194E-02   0.000      0.5923E-03  0.2480       0.000    
    99   12.65       6.555       1.385       2.441      0.1195E-01   0.000      0.7379      0.1103E-01  0.3026       0.000      0.1195E-02   0.000      0.5914E-03  0.2480       0.000    
   100   12.65       6.559       1.385       2.441      0.3983E-02   0.000      0.7378      0.1102E-01  0.3026       0.000      0.1191E-02   0.000      0.5909E-03  0.2480       0.000    

 Surface forces referred to Sref,Cref,Bref about Xmom,Ymom,Zmom
 Standard axis orientation,  X fwd, Z down         

  Surface # 2     main_wing_1 (YDUP)                      
     # chordwise = 10   # spanwise =100     First strip =101
     Surface area =  17.727           ave. chord =  2.7027    
     CLsurf  =   0.089761     Clsurf  =   0.010293
     CYsurf  =   0.000119     Cmsurf  =  -0.053243
     CDsurf  =   0.002130     Cnsurf  =   0.000322
     CDisurf =   0.000792     CDvsurf =   0.000000

  Forces referred to Ssurf, Cave about hinge axis thru LE
     cl_surf =   0.328074     cd_surf =   0.007787

 Strip Forces referred to strip area, chord
    j    xLE         yLE         zLE         Chord       Area        Dihedral   c cl        ai_ff       cl           clj         cd          cdv         cm_c/4     c.p.x/c      Dcj
   101   12.57     -0.4051E-03   1.385       2.784      0.4511E-02  0.7851E-11  0.7727      0.3384E-01  0.2777       0.000      0.3684E-02   0.000     -0.3807E-02  0.2637       0.000    
   102   12.57     -0.3646E-02   1.385       2.784      0.1353E-01 -0.2618E-11  0.7727      0.1978E-01  0.2777       0.000      0.3684E-02   0.000     -0.3807E-02  0.2637       0.000    
   103   12.57     -0.1012E-01   1.385       2.784      0.2253E-01   0.000      0.7727      0.1866E-01  0.2777       0.000      0.3684E-02   0.000     -0.3807E-02  0.2637       0.000    
   104   12.57     -0.1983E-01   1.385       2.784      0.3152E-01   0.000      0.7727      0.1835E-01  0.2777       0.000      0.3684E-02   0.000     -0.3806E-02  0.2637       0.000    
   105   12.57     -0.3276E-01   1.385       2.784      0.4047E-01 -0.8752E-12  0.7727      0.1822E-01  0.2777       0.000      0.3683E-02   0.000     -0.3804E-02  0.2637       0.000    
   106   12.57     -0.4890E-01   1.385       2.784      0.4938E-01   0.000      0.7727      0.1816E-01  0.2777       0.000      0.3681E-02   0.000     -0.3799E-02  0.2637       0.000    
   107   12.57     -0.6823E-01   1.385       2.784      0.5824E-01  0.1216E-11  0.7727      0.1811E-01  0.2778       0.000      0.3678E-02   0.000     -0.3792E-02  0.2637       0.000    
   108   12.57     -0.9074E-01   1.385       2.784      0.6705E-01 -0.1057E-11  0.7728      0.1808E-01  0.2778       0.000      0.3674E-02   0.000     -0.3781E-02  0.2636       0.000    
   109   12.57     -0.1164       1.385       2.784      0.7579E-01  0.4673E-12  0.7729      0.1806E-01  0.2778       0.000      0.3667E-02   0.000     -0.3765E-02  0.2636       0.000    
   110   12.57     -0.1452       1.385       2.784      0.8445E-01  0.4194E-12  0.7731      0.1804E-01  0.2779       0.000      0.3657E-02   0.000     -0.3742E-02  0.2635       0.000    
   111   12.57     -0.1771       1.385       2.784      0.9303E-01   0.000      0.7733      0.1803E-01  0.2780       0.000      0.3643E-02   0.000     -0.3710E-02  0.2633       0.000    
   112   12.57     -0.2120       1.385       2.784      0.1015     -0.3489E-12  0.7736      0.1802E-01  0.2781       0.000      0.3625E-02   0.000     -0.3668E-02  0.2632       0.000    
   113   12.57     -0.2500       1.385       2.784      0.1099       0.000      0.7739      0.1800E-01  0.2782       0.000      0.3601E-02   0.000     -0.3614E-02  0.2630       0.000    
   114   12.57     -0.2910       1.385       2.784      0.1182       0.000      0.7744      0.1799E-01  0.2784       0.000      0.3571E-02   0.000     -0.3547E-02  0.2627       0.000    
   115   12.57     -0.3349       1.385       2.784      0.1264       0.000      0.7750      0.1797E-01  0.2786       0.000      0.3533E-02   0.000     -0.3463E-02  0.2624       0.000    
   116   12.57     -0.3817       1.385       2.784      0.1344       0.000      0.7757      0.1795E-01  0.2788       0.000      0.3487E-02   0.000     -0.3361E-02  0.2621       0.000    
   117   12.57     -0.4314       1.385       2.784      0.1423       0.000      0.7765      0.1793E-01  0.2791       0.000      0.3431E-02   0.000     -0.3240E-02  0.2616       0.000    
   118   12.57     -0.4839       1.385       2.784      0.1501     -0.2360E-12  0.7775      0.1789E-01  0.2795       0.000      0.3364E-02   0.000     -0.3096E-02  0.2611       0.000    
   119   12.57     -0.5392       1.385       2.784      0.1577      0.2246E-12  0.7786      0.1785E-01  0.2799       0.000      0.3284E-02   0.000     -0.2929E-02  0.2605       0.000    
   120   12.57     -0.5972       1.385       2.784      0.1651       0.000      0.7799      0.1779E-01  0.2804       0.000      0.3191E-02   0.000     -0.2736E-02  0.2598       0.000    
   121   12.57     -0.6578       1.385       2.784      0.1724      0.2054E-12  0.7814      0.1771E-01  0.2809       0.000      0.3081E-02   0.000     -0.2516E-02  0.2590       0.000    
   122   12.57     -0.7211       1.385       2.784      0.1796       0.000      0.7830      0.1761E-01  0.2815       0.000      0.2954E-02   0.000     -0.2268E-02  0.2581       0.000    
   123   12.57     -0.7868       1.385       2.784      0.1865     -0.1899E-12  0.7849      0.1749E-01  0.2822       0.000      0.2806E-02   0.000     -0.1989E-02  0.2571       0.000    
   124   12.57     -0.8550       1.385       2.784      0.1933       0.000      0.7869      0.1732E-01  0.2829       0.000      0.2635E-02   0.000     -0.1680E-02  0.2559       0.000    
   125   12.57     -0.9257       1.385       2.784      0.1999       0.000      0.7891      0.1711E-01  0.2837       0.000      0.2438E-02   0.000     -0.1340E-02  0.2547       0.000    
   126   12.57     -0.9986       1.385       2.784      0.2063       0.000      0.7915      0.1683E-01  0.2846       0.000      0.2210E-02   0.000     -0.9680E-03  0.2534       0.000    
   127   12.57      -1.074       1.385       2.784      0.2124       0.000      0.7940      0.1647E-01  0.2855       0.000      0.1944E-02   0.000     -0.5635E-03  0.2520       0.000    
   128   12.57      -1.151       1.385       2.784      0.2184       0.000      0.7967      0.1600E-01  0.2865       0.000      0.1630E-02   0.000     -0.1257E-03  0.2504       0.000    
   129   12.57      -1.231       1.385       2.784      0.2241       0.000      0.7995      0.1536E-01  0.2875       0.000      0.1255E-02   0.000      0.3464E-03  0.2488       0.000    
   130   12.57      -1.312       1.385       2.784      0.2297       0.000      0.8024      0.1447E-01  0.2886       0.000      0.7928E-03   0.000      0.8552E-03  0.2470       0.000    
   131   12.57      -1.396       1.385       2.784      0.2350       0.000      0.8053      0.1319E-01  0.2897       0.000      0.1972E-03   0.000      0.1405E-02  0.2451       0.000    
   132   12.57      -1.481       1.385       2.784      0.2401      0.1475E-12  0.8083      0.1123E-01  0.2908       0.000     -0.6244E-03   0.000      0.2003E-02  0.2431       0.000    
   133   12.57      -1.568       1.385       2.784      0.2449     -0.1446E-12  0.8113      0.7904E-02  0.2919       0.000     -0.1883E-02   0.000      0.2665E-02  0.2409       0.000    
   134   12.57      -1.661       1.385       2.783      0.2705     -0.1309E-12  0.8144      0.4552E-03  0.2933       0.000     -0.4353E-02   0.000      0.3448E-02  0.2382       0.000    
   135   12.57      -1.759       1.385       2.781      0.2750      0.1286E-12  0.8175     -0.3328E-01  0.2951       0.000     -0.1336E-01   0.000      0.4446E-02  0.2349       0.000    
   136   12.57      -1.855       1.385       2.779      0.2590      0.1365E-12  0.6100      0.4787E-01  0.4187      0.1996      0.3574E-01   0.000      0.3622E-01  0.1635       2.390    
   137   12.57      -1.949       1.385       2.777      0.2627     -0.1345E-12  0.5701      0.4609E-01  0.4201      0.2151      0.2977E-01   0.000      0.3727E-01  0.1613       2.392    
   138   12.57      -2.044       1.385       2.776      0.2661     -0.1327E-12  0.5485      0.4495E-01  0.4209      0.2235      0.2827E-01   0.000      0.3807E-01  0.1596       2.394    
   139   12.57      -2.140       1.385       2.774      0.2692      0.1311E-12  0.5344      0.4414E-01  0.4210      0.2286      0.2756E-01   0.000      0.3861E-01  0.1583       2.395    
   140   12.57      -2.238       1.385       2.772      0.2721       0.000      0.5246      0.4352E-01  0.4204      0.2314      0.2714E-01   0.000      0.3887E-01  0.1575       2.397    
   141   12.57      -2.337       1.385       2.770      0.2747     -0.1283E-12  0.5176      0.4311E-01  0.4189      0.2323      0.2684E-01   0.000      0.3881E-01  0.1574       2.399    
   142   12.57      -2.436       1.385       2.768      0.2770      0.1271E-12  0.5127      0.4295E-01  0.4168      0.2318      0.2660E-01   0.000      0.3851E-01  0.1576       2.400    
   143   12.57      -2.537       1.385       2.766      0.2791       0.000      0.5097      0.4351E-01  0.4150      0.2309      0.2644E-01   0.000      0.3821E-01  0.1579       2.402    
   144   12.57      -2.638       1.385       2.764      0.2808       0.000      0.5085      0.5897E-01  0.4148      0.2311      0.2642E-01   0.000      0.3823E-01  0.1578       2.404    
   145   12.57      -2.740       1.385       2.762      0.2823       0.000      0.5091      0.3954E-01  0.4165      0.2324      0.2653E-01   0.000      0.3859E-01  0.1573       2.405    
   146   12.57      -2.843       1.385       2.760      0.2835       0.000      0.5113      0.4262E-01  0.4189      0.2339      0.2674E-01   0.000      0.3907E-01  0.1567       2.407    
   147   12.57      -2.945       1.385       2.758      0.2844       0.000      0.5155      0.4286E-01  0.4220      0.2353      0.2703E-01   0.000      0.3960E-01  0.1562       2.409    
   148   12.57      -3.049       1.385       2.756      0.2851     -0.1230E-12  0.5220      0.4319E-01  0.4247      0.2355      0.2740E-01   0.000      0.3994E-01  0.1560       2.411    
   149   12.58      -3.152       1.385       2.754      0.2854      0.2455E-12  0.5313      0.4374E-01  0.4264      0.2337      0.2788E-01   0.000      0.3994E-01  0.1563       2.413    
   150   12.58      -3.256       1.385       2.752      0.2855     -0.1226E-12  0.5451      0.4453E-01  0.4273      0.2294      0.2863E-01   0.000      0.3961E-01  0.1573       2.414    
   151   12.58      -3.360       1.385       2.750      0.2853       0.000      0.5668      0.4566E-01  0.4274      0.2216      0.3014E-01   0.000      0.3899E-01  0.1588       2.416    
   152   12.58      -3.463       1.385       2.748      0.2848       0.000      0.6076      0.4751E-01  0.4270      0.2061      0.3584E-01   0.000      0.3807E-01  0.1608       2.418    
   153   12.58      -3.563       1.385       2.746      0.2623       0.000      0.8276     -0.3958E-01  0.3026       0.000     -0.1598E-01   0.000      0.5997E-02  0.2302       0.000    
   154   12.58      -3.658       1.385       2.744      0.2614       0.000      0.8255     -0.2447E-02  0.3016       0.000     -0.5923E-02   0.000      0.5154E-02  0.2329       0.000    
   155   12.58      -3.754       1.385       2.742      0.2601     -0.1341E-12  0.8235      0.5781E-02  0.3009       0.000     -0.3193E-02   0.000      0.4529E-02  0.2349       0.000    
   156   12.58      -3.848       1.385       2.740      0.2587      0.1348E-12  0.8215      0.9492E-02  0.3003       0.000     -0.1831E-02   0.000      0.4024E-02  0.2366       0.000    
   157   12.58      -3.942       1.385       2.738      0.2570       0.000      0.8194      0.1160E-01  0.2997       0.000     -0.1002E-02   0.000      0.3600E-02  0.2380       0.000    
   158   12.58      -4.036       1.385       2.737      0.2550       0.000      0.8172      0.1296E-01  0.2991       0.000     -0.4227E-03   0.000      0.3236E-02  0.2392       0.000    
   159   12.58      -4.129       1.385       2.735      0.2528       0.000      0.8150      0.1396E-01  0.2984       0.000      0.5470E-04   0.000      0.2916E-02  0.2402       0.000    
   160   12.58      -4.225       1.385       2.728      0.2708     -0.1281E-12  0.8125      0.1446E-01  0.2983       0.000      0.3231E-03   0.000      0.2647E-02  0.2411       0.000    
   161   12.58      -4.323       1.385       2.716      0.2669      0.1294E-12  0.8098      0.1458E-01  0.2986       0.000      0.4411E-03   0.000      0.2415E-02  0.2419       0.000    
   162   12.59      -4.421       1.385       2.704      0.2627       0.000      0.8070      0.1464E-01  0.2989       0.000      0.5615E-03   0.000      0.2208E-02  0.2426       0.000    
   163   12.59      -4.518       1.385       2.692      0.2583       0.000      0.8042      0.1464E-01  0.2991       0.000      0.6640E-03   0.000      0.2024E-02  0.2432       0.000    
   164   12.59      -4.613       1.385       2.680      0.2537       0.000      0.8013      0.1459E-01  0.2994       0.000      0.7493E-03   0.000      0.1861E-02  0.2438       0.000    
   165   12.60      -4.707       1.385       2.668      0.2489     -0.1364E-12  0.7985      0.1451E-01  0.2996       0.000      0.8203E-03   0.000      0.1716E-02  0.2443       0.000    
   166   12.60      -4.800       1.385       2.657      0.2439      0.1386E-12  0.7956      0.1439E-01  0.2998       0.000      0.8794E-03   0.000      0.1588E-02  0.2447       0.000    
   167   12.60      -4.891       1.385       2.646      0.2388     -0.1410E-12  0.7928      0.1426E-01  0.3000       0.000      0.9288E-03   0.000      0.1475E-02  0.2451       0.000    
   168   12.61      -4.980       1.385       2.635      0.2334      0.1436E-12  0.7900      0.1412E-01  0.3002       0.000      0.9704E-03   0.000      0.1374E-02  0.2454       0.000    
   169   12.61      -5.068       1.385       2.624      0.2278      0.1465E-12  0.7872      0.1396E-01  0.3004       0.000      0.1005E-02   0.000      0.1284E-02  0.2457       0.000    
   170   12.61      -5.154       1.385       2.613      0.2221     -0.1497E-12  0.7844      0.1380E-01  0.3005       0.000      0.1035E-02   0.000      0.1204E-02  0.2460       0.000    
   171   12.61      -5.238       1.385       2.603      0.2163     -0.1531E-12  0.7817      0.1364E-01  0.3007       0.000      0.1060E-02   0.000      0.1133E-02  0.2462       0.000    
   172   12.62      -5.320       1.385       2.593      0.2102      0.1569E-12  0.7791      0.1348E-01  0.3008       0.000      0.1081E-02   0.000      0.1070E-02  0.2464       0.000    
   173   12.62      -5.400       1.385       2.583      0.2041       0.000      0.7765      0.1332E-01  0.3009       0.000      0.1100E-02   0.000      0.1014E-02  0.2466       0.000    
   174   12.62      -5.478       1.385       2.574      0.1977       0.000      0.7739      0.1316E-01  0.3011       0.000      0.1115E-02   0.000      0.9635E-03  0.2468       0.000    
   175   12.62      -5.554       1.385       2.564      0.1913       0.000      0.7714      0.1300E-01  0.3012       0.000      0.1128E-02   0.000      0.9189E-03  0.2469       0.000    
   176   12.62      -5.627       1.385       2.555      0.1847       0.000      0.7690      0.1285E-01  0.3013       0.000      0.1140E-02   0.000      0.8790E-03  0.2471       0.000    
   177   12.63      -5.698       1.385       2.547      0.1780       0.000      0.7667      0.1271E-01  0.3014       0.000      0.1149E-02   0.000      0.8436E-03  0.2472       0.000    
   178   12.63      -5.767       1.385       2.538      0.1712       0.000      0.7644      0.1256E-01  0.3015       0.000      0.1157E-02   0.000      0.8120E-03  0.2473       0.000    
   179   12.63      -5.833       1.385       2.530      0.1643       0.000      0.7622      0.1243E-01  0.3016       0.000      0.1164E-02   0.000      0.7838E-03  0.2474       0.000    
   180   12.63      -5.897       1.385       2.522      0.1573       0.000      0.7600      0.1230E-01  0.3017       0.000      0.1170E-02   0.000      0.7587E-03  0.2475       0.000    
   181   12.64      -5.958       1.385       2.515      0.1502       0.000      0.7580      0.1217E-01  0.3018       0.000      0.1175E-02   0.000      0.7365E-03  0.2476       0.000    
   182   12.64      -6.016       1.385       2.507      0.1430       0.000      0.7561      0.1206E-01  0.3019       0.000      0.1179E-02   0.000      0.7167E-03  0.2476       0.000    
   183   12.64      -6.072       1.385       2.501      0.1357       0.000      0.7542      0.1195E-01  0.3020       0.000      0.1182E-02   0.000      0.6991E-03  0.2477       0.000    
   184   12.64      -6.125       1.385       2.494      0.1284      0.2472E-12  0.7524      0.1184E-01  0.3020       0.000      0.1185E-02   0.000      0.6836E-03  0.2477       0.000    
   185   12.64      -6.175       1.385       2.488      0.1209     -0.2617E-12  0.7507      0.1174E-01  0.3021       0.000      0.1187E-02   0.000      0.6699E-03  0.2478       0.000    
   186   12.64      -6.222       1.385       2.482      0.1134       0.000      0.7492      0.1165E-01  0.3022       0.000      0.1189E-02   0.000      0.6578E-03  0.2478       0.000    
   187   12.64      -6.266       1.385       2.477      0.1059       0.000      0.7477      0.1157E-01  0.3022       0.000      0.1190E-02   0.000      0.6472E-03  0.2479       0.000    
   188   12.65      -6.307       1.385       2.472      0.9826E-01   0.000      0.7463      0.1149E-01  0.3023       0.000      0.1191E-02   0.000      0.6379E-03  0.2479       0.000    
   189   12.65      -6.346       1.385       2.467      0.9059E-01   0.000      0.7450      0.1142E-01  0.3023       0.000      0.1192E-02   0.000      0.6298E-03  0.2479       0.000    
   190   12.65      -6.381       1.385       2.463      0.8287E-01   0.000      0.7438      0.1135E-01  0.3024       0.000      0.1192E-02   0.000      0.6227E-03  0.2479       0.000    
   191   12.65      -6.413       1.385       2.459      0.7510E-01   0.000      0.7427      0.1129E-01  0.3024       0.000      0.1193E-02   0.000      0.6166E-03  0.2480       0.000    
   192   12.65      -6.442       1.385       2.455      0.6730E-01  0.4641E-12  0.7417      0.1124E-01  0.3025       0.000      0.1193E-02   0.000      0.6114E-03  0.2480       0.000    
   193   12.65      -6.468       1.385       2.452      0.5946E-01 -0.1049E-11  0.7409      0.1119E-01  0.3025       0.000      0.1193E-02   0.000      0.6070E-03  0.2480       0.000    
   194   12.65      -6.490       1.385       2.449      0.5160E-01  0.6039E-12  0.7401      0.1115E-01  0.3025       0.000      0.1193E-02   0.000      0.6033E-03  0.2480       0.000    
   195   12.65      -6.510       1.385       2.447      0.4370E-01   0.000      0.7395      0.1111E-01  0.3026       0.000      0.1193E-02   0.000      0.6003E-03  0.2480       0.000    
   196   12.65      -6.526       1.385       2.445      0.3579E-01   0.000      0.7389      0.1108E-01  0.3026       0.000      0.1193E-02   0.000      0.5978E-03  0.2480       0.000    
   197   12.65      -6.539       1.385       2.443      0.2785E-01   0.000      0.7385      0.1106E-01  0.3026       0.000      0.1192E-02   0.000      0.5959E-03  0.2480       0.000    
   198   12.65      -6.549       1.385       2.442      0.1990E-01   0.000      0.7381      0.1104E-01  0.3026       0.000      0.1193E-02   0.000      0.5945E-03  0.2480       0.000    
   199   12.65      -6.555       1.385       2.441      0.1195E-01   0.000      0.7379      0.1103E-01  0.3026       0.000      0.1194E-02   0.000      0.5936E-03  0.2480       0.000    
   200   12.65      -6.559       1.385       2.441      0.3983E-02   0.000      0.7378      0.1102E-01  0.3026       0.000      0.1189E-02   0.000      0.5932E-03  0.2480       0.000    

 Surface forces referred to Sref,Cref,Bref about Xmom,Ymom,Zmom
 Standard axis orientation,  X fwd, Z down         

  Surface # 3     main_wing_2                             
     # chordwise = 10   # spanwise =100     First strip =201
     Surface area =  14.669           ave. chord =  1.9869    
     CLsurf  =   0.072737     Clsurf  =  -0.025567
     CYsurf  =  -0.000222     Cmsurf  =  -0.043238
     CDsurf  =   0.001736     Cnsurf  =  -0.000661
     CDisurf =   0.000549     CDvsurf =   0.000000

  Forces referred to Ssurf, Cave about hinge axis thru LE
     cl_surf =   0.321277     cd_surf =   0.007668

 Strip Forces referred to strip area, chord
    j    xLE         yLE         zLE         Chord       Area        Dihedral   c cl        ai_ff       cl           clj         cd          cdv         cm_c/4     c.p.x/c      Dcj
   201   12.65       6.560       1.385       2.441      0.4511E-02  0.6883E-11  0.7378      0.1102E-01  0.3026       0.000      0.1191E-02   0.000      0.5909E-03  0.2480       0.000    
   202   12.65       6.563       1.385       2.440      0.1353E-01 -0.2295E-11  0.7376      0.1101E-01  0.3026       0.000      0.1195E-02   0.000      0.5904E-03  0.2480       0.000    
   203   12.65       6.571       1.385       2.439      0.2252E-01  0.1378E-11  0.7374      0.1100E-01  0.3026       0.000      0.1194E-02   0.000      0.5894E-03  0.2481       0.000    
   204   12.65       6.582       1.385       2.438      0.3148E-01 -0.1970E-11  0.7370      0.1098E-01  0.3027       0.000      0.1194E-02   0.000      0.5879E-03  0.2481       0.000    
   205   12.65       6.596       1.385       2.436      0.4039E-01  0.7673E-12  0.7365      0.1096E-01  0.3027       0.000      0.1194E-02   0.000      0.5861E-03  0.2481       0.000    
   206   12.66       6.615       1.385       2.434      0.4924E-01   0.000      0.7359      0.1092E-01  0.3027       0.000      0.1194E-02   0.000      0.5839E-03  0.2481       0.000    
   207   12.66       6.637       1.385       2.431      0.5801E-01  0.5331E-12  0.7351      0.1088E-01  0.3027       0.000      0.1193E-02   0.000      0.5814E-03  0.2481       0.000    
   208   12.66       6.663       1.385       2.428      0.6670E-01 -0.4631E-12  0.7343      0.1084E-01  0.3028       0.000      0.1193E-02   0.000      0.5786E-03  0.2481       0.000    
   209   12.66       6.692       1.385       2.424      0.7528E-01   0.000      0.7333      0.1079E-01  0.3028       0.000      0.1193E-02   0.000      0.5757E-03  0.2481       0.000    
   210   12.66       6.725       1.385       2.420      0.8375E-01   0.000      0.7322      0.1073E-01  0.3029       0.000      0.1192E-02   0.000      0.5728E-03  0.2481       0.000    
   211   12.66       6.761       1.385       2.416      0.9208E-01   0.000      0.7310      0.1067E-01  0.3029       0.000      0.1191E-02   0.000      0.5699E-03  0.2481       0.000    
   212   12.66       6.801       1.385       2.411      0.1003       0.000      0.7296      0.1060E-01  0.3030       0.000      0.1190E-02   0.000      0.5672E-03  0.2481       0.000    
   213   12.66       6.844       1.385       2.406      0.1083       0.000      0.7281      0.1053E-01  0.3030       0.000      0.1188E-02   0.000      0.5648E-03  0.2481       0.000    
   214   12.66       6.891       1.385       2.400      0.1162     -0.2627E-12  0.7266      0.1045E-01  0.3031       0.000      0.1186E-02   0.000      0.5629E-03  0.2481       0.000    
   215   12.67       6.941       1.385       2.394      0.1239      0.2458E-12  0.7249      0.1037E-01  0.3032       0.000      0.1184E-02   0.000      0.5615E-03  0.2481       0.000    
   216   12.67       6.994       1.385       2.387      0.1314       0.000      0.7231      0.1029E-01  0.3033       0.000      0.1181E-02   0.000      0.5610E-03  0.2482       0.000    
   217   12.67       7.051       1.385       2.380      0.1388       0.000      0.7212      0.1020E-01  0.3033       0.000      0.1178E-02   0.000      0.5614E-03  0.2481       0.000    
   218   12.67       7.111       1.385       2.373      0.1459     -0.2069E-12  0.7191      0.1010E-01  0.3034       0.000      0.1174E-02   0.000      0.5630E-03  0.2481       0.000    
   219   12.67       7.174       1.385       2.365      0.1528      0.1969E-12  0.7170      0.1000E-01  0.3035       0.000      0.1169E-02   0.000      0.5661E-03  0.2481       0.000    
   220   12.67       7.240       1.385       2.357      0.1595       0.000      0.7148      0.9905E-02  0.3036       0.000      0.1163E-02   0.000      0.5709E-03  0.2481       0.000    
   221   12.68       7.309       1.385       2.348      0.1659      0.1801E-12  0.7125      0.9801E-02  0.3037       0.000      0.1156E-02   0.000      0.5778E-03  0.2481       0.000    
   222   12.68       7.382       1.385       2.340      0.1721     -0.1729E-12  0.7100      0.9695E-02  0.3038       0.000      0.1148E-02   0.000      0.5871E-03  0.2481       0.000    
   223   12.68       7.457       1.385       2.330      0.1781     -0.1665E-12  0.7075      0.9586E-02  0.3040       0.000      0.1139E-02   0.000      0.5992E-03  0.2480       0.000    
   224   12.68       7.534       1.385       2.321      0.1838      0.1606E-12  0.7049      0.9474E-02  0.3041       0.000      0.1128E-02   0.000      0.6148E-03  0.2480       0.000    
   225   12.69       7.615       1.385       2.311      0.1892     -0.1554E-12  0.7022      0.9359E-02  0.3042       0.000      0.1115E-02   0.000      0.6344E-03  0.2479       0.000    
   226   12.69       7.698       1.385       2.301      0.1944      0.1506E-12  0.6994      0.9240E-02  0.3044       0.000      0.1100E-02   0.000      0.6588E-03  0.2478       0.000    
   227   12.69       7.784       1.385       2.290      0.1993       0.000      0.6966      0.9116E-02  0.3045       0.000      0.1082E-02   0.000      0.6889E-03  0.2477       0.000    
   228   12.69       7.872       1.385       2.279      0.2039       0.000      0.6936      0.8987E-02  0.3047       0.000      0.1060E-02   0.000      0.7258E-03  0.2476       0.000    
   229   12.70       7.963       1.385       2.268      0.2083       0.000      0.6906      0.8851E-02  0.3048       0.000      0.1035E-02   0.000      0.7708E-03  0.2475       0.000    
   230   12.70       8.056       1.385       2.257      0.2124       0.000      0.6875      0.8706E-02  0.3050       0.000      0.1004E-02   0.000      0.8258E-03  0.2473       0.000    
   231   12.70       8.151       1.385       2.245      0.2161       0.000      0.6844      0.8547E-02  0.3052       0.000      0.9676E-03   0.000      0.8926E-03  0.2471       0.000    
   232   12.71       8.248       1.385       2.233      0.2196       0.000      0.6812      0.8372E-02  0.3054       0.000      0.9228E-03   0.000      0.9739E-03  0.2468       0.000    
   233   12.71       8.348       1.385       2.221      0.2228       0.000      0.6779      0.8171E-02  0.3056       0.000      0.8676E-03   0.000      0.1073E-02  0.2465       0.000    
   234   12.71       8.449       1.385       2.208      0.2257       0.000      0.6746      0.7936E-02  0.3059       0.000      0.7989E-03   0.000      0.1194E-02  0.2461       0.000    
   235   12.71       8.552       1.385       2.196      0.2283       0.000      0.6713      0.7653E-02  0.3061       0.000      0.7121E-03   0.000      0.1341E-02  0.2456       0.000    
   236   12.72       8.657       1.385       2.183      0.2307       0.000      0.6679      0.7299E-02  0.3064       0.000      0.6009E-03   0.000      0.1521E-02  0.2450       0.000    
   237   12.72       8.763       1.385       2.170      0.2327       0.000      0.6644      0.6840E-02  0.3066       0.000      0.4552E-03   0.000      0.1742E-02  0.2443       0.000    
   238   12.72       8.871       1.385       2.156      0.2344       0.000      0.6610      0.6222E-02  0.3069       0.000      0.2595E-03   0.000      0.2015E-02  0.2434       0.000    
   239   12.73       8.981       1.385       2.143      0.2359       0.000      0.6575      0.5352E-02  0.3072       0.000     -0.1208E-04   0.000      0.2354E-02  0.2423       0.000    
   240   12.73       9.092       1.385       2.129      0.2371       0.000      0.6539      0.4057E-02  0.3075       0.000     -0.4066E-03   0.000      0.2776E-02  0.2410       0.000    
   241   12.73       9.203       1.385       2.116      0.2379       0.000      0.6504      0.1980E-02  0.3079       0.000     -0.1019E-02   0.000      0.3310E-02  0.2392       0.000    
   242   12.74       9.316       1.385       2.102      0.2385       0.000      0.6469     -0.1769E-02  0.3083       0.000     -0.2080E-02   0.000      0.3997E-02  0.2370       0.000    
   243   12.74       9.430       1.385       2.088      0.2389       0.000      0.6434     -0.1026E-01  0.3089       0.000     -0.4336E-02   0.000      0.4910E-02  0.2341       0.000    
   244   12.75       9.545       1.385       2.074      0.2389       0.000      0.6402     -0.4894E-01  0.3098       0.000     -0.1262E-01   0.000      0.6228E-02  0.2299       0.000    
   245   12.75       9.660       1.385       2.060      0.2333       0.000      0.4463      0.4632E-01  0.4766      0.2602      0.3837E-01   0.000      0.4955E-01  0.1460       3.226    
   246   12.75       9.773       1.385       2.046      0.2328       0.000      0.4079      0.4401E-01  0.4781      0.2790      0.3365E-01   0.000      0.5143E-01  0.1424       3.248    
   247   12.76       9.887       1.385       2.032      0.2322       0.000      0.3861      0.4262E-01  0.4788      0.2891      0.3234E-01   0.000      0.5287E-01  0.1396       3.270    
   248   12.76       10.00       1.385       2.018      0.2312     -0.1110E-12  0.3710      0.4168E-01  0.4786      0.2950      0.3172E-01   0.000      0.5388E-01  0.1374       3.293    
   249   12.76       10.12       1.385       2.003      0.2301       0.000      0.3597      0.4106E-01  0.4771      0.2978      0.3131E-01   0.000      0.5442E-01  0.1360       3.316    
   250   12.77       10.23       1.385       1.989      0.2287      0.1107E-12  0.3508      0.4073E-01  0.4746      0.2985      0.3099E-01   0.000      0.5455E-01  0.1351       3.340    
   251   12.77       10.35       1.385       1.975      0.2271       0.000      0.3437      0.4020E-01  0.4722      0.2984      0.3075E-01   0.000      0.5458E-01  0.1344       3.364    
   252   12.77       10.46       1.385       1.961      0.2252       0.000      0.3383      0.5945E-01  0.4710      0.2987      0.3064E-01   0.000      0.5479E-01  0.1337       3.388    
   253   12.78       10.58       1.385       1.947      0.2232       0.000      0.3345      0.4100E-01  0.4720      0.3004      0.3071E-01   0.000      0.5540E-01  0.1326       3.412    
   254   12.78       10.69       1.385       1.933      0.2209       0.000      0.3323      0.4093E-01  0.4750      0.3033      0.3094E-01   0.000      0.5633E-01  0.1314       3.437    
   255   12.78       10.80       1.385       1.919      0.2184     -0.1118E-12  0.3319      0.4130E-01  0.4781      0.3054      0.3126E-01   0.000      0.5712E-01  0.1305       3.462    
   256   12.79       10.92       1.385       1.905      0.2158      0.1123E-12  0.3337      0.4197E-01  0.4800      0.3051      0.3163E-01   0.000      0.5745E-01  0.1303       3.488    
   257   12.79       11.03       1.385       1.891      0.2129       0.000      0.3388      0.4294E-01  0.4806      0.3017      0.3220E-01   0.000      0.5726E-01  0.1309       3.513    
   258   12.79       11.14       1.385       1.877      0.2099       0.000      0.3499      0.4434E-01  0.4803      0.2941      0.3341E-01   0.000      0.5660E-01  0.1321       3.539    
   259   12.80       11.25       1.385       1.864      0.2067       0.000      0.3757      0.4659E-01  0.4790      0.2776      0.3792E-01   0.000      0.5541E-01  0.1343       3.565    
   260   12.80       11.36       1.385       1.850      0.2028       0.000      0.5383     -0.4683E-01  0.2920       0.000     -0.1129E-01   0.000      0.7699E-02  0.2236       0.000    
   261   12.80       11.47       1.385       1.837      0.1993      0.1173E-12  0.5291     -0.7248E-02  0.2887       0.000     -0.3632E-02   0.000      0.6400E-02  0.2278       0.000    
   262   12.81       11.58       1.385       1.823      0.1956     -0.1186E-12  0.5200      0.1884E-02  0.2857       0.000     -0.1468E-02   0.000      0.5524E-02  0.2307       0.000    
   263   12.81       11.69       1.385       1.810      0.1918       0.000      0.5108      0.6209E-02  0.2826       0.000     -0.4085E-03   0.000      0.4890E-02  0.2327       0.000    
   264   12.81       11.79       1.385       1.797      0.1878       0.000      0.5016      0.8832E-02  0.2794       0.000      0.2320E-03   0.000      0.4425E-02  0.2342       0.000    
   265   12.82       11.90       1.385       1.784      0.1838      0.1235E-12  0.4922      0.1066E-01  0.2761       0.000      0.6661E-03   0.000      0.4086E-02  0.2352       0.000    
   266   12.82       12.00       1.385       1.772      0.1796     -0.1255E-12  0.4826      0.1206E-01  0.2727       0.000      0.9826E-03   0.000      0.3848E-02  0.2359       0.000    
   267   12.82       12.10       1.385       1.760      0.1753       0.000      0.4729      0.1320E-01  0.2691       0.000      0.1225E-02   0.000      0.3691E-02  0.2363       0.000    
   268   12.83       12.20       1.385       1.747      0.1709       0.000      0.4631      0.1420E-01  0.2653       0.000      0.1419E-02   0.000      0.3601E-02  0.2364       0.000    
   269   12.83       12.30       1.385       1.736      0.1663       0.000      0.4531      0.1510E-01  0.2614       0.000      0.1578E-02   0.000      0.3567E-02  0.2364       0.000    
   270   12.83       12.39       1.385       1.724      0.1617       0.000      0.4429      0.1595E-01  0.2572       0.000      0.1712E-02   0.000      0.3580E-02  0.2361       0.000    
   271   12.84       12.48       1.385       1.712      0.1570     -0.1387E-12  0.4325      0.1676E-01  0.2528       0.000      0.1827E-02   0.000      0.3633E-02  0.2356       0.000    
   272   12.84       12.57       1.385       1.701      0.1523       0.000      0.4219      0.1754E-01  0.2482       0.000      0.1926E-02   0.000      0.3720E-02  0.2350       0.000    
   273   12.84       12.66       1.385       1.690      0.1474      0.1459E-12  0.4111      0.1832E-01  0.2434       0.000      0.2013E-02   0.000      0.3836E-02  0.2342       0.000    
   274   12.84       12.75       1.385       1.680      0.1425       0.000      0.4000      0.1909E-01  0.2383       0.000      0.2089E-02   0.000      0.3976E-02  0.2333       0.000    
   275   12.85       12.83       1.385       1.670      0.1375       0.000      0.3887      0.1986E-01  0.2330       0.000      0.2156E-02   0.000      0.4137E-02  0.2322       0.000    
   276   12.85       12.91       1.385       1.660      0.1324       0.000      0.3771      0.2064E-01  0.2274       0.000      0.2214E-02   0.000      0.4313E-02  0.2310       0.000    
   277   12.85       12.99       1.385       1.650      0.1273       0.000      0.3652      0.2141E-01  0.2215       0.000      0.2264E-02   0.000      0.4502E-02  0.2297       0.000    
   278   12.85       13.07       1.385       1.641      0.1222       0.000      0.3530      0.2218E-01  0.2154       0.000      0.2305E-02   0.000      0.4698E-02  0.2282       0.000    
   279   12.86       13.14       1.385       1.632      0.1170       0.000      0.3406      0.2296E-01  0.2089       0.000      0.2339E-02   0.000      0.4898E-02  0.2265       0.000    
   280   12.86       13.21       1.385       1.623      0.1118       0.000      0.3278      0.2373E-01  0.2021       0.000      0.2364E-02   0.000      0.5097E-02  0.2248       0.000    
   281   12.86       13.28       1.385       1.615      0.1065     -0.1929E-12  0.3146      0.2449E-01  0.1950       0.000      0.2380E-02   0.000      0.5289E-02  0.2229       0.000    
   282   12.86       13.34       1.385       1.607      0.1012      0.2021E-12  0.3012      0.2525E-01  0.1876       0.000      0.2387E-02   0.000      0.5470E-02  0.2208       0.000    
   283   12.86       13.40       1.385       1.599      0.9582E-01  0.2123E-12  0.2874      0.2599E-01  0.1798       0.000      0.2385E-02   0.000      0.5632E-02  0.2187       0.000    
   284   12.87       13.46       1.385       1.592      0.9046E-01 -0.2239E-12  0.2732      0.2672E-01  0.1717       0.000      0.2373E-02   0.000      0.5770E-02  0.2164       0.000    
   285   12.87       13.52       1.385       1.585      0.8507E-01   0.000      0.2588      0.2743E-01  0.1633       0.000      0.2351E-02   0.000      0.5877E-02  0.2140       0.000    
   286   12.87       13.57       1.385       1.579      0.7966E-01   0.000      0.2440      0.2813E-01  0.1546       0.000      0.2317E-02   0.000      0.5946E-02  0.2115       0.000    
   287   12.87       13.62       1.385       1.573      0.7423E-01   0.000      0.2288      0.2879E-01  0.1456       0.000      0.2272E-02   0.000      0.5970E-02  0.2090       0.000    
   288   12.87       13.66       1.385       1.567      0.6878E-01   0.000      0.2134      0.2944E-01  0.1362       0.000      0.2215E-02   0.000      0.5942E-02  0.2064       0.000    
   289   12.87       13.71       1.385       1.562      0.6332E-01   0.000      0.1976      0.3005E-01  0.1266       0.000      0.2145E-02   0.000      0.5857E-02  0.2037       0.000    
   290   12.87       13.75       1.385       1.557      0.5785E-01   0.000      0.1816      0.3063E-01  0.1166       0.000      0.2061E-02   0.000      0.5708E-02  0.2011       0.000    
   291   12.88       13.78       1.385       1.553      0.5236E-01   0.000      0.1652      0.3118E-01  0.1064       0.000      0.1963E-02   0.000      0.5491E-02  0.1984       0.000    
   292   12.88       13.81       1.385       1.549      0.4687E-01   0.000      0.1486      0.3170E-01  0.9597E-01   0.000      0.1851E-02   0.000      0.5201E-02  0.1958       0.000    
   293   12.88       13.84       1.385       1.546      0.4137E-01   0.000      0.1317      0.3218E-01  0.8527E-01   0.000      0.1723E-02   0.000      0.4835E-02  0.1933       0.000    
   294   12.88       13.87       1.385       1.542      0.3587E-01   0.000      0.1147      0.3262E-01  0.7435E-01   0.000      0.1579E-02   0.000      0.4394E-02  0.1909       0.000    
   295   12.88       13.89       1.385       1.540      0.3036E-01   0.000      0.9738E-01  0.3302E-01  0.6325E-01   0.000      0.1416E-02   0.000      0.3879E-02  0.1887       0.000    
   296   12.88       13.91       1.385       1.538      0.2484E-01   0.000      0.7992E-01  0.3337E-01  0.5198E-01   0.000      0.1228E-02   0.000      0.3291E-02  0.1867       0.000    
   297   12.88       13.92       1.385       1.536      0.1933E-01   0.000      0.6232E-01  0.3367E-01  0.4058E-01   0.000      0.1004E-02   0.000      0.2638E-02  0.1850       0.000    
   298   12.88       13.93       1.385       1.534      0.1381E-01   0.000      0.4460E-01  0.3390E-01  0.2906E-01   0.000      0.7387E-03   0.000      0.1928E-02  0.1837       0.000    
   299   12.88       13.94       1.385       1.534      0.8285E-02   0.000      0.2679E-01  0.3405E-01  0.1747E-01   0.000      0.4386E-03   0.000      0.1174E-02  0.1828       0.000    
   300   12.88       13.94       1.385       1.533      0.2762E-02   0.000      0.8937E-02  0.3413E-01  0.5830E-02   0.000      0.1279E-03   0.000      0.3945E-03  0.1823       0.000    

 Surface forces referred to Sref,Cref,Bref about Xmom,Ymom,Zmom
 Standard axis orientation,  X fwd, Z down         

  Surface # 4     main_wing_2 (YDUP)                      
     # chordwise = 10   # spanwise =100     First strip =301
     Surface area =  14.669           ave. chord =  1.9869    
     CLsurf  =   0.072739     Clsurf  =   0.025568
     CYsurf  =   0.000222     Cmsurf  =  -0.043239
     CDsurf  =   0.001736     Cnsurf  =   0.000661
     CDisurf =   0.000549     CDvsurf =   0.000000

  Forces referred to Ssurf, Cave about hinge axis thru LE
     cl_surf =   0.321284     cd_surf =   0.007668

 Strip Forces referred to strip area, chord
    j    xLE         yLE         zLE         Chord       Area        Dihedral   c cl        ai_ff       cl           clj         cd          cdv         cm_c/4     c.p.x/c      Dcj
   301   12.65      -6.560       1.385       2.441      0.4511E-02 -0.6883E-11  0.7378      0.1102E-01  0.3026       0.000      0.1190E-02   0.000      0.5931E-03  0.2480       0.000    
   302   12.65      -6.563       1.385       2.440      0.1353E-01  0.2295E-11  0.7377      0.1102E-01  0.3026       0.000      0.1194E-02   0.000      0.5926E-03  0.2480       0.000    
   303   12.65      -6.571       1.385       2.439      0.2252E-01 -0.1378E-11  0.7374      0.1100E-01  0.3027       0.000      0.1193E-02   0.000      0.5916E-03  0.2480       0.000    
   304   12.65      -6.582       1.385       2.438      0.3148E-01  0.1970E-11  0.7370      0.1098E-01  0.3027       0.000      0.1192E-02   0.000      0.5901E-03  0.2481       0.000    
   305   12.65      -6.596       1.385       2.436      0.4039E-01 -0.7673E-12  0.7365      0.1096E-01  0.3027       0.000      0.1192E-02   0.000      0.5883E-03  0.2481       0.000    
   306   12.66      -6.615       1.385       2.434      0.4924E-01   0.000      0.7359      0.1092E-01  0.3027       0.000      0.1192E-02   0.000      0.5860E-03  0.2481       0.000    
   307   12.66      -6.637       1.385       2.431      0.5801E-01 -0.5331E-12  0.7352      0.1089E-01  0.3028       0.000      0.1192E-02   0.000      0.5835E-03  0.2481       0.000    
   308   12.66      -6.663       1.385       2.428      0.6670E-01  0.4631E-12  0.7343      0.1084E-01  0.3028       0.000      0.1192E-02   0.000      0.5807E-03  0.2481       0.000    
   309   12.66      -6.692       1.385       2.424      0.7528E-01   0.000      0.7333      0.1079E-01  0.3028       0.000      0.1191E-02   0.000      0.5777E-03  0.2481       0.000    
   310   12.66      -6.725       1.385       2.420      0.8375E-01   0.000      0.7322      0.1073E-01  0.3029       0.000      0.1191E-02   0.000      0.5747E-03  0.2481       0.000    
   311   12.66      -6.761       1.385       2.416      0.9208E-01   0.000      0.7310      0.1067E-01  0.3029       0.000      0.1190E-02   0.000      0.5718E-03  0.2481       0.000    
   312   12.66      -6.801       1.385       2.411      0.1003       0.000      0.7296      0.1060E-01  0.3030       0.000      0.1189E-02   0.000      0.5690E-03  0.2481       0.000    
   313   12.66      -6.844       1.385       2.406      0.1083       0.000      0.7282      0.1053E-01  0.3030       0.000      0.1187E-02   0.000      0.5666E-03  0.2481       0.000    
   314   12.66      -6.891       1.385       2.400      0.1162      0.2627E-12  0.7266      0.1045E-01  0.3031       0.000      0.1185E-02   0.000      0.5646E-03  0.2481       0.000    
   315   12.67      -6.941       1.385       2.394      0.1239     -0.2458E-12  0.7249      0.1037E-01  0.3032       0.000      0.1183E-02   0.000      0.5632E-03  0.2481       0.000    
   316   12.67      -6.994       1.385       2.387      0.1314       0.000      0.7231      0.1029E-01  0.3033       0.000      0.1180E-02   0.000      0.5626E-03  0.2481       0.000    
   317   12.67      -7.051       1.385       2.380      0.1388       0.000      0.7212      0.1020E-01  0.3033       0.000      0.1177E-02   0.000      0.5630E-03  0.2481       0.000    
   318   12.67      -7.111       1.385       2.373      0.1459      0.2069E-12  0.7192      0.1010E-01  0.3034       0.000      0.1173E-02   0.000      0.5645E-03  0.2481       0.000    
   319   12.67      -7.174       1.385       2.365      0.1528     -0.1969E-12  0.7170      0.1001E-01  0.3035       0.000      0.1168E-02   0.000      0.5675E-03  0.2481       0.000    
   320   12.67      -7.240       1.385       2.357      0.1595       0.000      0.7148      0.9906E-02  0.3036       0.000      0.1162E-02   0.000      0.5723E-03  0.2481       0.000    
   321   12.68      -7.309       1.385       2.348      0.1659     -0.1801E-12  0.7125      0.9803E-02  0.3037       0.000      0.1155E-02   0.000      0.5791E-03  0.2481       0.000    
   322   12.68      -7.382       1.385       2.340      0.1721      0.1729E-12  0.7100      0.9696E-02  0.3038       0.000      0.1147E-02   0.000      0.5883E-03  0.2481       0.000    
   323   12.68      -7.457       1.385       2.330      0.1781      0.1665E-12  0.7075      0.9587E-02  0.3040       0.000      0.1138E-02   0.000      0.6004E-03  0.2480       0.000    
   324   12.68      -7.534       1.385       2.321      0.1838     -0.1606E-12  0.7049      0.9475E-02  0.3041       0.000      0.1127E-02   0.000      0.6159E-03  0.2480       0.000    
   325   12.69      -7.615       1.385       2.311      0.1892      0.1554E-12  0.7022      0.9360E-02  0.3042       0.000      0.1114E-02   0.000      0.6355E-03  0.2479       0.000    
   326   12.69      -7.698       1.385       2.301      0.1944     -0.1506E-12  0.6994      0.9241E-02  0.3044       0.000      0.1099E-02   0.000      0.6598E-03  0.2478       0.000    
   327   12.69      -7.784       1.385       2.290      0.1993       0.000      0.6966      0.9118E-02  0.3045       0.000      0.1081E-02   0.000      0.6898E-03  0.2477       0.000    
   328   12.69      -7.872       1.385       2.279      0.2039       0.000      0.6936      0.8989E-02  0.3047       0.000      0.1060E-02   0.000      0.7267E-03  0.2476       0.000    
   329   12.70      -7.963       1.385       2.268      0.2083       0.000      0.6906      0.8853E-02  0.3048       0.000      0.1035E-02   0.000      0.7717E-03  0.2475       0.000    
   330   12.70      -8.056       1.385       2.257      0.2124       0.000      0.6875      0.8707E-02  0.3050       0.000      0.1004E-02   0.000      0.8265E-03  0.2473       0.000    
   331   12.70      -8.151       1.385       2.245      0.2161       0.000      0.6844      0.8549E-02  0.3052       0.000      0.9676E-03   0.000      0.8933E-03  0.2471       0.000    
   332   12.71      -8.248       1.385       2.233      0.2196       0.000      0.6812      0.8373E-02  0.3054       0.000      0.9229E-03   0.000      0.9745E-03  0.2468       0.000    
   333   12.71      -8.348       1.385       2.221      0.2228       0.000      0.6779      0.8172E-02  0.3056       0.000      0.8678E-03   0.000      0.1073E-02  0.2465       0.000    
   334   12.71      -8.449       1.385       2.208      0.2257       0.000      0.6746      0.7938E-02  0.3058       0.000      0.7993E-03   0.000      0.1194E-02  0.2461       0.000    
   335   12.71      -8.552       1.385       2.196      0.2283       0.000      0.6712      0.7654E-02  0.3061       0.000      0.7127E-03   0.000      0.1341E-02  0.2456       0.000    
   336   12.72      -8.657       1.385       2.183      0.2307       0.000      0.6678      0.7300E-02  0.3063       0.000      0.6017E-03   0.000      0.1521E-02  0.2450       0.000    
   337   12.72      -8.763       1.385       2.170      0.2327       0.000      0.6644      0.6842E-02  0.3066       0.000      0.4563E-03   0.000      0.1742E-02  0.2443       0.000    
   338   12.72      -8.871       1.385       2.156      0.2344       0.000      0.6609      0.6224E-02  0.3069       0.000      0.2611E-03   0.000      0.2014E-02  0.2434       0.000    
   339   12.73      -8.981       1.385       2.143      0.2359       0.000      0.6574      0.5354E-02  0.3072       0.000     -0.9914E-05   0.000      0.2352E-02  0.2423       0.000    
   340   12.73      -9.092       1.385       2.129      0.2371       0.000      0.6538      0.4059E-02  0.3075       0.000     -0.4036E-03   0.000      0.2773E-02  0.2410       0.000    
   341   12.73      -9.203       1.385       2.116      0.2379       0.000      0.6503      0.1981E-02  0.3079       0.000     -0.1015E-02   0.000      0.3306E-02  0.2393       0.000    
   342   12.74      -9.316       1.385       2.102      0.2385       0.000      0.6468     -0.1768E-02  0.3083       0.000     -0.2073E-02   0.000      0.3991E-02  0.2371       0.000    
   343   12.74      -9.430       1.385       2.088      0.2389       0.000      0.6433     -0.1025E-01  0.3088       0.000     -0.4326E-02   0.000      0.4901E-02  0.2341       0.000    
   344   12.75      -9.545       1.385       2.074      0.2389       0.000      0.6400     -0.4894E-01  0.3097       0.000     -0.1260E-01   0.000      0.6215E-02  0.2299       0.000    
   345   12.75      -9.660       1.385       2.060      0.2333       0.000      0.4462      0.4632E-01  0.4765      0.2601      0.3836E-01   0.000      0.4954E-01  0.1460       3.226    
   346   12.75      -9.773       1.385       2.046      0.2328       0.000      0.4078      0.4401E-01  0.4780      0.2789      0.3363E-01   0.000      0.5141E-01  0.1425       3.248    
   347   12.76      -9.887       1.385       2.032      0.2322       0.000      0.3860      0.4262E-01  0.4787      0.2889      0.3232E-01   0.000      0.5283E-01  0.1396       3.270    
   348   12.76      -10.00       1.385       2.018      0.2312      0.1110E-12  0.3709      0.4168E-01  0.4784      0.2947      0.3170E-01   0.000      0.5382E-01  0.1375       3.293    
   349   12.76      -10.12       1.385       2.003      0.2301       0.000      0.3596      0.4107E-01  0.4768      0.2975      0.3129E-01   0.000      0.5433E-01  0.1361       3.316    
   350   12.77      -10.23       1.385       1.989      0.2287     -0.1107E-12  0.3507      0.4077E-01  0.4741      0.2980      0.3096E-01   0.000      0.5442E-01  0.1352       3.340    
   351   12.77      -10.35       1.385       1.975      0.2271       0.000      0.3437      0.4080E-01  0.4716      0.2978      0.3072E-01   0.000      0.5444E-01  0.1346       3.364    
   352   12.77      -10.46       1.385       1.961      0.2252       0.000      0.3383      0.3128E-01  0.4710      0.2987      0.3065E-01   0.000      0.5480E-01  0.1337       3.388    
   353   12.78      -10.58       1.385       1.947      0.2232       0.000      0.3346      0.4054E-01  0.4726      0.3010      0.3075E-01   0.000      0.5553E-01  0.1325       3.412    
   354   12.78      -10.69       1.385       1.933      0.2209       0.000      0.3324      0.4089E-01  0.4755      0.3038      0.3098E-01   0.000      0.5645E-01  0.1313       3.437    
   355   12.78      -10.80       1.385       1.919      0.2184      0.1118E-12  0.3320      0.4129E-01  0.4785      0.3057      0.3128E-01   0.000      0.5721E-01  0.1304       3.462    
   356   12.79      -10.92       1.385       1.905      0.2158     -0.1123E-12  0.3338      0.4197E-01  0.4803      0.3053      0.3165E-01   0.000      0.5750E-01  0.1303       3.488    
   357   12.79      -11.03       1.385       1.891      0.2129       0.000      0.3389      0.4294E-01  0.4809      0.3019      0.3222E-01   0.000      0.5730E-01  0.1308       3.513    
   358   12.79      -11.14       1.385       1.877      0.2099       0.000      0.3500      0.4434E-01  0.4804      0.2942      0.3343E-01   0.000      0.5663E-01  0.1321       3.539    
   359   12.80      -11.25       1.385       1.864      0.2067       0.000      0.3758      0.4658E-01  0.4791      0.2777      0.3794E-01   0.000      0.5543E-01  0.1343       3.565    
   360   12.80      -11.36       1.385       1.850      0.2028       0.000      0.5385     -0.4683E-01  0.2921       0.000     -0.1132E-01   0.000      0.7713E-02  0.2236       0.000    
   361   12.80      -11.47       1.385       1.837      0.1993     -0.1173E-12  0.5293     -0.7252E-02  0.2888       0.000     -0.3644E-02   0.000      0.6409E-02  0.2278       0.000    
   362   12.81      -11.58       1.385       1.823      0.1956      0.1186E-12  0.5202      0.1880E-02  0.2858       0.000     -0.1475E-02   0.000      0.5530E-02  0.2306       0.000    
   363   12.81      -11.69       1.385       1.810      0.1918       0.000      0.5110      0.6205E-02  0.2827       0.000     -0.4136E-03   0.000      0.4894E-02  0.2327       0.000    
   364   12.81      -11.79       1.385       1.797      0.1878       0.000      0.5017      0.8828E-02  0.2795       0.000      0.2282E-03   0.000      0.4428E-02  0.2342       0.000    
   365   12.82      -11.90       1.385       1.784      0.1838     -0.1235E-12  0.4923      0.1065E-01  0.2762       0.000      0.6632E-03   0.000      0.4088E-02  0.2352       0.000    
   366   12.82      -12.00       1.385       1.772      0.1796      0.1255E-12  0.4827      0.1205E-01  0.2728       0.000      0.9803E-03   0.000      0.3849E-02  0.2359       0.000    
   367   12.82      -12.10       1.385       1.760      0.1753       0.000      0.4730      0.1320E-01  0.2691       0.000      0.1224E-02   0.000      0.3692E-02  0.2363       0.000    
   368   12.83      -12.20       1.385       1.747      0.1709       0.000      0.4632      0.1420E-01  0.2654       0.000      0.1418E-02   0.000      0.3601E-02  0.2364       0.000    
   369   12.83      -12.30       1.385       1.736      0.1663       0.000      0.4532      0.1510E-01  0.2614       0.000      0.1577E-02   0.000      0.3567E-02  0.2364       0.000    
   370   12.83      -12.39       1.385       1.724      0.1617       0.000      0.4430      0.1594E-01  0.2572       0.000      0.1711E-02   0.000      0.3580E-02  0.2361       0.000    
   371   12.84      -12.48       1.385       1.712      0.1570      0.1387E-12  0.4326      0.1675E-01  0.2529       0.000      0.1826E-02   0.000      0.3633E-02  0.2356       0.000    
   372   12.84      -12.57       1.385       1.701      0.1523       0.000      0.4220      0.1754E-01  0.2483       0.000      0.1925E-02   0.000      0.3720E-02  0.2350       0.000    
   373   12.84      -12.66       1.385       1.690      0.1474     -0.1459E-12  0.4111      0.1832E-01  0.2434       0.000      0.2012E-02   0.000      0.3836E-02  0.2342       0.000    
   374   12.84      -12.75       1.385       1.680      0.1425       0.000      0.4001      0.1909E-01  0.2384       0.000      0.2089E-02   0.000      0.3976E-02  0.2333       0.000    
   375   12.85      -12.83       1.385       1.670      0.1375       0.000      0.3887      0.1986E-01  0.2330       0.000      0.2156E-02   0.000      0.4136E-02  0.2323       0.000    
   376   12.85      -12.91       1.385       1.660      0.1324       0.000      0.3771      0.2063E-01  0.2274       0.000      0.2214E-02   0.000      0.4313E-02  0.2310       0.000    
   377   12.85      -12.99       1.385       1.650      0.1273       0.000      0.3652      0.2141E-01  0.2216       0.000      0.2263E-02   0.000      0.4501E-02  0.2297       0.000    
   378   12.85      -13.07       1.385       1.641      0.1222       0.000      0.3531      0.2218E-01  0.2154       0.000      0.2305E-02   0.000      0.4698E-02  0.2282       0.000    
   379   12.86      -13.14       1.385       1.632      0.1170       0.000      0.3406      0.2295E-01  0.2089       0.000      0.2338E-02   0.000      0.4898E-02  0.2266       0.000    
   380   12.86      -13.21       1.385       1.623      0.1118       0.000      0.3278      0.2372E-01  0.2021       0.000      0.2363E-02   0.000      0.5097E-02  0.2248       0.000    
   381   12.86      -13.28       1.385       1.615      0.1065      0.1929E-12  0.3147      0.2449E-01  0.1950       0.000      0.2380E-02   0.000      0.5289E-02  0.2229       0.000    
   382   12.86      -13.34       1.385       1.607      0.1012     -0.2021E-12  0.3012      0.2524E-01  0.1876       0.000      0.2387E-02   0.000      0.5469E-02  0.2208       0.000    
   383   12.86      -13.40       1.385       1.599      0.9582E-01 -0.2123E-12  0.2874      0.2599E-01  0.1798       0.000      0.2385E-02   0.000      0.5632E-02  0.2187       0.000    
   384   12.87      -13.46       1.385       1.592      0.9046E-01  0.2239E-12  0.2733      0.2672E-01  0.1718       0.000      0.2373E-02   0.000      0.5769E-02  0.2164       0.000    
   385   12.87      -13.52       1.385       1.585      0.8507E-01   0.000      0.2588      0.2743E-01  0.1634       0.000      0.2351E-02   0.000      0.5876E-02  0.2140       0.000    
   386   12.87      -13.57       1.385       1.579      0.7966E-01   0.000      0.2440      0.2812E-01  0.1546       0.000      0.2317E-02   0.000      0.5945E-02  0.2116       0.000    
   387   12.87      -13.62       1.385       1.573      0.7423E-01   0.000      0.2289      0.2879E-01  0.1456       0.000      0.2272E-02   0.000      0.5970E-02  0.2090       0.000    
   388   12.87      -13.66       1.385       1.567      0.6878E-01   0.000      0.2134      0.2943E-01  0.1362       0.000      0.2215E-02   0.000      0.5942E-02  0.2064       0.000    
   389   12.87      -13.71       1.385       1.562      0.6332E-01   0.000      0.1976      0.3005E-01  0.1266       0.000      0.2145E-02   0.000      0.5857E-02  0.2037       0.000    
   390   12.87      -13.75       1.385       1.557      0.5785E-01   0.000      0.1816      0.3063E-01  0.1166       0.000      0.2061E-02   0.000      0.5708E-02  0.2011       0.000    
   391   12.88      -13.78       1.385       1.553      0.5236E-01   0.000      0.1652      0.3118E-01  0.1064       0.000      0.1963E-02   0.000      0.5491E-02  0.1984       0.000    
   392   12.88      -13.81       1.385       1.549      0.4687E-01   0.000      0.1486      0.3170E-01  0.9597E-01   0.000      0.1851E-02   0.000      0.5200E-02  0.1958       0.000    
   393   12.88      -13.84       1.385       1.546      0.4137E-01   0.000      0.1317      0.3218E-01  0.8527E-01   0.000      0.1723E-02   0.000      0.4835E-02  0.1933       0.000    
   394   12.88      -13.87       1.385       1.542      0.3587E-01   0.000      0.1147      0.3262E-01  0.7436E-01   0.000      0.1579E-02   0.000      0.4394E-02  0.1909       0.000    
   395   12.88      -13.89       1.385       1.540      0.3036E-01   0.000      0.9738E-01  0.3302E-01  0.6326E-01   0.000      0.1416E-02   0.000      0.3879E-02  0.1887       0.000    
   396   12.88      -13.91       1.385       1.538      0.2484E-01   0.000      0.7992E-01  0.3337E-01  0.5199E-01   0.000      0.1228E-02   0.000      0.3291E-02  0.1867       0.000    
   397   12.88      -13.92       1.385       1.536      0.1933E-01   0.000      0.6232E-01  0.3367E-01  0.4058E-01   0.000      0.1004E-02   0.000      0.2638E-02  0.1850       0.000    
   398   12.88      -13.93       1.385       1.534      0.1381E-01   0.000      0.4460E-01  0.3390E-01  0.2907E-01   0.000      0.7387E-03   0.000      0.1928E-02  0.1837       0.000    
   399   12.88      -13.94       1.385       1.534      0.8285E-02   0.000      0.2679E-01  0.3405E-01  0.1747E-01   0.000      0.4387E-03   0.000      0.1174E-02  0.1828       0.000    
   400   12.88      -13.94       1.385       1.533      0.2762E-02   0.000      0.8937E-02  0.3413E-01  0.5831E-02   0.000      0.1279E-03   0.000      0.3945E-03  0.1823       0.000    

 Surface forces referred to Sref,Cref,Bref about Xmom,Ymom,Zmom
 Standard axis orientation,  X fwd, Z down         

  Surface # 5     horizontal_stabilizer                   
     # chordwise = 10   # spanwise = 30     First strip =401
     Surface area =  11.084           ave. chord =  1.9221    
     CLsurf  =   0.029996     Clsurf  =  -0.002708
     CYsurf  =  -0.000069     Cmsurf  =  -0.164099
     CDsurf  =   0.000656     Cnsurf  =  -0.000050
     CDisurf =   0.000656     CDvsurf =   0.000000

  Forces referred to Ssurf, Cave about hinge axis thru LE
     cl_surf =   0.175348     cd_surf =   0.003835

 Strip Forces referred to strip area, chord
    j    xLE         yLE         zLE         Chord       Area        Dihedral   c cl        ai_ff       cl           clj         cd          cdv         cm_c/4     c.p.x/c      Dcj
   401   23.87      0.3951E-02   6.036       2.402      0.3794E-01   0.000      0.4165      0.2867E-01  0.1728       0.000      0.1569E-01   0.000     -0.1249E-02  0.2572       0.000    
   402   23.88      0.3550E-01   6.036       2.397      0.1132       0.000      0.4165      0.2861E-01  0.1737       0.000      0.5484E-02   0.000     -0.1182E-02  0.2568       0.000    
   403   23.89      0.9824E-01   6.036       2.386      0.1864      0.6515E-12  0.4165      0.2855E-01  0.1745       0.000      0.4814E-02   0.000     -0.9778E-03  0.2556       0.000    
   404   23.90      0.1915       6.036       2.371      0.2564     -0.4705E-12  0.4163      0.2848E-01  0.1756       0.000      0.4568E-02   0.000     -0.6849E-03  0.2539       0.000    
   405   23.92      0.3142       6.036       2.350      0.3220       0.000      0.4158      0.2841E-01  0.1769       0.000      0.4407E-02   0.000     -0.3648E-03  0.2521       0.000    
   406   23.94      0.4651       6.036       2.325      0.3822      0.3096E-12  0.4150      0.2833E-01  0.1785       0.000      0.4289E-02   0.000     -0.5924E-04  0.2503       0.000    
   407   23.97      0.6425       6.036       2.296      0.4360     -0.2679E-12  0.4137      0.2823E-01  0.1802       0.000      0.4200E-02   0.000      0.2088E-03  0.2488       0.000    
   408   24.00      0.8445       6.036       2.262      0.4827       0.000      0.4117      0.2813E-01  0.1820       0.000      0.4133E-02   0.000      0.4299E-03  0.2476       0.000    
   409   24.03       1.069       6.036       2.225      0.5217       0.000      0.4090      0.2802E-01  0.1839       0.000      0.4081E-02   0.000      0.6048E-03  0.2467       0.000    
   410   24.07       1.313       6.036       2.184      0.5527       0.000      0.4054      0.2790E-01  0.1857       0.000      0.4040E-02   0.000      0.7404E-03  0.2460       0.000    
   411   24.10       1.574       6.036       2.140      0.5755       0.000      0.4008      0.2780E-01  0.1873       0.000      0.4006E-02   0.000      0.8477E-03  0.2455       0.000    
   412   24.14       1.850       6.036       2.094      0.5901       0.000      0.3952      0.2772E-01  0.1887       0.000      0.3975E-02   0.000      0.9390E-03  0.2450       0.000    
   413   24.19       2.137       6.036       2.047      0.5966       0.000      0.3884      0.2768E-01  0.1898       0.000      0.3947E-02   0.000      0.1027E-02  0.2446       0.000    
   414   24.23       2.432       6.036       1.997      0.5954     -0.1707E-12  0.3805      0.2770E-01  0.1906       0.000      0.3918E-02   0.000      0.1123E-02  0.2441       0.000    
   415   24.27       2.732       6.036       1.947      0.5869       0.000      0.3715      0.2780E-01  0.1908       0.000      0.3888E-02   0.000      0.1239E-02  0.2435       0.000    
   416   24.32       3.034       6.036       1.897      0.5717      0.1689E-12  0.3612      0.2801E-01  0.1904       0.000      0.3854E-02   0.000      0.1386E-02  0.2427       0.000    
   417   24.36       3.334       6.036       1.847      0.5505       0.000      0.3496      0.2834E-01  0.1893       0.000      0.3815E-02   0.000      0.1577E-02  0.2417       0.000    
   418   24.41       3.629       6.036       1.798      0.5241       0.000      0.3366      0.2883E-01  0.1873       0.000      0.3768E-02   0.000      0.1823E-02  0.2403       0.000    
   419   24.45       3.916       6.036       1.750      0.4930       0.000      0.3221      0.2950E-01  0.1841       0.000      0.3711E-02   0.000      0.2137E-02  0.2384       0.000    
   420   24.49       4.192       6.036       1.704      0.4582       0.000      0.3058      0.3035E-01  0.1795       0.000      0.3640E-02   0.000      0.2531E-02  0.2359       0.000    
   421   24.53       4.454       6.036       1.660      0.4203       0.000      0.2877      0.3138E-01  0.1733       0.000      0.3547E-02   0.000      0.3013E-02  0.2326       0.000    
   422   24.56       4.698       6.036       1.620      0.3799       0.000      0.2675      0.3259E-01  0.1652       0.000      0.3425E-02   0.000      0.3577E-02  0.2283       0.000    
   423   24.59       4.922       6.036       1.582      0.3377       0.000      0.2448      0.3393E-01  0.1548       0.000      0.3266E-02   0.000      0.4197E-02  0.2229       0.000    
   424   24.62       5.124       6.036       1.549      0.2941      0.2679E-12  0.2197      0.3534E-01  0.1419       0.000      0.3058E-02   0.000      0.4810E-02  0.2161       0.000    
   425   24.65       5.301       6.036       1.519      0.2497     -0.3096E-12  0.1918      0.3675E-01  0.1263       0.000      0.2793E-02   0.000      0.5307E-02  0.2080       0.000    
   426   24.67       5.452       6.036       1.494      0.2047       0.000      0.1614      0.3809E-01  0.1081       0.000      0.2463E-02   0.000      0.5537E-02  0.1988       0.000    
   427   24.69       5.575       6.036       1.474      0.1594       0.000      0.1285      0.3928E-01  0.8722E-01   0.000      0.2061E-02   0.000      0.5328E-02  0.1889       0.000    
   428   24.70       5.668       6.036       1.458      0.1139       0.000      0.9348E-01  0.4028E-01  0.6412E-01   0.000      0.1585E-02   0.000      0.4531E-02  0.1793       0.000    
   429   24.71       5.731       6.036       1.448      0.6834E-01   0.000      0.5680E-01  0.4105E-01  0.3924E-01   0.000      0.1024E-02   0.000      0.3090E-02  0.1713       0.000    
   430   24.72       5.762       6.036       1.442      0.2278E-01   0.000      0.1906E-01  0.4148E-01  0.1322E-01   0.000      0.3066E-03   0.000      0.1102E-02  0.1666       0.000    

 Surface forces referred to Sref,Cref,Bref about Xmom,Ymom,Zmom
 Standard axis orientation,  X fwd, Z down         

  Surface # 6     horizontal_stabilizer (YDUP)            
     # chordwise = 10   # spanwise = 30     First strip =431
     Surface area =  11.084           ave. chord =  1.9221    
     CLsurf  =   0.029994     Clsurf  =   0.002707
     CYsurf  =   0.000069     Cmsurf  =  -0.164085
     CDsurf  =   0.000656     Cnsurf  =   0.000050
     CDisurf =   0.000656     CDvsurf =   0.000000

  Forces referred to Ssurf, Cave about hinge axis thru LE
     cl_surf =   0.175333     cd_surf =   0.003835

 Strip Forces referred to strip area, chord
    j    xLE         yLE         zLE         Chord       Area        Dihedral   c cl        ai_ff       cl           clj         cd          cdv         cm_c/4     c.p.x/c      Dcj
   431   23.87     -0.3951E-02   6.036       2.402      0.3794E-01   0.000      0.4165      0.2867E-01  0.1728       0.000      0.1571E-01   0.000     -0.1248E-02  0.2572       0.000    
   432   23.88     -0.3550E-01   6.036       2.397      0.1132       0.000      0.4165      0.2861E-01  0.1737       0.000      0.5486E-02   0.000     -0.1182E-02  0.2568       0.000    
   433   23.89     -0.9824E-01   6.036       2.386      0.1864     -0.6515E-12  0.4164      0.2855E-01  0.1745       0.000      0.4814E-02   0.000     -0.9780E-03  0.2556       0.000    
   434   23.90     -0.1915       6.036       2.371      0.2564      0.4705E-12  0.4162      0.2849E-01  0.1756       0.000      0.4568E-02   0.000     -0.6851E-03  0.2539       0.000    
   435   23.92     -0.3142       6.036       2.350      0.3220       0.000      0.4158      0.2841E-01  0.1769       0.000      0.4407E-02   0.000     -0.3650E-03  0.2521       0.000    
   436   23.94     -0.4651       6.036       2.325      0.3822     -0.3096E-12  0.4149      0.2833E-01  0.1785       0.000      0.4289E-02   0.000     -0.5937E-04  0.2503       0.000    
   437   23.97     -0.6425       6.036       2.296      0.4360      0.2679E-12  0.4136      0.2823E-01  0.1802       0.000      0.4201E-02   0.000      0.2087E-03  0.2488       0.000    
   438   24.00     -0.8445       6.036       2.262      0.4827       0.000      0.4117      0.2813E-01  0.1820       0.000      0.4133E-02   0.000      0.4299E-03  0.2476       0.000    
   439   24.03      -1.069       6.036       2.225      0.5217       0.000      0.4089      0.2802E-01  0.1839       0.000      0.4081E-02   0.000      0.6048E-03  0.2467       0.000    
   440   24.07      -1.313       6.036       2.184      0.5527       0.000      0.4053      0.2791E-01  0.1856       0.000      0.4040E-02   0.000      0.7404E-03  0.2460       0.000    
   441   24.10      -1.574       6.036       2.140      0.5755       0.000      0.4007      0.2780E-01  0.1873       0.000      0.4006E-02   0.000      0.8477E-03  0.2455       0.000    
   442   24.14      -1.850       6.036       2.094      0.5901       0.000      0.3951      0.2772E-01  0.1887       0.000      0.3975E-02   0.000      0.9390E-03  0.2450       0.000    
   443   24.19      -2.137       6.036       2.047      0.5966       0.000      0.3884      0.2768E-01  0.1898       0.000      0.3947E-02   0.000      0.1027E-02  0.2446       0.000    
   444   24.23      -2.432       6.036       1.997      0.5954      0.1707E-12  0.3805      0.2770E-01  0.1906       0.000      0.3918E-02   0.000      0.1123E-02  0.2441       0.000    
   445   24.27      -2.732       6.036       1.947      0.5869       0.000      0.3714      0.2780E-01  0.1908       0.000      0.3888E-02   0.000      0.1239E-02  0.2435       0.000    
   446   24.32      -3.034       6.036       1.897      0.5717     -0.1689E-12  0.3611      0.2801E-01  0.1904       0.000      0.3854E-02   0.000      0.1386E-02  0.2427       0.000    
   447   24.36      -3.334       6.036       1.847      0.5505       0.000      0.3495      0.2835E-01  0.1893       0.000      0.3815E-02   0.000      0.1577E-02  0.2417       0.000    
   448   24.41      -3.629       6.036       1.798      0.5241       0.000      0.3366      0.2884E-01  0.1873       0.000      0.3769E-02   0.000      0.1823E-02  0.2403       0.000    
   449   24.45      -3.916       6.036       1.750      0.4930       0.000      0.3220      0.2950E-01  0.1841       0.000      0.3712E-02   0.000      0.2137E-02  0.2384       0.000    
   450   24.49      -4.192       6.036       1.704      0.4582       0.000      0.3058      0.3035E-01  0.1795       0.000      0.3640E-02   0.000      0.2531E-02  0.2359       0.000    
   451   24.53      -4.454       6.036       1.660      0.4203       0.000      0.2877      0.3138E-01  0.1733       0.000      0.3547E-02   0.000      0.3012E-02  0.2326       0.000    
   452   24.56      -4.698       6.036       1.620      0.3799       0.000      0.2674      0.3259E-01  0.1652       0.000      0.3425E-02   0.000      0.3577E-02  0.2283       0.000    
   453   24.59      -4.922       6.036       1.582      0.3377       0.000      0.2448      0.3393E-01  0.1548       0.000      0.3266E-02   0.000      0.4197E-02  0.2229       0.000    
   454   24.62      -5.124       6.036       1.549      0.2941     -0.2679E-12  0.2196      0.3534E-01  0.1419       0.000      0.3058E-02   0.000      0.4809E-02  0.2161       0.000    
   455   24.65      -5.301       6.036       1.519      0.2497      0.3096E-12  0.1918      0.3676E-01  0.1263       0.000      0.2793E-02   0.000      0.5307E-02  0.2080       0.000    
   456   24.67      -5.452       6.036       1.494      0.2047       0.000      0.1614      0.3809E-01  0.1080       0.000      0.2463E-02   0.000      0.5537E-02  0.1988       0.000    
   457   24.69      -5.575       6.036       1.474      0.1594       0.000      0.1285      0.3928E-01  0.8721E-01   0.000      0.2061E-02   0.000      0.5328E-02  0.1889       0.000    
   458   24.70      -5.668       6.036       1.458      0.1139       0.000      0.9347E-01  0.4028E-01  0.6411E-01   0.000      0.1585E-02   0.000      0.4531E-02  0.1793       0.000    
   459   24.71      -5.731       6.036       1.448      0.6834E-01   0.000      0.5680E-01  0.4105E-01  0.3924E-01   0.000      0.1024E-02   0.000      0.3089E-02  0.1713       0.000    
   460   24.72      -5.762       6.036       1.442      0.2278E-01   0.000      0.1906E-01  0.4148E-01  0.1321E-01   0.000      0.3066E-03   0.000      0.1102E-02  0.1666       0.000    

 Surface forces referred to Sref,Cref,Bref about Xmom,Ymom,Zmom
 Standard axis orientation,  X fwd, Z down         

  Surface # 7     vertical_stabilizer                     
     # chordwise = 10   # spanwise = 30     First strip =461
     Surface area =  15.605           ave. chord =  3.1230    
     CLsurf  =   0.000000     Clsurf  =  -0.000000
     CYsurf  =  -0.000004     Cmsurf  =  -0.000000
     CDsurf  =  -0.000000     Cnsurf  =   0.000002
     CDisurf =  -0.000000     CDvsurf =   0.000000

  Forces referred to Ssurf, Cave about hinge axis thru LE
     cl_surf =   0.000000     cd_surf =  -0.000000

 Strip Forces referred to strip area, chord
    j    xLE         yLE         zLE         Chord       Area        Dihedral   c cl        ai_ff       cl           clj         cd          cdv         cm_c/4     c.p.x/c      Dcj
   461   20.77       0.000       1.055       3.899      0.1500       90.00      0.2012E-04 -0.1322E-04  0.5161E-05   0.000      0.1384E-10   0.000      0.4505E-06  0.1627       0.000    
   462   20.80       0.000       1.106       3.883      0.2442       90.00      0.3723E-04  0.6820E-03  0.9588E-05   0.000     -0.1602E-10   0.000      0.8770E-06  0.1585       0.000    
   463   20.85       0.000       1.181       3.859      0.3352       90.00      0.5510E-04  0.7565E-04  0.1428E-04   0.000     -0.9182E-10   0.000      0.1422E-05  0.1504       0.000    
   464   20.91       0.000       1.279       3.829      0.4214       90.00      0.7284E-04  0.1809E-03  0.1903E-04   0.000     -0.2945E-09   0.000      0.2096E-05  0.1398       0.000    
   465   20.99       0.000       1.401       3.791      0.5015       90.00      0.1506E-03 -0.4077E-03  0.3972E-04   0.000     -0.7581E-10   0.000      0.3141E-05  0.1709       0.000    
   466   21.08       0.000       1.543       3.746      0.5742       90.00      0.7349E-04 -0.1946E-04  0.1962E-04   0.000     -0.1464E-09   0.000      0.1539E-05  0.1715       0.000    
   467   21.18       0.000       1.707       3.695      0.6384       90.00      0.7604E-04 -0.2972E-05  0.2058E-04   0.000     -0.1587E-09   0.000      0.1549E-05  0.1747       0.000    
   468   21.29       0.000       1.889       3.638      0.6934       90.00      0.7454E-04 -0.1992E-05  0.2049E-04   0.000     -0.1367E-09   0.000      0.1356E-05  0.1838       0.000    
   469   21.41       0.000       2.087       3.576      0.7385       90.00      0.7197E-04 -0.1910E-05  0.2013E-04   0.000     -0.1174E-09   0.000      0.1150E-05  0.1928       0.000    
   470   21.55       0.000       2.301       3.509      0.7734       90.00      0.6898E-04 -0.1924E-05  0.1966E-04   0.000     -0.1021E-09   0.000      0.9624E-06  0.2010       0.000    
   471   21.69       0.000       2.528       3.439      0.7978       90.00      0.6581E-04 -0.1954E-05  0.1914E-04   0.000     -0.8972E-10   0.000      0.7959E-06  0.2084       0.000    
   472   21.84       0.000       2.765       3.364      0.8118       90.00      0.6259E-04 -0.1987E-05  0.1860E-04   0.000     -0.7949E-10   0.000      0.6495E-06  0.2151       0.000    
   473   21.99       0.000       3.010       3.288      0.8157       90.00      0.5941E-04 -0.2019E-05  0.1807E-04   0.000     -0.7094E-10   0.000      0.5204E-06  0.2212       0.000    
   474   22.14       0.000       3.260       3.210      0.8100       90.00      0.5635E-04 -0.2047E-05  0.1756E-04   0.000     -0.6375E-10   0.000      0.4057E-06  0.2269       0.000    
   475   22.30       0.000       3.514       3.130      0.7952       90.00      0.5348E-04 -0.2071E-05  0.1708E-04   0.000     -0.5769E-10   0.000      0.3023E-06  0.2323       0.000    
   476   22.46       0.000       3.767       3.051      0.7721       90.00      0.5085E-04 -0.2088E-05  0.1667E-04   0.000     -0.5261E-10   0.000      0.2076E-06  0.2375       0.000    
   477   22.62       0.000       4.019       2.972      0.7415       90.00      0.4849E-04 -0.2096E-05  0.1631E-04   0.000     -0.4837E-10   0.000      0.1199E-06  0.2426       0.000    
   478   22.77       0.000       4.266       2.895      0.7043       90.00      0.4643E-04 -0.2091E-05  0.1604E-04   0.000     -0.4485E-10   0.000      0.3850E-07  0.2476       0.000    
   479   22.92       0.000       4.505       2.821      0.6616       90.00      0.4468E-04 -0.2069E-05  0.1584E-04   0.000     -0.4198E-10   0.000     -0.3565E-07  0.2523       0.000    
   480   23.06       0.000       4.734       2.749      0.6141       90.00      0.4324E-04 -0.2027E-05  0.1573E-04   0.000     -0.3970E-10   0.000     -0.9966E-07  0.2563       0.000    
   481   23.20       0.000       4.951       2.681      0.5627       90.00      0.4208E-04 -0.1961E-05  0.1569E-04   0.000     -0.3795E-10   0.000     -0.1487E-06  0.2595       0.000    
   482   23.32       0.000       5.153       2.618      0.5083       90.00      0.4118E-04 -0.1872E-05  0.1573E-04   0.000     -0.3670E-10   0.000     -0.1765E-06  0.2612       0.000    
   483   23.44       0.000       5.339       2.560      0.4517       90.00      0.4049E-04 -0.1761E-05  0.1582E-04   0.000     -0.3592E-10   0.000     -0.1769E-06  0.2612       0.000    
   484   23.54       0.000       5.506       2.508      0.3934       90.00      0.3997E-04 -0.1631E-05  0.1594E-04   0.000     -0.3559E-10   0.000     -0.1457E-06  0.2591       0.000    
   485   23.63       0.000       5.652       2.462      0.3339       90.00      0.3955E-04 -0.1490E-05  0.1606E-04   0.000     -0.3575E-10   0.000     -0.8272E-07  0.2552       0.000    
   486   23.71       0.000       5.777       2.423      0.2737       90.00      0.3918E-04 -0.1342E-05  0.1617E-04   0.000     -0.3644E-10   0.000      0.5679E-08  0.2496       0.000    
   487   23.77       0.000       5.878       2.392      0.2131       90.00      0.3880E-04 -0.1193E-05  0.1622E-04   0.000     -0.3681E-10   0.000      0.1088E-06  0.2433       0.000    
   488   23.82       0.000       5.955       2.368      0.1523       90.00      0.3809E-04 -0.1041E-05  0.1609E-04   0.000     -0.3224E-10   0.000      0.2090E-06  0.2370       0.000    
   489   23.85       0.000       6.006       2.351      0.9140E-01   90.00      0.3555E-04 -0.9388E-06  0.1512E-04   0.000      0.4123E-11   0.000      0.1729E-06  0.2386       0.000    
   490   23.87       0.000       6.032       2.343      0.3047E-01   90.00      0.1645E-04 -0.1399E-05  0.7021E-05   0.000      0.4836E-09   0.000     -0.1531E-05  0.4680       0.000    

 Surface forces referred to Sref,Cref,Bref about Xmom,Ymom,Zmom
 Standard axis orientation,  X fwd, Z down         

  Surface # 8     fuselage_horizontal                     
     # chordwise = 10   # spanwise = 30     First strip =491
     Surface area =  65.503           ave. chord =  23.647    
     CLsurf  =   0.007455     Clsurf  =   0.000000
     CYsurf  =   0.000001     Cmsurf  =   0.048950
     CDsurf  =   0.000031     Cnsurf  =  -0.000000
     CDisurf =   0.000031     CDvsurf =   0.000000

  Forces referred to Ssurf, Cave about hinge axis thru LE
     cl_surf =   0.007374     cd_surf =   0.000030

 Strip Forces referred to strip area, chord
    j    xLE         yLE         zLE         Chord       Area        Dihedral   c cl        ai_ff       cl           clj         cd          cdv         cm_c/4     c.p.x/c      Dcj
   491   3.132      -1.339       0.000       15.61       1.441       0.000      0.6634E-01  0.4421E-01  0.4274E-02   0.000     -0.3278E-03   0.000      0.2463E-02 -0.3262       0.000    
   492   2.645      -1.247       0.000       17.73       1.637       0.000      0.1003      0.4907E-01  0.5675E-02   0.000     -0.2213E-03   0.000      0.2898E-02 -0.2606       0.000    
   493   2.159      -1.154       0.000       19.86       1.834       0.000      0.1258      0.5222E-01  0.6348E-02   0.000     -0.1062E-03   0.000      0.2957E-02 -0.2157       0.000    
   494   1.788      -1.062       0.000       21.39       1.975       0.000      0.1443      0.5373E-01  0.6755E-02   0.000     -0.1923E-04   0.000      0.3056E-02 -0.2024       0.000    
   495   1.533     -0.9695       0.000       22.32       2.061       0.000      0.1598      0.5390E-01  0.7168E-02   0.000      0.2581E-04   0.000      0.3183E-02 -0.1941       0.000    
   496   1.278     -0.8772       0.000       23.26       2.147       0.000      0.1724      0.5373E-01  0.7423E-02   0.000      0.1159E-04   0.000      0.3264E-02 -0.1897       0.000    
   497   1.058     -0.7848       0.000       24.08       2.223       0.000      0.1826      0.5321E-01  0.7594E-02   0.000      0.9584E-05   0.000      0.3331E-02 -0.1886       0.000    
   498  0.8733     -0.6925       0.000       24.78       2.288       0.000      0.1911      0.5290E-01  0.7722E-02   0.000      0.2945E-05   0.000      0.3383E-02 -0.1881       0.000    
   499  0.6887     -0.6002       0.000       25.49       2.353       0.000      0.1981      0.5241E-01  0.7782E-02   0.000     -0.2685E-04   0.000      0.3410E-02 -0.1882       0.000    
   500  0.5311     -0.5078       0.000       26.02       2.403       0.000      0.2036      0.5200E-01  0.7840E-02   0.000     -0.8432E-04   0.000      0.3440E-02 -0.1888       0.000    
   501  0.4004     -0.4155       0.000       26.38       2.436       0.000      0.2083      0.5177E-01  0.7910E-02   0.000     -0.1216E-04   0.000      0.3472E-02 -0.1889       0.000    
   502  0.2697     -0.3232       0.000       26.74       2.469       0.000      0.2120      0.5156E-01  0.7945E-02   0.000     -0.8180E-04   0.000      0.3485E-02 -0.1886       0.000    
   503  0.1703     -0.2308       0.000       26.95       2.488       0.000      0.2148      0.5149E-01  0.7981E-02   0.000     -0.3537E-04   0.000      0.3501E-02 -0.1887       0.000    
   504  0.1022     -0.1385       0.000       27.02       2.495       0.000      0.2167      0.5149E-01  0.8021E-02   0.000      0.2054E-03   0.000      0.3520E-02 -0.1889       0.000    
   505  0.3407E-01 -0.4617E-01   0.000       27.09       2.501       0.000      0.2177      0.5145E-01  0.8005E-02   0.000      0.8142E-03   0.000      0.3524E-02 -0.1902       0.000    
   506  0.3407E-01  0.4617E-01   0.000       27.09       2.501       0.000      0.2177      0.5156E-01  0.8004E-02   0.000      0.8142E-03   0.000      0.3524E-02 -0.1903       0.000    
   507  0.1022      0.1385       0.000       27.02       2.495       0.000      0.2166      0.5152E-01  0.8018E-02   0.000      0.2053E-03   0.000      0.3521E-02 -0.1891       0.000    
   508  0.1703      0.2308       0.000       26.95       2.488       0.000      0.2146      0.5150E-01  0.7977E-02   0.000     -0.3569E-04   0.000      0.3502E-02 -0.1890       0.000    
   509  0.2697      0.3232       0.000       26.74       2.469       0.000      0.2119      0.5157E-01  0.7940E-02   0.000     -0.8223E-04   0.000      0.3486E-02 -0.1890       0.000    
   510  0.4004      0.4155       0.000       26.38       2.436       0.000      0.2082      0.5177E-01  0.7904E-02   0.000     -0.1255E-04   0.000      0.3473E-02 -0.1894       0.000    
   511  0.5311      0.5078       0.000       26.02       2.403       0.000      0.2034      0.5200E-01  0.7833E-02   0.000     -0.8480E-04   0.000      0.3442E-02 -0.1894       0.000    
   512  0.6887      0.6002       0.000       25.49       2.353       0.000      0.1979      0.5241E-01  0.7775E-02   0.000     -0.2729E-04   0.000      0.3412E-02 -0.1888       0.000    
   513  0.8733      0.6925       0.000       24.78       2.288       0.000      0.1909      0.5290E-01  0.7715E-02   0.000      0.2529E-05   0.000      0.3385E-02 -0.1887       0.000    
   514   1.058      0.7848       0.000       24.08       2.223       0.000      0.1824      0.5321E-01  0.7586E-02   0.000      0.9169E-05   0.000      0.3332E-02 -0.1893       0.000    
   515   1.278      0.8772       0.000       23.26       2.147       0.000      0.1722      0.5374E-01  0.7415E-02   0.000      0.1120E-04   0.000      0.3266E-02 -0.1904       0.000    
   516   1.533      0.9695       0.000       22.32       2.061       0.000      0.1596      0.5390E-01  0.7160E-02   0.000      0.2547E-04   0.000      0.3185E-02 -0.1949       0.000    
   517   1.788       1.062       0.000       21.39       1.975       0.000      0.1441      0.5374E-01  0.6746E-02   0.000     -0.1950E-04   0.000      0.3058E-02 -0.2033       0.000    
   518   2.159       1.154       0.000       19.86       1.834       0.000      0.1256      0.5223E-01  0.6339E-02   0.000     -0.1064E-03   0.000      0.2959E-02 -0.2168       0.000    
   519   2.645       1.247       0.000       17.73       1.637       0.000      0.1001      0.4908E-01  0.5666E-02   0.000     -0.2216E-03   0.000      0.2901E-02 -0.2619       0.000    
   520   3.132       1.339       0.000       15.61       1.441       0.000      0.6622E-01  0.4422E-01  0.4266E-02   0.000     -0.3281E-03   0.000      0.2465E-02 -0.3279       0.000    

 Surface forces referred to Sref,Cref,Bref about Xmom,Ymom,Zmom
 Standard axis orientation,  X fwd, Z down         

  Surface # 9     fuselage_vertical                       
     # chordwise = 10   # spanwise = 30     First strip =521
     Surface area =  65.103           ave. chord =  23.503    
     CLsurf  =   0.000000     Clsurf  =   0.000000
     CYsurf  =  -0.000004     Cmsurf  =  -0.000000
     CDsurf  =   0.000000     Cnsurf  =   0.000001
     CDisurf =   0.000000     CDvsurf =   0.000000

  Forces referred to Ssurf, Cave about hinge axis thru LE
     cl_surf =   0.000000     cd_surf =   0.000000

 Strip Forces referred to strip area, chord
    j    xLE         yLE         zLE         Chord       Area        Dihedral   c cl        ai_ff       cl           clj         cd          cdv         cm_c/4     c.p.x/c      Dcj
   521   2.856       0.000      -1.339       15.65       1.445       90.00     -0.8179E-06 -0.5709E-05 -0.5225E-07   0.000     -0.9765E-11   0.000     -0.5483E-06  -10.24       0.000    
   522   1.819       0.000      -1.247       17.87       1.650       90.00     -0.4046E-06 -0.4696E-05 -0.2264E-07   0.000     -0.6367E-11   0.000     -0.6847E-06  -29.99       0.000    
   523  0.7817       0.000      -1.154       20.09       1.855       90.00      0.4626E-06 -0.3668E-05  0.2303E-07   0.000      0.1432E-10   0.000     -0.7247E-06   31.72       0.000    
   524  0.2207       0.000      -1.062       21.48       1.984       90.00     -0.8211E-05 -0.2515E-05 -0.3822E-06   0.000      0.3191E-10   0.000     -0.5162E-06  -1.101       0.000    
   525  0.1361       0.000     -0.9695       22.06       2.037       90.00     -0.7209E-05 -0.2337E-05 -0.3268E-06   0.000      0.2053E-10   0.000     -0.5728E-06  -1.503       0.000    
   526  0.5142E-01   0.000     -0.8772       22.63       2.090       90.00     -0.5564E-05 -0.2066E-05 -0.2458E-06   0.000      0.2134E-10   0.000     -0.6225E-06  -2.282       0.000    
   527  0.1405E-01   0.000     -0.7848       23.10       2.133       90.00     -0.4692E-05 -0.1764E-05 -0.2031E-06   0.000      0.2288E-10   0.000     -0.6386E-06  -2.894       0.000    
   528  0.2395E-01   0.000     -0.6925       23.47       2.167       90.00     -0.1583E-05 -0.1574E-05 -0.6747E-07   0.000      0.2357E-10   0.000     -0.6914E-06  -9.998       0.000    
   529  0.3385E-01   0.000     -0.6002       23.83       2.200       90.00      0.2406E-05 -0.1297E-05  0.1010E-06   0.000      0.2303E-10   0.000     -0.7423E-06   7.601       0.000    
   530  0.6640E-01   0.000     -0.5078       24.15       2.229       90.00      0.6901E-05 -0.9884E-06  0.2858E-06   0.000      0.2027E-10   0.000     -0.7868E-06   3.003       0.000    
   531  0.1216       0.000     -0.4155       24.41       2.254       90.00      0.1344E-04 -0.5978E-06  0.5506E-06   0.000      0.1572E-10   0.000     -0.8422E-06   1.780       0.000    
   532  0.1768       0.000     -0.3232       24.67       2.278       90.00      0.2197E-04  0.2429E-06  0.8907E-06   0.000      0.1052E-10   0.000     -0.8977E-06   1.258       0.000    
   533  0.2450       0.000     -0.2308       24.90       2.299       90.00      0.3366E-04  0.3152E-05  0.1352E-05   0.000      0.6398E-11   0.000     -0.9710E-06  0.9681       0.000    
   534  0.3263       0.000     -0.1385       25.09       2.317       90.00      0.5109E-04  0.1613E-04  0.2036E-05   0.000      0.7389E-11   0.000     -0.1063E-05  0.7721       0.000    
   535  0.4076       0.000     -0.4617E-01   25.29       2.335       90.00      0.7562E-04  0.5801E-04  0.2990E-05   0.000      0.2110E-10   0.000     -0.1183E-05  0.6456       0.000    
   536  0.5006       0.000      0.4617E-01   25.46       2.351       90.00      0.1041E-03 -0.5957E-04  0.4088E-05   0.000      0.4543E-10   0.000     -0.1346E-05  0.5793       0.000    
   537  0.6052       0.000      0.1385       25.61       2.365       90.00      0.1276E-03 -0.1771E-04  0.4984E-05   0.000      0.5749E-10   0.000     -0.1441E-05  0.5392       0.000    
   538  0.7098       0.000      0.2308       25.76       2.378       90.00      0.1383E-03 -0.4658E-05  0.5371E-05   0.000      0.3526E-10   0.000     -0.1427E-05  0.5156       0.000    
   539  0.8268       0.000      0.3232       25.85       2.387       90.00      0.1510E-03 -0.1633E-05  0.5840E-05   0.000      0.1261E-10   0.000     -0.1581E-05  0.5208       0.000    
   540  0.9561       0.000      0.4155       25.90       2.392       90.00      0.1596E-03 -0.8580E-06  0.6162E-05   0.000      0.1436E-11   0.000     -0.1599E-05  0.5095       0.000    
   541   1.086       0.000      0.5078       25.95       2.396       90.00      0.1658E-03 -0.6198E-06  0.6391E-05   0.000     -0.2282E-10   0.000     -0.1598E-05  0.5000       0.000    
   542   1.230       0.000      0.6002       25.89       2.391       90.00      0.1823E-03 -0.6060E-06  0.7042E-05   0.000     -0.4585E-10   0.000     -0.2032E-05  0.5385       0.000    
   543   1.390       0.000      0.6925       25.73       2.376       90.00      0.1849E-03 -0.7812E-06  0.7186E-05   0.000     -0.2473E-10   0.000     -0.2026E-05  0.5319       0.000    
   544   1.549       0.000      0.7848       25.57       2.361       90.00      0.1848E-03 -0.1380E-05  0.7228E-05   0.000     -0.2359E-10   0.000     -0.1991E-05  0.5254       0.000    
   545   1.732       0.000      0.8772       25.39       2.344       90.00      0.1817E-03 -0.4050E-05  0.7158E-05   0.000     -0.4812E-10   0.000     -0.1919E-05  0.5181       0.000    
   546   1.938       0.000      0.9695       25.18       2.325       90.00      0.1704E-03 -0.2853E-04  0.6765E-05   0.000     -0.1020E-09   0.000     -0.1719E-05  0.5041       0.000    
   547   2.144       0.000       1.062       24.98       2.306       90.00      0.1469E-03 -0.5980E-04  0.5880E-05   0.000     -0.3248E-09   0.000     -0.1312E-05  0.4730       0.000    
   548   2.435       0.000       1.154       23.15       2.138       90.00      0.3083E-03  0.9345E-04  0.1332E-04   0.000      0.2375E-09   0.000     -0.7781E-05  0.8343       0.000    
   549   2.811       0.000       1.247       19.71       1.820       90.00      0.2348E-03  0.8378E-04  0.1192E-04   0.000      0.1163E-09   0.000     -0.7505E-05  0.8798       0.000    
   550   3.187       0.000       1.339       16.27       1.502       90.00      0.1015E-03 -0.3203E-03  0.6242E-05   0.000      0.5100E-10   0.000     -0.4303E-05  0.9394       0.000    

 Surface forces referred to Sref,Cref,Bref about Xmom,Ymom,Zmom
 Standard axis orientation,  X fwd, Z down         

  Surface #10     nacelle_horizontal                      
     # chordwise =  6   # spanwise = 11     First strip =551
     Surface area = 0.43486           ave. chord = 0.82862    
     CLsurf  =   0.000517     Clsurf  =  -0.000049
     CYsurf  =   0.000000     Cmsurf  =   0.000228
     CDsurf  =   0.000005     Cnsurf  =  -0.000002
     CDisurf =   0.000005     CDvsurf =   0.000000

  Forces referred to Ssurf, Cave about hinge axis thru LE
     cl_surf =   0.077053     cd_surf =   0.000793

 Strip Forces referred to strip area, chord
    j    xLE         yLE         zLE         Chord       Area        Dihedral   c cl        ai_ff       cl           clj         cd          cdv         cm_c/4     c.p.x/c      Dcj
   551   10.78       2.426       1.123      0.2893      0.1516E-01   0.000      0.3833E-01  0.8500E-01  0.1329       0.000     -0.3925E-02   0.000      0.5588E-02  0.2079       0.000    
   552   10.63       2.478       1.123      0.6808      0.3574E-01   0.000      0.5772E-01  0.9701E-01  0.8491E-01   0.000     -0.8420E-04   0.000      0.6994E-02  0.1676       0.000    
   553   10.56       2.531       1.123      0.8992      0.4721E-01   0.000      0.6951E-01  0.9933E-01  0.7737E-01   0.000      0.6969E-03   0.000      0.6981E-02  0.1598       0.000    
   554   10.50       2.583       1.123       1.070      0.5620E-01   0.000      0.7638E-01  0.9727E-01  0.7138E-01   0.000      0.1377E-02   0.000      0.6672E-02  0.1565       0.000    
   555   10.47       2.623       1.123       1.175      0.3084E-01   0.000      0.7872E-01  0.8930E-01  0.6697E-01   0.000      0.2095E-02   0.000      0.6414E-02  0.1542       0.000    
   556   10.47       2.649       1.123       1.231      0.3233E-01   0.000      0.7951E-01  0.7072E-01  0.6454E-01   0.000      0.2065E-02   0.000      0.6269E-02  0.1529       0.000    
   557   10.47       2.688       1.123       1.203      0.6305E-01   0.000      0.7926E-01  0.1233      0.6587E-01   0.000      0.1821E-02   0.000      0.6403E-02  0.1528       0.000    
   558   10.50       2.741       1.123       1.070      0.5620E-01   0.000      0.7527E-01  0.1070      0.7035E-01   0.000      0.1315E-02   0.000      0.6716E-02  0.1545       0.000    
   559   10.56       2.793       1.123      0.8992      0.4721E-01   0.000      0.6794E-01  0.1012      0.7562E-01   0.000      0.6743E-03   0.000      0.7036E-02  0.1570       0.000    
   560   10.63       2.846       1.123      0.6808      0.3574E-01   0.000      0.5647E-01  0.9774E-01  0.8306E-01   0.000     -0.3742E-04   0.000      0.7116E-02  0.1643       0.000    
   561   10.78       2.898       1.123      0.2893      0.1519E-01   0.000      0.3793E-01  0.8626E-01  0.1315       0.000     -0.3517E-02   0.000      0.6046E-02  0.2040       0.000    

 Surface forces referred to Sref,Cref,Bref about Xmom,Ymom,Zmom
 Standard axis orientation,  X fwd, Z down         

  Surface #11     nacelle_horizontal (YDUP)               
     # chordwise =  6   # spanwise = 11     First strip =562
     Surface area = 0.43486           ave. chord = 0.82862    
     CLsurf  =   0.000326     Clsurf  =   0.000031
     CYsurf  =  -0.000001     Cmsurf  =   0.000145
     CDsurf  =   0.000003     Cnsurf  =   0.000001
     CDisurf =   0.000003     CDvsurf =   0.000000

  Forces referred to Ssurf, Cave about hinge axis thru LE
     cl_surf =   0.048612     cd_surf =   0.000476

 Strip Forces referred to strip area, chord
    j    xLE         yLE         zLE         Chord       Area        Dihedral   c cl        ai_ff       cl           clj         cd          cdv         cm_c/4     c.p.x/c      Dcj
   562   10.78      -2.426       1.123      0.2893      0.1516E-01   0.000      0.2739E-01  0.1331      0.9491E-01   0.000     -0.1649E-02   0.000      0.5304E-02  0.1941       0.000    
   563   10.63      -2.478       1.123      0.6808      0.3574E-01   0.000      0.3831E-01  0.1249      0.5635E-01   0.000      0.8962E-04   0.000      0.5564E-02  0.1513       0.000    
   564   10.56      -2.531       1.123      0.8992      0.4721E-01   0.000      0.4489E-01  0.1306      0.4996E-01   0.000      0.4495E-03   0.000      0.5177E-02  0.1464       0.000    
   565   10.50      -2.583       1.123       1.070      0.5620E-01   0.000      0.4979E-01  0.1324      0.4653E-01   0.000      0.7981E-03   0.000      0.4828E-02  0.1462       0.000    
   566   10.47      -2.623       1.123       1.175      0.3084E-01   0.000      0.4924E-01  0.7352E-01  0.4190E-01   0.000      0.1143E-02   0.000      0.4397E-02  0.1451       0.000    
   567   10.47      -2.649       1.123       1.231      0.3233E-01   0.000      0.4507E-01  0.3289E-01  0.3659E-01   0.000      0.1044E-02   0.000      0.3870E-02  0.1442       0.000    
   568   10.47      -2.688       1.123       1.203      0.6305E-01   0.000      0.3985E-01         NaN  0.3312E-01   0.000      0.7711E-03   0.000      0.3473E-02  0.1452       0.000    
   569   10.50      -2.741       1.123       1.070      0.5620E-01   0.000      0.4506E-01  0.1377      0.4211E-01   0.000      0.7996E-03   0.000      0.4441E-02  0.1445       0.000    
   570   10.56      -2.793       1.123      0.8992      0.4721E-01   0.000      0.4446E-01  0.1304      0.4948E-01   0.000      0.4158E-03   0.000      0.5242E-02  0.1441       0.000    
   571   10.63      -2.846       1.123      0.6808      0.3574E-01   0.000      0.3805E-01  0.1244      0.5596E-01   0.000      0.9116E-04   0.000      0.5679E-02  0.1485       0.000    
   572   10.78      -2.898       1.123      0.2893      0.1519E-01   0.000      0.2750E-01  0.1329      0.9528E-01   0.000     -0.1506E-02   0.000      0.5653E-02  0.1907       0.000    

 Surface forces referred to Sref,Cref,Bref about Xmom,Ymom,Zmom
 Standard axis orientation,  X fwd, Z down         

  Surface #12     nacelle_vertical                        
     # chordwise =  6   # spanwise = 11     First strip =573
     Surface area = 0.43483           ave. chord = 0.82856    
     CLsurf  =   0.000000     Clsurf  =   0.000000
     CYsurf  =  -0.000053     Cmsurf  =   0.000000
     CDsurf  =  -0.000000     Cnsurf  =  -0.000002
     CDisurf =  -0.000000     CDvsurf =   0.000000

  Forces referred to Ssurf, Cave about hinge axis thru LE
     cl_surf =   0.000020     cd_surf =  -0.000027

 Strip Forces referred to strip area, chord
    j    xLE         yLE         zLE         Chord       Area        Dihedral   c cl        ai_ff       cl           clj         cd          cdv         cm_c/4     c.p.x/c      Dcj
   573   10.78       2.662      0.8864      0.2893      0.1519E-01   90.00      0.1877E-02  0.3609E-02  0.6488E-02   0.000     -0.6787E-04   0.000      0.2895E-02 -0.1962       0.000    
   574   10.63       2.662      0.9389      0.6808      0.3574E-01   90.00      0.3271E-02  0.4194E-02  0.4805E-02   0.000     -0.2299E-04   0.000      0.1209E-02 -0.1562E-02   0.000    
   575   10.56       2.662      0.9914      0.8992      0.4712E-01   90.00      0.3494E-02  0.2472E-02  0.3885E-02   0.000     -0.1264E-04   0.000      0.8812E-03  0.2320E-01   0.000    
   576   10.50       2.662       1.044       1.070      0.5620E-01   90.00      0.2519E-02 -0.1111E-01  0.2353E-02   0.000     -0.4530E-05   0.000      0.5164E-03  0.3054E-01   0.000    
   577   10.47       2.662       1.083       1.175      0.3084E-01   90.00      0.3078E-02 -0.2409E-01  0.2619E-02   0.000     -0.4894E-05   0.000      0.5115E-03  0.5474E-01   0.000    
   578   10.47       2.662       1.109       1.231      0.3233E-01   90.00      0.6154E-02 -0.3688E-02  0.4997E-02   0.000     -0.9960E-05   0.000      0.9172E-03  0.6645E-01   0.000    
   579   10.47       2.662       1.149       1.203      0.6317E-01   90.00      0.1272E-01  0.2397E-01  0.1057E-01   0.000     -0.2050E-04   0.000      0.2418E-03  0.2271       0.000    
   580   10.50       2.662       1.201       1.070      0.5620E-01   90.00      0.1320E-01  0.1919E-01  0.1233E-01   0.000     -0.3950E-04   0.000      0.9598E-04  0.2422       0.000    
   581   10.56       2.662       1.254      0.8992      0.4712E-01   90.00      0.1022E-01  0.4769E-02  0.1136E-01   0.000     -0.4175E-04   0.000     -0.1163E-03  0.2602       0.000    
   582   10.63       2.662       1.306      0.6808      0.3574E-01   90.00      0.7928E-02  0.1575E-02  0.1165E-01   0.000     -0.4729E-04   0.000     -0.4524E-03  0.2888       0.000    
   583   10.78       2.662       1.359      0.2893      0.1519E-01   90.00      0.5740E-02 -0.1660E-02  0.1985E-01   0.000     -0.1019E-03   0.000     -0.3091E-02  0.4057       0.000    

 Surface forces referred to Sref,Cref,Bref about Xmom,Ymom,Zmom
 Standard axis orientation,  X fwd, Z down         

  Surface #13     nacelle_vertical (YDUP)                 
     # chordwise =  6   # spanwise = 11     First strip =584
     Surface area = 0.43483           ave. chord = 0.82856    
     CLsurf  =   0.000000     Clsurf  =  -0.000000
     CYsurf  =   0.000029     Cmsurf  =   0.000000
     CDsurf  =  -0.000000     Cnsurf  =   0.000001
     CDisurf =  -0.000000     CDvsurf =   0.000000

  Forces referred to Ssurf, Cave about hinge axis thru LE
     cl_surf =   0.000001     cd_surf =  -0.000015

 Strip Forces referred to strip area, chord
    j    xLE         yLE         zLE         Chord       Area        Dihedral   c cl        ai_ff       cl           clj         cd          cdv         cm_c/4     c.p.x/c      Dcj
   584   10.78      -2.662      0.8864      0.2893      0.1519E-01  -90.00      0.1578E-02  0.7422E-02  0.5456E-02   0.000     -0.5713E-04   0.000      0.2536E-02 -0.2148       0.000    
   585   10.63      -2.662      0.9389      0.6808      0.3574E-01  -90.00      0.2777E-02  0.6852E-02  0.4079E-02   0.000     -0.2209E-04   0.000      0.1076E-02 -0.1388E-01   0.000    
   586   10.56      -2.662      0.9914      0.8992      0.4712E-01  -90.00      0.3392E-02  0.8045E-02  0.3772E-02   0.000     -0.1658E-04   0.000      0.8739E-03  0.1835E-01   0.000    
   587   10.50      -2.662       1.044       1.070      0.5620E-01  -90.00      0.3554E-02  0.6077E-02  0.3320E-02   0.000     -0.1065E-04   0.000      0.7069E-03  0.3709E-01   0.000    
   588   10.47      -2.662       1.083       1.175      0.3084E-01  -90.00      0.3359E-02 -0.3512E-02  0.2858E-02   0.000     -0.6388E-05   0.000      0.5680E-03  0.5128E-01   0.000    
   589   10.47      -2.662       1.109       1.231      0.3233E-01  -90.00      0.3452E-02 -0.6656E-02  0.2803E-02   0.000     -0.6491E-05   0.000      0.5605E-03  0.5001E-01   0.000    
   590   10.47      -2.662       1.149       1.203      0.6317E-01  -90.00      0.4661E-02  0.8204E-02  0.3874E-02   0.000     -0.7637E-05   0.000      0.1622E-03  0.2081       0.000    
   591   10.50      -2.662       1.201       1.070      0.5620E-01  -90.00      0.4819E-02  0.7193E-02  0.4501E-02   0.000     -0.1053E-04   0.000      0.1377E-03  0.2194       0.000    
   592   10.56      -2.662       1.254      0.8992      0.4712E-01  -90.00      0.4404E-02  0.4189E-02  0.4897E-02   0.000     -0.1370E-04   0.000      0.7558E-04  0.2346       0.000    
   593   10.63      -2.662       1.306      0.6808      0.3574E-01  -90.00      0.3916E-02  0.3885E-02  0.5752E-02   0.000     -0.1839E-04   0.000     -0.7849E-04  0.2636       0.000    
   594   10.78      -2.662       1.359      0.2893      0.1519E-01  -90.00      0.3272E-02  0.3325E-02  0.1131E-01   0.000     -0.4093E-04   0.000     -0.1582E-02  0.3898       0.000    

 Surface forces referred to Sref,Cref,Bref about Xmom,Ymom,Zmom
 Standard axis orientation,  X fwd, Z down         

  Surface #14     nacelle_2_horizontal                    
     # chordwise =  6   # spanwise = 11     First strip =595
     Surface area = 0.43483           ave. chord = 0.82857    
     CLsurf  =   0.000475     Clsurf  =  -0.000178
     CYsurf  =  -0.000000     Cmsurf  =   0.000146
     CDsurf  =   0.000007     Cnsurf  =  -0.000007
     CDisurf =   0.000007     CDvsurf =   0.000000

  Forces referred to Ssurf, Cave about hinge axis thru LE
     cl_surf =   0.070739     cd_surf =   0.001043

 Strip Forces referred to strip area, chord
    j    xLE         yLE         zLE         Chord       Area        Dihedral   c cl        ai_ff       cl           clj         cd          cdv         cm_c/4     c.p.x/c      Dcj
   595   11.10       10.22       1.123      0.2892      0.1519E-01   0.000      0.3493E-01  0.8037E-01  0.1210       0.000     -0.2469E-02   0.000      0.5420E-02  0.2052       0.000    
   596   10.95       10.27       1.123      0.6808      0.3574E-01   0.000      0.5204E-01  0.9098E-01  0.7652E-01   0.000      0.3579E-03   0.000      0.6491E-02  0.1652       0.000    
   597   10.88       10.33       1.123      0.8992      0.4721E-01   0.000      0.6247E-01  0.9390E-01  0.6952E-01   0.000      0.9508E-03   0.000      0.6416E-02  0.1577       0.000    
   598   10.82       10.38       1.123       1.070      0.5609E-01   0.000      0.6896E-01  0.9804E-01  0.6443E-01   0.000      0.1468E-02   0.000      0.6133E-02  0.1548       0.000    
   599   10.79       10.43       1.123       1.203      0.6317E-01   0.000      0.7245E-01  0.1120      0.6020E-01   0.000      0.1850E-02   0.000      0.5885E-02  0.1522       0.000    
   600   10.79       10.47       1.123       1.231      0.3233E-01   0.000      0.7287E-01  0.6671E-01  0.5915E-01   0.000      0.2044E-02   0.000      0.5791E-02  0.1521       0.000    
   601   10.80       10.50       1.123       1.175      0.3084E-01   0.000      0.7220E-01  0.8468E-01  0.6142E-01   0.000      0.2091E-02   0.000      0.5936E-02  0.1534       0.000    
   602   10.82       10.54       1.123       1.070      0.5620E-01   0.000      0.7011E-01  0.9120E-01  0.6551E-01   0.000      0.1517E-02   0.000      0.6192E-02  0.1555       0.000    
   603   10.88       10.59       1.123      0.8992      0.4721E-01   0.000      0.6379E-01  0.9234E-01  0.7099E-01   0.000      0.9759E-03   0.000      0.6490E-02  0.1586       0.000    
   604   10.95       10.64       1.123      0.6808      0.3567E-01   0.000      0.5304E-01  0.9019E-01  0.7800E-01   0.000      0.3416E-03   0.000      0.6552E-02  0.1660       0.000    
   605   11.10       10.69       1.123      0.2892      0.1519E-01   0.000      0.3545E-01  0.7936E-01  0.1229       0.000     -0.2638E-02   0.000      0.5437E-02  0.2057       0.000    

 Surface forces referred to Sref,Cref,Bref about Xmom,Ymom,Zmom
 Standard axis orientation,  X fwd, Z down         

  Surface #15     nacelle_2_vertical                      
     # chordwise =  6   # spanwise = 11     First strip =606
     Surface area = 0.43483           ave. chord = 0.82856    
     CLsurf  =   0.000000     Clsurf  =  -0.000000
     CYsurf  =   0.000016     Cmsurf  =   0.000000
     CDsurf  =  -0.000000     Cnsurf  =   0.000000
     CDisurf =  -0.000000     CDvsurf =   0.000000

  Forces referred to Ssurf, Cave about hinge axis thru LE
     cl_surf =   0.000002     cd_surf =  -0.000002

 Strip Forces referred to strip area, chord
    j    xLE         yLE         zLE         Chord       Area        Dihedral   c cl        ai_ff       cl           clj         cd          cdv         cm_c/4     c.p.x/c      Dcj
   606   11.10       10.46      0.8864      0.2893      0.1519E-01   90.00     -0.1641E-03  0.1579E-01 -0.5674E-03   0.000     -0.3882E-06   0.000     -0.2082E-03 -0.1170       0.000    
   607   10.95       10.46      0.9389      0.6808      0.3574E-01   90.00     -0.1578E-03  0.1560E-01 -0.2318E-03   0.000     -0.8194E-09   0.000      0.6889E-04  0.5471       0.000    
   608   10.88       10.46      0.9914      0.8992      0.4712E-01   90.00      0.2847E-03  0.1706E-01  0.3166E-03   0.000     -0.2987E-06   0.000      0.2379E-03 -0.5015       0.000    
   609   10.82       10.46       1.044       1.070      0.5620E-01   90.00      0.1571E-02  0.2923E-01  0.1467E-02   0.000     -0.1616E-05   0.000      0.4913E-03 -0.8479E-01   0.000    
   610   10.80       10.46       1.083       1.175      0.3084E-01   90.00      0.1291E-02  0.4063E-01  0.1099E-02   0.000      0.2576E-06   0.000      0.4420E-03 -0.1524       0.000    
   611   10.79       10.46       1.109       1.231      0.3233E-01   90.00     -0.1388E-02  0.2105E-01 -0.1127E-02   0.000     -0.2169E-06   0.000      0.7006E-04  0.3122       0.000    
   612   10.79       10.46       1.149       1.203      0.6317E-01   90.00     -0.6313E-02 -0.2576E-02 -0.5246E-02   0.000     -0.1950E-05   0.000      0.1231E-03  0.2735       0.000    
   613   10.82       10.46       1.201       1.070      0.5620E-01   90.00     -0.6682E-02  0.1538E-02 -0.6243E-02   0.000     -0.6441E-05   0.000      0.1844E-03  0.2795       0.000    
   614   10.88       10.46       1.254      0.8992      0.4712E-01   90.00     -0.4182E-02  0.1465E-01 -0.4650E-02   0.000     -0.4459E-05   0.000      0.2441E-03  0.3025       0.000    
   615   10.95       10.46       1.306      0.6808      0.3574E-01   90.00     -0.2630E-02  0.1687E-01 -0.3862E-02   0.000     -0.3306E-05   0.000      0.2958E-03  0.3266       0.000    
   616   11.10       10.46       1.359      0.2893      0.1519E-01   90.00     -0.1515E-02  0.1296E-01 -0.5238E-02   0.000     -0.5758E-05   0.000      0.8991E-03  0.4217       0.000    

 Surface forces referred to Sref,Cref,Bref about Xmom,Ymom,Zmom
 Standard axis orientation,  X fwd, Z down         

  Surface #16     nacelle_3_horizontal                    
     # chordwise =  6   # spanwise = 11     First strip =617
     Surface area = 0.43486           ave. chord = 0.82862    
     CLsurf  =   0.000324     Clsurf  =   0.000031
     CYsurf  =   0.000001     Cmsurf  =   0.000143
     CDsurf  =   0.000003     Cnsurf  =   0.000001
     CDisurf =   0.000003     CDvsurf =   0.000000

  Forces referred to Ssurf, Cave about hinge axis thru LE
     cl_surf =   0.048216     cd_surf =   0.000465

 Strip Forces referred to strip area, chord
    j    xLE         yLE         zLE         Chord       Area        Dihedral   c cl        ai_ff       cl           clj         cd          cdv         cm_c/4     c.p.x/c      Dcj
   617   10.78      -2.898       1.123      0.2893      0.1519E-01   0.000      0.2752E-01  0.1329      0.9534E-01   0.000     -0.1507E-02   0.000      0.5651E-02  0.1907       0.000    
   618   10.63      -2.846       1.123      0.6808      0.3574E-01   0.000      0.3809E-01  0.1244      0.5603E-01   0.000      0.9703E-04   0.000      0.5672E-02  0.1488       0.000    
   619   10.56      -2.793       1.123      0.8992      0.4721E-01   0.000      0.4461E-01  0.1304      0.4966E-01   0.000      0.4348E-03   0.000      0.5237E-02  0.1445       0.000    
   620   10.50      -2.741       1.123       1.070      0.5620E-01   0.000      0.4975E-01  0.1377      0.4650E-01   0.000      0.7765E-03   0.000      0.4875E-02  0.1452       0.000    
   621   10.47      -2.701       1.123       1.175      0.3079E-01   0.000      0.4920E-01  0.8481E-01  0.4187E-01   0.000      0.1132E-02   0.000      0.4413E-02  0.1446       0.000    
   622   10.47      -2.675       1.123       1.231      0.3226E-01   0.000      0.4472E-01  0.4962E-01  0.3631E-01   0.000      0.1033E-02   0.000      0.3857E-02  0.1438       0.000    
   623   10.47      -2.636       1.123       1.203      0.6317E-01   0.000      0.3881E-01         NaN  0.3226E-01   0.000      0.7455E-03   0.000      0.3425E-02  0.1438       0.000    
   624   10.50      -2.583       1.123       1.070      0.5620E-01   0.000      0.4426E-01  0.1324      0.4136E-01   0.000      0.7919E-03   0.000      0.4371E-02  0.1443       0.000    
   625   10.56      -2.531       1.123      0.8992      0.4721E-01   0.000      0.4413E-01  0.1306      0.4912E-01   0.000      0.4151E-03   0.000      0.5165E-02  0.1449       0.000    
   626   10.63      -2.478       1.123      0.6808      0.3574E-01   0.000      0.3787E-01  0.1249      0.5569E-01   0.000      0.7807E-04   0.000      0.5563E-02  0.1501       0.000    
   627   10.78      -2.426       1.123      0.2893      0.1516E-01   0.000      0.2717E-01  0.1331      0.9415E-01   0.000     -0.1620E-02   0.000      0.5311E-02  0.1936       0.000    

 Surface forces referred to Sref,Cref,Bref about Xmom,Ymom,Zmom
 Standard axis orientation,  X fwd, Z down         

  Surface #17     nacelle_3_vertical                      
     # chordwise =  6   # spanwise = 11     First strip =628
     Surface area = 0.43483           ave. chord = 0.82856    
     CLsurf  =   0.000000     Clsurf  =  -0.000000
     CYsurf  =   0.000029     Cmsurf  =   0.000000
     CDsurf  =  -0.000000     Cnsurf  =   0.000001
     CDisurf =  -0.000000     CDvsurf =   0.000000

  Forces referred to Ssurf, Cave about hinge axis thru LE
     cl_surf =   0.000001     cd_surf =  -0.000015

 Strip Forces referred to strip area, chord
    j    xLE         yLE         zLE         Chord       Area        Dihedral   c cl        ai_ff       cl           clj         cd          cdv         cm_c/4     c.p.x/c      Dcj
   628   10.78      -2.662      0.8864      0.2893      0.1519E-01   90.00     -0.1578E-02 -0.7422E-02 -0.5456E-02   0.000     -0.5713E-04   0.000     -0.2536E-02 -0.2148       0.000    
   629   10.63      -2.662      0.9389      0.6808      0.3574E-01   90.00     -0.2777E-02 -0.6852E-02 -0.4079E-02   0.000     -0.2209E-04   0.000     -0.1076E-02 -0.1388E-01   0.000    
   630   10.56      -2.662      0.9914      0.8992      0.4712E-01   90.00     -0.3392E-02 -0.8045E-02 -0.3772E-02   0.000     -0.1658E-04   0.000     -0.8739E-03  0.1835E-01   0.000    
   631   10.50      -2.662       1.044       1.070      0.5620E-01   90.00     -0.3554E-02 -0.6077E-02 -0.3320E-02   0.000     -0.1065E-04   0.000     -0.7069E-03  0.3709E-01   0.000    
   632   10.47      -2.662       1.083       1.175      0.3084E-01   90.00     -0.3359E-02  0.3512E-02 -0.2858E-02   0.000     -0.6388E-05   0.000     -0.5680E-03  0.5128E-01   0.000    
   633   10.47      -2.662       1.109       1.231      0.3233E-01   90.00     -0.3452E-02  0.6656E-02 -0.2803E-02   0.000     -0.6491E-05   0.000     -0.5605E-03  0.5001E-01   0.000    
   634   10.47      -2.662       1.149       1.203      0.6317E-01   90.00     -0.4661E-02 -0.8204E-02 -0.3874E-02   0.000     -0.7637E-05   0.000     -0.1622E-03  0.2081       0.000    
   635   10.50      -2.662       1.201       1.070      0.5620E-01   90.00     -0.4819E-02 -0.7193E-02 -0.4501E-02   0.000     -0.1053E-04   0.000     -0.1377E-03  0.2194       0.000    
   636   10.56      -2.662       1.254      0.8992      0.4712E-01   90.00     -0.4404E-02 -0.4189E-02 -0.4897E-02   0.000     -0.1370E-04   0.000     -0.7558E-04  0.2346       0.000    
   637   10.63      -2.662       1.306      0.6808      0.3574E-01   90.00     -0.3916E-02 -0.3885E-02 -0.5752E-02   0.000     -0.1839E-04   0.000      0.7849E-04  0.2636       0.000    
   638   10.78      -2.662       1.359      0.2893      0.1519E-01   90.00     -0.3272E-02 -0.3325E-02 -0.1131E-01   0.000     -0.4093E-04   0.000      0.1582E-02  0.3898       0.000    

 Surface forces referred to Sref,Cref,Bref about Xmom,Ymom,Zmom
 Standard axis orientation,  X fwd, Z down         

  Surface #18     nacelle_4_horizontal                    
     # chordwise =  6   # spanwise = 11     First strip =639
     Surface area = 0.43483           ave. chord = 0.82857    
     CLsurf  =   0.000475     Clsurf  =   0.000178
     CYsurf  =  -0.000001     Cmsurf  =   0.000145
     CDsurf  =   0.000007     Cnsurf  =   0.000007
     CDisurf =   0.000007     CDvsurf =   0.000000

  Forces referred to Ssurf, Cave about hinge axis thru LE
     cl_surf =   0.070709     cd_surf =   0.001042

 Strip Forces referred to strip area, chord
    j    xLE         yLE         zLE         Chord       Area        Dihedral   c cl        ai_ff       cl           clj         cd          cdv         cm_c/4     c.p.x/c      Dcj
   639   11.10      -10.69       1.123      0.2893      0.1519E-01   0.000      0.3466E-01  0.8011E-01  0.1201       0.000     -0.2459E-02   0.000      0.5387E-02  0.2051       0.000    
   640   10.95      -10.64       1.123      0.6808      0.3567E-01   0.000      0.5171E-01  0.9065E-01  0.7604E-01   0.000      0.3535E-03   0.000      0.6501E-02  0.1645       0.000    
   641   10.88      -10.59       1.123      0.8992      0.4721E-01   0.000      0.6211E-01  0.9359E-01  0.6912E-01   0.000      0.9484E-03   0.000      0.6434E-02  0.1569       0.000    
   642   10.82      -10.54       1.123       1.070      0.5620E-01   0.000      0.6859E-01  0.9752E-01  0.6409E-01   0.000      0.1462E-02   0.000      0.6154E-02  0.1540       0.000    
   643   10.79      -10.48       1.123       1.203      0.6317E-01   0.000      0.7221E-01  0.1121      0.6000E-01   0.000      0.1844E-02   0.000      0.5903E-02  0.1516       0.000    
   644   10.79      -10.44       1.123       1.231      0.3233E-01   0.000      0.7290E-01  0.6551E-01  0.5917E-01   0.000      0.2045E-02   0.000      0.5788E-02  0.1522       0.000    
   645   10.80      -10.42       1.123       1.175      0.3084E-01   0.000      0.7241E-01  0.8521E-01  0.6160E-01   0.000      0.2097E-02   0.000      0.5920E-02  0.1539       0.000    
   646   10.82      -10.38       1.123       1.070      0.5609E-01   0.000      0.7043E-01  0.9172E-01  0.6580E-01   0.000      0.1521E-02   0.000      0.6174E-02  0.1562       0.000    
   647   10.88      -10.33       1.123      0.8992      0.4721E-01   0.000      0.6412E-01  0.9266E-01  0.7135E-01   0.000      0.9769E-03   0.000      0.6476E-02  0.1592       0.000    
   648   10.95      -10.27       1.123      0.6808      0.3574E-01   0.000      0.5335E-01  0.9053E-01  0.7845E-01   0.000      0.3450E-03   0.000      0.6546E-02  0.1666       0.000    
   649   11.10      -10.22       1.123      0.2892      0.1519E-01   0.000      0.3571E-01  0.7964E-01  0.1238       0.000     -0.2647E-02   0.000      0.5474E-02  0.2058       0.000    

 Surface forces referred to Sref,Cref,Bref about Xmom,Ymom,Zmom
 Standard axis orientation,  X fwd, Z down         

  Surface #19     nacelle_4_vertical                      
     # chordwise =  6   # spanwise = 11     First strip =650
     Surface area = 0.43483           ave. chord = 0.82856    
     CLsurf  =  -0.000000     Clsurf  =   0.000000
     CYsurf  =  -0.000001     Cmsurf  =  -0.000000
     CDsurf  =  -0.000000     Cnsurf  =  -0.000000
     CDisurf =  -0.000000     CDvsurf =   0.000000

  Forces referred to Ssurf, Cave about hinge axis thru LE
     cl_surf =  -0.000001     cd_surf =  -0.000003

 Strip Forces referred to strip area, chord
    j    xLE         yLE         zLE         Chord       Area        Dihedral   c cl        ai_ff       cl           clj         cd          cdv         cm_c/4     c.p.x/c      Dcj
   650   11.10      -10.46      0.8864      0.2893      0.1519E-01   90.00      0.7604E-03 -0.1608E-01  0.2629E-02   0.000     -0.8922E-05   0.000      0.1065E-02 -0.1549       0.000    
   651   10.95      -10.46      0.9389      0.6808      0.3574E-01   90.00      0.1719E-02 -0.1512E-01  0.2525E-02   0.000     -0.3417E-05   0.000      0.4304E-03  0.7954E-01   0.000    
   652   10.88      -10.46      0.9914      0.8992      0.4712E-01   90.00      0.2712E-02 -0.1318E-01  0.3016E-02   0.000     -0.3805E-05   0.000      0.4101E-03  0.1140       0.000    
   653   10.82      -10.46       1.044       1.070      0.5620E-01   90.00      0.4344E-02 -0.7635E-03  0.4058E-02   0.000     -0.5192E-05   0.000      0.5397E-03  0.1170       0.000    
   654   10.80      -10.46       1.083       1.175      0.3084E-01   90.00      0.4199E-02  0.1037E-01  0.3573E-02   0.000     -0.4806E-06   0.000      0.4167E-03  0.1334       0.000    
   655   10.79      -10.46       1.109       1.231      0.3233E-01   90.00      0.1510E-02 -0.1031E-01  0.1226E-02   0.000     -0.9695E-07   0.000      0.2063E-04  0.2332       0.000    
   656   10.79      -10.46       1.149       1.203      0.6317E-01   90.00     -0.3245E-02 -0.3132E-01 -0.2697E-02   0.000     -0.4767E-06   0.000     -0.1921E-03  0.1788       0.000    
   657   10.82      -10.46       1.201       1.070      0.5620E-01   90.00     -0.4076E-02 -0.2937E-01 -0.3808E-02   0.000     -0.3269E-05   0.000     -0.1043E-03  0.2226       0.000    
   658   10.88      -10.46       1.254      0.8992      0.4712E-01   90.00     -0.2171E-02 -0.1750E-01 -0.2414E-02   0.000     -0.1593E-05   0.000     -0.4201E-06  0.2498       0.000    
   659   10.95      -10.46       1.306      0.6808      0.3574E-01   90.00     -0.1252E-02 -0.1575E-01 -0.1839E-02   0.000     -0.8448E-06   0.000      0.7906E-04  0.2930       0.000    
   660   11.10      -10.46       1.359      0.2893      0.1519E-01   90.00     -0.7427E-03 -0.1072E-01 -0.2568E-02   0.000     -0.1430E-05   0.000      0.4275E-03  0.4165       0.000    
