 ---------------------------------------------------------------
Surface and Strip forces by surface

 Surface forces referred to Sref,Cref,Bref about Xmom,Ymom,Zmom
 Standard axis orientation,  X fwd, Z down         

  Surface # 1     main_wing_1                             
     # chordwise = 10   # spanwise =100     First strip =  1
     Surface area =  17.880           ave. chord =  2.7158    
     CLsurf  =   0.097731     Clsurf  =  -0.011063
     CYsurf  =  -0.000120     Cmsurf  =  -0.055889
     CDsurf  =   0.002949     Cnsurf  =  -0.000287
     CDisurf =   0.000881     CDvsurf =   0.000000

  Forces referred to Ssurf, Cave about hinge axis thru LE
     cl_surf =   0.357538     cd_surf =   0.010788

 Strip Forces referred to strip area, chord
    j    xLE         yLE         zLE         Chord       Area        Dihedral   c cl        ai_ff       cl           clj         cd          cdv         cm_c/4     c.p.x/c      Dcj
     1   12.59      0.4115E-03   1.385       2.797      0.4604E-02   0.000      0.8007     -0.4900E-02  0.2865       0.000      0.3287E-02   0.000     -0.3488E-02  0.2622       0.000    
     2   12.59      0.3702E-02   1.385       2.797      0.1381E-01   0.000      0.8007      0.1369E-01  0.2865       0.000      0.3287E-02   0.000     -0.3488E-02  0.2622       0.000    
     3   12.59      0.1028E-01   1.385       2.797      0.2299E-01   0.000      0.8007      0.1518E-01  0.2865       0.000      0.3287E-02   0.000     -0.3487E-02  0.2622       0.000    
     4   12.59      0.2014E-01   1.385       2.797      0.3216E-01   0.000      0.8007      0.1559E-01  0.2865       0.000      0.3286E-02   0.000     -0.3486E-02  0.2622       0.000    
     5   12.59      0.3327E-01   1.385       2.797      0.4130E-01   0.000      0.8007      0.1575E-01  0.2865       0.000      0.3285E-02   0.000     -0.3484E-02  0.2622       0.000    
     6   12.59      0.4966E-01   1.385       2.797      0.5039E-01   0.000      0.8008      0.1584E-01  0.2865       0.000      0.3282E-02   0.000     -0.3479E-02  0.2621       0.000    
     7   12.59      0.6930E-01   1.385       2.797      0.5943E-01   0.000      0.8008      0.1589E-01  0.2865       0.000      0.3278E-02   0.000     -0.3471E-02  0.2621       0.000    
     8   12.59      0.9215E-01   1.385       2.797      0.6842E-01   0.000      0.8009      0.1592E-01  0.2865       0.000      0.3271E-02   0.000     -0.3457E-02  0.2621       0.000    
     9   12.59      0.1182       1.385       2.797      0.7734E-01   0.000      0.8010      0.1594E-01  0.2866       0.000      0.3261E-02   0.000     -0.3437E-02  0.2620       0.000    
    10   12.59      0.1474       1.385       2.797      0.8618E-01   0.000      0.8012      0.1595E-01  0.2866       0.000      0.3247E-02   0.000     -0.3409E-02  0.2619       0.000    
    11   12.59      0.1798       1.385       2.797      0.9493E-01   0.000      0.8015      0.1595E-01  0.2867       0.000      0.3228E-02   0.000     -0.3371E-02  0.2618       0.000    
    12   12.59      0.2153       1.385       2.797      0.1036       0.000      0.8018      0.1593E-01  0.2868       0.000      0.3203E-02   0.000     -0.3320E-02  0.2616       0.000    
    13   12.59      0.2539       1.385       2.797      0.1122       0.000      0.8022      0.1590E-01  0.2870       0.000      0.3171E-02   0.000     -0.3255E-02  0.2613       0.000    
    14   12.59      0.2955       1.385       2.797      0.1206       0.000      0.8027      0.1587E-01  0.2872       0.000      0.3129E-02   0.000     -0.3173E-02  0.2610       0.000    
    15   12.59      0.3401       1.385       2.797      0.1289     -0.2760E-12  0.8033      0.1581E-01  0.2874       0.000      0.3077E-02   0.000     -0.3071E-02  0.2607       0.000    
    16   12.59      0.3877       1.385       2.797      0.1371      0.2595E-12  0.8041      0.1575E-01  0.2877       0.000      0.3013E-02   0.000     -0.2947E-02  0.2602       0.000    
    17   12.59      0.4381       1.385       2.797      0.1452       0.000      0.8050      0.1566E-01  0.2880       0.000      0.2934E-02   0.000     -0.2798E-02  0.2597       0.000    
    18   12.59      0.4915       1.385       2.797      0.1531       0.000      0.8060      0.1555E-01  0.2884       0.000      0.2839E-02   0.000     -0.2622E-02  0.2591       0.000    
    19   12.59      0.5476       1.385       2.797      0.1609       0.000      0.8073      0.1541E-01  0.2888       0.000      0.2725E-02   0.000     -0.2415E-02  0.2584       0.000    
    20   12.59      0.6065       1.385       2.797      0.1685       0.000      0.8087      0.1523E-01  0.2894       0.000      0.2589E-02   0.000     -0.2176E-02  0.2575       0.000    
    21   12.59      0.6681       1.385       2.797      0.1760      0.2022E-12  0.8103      0.1501E-01  0.2900       0.000      0.2425E-02   0.000     -0.1901E-02  0.2566       0.000    
    22   12.59      0.7323       1.385       2.797      0.1832     -0.1942E-12  0.8122      0.1472E-01  0.2906       0.000      0.2231E-02   0.000     -0.1589E-02  0.2555       0.000    
    23   12.59      0.7991       1.385       2.797      0.1903       0.000      0.8142      0.1436E-01  0.2914       0.000      0.1998E-02   0.000     -0.1236E-02  0.2542       0.000    
    24   12.59      0.8684       1.385       2.797      0.1972       0.000      0.8165      0.1388E-01  0.2922       0.000      0.1719E-02   0.000     -0.8406E-03  0.2529       0.000    
    25   12.59      0.9401       1.385       2.797      0.2040       0.000      0.8189      0.1326E-01  0.2931       0.000      0.1379E-02   0.000     -0.3991E-03  0.2514       0.000    
    26   12.59       1.014       1.385       2.797      0.2105       0.000      0.8216      0.1242E-01  0.2941       0.000      0.9595E-03   0.000      0.9160E-04  0.2497       0.000    
    27   12.59       1.091       1.385       2.797      0.2168       0.000      0.8244      0.1127E-01  0.2951       0.000      0.4265E-03   0.000      0.6359E-03  0.2478       0.000    
    28   12.59       1.169       1.385       2.797      0.2229       0.000      0.8275      0.9609E-02  0.2962       0.000     -0.2794E-03   0.000      0.1240E-02  0.2458       0.000    
    29   12.59       1.250       1.385       2.797      0.2287       0.000      0.8307      0.7052E-02  0.2974       0.000     -0.1278E-02   0.000      0.1914E-02  0.2436       0.000    
    30   12.59       1.333       1.385       2.797      0.2344      0.1518E-12  0.8341      0.2654E-02  0.2987       0.000     -0.2847E-02   0.000      0.2674E-02  0.2410       0.000    
    31   12.59       1.417       1.385       2.797      0.2398     -0.1484E-12  0.8377     -0.6763E-02  0.3002       0.000     -0.5808E-02   0.000      0.3554E-02  0.2382       0.000    
    32   12.59       1.504       1.385       2.797      0.2450       0.000      0.8415     -0.4665E-01  0.3021       0.000     -0.1619E-01   0.000      0.4628E-02  0.2347       0.000    
    33   12.59       1.580       1.385       2.797      0.1796       0.000      0.6404      0.4878E-01  0.4554      0.2268      0.4654E-01   0.000      0.4375E-01  0.1539       2.971    
    34   12.59       1.656       1.385       2.796      0.2478       0.000      0.5923      0.4708E-01  0.4574      0.2459      0.3498E-01   0.000      0.4492E-01  0.1518       2.972    
    35   12.59       1.746       1.385       2.795      0.2520      0.1411E-12  0.5656      0.4591E-01  0.4590      0.2569      0.3241E-01   0.000      0.4604E-01  0.1497       2.974    
    36   12.59       1.837       1.385       2.793      0.2559     -0.1389E-12  0.5479      0.4505E-01  0.4604      0.2645      0.3136E-01   0.000      0.4702E-01  0.1479       2.976    
    37   12.59       1.929       1.385       2.791      0.2595       0.000      0.5352      0.4439E-01  0.4615      0.2700      0.3082E-01   0.000      0.4786E-01  0.1463       2.977    
    38   12.59       2.023       1.385       2.789      0.2629      0.1350E-12  0.5257      0.4386E-01  0.4624      0.2742      0.3050E-01   0.000      0.4854E-01  0.1450       2.979    
    39   12.59       2.117       1.385       2.787      0.2660     -0.1333E-12  0.5184      0.4344E-01  0.4628      0.2771      0.3029E-01   0.000      0.4906E-01  0.1440       2.981    
    40   12.59       2.213       1.385       2.786      0.2688       0.000      0.5127      0.4309E-01  0.4627      0.2789      0.3014E-01   0.000      0.4938E-01  0.1433       2.983    
    41   12.59       2.310       1.385       2.784      0.2714       0.000      0.5084      0.4282E-01  0.4619      0.2796      0.2999E-01   0.000      0.4946E-01  0.1429       2.985    
    42   12.59       2.408       1.385       2.782      0.2737     -0.1293E-12  0.5051      0.4269E-01  0.4605      0.2792      0.2986E-01   0.000      0.4932E-01  0.1429       2.987    
    43   12.59       2.507       1.385       2.780      0.2757      0.1283E-12  0.5029      0.4276E-01  0.4590      0.2784      0.2975E-01   0.000      0.4910E-01  0.1430       2.990    
    44   12.59       2.607       1.385       2.778      0.2775       0.000      0.5016      0.4553E-01  0.4584      0.2780      0.2970E-01   0.000      0.4901E-01  0.1431       2.992    
    45   12.59       2.707       1.385       2.776      0.2790       0.000      0.5015      0.3878E-01  0.4591      0.2787      0.2976E-01   0.000      0.4920E-01  0.1428       2.994    
    46   12.59       2.808       1.385       2.774      0.2802       0.000      0.5023      0.4240E-01  0.4609      0.2800      0.2989E-01   0.000      0.4959E-01  0.1424       2.996    
    47   12.59       2.909       1.385       2.772      0.2811       0.000      0.5043      0.4258E-01  0.4633      0.2817      0.3008E-01   0.000      0.5006E-01  0.1420       2.998    
    48   12.59       3.011       1.385       2.770      0.2817       0.000      0.5074      0.4269E-01  0.4657      0.2828      0.3030E-01   0.000      0.5043E-01  0.1417       3.000    
    49   12.59       3.112       1.385       2.768      0.2821       0.000      0.5117      0.4295E-01  0.4673      0.2827      0.3053E-01   0.000      0.5055E-01  0.1418       3.002    
    50   12.60       3.214       1.385       2.766      0.2821       0.000      0.5176      0.4330E-01  0.4682      0.2814      0.3079E-01   0.000      0.5042E-01  0.1423       3.004    
    51   12.60       3.316       1.385       2.764      0.2819       0.000      0.5255      0.4375E-01  0.4686      0.2787      0.3112E-01   0.000      0.5007E-01  0.1431       3.007    
    52   12.60       3.418       1.385       2.762      0.2814      0.1249E-12  0.5365      0.4433E-01  0.4685      0.2745      0.3161E-01   0.000      0.4952E-01  0.1443       3.009    
    53   12.60       3.520       1.385       2.760      0.2807     -0.1251E-12  0.5522      0.4512E-01  0.4681      0.2683      0.3248E-01   0.000      0.4879E-01  0.1458       3.011    
    54   12.60       3.622       1.385       2.758      0.2797       0.000      0.5763      0.4623E-01  0.4674      0.2588      0.3434E-01   0.000      0.4787E-01  0.1476       3.013    
    55   12.60       3.723       1.385       2.756      0.2784       0.000      0.6206      0.4796E-01  0.4662      0.2413      0.4149E-01   0.000      0.4669E-01  0.1498       3.015    
    56   12.60       3.827       1.385       2.754      0.2931     -0.1196E-12  0.8513     -0.4383E-01  0.3104       0.000     -0.1666E-01   0.000      0.6722E-02  0.2283       0.000    
    57   12.60       3.933       1.385       2.752      0.2911      0.1203E-12  0.8478     -0.5256E-02  0.3088       0.000     -0.6396E-02   0.000      0.5666E-02  0.2317       0.000    
    58   12.60       4.038       1.385       2.750      0.2888       0.000      0.8445      0.3524E-02  0.3077       0.000     -0.3489E-02   0.000      0.4883E-02  0.2341       0.000    
    59   12.60       4.143       1.385       2.748      0.2863       0.000      0.8412      0.7606E-02  0.3067       0.000     -0.1972E-02   0.000      0.4253E-02  0.2361       0.000    
    60   12.60       4.245       1.385       2.741      0.2727      0.1279E-12  0.8379      0.9685E-02  0.3062       0.000     -0.1162E-02   0.000      0.3761E-02  0.2377       0.000    
    61   12.60       4.344       1.385       2.729      0.2687     -0.1292E-12  0.8346      0.1072E-01  0.3063       0.000     -0.7420E-03   0.000      0.3362E-02  0.2390       0.000    
    62   12.61       4.441       1.385       2.717      0.2645       0.000      0.8313      0.1139E-01  0.3064       0.000     -0.4125E-03   0.000      0.3017E-02  0.2402       0.000    
    63   12.61       4.538       1.385       2.705      0.2601       0.000      0.8279      0.1182E-01  0.3065       0.000     -0.1598E-03   0.000      0.2717E-02  0.2411       0.000    
    64   12.61       4.634       1.385       2.693      0.2554       0.000      0.8246      0.1208E-01  0.3066       0.000      0.3745E-04   0.000      0.2454E-02  0.2420       0.000    
    65   12.62       4.728       1.385       2.681      0.2506       0.000      0.8214      0.1223E-01  0.3067       0.000      0.1941E-03   0.000      0.2224E-02  0.2427       0.000    
    66   12.62       4.821       1.385       2.670      0.2456       0.000      0.8181      0.1230E-01  0.3068       0.000      0.3204E-03   0.000      0.2023E-02  0.2434       0.000    
    67   12.62       4.912       1.385       2.659      0.2404     -0.1407E-12  0.8149      0.1231E-01  0.3069       0.000      0.4235E-03   0.000      0.1845E-02  0.2440       0.000    
    68   12.62       5.001       1.385       2.648      0.2350      0.1434E-12  0.8118      0.1228E-01  0.3070       0.000      0.5084E-03   0.000      0.1689E-02  0.2445       0.000    
    69   12.63       5.089       1.385       2.637      0.2294       0.000      0.8087      0.1222E-01  0.3071       0.000      0.5790E-03   0.000      0.1551E-02  0.2449       0.000    
    70   12.63       5.175       1.385       2.626      0.2236     -0.1494E-12  0.8056      0.1213E-01  0.3071       0.000      0.6381E-03   0.000      0.1429E-02  0.2453       0.000    
    71   12.63       5.260       1.385       2.616      0.2177      0.1529E-12  0.8027      0.1203E-01  0.3072       0.000      0.6879E-03   0.000      0.1322E-02  0.2457       0.000    
    72   12.64       5.342       1.385       2.606      0.2117       0.000      0.7998      0.1192E-01  0.3073       0.000      0.7300E-03   0.000      0.1227E-02  0.2460       0.000    
    73   12.64       5.422       1.385       2.596      0.2055       0.000      0.7969      0.1180E-01  0.3074       0.000      0.7657E-03   0.000      0.1143E-02  0.2463       0.000    
    74   12.64       5.500       1.385       2.586      0.1991       0.000      0.7942      0.1167E-01  0.3074       0.000      0.7961E-03   0.000      0.1068E-02  0.2465       0.000    
    75   12.64       5.576       1.385       2.577      0.1926       0.000      0.7915      0.1155E-01  0.3075       0.000      0.8220E-03   0.000      0.1003E-02  0.2467       0.000    
    76   12.64       5.650       1.385       2.568      0.1860       0.000      0.7889      0.1142E-01  0.3076       0.000      0.8441E-03   0.000      0.9443E-03  0.2469       0.000    
    77   12.65       5.721       1.385       2.559      0.1793       0.000      0.7863      0.1129E-01  0.3076       0.000      0.8630E-03   0.000      0.8928E-03  0.2471       0.000    
    78   12.65       5.790       1.385       2.551      0.1724       0.000      0.7839      0.1117E-01  0.3077       0.000      0.8791E-03   0.000      0.8471E-03  0.2472       0.000    
    79   12.65       5.856       1.385       2.543      0.1655       0.000      0.7816      0.1105E-01  0.3078       0.000      0.8928E-03   0.000      0.8068E-03  0.2474       0.000    
    80   12.65       5.920       1.385       2.535      0.1584       0.000      0.7793      0.1093E-01  0.3078       0.000      0.9045E-03   0.000      0.7711E-03  0.2475       0.000    
    81   12.65       5.981       1.385       2.527      0.1513       0.000      0.7772      0.1081E-01  0.3079       0.000      0.9143E-03   0.000      0.7396E-03  0.2476       0.000    
    82   12.66       6.040       1.385       2.520      0.1440       0.000      0.7751      0.1070E-01  0.3080       0.000      0.9227E-03   0.000      0.7119E-03  0.2477       0.000    
    83   12.66       6.095       1.385       2.513      0.1367       0.000      0.7732      0.1060E-01  0.3080       0.000      0.9297E-03   0.000      0.6874E-03  0.2478       0.000    
    84   12.66       6.148       1.385       2.507      0.1293       0.000      0.7713      0.1050E-01  0.3081       0.000      0.9355E-03   0.000      0.6659E-03  0.2478       0.000    
    85   12.66       6.198       1.385       2.501      0.1218       0.000      0.7696      0.1040E-01  0.3081       0.000      0.9403E-03   0.000      0.6471E-03  0.2479       0.000    
    86   12.66       6.246       1.385       2.495      0.1142       0.000      0.7679      0.1032E-01  0.3082       0.000      0.9443E-03   0.000      0.6307E-03  0.2480       0.000    
    87   12.66       6.290       1.385       2.489      0.1066       0.000      0.7664      0.1023E-01  0.3082       0.000      0.9475E-03   0.000      0.6163E-03  0.2480       0.000    
    88   12.67       6.331       1.385       2.484      0.9895E-01   0.000      0.7649      0.1016E-01  0.3083       0.000      0.9500E-03   0.000      0.6039E-03  0.2480       0.000    
    89   12.67       6.370       1.385       2.479      0.9122E-01   0.000      0.7636      0.1009E-01  0.3083       0.000      0.9520E-03   0.000      0.5931E-03  0.2481       0.000    
    90   12.67       6.405       1.385       2.475      0.8345E-01   0.000      0.7624      0.1002E-01  0.3084       0.000      0.9535E-03   0.000      0.5839E-03  0.2481       0.000    
    91   12.67       6.437       1.385       2.471      0.7563E-01   0.000      0.7613      0.9961E-02  0.3084       0.000      0.9546E-03   0.000      0.5760E-03  0.2481       0.000    
    92   12.67       6.466       1.385       2.468      0.6777E-01   0.000      0.7602      0.9908E-02  0.3085       0.000      0.9554E-03   0.000      0.5693E-03  0.2482       0.000    
    93   12.67       6.492       1.385       2.464      0.5988E-01   0.000      0.7594      0.9860E-02  0.3085       0.000      0.9560E-03   0.000      0.5636E-03  0.2482       0.000    
    94   12.67       6.515       1.385       2.462      0.5196E-01   0.000      0.7586      0.9818E-02  0.3085       0.000      0.9563E-03   0.000      0.5589E-03  0.2482       0.000    
    95   12.67       6.534       1.385       2.459      0.4401E-01   0.000      0.7579      0.9783E-02  0.3086       0.000      0.9564E-03   0.000      0.5551E-03  0.2482       0.000    
    96   12.67       6.550       1.385       2.457      0.3604E-01   0.000      0.7573      0.9753E-02  0.3086       0.000      0.9563E-03   0.000      0.5521E-03  0.2482       0.000    
    97   12.67       6.563       1.385       2.456      0.2805E-01   0.000      0.7569      0.9729E-02  0.3086       0.000      0.9561E-03   0.000      0.5497E-03  0.2482       0.000    
    98   12.67       6.573       1.385       2.454      0.2004E-01   0.000      0.7565      0.9712E-02  0.3086       0.000      0.9558E-03   0.000      0.5480E-03  0.2482       0.000    
    99   12.67       6.580       1.385       2.454      0.1203E-01   0.000      0.7563      0.9700E-02  0.3086       0.000      0.9551E-03   0.000      0.5468E-03  0.2482       0.000    
   100   12.67       6.583       1.385       2.453      0.4011E-02   0.000      0.7562      0.9694E-02  0.3086       0.000      0.9533E-03   0.000      0.5463E-03  0.2482       0.000    

 Surface forces referred to Sref,Cref,Bref about Xmom,Ymom,Zmom
 Standard axis orientation,  X fwd, Z down         

  Surface # 2     main_wing_1 (YDUP)                      
     # chordwise = 10   # spanwise =100     First strip =101
     Surface area =  17.880           ave. chord =  2.7158    
     CLsurf  =   0.097597     Clsurf  =   0.011051
     CYsurf  =   0.000120     Cmsurf  =  -0.055833
     CDsurf  =   0.002939     Cnsurf  =   0.000287
     CDisurf =   0.000880     CDvsurf =   0.000000

  Forces referred to Ssurf, Cave about hinge axis thru LE
     cl_surf =   0.357048     cd_surf =   0.010754

 Strip Forces referred to strip area, chord
    j    xLE         yLE         zLE         Chord       Area        Dihedral   c cl        ai_ff       cl           clj         cd          cdv         cm_c/4     c.p.x/c      Dcj
   101   12.59     -0.4115E-03   1.385       2.797      0.4604E-02   0.000      0.8007      0.3694E-01  0.2865       0.000      0.3287E-02   0.000     -0.3488E-02  0.2622       0.000    
   102   12.59     -0.3702E-02   1.385       2.797      0.1381E-01   0.000      0.8007      0.1835E-01  0.2865       0.000      0.3287E-02   0.000     -0.3488E-02  0.2622       0.000    
   103   12.59     -0.1028E-01   1.385       2.797      0.2299E-01   0.000      0.8007      0.1686E-01  0.2865       0.000      0.3287E-02   0.000     -0.3487E-02  0.2622       0.000    
   104   12.59     -0.2014E-01   1.385       2.797      0.3216E-01   0.000      0.8007      0.1646E-01  0.2865       0.000      0.3287E-02   0.000     -0.3486E-02  0.2622       0.000    
   105   12.59     -0.3327E-01   1.385       2.797      0.4130E-01   0.000      0.8007      0.1629E-01  0.2865       0.000      0.3286E-02   0.000     -0.3484E-02  0.2622       0.000    
   106   12.59     -0.4966E-01   1.385       2.797      0.5039E-01   0.000      0.8007      0.1620E-01  0.2865       0.000      0.3284E-02   0.000     -0.3479E-02  0.2621       0.000    
   107   12.59     -0.6930E-01   1.385       2.797      0.5943E-01   0.000      0.8008      0.1614E-01  0.2865       0.000      0.3280E-02   0.000     -0.3470E-02  0.2621       0.000    
   108   12.59     -0.9215E-01   1.385       2.797      0.6842E-01   0.000      0.8008      0.1609E-01  0.2865       0.000      0.3273E-02   0.000     -0.3457E-02  0.2621       0.000    
   109   12.59     -0.1182       1.385       2.797      0.7734E-01   0.000      0.8010      0.1606E-01  0.2866       0.000      0.3264E-02   0.000     -0.3437E-02  0.2620       0.000    
   110   12.59     -0.1474       1.385       2.797      0.8618E-01   0.000      0.8011      0.1602E-01  0.2866       0.000      0.3250E-02   0.000     -0.3409E-02  0.2619       0.000    
   111   12.59     -0.1798       1.385       2.797      0.9493E-01   0.000      0.8013      0.1599E-01  0.2867       0.000      0.3231E-02   0.000     -0.3370E-02  0.2618       0.000    
   112   12.59     -0.2153       1.385       2.797      0.1036       0.000      0.8017      0.1596E-01  0.2868       0.000      0.3206E-02   0.000     -0.3319E-02  0.2616       0.000    
   113   12.59     -0.2539       1.385       2.797      0.1122       0.000      0.8020      0.1592E-01  0.2869       0.000      0.3173E-02   0.000     -0.3254E-02  0.2613       0.000    
   114   12.59     -0.2955       1.385       2.797      0.1206       0.000      0.8025      0.1588E-01  0.2871       0.000      0.3132E-02   0.000     -0.3171E-02  0.2610       0.000    
   115   12.59     -0.3401       1.385       2.797      0.1289      0.2760E-12  0.8032      0.1582E-01  0.2874       0.000      0.3079E-02   0.000     -0.3069E-02  0.2607       0.000    
   116   12.59     -0.3877       1.385       2.797      0.1371     -0.2595E-12  0.8039      0.1575E-01  0.2876       0.000      0.3015E-02   0.000     -0.2944E-02  0.2602       0.000    
   117   12.59     -0.4381       1.385       2.797      0.1452       0.000      0.8048      0.1567E-01  0.2879       0.000      0.2936E-02   0.000     -0.2795E-02  0.2597       0.000    
   118   12.59     -0.4915       1.385       2.797      0.1531       0.000      0.8059      0.1556E-01  0.2883       0.000      0.2841E-02   0.000     -0.2618E-02  0.2591       0.000    
   119   12.59     -0.5476       1.385       2.797      0.1609       0.000      0.8071      0.1542E-01  0.2888       0.000      0.2727E-02   0.000     -0.2411E-02  0.2583       0.000    
   120   12.59     -0.6065       1.385       2.797      0.1685       0.000      0.8085      0.1524E-01  0.2893       0.000      0.2590E-02   0.000     -0.2172E-02  0.2575       0.000    
   121   12.59     -0.6681       1.385       2.797      0.1760     -0.2022E-12  0.8101      0.1502E-01  0.2899       0.000      0.2426E-02   0.000     -0.1897E-02  0.2565       0.000    
   122   12.59     -0.7323       1.385       2.797      0.1832      0.1942E-12  0.8119      0.1473E-01  0.2905       0.000      0.2232E-02   0.000     -0.1584E-02  0.2555       0.000    
   123   12.59     -0.7991       1.385       2.797      0.1903       0.000      0.8139      0.1437E-01  0.2913       0.000      0.1999E-02   0.000     -0.1231E-02  0.2542       0.000    
   124   12.59     -0.8684       1.385       2.797      0.1972       0.000      0.8162      0.1389E-01  0.2921       0.000      0.1720E-02   0.000     -0.8355E-03  0.2529       0.000    
   125   12.59     -0.9401       1.385       2.797      0.2040       0.000      0.8186      0.1327E-01  0.2930       0.000      0.1381E-02   0.000     -0.3942E-03  0.2513       0.000    
   126   12.59      -1.014       1.385       2.797      0.2105       0.000      0.8212      0.1244E-01  0.2939       0.000      0.9613E-03   0.000      0.9606E-04  0.2497       0.000    
   127   12.59      -1.091       1.385       2.797      0.2168       0.000      0.8241      0.1128E-01  0.2950       0.000      0.4291E-03   0.000      0.6396E-03  0.2478       0.000    
   128   12.59      -1.169       1.385       2.797      0.2229       0.000      0.8271      0.9622E-02  0.2961       0.000     -0.2753E-03   0.000      0.1243E-02  0.2458       0.000    
   129   12.59      -1.250       1.385       2.797      0.2287       0.000      0.8302      0.7066E-02  0.2973       0.000     -0.1271E-02   0.000      0.1915E-02  0.2436       0.000    
   130   12.59      -1.333       1.385       2.797      0.2344     -0.1518E-12  0.8336      0.2670E-02  0.2986       0.000     -0.2836E-02   0.000      0.2673E-02  0.2410       0.000    
   131   12.59      -1.417       1.385       2.797      0.2398      0.1484E-12  0.8371     -0.6743E-02  0.3000       0.000     -0.5789E-02   0.000      0.3549E-02  0.2382       0.000    
   132   12.59      -1.504       1.385       2.797      0.2450       0.000      0.8409     -0.4661E-01  0.3019       0.000     -0.1614E-01   0.000      0.4618E-02  0.2347       0.000    
   133   12.59      -1.580       1.385       2.797      0.1796       0.000      0.6399      0.4878E-01  0.4551      0.2267      0.4649E-01   0.000      0.4373E-01  0.1539       2.971    
   134   12.59      -1.656       1.385       2.796      0.2478       0.000      0.5918      0.4708E-01  0.4571      0.2457      0.3495E-01   0.000      0.4489E-01  0.1518       2.972    
   135   12.59      -1.746       1.385       2.795      0.2520     -0.1411E-12  0.5650      0.4591E-01  0.4587      0.2568      0.3237E-01   0.000      0.4601E-01  0.1497       2.974    
   136   12.59      -1.837       1.385       2.793      0.2559      0.1389E-12  0.5473      0.4505E-01  0.4599      0.2643      0.3132E-01   0.000      0.4697E-01  0.1479       2.976    
   137   12.59      -1.929       1.385       2.791      0.2595       0.000      0.5346      0.4439E-01  0.4610      0.2697      0.3077E-01   0.000      0.4777E-01  0.1464       2.977    
   138   12.59      -2.023       1.385       2.789      0.2629     -0.1350E-12  0.5250      0.4386E-01  0.4616      0.2737      0.3044E-01   0.000      0.4842E-01  0.1451       2.979    
   139   12.59      -2.117       1.385       2.787      0.2660      0.1333E-12  0.5176      0.4343E-01  0.4618      0.2764      0.3021E-01   0.000      0.4888E-01  0.1441       2.981    
   140   12.59      -2.213       1.385       2.786      0.2688       0.000      0.5119      0.4308E-01  0.4614      0.2778      0.3003E-01   0.000      0.4912E-01  0.1435       2.983    
   141   12.59      -2.310       1.385       2.784      0.2714       0.000      0.5074      0.4281E-01  0.4601      0.2780      0.2986E-01   0.000      0.4907E-01  0.1433       2.985    
   142   12.59      -2.408       1.385       2.782      0.2737      0.1293E-12  0.5041      0.4270E-01  0.4580      0.2770      0.2968E-01   0.000      0.4877E-01  0.1435       2.987    
   143   12.59      -2.507       1.385       2.780      0.2757     -0.1283E-12  0.5017      0.4283E-01  0.4559      0.2757      0.2954E-01   0.000      0.4841E-01  0.1438       2.990    
   144   12.59      -2.607       1.385       2.778      0.2775       0.000      0.5005      0.4680E-01  0.4550      0.2750      0.2948E-01   0.000      0.4826E-01  0.1439       2.992    
   145   12.59      -2.707       1.385       2.776      0.2790       0.000      0.5003      0.3720E-01  0.4557      0.2757      0.2954E-01   0.000      0.4846E-01  0.1437       2.994    
   146   12.59      -2.808       1.385       2.774      0.2802       0.000      0.5012      0.4238E-01  0.4579      0.2774      0.2969E-01   0.000      0.4892E-01  0.1432       2.996    
   147   12.59      -2.909       1.385       2.772      0.2811       0.000      0.5033      0.4259E-01  0.4609      0.2796      0.2991E-01   0.000      0.4953E-01  0.1425       2.998    
   148   12.59      -3.011       1.385       2.770      0.2817       0.000      0.5065      0.4268E-01  0.4639      0.2813      0.3017E-01   0.000      0.5007E-01  0.1421       3.000    
   149   12.59      -3.112       1.385       2.768      0.2821       0.000      0.5109      0.4293E-01  0.4661      0.2818      0.3044E-01   0.000      0.5033E-01  0.1420       3.002    
   150   12.60      -3.214       1.385       2.766      0.2821       0.000      0.5169      0.4329E-01  0.4674      0.2808      0.3072E-01   0.000      0.5028E-01  0.1424       3.004    
   151   12.60      -3.316       1.385       2.764      0.2819       0.000      0.5250      0.4375E-01  0.4680      0.2783      0.3107E-01   0.000      0.4999E-01  0.1432       3.007    
   152   12.60      -3.418       1.385       2.762      0.2814     -0.1249E-12  0.5360      0.4433E-01  0.4681      0.2743      0.3158E-01   0.000      0.4948E-01  0.1443       3.009    
   153   12.60      -3.520       1.385       2.760      0.2807      0.1251E-12  0.5518      0.4512E-01  0.4678      0.2682      0.3245E-01   0.000      0.4877E-01  0.1458       3.011    
   154   12.60      -3.622       1.385       2.758      0.2797       0.000      0.5759      0.4623E-01  0.4672      0.2587      0.3432E-01   0.000      0.4786E-01  0.1476       3.013    
   155   12.60      -3.723       1.385       2.756      0.2784       0.000      0.6203      0.4796E-01  0.4661      0.2413      0.4147E-01   0.000      0.4669E-01  0.1498       3.015    
   156   12.60      -3.827       1.385       2.754      0.2931      0.1196E-12  0.8509     -0.4380E-01  0.3103       0.000     -0.1665E-01   0.000      0.6727E-02  0.2283       0.000    
   157   12.60      -3.933       1.385       2.752      0.2911     -0.1203E-12  0.8475     -0.5238E-02  0.3087       0.000     -0.6398E-02   0.000      0.5676E-02  0.2316       0.000    
   158   12.60      -4.038       1.385       2.750      0.2888       0.000      0.8443      0.3539E-02  0.3076       0.000     -0.3495E-02   0.000      0.4894E-02  0.2341       0.000    
   159   12.60      -4.143       1.385       2.748      0.2863       0.000      0.8411      0.7619E-02  0.3066       0.000     -0.1978E-02   0.000      0.4265E-02  0.2361       0.000    
   160   12.60      -4.245       1.385       2.741      0.2727     -0.1279E-12  0.8378      0.9697E-02  0.3062       0.000     -0.1169E-02   0.000      0.3773E-02  0.2377       0.000    
   161   12.60      -4.344       1.385       2.729      0.2687      0.1292E-12  0.8345      0.1073E-01  0.3063       0.000     -0.7488E-03   0.000      0.3375E-02  0.2390       0.000    
   162   12.61      -4.441       1.385       2.717      0.2645       0.000      0.8312      0.1140E-01  0.3064       0.000     -0.4191E-03   0.000      0.3029E-02  0.2401       0.000    
   163   12.61      -4.538       1.385       2.705      0.2601       0.000      0.8279      0.1183E-01  0.3065       0.000     -0.1662E-03   0.000      0.2728E-02  0.2411       0.000    
   164   12.61      -4.634       1.385       2.693      0.2554       0.000      0.8246      0.1209E-01  0.3066       0.000      0.3138E-04   0.000      0.2465E-02  0.2420       0.000    
   165   12.62      -4.728       1.385       2.681      0.2506       0.000      0.8214      0.1224E-01  0.3067       0.000      0.1884E-03   0.000      0.2235E-02  0.2427       0.000    
   166   12.62      -4.821       1.385       2.670      0.2456       0.000      0.8181      0.1231E-01  0.3068       0.000      0.3150E-03   0.000      0.2033E-02  0.2434       0.000    
   167   12.62      -4.912       1.385       2.659      0.2404      0.1407E-12  0.8150      0.1232E-01  0.3069       0.000      0.4184E-03   0.000      0.1855E-02  0.2440       0.000    
   168   12.62      -5.001       1.385       2.648      0.2350     -0.1434E-12  0.8118      0.1229E-01  0.3070       0.000      0.5036E-03   0.000      0.1698E-02  0.2445       0.000    
   169   12.63      -5.089       1.385       2.637      0.2294       0.000      0.8087      0.1223E-01  0.3071       0.000      0.5745E-03   0.000      0.1559E-02  0.2449       0.000    
   170   12.63      -5.175       1.385       2.626      0.2236      0.1494E-12  0.8057      0.1214E-01  0.3072       0.000      0.6339E-03   0.000      0.1437E-02  0.2453       0.000    
   171   12.63      -5.260       1.385       2.616      0.2177     -0.1529E-12  0.8027      0.1204E-01  0.3072       0.000      0.6839E-03   0.000      0.1329E-02  0.2457       0.000    
   172   12.64      -5.342       1.385       2.606      0.2117       0.000      0.7998      0.1192E-01  0.3073       0.000      0.7262E-03   0.000      0.1234E-02  0.2460       0.000    
   173   12.64      -5.422       1.385       2.596      0.2055       0.000      0.7970      0.1180E-01  0.3074       0.000      0.7621E-03   0.000      0.1149E-02  0.2463       0.000    
   174   12.64      -5.500       1.385       2.586      0.1991       0.000      0.7942      0.1168E-01  0.3075       0.000      0.7927E-03   0.000      0.1074E-02  0.2465       0.000    
   175   12.64      -5.576       1.385       2.577      0.1926       0.000      0.7915      0.1155E-01  0.3075       0.000      0.8188E-03   0.000      0.1008E-02  0.2467       0.000    
   176   12.64      -5.650       1.385       2.568      0.1860       0.000      0.7889      0.1142E-01  0.3076       0.000      0.8411E-03   0.000      0.9495E-03  0.2469       0.000    
   177   12.65      -5.721       1.385       2.559      0.1793       0.000      0.7864      0.1130E-01  0.3077       0.000      0.8601E-03   0.000      0.8976E-03  0.2471       0.000    
   178   12.65      -5.790       1.385       2.551      0.1724       0.000      0.7840      0.1117E-01  0.3077       0.000      0.8763E-03   0.000      0.8517E-03  0.2472       0.000    
   179   12.65      -5.856       1.385       2.543      0.1655       0.000      0.7816      0.1105E-01  0.3078       0.000      0.8901E-03   0.000      0.8111E-03  0.2474       0.000    
   180   12.65      -5.920       1.385       2.535      0.1584       0.000      0.7794      0.1093E-01  0.3078       0.000      0.9019E-03   0.000      0.7752E-03  0.2475       0.000    
   181   12.65      -5.981       1.385       2.527      0.1513       0.000      0.7772      0.1082E-01  0.3079       0.000      0.9119E-03   0.000      0.7434E-03  0.2476       0.000    
   182   12.66      -6.040       1.385       2.520      0.1440       0.000      0.7752      0.1071E-01  0.3080       0.000      0.9203E-03   0.000      0.7155E-03  0.2477       0.000    
   183   12.66      -6.095       1.385       2.513      0.1367       0.000      0.7732      0.1060E-01  0.3080       0.000      0.9274E-03   0.000      0.6909E-03  0.2478       0.000    
   184   12.66      -6.148       1.385       2.507      0.1293       0.000      0.7714      0.1050E-01  0.3081       0.000      0.9333E-03   0.000      0.6692E-03  0.2478       0.000    
   185   12.66      -6.198       1.385       2.501      0.1218       0.000      0.7696      0.1041E-01  0.3081       0.000      0.9382E-03   0.000      0.6503E-03  0.2479       0.000    
   186   12.66      -6.246       1.385       2.495      0.1142       0.000      0.7680      0.1032E-01  0.3082       0.000      0.9422E-03   0.000      0.6337E-03  0.2479       0.000    
   187   12.66      -6.290       1.385       2.489      0.1066       0.000      0.7664      0.1024E-01  0.3083       0.000      0.9455E-03   0.000      0.6192E-03  0.2480       0.000    
   188   12.67      -6.331       1.385       2.484      0.9895E-01   0.000      0.7650      0.1016E-01  0.3083       0.000      0.9481E-03   0.000      0.6067E-03  0.2480       0.000    
   189   12.67      -6.370       1.385       2.479      0.9122E-01   0.000      0.7636      0.1009E-01  0.3084       0.000      0.9501E-03   0.000      0.5958E-03  0.2481       0.000    
   190   12.67      -6.405       1.385       2.475      0.8345E-01   0.000      0.7624      0.1002E-01  0.3084       0.000      0.9517E-03   0.000      0.5865E-03  0.2481       0.000    
   191   12.67      -6.437       1.385       2.471      0.7563E-01   0.000      0.7613      0.9963E-02  0.3084       0.000      0.9528E-03   0.000      0.5785E-03  0.2481       0.000    
   192   12.67      -6.466       1.385       2.468      0.6777E-01   0.000      0.7603      0.9909E-02  0.3085       0.000      0.9537E-03   0.000      0.5717E-03  0.2481       0.000    
   193   12.67      -6.492       1.385       2.464      0.5988E-01   0.000      0.7594      0.9862E-02  0.3085       0.000      0.9542E-03   0.000      0.5660E-03  0.2482       0.000    
   194   12.67      -6.515       1.385       2.462      0.5196E-01   0.000      0.7586      0.9820E-02  0.3085       0.000      0.9546E-03   0.000      0.5613E-03  0.2482       0.000    
   195   12.67      -6.534       1.385       2.459      0.4401E-01   0.000      0.7579      0.9784E-02  0.3086       0.000      0.9547E-03   0.000      0.5574E-03  0.2482       0.000    
   196   12.67      -6.550       1.385       2.457      0.3604E-01   0.000      0.7574      0.9755E-02  0.3086       0.000      0.9546E-03   0.000      0.5543E-03  0.2482       0.000    
   197   12.67      -6.563       1.385       2.456      0.2805E-01   0.000      0.7569      0.9731E-02  0.3086       0.000      0.9545E-03   0.000      0.5519E-03  0.2482       0.000    
   198   12.67      -6.573       1.385       2.454      0.2004E-01   0.000      0.7566      0.9713E-02  0.3086       0.000      0.9542E-03   0.000      0.5502E-03  0.2482       0.000    
   199   12.67      -6.580       1.385       2.454      0.1203E-01   0.000      0.7564      0.9701E-02  0.3086       0.000      0.9534E-03   0.000      0.5491E-03  0.2482       0.000    
   200   12.67      -6.583       1.385       2.453      0.4011E-02   0.000      0.7563      0.9695E-02  0.3086       0.000      0.9516E-03   0.000      0.5485E-03  0.2482       0.000    

 Surface forces referred to Sref,Cref,Bref about Xmom,Ymom,Zmom
 Standard axis orientation,  X fwd, Z down         

  Surface # 3     main_wing_2                             
     # chordwise = 10   # spanwise =100     First strip =201
     Surface area =  14.826           ave. chord =  1.9968    
     CLsurf  =   0.080265     Clsurf  =  -0.028352
     CYsurf  =  -0.000225     Cmsurf  =  -0.046311
     CDsurf  =   0.002439     Cnsurf  =  -0.000542
     CDisurf =   0.000606     CDvsurf =   0.000000

  Forces referred to Ssurf, Cave about hinge axis thru LE
     cl_surf =   0.354128     cd_surf =   0.010761

 Strip Forces referred to strip area, chord
    j    xLE         yLE         zLE         Chord       Area        Dihedral   c cl        ai_ff       cl           clj         cd          cdv         cm_c/4     c.p.x/c      Dcj
   201   12.67       6.584       1.385       2.453      0.4528E-02   0.000      0.7562      0.9692E-02  0.3086       0.000      0.9535E-03   0.000      0.5462E-03  0.2482       0.000    
   202   12.67       6.588       1.385       2.453      0.1358E-01   0.000      0.7561      0.9686E-02  0.3086       0.000      0.9553E-03   0.000      0.5456E-03  0.2482       0.000    
   203   12.67       6.595       1.385       2.452      0.2260E-01   0.000      0.7558      0.9672E-02  0.3086       0.000      0.9561E-03   0.000      0.5444E-03  0.2482       0.000    
   204   12.67       6.606       1.385       2.450      0.3159E-01   0.000      0.7554      0.9652E-02  0.3087       0.000      0.9565E-03   0.000      0.5426E-03  0.2482       0.000    
   205   12.67       6.621       1.385       2.449      0.4054E-01   0.000      0.7549      0.9626E-02  0.3087       0.000      0.9568E-03   0.000      0.5403E-03  0.2482       0.000    
   206   12.68       6.639       1.385       2.446      0.4942E-01 -0.6298E-12  0.7543      0.9592E-02  0.3087       0.000      0.9570E-03   0.000      0.5376E-03  0.2483       0.000    
   207   12.68       6.661       1.385       2.444      0.5823E-01  0.5339E-12  0.7535      0.9553E-02  0.3087       0.000      0.9570E-03   0.000      0.5346E-03  0.2483       0.000    
   208   12.68       6.687       1.385       2.440      0.6694E-01   0.000      0.7527      0.9507E-02  0.3088       0.000      0.9568E-03   0.000      0.5313E-03  0.2483       0.000    
   209   12.68       6.716       1.385       2.437      0.7556E-01   0.000      0.7517      0.9454E-02  0.3088       0.000      0.9563E-03   0.000      0.5280E-03  0.2483       0.000    
   210   12.68       6.749       1.385       2.433      0.8405E-01   0.000      0.7505      0.9396E-02  0.3089       0.000      0.9556E-03   0.000      0.5247E-03  0.2483       0.000    
   211   12.68       6.785       1.385       2.428      0.9243E-01   0.000      0.7493      0.9331E-02  0.3089       0.000      0.9545E-03   0.000      0.5217E-03  0.2483       0.000    
   212   12.68       6.825       1.385       2.424      0.1007       0.000      0.7479      0.9261E-02  0.3090       0.000      0.9529E-03   0.000      0.5190E-03  0.2483       0.000    
   213   12.68       6.868       1.385       2.418      0.1087       0.000      0.7465      0.9185E-02  0.3091       0.000      0.9508E-03   0.000      0.5170E-03  0.2483       0.000    
   214   12.68       6.915       1.385       2.412      0.1166       0.000      0.7449      0.9103E-02  0.3091       0.000      0.9480E-03   0.000      0.5157E-03  0.2483       0.000    
   215   12.69       6.965       1.385       2.406      0.1244       0.000      0.7432      0.9015E-02  0.3092       0.000      0.9445E-03   0.000      0.5156E-03  0.2483       0.000    
   216   12.69       7.018       1.385       2.400      0.1319      0.2314E-12  0.7414      0.8923E-02  0.3093       0.000      0.9401E-03   0.000      0.5168E-03  0.2483       0.000    
   217   12.69       7.075       1.385       2.393      0.1393     -0.2185E-12  0.7395      0.8824E-02  0.3094       0.000      0.9346E-03   0.000      0.5196E-03  0.2483       0.000    
   218   12.69       7.135       1.385       2.385      0.1464     -0.2072E-12  0.7375      0.8721E-02  0.3095       0.000      0.9280E-03   0.000      0.5245E-03  0.2483       0.000    
   219   12.69       7.198       1.385       2.378      0.1534      0.1972E-12  0.7354      0.8612E-02  0.3097       0.000      0.9200E-03   0.000      0.5317E-03  0.2483       0.000    
   220   12.69       7.264       1.385       2.370      0.1601      0.1883E-12  0.7332      0.8498E-02  0.3098       0.000      0.9104E-03   0.000      0.5418E-03  0.2483       0.000    
   221   12.70       7.333       1.385       2.361      0.1666       0.000      0.7310      0.8378E-02  0.3100       0.000      0.8989E-03   0.000      0.5553E-03  0.2482       0.000    
   222   12.70       7.405       1.385       2.352      0.1728     -0.1732E-12  0.7286      0.8252E-02  0.3101       0.000      0.8852E-03   0.000      0.5728E-03  0.2482       0.000    
   223   12.70       7.480       1.385       2.343      0.1788       0.000      0.7261      0.8120E-02  0.3103       0.000      0.8689E-03   0.000      0.5950E-03  0.2481       0.000    
   224   12.70       7.557       1.385       2.333      0.1845       0.000      0.7236      0.7980E-02  0.3105       0.000      0.8496E-03   0.000      0.6228E-03  0.2480       0.000    
   225   12.71       7.638       1.385       2.324      0.1900       0.000      0.7210      0.7832E-02  0.3107       0.000      0.8266E-03   0.000      0.6573E-03  0.2479       0.000    
   226   12.71       7.721       1.385       2.313      0.1952       0.000      0.7184      0.7674E-02  0.3109       0.000      0.7993E-03   0.000      0.6997E-03  0.2477       0.000    
   227   12.71       7.807       1.385       2.303      0.2001       0.000      0.7157      0.7503E-02  0.3112       0.000      0.7666E-03   0.000      0.7516E-03  0.2476       0.000    
   228   12.71       7.895       1.385       2.292      0.2048      0.1424E-12  0.7129      0.7317E-02  0.3114       0.000      0.7275E-03   0.000      0.8149E-03  0.2474       0.000    
   229   12.72       7.985       1.385       2.281      0.2092     -0.1387E-12  0.7101      0.7111E-02  0.3117       0.000      0.6803E-03   0.000      0.8920E-03  0.2471       0.000    
   230   12.72       8.078       1.385       2.269      0.2132       0.000      0.7072      0.6879E-02  0.3120       0.000      0.6231E-03   0.000      0.9856E-03  0.2468       0.000    
   231   12.72       8.173       1.385       2.258      0.2170       0.000      0.7043      0.6613E-02  0.3124       0.000      0.5529E-03   0.000      0.1099E-02  0.2465       0.000    
   232   12.73       8.270       1.385       2.246      0.2206       0.000      0.7014      0.6300E-02  0.3127       0.000      0.4660E-03   0.000      0.1238E-02  0.2460       0.000    
   233   12.73       8.369       1.385       2.234      0.2238       0.000      0.6985      0.5922E-02  0.3131       0.000      0.3571E-03   0.000      0.1407E-02  0.2455       0.000    
   234   12.73       8.471       1.385       2.221      0.2267       0.000      0.6955      0.5454E-02  0.3135       0.000      0.2184E-03   0.000      0.1613E-02  0.2449       0.000    
   235   12.73       8.574       1.385       2.209      0.2293      0.1225E-12  0.6925      0.4855E-02  0.3140       0.000      0.3823E-04   0.000      0.1865E-02  0.2441       0.000    
   236   12.74       8.678       1.385       2.196      0.2317     -0.1206E-12  0.6896      0.4060E-02  0.3145       0.000     -0.2017E-03   0.000      0.2176E-02  0.2431       0.000    
   237   12.74       8.785       1.385       2.183      0.2337     -0.1188E-12  0.6866      0.2959E-02  0.3150       0.000     -0.5318E-03   0.000      0.2560E-02  0.2419       0.000    
   238   12.74       8.892       1.385       2.169      0.2355      0.1172E-12  0.6837      0.1351E-02  0.3157       0.000     -0.1007E-02   0.000      0.3038E-02  0.2404       0.000    
   239   12.75       9.002       1.385       2.156      0.2370       0.000      0.6808     -0.1182E-02  0.3163       0.000     -0.1737E-02   0.000      0.3642E-02  0.2385       0.000    
   240   12.75       9.112       1.385       2.142      0.2381      0.1144E-12  0.6781     -0.5665E-02  0.3171       0.000     -0.2987E-02   0.000      0.4416E-02  0.2361       0.000    
   241   12.75       9.224       1.385       2.129      0.2390     -0.1133E-12  0.6755     -0.1562E-01  0.3181       0.000     -0.5615E-02   0.000      0.5441E-02  0.2329       0.000    
   242   12.76       9.337       1.385       2.115      0.2397       0.000      0.6732     -0.6010E-01  0.3196       0.000     -0.1512E-01   0.000      0.6908E-02  0.2284       0.000    
   243   12.76       9.449       1.385       2.101      0.2315       0.000      0.4672      0.4694E-01  0.5247      0.3026      0.4461E-01   0.000      0.5974E-01  0.1361       3.956    
   244   12.76       9.559       1.385       2.087      0.2316       0.000      0.4257      0.4480E-01  0.5273      0.3236      0.3851E-01   0.000      0.6193E-01  0.1326       3.981    
   245   12.77       9.671       1.385       2.074      0.2315       0.000      0.4017      0.4345E-01  0.5293      0.3358      0.3687E-01   0.000      0.6375E-01  0.1295       4.008    
   246   12.77       9.782       1.385       2.060      0.2311       0.000      0.3851      0.4250E-01  0.5308      0.3441      0.3616E-01   0.000      0.6530E-01  0.1270       4.034    
   247   12.78       9.895       1.385       2.046      0.2305     -0.1129E-12  0.3724      0.4181E-01  0.5319      0.3501      0.3579E-01   0.000      0.6658E-01  0.1248       4.062    
   248   12.78       10.01       1.385       2.032      0.2296      0.1126E-12  0.3622      0.4129E-01  0.5322      0.3542      0.3554E-01   0.000      0.6755E-01  0.1231       4.089    
   249   12.78       10.12       1.385       2.018      0.2285       0.000      0.3537      0.4091E-01  0.5315      0.3565      0.3533E-01   0.000      0.6816E-01  0.1218       4.118    
   250   12.79       10.23       1.385       2.004      0.2271       0.000      0.3464      0.4070E-01  0.5296      0.3570      0.3511E-01   0.000      0.6838E-01  0.1209       4.146    
   251   12.79       10.35       1.385       1.990      0.2255     -0.1123E-12  0.3401      0.4055E-01  0.5273      0.3566      0.3491E-01   0.000      0.6841E-01  0.1203       4.175    
   252   12.79       10.46       1.385       1.976      0.2237      0.1124E-12  0.3348      0.3821E-01  0.5258      0.3567      0.3478E-01   0.000      0.6857E-01  0.1196       4.205    
   253   12.80       10.57       1.385       1.963      0.2217       0.000      0.3304      0.4206E-01  0.5261      0.3580      0.3478E-01   0.000      0.6905E-01  0.1187       4.234    
   254   12.80       10.69       1.385       1.949      0.2195       0.000      0.3269      0.4087E-01  0.5286      0.3611      0.3494E-01   0.000      0.7001E-01  0.1176       4.265    
   255   12.80       10.80       1.385       1.935      0.2171       0.000      0.3243      0.4095E-01  0.5322      0.3648      0.3519E-01   0.000      0.7109E-01  0.1164       4.295    
   256   12.81       10.91       1.385       1.921      0.2145       0.000      0.3227      0.4124E-01  0.5351      0.3673      0.3543E-01   0.000      0.7190E-01  0.1156       4.326    
   257   12.81       11.02       1.385       1.907      0.2117       0.000      0.3221      0.4170E-01  0.5367      0.3681      0.3565E-01   0.000      0.7229E-01  0.1153       4.357    
   258   12.81       11.13       1.385       1.894      0.2087       0.000      0.3229      0.4227E-01  0.5372      0.3670      0.3589E-01   0.000      0.7230E-01  0.1154       4.388    
   259   12.82       11.24       1.385       1.880      0.2055     -0.1164E-12  0.3257      0.4300E-01  0.5370      0.3640      0.3624E-01   0.000      0.7198E-01  0.1160       4.420    
   260   12.82       11.35       1.385       1.867      0.2022      0.1174E-12  0.3319      0.4397E-01  0.5362      0.3587      0.3690E-01   0.000      0.7135E-01  0.1169       4.451    
   261   12.82       11.46       1.385       1.854      0.1988       0.000      0.3443      0.4529E-01  0.5348      0.3493      0.3843E-01   0.000      0.7037E-01  0.1184       4.483    
   262   12.83       11.57       1.385       1.841      0.1951       0.000      0.3718      0.4733E-01  0.5327      0.3310      0.4427E-01   0.000      0.6894E-01  0.1206       4.515    
   263   12.83       11.67       1.385       1.827      0.2006       0.000      0.5380     -0.5407E-01  0.2955       0.000     -0.1271E-01   0.000      0.8815E-02  0.2202       0.000    
   264   12.83       11.78       1.385       1.814      0.1964      0.1175E-12  0.5272     -0.1049E-01  0.2913       0.000     -0.4358E-02   0.000      0.7318E-02  0.2249       0.000    
   265   12.84       11.89       1.385       1.801      0.1921       0.000      0.5166     -0.2238E-03  0.2874       0.000     -0.1957E-02   0.000      0.6309E-02  0.2280       0.000    
   266   12.84       12.00       1.385       1.788      0.1877     -0.1212E-12  0.5060      0.4716E-02  0.2835       0.000     -0.7670E-03   0.000      0.5583E-02  0.2303       0.000    
   267   12.84       12.10       1.385       1.775      0.1832     -0.1233E-12  0.4953      0.7750E-02  0.2794       0.000     -0.4073E-04   0.000      0.5055E-02  0.2319       0.000    
   268   12.85       12.20       1.385       1.762      0.1785       0.000      0.4845      0.9885E-02  0.2753       0.000      0.4547E-03   0.000      0.4676E-02  0.2330       0.000    
   269   12.85       12.30       1.385       1.750      0.1738      0.2563E-12  0.4736      0.1153E-01  0.2710       0.000      0.8174E-03   0.000      0.4413E-02  0.2337       0.000    
   270   12.85       12.40       1.385       1.738      0.1689       0.000      0.4626      0.1289E-01  0.2665       0.000      0.1096E-02   0.000      0.4245E-02  0.2341       0.000    
   271   12.86       12.50       1.385       1.726      0.1640     -0.1339E-12  0.4514      0.1407E-01  0.2618       0.000      0.1318E-02   0.000      0.4154E-02  0.2341       0.000    
   272   12.86       12.59       1.385       1.715      0.1590     -0.1372E-12  0.4400      0.1513E-01  0.2569       0.000      0.1500E-02   0.000      0.4125E-02  0.2339       0.000    
   273   12.86       12.68       1.385       1.703      0.1539      0.1408E-12  0.4284      0.1612E-01  0.2518       0.000      0.1652E-02   0.000      0.4149E-02  0.2335       0.000    
   274   12.86       12.77       1.385       1.692      0.1487       0.000      0.4166      0.1707E-01  0.2464       0.000      0.1781E-02   0.000      0.4216E-02  0.2329       0.000    
   275   12.87       12.86       1.385       1.682      0.1435       0.000      0.4046      0.1798E-01  0.2408       0.000      0.1891E-02   0.000      0.4319E-02  0.2321       0.000    
   276   12.87       12.94       1.385       1.671      0.1382       0.000      0.3924      0.1887E-01  0.2350       0.000      0.1985E-02   0.000      0.4450E-02  0.2311       0.000    
   277   12.87       13.02       1.385       1.661      0.1328       0.000      0.3798      0.1974E-01  0.2288       0.000      0.2066E-02   0.000      0.4604E-02  0.2299       0.000    
   278   12.87       13.10       1.385       1.652      0.1274       0.000      0.3670      0.2060E-01  0.2224       0.000      0.2134E-02   0.000      0.4775E-02  0.2285       0.000    
   279   12.88       13.18       1.385       1.642      0.1220       0.000      0.3539      0.2146E-01  0.2157       0.000      0.2191E-02   0.000      0.4956E-02  0.2270       0.000    
   280   12.88       13.25       1.385       1.634      0.1165       0.000      0.3405      0.2230E-01  0.2086       0.000      0.2237E-02   0.000      0.5143E-02  0.2254       0.000    
   281   12.88       13.32       1.385       1.625      0.1110       0.000      0.3268      0.2313E-01  0.2013       0.000      0.2272E-02   0.000      0.5328E-02  0.2235       0.000    
   282   12.88       13.39       1.385       1.617      0.1054       0.000      0.3128      0.2395E-01  0.1936       0.000      0.2296E-02   0.000      0.5505E-02  0.2216       0.000    
   283   12.88       13.45       1.385       1.609      0.9987E-01   0.000      0.2984      0.2475E-01  0.1856       0.000      0.2309E-02   0.000      0.5668E-02  0.2195       0.000    
   284   12.89       13.51       1.385       1.601      0.9426E-01   0.000      0.2837      0.2553E-01  0.1773       0.000      0.2311E-02   0.000      0.5809E-02  0.2172       0.000    
   285   12.89       13.57       1.385       1.594      0.8863E-01   0.000      0.2686      0.2630E-01  0.1686       0.000      0.2301E-02   0.000      0.5922E-02  0.2149       0.000    
   286   12.89       13.62       1.385       1.588      0.8298E-01   0.000      0.2532      0.2704E-01  0.1596       0.000      0.2278E-02   0.000      0.5998E-02  0.2124       0.000    
   287   12.89       13.67       1.385       1.582      0.7732E-01   0.000      0.2375      0.2775E-01  0.1503       0.000      0.2244E-02   0.000      0.6030E-02  0.2099       0.000    
   288   12.89       13.72       1.385       1.576      0.7164E-01   0.000      0.2214      0.2844E-01  0.1406       0.000      0.2195E-02   0.000      0.6010E-02  0.2073       0.000    
   289   12.89       13.76       1.385       1.570      0.6594E-01   0.000      0.2051      0.2909E-01  0.1307       0.000      0.2133E-02   0.000      0.5933E-02  0.2046       0.000    
   290   12.90       13.80       1.385       1.565      0.6024E-01   0.000      0.1884      0.2971E-01  0.1204       0.000      0.2057E-02   0.000      0.5790E-02  0.2019       0.000    
   291   12.90       13.84       1.385       1.561      0.5453E-01   0.000      0.1714      0.3030E-01  0.1099       0.000      0.1965E-02   0.000      0.5577E-02  0.1992       0.000    
   292   12.90       13.87       1.385       1.557      0.4880E-01   0.000      0.1542      0.3085E-01  0.9908E-01   0.000      0.1857E-02   0.000      0.5290E-02  0.1966       0.000    
   293   12.90       13.90       1.385       1.553      0.4308E-01   0.000      0.1367      0.3136E-01  0.8804E-01   0.000      0.1733E-02   0.000      0.4925E-02  0.1941       0.000    
   294   12.90       13.93       1.385       1.550      0.3734E-01   0.000      0.1190      0.3182E-01  0.7677E-01   0.000      0.1592E-02   0.000      0.4482E-02  0.1916       0.000    
   295   12.90       13.95       1.385       1.547      0.3160E-01   0.000      0.1010      0.3224E-01  0.6531E-01   0.000      0.1432E-02   0.000      0.3960E-02  0.1894       0.000    
   296   12.90       13.97       1.385       1.545      0.2586E-01   0.000      0.8293E-01  0.3262E-01  0.5368E-01   0.000      0.1245E-02   0.000      0.3364E-02  0.1873       0.000    
   297   12.90       13.99       1.385       1.543      0.2012E-01   0.000      0.6466E-01  0.3293E-01  0.4190E-01   0.000      0.1021E-02   0.000      0.2698E-02  0.1856       0.000    
   298   12.90       14.00       1.385       1.542      0.1437E-01   0.000      0.4628E-01  0.3318E-01  0.3002E-01   0.000      0.7535E-03   0.000      0.1973E-02  0.1843       0.000    
   299   12.90       14.00       1.385       1.541      0.8623E-02   0.000      0.2780E-01  0.3334E-01  0.1804E-01   0.000      0.4482E-03   0.000      0.1203E-02  0.1833       0.000    
   300   12.90       14.01       1.385       1.540      0.2874E-02   0.000      0.9273E-02  0.3343E-01  0.6021E-02   0.000      0.1307E-03   0.000      0.4041E-03  0.1829       0.000    

 Surface forces referred to Sref,Cref,Bref about Xmom,Ymom,Zmom
 Standard axis orientation,  X fwd, Z down         

  Surface # 4     main_wing_2 (YDUP)                      
     # chordwise = 10   # spanwise =100     First strip =301
     Surface area =  14.826           ave. chord =  1.9968    
     CLsurf  =   0.080268     Clsurf  =   0.028353
     CYsurf  =   0.000225     Cmsurf  =  -0.046313
     CDsurf  =   0.002439     Cnsurf  =   0.000542
     CDisurf =   0.000605     CDvsurf =   0.000000

  Forces referred to Ssurf, Cave about hinge axis thru LE
     cl_surf =   0.354143     cd_surf =   0.010761

 Strip Forces referred to strip area, chord
    j    xLE         yLE         zLE         Chord       Area        Dihedral   c cl        ai_ff       cl           clj         cd          cdv         cm_c/4     c.p.x/c      Dcj
   301   12.67      -6.584       1.385       2.453      0.4528E-02   0.000      0.7562      0.9694E-02  0.3086       0.000      0.9518E-03   0.000      0.5484E-03  0.2482       0.000    
   302   12.67      -6.588       1.385       2.453      0.1358E-01   0.000      0.7561      0.9687E-02  0.3086       0.000      0.9537E-03   0.000      0.5478E-03  0.2482       0.000    
   303   12.67      -6.595       1.385       2.452      0.2260E-01   0.000      0.7559      0.9674E-02  0.3087       0.000      0.9544E-03   0.000      0.5466E-03  0.2482       0.000    
   304   12.67      -6.606       1.385       2.450      0.3159E-01   0.000      0.7555      0.9654E-02  0.3087       0.000      0.9549E-03   0.000      0.5448E-03  0.2482       0.000    
   305   12.67      -6.621       1.385       2.449      0.4054E-01   0.000      0.7550      0.9627E-02  0.3087       0.000      0.9552E-03   0.000      0.5425E-03  0.2482       0.000    
   306   12.68      -6.639       1.385       2.446      0.4942E-01  0.6298E-12  0.7543      0.9594E-02  0.3087       0.000      0.9554E-03   0.000      0.5397E-03  0.2483       0.000    
   307   12.68      -6.661       1.385       2.444      0.5823E-01 -0.5339E-12  0.7536      0.9554E-02  0.3088       0.000      0.9554E-03   0.000      0.5367E-03  0.2483       0.000    
   308   12.68      -6.687       1.385       2.440      0.6694E-01   0.000      0.7527      0.9508E-02  0.3088       0.000      0.9553E-03   0.000      0.5334E-03  0.2483       0.000    
   309   12.68      -6.716       1.385       2.437      0.7556E-01   0.000      0.7517      0.9456E-02  0.3088       0.000      0.9549E-03   0.000      0.5300E-03  0.2483       0.000    
   310   12.68      -6.749       1.385       2.433      0.8405E-01   0.000      0.7506      0.9397E-02  0.3089       0.000      0.9541E-03   0.000      0.5266E-03  0.2483       0.000    
   311   12.68      -6.785       1.385       2.428      0.9243E-01   0.000      0.7493      0.9333E-02  0.3089       0.000      0.9531E-03   0.000      0.5235E-03  0.2483       0.000    
   312   12.68      -6.825       1.385       2.424      0.1007       0.000      0.7480      0.9262E-02  0.3090       0.000      0.9515E-03   0.000      0.5208E-03  0.2483       0.000    
   313   12.68      -6.868       1.385       2.418      0.1087       0.000      0.7465      0.9186E-02  0.3091       0.000      0.9495E-03   0.000      0.5187E-03  0.2483       0.000    
   314   12.68      -6.915       1.385       2.412      0.1166       0.000      0.7449      0.9104E-02  0.3092       0.000      0.9467E-03   0.000      0.5174E-03  0.2483       0.000    
   315   12.69      -6.965       1.385       2.406      0.1244       0.000      0.7432      0.9016E-02  0.3092       0.000      0.9433E-03   0.000      0.5172E-03  0.2483       0.000    
   316   12.69      -7.018       1.385       2.400      0.1319     -0.2314E-12  0.7414      0.8923E-02  0.3093       0.000      0.9389E-03   0.000      0.5183E-03  0.2483       0.000    
   317   12.69      -7.075       1.385       2.393      0.1393      0.2185E-12  0.7395      0.8825E-02  0.3094       0.000      0.9335E-03   0.000      0.5211E-03  0.2483       0.000    
   318   12.69      -7.135       1.385       2.385      0.1464      0.2072E-12  0.7375      0.8722E-02  0.3096       0.000      0.9269E-03   0.000      0.5259E-03  0.2483       0.000    
   319   12.69      -7.198       1.385       2.378      0.1534     -0.1972E-12  0.7354      0.8613E-02  0.3097       0.000      0.9190E-03   0.000      0.5330E-03  0.2483       0.000    
   320   12.69      -7.264       1.385       2.370      0.1601     -0.1883E-12  0.7333      0.8498E-02  0.3098       0.000      0.9094E-03   0.000      0.5431E-03  0.2482       0.000    
   321   12.70      -7.333       1.385       2.361      0.1666       0.000      0.7310      0.8379E-02  0.3100       0.000      0.8979E-03   0.000      0.5565E-03  0.2482       0.000    
   322   12.70      -7.405       1.385       2.352      0.1728      0.1732E-12  0.7286      0.8253E-02  0.3101       0.000      0.8843E-03   0.000      0.5739E-03  0.2481       0.000    
   323   12.70      -7.480       1.385       2.343      0.1788       0.000      0.7262      0.8120E-02  0.3103       0.000      0.8681E-03   0.000      0.5960E-03  0.2481       0.000    
   324   12.70      -7.557       1.385       2.333      0.1845       0.000      0.7236      0.7980E-02  0.3105       0.000      0.8488E-03   0.000      0.6238E-03  0.2480       0.000    
   325   12.71      -7.638       1.385       2.324      0.1900       0.000      0.7211      0.7832E-02  0.3107       0.000      0.8259E-03   0.000      0.6582E-03  0.2479       0.000    
   326   12.71      -7.721       1.385       2.313      0.1952       0.000      0.7184      0.7674E-02  0.3109       0.000      0.7987E-03   0.000      0.7005E-03  0.2477       0.000    
   327   12.71      -7.807       1.385       2.303      0.2001       0.000      0.7157      0.7503E-02  0.3112       0.000      0.7661E-03   0.000      0.7524E-03  0.2476       0.000    
   328   12.71      -7.895       1.385       2.292      0.2048     -0.1424E-12  0.7129      0.7317E-02  0.3114       0.000      0.7271E-03   0.000      0.8156E-03  0.2474       0.000    
   329   12.72      -7.985       1.385       2.281      0.2092      0.1387E-12  0.7101      0.7111E-02  0.3117       0.000      0.6800E-03   0.000      0.8925E-03  0.2471       0.000    
   330   12.72      -8.078       1.385       2.269      0.2132       0.000      0.7072      0.6879E-02  0.3120       0.000      0.6228E-03   0.000      0.9861E-03  0.2468       0.000    
   331   12.72      -8.173       1.385       2.258      0.2170       0.000      0.7043      0.6613E-02  0.3124       0.000      0.5528E-03   0.000      0.1100E-02  0.2465       0.000    
   332   12.73      -8.270       1.385       2.246      0.2206       0.000      0.7014      0.6300E-02  0.3127       0.000      0.4661E-03   0.000      0.1238E-02  0.2460       0.000    
   333   12.73      -8.369       1.385       2.234      0.2238       0.000      0.6984      0.5923E-02  0.3131       0.000      0.3573E-03   0.000      0.1407E-02  0.2455       0.000    
   334   12.73      -8.471       1.385       2.221      0.2267       0.000      0.6955      0.5455E-02  0.3135       0.000      0.2188E-03   0.000      0.1613E-02  0.2449       0.000    
   335   12.73      -8.574       1.385       2.209      0.2293     -0.1225E-12  0.6925      0.4856E-02  0.3140       0.000      0.3886E-04   0.000      0.1865E-02  0.2441       0.000    
   336   12.74      -8.678       1.385       2.196      0.2317      0.1206E-12  0.6895      0.4061E-02  0.3145       0.000     -0.2008E-03   0.000      0.2175E-02  0.2431       0.000    
   337   12.74      -8.785       1.385       2.183      0.2337      0.1188E-12  0.6866      0.2960E-02  0.3150       0.000     -0.5304E-03   0.000      0.2558E-02  0.2419       0.000    
   338   12.74      -8.892       1.385       2.169      0.2355     -0.1172E-12  0.6836      0.1351E-02  0.3156       0.000     -0.1005E-02   0.000      0.3037E-02  0.2404       0.000    
   339   12.75      -9.002       1.385       2.156      0.2370       0.000      0.6808     -0.1181E-02  0.3163       0.000     -0.1734E-02   0.000      0.3639E-02  0.2385       0.000    
   340   12.75      -9.112       1.385       2.142      0.2381     -0.1144E-12  0.6780     -0.5665E-02  0.3171       0.000     -0.2983E-02   0.000      0.4412E-02  0.2361       0.000    
   341   12.75      -9.224       1.385       2.129      0.2390      0.1133E-12  0.6754     -0.1562E-01  0.3180       0.000     -0.5608E-02   0.000      0.5436E-02  0.2329       0.000    
   342   12.76      -9.337       1.385       2.115      0.2397       0.000      0.6731     -0.6010E-01  0.3195       0.000     -0.1511E-01   0.000      0.6901E-02  0.2284       0.000    
   343   12.76      -9.449       1.385       2.101      0.2315       0.000      0.4672      0.4694E-01  0.5246      0.3026      0.4460E-01   0.000      0.5973E-01  0.1361       3.956    
   344   12.76      -9.559       1.385       2.087      0.2316       0.000      0.4256      0.4480E-01  0.5272      0.3236      0.3850E-01   0.000      0.6191E-01  0.1326       3.981    
   345   12.77      -9.671       1.385       2.074      0.2315       0.000      0.4017      0.4345E-01  0.5292      0.3357      0.3686E-01   0.000      0.6374E-01  0.1296       4.008    
   346   12.77      -9.782       1.385       2.060      0.2311       0.000      0.3850      0.4250E-01  0.5307      0.3440      0.3615E-01   0.000      0.6528E-01  0.1270       4.034    
   347   12.78      -9.895       1.385       2.046      0.2305      0.1129E-12  0.3724      0.4181E-01  0.5317      0.3500      0.3577E-01   0.000      0.6654E-01  0.1249       4.062    
   348   12.78      -10.01       1.385       2.032      0.2296     -0.1126E-12  0.3622      0.4129E-01  0.5320      0.3540      0.3553E-01   0.000      0.6750E-01  0.1231       4.089    
   349   12.78      -10.12       1.385       2.018      0.2285       0.000      0.3537      0.4091E-01  0.5312      0.3562      0.3531E-01   0.000      0.6808E-01  0.1218       4.118    
   350   12.79      -10.23       1.385       2.004      0.2271       0.000      0.3464      0.4072E-01  0.5292      0.3566      0.3508E-01   0.000      0.6827E-01  0.1210       4.146    
   351   12.79      -10.35       1.385       1.990      0.2255      0.1123E-12  0.3401      0.4071E-01  0.5268      0.3561      0.3488E-01   0.000      0.6828E-01  0.1204       4.175    
   352   12.79      -10.46       1.385       1.976      0.2237     -0.1124E-12  0.3348      0.4153E-01  0.5256      0.3564      0.3477E-01   0.000      0.6850E-01  0.1197       4.205    
   353   12.80      -10.57       1.385       1.963      0.2217       0.000      0.3304      0.4014E-01  0.5265      0.3584      0.3481E-01   0.000      0.6916E-01  0.1187       4.234    
   354   12.80      -10.69       1.385       1.949      0.2195       0.000      0.3270      0.4077E-01  0.5292      0.3617      0.3498E-01   0.000      0.7014E-01  0.1175       4.265    
   355   12.80      -10.80       1.385       1.935      0.2171       0.000      0.3244      0.4093E-01  0.5327      0.3652      0.3522E-01   0.000      0.7119E-01  0.1163       4.295    
   356   12.81      -10.91       1.385       1.921      0.2145       0.000      0.3227      0.4124E-01  0.5354      0.3676      0.3545E-01   0.000      0.7197E-01  0.1156       4.326    
   357   12.81      -11.02       1.385       1.907      0.2117       0.000      0.3221      0.4169E-01  0.5369      0.3683      0.3567E-01   0.000      0.7234E-01  0.1153       4.357    
   358   12.81      -11.13       1.385       1.894      0.2087       0.000      0.3229      0.4227E-01  0.5374      0.3671      0.3591E-01   0.000      0.7234E-01  0.1154       4.388    
   359   12.82      -11.24       1.385       1.880      0.2055      0.1164E-12  0.3258      0.4300E-01  0.5372      0.3642      0.3626E-01   0.000      0.7201E-01  0.1159       4.420    
   360   12.82      -11.35       1.385       1.867      0.2022     -0.1174E-12  0.3320      0.4397E-01  0.5363      0.3587      0.3691E-01   0.000      0.7137E-01  0.1169       4.451    
   361   12.82      -11.46       1.385       1.854      0.1988       0.000      0.3444      0.4529E-01  0.5349      0.3494      0.3844E-01   0.000      0.7039E-01  0.1184       4.483    
   362   12.83      -11.57       1.385       1.841      0.1951       0.000      0.3719      0.4733E-01  0.5328      0.3310      0.4428E-01   0.000      0.6895E-01  0.1206       4.515    
   363   12.83      -11.67       1.385       1.827      0.2006       0.000      0.5382     -0.5407E-01  0.2956       0.000     -0.1272E-01   0.000      0.8823E-02  0.2201       0.000    
   364   12.83      -11.78       1.385       1.814      0.1964     -0.1175E-12  0.5274     -0.1050E-01  0.2914       0.000     -0.4367E-02   0.000      0.7324E-02  0.2249       0.000    
   365   12.84      -11.89       1.385       1.801      0.1921       0.000      0.5167     -0.2287E-03  0.2874       0.000     -0.1963E-02   0.000      0.6313E-02  0.2280       0.000    
   366   12.84      -12.00       1.385       1.788      0.1877      0.1212E-12  0.5061      0.4711E-02  0.2835       0.000     -0.7713E-03   0.000      0.5586E-02  0.2303       0.000    
   367   12.84      -12.10       1.385       1.775      0.1832      0.1233E-12  0.4954      0.7746E-02  0.2795       0.000     -0.4402E-04   0.000      0.5057E-02  0.2319       0.000    
   368   12.85      -12.20       1.385       1.762      0.1785       0.000      0.4846      0.9881E-02  0.2753       0.000      0.4521E-03   0.000      0.4677E-02  0.2330       0.000    
   369   12.85      -12.30       1.385       1.750      0.1738     -0.2563E-12  0.4737      0.1153E-01  0.2710       0.000      0.8152E-03   0.000      0.4414E-02  0.2337       0.000    
   370   12.85      -12.40       1.385       1.738      0.1689       0.000      0.4626      0.1288E-01  0.2665       0.000      0.1094E-02   0.000      0.4246E-02  0.2341       0.000    
   371   12.86      -12.50       1.385       1.726      0.1640      0.1339E-12  0.4514      0.1406E-01  0.2618       0.000      0.1317E-02   0.000      0.4154E-02  0.2341       0.000    
   372   12.86      -12.59       1.385       1.715      0.1590      0.1372E-12  0.4401      0.1513E-01  0.2569       0.000      0.1499E-02   0.000      0.4125E-02  0.2339       0.000    
   373   12.86      -12.68       1.385       1.703      0.1539     -0.1408E-12  0.4285      0.1612E-01  0.2518       0.000      0.1651E-02   0.000      0.4149E-02  0.2335       0.000    
   374   12.86      -12.77       1.385       1.692      0.1487       0.000      0.4167      0.1706E-01  0.2465       0.000      0.1780E-02   0.000      0.4216E-02  0.2329       0.000    
   375   12.87      -12.86       1.385       1.682      0.1435       0.000      0.4047      0.1797E-01  0.2409       0.000      0.1890E-02   0.000      0.4318E-02  0.2321       0.000    
   376   12.87      -12.94       1.385       1.671      0.1382       0.000      0.3924      0.1886E-01  0.2350       0.000      0.1985E-02   0.000      0.4450E-02  0.2311       0.000    
   377   12.87      -13.02       1.385       1.661      0.1328       0.000      0.3799      0.1974E-01  0.2289       0.000      0.2065E-02   0.000      0.4604E-02  0.2299       0.000    
   378   12.87      -13.10       1.385       1.652      0.1274       0.000      0.3671      0.2060E-01  0.2224       0.000      0.2134E-02   0.000      0.4775E-02  0.2285       0.000    
   379   12.88      -13.18       1.385       1.642      0.1220       0.000      0.3540      0.2145E-01  0.2157       0.000      0.2191E-02   0.000      0.4956E-02  0.2270       0.000    
   380   12.88      -13.25       1.385       1.634      0.1165       0.000      0.3406      0.2229E-01  0.2087       0.000      0.2237E-02   0.000      0.5142E-02  0.2254       0.000    
   381   12.88      -13.32       1.385       1.625      0.1110       0.000      0.3269      0.2313E-01  0.2013       0.000      0.2272E-02   0.000      0.5328E-02  0.2235       0.000    
   382   12.88      -13.39       1.385       1.617      0.1054       0.000      0.3128      0.2394E-01  0.1936       0.000      0.2296E-02   0.000      0.5505E-02  0.2216       0.000    
   383   12.88      -13.45       1.385       1.609      0.9987E-01   0.000      0.2984      0.2475E-01  0.1856       0.000      0.2309E-02   0.000      0.5668E-02  0.2195       0.000    
   384   12.89      -13.51       1.385       1.601      0.9426E-01   0.000      0.2837      0.2553E-01  0.1773       0.000      0.2311E-02   0.000      0.5809E-02  0.2172       0.000    
   385   12.89      -13.57       1.385       1.594      0.8863E-01   0.000      0.2686      0.2629E-01  0.1686       0.000      0.2301E-02   0.000      0.5921E-02  0.2149       0.000    
   386   12.89      -13.62       1.385       1.588      0.8298E-01   0.000      0.2533      0.2704E-01  0.1596       0.000      0.2278E-02   0.000      0.5997E-02  0.2124       0.000    
   387   12.89      -13.67       1.385       1.582      0.7732E-01   0.000      0.2375      0.2775E-01  0.1503       0.000      0.2243E-02   0.000      0.6029E-02  0.2099       0.000    
   388   12.89      -13.72       1.385       1.576      0.7164E-01   0.000      0.2215      0.2844E-01  0.1406       0.000      0.2195E-02   0.000      0.6010E-02  0.2073       0.000    
   389   12.89      -13.76       1.385       1.570      0.6594E-01   0.000      0.2051      0.2909E-01  0.1307       0.000      0.2133E-02   0.000      0.5932E-02  0.2046       0.000    
   390   12.90      -13.80       1.385       1.565      0.6024E-01   0.000      0.1884      0.2971E-01  0.1204       0.000      0.2057E-02   0.000      0.5790E-02  0.2019       0.000    
   391   12.90      -13.84       1.385       1.561      0.5453E-01   0.000      0.1714      0.3030E-01  0.1099       0.000      0.1965E-02   0.000      0.5577E-02  0.1992       0.000    
   392   12.90      -13.87       1.385       1.557      0.4880E-01   0.000      0.1542      0.3085E-01  0.9908E-01   0.000      0.1857E-02   0.000      0.5290E-02  0.1966       0.000    
   393   12.90      -13.90       1.385       1.553      0.4308E-01   0.000      0.1367      0.3135E-01  0.8804E-01   0.000      0.1733E-02   0.000      0.4925E-02  0.1941       0.000    
   394   12.90      -13.93       1.385       1.550      0.3734E-01   0.000      0.1190      0.3182E-01  0.7678E-01   0.000      0.1592E-02   0.000      0.4482E-02  0.1916       0.000    
   395   12.90      -13.95       1.385       1.547      0.3160E-01   0.000      0.1010      0.3224E-01  0.6532E-01   0.000      0.1432E-02   0.000      0.3960E-02  0.1894       0.000    
   396   12.90      -13.97       1.385       1.545      0.2586E-01   0.000      0.8293E-01  0.3262E-01  0.5368E-01   0.000      0.1245E-02   0.000      0.3364E-02  0.1873       0.000    
   397   12.90      -13.99       1.385       1.543      0.2012E-01   0.000      0.6467E-01  0.3293E-01  0.4191E-01   0.000      0.1021E-02   0.000      0.2698E-02  0.1856       0.000    
   398   12.90      -14.00       1.385       1.542      0.1437E-01   0.000      0.4628E-01  0.3318E-01  0.3002E-01   0.000      0.7535E-03   0.000      0.1973E-02  0.1843       0.000    
   399   12.90      -14.00       1.385       1.541      0.8623E-02   0.000      0.2780E-01  0.3334E-01  0.1804E-01   0.000      0.4482E-03   0.000      0.1203E-02  0.1833       0.000    
   400   12.90      -14.01       1.385       1.540      0.2874E-02   0.000      0.9274E-02  0.3342E-01  0.6022E-02   0.000      0.1307E-03   0.000      0.4041E-03  0.1829       0.000    

 Surface forces referred to Sref,Cref,Bref about Xmom,Ymom,Zmom
 Standard axis orientation,  X fwd, Z down         

  Surface # 5     horizontal_stabilizer                   
     # chordwise = 10   # spanwise = 30     First strip =401
     Surface area =  11.195           ave. chord =  1.9317    
     CLsurf  =   0.029674     Clsurf  =  -0.002681
     CYsurf  =  -0.000070     Cmsurf  =  -0.161624
     CDsurf  =   0.000660     Cnsurf  =  -0.000048
     CDisurf =   0.000660     CDvsurf =   0.000000

  Forces referred to Ssurf, Cave about hinge axis thru LE
     cl_surf =   0.173379     cd_surf =   0.003854

 Strip Forces referred to strip area, chord
    j    xLE         yLE         zLE         Chord       Area        Dihedral   c cl        ai_ff       cl           clj         cd          cdv         cm_c/4     c.p.x/c      Dcj
   401   23.90      0.3971E-02   6.074       2.414      0.3832E-01   0.000      0.4136      0.2886E-01  0.1708       0.000      0.1542E-01   0.000     -0.1244E-02  0.2573       0.000    
   402   23.90      0.3568E-01   6.074       2.409      0.1143       0.000      0.4136      0.2880E-01  0.1716       0.000      0.5464E-02   0.000     -0.1178E-02  0.2569       0.000    
   403   23.91      0.9874E-01   6.074       2.398      0.1883       0.000      0.4135      0.2874E-01  0.1724       0.000      0.4810E-02   0.000     -0.9762E-03  0.2557       0.000    
   404   23.92      0.1925       6.074       2.383      0.2590     -0.4682E-12  0.4133      0.2868E-01  0.1735       0.000      0.4571E-02   0.000     -0.6868E-03  0.2540       0.000    
   405   23.94      0.3158       6.074       2.362      0.3253      0.7391E-12  0.4128      0.2860E-01  0.1748       0.000      0.4415E-02   0.000     -0.3707E-03  0.2521       0.000    
   406   23.97      0.4675       6.074       2.337      0.3860     -0.3081E-12  0.4120      0.2852E-01  0.1763       0.000      0.4301E-02   0.000     -0.6888E-04  0.2504       0.000    
   407   23.99      0.6458       6.074       2.307      0.4404       0.000      0.4107      0.2843E-01  0.1781       0.000      0.4216E-02   0.000      0.1958E-03  0.2489       0.000    
   408   24.02      0.8487       6.074       2.273      0.4875       0.000      0.4088      0.2832E-01  0.1799       0.000      0.4151E-02   0.000      0.4140E-03  0.2477       0.000    
   409   24.05       1.074       6.074       2.236      0.5270     -0.2159E-12  0.4061      0.2821E-01  0.1817       0.000      0.4102E-02   0.000      0.5864E-03  0.2468       0.000    
   410   24.09       1.319       6.074       2.195      0.5583       0.000      0.4025      0.2810E-01  0.1834       0.000      0.4063E-02   0.000      0.7201E-03  0.2461       0.000    
   411   24.13       1.582       6.074       2.151      0.5813      0.1883E-12  0.3980      0.2800E-01  0.1851       0.000      0.4030E-02   0.000      0.8259E-03  0.2455       0.000    
   412   24.17       1.859       6.074       2.105      0.5960       0.000      0.3924      0.2791E-01  0.1865       0.000      0.4002E-02   0.000      0.9159E-03  0.2451       0.000    
   413   24.21       2.148       6.074       2.057      0.6026       0.000      0.3857      0.2787E-01  0.1876       0.000      0.3974E-02   0.000      0.1003E-02  0.2447       0.000    
   414   24.26       2.444       6.074       2.007      0.6013       0.000      0.3780      0.2789E-01  0.1883       0.000      0.3947E-02   0.000      0.1098E-02  0.2442       0.000    
   415   24.30       2.746       6.074       1.957      0.5928     -0.1680E-12  0.3690      0.2799E-01  0.1886       0.000      0.3916E-02   0.000      0.1214E-02  0.2436       0.000    
   416   24.34       3.049       6.074       1.906      0.5775      0.1680E-12  0.3589      0.2819E-01  0.1883       0.000      0.3882E-02   0.000      0.1362E-02  0.2428       0.000    
   417   24.39       3.351       6.074       1.856      0.5561       0.000      0.3474      0.2852E-01  0.1872       0.000      0.3842E-02   0.000      0.1552E-02  0.2417       0.000    
   418   24.43       3.648       6.074       1.807      0.5293       0.000      0.3346      0.2901E-01  0.1853       0.000      0.3795E-02   0.000      0.1798E-02  0.2403       0.000    
   419   24.47       3.936       6.074       1.759      0.4980       0.000      0.3203      0.2966E-01  0.1822       0.000      0.3736E-02   0.000      0.2111E-02  0.2384       0.000    
   420   24.51       4.213       6.074       1.712      0.4628       0.000      0.3042      0.3050E-01  0.1777       0.000      0.3662E-02   0.000      0.2505E-02  0.2359       0.000    
   421   24.55       4.476       6.074       1.669      0.4245     -0.2001E-12  0.2863      0.3152E-01  0.1716       0.000      0.3567E-02   0.000      0.2984E-02  0.2326       0.000    
   422   24.59       4.721       6.074       1.628      0.3837       0.000      0.2662      0.3271E-01  0.1636       0.000      0.3442E-02   0.000      0.3546E-02  0.2283       0.000    
   423   24.62       4.947       6.074       1.590      0.3411      0.2373E-12  0.2438      0.3404E-01  0.1533       0.000      0.3279E-02   0.000      0.4163E-02  0.2229       0.000    
   424   24.65       5.150       6.074       1.556      0.2971       0.000      0.2188      0.3544E-01  0.1406       0.000      0.3069E-02   0.000      0.4772E-02  0.2161       0.000    
   425   24.68       5.328       6.074       1.527      0.2522       0.000      0.1911      0.3683E-01  0.1252       0.000      0.2801E-02   0.000      0.5267E-02  0.2079       0.000    
   426   24.70       5.480       6.074       1.501      0.2067       0.000      0.1608      0.3816E-01  0.1071       0.000      0.2468E-02   0.000      0.5496E-02  0.1987       0.000    
   427   24.72       5.603       6.074       1.481      0.1610       0.000      0.1280      0.3934E-01  0.8647E-01   0.000      0.2064E-02   0.000      0.5288E-02  0.1888       0.000    
   428   24.73       5.697       6.074       1.465      0.1150       0.000      0.9314E-01  0.4033E-01  0.6357E-01   0.000      0.1585E-02   0.000      0.4498E-02  0.1793       0.000    
   429   24.74       5.760       6.074       1.455      0.6902E-01   0.000      0.5660E-01  0.4109E-01  0.3891E-01   0.000      0.1024E-02   0.000      0.3067E-02  0.1712       0.000    
   430   24.75       5.791       6.074       1.449      0.2301E-01   0.000      0.1899E-01  0.4152E-01  0.1310E-01   0.000      0.3071E-03   0.000      0.1093E-02  0.1666       0.000    

 Surface forces referred to Sref,Cref,Bref about Xmom,Ymom,Zmom
 Standard axis orientation,  X fwd, Z down         

  Surface # 6     horizontal_stabilizer (YDUP)            
     # chordwise = 10   # spanwise = 30     First strip =431
     Surface area =  11.195           ave. chord =  1.9317    
     CLsurf  =   0.029672     Clsurf  =   0.002681
     CYsurf  =   0.000070     Cmsurf  =  -0.161610
     CDsurf  =   0.000660     Cnsurf  =   0.000048
     CDisurf =   0.000660     CDvsurf =   0.000000

  Forces referred to Ssurf, Cave about hinge axis thru LE
     cl_surf =   0.173364     cd_surf =   0.003854

 Strip Forces referred to strip area, chord
    j    xLE         yLE         zLE         Chord       Area        Dihedral   c cl        ai_ff       cl           clj         cd          cdv         cm_c/4     c.p.x/c      Dcj
   431   23.90     -0.3971E-02   6.074       2.414      0.3832E-01   0.000      0.4136      0.2886E-01  0.1707       0.000      0.1544E-01   0.000     -0.1243E-02  0.2573       0.000    
   432   23.90     -0.3568E-01   6.074       2.409      0.1143       0.000      0.4135      0.2880E-01  0.1716       0.000      0.5465E-02   0.000     -0.1178E-02  0.2569       0.000    
   433   23.91     -0.9874E-01   6.074       2.398      0.1883       0.000      0.4135      0.2874E-01  0.1724       0.000      0.4810E-02   0.000     -0.9763E-03  0.2557       0.000    
   434   23.92     -0.1925       6.074       2.383      0.2590      0.4682E-12  0.4133      0.2868E-01  0.1734       0.000      0.4571E-02   0.000     -0.6870E-03  0.2540       0.000    
   435   23.94     -0.3158       6.074       2.362      0.3253     -0.7391E-12  0.4128      0.2860E-01  0.1748       0.000      0.4415E-02   0.000     -0.3708E-03  0.2521       0.000    
   436   23.97     -0.4675       6.074       2.337      0.3860      0.3081E-12  0.4120      0.2852E-01  0.1763       0.000      0.4301E-02   0.000     -0.6900E-04  0.2504       0.000    
   437   23.99     -0.6458       6.074       2.307      0.4404       0.000      0.4107      0.2843E-01  0.1780       0.000      0.4216E-02   0.000      0.1957E-03  0.2489       0.000    
   438   24.02     -0.8487       6.074       2.273      0.4875       0.000      0.4087      0.2833E-01  0.1798       0.000      0.4151E-02   0.000      0.4140E-03  0.2477       0.000    
   439   24.05      -1.074       6.074       2.236      0.5270      0.2159E-12  0.4060      0.2821E-01  0.1817       0.000      0.4102E-02   0.000      0.5864E-03  0.2468       0.000    
   440   24.09      -1.319       6.074       2.195      0.5583       0.000      0.4025      0.2810E-01  0.1834       0.000      0.4063E-02   0.000      0.7201E-03  0.2461       0.000    
   441   24.13      -1.582       6.074       2.151      0.5813     -0.1883E-12  0.3979      0.2800E-01  0.1850       0.000      0.4030E-02   0.000      0.8259E-03  0.2455       0.000    
   442   24.17      -1.859       6.074       2.105      0.5960       0.000      0.3924      0.2792E-01  0.1865       0.000      0.4002E-02   0.000      0.9159E-03  0.2451       0.000    
   443   24.21      -2.148       6.074       2.057      0.6026       0.000      0.3857      0.2787E-01  0.1876       0.000      0.3975E-02   0.000      0.1003E-02  0.2447       0.000    
   444   24.26      -2.444       6.074       2.007      0.6013       0.000      0.3779      0.2789E-01  0.1883       0.000      0.3947E-02   0.000      0.1098E-02  0.2442       0.000    
   445   24.30      -2.746       6.074       1.957      0.5928      0.1680E-12  0.3690      0.2799E-01  0.1886       0.000      0.3916E-02   0.000      0.1214E-02  0.2436       0.000    
   446   24.34      -3.049       6.074       1.906      0.5775     -0.1680E-12  0.3588      0.2819E-01  0.1883       0.000      0.3882E-02   0.000      0.1362E-02  0.2428       0.000    
   447   24.39      -3.351       6.074       1.856      0.5561       0.000      0.3474      0.2853E-01  0.1872       0.000      0.3843E-02   0.000      0.1552E-02  0.2417       0.000    
   448   24.43      -3.648       6.074       1.807      0.5293       0.000      0.3346      0.2901E-01  0.1852       0.000      0.3795E-02   0.000      0.1798E-02  0.2403       0.000    
   449   24.47      -3.936       6.074       1.759      0.4980       0.000      0.3203      0.2966E-01  0.1822       0.000      0.3736E-02   0.000      0.2111E-02  0.2384       0.000    
   450   24.51      -4.213       6.074       1.712      0.4628       0.000      0.3042      0.3050E-01  0.1777       0.000      0.3662E-02   0.000      0.2505E-02  0.2359       0.000    
   451   24.55      -4.476       6.074       1.669      0.4245      0.2001E-12  0.2863      0.3152E-01  0.1716       0.000      0.3567E-02   0.000      0.2984E-02  0.2326       0.000    
   452   24.59      -4.721       6.074       1.628      0.3837       0.000      0.2662      0.3271E-01  0.1636       0.000      0.3442E-02   0.000      0.3546E-02  0.2283       0.000    
   453   24.62      -4.947       6.074       1.590      0.3411     -0.2373E-12  0.2438      0.3404E-01  0.1533       0.000      0.3280E-02   0.000      0.4163E-02  0.2229       0.000    
   454   24.65      -5.150       6.074       1.556      0.2971       0.000      0.2187      0.3544E-01  0.1406       0.000      0.3069E-02   0.000      0.4772E-02  0.2161       0.000    
   455   24.68      -5.328       6.074       1.527      0.2522       0.000      0.1911      0.3684E-01  0.1252       0.000      0.2801E-02   0.000      0.5266E-02  0.2079       0.000    
   456   24.70      -5.480       6.074       1.501      0.2067       0.000      0.1608      0.3816E-01  0.1071       0.000      0.2468E-02   0.000      0.5495E-02  0.1987       0.000    
   457   24.72      -5.603       6.074       1.481      0.1610       0.000      0.1280      0.3934E-01  0.8646E-01   0.000      0.2064E-02   0.000      0.5288E-02  0.1888       0.000    
   458   24.73      -5.697       6.074       1.465      0.1150       0.000      0.9314E-01  0.4033E-01  0.6357E-01   0.000      0.1585E-02   0.000      0.4497E-02  0.1793       0.000    
   459   24.74      -5.760       6.074       1.455      0.6902E-01   0.000      0.5660E-01  0.4109E-01  0.3891E-01   0.000      0.1024E-02   0.000      0.3066E-02  0.1712       0.000    
   460   24.75      -5.791       6.074       1.449      0.2301E-01   0.000      0.1899E-01  0.4152E-01  0.1310E-01   0.000      0.3071E-03   0.000      0.1093E-02  0.1666       0.000    

 Surface forces referred to Sref,Cref,Bref about Xmom,Ymom,Zmom
 Standard axis orientation,  X fwd, Z down         

  Surface # 7     vertical_stabilizer                     
     # chordwise = 10   # spanwise = 30     First strip =461
     Surface area =  15.849           ave. chord =  3.1473    
     CLsurf  =   0.000000     Clsurf  =  -0.000000
     CYsurf  =  -0.000005     Cmsurf  =  -0.000000
     CDsurf  =  -0.000000     Cnsurf  =   0.000002
     CDisurf =  -0.000000     CDvsurf =   0.000000

  Forces referred to Ssurf, Cave about hinge axis thru LE
     cl_surf =   0.000000     cd_surf =  -0.000000

 Strip Forces referred to strip area, chord
    j    xLE         yLE         zLE         Chord       Area        Dihedral   c cl        ai_ff       cl           clj         cd          cdv         cm_c/4     c.p.x/c      Dcj
   461   20.77       0.000       1.055       3.929      0.1523       90.00      0.2457E-04 -0.1534E-04  0.6253E-05   0.000      0.1933E-10   0.000      0.6163E-06  0.1514       0.000    
   462   20.80       0.000       1.106       3.913      0.2480       90.00      0.4543E-04  0.1104E-02  0.1161E-04   0.000     -0.3117E-10   0.000      0.1194E-05  0.1472       0.000    
   463   20.85       0.000       1.182       3.889      0.3404       90.00      0.6719E-04  0.1066E-03  0.1727E-04   0.000     -0.1600E-09   0.000      0.1919E-05  0.1389       0.000    
   464   20.91       0.000       1.281       3.858      0.4280       90.00      0.8849E-04  0.2821E-03  0.2293E-04   0.000     -0.5087E-09   0.000      0.2788E-05  0.1284       0.000    
   465   20.99       0.000       1.403       3.820      0.5093       90.00      0.1439E-03 -0.4643E-03  0.3768E-04   0.000     -0.8212E-10   0.000      0.2981E-05  0.1709       0.000    
   466   21.08       0.000       1.547       3.775      0.5831       90.00      0.8336E-04 -0.2393E-04  0.2208E-04   0.000     -0.1931E-09   0.000      0.1832E-05  0.1670       0.000    
   467   21.18       0.000       1.712       3.724      0.6484       90.00      0.8578E-04 -0.3343E-05  0.2303E-04   0.000     -0.2075E-09   0.000      0.1835E-05  0.1703       0.000    
   468   21.29       0.000       1.895       3.666      0.7042       90.00      0.8325E-04 -0.2131E-05  0.2271E-04   0.000     -0.1736E-09   0.000      0.1586E-05  0.1801       0.000    
   469   21.42       0.000       2.096       3.604      0.7501       90.00      0.7957E-04 -0.2025E-05  0.2208E-04   0.000     -0.1449E-09   0.000      0.1327E-05  0.1899       0.000    
   470   21.55       0.000       2.311       3.537      0.7854       90.00      0.7553E-04 -0.2033E-05  0.2136E-04   0.000     -0.1228E-09   0.000      0.1095E-05  0.1988       0.000    
   471   21.70       0.000       2.539       3.465      0.8102       90.00      0.7140E-04 -0.2059E-05  0.2061E-04   0.000     -0.1053E-09   0.000      0.8920E-06  0.2067       0.000    
   472   21.84       0.000       2.778       3.391      0.8245       90.00      0.6732E-04 -0.2086E-05  0.1985E-04   0.000     -0.9124E-10   0.000      0.7172E-06  0.2139       0.000    
   473   22.00       0.000       3.025       3.313      0.8284       90.00      0.6338E-04 -0.2111E-05  0.1913E-04   0.000     -0.7980E-10   0.000      0.5663E-06  0.2204       0.000    
   474   22.16       0.000       3.277       3.235      0.8226       90.00      0.5966E-04 -0.2131E-05  0.1845E-04   0.000     -0.7042E-10   0.000      0.4350E-06  0.2264       0.000    
   475   22.31       0.000       3.533       3.155      0.8076       90.00      0.5624E-04 -0.2147E-05  0.1783E-04   0.000     -0.6271E-10   0.000      0.3194E-06  0.2321       0.000    
   476   22.47       0.000       3.789       3.075      0.7841       90.00      0.5314E-04 -0.2157E-05  0.1728E-04   0.000     -0.5638E-10   0.000      0.2158E-06  0.2375       0.000    
   477   22.63       0.000       4.042       2.996      0.7531       90.00      0.5039E-04 -0.2158E-05  0.1682E-04   0.000     -0.5120E-10   0.000      0.1216E-06  0.2428       0.000    
   478   22.79       0.000       4.291       2.918      0.7153       90.00      0.4802E-04 -0.2147E-05  0.1646E-04   0.000     -0.4698E-10   0.000      0.3553E-07  0.2478       0.000    
   479   22.94       0.000       4.532       2.843      0.6719       90.00      0.4603E-04 -0.2119E-05  0.1619E-04   0.000     -0.4359E-10   0.000     -0.4197E-07  0.2526       0.000    
   480   23.08       0.000       4.763       2.770      0.6236       90.00      0.4439E-04 -0.2072E-05  0.1602E-04   0.000     -0.4092E-10   0.000     -0.1084E-06  0.2568       0.000    
   481   23.22       0.000       4.982       2.702      0.5715       90.00      0.4309E-04 -0.2002E-05  0.1595E-04   0.000     -0.3888E-10   0.000     -0.1592E-06  0.2600       0.000    
   482   23.34       0.000       5.185       2.638      0.5163       90.00      0.4208E-04 -0.1909E-05  0.1595E-04   0.000     -0.3742E-10   0.000     -0.1882E-06  0.2618       0.000    
   483   23.46       0.000       5.372       2.580      0.4587       90.00      0.4132E-04 -0.1795E-05  0.1601E-04   0.000     -0.3649E-10   0.000     -0.1892E-06  0.2618       0.000    
   484   23.56       0.000       5.541       2.527      0.3995       90.00      0.4074E-04 -0.1662E-05  0.1612E-04   0.000     -0.3607E-10   0.000     -0.1580E-06  0.2598       0.000    
   485   23.66       0.000       5.688       2.481      0.3391       90.00      0.4029E-04 -0.1517E-05  0.1624E-04   0.000     -0.3617E-10   0.000     -0.9443E-07  0.2558       0.000    
   486   23.73       0.000       5.814       2.442      0.2780       90.00      0.3990E-04 -0.1366E-05  0.1634E-04   0.000     -0.3681E-10   0.000     -0.4844E-08  0.2503       0.000    
   487   23.80       0.000       5.915       2.410      0.2164       90.00      0.3950E-04 -0.1213E-05  0.1639E-04   0.000     -0.3713E-10   0.000      0.1001E-06  0.2439       0.000    
   488   23.85       0.000       5.993       2.386      0.1547       90.00      0.3878E-04 -0.1057E-05  0.1625E-04   0.000     -0.3253E-10   0.000      0.2025E-06  0.2375       0.000    
   489   23.88       0.000       6.045       2.370      0.9283E-01   90.00      0.3615E-04 -0.9558E-06  0.1525E-04   0.000      0.3411E-11   0.000      0.1703E-06  0.2388       0.000    
   490   23.89       0.000       6.071       2.362      0.3094E-01   90.00      0.1606E-04 -0.1465E-05  0.6799E-05   0.000      0.4838E-09   0.000     -0.1576E-05  0.4818       0.000    

 Surface forces referred to Sref,Cref,Bref about Xmom,Ymom,Zmom
 Standard axis orientation,  X fwd, Z down         

  Surface # 8     fuselage_horizontal                     
     # chordwise = 10   # spanwise = 30     First strip =491
     Surface area =  65.503           ave. chord =  23.647    
     CLsurf  =   0.007356     Clsurf  =   0.000000
     CYsurf  =   0.000001     Cmsurf  =   0.048544
     CDsurf  =   0.000025     Cnsurf  =  -0.000001
     CDisurf =   0.000025     CDvsurf =   0.000000

  Forces referred to Ssurf, Cave about hinge axis thru LE
     cl_surf =   0.007345     cd_surf =   0.000025

 Strip Forces referred to strip area, chord
    j    xLE         yLE         zLE         Chord       Area        Dihedral   c cl        ai_ff       cl           clj         cd          cdv         cm_c/4     c.p.x/c      Dcj
   491   3.132      -1.339       0.000       15.61       1.441       0.000      0.6560E-01  0.4343E-01  0.4226E-02   0.000     -0.3304E-03   0.000      0.2504E-02 -0.3426       0.000    
   492   2.645      -1.247       0.000       17.73       1.637       0.000      0.9942E-01  0.4826E-01  0.5626E-02   0.000     -0.2229E-03   0.000      0.2943E-02 -0.2731       0.000    
   493   2.159      -1.154       0.000       19.86       1.834       0.000      0.1249      0.5158E-01  0.6305E-02   0.000     -0.1031E-03   0.000      0.2995E-02 -0.2251       0.000    
   494   1.788      -1.062       0.000       21.39       1.975       0.000      0.1431      0.5334E-01  0.6699E-02   0.000     -0.1506E-04   0.000      0.3094E-02 -0.2119       0.000    
   495   1.533     -0.9695       0.000       22.32       2.061       0.000      0.1587      0.5356E-01  0.7118E-02   0.000      0.3078E-04   0.000      0.3218E-02 -0.2021       0.000    
   496   1.278     -0.8772       0.000       23.26       2.147       0.000      0.1714      0.5344E-01  0.7380E-02   0.000      0.1537E-04   0.000      0.3295E-02 -0.1965       0.000    
   497   1.058     -0.7848       0.000       24.08       2.223       0.000      0.1817      0.5299E-01  0.7557E-02   0.000      0.1131E-04   0.000      0.3360E-02 -0.1946       0.000    
   498  0.8733     -0.6925       0.000       24.78       2.288       0.000      0.1904      0.5272E-01  0.7692E-02   0.000      0.2252E-05   0.000      0.3410E-02 -0.1933       0.000    
   499  0.6887     -0.6002       0.000       25.49       2.353       0.000      0.1974      0.5227E-01  0.7758E-02   0.000     -0.3335E-04   0.000      0.3435E-02 -0.1927       0.000    
   500  0.5311     -0.5078       0.000       26.02       2.403       0.000      0.2031      0.5189E-01  0.7820E-02   0.000     -0.9889E-04   0.000      0.3463E-02 -0.1929       0.000    
   501  0.4004     -0.4155       0.000       26.38       2.436       0.000      0.2079      0.5167E-01  0.7894E-02   0.000     -0.2352E-04   0.000      0.3493E-02 -0.1925       0.000    
   502  0.2697     -0.3232       0.000       26.74       2.469       0.000      0.2117      0.5147E-01  0.7934E-02   0.000     -0.1057E-03   0.000      0.3506E-02 -0.1918       0.000    
   503  0.1703     -0.2308       0.000       26.95       2.488       0.000      0.2145      0.5141E-01  0.7972E-02   0.000     -0.6274E-04   0.000      0.3521E-02 -0.1917       0.000    
   504  0.1022     -0.1385       0.000       27.02       2.495       0.000      0.2165      0.5139E-01  0.8012E-02   0.000      0.1956E-03   0.000      0.3540E-02 -0.1918       0.000    
   505  0.3407E-01 -0.4617E-01   0.000       27.09       2.501       0.000      0.2175      0.5134E-01  0.7997E-02   0.000      0.8215E-03   0.000      0.3543E-02 -0.1930       0.000    
   506  0.3407E-01  0.4617E-01   0.000       27.09       2.501       0.000      0.2174      0.5149E-01  0.7995E-02   0.000      0.8215E-03   0.000      0.3543E-02 -0.1931       0.000    
   507  0.1022      0.1385       0.000       27.02       2.495       0.000      0.2164      0.5144E-01  0.8009E-02   0.000      0.1955E-03   0.000      0.3540E-02 -0.1921       0.000    
   508  0.1703      0.2308       0.000       26.95       2.488       0.000      0.2143      0.5142E-01  0.7967E-02   0.000     -0.6314E-04   0.000      0.3522E-02 -0.1921       0.000    
   509  0.2697      0.3232       0.000       26.74       2.469       0.000      0.2115      0.5148E-01  0.7928E-02   0.000     -0.1063E-03   0.000      0.3507E-02 -0.1924       0.000    
   510  0.4004      0.4155       0.000       26.38       2.436       0.000      0.2077      0.5167E-01  0.7887E-02   0.000     -0.2400E-04   0.000      0.3495E-02 -0.1931       0.000    
   511  0.5311      0.5078       0.000       26.02       2.403       0.000      0.2029      0.5189E-01  0.7812E-02   0.000     -0.9949E-04   0.000      0.3465E-02 -0.1935       0.000    
   512  0.6887      0.6002       0.000       25.49       2.353       0.000      0.1972      0.5227E-01  0.7749E-02   0.000     -0.3391E-04   0.000      0.3436E-02 -0.1934       0.000    
   513  0.8733      0.6925       0.000       24.78       2.288       0.000      0.1901      0.5272E-01  0.7682E-02   0.000      0.1733E-05   0.000      0.3412E-02 -0.1941       0.000    
   514   1.058      0.7848       0.000       24.08       2.223       0.000      0.1815      0.5299E-01  0.7547E-02   0.000      0.1079E-04   0.000      0.3362E-02 -0.1954       0.000    
   515   1.278      0.8772       0.000       23.26       2.147       0.000      0.1712      0.5344E-01  0.7370E-02   0.000      0.1488E-04   0.000      0.3298E-02 -0.1974       0.000    
   516   1.533      0.9695       0.000       22.32       2.061       0.000      0.1585      0.5356E-01  0.7108E-02   0.000      0.3035E-04   0.000      0.3220E-02 -0.2031       0.000    
   517   1.788       1.062       0.000       21.39       1.975       0.000      0.1428      0.5334E-01  0.6688E-02   0.000     -0.1541E-04   0.000      0.3096E-02 -0.2130       0.000    
   518   2.159       1.154       0.000       19.86       1.834       0.000      0.1247      0.5159E-01  0.6294E-02   0.000     -0.1034E-03   0.000      0.2998E-02 -0.2264       0.000    
   519   2.645       1.247       0.000       17.73       1.637       0.000      0.9921E-01  0.4827E-01  0.5614E-02   0.000     -0.2233E-03   0.000      0.2946E-02 -0.2748       0.000    
   520   3.132       1.339       0.000       15.61       1.441       0.000      0.6544E-01  0.4344E-01  0.4216E-02   0.000     -0.3308E-03   0.000      0.2507E-02 -0.3447       0.000    

 Surface forces referred to Sref,Cref,Bref about Xmom,Ymom,Zmom
 Standard axis orientation,  X fwd, Z down         

  Surface # 9     fuselage_vertical                       
     # chordwise = 10   # spanwise = 30     First strip =521
     Surface area =  65.103           ave. chord =  23.503    
     CLsurf  =   0.000000     Clsurf  =   0.000000
     CYsurf  =  -0.000005     Cmsurf  =   0.000000
     CDsurf  =   0.000000     Cnsurf  =   0.000001
     CDisurf =   0.000000     CDvsurf =   0.000000

  Forces referred to Ssurf, Cave about hinge axis thru LE
     cl_surf =   0.000000     cd_surf =   0.000000

 Strip Forces referred to strip area, chord
    j    xLE         yLE         zLE         Chord       Area        Dihedral   c cl        ai_ff       cl           clj         cd          cdv         cm_c/4     c.p.x/c      Dcj
   521   2.856       0.000      -1.339       15.65       1.445       90.00     -0.1248E-06 -0.6322E-05 -0.7973E-08   0.000     -0.1020E-10   0.000     -0.5695E-06  -71.18       0.000    
   522   1.819       0.000      -1.247       17.87       1.650       90.00      0.7739E-06 -0.5181E-05  0.4330E-07   0.000     -0.6187E-11   0.000     -0.7064E-06   16.56       0.000    
   523  0.7817       0.000      -1.154       20.09       1.855       90.00      0.2092E-05 -0.4019E-05  0.1041E-06   0.000      0.1600E-10   0.000     -0.7417E-06   7.373       0.000    
   524  0.2207       0.000      -1.062       21.48       1.984       90.00     -0.4812E-05 -0.2722E-05 -0.2240E-06   0.000      0.3468E-10   0.000     -0.5787E-06  -2.334       0.000    
   525  0.1361       0.000     -0.9695       22.06       2.037       90.00     -0.2955E-05 -0.2519E-05 -0.1340E-06   0.000      0.2327E-10   0.000     -0.6413E-06  -4.537       0.000    
   526  0.5142E-01   0.000     -0.8772       22.63       2.090       90.00     -0.3772E-06 -0.2213E-05 -0.1667E-07   0.000      0.2461E-10   0.000     -0.6962E-06  -41.52       0.000    
   527  0.1405E-01   0.000     -0.7848       23.10       2.133       90.00      0.1908E-05 -0.1874E-05  0.8261E-07   0.000      0.2662E-10   0.000     -0.7310E-06   9.099       0.000    
   528  0.2395E-01   0.000     -0.6925       23.47       2.167       90.00      0.6241E-05 -0.1659E-05  0.2660E-06   0.000      0.2745E-10   0.000     -0.7909E-06   3.224       0.000    
   529  0.3385E-01   0.000     -0.6002       23.83       2.200       90.00      0.1162E-04 -0.1347E-05  0.4875E-06   0.000      0.2650E-10   0.000     -0.8484E-06   1.990       0.000    
   530  0.6640E-01   0.000     -0.5078       24.15       2.229       90.00      0.1803E-04 -0.9948E-06  0.7466E-06   0.000      0.2287E-10   0.000     -0.9105E-06   1.470       0.000    
   531  0.1216       0.000     -0.4155       24.41       2.254       90.00      0.2651E-04 -0.5313E-06  0.1086E-05   0.000      0.1748E-10   0.000     -0.9738E-06   1.147       0.000    
   532  0.1768       0.000     -0.3232       24.67       2.278       90.00      0.3744E-04  0.5043E-06  0.1518E-05   0.000      0.1203E-10   0.000     -0.1037E-05  0.9336       0.000    
   533  0.2450       0.000     -0.2308       24.90       2.299       90.00      0.5260E-04  0.4164E-05  0.2113E-05   0.000      0.9617E-11   0.000     -0.1132E-05  0.7856       0.000    
   534  0.3263       0.000     -0.1385       25.09       2.317       90.00      0.7457E-04  0.2047E-04  0.2972E-05   0.000      0.1727E-10   0.000     -0.1239E-05  0.6670       0.000    
   535  0.4076       0.000     -0.4617E-01   25.29       2.335       90.00      0.1054E-03  0.7310E-04  0.4167E-05   0.000      0.4724E-10   0.000     -0.1380E-05  0.5813       0.000    
   536  0.5006       0.000      0.4617E-01   25.46       2.351       90.00      0.1413E-03 -0.7471E-04  0.5551E-05   0.000      0.9347E-10   0.000     -0.1582E-05  0.5350       0.000    
   537  0.6052       0.000      0.1385       25.61       2.365       90.00      0.1706E-03 -0.2210E-04  0.6663E-05   0.000      0.1129E-09   0.000     -0.1693E-05  0.5041       0.000    
   538  0.7098       0.000      0.2308       25.76       2.378       90.00      0.1838E-03 -0.5722E-05  0.7137E-05   0.000      0.7448E-10   0.000     -0.1670E-05  0.4840       0.000    
   539  0.8268       0.000      0.3232       25.85       2.387       90.00      0.2000E-03 -0.1940E-05  0.7737E-05   0.000      0.3762E-10   0.000     -0.1880E-05  0.4930       0.000    
   540  0.9561       0.000      0.4155       25.90       2.392       90.00      0.2104E-03 -0.9800E-06  0.8124E-05   0.000      0.1865E-10   0.000     -0.1899E-05  0.4838       0.000    
   541   1.086       0.000      0.5078       25.95       2.396       90.00      0.2178E-03 -0.6899E-06  0.8392E-05   0.000     -0.2195E-10   0.000     -0.1897E-05  0.4760       0.000    
   542   1.230       0.000      0.6002       25.89       2.391       90.00      0.2395E-03 -0.6705E-06  0.9250E-05   0.000     -0.5990E-10   0.000     -0.2480E-05  0.5181       0.000    
   543   1.390       0.000      0.6925       25.73       2.376       90.00      0.2422E-03 -0.8774E-06  0.9413E-05   0.000     -0.2969E-10   0.000     -0.2472E-05  0.5126       0.000    
   544   1.549       0.000      0.7848       25.57       2.361       90.00      0.2416E-03 -0.1599E-05  0.9450E-05   0.000     -0.2985E-10   0.000     -0.2430E-05  0.5072       0.000    
   545   1.732       0.000      0.8772       25.39       2.344       90.00      0.2372E-03 -0.4853E-05  0.9342E-05   0.000     -0.7412E-10   0.000     -0.2343E-05  0.5008       0.000    
   546   1.938       0.000      0.9695       25.18       2.325       90.00      0.2226E-03 -0.3478E-04  0.8838E-05   0.000     -0.1717E-09   0.000     -0.2103E-05  0.4879       0.000    
   547   2.144       0.000       1.062       24.98       2.306       90.00      0.1933E-03 -0.6958E-04  0.7739E-05   0.000     -0.5783E-09   0.000     -0.1619E-05  0.4591       0.000    
   548   2.435       0.000       1.154       23.15       2.138       90.00      0.4193E-03  0.1247E-03  0.1811E-04   0.000      0.4268E-09   0.000     -0.1039E-04  0.8237       0.000    
   549   2.811       0.000       1.247       19.71       1.820       90.00      0.3157E-03  0.1139E-03  0.1602E-04   0.000      0.2162E-09   0.000     -0.1002E-04  0.8757       0.000    
   550   3.187       0.000       1.339       16.27       1.502       90.00      0.1419E-03  0.2157E-02  0.8723E-05   0.000      0.1094E-09   0.000     -0.5874E-05  0.9234       0.000    

 Surface forces referred to Sref,Cref,Bref about Xmom,Ymom,Zmom
 Standard axis orientation,  X fwd, Z down         

  Surface #10     nacelle_horizontal                      
     # chordwise =  6   # spanwise = 11     First strip =551
     Surface area = 0.43390           ave. chord = 0.82773    
     CLsurf  =   0.000504     Clsurf  =  -0.000048
     CYsurf  =  -0.000001     Cmsurf  =   0.000225
     CDsurf  =   0.000004     Cnsurf  =  -0.000002
     CDisurf =   0.000004     CDvsurf =   0.000000

  Forces referred to Ssurf, Cave about hinge axis thru LE
     cl_surf =   0.076028     cd_surf =   0.000583

 Strip Forces referred to strip area, chord
    j    xLE         yLE         zLE         Chord       Area        Dihedral   c cl        ai_ff       cl           clj         cd          cdv         cm_c/4     c.p.x/c      Dcj
   551   10.79       2.425       1.123      0.2889      0.1514E-01   0.000      0.3724E-01  0.8838E-01  0.1293       0.000     -0.3895E-02   0.000      0.5819E-02  0.2050       0.000    
   552   10.64       2.477       1.123      0.6800      0.3563E-01   0.000      0.5559E-01  0.9871E-01  0.8187E-01   0.000     -0.3013E-03   0.000      0.7393E-02  0.1597       0.000    
   553   10.57       2.530       1.123      0.8982      0.4707E-01   0.000      0.6669E-01  0.1014      0.7433E-01   0.000      0.4342E-03   0.000      0.7455E-02  0.1497       0.000    
   554   10.52       2.582       1.123       1.069      0.5614E-01   0.000      0.7353E-01  0.1045      0.6880E-01   0.000      0.1107E-02   0.000      0.7198E-02  0.1454       0.000    
   555   10.49       2.635       1.123       1.202      0.6298E-01   0.000      0.7738E-01  0.1196      0.6438E-01   0.000      0.1645E-02   0.000      0.6936E-02  0.1423       0.000    
   556   10.48       2.674       1.123       1.230      0.3223E-01   0.000      0.7834E-01  0.7204E-01  0.6367E-01   0.000      0.1950E-02   0.000      0.6834E-02  0.1427       0.000    
   557   10.49       2.700       1.123       1.174      0.3075E-01   0.000      0.7784E-01  0.9438E-01  0.6631E-01   0.000      0.1929E-02   0.000      0.7017E-02  0.1442       0.000    
   558   10.52       2.739       1.123       1.069      0.5603E-01   0.000      0.7568E-01  0.1004      0.7081E-01   0.000      0.1154E-02   0.000      0.7340E-02  0.1463       0.000    
   559   10.57       2.792       1.123      0.8982      0.4716E-01   0.000      0.6875E-01  0.1005      0.7662E-01   0.000      0.4479E-03   0.000      0.7655E-02  0.1501       0.000    
   560   10.64       2.844       1.123      0.6801      0.3563E-01   0.000      0.5720E-01  0.9843E-01  0.8424E-01   0.000     -0.3169E-03   0.000      0.7649E-02  0.1592       0.000    
   561   10.79       2.897       1.123      0.2889      0.1514E-01   0.000      0.3853E-01  0.8799E-01  0.1337       0.000     -0.3960E-02   0.000      0.6402E-02  0.2021       0.000    

 Surface forces referred to Sref,Cref,Bref about Xmom,Ymom,Zmom
 Standard axis orientation,  X fwd, Z down         

  Surface #11     nacelle_horizontal (YDUP)               
     # chordwise =  6   # spanwise = 11     First strip =562
     Surface area = 0.43390           ave. chord = 0.82773    
     CLsurf  =   0.000329     Clsurf  =   0.000031
     CYsurf  =   0.000000     Cmsurf  =   0.000147
     CDsurf  =   0.000002     Cnsurf  =   0.000001
     CDisurf =   0.000002     CDvsurf =   0.000000

  Forces referred to Ssurf, Cave about hinge axis thru LE
     cl_surf =   0.049537     cd_surf =   0.000342

 Strip Forces referred to strip area, chord
    j    xLE         yLE         zLE         Chord       Area        Dihedral   c cl        ai_ff       cl           clj         cd          cdv         cm_c/4     c.p.x/c      Dcj
   562   10.79      -2.425       1.123      0.2889      0.1514E-01   0.000      0.2702E-01  0.1362      0.9374E-01   0.000     -0.1747E-02   0.000      0.5500E-02  0.1913       0.000    
   563   10.64      -2.477       1.123      0.6800      0.3563E-01   0.000      0.3728E-01  0.1238      0.5489E-01   0.000     -0.6465E-04   0.000      0.5839E-02  0.1436       0.000    
   564   10.57      -2.530       1.123      0.8982      0.4707E-01   0.000      0.4308E-01  0.1160      0.4801E-01   0.000      0.2900E-03   0.000      0.5440E-02  0.1367       0.000    
   565   10.52      -2.582       1.123       1.069      0.5614E-01   0.000      0.4767E-01  0.1401      0.4461E-01   0.000      0.6258E-03   0.000      0.5091E-02  0.1359       0.000    
   566   10.49      -2.635       1.123       1.202      0.6298E-01   0.000      0.4782E-01  0.1498      0.3980E-01   0.000      0.8625E-03   0.000      0.4608E-02  0.1342       0.000    
   567   10.48      -2.674       1.123       1.230      0.3223E-01   0.000      0.4392E-01 -0.2676E-01  0.3571E-01   0.000      0.8594E-03   0.000      0.4090E-02  0.1355       0.000    
   568   10.49      -2.700       1.123       1.174      0.3075E-01   0.000      0.4410E-01  0.1446E-01  0.3757E-01   0.000      0.9412E-03   0.000      0.4249E-02  0.1369       0.000    
   569   10.52      -2.739       1.123       1.069      0.5603E-01   0.000      0.4822E-01  0.1233      0.4512E-01   0.000      0.7046E-03   0.000      0.5080E-02  0.1374       0.000    
   570   10.57      -2.792       1.123      0.8982      0.4716E-01   0.000      0.4667E-01  0.1414      0.5202E-01   0.000      0.2341E-03   0.000      0.5812E-02  0.1383       0.000    
   571   10.64      -2.844       1.123      0.6801      0.3563E-01   0.000      0.3946E-01  0.1266      0.5811E-01   0.000     -0.1308E-03   0.000      0.6152E-02  0.1441       0.000    
   572   10.79      -2.897       1.123      0.2889      0.1514E-01   0.000      0.2837E-01  0.1349      0.9843E-01   0.000     -0.1878E-02   0.000      0.5986E-02  0.1892       0.000    

 Surface forces referred to Sref,Cref,Bref about Xmom,Ymom,Zmom
 Standard axis orientation,  X fwd, Z down         

  Surface #12     nacelle_vertical                        
     # chordwise =  6   # spanwise = 11     First strip =573
     Surface area = 0.43390           ave. chord = 0.82773    
     CLsurf  =  -0.000000     Clsurf  =   0.000000
     CYsurf  =  -0.000036     Cmsurf  =  -0.000000
     CDsurf  =  -0.000000     Cnsurf  =  -0.000001
     CDisurf =  -0.000000     CDvsurf =   0.000000

  Forces referred to Ssurf, Cave about hinge axis thru LE
     cl_surf =  -0.000015     cd_surf =  -0.000023

 Strip Forces referred to strip area, chord
    j    xLE         yLE         zLE         Chord       Area        Dihedral   c cl        ai_ff       cl           clj         cd          cdv         cm_c/4     c.p.x/c      Dcj
   573   10.79       2.661      0.8870      0.2889      0.1514E-01   90.00      0.2544E-02  0.3563E-02  0.8803E-02   0.000     -0.1194E-03   0.000      0.3879E-02 -0.1906       0.000    
   574   10.64       2.661      0.9394      0.6800      0.3563E-01   90.00      0.4998E-02  0.5010E-02  0.7349E-02   0.000     -0.4689E-04   0.000      0.1774E-02  0.8597E-02   0.000    
   575   10.57       2.661      0.9918      0.8982      0.4707E-01   90.00      0.6781E-02  0.6984E-02  0.7549E-02   0.000     -0.3999E-04   0.000      0.1608E-02  0.3694E-01   0.000    
   576   10.52       2.661       1.044       1.069      0.5614E-01   90.00      0.8957E-02  0.2017E-01  0.8377E-02   0.000     -0.3708E-04   0.000      0.1670E-02  0.5070E-01   0.000    
   577   10.49       2.661       1.084       1.174      0.3075E-01   90.00      0.9032E-02  0.3176E-01  0.7695E-02   0.000     -0.1406E-04   0.000      0.1470E-02  0.5894E-01   0.000    
   578   10.48       2.661       1.110       1.230      0.3223E-01   90.00      0.6298E-02  0.8229E-02  0.5120E-02   0.000     -0.7883E-05   0.000      0.1020E-02  0.5084E-01   0.000    
   579   10.49       2.661       1.149       1.202      0.6298E-01   90.00      0.2365E-02 -0.1274E-01  0.1968E-02   0.000     -0.3500E-05   0.000      0.1351E-03  0.1814       0.000    
   580   10.52       2.661       1.202       1.069      0.5603E-01   90.00      0.1533E-02 -0.1098E-01  0.1434E-02   0.000     -0.2302E-05   0.000      0.1506E-03  0.1450       0.000    
   581   10.57       2.661       1.254      0.8982      0.4716E-01   90.00      0.3300E-02  0.1770E-02  0.3674E-02   0.000     -0.7784E-05   0.000      0.1348E-03  0.2133       0.000    
   582   10.64       2.661       1.306      0.6801      0.3563E-01   90.00      0.3681E-02  0.3094E-02  0.5413E-02   0.000     -0.1495E-04   0.000     -0.5376E-04  0.2599       0.000    
   583   10.79       2.661       1.359      0.2889      0.1514E-01   90.00      0.3272E-02  0.1039E-02  0.1133E-01   0.000     -0.3789E-04   0.000     -0.1647E-02  0.3955       0.000    

 Surface forces referred to Sref,Cref,Bref about Xmom,Ymom,Zmom
 Standard axis orientation,  X fwd, Z down         

  Surface #13     nacelle_vertical (YDUP)                 
     # chordwise =  6   # spanwise = 11     First strip =584
     Surface area = 0.43390           ave. chord = 0.82773    
     CLsurf  =  -0.000000     Clsurf  =  -0.000000
     CYsurf  =   0.000023     Cmsurf  =  -0.000000
     CDsurf  =  -0.000000     Cnsurf  =   0.000001
     CDisurf =  -0.000000     CDvsurf =   0.000000

  Forces referred to Ssurf, Cave about hinge axis thru LE
     cl_surf =  -0.000011     cd_surf =  -0.000016

 Strip Forces referred to strip area, chord
    j    xLE         yLE         zLE         Chord       Area        Dihedral   c cl        ai_ff       cl           clj         cd          cdv         cm_c/4     c.p.x/c      Dcj
   584   10.79      -2.661      0.8870      0.2889      0.1514E-01  -90.00      0.1809E-02  0.7131E-02  0.6260E-02   0.000     -0.7444E-04   0.000      0.2902E-02 -0.2135       0.000    
   585   10.64      -2.661      0.9394      0.6800      0.3563E-01  -90.00      0.3362E-02  0.5829E-02  0.4943E-02   0.000     -0.3004E-04   0.000      0.1268E-02 -0.6541E-02   0.000    
   586   10.57      -2.661      0.9918      0.8982      0.4707E-01  -90.00      0.4661E-02  0.9825E-02  0.5190E-02   0.000     -0.2851E-04   0.000      0.1157E-02  0.2708E-01   0.000    
   587   10.52      -2.661       1.044       1.069      0.5614E-01  -90.00      0.6519E-02  0.3777E-01  0.6097E-02   0.000     -0.2967E-04   0.000      0.1255E-02  0.4414E-01   0.000    
   588   10.49      -2.661       1.084       1.174      0.3075E-01  -90.00      0.6385E-02  0.6571E-01  0.5440E-02   0.000     -0.1363E-04   0.000      0.1066E-02  0.5397E-01   0.000    
   589   10.48      -2.661       1.110       1.230      0.3223E-01  -90.00      0.3738E-02  0.6035E-01  0.3039E-02   0.000     -0.6342E-05   0.000      0.6289E-03  0.4302E-01   0.000    
   590   10.49      -2.661       1.149       1.202      0.6298E-01  -90.00      0.3978E-04 -0.5117E-01  0.3310E-04   0.000     -0.5626E-06   0.000      0.5889E-04  -1.529       0.000    
   591   10.52      -2.661       1.202       1.069      0.5603E-01  -90.00     -0.1796E-05 -0.2164E-01 -0.1680E-05   0.000     -0.6281E-06   0.000      0.1114E-03   66.56       0.000    
   592   10.57      -2.661       1.254      0.8982      0.4716E-01  -90.00      0.2077E-02  0.5584E-02  0.2312E-02   0.000     -0.5186E-05   0.000      0.1513E-03  0.1846       0.000    
   593   10.64      -2.661       1.306      0.6801      0.3563E-01  -90.00      0.2559E-02  0.6856E-02  0.3763E-02   0.000     -0.1046E-04   0.000      0.4287E-04  0.2386       0.000    
   594   10.79      -2.661       1.359      0.2889      0.1514E-01  -90.00      0.2428E-02  0.5158E-02  0.8403E-02   0.000     -0.2449E-04   0.000     -0.1113E-02  0.3824       0.000    

 Surface forces referred to Sref,Cref,Bref about Xmom,Ymom,Zmom
 Standard axis orientation,  X fwd, Z down         

  Surface #14     nacelle_2_horizontal                    
     # chordwise =  6   # spanwise = 11     First strip =595
     Surface area = 0.43387           ave. chord = 0.82769    
     CLsurf  =   0.000464     Clsurf  =  -0.000174
     CYsurf  =  -0.000000     Cmsurf  =   0.000145
     CDsurf  =   0.000006     Cnsurf  =  -0.000007
     CDisurf =   0.000006     CDvsurf =   0.000000

  Forces referred to Ssurf, Cave about hinge axis thru LE
     cl_surf =   0.070000     cd_surf =   0.000879

 Strip Forces referred to strip area, chord
    j    xLE         yLE         zLE         Chord       Area        Dihedral   c cl        ai_ff       cl           clj         cd          cdv         cm_c/4     c.p.x/c      Dcj
   595   11.11       10.27       1.123      0.2889      0.1514E-01   0.000      0.3474E-01  0.8314E-01  0.1205       0.000     -0.2649E-02   0.000      0.5669E-02  0.2030       0.000    
   596   10.97       10.32       1.123      0.6800      0.3570E-01   0.000      0.5151E-01  0.9259E-01  0.7583E-01   0.000      0.1593E-03   0.000      0.6917E-02  0.1588       0.000    
   597   10.89       10.38       1.123      0.8982      0.4707E-01   0.000      0.6172E-01  0.9506E-01  0.6876E-01   0.000      0.7609E-03   0.000      0.6911E-02  0.1495       0.000    
   598   10.84       10.43       1.123       1.069      0.5603E-01   0.000      0.6805E-01  0.9888E-01  0.6366E-01   0.000      0.1305E-02   0.000      0.6650E-02  0.1455       0.000    
   599   10.81       10.48       1.123       1.202      0.6298E-01   0.000      0.7144E-01  0.1123      0.5943E-01   0.000      0.1729E-02   0.000      0.6397E-02  0.1424       0.000    
   600   10.80       10.52       1.123       1.230      0.3223E-01   0.000      0.7183E-01  0.6738E-01  0.5837E-01   0.000      0.1957E-02   0.000      0.6295E-02  0.1422       0.000    
   601   10.81       10.55       1.123       1.174      0.3075E-01   0.000      0.7119E-01  0.8525E-01  0.6064E-01   0.000      0.1964E-02   0.000      0.6450E-02  0.1436       0.000    
   602   10.84       10.58       1.123       1.069      0.5614E-01   0.000      0.6919E-01  0.9201E-01  0.6472E-01   0.000      0.1353E-02   0.000      0.6716E-02  0.1462       0.000    
   603   10.89       10.64       1.123      0.8982      0.4707E-01   0.000      0.6304E-01  0.9355E-01  0.7024E-01   0.000      0.7827E-03   0.000      0.6995E-02  0.1504       0.000    
   604   10.97       10.69       1.123      0.6801      0.3563E-01   0.000      0.5253E-01  0.9189E-01  0.7734E-01   0.000      0.1344E-03   0.000      0.6988E-02  0.1596       0.000    
   605   11.11       10.74       1.123      0.2889      0.1514E-01   0.000      0.3525E-01  0.8218E-01  0.1223       0.000     -0.2848E-02   0.000      0.5685E-02  0.2035       0.000    

 Surface forces referred to Sref,Cref,Bref about Xmom,Ymom,Zmom
 Standard axis orientation,  X fwd, Z down         

  Surface #15     nacelle_2_vertical                      
     # chordwise =  6   # spanwise = 11     First strip =606
     Surface area = 0.43390           ave. chord = 0.82773    
     CLsurf  =   0.000000     Clsurf  =  -0.000000
     CYsurf  =   0.000018     Cmsurf  =   0.000000
     CDsurf  =  -0.000000     Cnsurf  =   0.000000
     CDisurf =  -0.000000     CDvsurf =   0.000000

  Forces referred to Ssurf, Cave about hinge axis thru LE
     cl_surf =   0.000003     cd_surf =  -0.000003

 Strip Forces referred to strip area, chord
    j    xLE         yLE         zLE         Chord       Area        Dihedral   c cl        ai_ff       cl           clj         cd          cdv         cm_c/4     c.p.x/c      Dcj
   606   11.11       10.51      0.8870      0.2889      0.1514E-01   90.00     -0.2646E-03  0.1614E-01 -0.9156E-03   0.000     -0.1016E-05   0.000     -0.3455E-03 -0.1273       0.000    
   607   10.97       10.51      0.9394      0.6800      0.3563E-01   90.00     -0.3717E-03  0.1580E-01 -0.5466E-03   0.000     -0.4591E-07   0.000      0.3032E-04  0.3055       0.000    
   608   10.89       10.51      0.9918      0.8982      0.4707E-01   90.00     -0.5836E-05  0.1717E-01 -0.6498E-05   0.000     -0.1552E-06   0.000      0.2220E-03   34.41       0.000    
   609   10.84       10.51       1.044       1.069      0.5614E-01   90.00      0.1216E-02  0.2918E-01  0.1137E-02   0.000     -0.1404E-05   0.000      0.4966E-03 -0.1868       0.000    
   610   10.81       10.51       1.084       1.174      0.3075E-01   90.00      0.9126E-03  0.4048E-01  0.7776E-03   0.000      0.3175E-06   0.000      0.4522E-03 -0.3315       0.000    
   611   10.80       10.51       1.110       1.230      0.3223E-01   90.00     -0.1733E-02  0.2116E-01 -0.1409E-02   0.000     -0.3790E-06   0.000      0.6275E-04  0.2945       0.000    
   612   10.81       10.51       1.149       1.202      0.6298E-01   90.00     -0.6642E-02 -0.2353E-02 -0.5526E-02   0.000     -0.2290E-05   0.000      0.1224E-03  0.2721       0.000    
   613   10.84       10.51       1.202       1.069      0.5603E-01   90.00     -0.6968E-02  0.1858E-02 -0.6517E-02   0.000     -0.7298E-05   0.000      0.1801E-03  0.2776       0.000    
   614   10.89       10.51       1.254      0.8982      0.4716E-01   90.00     -0.4425E-02  0.1506E-01 -0.4927E-02   0.000     -0.5165E-05   0.000      0.2514E-03  0.3010       0.000    
   615   10.97       10.51       1.306      0.6801      0.3563E-01   90.00     -0.2814E-02  0.1809E-01 -0.4137E-02   0.000     -0.3923E-05   0.000      0.3135E-03  0.3258       0.000    
   616   11.11       10.51       1.359      0.2889      0.1514E-01   90.00     -0.1631E-02  0.2617E-01 -0.5643E-02   0.000     -0.6791E-05   0.000      0.9681E-03  0.4216       0.000    

 Surface forces referred to Sref,Cref,Bref about Xmom,Ymom,Zmom
 Standard axis orientation,  X fwd, Z down         

  Surface #16     nacelle_3_horizontal                    
     # chordwise =  6   # spanwise = 11     First strip =617
     Surface area = 0.43390           ave. chord = 0.82773    
     CLsurf  =   0.000329     Clsurf  =   0.000031
     CYsurf  =   0.000000     Cmsurf  =   0.000147
     CDsurf  =   0.000002     Cnsurf  =   0.000001
     CDisurf =   0.000002     CDvsurf =   0.000000

  Forces referred to Ssurf, Cave about hinge axis thru LE
     cl_surf =   0.049537     cd_surf =   0.000342

 Strip Forces referred to strip area, chord
    j    xLE         yLE         zLE         Chord       Area        Dihedral   c cl        ai_ff       cl           clj         cd          cdv         cm_c/4     c.p.x/c      Dcj
   617   10.79      -2.897       1.123      0.2889      0.1514E-01   0.000      0.2837E-01  0.1349      0.9843E-01   0.000     -0.1878E-02   0.000      0.5986E-02  0.1892       0.000    
   618   10.64      -2.844       1.123      0.6800      0.3563E-01   0.000      0.3946E-01  0.1266      0.5811E-01   0.000     -0.1308E-03   0.000      0.6152E-02  0.1441       0.000    
   619   10.57      -2.792       1.123      0.8982      0.4716E-01   0.000      0.4667E-01  0.1414      0.5202E-01   0.000      0.2341E-03   0.000      0.5812E-02  0.1383       0.000    
   620   10.52      -2.739       1.123       1.069      0.5603E-01   0.000      0.4822E-01  0.1233      0.4512E-01   0.000      0.7046E-03   0.000      0.5080E-02  0.1374       0.000    
   621   10.49      -2.700       1.123       1.174      0.3075E-01   0.000      0.4410E-01  0.1446E-01  0.3757E-01   0.000      0.9412E-03   0.000      0.4249E-02  0.1369       0.000    
   622   10.48      -2.674       1.123       1.230      0.3223E-01   0.000      0.4392E-01 -0.2676E-01  0.3571E-01   0.000      0.8594E-03   0.000      0.4090E-02  0.1355       0.000    
   623   10.49      -2.635       1.123       1.202      0.6298E-01   0.000      0.4782E-01  0.1498      0.3980E-01   0.000      0.8625E-03   0.000      0.4608E-02  0.1342       0.000    
   624   10.52      -2.582       1.123       1.069      0.5614E-01   0.000      0.4767E-01  0.1401      0.4461E-01   0.000      0.6258E-03   0.000      0.5091E-02  0.1359       0.000    
   625   10.57      -2.530       1.123      0.8982      0.4707E-01   0.000      0.4308E-01  0.1160      0.4801E-01   0.000      0.2900E-03   0.000      0.5440E-02  0.1367       0.000    
   626   10.64      -2.477       1.123      0.6801      0.3563E-01   0.000      0.3728E-01  0.1238      0.5489E-01   0.000     -0.6465E-04   0.000      0.5839E-02  0.1436       0.000    
   627   10.79      -2.425       1.123      0.2889      0.1514E-01   0.000      0.2702E-01  0.1362      0.9374E-01   0.000     -0.1747E-02   0.000      0.5500E-02  0.1913       0.000    

 Surface forces referred to Sref,Cref,Bref about Xmom,Ymom,Zmom
 Standard axis orientation,  X fwd, Z down         

  Surface #17     nacelle_3_vertical                      
     # chordwise =  6   # spanwise = 11     First strip =628
     Surface area = 0.43390           ave. chord = 0.82773    
     CLsurf  =  -0.000000     Clsurf  =  -0.000000
     CYsurf  =   0.000023     Cmsurf  =  -0.000000
     CDsurf  =  -0.000000     Cnsurf  =   0.000001
     CDisurf =  -0.000000     CDvsurf =   0.000000

  Forces referred to Ssurf, Cave about hinge axis thru LE
     cl_surf =  -0.000011     cd_surf =  -0.000016

 Strip Forces referred to strip area, chord
    j    xLE         yLE         zLE         Chord       Area        Dihedral   c cl        ai_ff       cl           clj         cd          cdv         cm_c/4     c.p.x/c      Dcj
   628   10.79      -2.661      0.8870      0.2889      0.1514E-01   90.00     -0.1809E-02 -0.7131E-02 -0.6260E-02   0.000     -0.7444E-04   0.000     -0.2902E-02 -0.2135       0.000    
   629   10.64      -2.661      0.9394      0.6800      0.3563E-01   90.00     -0.3362E-02 -0.5829E-02 -0.4943E-02   0.000     -0.3004E-04   0.000     -0.1268E-02 -0.6541E-02   0.000    
   630   10.57      -2.661      0.9918      0.8982      0.4707E-01   90.00     -0.4661E-02 -0.9825E-02 -0.5190E-02   0.000     -0.2851E-04   0.000     -0.1157E-02  0.2708E-01   0.000    
   631   10.52      -2.661       1.044       1.069      0.5614E-01   90.00     -0.6519E-02 -0.3777E-01 -0.6097E-02   0.000     -0.2967E-04   0.000     -0.1255E-02  0.4414E-01   0.000    
   632   10.49      -2.661       1.084       1.174      0.3075E-01   90.00     -0.6385E-02 -0.6571E-01 -0.5440E-02   0.000     -0.1363E-04   0.000     -0.1066E-02  0.5397E-01   0.000    
   633   10.48      -2.661       1.110       1.230      0.3223E-01   90.00     -0.3738E-02 -0.6035E-01 -0.3039E-02   0.000     -0.6342E-05   0.000     -0.6289E-03  0.4302E-01   0.000    
   634   10.49      -2.661       1.149       1.202      0.6298E-01   90.00     -0.3978E-04  0.5117E-01 -0.3310E-04   0.000     -0.5626E-06   0.000     -0.5889E-04  -1.529       0.000    
   635   10.52      -2.661       1.202       1.069      0.5603E-01   90.00      0.1796E-05  0.2164E-01  0.1680E-05   0.000     -0.6281E-06   0.000     -0.1114E-03   66.56       0.000    
   636   10.57      -2.661       1.254      0.8982      0.4716E-01   90.00     -0.2077E-02 -0.5584E-02 -0.2312E-02   0.000     -0.5186E-05   0.000     -0.1513E-03  0.1846       0.000    
   637   10.64      -2.661       1.306      0.6801      0.3563E-01   90.00     -0.2559E-02 -0.6856E-02 -0.3763E-02   0.000     -0.1046E-04   0.000     -0.4287E-04  0.2386       0.000    
   638   10.79      -2.661       1.359      0.2889      0.1514E-01   90.00     -0.2428E-02 -0.5158E-02 -0.8403E-02   0.000     -0.2449E-04   0.000      0.1113E-02  0.3824       0.000    

 Surface forces referred to Sref,Cref,Bref about Xmom,Ymom,Zmom
 Standard axis orientation,  X fwd, Z down         

  Surface #18     nacelle_4_horizontal                    
     # chordwise =  6   # spanwise = 11     First strip =639
     Surface area = 0.43387           ave. chord = 0.82769    
     CLsurf  =   0.000464     Clsurf  =   0.000174
     CYsurf  =  -0.000001     Cmsurf  =   0.000145
     CDsurf  =   0.000006     Cnsurf  =   0.000007
     CDisurf =   0.000006     CDvsurf =   0.000000

  Forces referred to Ssurf, Cave about hinge axis thru LE
     cl_surf =   0.069959     cd_surf =   0.000878

 Strip Forces referred to strip area, chord
    j    xLE         yLE         zLE         Chord       Area        Dihedral   c cl        ai_ff       cl           clj         cd          cdv         cm_c/4     c.p.x/c      Dcj
   639   11.11      -10.74       1.123      0.2889      0.1514E-01   0.000      0.3446E-01  0.8291E-01  0.1196       0.000     -0.2662E-02   0.000      0.5631E-02  0.2029       0.000    
   640   10.97      -10.69       1.123      0.6801      0.3563E-01   0.000      0.5119E-01  0.9233E-01  0.7537E-01   0.000      0.1506E-03   0.000      0.6931E-02  0.1580       0.000    
   641   10.89      -10.64       1.123      0.8982      0.4707E-01   0.000      0.6136E-01  0.9478E-01  0.6837E-01   0.000      0.7586E-03   0.000      0.6933E-02  0.1486       0.000    
   642   10.84      -10.58       1.123       1.069      0.5614E-01   0.000      0.6766E-01  0.9829E-01  0.6329E-01   0.000      0.1299E-02   0.000      0.6675E-02  0.1445       0.000    
   643   10.81      -10.53       1.123       1.202      0.6298E-01   0.000      0.7115E-01  0.1124      0.5919E-01   0.000      0.1722E-02   0.000      0.6417E-02  0.1416       0.000    
   644   10.80      -10.49       1.123       1.230      0.3223E-01   0.000      0.7186E-01  0.6609E-01  0.5839E-01   0.000      0.1957E-02   0.000      0.6292E-02  0.1422       0.000    
   645   10.81      -10.47       1.123       1.174      0.3075E-01   0.000      0.7141E-01  0.8595E-01  0.6082E-01   0.000      0.1970E-02   0.000      0.6433E-02  0.1442       0.000    
   646   10.84      -10.43       1.123       1.069      0.5603E-01   0.000      0.6950E-01  0.9261E-01  0.6502E-01   0.000      0.1356E-02   0.000      0.6697E-02  0.1470       0.000    
   647   10.89      -10.38       1.123      0.8982      0.4707E-01   0.000      0.6334E-01  0.9384E-01  0.7058E-01   0.000      0.7831E-03   0.000      0.6978E-02  0.1511       0.000    
   648   10.97      -10.32       1.123      0.6801      0.3570E-01   0.000      0.5281E-01  0.9217E-01  0.7775E-01   0.000      0.1418E-03   0.000      0.6978E-02  0.1602       0.000    
   649   11.11      -10.27       1.123      0.2889      0.1514E-01   0.000      0.3552E-01  0.8244E-01  0.1232       0.000     -0.2832E-02   0.000      0.5727E-02  0.2035       0.000    

 Surface forces referred to Sref,Cref,Bref about Xmom,Ymom,Zmom
 Standard axis orientation,  X fwd, Z down         

  Surface #19     nacelle_4_vertical                      
     # chordwise =  6   # spanwise = 11     First strip =650
     Surface area = 0.43390           ave. chord = 0.82773    
     CLsurf  =  -0.000000     Clsurf  =   0.000000
     CYsurf  =  -0.000003     Cmsurf  =  -0.000000
     CDsurf  =  -0.000000     Cnsurf  =  -0.000000
     CDisurf =  -0.000000     CDvsurf =   0.000000

  Forces referred to Ssurf, Cave about hinge axis thru LE
     cl_surf =  -0.000002     cd_surf =  -0.000003

 Strip Forces referred to strip area, chord
    j    xLE         yLE         zLE         Chord       Area        Dihedral   c cl        ai_ff       cl           clj         cd          cdv         cm_c/4     c.p.x/c      Dcj
   650   11.11      -10.51      0.8870      0.2889      0.1514E-01   90.00      0.8552E-03 -0.1639E-01  0.2960E-02   0.000     -0.1148E-04   0.000      0.1206E-02 -0.1575       0.000    
   651   10.97      -10.51      0.9394      0.6800      0.3563E-01   90.00      0.1913E-02 -0.1531E-01  0.2813E-02   0.000     -0.4294E-05   0.000      0.4805E-03  0.7915E-01   0.000    
   652   10.89      -10.51      0.9918      0.8982      0.4707E-01   90.00      0.2958E-02 -0.1334E-01  0.3293E-02   0.000     -0.4567E-05   0.000      0.4480E-03  0.1140       0.000    
   653   10.84      -10.51       1.044       1.069      0.5614E-01   90.00      0.4609E-02 -0.1017E-02  0.4311E-02   0.000     -0.5973E-05   0.000      0.5773E-03  0.1161       0.000    
   654   10.81      -10.51       1.084       1.174      0.3075E-01   90.00      0.4481E-02  0.9992E-02  0.3818E-02   0.000     -0.5971E-06   0.000      0.4478E-03  0.1327       0.000    
   655   10.80      -10.51       1.110       1.230      0.3223E-01   90.00      0.1837E-02 -0.1058E-01  0.1494E-02   0.000     -0.1692E-06   0.000      0.3237E-04  0.2283       0.000    
   656   10.81      -10.51       1.149       1.202      0.6298E-01   90.00     -0.2817E-02 -0.3119E-01 -0.2344E-02   0.000     -0.4096E-06   0.000     -0.2451E-03  0.1454       0.000    
   657   10.84      -10.51       1.202       1.069      0.5603E-01   90.00     -0.3678E-02 -0.2947E-01 -0.3440E-02   0.000     -0.3083E-05   0.000     -0.1623E-03  0.2028       0.000    
   658   10.89      -10.51       1.254      0.8982      0.4716E-01   90.00     -0.1865E-02 -0.1788E-01 -0.2076E-02   0.000     -0.1349E-05   0.000     -0.4372E-04  0.2289       0.000    
   659   10.97      -10.51       1.306      0.6801      0.3563E-01   90.00     -0.1043E-02 -0.1676E-01 -0.1534E-02   0.000     -0.6378E-06   0.000      0.4340E-04  0.2783       0.000    
   660   11.11      -10.51       1.359      0.2889      0.1514E-01   90.00     -0.6261E-03 -0.2127E-01 -0.2167E-02   0.000     -0.1050E-05   0.000      0.3560E-03  0.4143       0.000    
