u w q the v p r phi x y z psi slat flap aileron elevator
-0.008289 0.246200 -21.010000 -9.810000 0.000000 0.000000 0.000000 0.000000 0.000000 -0.000000 0.000000 0.000000 0.038380 -0.000000 0.020950 
-0.097270 -0.525800 64.490000 -0.000000 -0.000000 0.000000 0.000000 -0.000000 0.000000 -0.000000 0.000000 0.000000 -0.175300 -0.000000 -0.074230 
0.012570 -0.043770 -0.996500 0.000000 -0.000877 -0.030960 0.019540 0.000000 -0.000000 0.000000 -0.000000 0.000000 -0.009677 0.000442 -0.026750 
-0.000000 -0.000000 1.000000 0.000000 0.000000 -0.000000 -0.000000 0.000000 -0.000000 0.000000 -0.000000 0.000000 0.000000 0.000000 0.000000 
0.000000 0.000000 0.000000 -0.000000 -0.089150 21.770000 -67.960000 9.810000 -0.000000 0.000000 -0.000000 -0.000000 0.000000 -0.000623 0.000000 
0.000631 -0.002196 -0.049990 -0.000000 -0.825900 -30.350000 18.050000 -0.000000 0.000000 -0.000000 0.000000 -0.000000 -0.000485 0.429300 -0.001342 
-0.000010 0.000035 0.000808 -0.000000 0.005127 -0.778300 -0.400100 -0.000000 0.000000 -0.000000 0.000000 -0.000000 0.000008 0.007545 0.000022 
-0.000000 -0.000000 0.000000 0.000000 0.000000 1.000000 0.000000 0.000000 -0.000000 0.000000 -0.000000 0.000000 0.000000 0.000000 0.000000 
1.000000 0.000000 -0.000000 20.930000 -0.000000 0.000000 0.000000 0.000000 0.000000 -0.000000 0.000000 0.000000 -0.000000 -0.000000 -0.000000 
0.000000 -0.000000 0.000000 -0.000000 1.000000 -0.000000 -0.000000 -20.930000 -0.000000 0.000000 -0.000000 72.890000 0.000000 0.000000 0.000000 
-0.000000 1.000000 -0.000000 -72.890000 0.000000 0.000000 0.000000 0.000000 0.000000 -0.000000 0.000000 0.000000 -0.000000 -0.000000 -0.000000 
-0.000000 -0.000000 0.000000 0.000000 0.000000 -0.000000 1.000000 0.000000 -0.000000 0.000000 -0.000000 0.000000 0.000000 0.000000 0.000000 

-0.002235 0.151800 -16.230000 -9.810000 -0.000000 -0.000000 -0.000000 0.000000 0.000000 -0.000000 0.000000 0.000000 0.034750 0.000000 0.020080 
-0.071640 -0.652400 104.100000 -0.000000 -0.000000 0.000000 0.000000 -0.000000 0.000000 -0.000000 0.000000 0.000000 -0.352600 0.000000 -0.139400 
0.008084 -0.056830 -1.293000 0.000000 -0.001234 -0.053540 0.024700 0.000000 -0.000000 0.000000 -0.000000 0.000000 -0.021290 0.001208 -0.054900 
-0.000000 -0.000000 1.000000 0.000000 0.000000 -0.000000 -0.000000 -0.000000 -0.000000 0.000000 -0.000000 0.000000 0.000000 0.000000 0.000000 
0.000000 0.000000 -0.000000 -0.000000 -0.107800 16.490000 -108.700000 9.810000 -0.000000 0.000000 -0.000000 -0.000000 -0.000000 0.002261 -0.000000 
0.000510 -0.003584 -0.081550 -0.000000 -1.036000 -46.470000 20.350000 -0.000000 0.000000 -0.000000 0.000000 -0.000000 -0.001343 1.044000 -0.003462 
-0.000007 0.000050 0.001146 -0.000000 0.011100 -0.740400 -0.539200 -0.000000 0.000000 -0.000000 0.000000 -0.000000 0.000019 0.013250 0.000049 
-0.000000 -0.000000 0.000000 0.000000 0.000000 1.000000 0.000000 0.000000 -0.000000 0.000000 -0.000000 0.000000 0.000000 0.000000 0.000000 
1.000000 0.000000 -0.000000 16.230000 -0.000000 0.000000 0.000000 0.000000 0.000000 -0.000000 0.000000 0.000000 -0.000000 -0.000000 -0.000000 
0.000000 -0.000000 0.000000 -0.000000 1.000000 -0.000000 -0.000000 -16.230000 -0.000000 0.000000 -0.000000 114.100000 0.000000 0.000000 0.000000 
-0.000000 1.000000 -0.000000 -114.100000 0.000000 0.000000 0.000000 0.000000 0.000000 -0.000000 0.000000 0.000000 -0.000000 -0.000000 -0.000000 
-0.000000 -0.000000 0.000000 0.000000 0.000000 -0.000000 1.000000 0.000000 -0.000000 0.000000 -0.000000 0.000000 0.000000 0.000000 0.000000 

-0.000574 0.068830 -17.000000 -9.810000 0.000000 0.000000 0.000000 0.000000 0.000000 -0.000000 0.000000 0.000000 0.026800 -0.000000 0.018720 
-0.042010 -0.568400 221.500000 -0.000000 -0.000000 0.000000 0.000000 -0.000000 0.000000 -0.000000 0.000000 0.000000 -0.646800 0.000000 -0.235200 
0.004230 -0.057040 -1.282000 0.000000 -0.001863 -0.092400 0.034440 0.000000 -0.000000 0.000000 -0.000000 0.000000 -0.047790 0.004235 -0.111300 
-0.000000 -0.000000 1.000000 0.000000 0.000000 -0.000000 -0.000000 0.000000 -0.000000 0.000000 -0.000000 0.000000 0.000000 0.000000 0.000000 
-0.000000 -0.000000 0.000000 -0.000000 -0.085440 16.960000 -225.500000 9.810000 -0.000000 0.000000 -0.000000 -0.000000 -0.000000 0.006675 0.000000 
0.000448 -0.006039 -0.135700 -0.000000 -1.281000 -65.010000 23.340000 -0.000000 0.000000 -0.000000 0.000000 -0.000000 -0.005060 2.975000 -0.011790 
-0.000004 0.000060 0.001338 -0.000000 0.012070 -0.589000 -0.505500 -0.000000 0.000000 -0.000000 0.000000 -0.000000 0.000050 0.023390 0.000116 
-0.000000 -0.000000 0.000000 0.000000 0.000000 1.000000 0.000000 0.000000 -0.000000 0.000000 -0.000000 0.000000 0.000000 0.000000 0.000000 
1.000000 0.000000 -0.000000 17.020000 -0.000000 0.000000 0.000000 0.000000 0.000000 -0.000000 0.000000 0.000000 -0.000000 -0.000000 -0.000000 
0.000000 -0.000000 0.000000 -0.000000 1.000000 -0.000000 -0.000000 -17.020000 -0.000000 0.000000 -0.000000 229.500000 0.000000 0.000000 0.000000 
-0.000000 1.000000 -0.000000 -229.500000 0.000000 0.000000 0.000000 0.000000 0.000000 -0.000000 0.000000 0.000000 -0.000000 -0.000000 -0.000000 
-0.000000 -0.000000 0.000000 0.000000 0.000000 -0.000000 1.000000 0.000000 -0.000000 0.000000 -0.000000 0.000000 0.000000 0.000000 0.000000 

-0.000539 0.068200 -15.840000 -9.810000 0.000000 0.000000 0.000000 0.000000 0.000000 -0.000000 0.000000 0.000000 0.026040 -0.000000 0.018510 
-0.042620 -0.600000 221.100000 -0.000000 -0.000000 0.000000 -0.000000 -0.000000 0.000000 -0.000000 0.000000 0.000000 -0.683300 0.000000 -0.248200 
0.003936 -0.056960 -1.281000 0.000000 -0.001846 -0.092470 0.033880 0.000000 -0.000000 0.000000 -0.000000 0.000000 -0.047800 0.004241 -0.111300 
-0.000000 -0.000000 1.000000 -0.000000 0.000000 -0.000000 -0.000000 -0.000000 -0.000000 0.000000 -0.000000 -0.000000 0.000000 0.000000 0.000000 
-0.000000 -0.000000 0.000000 -0.000000 -0.090340 15.780000 -225.400000 9.810000 -0.000000 0.000000 -0.000000 -0.000000 -0.000000 0.007230 0.000000 
0.000417 -0.006030 -0.135600 -0.000000 -1.269000 -65.040000 22.940000 -0.000000 0.000000 -0.000000 0.000000 -0.000000 -0.005060 2.979000 -0.011780 
-0.000004 0.000059 0.001337 -0.000000 0.012250 -0.578700 -0.507100 -0.000000 0.000000 -0.000000 0.000000 -0.000000 0.000050 0.023270 0.000116 
-0.000000 -0.000000 0.000000 0.000000 0.000000 1.000000 0.000000 -0.000000 -0.000000 0.000000 -0.000000 -0.000000 0.000000 0.000000 0.000000 
1.000000 0.000000 -0.000000 15.870000 -0.000000 0.000000 0.000000 0.000000 0.000000 -0.000000 0.000000 0.000000 -0.000000 -0.000000 -0.000000 
0.000000 -0.000000 0.000000 -0.000000 1.000000 -0.000000 -0.000000 -15.870000 -0.000000 0.000000 -0.000000 229.600000 0.000000 0.000000 0.000000 
-0.000000 1.000000 -0.000000 -229.600000 0.000000 0.000000 0.000000 0.000000 0.000000 -0.000000 0.000000 0.000000 -0.000000 -0.000000 -0.000000 
-0.000000 -0.000000 0.000000 0.000000 0.000000 -0.000000 1.000000 -0.000000 -0.000000 0.000000 -0.000000 -0.000000 0.000000 0.000000 0.000000 

-0.002053 0.151000 -15.230000 -9.810000 -0.000000 -0.000000 -0.000000 0.000000 0.000000 -0.000000 0.000000 0.000000 0.034360 -0.000000 0.019950 
-0.072230 -0.688300 103.700000 -0.000000 0.000000 -0.000000 -0.000000 -0.000000 0.000000 -0.000000 0.000000 0.000000 -0.372800 -0.000000 -0.147100 
0.007566 -0.056740 -1.292000 0.000000 -0.001219 -0.053640 0.024180 0.000000 -0.000000 0.000000 -0.000000 0.000000 -0.021320 0.001212 -0.054910 
-0.000000 -0.000000 1.000000 0.000000 0.000000 -0.000000 -0.000000 0.000000 -0.000000 0.000000 -0.000000 0.000000 0.000000 0.000000 0.000000 
0.000000 0.000000 -0.000000 -0.000000 -0.114100 15.460000 -108.600000 9.810000 -0.000000 0.000000 -0.000000 -0.000000 -0.000000 0.002596 -0.000000 
0.000477 -0.003578 -0.081460 -0.000000 -1.023000 -46.530000 19.900000 -0.000000 0.000000 -0.000000 0.000000 -0.000000 -0.001344 1.047000 -0.003463 
-0.000007 0.000050 0.001145 -0.000000 0.011430 -0.722600 -0.542300 -0.000000 0.000000 -0.000000 0.000000 -0.000000 0.000019 0.013140 0.000049 
-0.000000 -0.000000 0.000000 0.000000 0.000000 1.000000 0.000000 0.000000 -0.000000 0.000000 -0.000000 0.000000 0.000000 0.000000 0.000000 
1.000000 0.000000 -0.000000 15.230000 -0.000000 0.000000 0.000000 0.000000 0.000000 -0.000000 0.000000 0.000000 -0.000000 -0.000000 -0.000000 
0.000000 -0.000000 0.000000 -0.000000 1.000000 -0.000000 -0.000000 -15.230000 -0.000000 0.000000 -0.000000 114.200000 0.000000 0.000000 0.000000 
-0.000000 1.000000 -0.000000 -114.200000 0.000000 0.000000 0.000000 0.000000 0.000000 -0.000000 0.000000 0.000000 -0.000000 -0.000000 -0.000000 
-0.000000 -0.000000 0.000000 0.000000 0.000000 -0.000000 1.000000 0.000000 -0.000000 0.000000 -0.000000 0.000000 0.000000 0.000000 0.000000 

-0.007635 0.245200 -19.780000 -9.810000 0.000000 0.000000 0.000000 0.000000 0.000000 -0.000000 0.000000 0.000000 0.038310 -0.000000 0.020920 
-0.097600 -0.556000 64.350000 -0.000000 -0.000000 0.000000 0.000000 -0.000000 0.000000 -0.000000 0.000000 0.000000 -0.186600 -0.000000 -0.078710 
0.011770 -0.043730 -0.996600 0.000000 -0.000862 -0.031160 0.019000 0.000000 -0.000000 0.000000 -0.000000 0.000000 -0.009748 0.000447 -0.026880 
-0.000000 -0.000000 1.000000 -0.000000 0.000000 -0.000000 -0.000000 -0.000000 -0.000000 0.000000 -0.000000 -0.000000 0.000000 0.000000 0.000000 
0.000000 0.000000 0.000000 -0.000000 -0.094830 20.510000 -68.050000 9.810000 -0.000000 0.000000 -0.000000 -0.000000 0.000000 -0.000436 0.000000 
0.000590 -0.002194 -0.050000 -0.000000 -0.811600 -30.510000 17.540000 -0.000000 0.000000 -0.000000 0.000000 -0.000000 -0.000489 0.434000 -0.001349 
-0.000010 0.000035 0.000808 -0.000000 0.005611 -0.753400 -0.404600 -0.000000 0.000000 -0.000000 0.000000 -0.000000 0.000008 0.007478 0.000022 
-0.000000 -0.000000 0.000000 0.000000 0.000000 1.000000 0.000000 -0.000000 -0.000000 0.000000 -0.000000 -0.000000 0.000000 0.000000 0.000000 
1.000000 0.000000 -0.000000 19.700000 -0.000000 0.000000 0.000000 0.000000 0.000000 -0.000000 0.000000 0.000000 -0.000000 -0.000000 -0.000000 
0.000000 -0.000000 0.000000 -0.000000 1.000000 -0.000000 -0.000000 -19.700000 -0.000000 0.000000 -0.000000 73.230000 0.000000 0.000000 0.000000 
-0.000000 1.000000 -0.000000 -73.230000 0.000000 0.000000 0.000000 0.000000 0.000000 -0.000000 0.000000 0.000000 -0.000000 -0.000000 -0.000000 
-0.000000 -0.000000 0.000000 0.000000 0.000000 -0.000000 1.000000 -0.000000 -0.000000 0.000000 -0.000000 -0.000000 0.000000 0.000000 0.000000 



u w q the v p r phi x y z psi slat flap aileron elevator
-0.003769 0.231300 -19.750000 -9.810000 0.000000 0.000000 0.000000 0.000000 0.000000 -0.000000 0.000000 0.000000 0.035620 -0.000000 0.016120 
-0.107600 -0.529400 65.610000 -0.000000 -0.000000 0.000000 0.000000 -0.000000 0.000000 -0.000000 0.000000 0.000000 -0.177300 -0.000000 -0.074780 
0.009732 -0.036740 -0.972800 0.000000 -0.001015 -0.036030 0.021150 0.000000 -0.000000 0.000000 -0.000000 0.000000 -0.006365 0.000518 -0.028970 
-0.000000 -0.000000 1.000000 0.000000 0.000000 -0.000000 -0.000000 0.000000 -0.000000 0.000000 -0.000000 0.000000 0.000000 0.000000 0.000000 
0.000000 0.000000 0.000000 -0.000000 -0.090350 20.170000 -68.520000 9.810000 -0.000000 0.000000 -0.000000 -0.000000 0.000000 -0.000397 0.000000 
0.000487 -0.001840 -0.048720 -0.000000 -0.827300 -30.620000 16.850000 -0.000000 0.000000 -0.000000 0.000000 -0.000000 -0.000319 0.435700 -0.001451 
-0.000009 0.000035 0.000932 -0.000000 0.003711 -0.874800 -0.390900 -0.000000 0.000000 -0.000000 0.000000 -0.000000 0.000006 0.008820 0.000028 
-0.000000 -0.000000 0.000000 0.000000 0.000000 1.000000 0.000000 0.000000 -0.000000 0.000000 -0.000000 0.000000 0.000000 0.000000 0.000000 
1.000000 0.000000 -0.000000 19.420000 -0.000000 0.000000 0.000000 0.000000 0.000000 -0.000000 0.000000 0.000000 -0.000000 -0.000000 -0.000000 
0.000000 -0.000000 0.000000 -0.000000 1.000000 -0.000000 -0.000000 -19.420000 -0.000000 0.000000 -0.000000 73.310000 0.000000 0.000000 0.000000 
-0.000000 1.000000 -0.000000 -73.310000 0.000000 0.000000 0.000000 0.000000 0.000000 -0.000000 0.000000 0.000000 -0.000000 -0.000000 -0.000000 
-0.000000 -0.000000 0.000000 0.000000 0.000000 -0.000000 1.000000 0.000000 -0.000000 0.000000 -0.000000 0.000000 0.000000 0.000000 0.000000 

-0.000769 0.142200 -15.160000 -9.810000 -0.000000 -0.000000 -0.000000 0.000000 0.000000 -0.000000 0.000000 0.000000 0.031830 0.000000 0.014720 
-0.078510 -0.653800 105.200000 -0.000000 -0.000000 0.000000 0.000000 -0.000000 0.000000 -0.000000 0.000000 0.000000 -0.353600 0.000000 -0.139500 
0.006216 -0.047360 -1.283000 0.000000 -0.001453 -0.063170 0.027060 0.000000 -0.000000 0.000000 -0.000000 0.000000 -0.014230 0.001427 -0.060300 
-0.000000 -0.000000 1.000000 0.000000 0.000000 -0.000000 -0.000000 0.000000 -0.000000 0.000000 -0.000000 0.000000 0.000000 0.000000 0.000000 
0.000000 0.000000 -0.000000 -0.000000 -0.108600 15.200000 -109.000000 9.810000 -0.000000 0.000000 -0.000000 -0.000000 -0.000000 0.002472 -0.000000 
0.000391 -0.002982 -0.080770 -0.000000 -1.036000 -46.630000 18.840000 -0.000000 0.000000 -0.000000 0.000000 -0.000000 -0.000896 1.049000 -0.003797 
-0.000007 0.000050 0.001365 -0.000000 0.010080 -0.864500 -0.550100 -0.000000 0.000000 -0.000000 0.000000 -0.000000 0.000015 0.015850 0.000064 
-0.000000 -0.000000 0.000000 0.000000 0.000000 1.000000 0.000000 0.000000 -0.000000 0.000000 -0.000000 0.000000 0.000000 0.000000 0.000000 
1.000000 0.000000 -0.000000 15.000000 -0.000000 0.000000 0.000000 0.000000 0.000000 -0.000000 0.000000 0.000000 -0.000000 -0.000000 -0.000000 
0.000000 -0.000000 0.000000 -0.000000 1.000000 -0.000000 -0.000000 -15.000000 -0.000000 0.000000 -0.000000 114.200000 0.000000 0.000000 0.000000 
-0.000000 1.000000 -0.000000 -114.200000 0.000000 0.000000 0.000000 0.000000 0.000000 -0.000000 0.000000 0.000000 -0.000000 -0.000000 -0.000000 
-0.000000 -0.000000 0.000000 0.000000 0.000000 -0.000000 1.000000 0.000000 -0.000000 0.000000 -0.000000 0.000000 0.000000 0.000000 0.000000 

-0.000180 0.064110 -15.660000 -9.810000 0.000000 0.000000 0.000000 0.000000 0.000000 -0.000000 0.000000 0.000000 0.023990 -0.000000 0.012750 
-0.045480 -0.568800 222.400000 -0.000000 -0.000000 0.000000 0.000000 -0.000000 0.000000 -0.000000 0.000000 0.000000 -0.647200 0.000000 -0.235000 
0.003306 -0.048650 -1.322000 0.000000 -0.002285 -0.113500 0.039090 0.000000 -0.000000 0.000000 -0.000000 0.000000 -0.033990 0.005205 -0.127500 
-0.000000 -0.000000 1.000000 0.000000 0.000000 -0.000000 -0.000000 -0.000000 -0.000000 0.000000 -0.000000 0.000000 0.000000 0.000000 0.000000 
-0.000000 -0.000000 0.000000 -0.000000 -0.085770 15.520000 -225.700000 9.810000 -0.000000 0.000000 -0.000000 -0.000000 -0.000000 0.006847 0.000000 
0.000350 -0.005144 -0.139800 -0.000000 -1.279000 -65.130000 21.460000 -0.000000 0.000000 -0.000000 0.000000 -0.000000 -0.003593 2.982000 -0.013480 
-0.000004 0.000063 0.001713 -0.000000 0.011830 -0.722700 -0.538100 -0.000000 0.000000 -0.000000 0.000000 -0.000000 0.000044 0.029140 0.000165 
-0.000000 -0.000000 0.000000 0.000000 0.000000 1.000000 0.000000 0.000000 -0.000000 0.000000 -0.000000 0.000000 0.000000 0.000000 0.000000 
1.000000 0.000000 -0.000000 15.610000 -0.000000 0.000000 0.000000 0.000000 0.000000 -0.000000 0.000000 0.000000 -0.000000 -0.000000 -0.000000 
0.000000 -0.000000 0.000000 -0.000000 1.000000 -0.000000 -0.000000 -15.610000 -0.000000 0.000000 -0.000000 229.600000 0.000000 0.000000 0.000000 
-0.000000 1.000000 -0.000000 -229.600000 0.000000 0.000000 0.000000 0.000000 0.000000 -0.000000 0.000000 0.000000 -0.000000 -0.000000 -0.000000 
-0.000000 -0.000000 0.000000 0.000000 0.000000 -0.000000 1.000000 0.000000 -0.000000 0.000000 -0.000000 0.000000 0.000000 0.000000 0.000000 

-0.000174 0.063480 -14.580000 -9.810000 0.000000 0.000000 0.000000 0.000000 0.000000 -0.000000 0.000000 0.000000 0.023220 -0.000000 0.012530 
-0.046090 -0.600500 222.000000 -0.000000 -0.000000 0.000000 0.000000 -0.000000 0.000000 -0.000000 0.000000 0.000000 -0.683800 0.000000 -0.248000 
0.003069 -0.048540 -1.321000 0.000000 -0.002264 -0.113500 0.038430 0.000000 -0.000000 0.000000 -0.000000 0.000000 -0.033980 0.005210 -0.127400 
-0.000000 -0.000000 1.000000 0.000000 0.000000 -0.000000 -0.000000 0.000000 -0.000000 0.000000 -0.000000 0.000000 0.000000 0.000000 0.000000 
-0.000000 -0.000000 0.000000 -0.000000 -0.090670 14.410000 -225.600000 9.810000 -0.000000 0.000000 -0.000000 -0.000000 -0.000000 0.007402 0.000000 
0.000324 -0.005132 -0.139700 -0.000000 -1.267000 -65.160000 21.090000 -0.000000 0.000000 -0.000000 0.000000 -0.000000 -0.003592 2.985000 -0.013470 
-0.000004 0.000063 0.001711 -0.000000 0.012040 -0.711300 -0.540200 -0.000000 0.000000 -0.000000 0.000000 -0.000000 0.000044 0.029010 0.000165 
-0.000000 -0.000000 0.000000 0.000000 0.000000 1.000000 0.000000 0.000000 -0.000000 0.000000 -0.000000 0.000000 0.000000 0.000000 0.000000 
1.000000 0.000000 -0.000000 14.520000 -0.000000 0.000000 0.000000 0.000000 0.000000 -0.000000 0.000000 0.000000 -0.000000 -0.000000 -0.000000 
0.000000 -0.000000 0.000000 -0.000000 1.000000 -0.000000 -0.000000 -14.520000 -0.000000 0.000000 -0.000000 229.700000 0.000000 0.000000 0.000000 
-0.000000 1.000000 -0.000000 -229.700000 0.000000 0.000000 0.000000 0.000000 0.000000 -0.000000 0.000000 0.000000 -0.000000 -0.000000 -0.000000 
-0.000000 -0.000000 0.000000 0.000000 0.000000 -0.000000 1.000000 -0.000000 -0.000000 0.000000 -0.000000 0.000000 0.000000 0.000000 0.000000 

-0.000683 0.141500 -14.230000 -9.810000 -0.000000 -0.000000 -0.000000 0.000000 0.000000 -0.000000 0.000000 0.000000 0.031440 0.000000 0.014580 
-0.079100 -0.689600 104.800000 -0.000000 0.000000 0.000000 0.000000 -0.000000 0.000000 -0.000000 0.000000 0.000000 -0.373700 0.000000 -0.147200 
0.005807 -0.047210 -1.281000 0.000000 -0.001436 -0.063280 0.026480 0.000000 -0.000000 0.000000 -0.000000 0.000000 -0.014230 0.001432 -0.060310 
-0.000000 -0.000000 1.000000 0.000000 0.000000 -0.000000 -0.000000 0.000000 -0.000000 0.000000 -0.000000 0.000000 0.000000 0.000000 0.000000 
0.000000 0.000000 -0.000000 -0.000000 -0.114900 14.240000 -108.900000 9.810000 -0.000000 0.000000 -0.000000 -0.000000 -0.000000 0.002806 -0.000000 
0.000366 -0.002973 -0.080680 -0.000000 -1.023000 -46.690000 18.410000 -0.000000 0.000000 -0.000000 0.000000 -0.000000 -0.000896 1.052000 -0.003797 
-0.000006 0.000050 0.001363 -0.000000 0.010450 -0.845400 -0.554100 -0.000000 0.000000 -0.000000 0.000000 -0.000000 0.000015 0.015740 0.000064 
-0.000000 -0.000000 0.000000 -0.000000 0.000000 1.000000 0.000000 0.000000 -0.000000 0.000000 -0.000000 0.000000 0.000000 0.000000 0.000000 
1.000000 0.000000 -0.000000 14.070000 -0.000000 0.000000 0.000000 0.000000 0.000000 -0.000000 0.000000 0.000000 -0.000000 -0.000000 -0.000000 
0.000000 -0.000000 0.000000 -0.000000 1.000000 -0.000000 -0.000000 -14.070000 -0.000000 0.000000 -0.000000 114.400000 0.000000 0.000000 0.000000 
-0.000000 1.000000 -0.000000 -114.400000 0.000000 0.000000 0.000000 0.000000 0.000000 -0.000000 0.000000 0.000000 -0.000000 -0.000000 -0.000000 
-0.000000 -0.000000 0.000000 -0.000000 0.000000 -0.000000 1.000000 -0.000000 -0.000000 0.000000 -0.000000 0.000000 0.000000 0.000000 0.000000 

-0.003413 0.230300 -18.600000 -9.810000 0.000000 0.000000 0.000000 0.000000 0.000000 -0.000000 0.000000 0.000000 0.035520 -0.000000 0.016060 
-0.107900 -0.559500 65.460000 -0.000000 -0.000000 0.000000 0.000000 -0.000000 0.000000 -0.000000 0.000000 0.000000 -0.188400 -0.000000 -0.079210 
0.009088 -0.036610 -0.972700 0.000000 -0.000998 -0.036230 0.020560 0.000000 -0.000000 0.000000 -0.000000 0.000000 -0.006395 0.000523 -0.029090 
-0.000000 -0.000000 1.000000 -0.000000 0.000000 -0.000000 -0.000000 -0.000000 -0.000000 0.000000 -0.000000 -0.000000 0.000000 0.000000 0.000000 
0.000000 0.000000 0.000000 -0.000000 -0.096030 18.990000 -68.570000 9.810000 -0.000000 0.000000 -0.000000 -0.000000 0.000000 -0.000209 0.000000 
0.000455 -0.001834 -0.048720 -0.000000 -0.812800 -30.750000 16.360000 -0.000000 0.000000 -0.000000 0.000000 -0.000000 -0.000320 0.439800 -0.001457 
-0.000009 0.000035 0.000932 -0.000000 0.004254 -0.848600 -0.397000 -0.000000 0.000000 -0.000000 0.000000 -0.000000 0.000006 0.008745 0.000028 
-0.000000 -0.000000 0.000000 0.000000 0.000000 1.000000 0.000000 -0.000000 -0.000000 0.000000 -0.000000 -0.000000 0.000000 0.000000 0.000000 
1.000000 0.000000 -0.000000 18.270000 -0.000000 0.000000 0.000000 0.000000 0.000000 -0.000000 0.000000 0.000000 -0.000000 -0.000000 -0.000000 
0.000000 -0.000000 0.000000 -0.000000 1.000000 -0.000000 -0.000000 -18.270000 -0.000000 0.000000 -0.000000 73.600000 0.000000 0.000000 0.000000 
-0.000000 1.000000 -0.000000 -73.600000 0.000000 0.000000 0.000000 0.000000 0.000000 -0.000000 0.000000 0.000000 -0.000000 -0.000000 -0.000000 
-0.000000 -0.000000 0.000000 0.000000 0.000000 -0.000000 1.000000 -0.000000 -0.000000 0.000000 -0.000000 -0.000000 0.000000 0.000000 0.000000 



u w q the v p r phi x y z psi slat flap aileron elevator
-0.000431 0.214900 -18.320000 -9.810000 0.000000 0.000000 0.000000 0.000000 0.000000 -0.000000 0.000000 0.000000 0.032510 -0.000000 0.010660 
-0.119200 -0.533200 66.830000 -0.000000 -0.000000 0.000000 0.000000 -0.000000 0.000000 -0.000000 0.000000 0.000000 -0.179300 -0.000000 -0.075300 
0.005633 -0.023410 -0.908700 0.000000 -0.001128 -0.040330 0.021700 0.000000 -0.000000 0.000000 -0.000000 0.000000 -0.000958 0.000583 -0.029680 
-0.000000 -0.000000 1.000000 0.000000 0.000000 -0.000000 -0.000000 0.000000 -0.000000 0.000000 -0.000000 0.000000 0.000000 0.000000 0.000000 
0.000000 0.000000 0.000000 -0.000000 -0.091850 18.400000 -69.090000 9.810000 -0.000000 0.000000 -0.000000 -0.000000 0.000000 -0.000146 0.000000 
0.000282 -0.001171 -0.045450 -0.000000 -0.829600 -30.880000 15.550000 -0.000000 0.000000 -0.000000 0.000000 -0.000000 -0.000048 0.442100 -0.001484 
-0.000006 0.000025 0.000985 -0.000000 0.001304 -0.938300 -0.354900 -0.000000 0.000000 -0.000000 0.000000 -0.000000 0.000001 0.009870 0.000032 
-0.000000 -0.000000 0.000000 0.000000 0.000000 1.000000 0.000000 0.000000 -0.000000 0.000000 -0.000000 0.000000 0.000000 0.000000 0.000000 
1.000000 0.000000 -0.000000 17.750000 -0.000000 0.000000 0.000000 0.000000 0.000000 -0.000000 0.000000 0.000000 -0.000000 -0.000000 -0.000000 
0.000000 -0.000000 0.000000 -0.000000 1.000000 -0.000000 -0.000000 -17.750000 -0.000000 0.000000 -0.000000 73.730000 0.000000 0.000000 0.000000 
-0.000000 1.000000 -0.000000 -73.730000 0.000000 0.000000 0.000000 0.000000 0.000000 -0.000000 0.000000 0.000000 -0.000000 -0.000000 -0.000000 
-0.000000 -0.000000 0.000000 0.000000 0.000000 -0.000000 1.000000 -0.000000 -0.000000 0.000000 -0.000000 0.000000 0.000000 0.000000 0.000000 

0.000228 0.131700 -13.950000 -9.810000 -0.000000 -0.000000 0.000000 0.000000 0.000000 -0.000000 0.000000 0.000000 0.028580 0.000000 0.008723 
-0.086210 -0.655300 106.400000 -0.000000 0.000000 0.000000 -0.000000 -0.000000 0.000000 -0.000000 0.000000 0.000000 -0.354600 0.000000 -0.139600 
0.003421 -0.028710 -1.217000 0.000000 -0.001638 -0.071430 0.027940 0.000000 -0.000000 0.000000 -0.000000 0.000000 -0.002344 0.001617 -0.062520 
-0.000000 -0.000000 1.000000 0.000000 0.000000 -0.000000 -0.000000 -0.000000 -0.000000 0.000000 -0.000000 0.000000 0.000000 0.000000 0.000000 
0.000000 0.000000 -0.000000 -0.000000 -0.109400 13.780000 -109.400000 9.810000 -0.000000 0.000000 -0.000000 -0.000000 -0.000000 0.002705 -0.000000 
0.000215 -0.001805 -0.076550 -0.000000 -1.036000 -46.790000 17.190000 -0.000000 0.000000 -0.000000 0.000000 -0.000000 -0.000147 1.055000 -0.003931 
-0.000004 0.000035 0.001486 -0.000000 0.007430 -0.963900 -0.522800 -0.000000 0.000000 -0.000000 0.000000 -0.000000 0.000003 0.018140 0.000076 
-0.000000 -0.000000 0.000000 0.000000 0.000000 1.000000 0.000000 0.000000 -0.000000 0.000000 -0.000000 0.000000 0.000000 0.000000 0.000000 
1.000000 0.000000 -0.000000 13.630000 -0.000000 0.000000 0.000000 0.000000 0.000000 -0.000000 0.000000 0.000000 -0.000000 -0.000000 -0.000000 
0.000000 -0.000000 0.000000 -0.000000 1.000000 -0.000000 -0.000000 -13.630000 -0.000000 0.000000 -0.000000 114.400000 0.000000 0.000000 0.000000 
-0.000000 1.000000 -0.000000 -114.400000 0.000000 0.000000 0.000000 0.000000 0.000000 -0.000000 0.000000 0.000000 -0.000000 -0.000000 -0.000000 
-0.000000 -0.000000 0.000000 0.000000 0.000000 -0.000000 1.000000 0.000000 -0.000000 0.000000 -0.000000 0.000000 0.000000 0.000000 0.000000 

0.000049 0.058860 -14.160000 -9.810000 0.000000 0.000000 0.000000 0.000000 0.000000 -0.000000 0.000000 0.000000 0.020850 -0.000000 0.006085 
-0.049350 -0.569400 223.300000 -0.000000 -0.000000 0.000000 -0.000000 -0.000000 0.000000 -0.000000 0.000000 0.000000 -0.647700 0.000000 -0.234800 
0.001775 -0.029060 -1.301000 0.000000 -0.002669 -0.132900 0.041550 0.000000 -0.000000 0.000000 -0.000000 0.000000 -0.007593 0.006099 -0.137200 
-0.000000 -0.000000 1.000000 -0.000000 0.000000 -0.000000 -0.000000 -0.000000 -0.000000 0.000000 -0.000000 -0.000000 0.000000 0.000000 0.000000 
-0.000000 -0.000000 0.000000 -0.000000 -0.086170 13.920000 -226.000000 9.810000 -0.000000 0.000000 -0.000000 -0.000000 -0.000000 0.007038 0.000000 
0.000187 -0.003069 -0.137400 -0.000000 -1.278000 -65.250000 19.420000 -0.000000 0.000000 -0.000000 0.000000 -0.000000 -0.000802 2.989000 -0.014490 
-0.000003 0.000045 0.001993 -0.000000 0.009850 -0.845600 -0.532900 -0.000000 0.000000 -0.000000 0.000000 -0.000000 0.000012 0.034630 0.000210 
-0.000000 -0.000000 0.000000 0.000000 0.000000 1.000000 0.000000 -0.000000 -0.000000 0.000000 -0.000000 -0.000000 0.000000 0.000000 0.000000 
1.000000 0.000000 -0.000000 14.030000 -0.000000 0.000000 0.000000 0.000000 0.000000 -0.000000 0.000000 0.000000 -0.000000 -0.000000 -0.000000 
0.000000 -0.000000 0.000000 -0.000000 1.000000 -0.000000 -0.000000 -14.030000 -0.000000 0.000000 -0.000000 229.700000 0.000000 0.000000 0.000000 
-0.000000 1.000000 -0.000000 -229.700000 0.000000 0.000000 0.000000 0.000000 0.000000 -0.000000 0.000000 0.000000 -0.000000 -0.000000 -0.000000 
-0.000000 -0.000000 0.000000 0.000000 0.000000 -0.000000 1.000000 -0.000000 -0.000000 0.000000 -0.000000 -0.000000 0.000000 0.000000 0.000000 

0.000034 0.058230 -13.160000 -9.810000 -0.000000 0.000000 0.000000 0.000000 0.000000 -0.000000 0.000000 0.000000 0.020080 -0.000000 0.005856 
-0.049960 -0.601000 223.100000 -0.000000 -0.000000 0.000000 -0.000000 -0.000000 0.000000 -0.000000 0.000000 0.000000 -0.684200 0.000000 -0.247800 
0.001641 -0.028930 -1.300000 0.000000 -0.002645 -0.133000 0.040830 0.000000 -0.000000 0.000000 -0.000000 0.000000 -0.007565 0.006104 -0.137100 
-0.000000 -0.000000 1.000000 0.000000 0.000000 -0.000000 -0.000000 -0.000000 -0.000000 0.000000 -0.000000 0.000000 0.000000 0.000000 0.000000 
-0.000000 -0.000000 0.000000 -0.000000 -0.091060 12.900000 -225.800000 9.810000 -0.000000 0.000000 -0.000000 -0.000000 -0.000000 0.007592 0.000000 
0.000173 -0.003055 -0.137300 -0.000000 -1.266000 -65.270000 19.060000 -0.000000 0.000000 -0.000000 0.000000 -0.000000 -0.000799 2.992000 -0.014480 
-0.000003 0.000044 0.001992 -0.000000 0.010080 -0.833700 -0.535600 -0.000000 0.000000 -0.000000 0.000000 -0.000000 0.000012 0.034490 0.000210 
-0.000000 -0.000000 0.000000 0.000000 0.000000 1.000000 0.000000 0.000000 -0.000000 0.000000 -0.000000 0.000000 0.000000 0.000000 0.000000 
1.000000 0.000000 -0.000000 13.030000 -0.000000 0.000000 0.000000 0.000000 0.000000 -0.000000 0.000000 0.000000 -0.000000 -0.000000 -0.000000 
0.000000 -0.000000 0.000000 -0.000000 1.000000 -0.000000 -0.000000 -13.030000 -0.000000 0.000000 -0.000000 229.800000 0.000000 0.000000 0.000000 
-0.000000 1.000000 -0.000000 -229.800000 0.000000 0.000000 0.000000 0.000000 0.000000 -0.000000 0.000000 0.000000 -0.000000 -0.000000 -0.000000 
-0.000000 -0.000000 0.000000 0.000000 0.000000 -0.000000 1.000000 0.000000 -0.000000 0.000000 -0.000000 0.000000 0.000000 0.000000 0.000000 

0.000240 0.130900 -13.090000 -9.810000 -0.000000 -0.000000 0.000000 0.000000 0.000000 -0.000000 0.000000 0.000000 0.028170 0.000000 0.008571 
-0.086780 -0.691000 106.000000 -0.000000 0.000000 0.000000 -0.000000 -0.000000 0.000000 -0.000000 0.000000 0.000000 -0.374600 0.000000 -0.147200 
0.003181 -0.028520 -1.216000 0.000000 -0.001618 -0.071540 0.027320 0.000000 -0.000000 0.000000 -0.000000 0.000000 -0.002326 0.001621 -0.062530 
-0.000000 -0.000000 1.000000 0.000000 0.000000 -0.000000 -0.000000 0.000000 -0.000000 0.000000 -0.000000 0.000000 0.000000 0.000000 0.000000 
0.000000 0.000000 -0.000000 -0.000000 -0.115700 12.890000 -109.200000 9.810000 -0.000000 0.000000 -0.000000 -0.000000 -0.000000 0.003039 -0.000000 
0.000200 -0.001793 -0.076480 -0.000000 -1.023000 -46.840000 16.790000 -0.000000 0.000000 -0.000000 0.000000 -0.000000 -0.000146 1.057000 -0.003932 
-0.000004 0.000035 0.001485 -0.000000 0.007823 -0.944800 -0.527500 -0.000000 0.000000 -0.000000 0.000000 -0.000000 0.000003 0.018020 0.000076 
-0.000000 -0.000000 0.000000 -0.000000 0.000000 1.000000 0.000000 0.000000 -0.000000 0.000000 -0.000000 0.000000 0.000000 0.000000 0.000000 
1.000000 0.000000 -0.000000 12.770000 -0.000000 0.000000 0.000000 0.000000 0.000000 -0.000000 0.000000 0.000000 -0.000000 -0.000000 -0.000000 
0.000000 -0.000000 0.000000 -0.000000 1.000000 -0.000000 -0.000000 -12.770000 -0.000000 0.000000 -0.000000 114.500000 0.000000 0.000000 0.000000 
-0.000000 1.000000 -0.000000 -114.500000 0.000000 0.000000 0.000000 0.000000 0.000000 -0.000000 0.000000 0.000000 -0.000000 -0.000000 -0.000000 
-0.000000 -0.000000 0.000000 0.000000 0.000000 -0.000000 1.000000 0.000000 -0.000000 0.000000 -0.000000 0.000000 0.000000 0.000000 0.000000 

-0.000307 0.214000 -17.260000 -9.810000 0.000000 -0.000000 0.000000 0.000000 0.000000 -0.000000 0.000000 0.000000 0.032370 -0.000000 0.010570 
-0.119500 -0.563000 66.680000 -0.000000 -0.000000 0.000000 0.000000 -0.000000 0.000000 -0.000000 0.000000 0.000000 -0.190300 -0.000000 -0.079680 
0.005230 -0.023180 -0.908700 0.000000 -0.001109 -0.040520 0.021070 0.000000 -0.000000 0.000000 -0.000000 0.000000 -0.000944 0.000588 -0.029780 
-0.000000 -0.000000 1.000000 0.000000 0.000000 -0.000000 -0.000000 0.000000 -0.000000 0.000000 -0.000000 0.000000 0.000000 0.000000 0.000000 
0.000000 0.000000 0.000000 -0.000000 -0.097510 17.310000 -69.100000 9.810000 -0.000000 0.000000 -0.000000 -0.000000 0.000000 0.000042 0.000000 
0.000262 -0.001159 -0.045450 -0.000000 -0.814900 -30.990000 15.080000 -0.000000 0.000000 -0.000000 0.000000 -0.000000 -0.000047 0.445600 -0.001489 
-0.000006 0.000025 0.000984 -0.000000 0.001873 -0.912400 -0.362300 -0.000000 0.000000 -0.000000 0.000000 -0.000000 0.000001 0.009790 0.000032 
-0.000000 -0.000000 0.000000 0.000000 0.000000 1.000000 0.000000 0.000000 -0.000000 0.000000 -0.000000 0.000000 0.000000 0.000000 0.000000 
1.000000 0.000000 -0.000000 16.690000 -0.000000 0.000000 0.000000 0.000000 0.000000 -0.000000 0.000000 0.000000 -0.000000 -0.000000 -0.000000 
0.000000 -0.000000 0.000000 -0.000000 1.000000 -0.000000 -0.000000 -16.690000 -0.000000 0.000000 -0.000000 73.980000 0.000000 0.000000 0.000000 
-0.000000 1.000000 -0.000000 -73.980000 0.000000 0.000000 0.000000 0.000000 0.000000 -0.000000 0.000000 0.000000 -0.000000 -0.000000 -0.000000 
-0.000000 -0.000000 0.000000 0.000000 0.000000 -0.000000 1.000000 0.000000 -0.000000 0.000000 -0.000000 0.000000 0.000000 0.000000 0.000000 



u w q the v p r phi x y z psi slat flap aileron elevator
0.001109 0.199300 -16.890000 -9.810000 0.000000 0.000000 0.000000 0.000000 0.000000 -0.000000 0.000000 0.000000 0.029470 -0.000000 0.005283 
-0.130600 -0.536500 67.980000 -0.000000 -0.000000 0.000000 0.000000 -0.000000 0.000000 -0.000000 0.000000 0.000000 -0.181000 -0.000000 -0.075730 
0.001394 -0.006398 -0.797100 0.000000 -0.001133 -0.040860 0.020030 0.000000 -0.000000 0.000000 -0.000000 0.000000 0.005089 0.000594 -0.027310 
-0.000000 -0.000000 1.000000 0.000000 0.000000 -0.000000 -0.000000 0.000000 -0.000000 0.000000 -0.000000 0.000000 0.000000 0.000000 0.000000 
0.000000 0.000000 0.000000 -0.000000 -0.093460 16.700000 -69.610000 9.810000 -0.000000 0.000000 -0.000000 -0.000000 0.000000 0.000096 0.000000 
0.000070 -0.000320 -0.039860 -0.000000 -0.832400 -31.050000 14.320000 -0.000000 0.000000 -0.000000 0.000000 -0.000000 0.000255 0.447300 -0.001366 
-0.000002 0.000007 0.000869 -0.000000 -0.001451 -0.899100 -0.287300 -0.000000 0.000000 -0.000000 0.000000 -0.000000 -0.000006 0.009837 0.000030 
-0.000000 -0.000000 0.000000 0.000000 0.000000 1.000000 0.000000 0.000000 -0.000000 0.000000 -0.000000 0.000000 0.000000 0.000000 0.000000 
1.000000 0.000000 -0.000000 16.140000 -0.000000 0.000000 0.000000 0.000000 0.000000 -0.000000 0.000000 0.000000 -0.000000 -0.000000 -0.000000 
0.000000 -0.000000 0.000000 -0.000000 1.000000 -0.000000 -0.000000 -16.140000 -0.000000 0.000000 -0.000000 74.100000 0.000000 0.000000 0.000000 
-0.000000 1.000000 -0.000000 -74.100000 0.000000 0.000000 0.000000 0.000000 0.000000 -0.000000 0.000000 0.000000 -0.000000 -0.000000 -0.000000 
-0.000000 -0.000000 0.000000 0.000000 0.000000 -0.000000 1.000000 0.000000 -0.000000 0.000000 -0.000000 0.000000 0.000000 0.000000 0.000000 

0.000553 0.121500 -12.740000 -9.810000 -0.000000 -0.000000 -0.000000 0.000000 0.000000 -0.000000 0.000000 0.000000 0.025420 0.000000 0.002893 
-0.093670 -0.656600 107.500000 -0.000000 0.000000 0.000000 -0.000000 -0.000000 0.000000 -0.000000 0.000000 0.000000 -0.355400 0.000000 -0.139600 
0.000513 -0.004777 -1.073000 0.000000 -0.001643 -0.072060 0.025520 0.000000 -0.000000 0.000000 -0.000000 0.000000 0.011010 0.001633 -0.057470 
-0.000000 -0.000000 1.000000 0.000000 0.000000 -0.000000 -0.000000 0.000000 -0.000000 0.000000 -0.000000 0.000000 0.000000 0.000000 0.000000 
0.000000 0.000000 -0.000000 -0.000000 -0.110300 12.400000 -109.700000 9.810000 -0.000000 0.000000 -0.000000 -0.000000 -0.000000 0.002930 -0.000000 
0.000032 -0.000300 -0.067480 -0.000000 -1.038000 -46.880000 15.650000 -0.000000 0.000000 -0.000000 0.000000 -0.000000 0.000692 1.058000 -0.003613 
-0.000001 0.000006 0.001320 -0.000000 0.003470 -0.947100 -0.436800 -0.000000 0.000000 -0.000000 0.000000 -0.000000 -0.000014 0.018240 0.000071 
-0.000000 -0.000000 0.000000 -0.000000 0.000000 1.000000 0.000000 0.000000 -0.000000 0.000000 -0.000000 0.000000 0.000000 0.000000 0.000000 
1.000000 0.000000 -0.000000 12.310000 -0.000000 0.000000 0.000000 0.000000 0.000000 -0.000000 0.000000 0.000000 -0.000000 -0.000000 -0.000000 
0.000000 -0.000000 0.000000 -0.000000 1.000000 -0.000000 -0.000000 -12.310000 -0.000000 0.000000 -0.000000 114.600000 0.000000 0.000000 0.000000 
-0.000000 1.000000 -0.000000 -114.600000 0.000000 0.000000 0.000000 0.000000 0.000000 -0.000000 0.000000 0.000000 -0.000000 -0.000000 -0.000000 
-0.000000 -0.000000 0.000000 -0.000000 0.000000 -0.000000 1.000000 -0.000000 -0.000000 0.000000 -0.000000 0.000000 0.000000 0.000000 0.000000 

0.000060 0.053810 -12.690000 -9.810000 0.000000 0.000000 0.000000 0.000000 0.000000 -0.000000 0.000000 0.000000 0.017810 -0.000000 -0.000365 
-0.053100 -0.569800 224.300000 -0.000000 -0.000000 0.000000 0.000000 -0.000000 0.000000 -0.000000 0.000000 0.000000 -0.648100 0.000000 -0.234600 
0.000117 -0.002146 -1.153000 0.000000 -0.002682 -0.134100 0.037690 0.000000 -0.000000 0.000000 -0.000000 0.000000 0.023660 0.006158 -0.126600 
-0.000000 -0.000000 1.000000 0.000000 0.000000 -0.000000 -0.000000 0.000000 -0.000000 0.000000 -0.000000 0.000000 0.000000 0.000000 0.000000 
-0.000000 -0.000000 0.000000 -0.000000 -0.086560 12.370000 -226.200000 9.810000 -0.000000 0.000000 -0.000000 -0.000000 -0.000000 0.007221 0.000000 
0.000012 -0.000227 -0.121800 -0.000000 -1.278000 -65.300000 17.500000 -0.000000 0.000000 -0.000000 0.000000 -0.000000 0.002499 2.993000 -0.013370 
-0.000000 0.000003 0.001783 -0.000000 0.005907 -0.846500 -0.451200 -0.000000 0.000000 -0.000000 0.000000 -0.000000 -0.000037 0.035130 0.000196 
-0.000000 -0.000000 0.000000 0.000000 0.000000 1.000000 0.000000 0.000000 -0.000000 0.000000 -0.000000 0.000000 0.000000 0.000000 0.000000 
1.000000 0.000000 -0.000000 12.510000 -0.000000 0.000000 0.000000 0.000000 0.000000 -0.000000 0.000000 0.000000 -0.000000 -0.000000 -0.000000 
0.000000 -0.000000 0.000000 -0.000000 1.000000 -0.000000 -0.000000 -12.510000 -0.000000 0.000000 -0.000000 229.800000 0.000000 0.000000 0.000000 
-0.000000 1.000000 -0.000000 -229.800000 0.000000 0.000000 0.000000 0.000000 0.000000 -0.000000 0.000000 0.000000 -0.000000 -0.000000 -0.000000 
-0.000000 -0.000000 0.000000 0.000000 0.000000 -0.000000 1.000000 -0.000000 -0.000000 0.000000 -0.000000 0.000000 0.000000 0.000000 0.000000 

0.000036 0.053180 -11.770000 -9.810000 0.000000 0.000000 0.000000 0.000000 0.000000 -0.000000 0.000000 0.000000 0.017040 -0.000000 -0.000599 
-0.053700 -0.601400 224.000000 -0.000000 -0.000000 0.000000 -0.000000 -0.000000 0.000000 -0.000000 0.000000 0.000000 -0.684600 0.000000 -0.247600 
0.000101 -0.002005 -1.153000 0.000000 -0.002658 -0.134200 0.037000 0.000000 -0.000000 0.000000 -0.000000 0.000000 0.023700 0.006163 -0.126500 
-0.000000 -0.000000 1.000000 0.000000 0.000000 -0.000000 -0.000000 -0.000000 -0.000000 0.000000 -0.000000 0.000000 0.000000 0.000000 0.000000 
-0.000000 -0.000000 0.000000 -0.000000 -0.091460 11.430000 -226.100000 9.810000 -0.000000 0.000000 -0.000000 -0.000000 -0.000000 0.007775 0.000000 
0.000011 -0.000212 -0.121700 -0.000000 -1.266000 -65.320000 17.170000 -0.000000 0.000000 -0.000000 0.000000 -0.000000 0.002503 2.996000 -0.013360 
-0.000000 0.000003 0.001782 -0.000000 0.006117 -0.836100 -0.453900 -0.000000 0.000000 -0.000000 0.000000 -0.000000 -0.000037 0.035000 0.000196 
-0.000000 -0.000000 0.000000 0.000000 0.000000 1.000000 0.000000 0.000000 -0.000000 0.000000 -0.000000 0.000000 0.000000 0.000000 0.000000 
1.000000 0.000000 -0.000000 11.600000 -0.000000 0.000000 0.000000 0.000000 0.000000 -0.000000 0.000000 0.000000 -0.000000 -0.000000 -0.000000 
0.000000 -0.000000 0.000000 -0.000000 1.000000 -0.000000 -0.000000 -11.600000 -0.000000 0.000000 -0.000000 229.900000 0.000000 0.000000 0.000000 
-0.000000 1.000000 -0.000000 -229.900000 0.000000 0.000000 0.000000 0.000000 0.000000 -0.000000 0.000000 0.000000 -0.000000 -0.000000 -0.000000 
-0.000000 -0.000000 0.000000 0.000000 0.000000 -0.000000 1.000000 0.000000 -0.000000 0.000000 -0.000000 0.000000 0.000000 0.000000 0.000000 

0.000529 0.120700 -11.950000 -9.810000 -0.000000 -0.000000 0.000000 0.000000 0.000000 -0.000000 0.000000 0.000000 0.025000 0.000000 0.002733 
-0.094220 -0.692300 107.200000 -0.000000 -0.000000 0.000000 -0.000000 -0.000000 0.000000 -0.000000 0.000000 0.000000 -0.375400 0.000000 -0.147200 
0.000459 -0.004561 -1.073000 0.000000 -0.001623 -0.072150 0.024930 0.000000 -0.000000 0.000000 -0.000000 0.000000 0.011050 0.001637 -0.057470 
-0.000000 -0.000000 1.000000 0.000000 0.000000 -0.000000 -0.000000 0.000000 -0.000000 0.000000 -0.000000 0.000000 0.000000 0.000000 0.000000 
0.000000 0.000000 -0.000000 -0.000000 -0.116600 11.590000 -109.500000 9.810000 -0.000000 0.000000 -0.000000 -0.000000 -0.000000 0.003263 -0.000000 
0.000029 -0.000287 -0.067450 -0.000000 -1.025000 -46.920000 15.270000 -0.000000 0.000000 -0.000000 0.000000 -0.000000 0.000695 1.061000 -0.003613 
-0.000001 0.000006 0.001319 -0.000000 0.003829 -0.930300 -0.441600 -0.000000 0.000000 -0.000000 0.000000 -0.000000 -0.000014 0.018140 0.000071 
-0.000000 -0.000000 0.000000 -0.000000 0.000000 1.000000 0.000000 0.000000 -0.000000 0.000000 -0.000000 0.000000 0.000000 0.000000 0.000000 
1.000000 0.000000 -0.000000 11.530000 -0.000000 0.000000 0.000000 0.000000 0.000000 -0.000000 0.000000 0.000000 -0.000000 -0.000000 -0.000000 
0.000000 -0.000000 0.000000 -0.000000 1.000000 -0.000000 -0.000000 -11.530000 -0.000000 0.000000 -0.000000 114.600000 0.000000 0.000000 0.000000 
-0.000000 1.000000 -0.000000 -114.600000 0.000000 0.000000 0.000000 0.000000 0.000000 -0.000000 0.000000 0.000000 -0.000000 -0.000000 -0.000000 
-0.000000 -0.000000 0.000000 0.000000 0.000000 -0.000000 1.000000 0.000000 -0.000000 0.000000 -0.000000 0.000000 0.000000 0.000000 0.000000 

0.001105 0.198400 -15.920000 -9.810000 0.000000 0.000000 0.000000 0.000000 0.000000 -0.000000 0.000000 0.000000 0.029300 -0.000000 0.005169 
-0.130800 -0.566200 67.830000 -0.000000 -0.000000 0.000000 0.000000 -0.000000 0.000000 -0.000000 0.000000 0.000000 -0.191900 -0.000000 -0.080060 
0.001248 -0.006112 -0.797400 0.000000 -0.001114 -0.041030 0.019430 0.000000 -0.000000 0.000000 -0.000000 0.000000 0.005134 0.000598 -0.027380 
-0.000000 -0.000000 1.000000 0.000000 0.000000 -0.000000 -0.000000 0.000000 -0.000000 0.000000 -0.000000 0.000000 0.000000 0.000000 0.000000 
0.000000 0.000000 0.000000 -0.000000 -0.099100 15.710000 -69.580000 9.810000 -0.000000 0.000000 -0.000000 -0.000000 0.000000 0.000284 0.000000 
0.000062 -0.000306 -0.039880 -0.000000 -0.817500 -31.150000 13.880000 -0.000000 0.000000 -0.000000 0.000000 -0.000000 0.000257 0.450300 -0.001370 
-0.000001 0.000007 0.000870 -0.000000 -0.000932 -0.876300 -0.294700 -0.000000 0.000000 -0.000000 0.000000 -0.000000 -0.000006 0.009763 0.000030 
-0.000000 -0.000000 0.000000 0.000000 0.000000 1.000000 0.000000 0.000000 -0.000000 0.000000 -0.000000 0.000000 0.000000 0.000000 0.000000 
1.000000 0.000000 -0.000000 15.180000 -0.000000 0.000000 0.000000 0.000000 0.000000 -0.000000 0.000000 0.000000 -0.000000 -0.000000 -0.000000 
0.000000 -0.000000 0.000000 -0.000000 1.000000 -0.000000 -0.000000 -15.180000 -0.000000 0.000000 -0.000000 74.300000 0.000000 0.000000 0.000000 
-0.000000 1.000000 -0.000000 -74.300000 0.000000 0.000000 0.000000 0.000000 0.000000 -0.000000 0.000000 0.000000 -0.000000 -0.000000 -0.000000 
-0.000000 -0.000000 0.000000 0.000000 0.000000 -0.000000 1.000000 0.000000 -0.000000 0.000000 -0.000000 0.000000 0.000000 0.000000 0.000000 



u w q the v p r phi x y z psi slat flap aileron elevator
0.000991 0.183900 -15.430000 -9.810000 -0.000000 0.000000 0.000000 0.000000 0.000000 -0.000000 0.000000 0.000000 0.026400 -0.000000 -0.000145 
-0.142000 -0.539600 69.080000 -0.000000 -0.000000 0.000000 0.000000 -0.000000 0.000000 -0.000000 0.000000 0.000000 -0.182600 -0.000000 -0.076090 
-0.001925 0.009842 -0.673100 0.000000 -0.001042 -0.037890 0.016790 0.000000 -0.000000 0.000000 -0.000000 0.000000 0.010260 0.000553 -0.022750 
-0.000000 -0.000000 1.000000 0.000000 0.000000 -0.000000 -0.000000 -0.000000 -0.000000 0.000000 -0.000000 0.000000 0.000000 0.000000 0.000000 
0.000000 0.000000 0.000000 -0.000000 -0.095210 15.030000 -70.080000 9.810000 -0.000000 0.000000 -0.000000 -0.000000 0.000000 0.000336 0.000000 
-0.000096 0.000493 -0.033700 -0.000000 -0.835100 -31.170000 13.120000 -0.000000 0.000000 -0.000000 0.000000 -0.000000 0.000514 0.451400 -0.001139 
0.000002 -0.000010 0.000666 -0.000000 -0.003764 -0.778500 -0.210100 -0.000000 0.000000 -0.000000 0.000000 -0.000000 -0.000010 0.008841 0.000023 
-0.000000 -0.000000 0.000000 0.000000 0.000000 1.000000 0.000000 0.000000 -0.000000 0.000000 -0.000000 0.000000 0.000000 0.000000 0.000000 
1.000000 0.000000 -0.000000 14.560000 -0.000000 0.000000 0.000000 0.000000 0.000000 -0.000000 0.000000 0.000000 -0.000000 -0.000000 -0.000000 
0.000000 -0.000000 0.000000 -0.000000 1.000000 -0.000000 -0.000000 -14.560000 -0.000000 0.000000 -0.000000 74.430000 0.000000 0.000000 0.000000 
-0.000000 1.000000 -0.000000 -74.430000 0.000000 0.000000 0.000000 0.000000 0.000000 -0.000000 0.000000 0.000000 -0.000000 -0.000000 -0.000000 
-0.000000 -0.000000 0.000000 0.000000 0.000000 -0.000000 1.000000 0.000000 -0.000000 0.000000 -0.000000 0.000000 0.000000 0.000000 0.000000 

0.000254 0.111400 -11.520000 -9.810000 -0.000000 -0.000000 -0.000000 0.000000 0.000000 -0.000000 0.000000 0.000000 0.022280 0.000000 -0.002918 
-0.101100 -0.657900 108.600000 -0.000000 0.000000 0.000000 0.000000 -0.000000 0.000000 -0.000000 0.000000 0.000000 -0.356100 -0.000000 -0.139600 
-0.001666 0.017350 -0.902100 0.000000 -0.001486 -0.065650 0.020820 0.000000 -0.000000 0.000000 -0.000000 0.000000 0.022020 0.001489 -0.047260 
-0.000000 -0.000000 1.000000 0.000000 0.000000 -0.000000 -0.000000 0.000000 -0.000000 0.000000 -0.000000 0.000000 0.000000 0.000000 0.000000 
0.000000 0.000000 -0.000000 -0.000000 -0.111300 11.050000 -110.000000 9.810000 -0.000000 0.000000 -0.000000 -0.000000 -0.000000 0.003151 -0.000000 
-0.000105 0.001092 -0.056780 -0.000000 -1.039000 -46.900000 14.150000 -0.000000 0.000000 -0.000000 0.000000 -0.000000 0.001386 1.061000 -0.002975 
0.000002 -0.000019 0.000995 -0.000000 -0.000451 -0.830800 -0.325400 -0.000000 0.000000 -0.000000 0.000000 -0.000000 -0.000024 0.016340 0.000052 
-0.000000 -0.000000 0.000000 -0.000000 0.000000 1.000000 0.000000 0.000000 -0.000000 0.000000 -0.000000 0.000000 0.000000 0.000000 0.000000 
1.000000 0.000000 -0.000000 11.010000 -0.000000 0.000000 0.000000 0.000000 0.000000 -0.000000 0.000000 0.000000 -0.000000 -0.000000 -0.000000 
0.000000 -0.000000 0.000000 -0.000000 1.000000 -0.000000 -0.000000 -11.010000 -0.000000 0.000000 -0.000000 114.700000 0.000000 0.000000 0.000000 
-0.000000 1.000000 -0.000000 -114.700000 0.000000 0.000000 0.000000 0.000000 0.000000 -0.000000 0.000000 0.000000 -0.000000 -0.000000 -0.000000 
-0.000000 -0.000000 0.000000 0.000000 0.000000 -0.000000 1.000000 -0.000000 -0.000000 0.000000 -0.000000 0.000000 0.000000 0.000000 0.000000 

-0.000133 0.048810 -11.230000 -9.810000 -0.000000 0.000000 0.000000 0.000000 0.000000 -0.000000 0.000000 0.000000 0.014810 -0.000000 -0.006766 
-0.056810 -0.570300 225.200000 -0.000000 -0.000000 0.000000 0.000000 -0.000000 0.000000 -0.000000 0.000000 0.000000 -0.648400 0.000000 -0.234400 
-0.001042 0.021760 -0.948000 0.000000 -0.002355 -0.118400 0.029520 0.000000 -0.000000 0.000000 -0.000000 0.000000 0.048120 0.005439 -0.101300 
-0.000000 -0.000000 1.000000 -0.000000 0.000000 -0.000000 -0.000000 -0.000000 -0.000000 0.000000 -0.000000 -0.000000 0.000000 0.000000 0.000000 
-0.000000 -0.000000 0.000000 -0.000000 -0.086980 10.850000 -226.400000 9.810000 -0.000000 0.000000 -0.000000 -0.000000 -0.000000 0.007402 0.000000 
-0.000110 0.002300 -0.100200 -0.000000 -1.278000 -65.290000 15.640000 -0.000000 0.000000 -0.000000 0.000000 -0.000000 0.005087 2.994000 -0.010710 
0.000001 -0.000029 0.001282 -0.000000 0.001674 -0.736400 -0.331500 -0.000000 0.000000 -0.000000 0.000000 -0.000000 -0.000065 0.030910 0.000137 
-0.000000 -0.000000 0.000000 0.000000 0.000000 1.000000 0.000000 -0.000000 -0.000000 0.000000 -0.000000 -0.000000 0.000000 0.000000 0.000000 
1.000000 0.000000 -0.000000 11.010000 -0.000000 0.000000 0.000000 0.000000 0.000000 -0.000000 0.000000 0.000000 -0.000000 -0.000000 -0.000000 
0.000000 -0.000000 0.000000 -0.000000 1.000000 -0.000000 -0.000000 -11.010000 -0.000000 0.000000 -0.000000 229.900000 0.000000 0.000000 0.000000 
-0.000000 1.000000 -0.000000 -229.900000 0.000000 0.000000 0.000000 0.000000 0.000000 -0.000000 0.000000 0.000000 -0.000000 -0.000000 -0.000000 
-0.000000 -0.000000 0.000000 0.000000 0.000000 -0.000000 1.000000 -0.000000 -0.000000 0.000000 -0.000000 -0.000000 0.000000 0.000000 0.000000 

-0.000154 0.048190 -10.390000 -9.810000 -0.000000 0.000000 0.000000 0.000000 0.000000 -0.000000 0.000000 0.000000 0.014040 -0.000000 -0.007000 
-0.057400 -0.601900 225.000000 -0.000000 -0.000000 0.000000 -0.000000 -0.000000 0.000000 -0.000000 0.000000 0.000000 -0.684900 0.000000 -0.247400 
-0.000969 0.021890 -0.947900 0.000000 -0.002333 -0.118500 0.028950 0.000000 -0.000000 0.000000 -0.000000 0.000000 0.048160 0.005443 -0.101300 
-0.000000 -0.000000 1.000000 0.000000 0.000000 -0.000000 -0.000000 0.000000 -0.000000 0.000000 -0.000000 0.000000 0.000000 0.000000 0.000000 
-0.000000 -0.000000 0.000000 -0.000000 -0.091880 9.985000 -226.300000 9.810000 -0.000000 0.000000 -0.000000 -0.000000 -0.000000 0.007955 0.000000 
-0.000102 0.002314 -0.100200 -0.000000 -1.266000 -65.300000 15.320000 -0.000000 0.000000 -0.000000 0.000000 -0.000000 0.005090 2.996000 -0.010710 
0.000001 -0.000030 0.001282 -0.000000 0.001839 -0.728500 -0.333800 -0.000000 0.000000 -0.000000 0.000000 -0.000000 -0.000065 0.030810 0.000137 
-0.000000 -0.000000 0.000000 -0.000000 0.000000 1.000000 0.000000 0.000000 -0.000000 0.000000 -0.000000 0.000000 0.000000 0.000000 0.000000 
1.000000 0.000000 -0.000000 10.180000 -0.000000 0.000000 0.000000 0.000000 0.000000 -0.000000 0.000000 0.000000 -0.000000 -0.000000 -0.000000 
0.000000 -0.000000 0.000000 -0.000000 1.000000 -0.000000 -0.000000 -10.180000 -0.000000 0.000000 -0.000000 229.900000 0.000000 0.000000 0.000000 
-0.000000 1.000000 -0.000000 -229.900000 0.000000 0.000000 0.000000 0.000000 0.000000 -0.000000 0.000000 0.000000 -0.000000 -0.000000 -0.000000 
-0.000000 -0.000000 0.000000 0.000000 0.000000 -0.000000 1.000000 -0.000000 -0.000000 0.000000 -0.000000 0.000000 0.000000 0.000000 0.000000 

0.000227 0.110700 -10.800000 -9.810000 -0.000000 -0.000000 -0.000000 0.000000 0.000000 -0.000000 0.000000 0.000000 0.021860 0.000000 -0.003082 
-0.101600 -0.693500 108.300000 -0.000000 0.000000 0.000000 0.000000 -0.000000 0.000000 -0.000000 0.000000 0.000000 -0.376000 0.000000 -0.147200 
-0.001575 0.017550 -0.902200 0.000000 -0.001468 -0.065720 0.020320 0.000000 -0.000000 0.000000 -0.000000 0.000000 0.022060 0.001492 -0.047270 
-0.000000 -0.000000 1.000000 0.000000 0.000000 -0.000000 -0.000000 0.000000 -0.000000 0.000000 -0.000000 0.000000 0.000000 0.000000 0.000000 
0.000000 0.000000 -0.000000 -0.000000 -0.117600 10.300000 -109.800000 9.810000 -0.000000 0.000000 -0.000000 -0.000000 -0.000000 0.003484 -0.000000 
-0.000099 0.001105 -0.056790 -0.000000 -1.026000 -46.930000 13.790000 -0.000000 0.000000 -0.000000 0.000000 -0.000000 0.001389 1.062000 -0.002976 
0.000002 -0.000019 0.000995 -0.000000 -0.000164 -0.817800 -0.329600 -0.000000 0.000000 -0.000000 0.000000 -0.000000 -0.000024 0.016250 0.000052 
-0.000000 -0.000000 0.000000 -0.000000 0.000000 1.000000 0.000000 0.000000 -0.000000 0.000000 -0.000000 0.000000 0.000000 0.000000 0.000000 
1.000000 0.000000 -0.000000 10.300000 -0.000000 0.000000 0.000000 0.000000 0.000000 -0.000000 0.000000 0.000000 -0.000000 -0.000000 -0.000000 
0.000000 -0.000000 0.000000 -0.000000 1.000000 -0.000000 -0.000000 -10.300000 -0.000000 0.000000 -0.000000 114.800000 0.000000 0.000000 0.000000 
-0.000000 1.000000 -0.000000 -114.800000 0.000000 0.000000 0.000000 0.000000 0.000000 -0.000000 0.000000 0.000000 -0.000000 -0.000000 -0.000000 
-0.000000 -0.000000 0.000000 -0.000000 0.000000 -0.000000 1.000000 -0.000000 -0.000000 0.000000 -0.000000 0.000000 0.000000 0.000000 0.000000 

0.000954 0.183000 -14.550000 -9.810000 0.000000 0.000000 0.000000 0.000000 0.000000 -0.000000 0.000000 0.000000 0.026200 -0.000000 -0.000271 
-0.142200 -0.569100 68.950000 -0.000000 -0.000000 0.000000 0.000000 -0.000000 0.000000 -0.000000 0.000000 0.000000 -0.193400 -0.000000 -0.080370 
-0.001859 0.010140 -0.673800 0.000000 -0.001024 -0.038010 0.016270 0.000000 -0.000000 0.000000 -0.000000 0.000000 0.010320 0.000556 -0.022810 
-0.000000 -0.000000 1.000000 0.000000 0.000000 -0.000000 -0.000000 0.000000 -0.000000 0.000000 -0.000000 0.000000 0.000000 0.000000 0.000000 
0.000000 0.000000 0.000000 -0.000000 -0.100800 14.110000 -70.030000 9.810000 -0.000000 0.000000 -0.000000 -0.000000 0.000000 0.000525 0.000000 
-0.000093 0.000508 -0.033740 -0.000000 -0.820100 -31.240000 12.700000 -0.000000 0.000000 -0.000000 0.000000 -0.000000 0.000517 0.454000 -0.001142 
0.000002 -0.000010 0.000666 -0.000000 -0.003347 -0.760700 -0.216500 -0.000000 0.000000 -0.000000 0.000000 -0.000000 -0.000010 0.008779 0.000023 
-0.000000 -0.000000 0.000000 -0.000000 0.000000 1.000000 0.000000 0.000000 -0.000000 0.000000 -0.000000 0.000000 0.000000 0.000000 0.000000 
1.000000 0.000000 -0.000000 13.680000 -0.000000 0.000000 0.000000 0.000000 0.000000 -0.000000 0.000000 0.000000 -0.000000 -0.000000 -0.000000 
0.000000 -0.000000 0.000000 -0.000000 1.000000 -0.000000 -0.000000 -13.680000 -0.000000 0.000000 -0.000000 74.590000 0.000000 0.000000 0.000000 
-0.000000 1.000000 -0.000000 -74.590000 0.000000 0.000000 0.000000 0.000000 0.000000 -0.000000 0.000000 0.000000 -0.000000 -0.000000 -0.000000 
-0.000000 -0.000000 0.000000 0.000000 0.000000 -0.000000 1.000000 -0.000000 -0.000000 0.000000 -0.000000 0.000000 0.000000 0.000000 0.000000 



u w q the v p r phi x y z psi slat flap aileron elevator
-0.005986 0.239100 -20.420000 -9.810000 0.000000 -0.000000 0.000000 0.000000 0.000000 -0.000000 0.000000 0.000000 0.037090 -0.000000 0.018690 
-0.102100 -0.527500 65.020000 -0.000000 -0.000000 0.000000 0.000000 -0.000000 0.000000 -0.000000 0.000000 0.000000 -0.176300 -0.000000 -0.074500 
0.011340 -0.041010 -0.988100 0.000000 -0.000583 -0.019650 0.012900 0.000000 -0.000000 0.000000 -0.000000 0.000000 -0.008308 0.000285 -0.027890 
-0.000000 -0.000000 1.000000 0.000000 0.000000 -0.000000 -0.000000 0.000000 -0.000000 0.000000 -0.000000 0.000000 0.000000 0.000000 0.000000 
0.000000 0.000000 0.000000 -0.000000 -0.089700 21.020000 -68.230000 9.810000 -0.000000 0.000000 -0.000000 -0.000000 0.000000 -0.000517 0.000000 
0.000342 -0.001236 -0.029770 -0.000000 -0.862600 -31.820000 18.250000 -0.000000 0.000000 -0.000000 0.000000 -0.000000 -0.000250 0.451300 -0.000840 
-0.000019 0.000069 0.001665 -0.000000 0.004049 -0.844700 -0.387400 -0.000000 0.000000 -0.000000 0.000000 -0.000000 0.000014 0.008422 0.000047 
-0.000000 -0.000000 0.000000 -0.000000 0.000000 1.000000 0.000000 0.000000 -0.000000 0.000000 -0.000000 0.000000 0.000000 0.000000 0.000000 
1.000000 0.000000 -0.000000 20.220000 -0.000000 0.000000 0.000000 0.000000 0.000000 -0.000000 0.000000 0.000000 -0.000000 -0.000000 -0.000000 
0.000000 -0.000000 0.000000 -0.000000 1.000000 -0.000000 -0.000000 -20.220000 -0.000000 0.000000 -0.000000 73.090000 0.000000 0.000000 0.000000 
-0.000000 1.000000 -0.000000 -73.090000 0.000000 0.000000 0.000000 0.000000 0.000000 -0.000000 0.000000 0.000000 -0.000000 -0.000000 -0.000000 
-0.000000 -0.000000 0.000000 0.000000 0.000000 -0.000000 1.000000 0.000000 -0.000000 0.000000 -0.000000 0.000000 0.000000 0.000000 0.000000 

-0.001480 0.147300 -15.730000 -9.810000 -0.000000 -0.000000 0.000000 0.000000 0.000000 -0.000000 0.000000 0.000000 0.033380 0.000000 0.017570 
-0.074860 -0.653100 104.600000 -0.000000 -0.000000 0.000000 -0.000000 -0.000000 0.000000 -0.000000 0.000000 0.000000 -0.353100 0.000000 -0.139400 
0.007287 -0.053160 -1.292000 0.000000 -0.000842 -0.035140 0.016680 0.000000 -0.000000 0.000000 -0.000000 0.000000 -0.018400 0.000797 -0.057630 
-0.000000 -0.000000 1.000000 -0.000000 0.000000 -0.000000 -0.000000 -0.000000 -0.000000 0.000000 -0.000000 -0.000000 0.000000 0.000000 0.000000 
0.000000 0.000000 -0.000000 -0.000000 -0.108200 15.880000 -108.900000 9.810000 -0.000000 0.000000 -0.000000 -0.000000 -0.000000 0.002360 -0.000000 
0.000280 -0.002042 -0.049630 -0.000000 -1.093000 -49.130000 20.730000 -0.000000 0.000000 -0.000000 0.000000 -0.000000 -0.000707 1.105000 -0.002214 
-0.000013 0.000098 0.002384 -0.000000 0.010070 -0.831400 -0.534300 -0.000000 0.000000 -0.000000 0.000000 -0.000000 0.000034 0.015190 0.000106 
-0.000000 -0.000000 0.000000 0.000000 0.000000 1.000000 0.000000 -0.000000 -0.000000 0.000000 -0.000000 -0.000000 0.000000 0.000000 0.000000 
1.000000 0.000000 -0.000000 15.650000 -0.000000 0.000000 0.000000 0.000000 0.000000 -0.000000 0.000000 0.000000 -0.000000 -0.000000 -0.000000 
0.000000 -0.000000 0.000000 -0.000000 1.000000 -0.000000 -0.000000 -15.650000 -0.000000 0.000000 -0.000000 114.200000 0.000000 0.000000 0.000000 
-0.000000 1.000000 -0.000000 -114.200000 0.000000 0.000000 0.000000 0.000000 0.000000 -0.000000 0.000000 0.000000 -0.000000 -0.000000 -0.000000 
-0.000000 -0.000000 0.000000 0.000000 0.000000 -0.000000 1.000000 -0.000000 -0.000000 0.000000 -0.000000 -0.000000 0.000000 0.000000 0.000000 

-0.000367 0.066610 -16.370000 -9.810000 0.000000 0.000000 0.000000 0.000000 0.000000 -0.000000 0.000000 0.000000 0.025480 -0.000000 0.015920 
-0.043640 -0.568600 221.900000 -0.000000 -0.000000 0.000000 0.000000 -0.000000 0.000000 -0.000000 0.000000 0.000000 -0.647000 0.000000 -0.235100 
0.003848 -0.054010 -1.304000 0.000000 -0.001342 -0.064930 0.024370 0.000000 -0.000000 0.000000 -0.000000 0.000000 -0.042390 0.002982 -0.119200 
-0.000000 -0.000000 1.000000 -0.000000 0.000000 -0.000000 -0.000000 -0.000000 -0.000000 0.000000 -0.000000 -0.000000 0.000000 0.000000 0.000000 
-0.000000 -0.000000 0.000000 -0.000000 -0.085600 16.290000 -225.600000 9.810000 -0.000000 0.000000 -0.000000 -0.000000 -0.000000 0.006756 0.000000 
0.000259 -0.003640 -0.087890 -0.000000 -1.403000 -71.330000 24.620000 -0.000000 0.000000 -0.000000 0.000000 -0.000000 -0.002857 3.265000 -0.008032 
-0.000008 0.000117 0.002825 -0.000000 0.011060 -0.704300 -0.505400 -0.000000 0.000000 -0.000000 0.000000 -0.000000 0.000092 0.028480 0.000258 
-0.000000 -0.000000 0.000000 0.000000 0.000000 1.000000 0.000000 -0.000000 -0.000000 0.000000 -0.000000 -0.000000 0.000000 0.000000 0.000000 
1.000000 0.000000 -0.000000 16.360000 -0.000000 0.000000 0.000000 0.000000 0.000000 -0.000000 0.000000 0.000000 -0.000000 -0.000000 -0.000000 
0.000000 -0.000000 0.000000 -0.000000 1.000000 -0.000000 -0.000000 -16.360000 -0.000000 0.000000 -0.000000 229.600000 0.000000 0.000000 0.000000 
-0.000000 1.000000 -0.000000 -229.600000 0.000000 0.000000 0.000000 0.000000 0.000000 -0.000000 0.000000 0.000000 -0.000000 -0.000000 -0.000000 
-0.000000 -0.000000 0.000000 0.000000 0.000000 -0.000000 1.000000 -0.000000 -0.000000 0.000000 -0.000000 -0.000000 0.000000 0.000000 0.000000 

-0.000346 0.065980 -15.250000 -9.810000 0.000000 0.000000 0.000000 0.000000 0.000000 -0.000000 0.000000 0.000000 0.024720 -0.000000 0.015700 
-0.044250 -0.600200 221.600000 -0.000000 -0.000000 0.000000 0.000000 -0.000000 0.000000 -0.000000 0.000000 0.000000 -0.683600 0.000000 -0.248100 
0.003577 -0.053910 -1.303000 0.000000 -0.001331 -0.064990 0.023970 0.000000 -0.000000 0.000000 -0.000000 0.000000 -0.042380 0.002986 -0.119100 
-0.000000 -0.000000 1.000000 0.000000 0.000000 -0.000000 -0.000000 0.000000 -0.000000 0.000000 -0.000000 0.000000 0.000000 0.000000 0.000000 
-0.000000 -0.000000 0.000000 -0.000000 -0.090490 15.140000 -225.500000 9.810000 -0.000000 0.000000 -0.000000 -0.000000 -0.000000 0.007311 0.000000 
0.000241 -0.003634 -0.087800 -0.000000 -1.390000 -71.360000 24.190000 -0.000000 0.000000 -0.000000 0.000000 -0.000000 -0.002857 3.269000 -0.008027 
-0.000008 0.000117 0.002823 -0.000000 0.011270 -0.693500 -0.507500 -0.000000 0.000000 -0.000000 0.000000 -0.000000 0.000092 0.028360 0.000258 
-0.000000 -0.000000 0.000000 0.000000 0.000000 1.000000 0.000000 0.000000 -0.000000 0.000000 -0.000000 0.000000 0.000000 0.000000 0.000000 
1.000000 0.000000 -0.000000 15.240000 -0.000000 0.000000 0.000000 0.000000 0.000000 -0.000000 0.000000 0.000000 -0.000000 -0.000000 -0.000000 
0.000000 -0.000000 0.000000 -0.000000 1.000000 -0.000000 -0.000000 -15.240000 -0.000000 0.000000 -0.000000 229.700000 0.000000 0.000000 0.000000 
-0.000000 1.000000 -0.000000 -229.700000 0.000000 0.000000 0.000000 0.000000 0.000000 -0.000000 0.000000 0.000000 -0.000000 -0.000000 -0.000000 
-0.000000 -0.000000 0.000000 0.000000 0.000000 -0.000000 1.000000 0.000000 -0.000000 0.000000 -0.000000 0.000000 0.000000 0.000000 0.000000 

-0.001346 0.146500 -14.770000 -9.810000 -0.000000 -0.000000 -0.000000 0.000000 0.000000 -0.000000 0.000000 0.000000 0.032990 0.000000 0.017430 
-0.075450 -0.688900 104.200000 -0.000000 0.000000 0.000000 -0.000000 -0.000000 0.000000 -0.000000 0.000000 0.000000 -0.373200 0.000000 -0.147100 
0.006814 -0.053040 -1.290000 0.000000 -0.000833 -0.035230 0.016350 0.000000 -0.000000 0.000000 -0.000000 0.000000 -0.018420 0.000800 -0.057640 
-0.000000 -0.000000 1.000000 0.000000 0.000000 -0.000000 -0.000000 0.000000 -0.000000 0.000000 -0.000000 0.000000 0.000000 0.000000 0.000000 
0.000000 0.000000 -0.000000 -0.000000 -0.114500 14.890000 -108.700000 9.810000 -0.000000 0.000000 -0.000000 -0.000000 -0.000000 0.002695 -0.000000 
0.000262 -0.002038 -0.049570 -0.000000 -1.080000 -49.190000 20.270000 -0.000000 0.000000 -0.000000 0.000000 -0.000000 -0.000708 1.108000 -0.002214 
-0.000013 0.000098 0.002381 -0.000000 0.010430 -0.813000 -0.538100 -0.000000 0.000000 -0.000000 0.000000 -0.000000 0.000034 0.015080 0.000106 
-0.000000 -0.000000 0.000000 -0.000000 0.000000 1.000000 0.000000 0.000000 -0.000000 0.000000 -0.000000 0.000000 0.000000 0.000000 0.000000 
1.000000 0.000000 -0.000000 14.680000 -0.000000 0.000000 0.000000 0.000000 0.000000 -0.000000 0.000000 0.000000 -0.000000 -0.000000 -0.000000 
0.000000 -0.000000 0.000000 -0.000000 1.000000 -0.000000 -0.000000 -14.680000 -0.000000 0.000000 -0.000000 114.300000 0.000000 0.000000 0.000000 
-0.000000 1.000000 -0.000000 -114.300000 0.000000 0.000000 0.000000 0.000000 0.000000 -0.000000 0.000000 0.000000 -0.000000 -0.000000 -0.000000 
-0.000000 -0.000000 0.000000 0.000000 0.000000 -0.000000 1.000000 -0.000000 -0.000000 0.000000 -0.000000 0.000000 0.000000 0.000000 0.000000 

-0.005483 0.238200 -19.230000 -9.810000 0.000000 -0.000000 0.000000 0.000000 0.000000 -0.000000 0.000000 0.000000 0.037000 -0.000000 0.018650 
-0.102400 -0.557700 64.880000 -0.000000 -0.000000 0.000000 0.000000 -0.000000 0.000000 -0.000000 0.000000 0.000000 -0.187500 -0.000000 -0.078950 
0.010610 -0.040930 -0.988100 0.000000 -0.000574 -0.019800 0.012560 0.000000 -0.000000 0.000000 -0.000000 0.000000 -0.008360 0.000289 -0.028020 
-0.000000 -0.000000 1.000000 -0.000000 0.000000 -0.000000 -0.000000 -0.000000 -0.000000 0.000000 -0.000000 -0.000000 0.000000 0.000000 0.000000 
0.000000 0.000000 0.000000 -0.000000 -0.095380 19.790000 -68.300000 9.810000 -0.000000 0.000000 -0.000000 -0.000000 0.000000 -0.000329 0.000000 
0.000320 -0.001233 -0.029770 -0.000000 -0.847600 -31.970000 17.730000 -0.000000 0.000000 -0.000000 0.000000 -0.000000 -0.000252 0.455900 -0.000844 
-0.000018 0.000069 0.001665 -0.000000 0.004573 -0.819200 -0.393100 -0.000000 0.000000 -0.000000 0.000000 -0.000000 0.000014 0.008354 0.000047 
-0.000000 -0.000000 0.000000 0.000000 0.000000 1.000000 0.000000 -0.000000 -0.000000 0.000000 -0.000000 -0.000000 0.000000 0.000000 0.000000 
1.000000 0.000000 -0.000000 19.030000 -0.000000 0.000000 0.000000 0.000000 0.000000 -0.000000 0.000000 0.000000 -0.000000 -0.000000 -0.000000 
0.000000 -0.000000 0.000000 -0.000000 1.000000 -0.000000 -0.000000 -19.030000 -0.000000 0.000000 -0.000000 73.410000 0.000000 0.000000 0.000000 
-0.000000 1.000000 -0.000000 -73.410000 0.000000 0.000000 0.000000 0.000000 0.000000 -0.000000 0.000000 0.000000 -0.000000 -0.000000 -0.000000 
-0.000000 -0.000000 0.000000 0.000000 0.000000 -0.000000 1.000000 -0.000000 -0.000000 0.000000 -0.000000 -0.000000 0.000000 0.000000 0.000000 



u w q the v p r phi x y z psi slat flap aileron elevator
-0.003094 0.228600 -19.520000 -9.810000 -0.000000 -0.000000 0.000000 0.000000 0.000000 -0.000000 0.000000 0.000000 0.035110 -0.000000 0.015230 
-0.109500 -0.530100 65.820000 -0.000000 -0.000000 0.000000 0.000000 -0.000000 0.000000 -0.000000 0.000000 0.000000 -0.177600 -0.000000 -0.074870 
0.009072 -0.034780 -0.961000 0.000000 -0.000638 -0.021560 0.013470 0.000000 -0.000000 0.000000 -0.000000 0.000000 -0.005562 0.000315 -0.029120 
-0.000000 -0.000000 1.000000 0.000000 0.000000 -0.000000 -0.000000 0.000000 -0.000000 0.000000 -0.000000 0.000000 0.000000 0.000000 0.000000 
0.000000 0.000000 0.000000 -0.000000 -0.090590 19.880000 -68.620000 9.810000 -0.000000 0.000000 -0.000000 -0.000000 0.000000 -0.000356 0.000000 
0.000272 -0.001044 -0.028850 -0.000000 -0.863800 -32.010000 17.360000 -0.000000 0.000000 -0.000000 0.000000 -0.000000 -0.000167 0.455900 -0.000874 
-0.000017 0.000065 0.001799 -0.000000 0.002797 -0.907100 -0.374300 -0.000000 0.000000 -0.000000 0.000000 -0.000000 0.000010 0.009296 0.000055 
-0.000000 -0.000000 0.000000 0.000000 0.000000 1.000000 0.000000 0.000000 -0.000000 0.000000 -0.000000 0.000000 0.000000 0.000000 0.000000 
1.000000 0.000000 -0.000000 19.140000 -0.000000 0.000000 0.000000 0.000000 0.000000 -0.000000 0.000000 0.000000 -0.000000 -0.000000 -0.000000 
0.000000 -0.000000 0.000000 -0.000000 1.000000 -0.000000 -0.000000 -19.140000 -0.000000 0.000000 -0.000000 73.380000 0.000000 0.000000 0.000000 
-0.000000 1.000000 -0.000000 -73.380000 0.000000 0.000000 0.000000 0.000000 0.000000 -0.000000 0.000000 0.000000 -0.000000 -0.000000 -0.000000 
-0.000000 -0.000000 0.000000 0.000000 0.000000 -0.000000 1.000000 -0.000000 -0.000000 0.000000 -0.000000 0.000000 0.000000 0.000000 0.000000 

-0.000558 0.140500 -14.960000 -9.810000 -0.000000 -0.000000 -0.000000 0.000000 0.000000 -0.000000 0.000000 0.000000 0.031300 -0.000000 0.013730 
-0.079780 -0.654100 105.400000 -0.000000 0.000000 0.000000 -0.000000 -0.000000 0.000000 -0.000000 0.000000 0.000000 -0.353700 0.000000 -0.139500 
0.005770 -0.044640 -1.270000 0.000000 -0.000932 -0.038910 0.017570 0.000000 -0.000000 0.000000 -0.000000 0.000000 -0.012470 0.000884 -0.060720 
-0.000000 -0.000000 1.000000 -0.000000 0.000000 -0.000000 -0.000000 -0.000000 -0.000000 0.000000 -0.000000 -0.000000 0.000000 0.000000 0.000000 
0.000000 0.000000 -0.000000 -0.000000 -0.108700 14.970000 -109.100000 9.810000 -0.000000 0.000000 -0.000000 -0.000000 -0.000000 0.002510 -0.000000 
0.000221 -0.001709 -0.048630 -0.000000 -1.093000 -49.250000 19.590000 -0.000000 0.000000 -0.000000 0.000000 -0.000000 -0.000478 1.108000 -0.002325 
-0.000012 0.000093 0.002633 -0.000000 0.008935 -0.916800 -0.532700 -0.000000 0.000000 -0.000000 0.000000 -0.000000 0.000026 0.017030 0.000126 
-0.000000 -0.000000 0.000000 0.000000 0.000000 1.000000 0.000000 -0.000000 -0.000000 0.000000 -0.000000 -0.000000 0.000000 0.000000 0.000000 
1.000000 0.000000 -0.000000 14.770000 -0.000000 0.000000 0.000000 0.000000 0.000000 -0.000000 0.000000 0.000000 -0.000000 -0.000000 -0.000000 
0.000000 -0.000000 0.000000 -0.000000 1.000000 -0.000000 -0.000000 -14.770000 -0.000000 0.000000 -0.000000 114.300000 0.000000 0.000000 0.000000 
-0.000000 1.000000 -0.000000 -114.300000 0.000000 0.000000 0.000000 0.000000 0.000000 -0.000000 0.000000 0.000000 -0.000000 -0.000000 -0.000000 
-0.000000 -0.000000 0.000000 0.000000 0.000000 -0.000000 1.000000 -0.000000 -0.000000 0.000000 -0.000000 -0.000000 0.000000 0.000000 0.000000 

-0.000127 0.063240 -15.410000 -9.810000 0.000000 0.000000 0.000000 0.000000 0.000000 -0.000000 0.000000 0.000000 0.023470 -0.000000 0.011650 
-0.046120 -0.568900 222.500000 -0.000000 -0.000000 0.000000 0.000000 -0.000000 0.000000 -0.000000 0.000000 0.000000 -0.647300 0.000000 -0.235000 
0.003067 -0.045890 -1.316000 0.000000 -0.001528 -0.073900 0.026290 0.000000 -0.000000 0.000000 -0.000000 0.000000 -0.030220 0.003396 -0.129100 
-0.000000 -0.000000 1.000000 0.000000 0.000000 -0.000000 -0.000000 0.000000 -0.000000 0.000000 -0.000000 0.000000 0.000000 0.000000 0.000000 
-0.000000 -0.000000 0.000000 -0.000000 -0.085840 15.260000 -225.800000 9.810000 -0.000000 0.000000 -0.000000 -0.000000 -0.000000 0.006879 0.000000 
0.000206 -0.003085 -0.088480 -0.000000 -1.402000 -71.430000 23.160000 -0.000000 0.000000 -0.000000 0.000000 -0.000000 -0.002031 3.271000 -0.008678 
-0.000008 0.000114 0.003278 -0.000000 0.010400 -0.803600 -0.518700 -0.000000 0.000000 -0.000000 0.000000 -0.000000 0.000075 0.032820 0.000322 
-0.000000 -0.000000 0.000000 0.000000 0.000000 1.000000 0.000000 0.000000 -0.000000 0.000000 -0.000000 0.000000 0.000000 0.000000 0.000000 
1.000000 0.000000 -0.000000 15.340000 -0.000000 0.000000 0.000000 0.000000 0.000000 -0.000000 0.000000 0.000000 -0.000000 -0.000000 -0.000000 
0.000000 -0.000000 0.000000 -0.000000 1.000000 -0.000000 -0.000000 -15.340000 -0.000000 0.000000 -0.000000 229.600000 0.000000 0.000000 0.000000 
-0.000000 1.000000 -0.000000 -229.600000 0.000000 0.000000 0.000000 0.000000 0.000000 -0.000000 0.000000 0.000000 -0.000000 -0.000000 -0.000000 
-0.000000 -0.000000 0.000000 0.000000 0.000000 -0.000000 1.000000 -0.000000 -0.000000 0.000000 -0.000000 0.000000 0.000000 0.000000 0.000000 

-0.000125 0.062610 -14.340000 -9.810000 0.000000 0.000000 0.000000 0.000000 0.000000 -0.000000 0.000000 0.000000 0.022700 -0.000000 0.011420 
-0.046730 -0.600600 222.200000 -0.000000 -0.000000 0.000000 -0.000000 -0.000000 0.000000 -0.000000 0.000000 0.000000 -0.683900 0.000000 -0.248000 
0.002846 -0.045780 -1.315000 0.000000 -0.001515 -0.073960 0.025860 0.000000 -0.000000 0.000000 -0.000000 0.000000 -0.030200 0.003400 -0.129000 
-0.000000 -0.000000 1.000000 0.000000 0.000000 -0.000000 -0.000000 -0.000000 -0.000000 0.000000 -0.000000 0.000000 0.000000 0.000000 0.000000 
-0.000000 -0.000000 0.000000 -0.000000 -0.090740 14.160000 -225.600000 9.810000 -0.000000 0.000000 -0.000000 -0.000000 -0.000000 0.007434 0.000000 
0.000191 -0.003077 -0.088400 -0.000000 -1.389000 -71.450000 22.750000 -0.000000 0.000000 -0.000000 0.000000 -0.000000 -0.002030 3.274000 -0.008674 
-0.000007 0.000114 0.003275 -0.000000 0.010620 -0.792100 -0.521300 -0.000000 0.000000 -0.000000 0.000000 -0.000000 0.000075 0.032690 0.000321 
-0.000000 -0.000000 0.000000 0.000000 0.000000 1.000000 0.000000 0.000000 -0.000000 0.000000 -0.000000 0.000000 0.000000 0.000000 0.000000 
1.000000 0.000000 -0.000000 14.280000 -0.000000 0.000000 0.000000 0.000000 0.000000 -0.000000 0.000000 0.000000 -0.000000 -0.000000 -0.000000 
0.000000 -0.000000 0.000000 -0.000000 1.000000 -0.000000 -0.000000 -14.280000 -0.000000 0.000000 -0.000000 229.700000 0.000000 0.000000 0.000000 
-0.000000 1.000000 -0.000000 -229.700000 0.000000 0.000000 0.000000 0.000000 0.000000 -0.000000 0.000000 0.000000 -0.000000 -0.000000 -0.000000 
-0.000000 -0.000000 0.000000 0.000000 0.000000 -0.000000 1.000000 0.000000 -0.000000 0.000000 -0.000000 0.000000 0.000000 0.000000 0.000000 

-0.000487 0.139700 -14.040000 -9.810000 -0.000000 -0.000000 0.000000 0.000000 0.000000 -0.000000 0.000000 0.000000 0.030900 0.000000 0.013590 
-0.080360 -0.689900 105.000000 -0.000000 0.000000 -0.000000 0.000000 -0.000000 0.000000 -0.000000 0.000000 0.000000 -0.373800 -0.000000 -0.147200 
0.005387 -0.044490 -1.269000 0.000000 -0.000922 -0.039010 0.017210 0.000000 -0.000000 0.000000 -0.000000 0.000000 -0.012470 0.000887 -0.060730 
-0.000000 -0.000000 1.000000 0.000000 0.000000 -0.000000 -0.000000 -0.000000 -0.000000 0.000000 -0.000000 0.000000 0.000000 0.000000 0.000000 
0.000000 0.000000 -0.000000 -0.000000 -0.115000 14.020000 -108.900000 9.810000 -0.000000 0.000000 -0.000000 -0.000000 -0.000000 0.002845 -0.000000 
0.000206 -0.001703 -0.048570 -0.000000 -1.080000 -49.310000 19.150000 -0.000000 0.000000 -0.000000 0.000000 -0.000000 -0.000478 1.111000 -0.002325 
-0.000011 0.000092 0.002631 -0.000000 0.009322 -0.897800 -0.537100 -0.000000 0.000000 -0.000000 0.000000 -0.000000 0.000026 0.016920 0.000126 
-0.000000 -0.000000 0.000000 0.000000 0.000000 1.000000 0.000000 0.000000 -0.000000 0.000000 -0.000000 0.000000 0.000000 0.000000 0.000000 
1.000000 0.000000 -0.000000 13.850000 -0.000000 0.000000 0.000000 0.000000 0.000000 -0.000000 0.000000 0.000000 -0.000000 -0.000000 -0.000000 
0.000000 -0.000000 0.000000 -0.000000 1.000000 -0.000000 -0.000000 -13.850000 -0.000000 0.000000 -0.000000 114.400000 0.000000 0.000000 0.000000 
-0.000000 1.000000 -0.000000 -114.400000 0.000000 0.000000 0.000000 0.000000 0.000000 -0.000000 0.000000 0.000000 -0.000000 -0.000000 -0.000000 
-0.000000 -0.000000 0.000000 0.000000 0.000000 -0.000000 1.000000 0.000000 -0.000000 0.000000 -0.000000 0.000000 0.000000 0.000000 0.000000 

-0.002783 0.227600 -18.380000 -9.810000 -0.000000 0.000000 0.000000 0.000000 0.000000 -0.000000 0.000000 0.000000 0.035000 -0.000000 0.015160 
-0.109800 -0.560100 65.670000 -0.000000 -0.000000 0.000000 0.000000 -0.000000 0.000000 -0.000000 0.000000 0.000000 -0.188700 -0.000000 -0.079290 
0.008467 -0.034640 -0.960900 0.000000 -0.000628 -0.021710 0.013110 0.000000 -0.000000 0.000000 -0.000000 0.000000 -0.005584 0.000318 -0.029230 
-0.000000 -0.000000 1.000000 0.000000 0.000000 -0.000000 -0.000000 0.000000 -0.000000 0.000000 -0.000000 0.000000 0.000000 0.000000 0.000000 
0.000000 0.000000 0.000000 -0.000000 -0.096270 18.710000 -68.660000 9.810000 -0.000000 0.000000 -0.000000 -0.000000 0.000000 -0.000167 0.000000 
0.000254 -0.001040 -0.028850 -0.000000 -0.848600 -32.140000 16.850000 -0.000000 0.000000 -0.000000 0.000000 -0.000000 -0.000168 0.460100 -0.000878 
-0.000016 0.000065 0.001799 -0.000000 0.003356 -0.881000 -0.381000 -0.000000 0.000000 -0.000000 0.000000 -0.000000 0.000010 0.009223 0.000055 
-0.000000 -0.000000 0.000000 -0.000000 0.000000 1.000000 0.000000 0.000000 -0.000000 0.000000 -0.000000 0.000000 0.000000 0.000000 0.000000 
1.000000 0.000000 -0.000000 18.010000 -0.000000 0.000000 0.000000 0.000000 0.000000 -0.000000 0.000000 0.000000 -0.000000 -0.000000 -0.000000 
0.000000 -0.000000 0.000000 -0.000000 1.000000 -0.000000 -0.000000 -18.010000 -0.000000 0.000000 -0.000000 73.670000 0.000000 0.000000 0.000000 
-0.000000 1.000000 -0.000000 -73.670000 0.000000 0.000000 0.000000 0.000000 0.000000 -0.000000 0.000000 0.000000 -0.000000 -0.000000 -0.000000 
-0.000000 -0.000000 0.000000 0.000000 0.000000 -0.000000 1.000000 -0.000000 -0.000000 0.000000 -0.000000 0.000000 0.000000 0.000000 0.000000 



u w q the v p r phi x y z psi slat flap aileron elevator
-0.000656 0.216400 -18.450000 -9.810000 0.000000 0.000000 0.000000 0.000000 0.000000 -0.000000 0.000000 0.000000 0.032790 -0.000000 0.011150 
-0.118200 -0.532900 66.720000 -0.000000 -0.000000 0.000000 0.000000 -0.000000 0.000000 -0.000000 0.000000 0.000000 -0.179100 -0.000000 -0.075260 
0.005973 -0.024600 -0.908400 0.000000 -0.000684 -0.023270 0.013630 0.000000 -0.000000 0.000000 -0.000000 0.000000 -0.001484 0.000341 -0.029470 
-0.000000 -0.000000 1.000000 0.000000 0.000000 -0.000000 -0.000000 0.000000 -0.000000 0.000000 -0.000000 0.000000 0.000000 0.000000 0.000000 
0.000000 0.000000 0.000000 -0.000000 -0.091710 18.560000 -69.040000 9.810000 -0.000000 0.000000 -0.000000 -0.000000 0.000000 -0.000169 0.000000 
0.000179 -0.000736 -0.027190 -0.000000 -0.865700 -32.210000 16.350000 -0.000000 0.000000 -0.000000 0.000000 -0.000000 -0.000044 0.460900 -0.000882 
-0.000012 0.000050 0.001853 -0.000000 0.000922 -0.950500 -0.344800 -0.000000 0.000000 -0.000000 0.000000 -0.000000 0.000003 0.010050 0.000060 
-0.000000 -0.000000 0.000000 0.000000 0.000000 1.000000 0.000000 0.000000 -0.000000 0.000000 -0.000000 0.000000 0.000000 0.000000 0.000000 
1.000000 0.000000 -0.000000 17.890000 -0.000000 0.000000 0.000000 0.000000 0.000000 -0.000000 0.000000 0.000000 -0.000000 -0.000000 -0.000000 
0.000000 -0.000000 0.000000 -0.000000 1.000000 -0.000000 -0.000000 -17.890000 -0.000000 0.000000 -0.000000 73.700000 0.000000 0.000000 0.000000 
-0.000000 1.000000 -0.000000 -73.700000 0.000000 0.000000 0.000000 0.000000 0.000000 -0.000000 0.000000 0.000000 -0.000000 -0.000000 -0.000000 
-0.000000 -0.000000 0.000000 0.000000 0.000000 -0.000000 1.000000 0.000000 -0.000000 0.000000 -0.000000 0.000000 0.000000 0.000000 0.000000 

0.000166 0.132600 -14.060000 -9.810000 -0.000000 -0.000000 0.000000 0.000000 0.000000 -0.000000 0.000000 0.000000 0.028870 -0.000000 0.009258 
-0.085520 -0.655200 106.300000 -0.000000 0.000000 0.000000 -0.000000 -0.000000 0.000000 -0.000000 0.000000 0.000000 -0.354500 0.000000 -0.139500 
0.003653 -0.030390 -1.214000 0.000000 -0.001009 -0.042270 0.017890 0.000000 -0.000000 0.000000 -0.000000 0.000000 -0.003504 0.000962 -0.061950 
-0.000000 -0.000000 1.000000 0.000000 0.000000 -0.000000 -0.000000 0.000000 -0.000000 0.000000 -0.000000 0.000000 0.000000 0.000000 0.000000 
0.000000 0.000000 -0.000000 -0.000000 -0.109400 13.900000 -109.400000 9.810000 -0.000000 0.000000 -0.000000 -0.000000 -0.000000 0.002684 -0.000000 
0.000139 -0.001160 -0.046330 -0.000000 -1.094000 -49.370000 18.300000 -0.000000 0.000000 -0.000000 0.000000 -0.000000 -0.000134 1.113000 -0.002365 
-0.000008 0.000069 0.002768 -0.000000 0.006797 -0.988000 -0.507900 -0.000000 0.000000 -0.000000 0.000000 -0.000000 0.000008 0.018700 0.000141 
-0.000000 -0.000000 0.000000 -0.000000 0.000000 1.000000 0.000000 0.000000 -0.000000 0.000000 -0.000000 0.000000 0.000000 0.000000 0.000000 
1.000000 0.000000 -0.000000 13.750000 -0.000000 0.000000 0.000000 0.000000 0.000000 -0.000000 0.000000 0.000000 -0.000000 -0.000000 -0.000000 
0.000000 -0.000000 0.000000 -0.000000 1.000000 -0.000000 -0.000000 -13.750000 -0.000000 0.000000 -0.000000 114.400000 0.000000 0.000000 0.000000 
-0.000000 1.000000 -0.000000 -114.400000 0.000000 0.000000 0.000000 0.000000 0.000000 -0.000000 0.000000 0.000000 -0.000000 -0.000000 -0.000000 
-0.000000 -0.000000 0.000000 -0.000000 0.000000 -0.000000 1.000000 -0.000000 -0.000000 0.000000 -0.000000 0.000000 0.000000 0.000000 0.000000 

0.000037 0.059330 -14.290000 -9.810000 0.000000 0.000000 0.000000 0.000000 0.000000 -0.000000 0.000000 0.000000 0.021130 -0.000000 0.006678 
-0.049010 -0.569300 223.300000 -0.000000 -0.000000 0.000000 -0.000000 -0.000000 0.000000 -0.000000 0.000000 0.000000 -0.647700 0.000000 -0.234800 
0.001902 -0.030840 -1.290000 0.000000 -0.001698 -0.082250 0.027310 0.000000 -0.000000 0.000000 -0.000000 0.000000 -0.010220 0.003782 -0.135200 
-0.000000 -0.000000 1.000000 -0.000000 0.000000 -0.000000 -0.000000 -0.000000 -0.000000 0.000000 -0.000000 -0.000000 0.000000 0.000000 0.000000 
-0.000000 -0.000000 0.000000 -0.000000 -0.086130 14.060000 -226.000000 9.810000 -0.000000 0.000000 -0.000000 -0.000000 -0.000000 0.007021 0.000000 
0.000128 -0.002067 -0.086490 -0.000000 -1.401000 -71.520000 21.490000 -0.000000 0.000000 -0.000000 0.000000 -0.000000 -0.000685 3.277000 -0.009062 
-0.000005 0.000086 0.003608 -0.000000 0.008657 -0.896100 -0.509200 -0.000000 0.000000 -0.000000 0.000000 -0.000000 0.000029 0.036990 0.000378 
-0.000000 -0.000000 0.000000 0.000000 0.000000 1.000000 0.000000 -0.000000 -0.000000 0.000000 -0.000000 -0.000000 0.000000 0.000000 0.000000 
1.000000 0.000000 -0.000000 14.170000 -0.000000 0.000000 0.000000 0.000000 0.000000 -0.000000 0.000000 0.000000 -0.000000 -0.000000 -0.000000 
0.000000 -0.000000 0.000000 -0.000000 1.000000 -0.000000 -0.000000 -14.170000 -0.000000 0.000000 -0.000000 229.700000 0.000000 0.000000 0.000000 
-0.000000 1.000000 -0.000000 -229.700000 0.000000 0.000000 0.000000 0.000000 0.000000 -0.000000 0.000000 0.000000 -0.000000 -0.000000 -0.000000 
-0.000000 -0.000000 0.000000 0.000000 0.000000 -0.000000 1.000000 -0.000000 -0.000000 0.000000 -0.000000 -0.000000 0.000000 0.000000 0.000000 

0.000024 0.058700 -13.280000 -9.810000 -0.000000 0.000000 0.000000 0.000000 0.000000 -0.000000 0.000000 0.000000 0.020360 -0.000000 0.006449 
-0.049620 -0.600900 223.000000 -0.000000 -0.000000 0.000000 -0.000000 -0.000000 0.000000 -0.000000 0.000000 0.000000 -0.684200 0.000000 -0.247800 
0.001759 -0.030700 -1.289000 0.000000 -0.001684 -0.082320 0.026850 0.000000 -0.000000 0.000000 -0.000000 0.000000 -0.010190 0.003786 -0.135100 
-0.000000 -0.000000 1.000000 0.000000 0.000000 -0.000000 -0.000000 0.000000 -0.000000 0.000000 -0.000000 0.000000 0.000000 0.000000 0.000000 
-0.000000 -0.000000 0.000000 -0.000000 -0.091030 13.030000 -225.800000 9.810000 -0.000000 0.000000 -0.000000 -0.000000 -0.000000 0.007575 0.000000 
0.000118 -0.002058 -0.086420 -0.000000 -1.388000 -71.550000 21.100000 -0.000000 0.000000 -0.000000 0.000000 -0.000000 -0.000683 3.280000 -0.009058 
-0.000005 0.000086 0.003605 -0.000000 0.008896 -0.884400 -0.512100 -0.000000 0.000000 -0.000000 0.000000 -0.000000 0.000029 0.036850 0.000378 
-0.000000 -0.000000 0.000000 0.000000 0.000000 1.000000 0.000000 0.000000 -0.000000 0.000000 -0.000000 0.000000 0.000000 0.000000 0.000000 
1.000000 0.000000 -0.000000 13.170000 -0.000000 0.000000 0.000000 0.000000 0.000000 -0.000000 0.000000 0.000000 -0.000000 -0.000000 -0.000000 
0.000000 -0.000000 0.000000 -0.000000 1.000000 -0.000000 -0.000000 -13.170000 -0.000000 0.000000 -0.000000 229.800000 0.000000 0.000000 0.000000 
-0.000000 1.000000 -0.000000 -229.800000 0.000000 0.000000 0.000000 0.000000 0.000000 -0.000000 0.000000 0.000000 -0.000000 -0.000000 -0.000000 
-0.000000 -0.000000 0.000000 0.000000 0.000000 -0.000000 1.000000 0.000000 -0.000000 0.000000 -0.000000 0.000000 0.000000 0.000000 0.000000 

0.000184 0.131800 -13.190000 -9.810000 -0.000000 -0.000000 -0.000000 0.000000 0.000000 -0.000000 0.000000 0.000000 0.028460 0.000000 0.009106 
-0.086090 -0.690900 105.900000 -0.000000 0.000000 -0.000000 -0.000000 -0.000000 0.000000 -0.000000 0.000000 0.000000 -0.374500 -0.000000 -0.147200 
0.003400 -0.030200 -1.213000 0.000000 -0.000998 -0.042360 0.017510 0.000000 -0.000000 0.000000 -0.000000 0.000000 -0.003488 0.000964 -0.061960 
-0.000000 -0.000000 1.000000 0.000000 0.000000 -0.000000 -0.000000 0.000000 -0.000000 0.000000 -0.000000 0.000000 0.000000 0.000000 0.000000 
0.000000 0.000000 -0.000000 -0.000000 -0.115600 13.010000 -109.200000 9.810000 -0.000000 0.000000 -0.000000 -0.000000 -0.000000 0.003018 -0.000000 
0.000130 -0.001153 -0.046290 -0.000000 -1.080000 -49.420000 17.880000 -0.000000 0.000000 -0.000000 0.000000 -0.000000 -0.000133 1.115000 -0.002365 
-0.000008 0.000069 0.002766 -0.000000 0.007197 -0.969100 -0.512900 -0.000000 0.000000 -0.000000 0.000000 -0.000000 0.000008 0.018590 0.000141 
-0.000000 -0.000000 0.000000 -0.000000 0.000000 1.000000 0.000000 0.000000 -0.000000 0.000000 -0.000000 0.000000 0.000000 0.000000 0.000000 
1.000000 0.000000 -0.000000 12.890000 -0.000000 0.000000 0.000000 0.000000 0.000000 -0.000000 0.000000 0.000000 -0.000000 -0.000000 -0.000000 
0.000000 -0.000000 0.000000 -0.000000 1.000000 -0.000000 -0.000000 -12.890000 -0.000000 0.000000 -0.000000 114.500000 0.000000 0.000000 0.000000 
-0.000000 1.000000 -0.000000 -114.500000 0.000000 0.000000 0.000000 0.000000 0.000000 -0.000000 0.000000 0.000000 -0.000000 -0.000000 -0.000000 
-0.000000 -0.000000 0.000000 0.000000 0.000000 -0.000000 1.000000 -0.000000 -0.000000 0.000000 -0.000000 0.000000 0.000000 0.000000 0.000000 

-0.000515 0.215500 -17.380000 -9.810000 0.000000 0.000000 0.000000 0.000000 0.000000 -0.000000 0.000000 0.000000 0.032650 -0.000000 0.011060 
-0.118500 -0.562700 66.570000 -0.000000 -0.000000 0.000000 0.000000 -0.000000 0.000000 -0.000000 0.000000 0.000000 -0.190100 -0.000000 -0.079640 
0.005549 -0.024380 -0.908300 0.000000 -0.000673 -0.023410 0.013270 0.000000 -0.000000 0.000000 -0.000000 0.000000 -0.001474 0.000344 -0.029570 
-0.000000 -0.000000 1.000000 0.000000 0.000000 -0.000000 -0.000000 0.000000 -0.000000 0.000000 -0.000000 0.000000 0.000000 0.000000 0.000000 
0.000000 0.000000 0.000000 -0.000000 -0.097370 17.460000 -69.060000 9.810000 -0.000000 0.000000 -0.000000 -0.000000 0.000000 0.000020 0.000000 
0.000166 -0.000730 -0.027180 -0.000000 -0.850300 -32.320000 15.860000 -0.000000 0.000000 -0.000000 0.000000 -0.000000 -0.000044 0.464600 -0.000885 
-0.000011 0.000050 0.001852 -0.000000 0.001497 -0.924800 -0.352300 -0.000000 0.000000 -0.000000 0.000000 -0.000000 0.000003 0.009973 0.000060 
-0.000000 -0.000000 0.000000 0.000000 0.000000 1.000000 0.000000 0.000000 -0.000000 0.000000 -0.000000 0.000000 0.000000 0.000000 0.000000 
1.000000 0.000000 -0.000000 16.830000 -0.000000 0.000000 0.000000 0.000000 0.000000 -0.000000 0.000000 0.000000 -0.000000 -0.000000 -0.000000 
0.000000 -0.000000 0.000000 -0.000000 1.000000 -0.000000 -0.000000 -16.830000 -0.000000 0.000000 -0.000000 73.950000 0.000000 0.000000 0.000000 
-0.000000 1.000000 -0.000000 -73.950000 0.000000 0.000000 0.000000 0.000000 0.000000 -0.000000 0.000000 0.000000 -0.000000 -0.000000 -0.000000 
-0.000000 -0.000000 0.000000 0.000000 0.000000 -0.000000 1.000000 0.000000 -0.000000 0.000000 -0.000000 0.000000 0.000000 0.000000 0.000000 



u w q the v p r phi x y z psi slat flap aileron elevator
0.000759 0.204700 -17.390000 -9.810000 0.000000 0.000000 0.000000 0.000000 0.000000 -0.000000 0.000000 0.000000 0.030540 -0.000000 0.007174 
-0.126600 -0.535400 67.580000 -0.000000 -0.000000 0.000000 0.000000 -0.000000 0.000000 -0.000000 0.000000 0.000000 -0.180400 -0.000000 -0.075590 
0.002765 -0.012250 -0.821400 0.000000 -0.000686 -0.023610 0.012870 0.000000 -0.000000 0.000000 -0.000000 0.000000 0.002926 0.000347 -0.027840 
-0.000000 -0.000000 1.000000 0.000000 0.000000 -0.000000 -0.000000 -0.000000 -0.000000 0.000000 -0.000000 0.000000 0.000000 0.000000 0.000000 
0.000000 0.000000 0.000000 -0.000000 -0.092880 17.300000 -69.430000 9.810000 -0.000000 0.000000 -0.000000 -0.000000 0.000000 0.000011 0.000000 
0.000083 -0.000366 -0.024570 -0.000000 -0.867800 -32.350000 15.400000 -0.000000 0.000000 -0.000000 0.000000 -0.000000 0.000088 0.465000 -0.000833 
-0.000006 0.000025 0.001690 -0.000000 -0.001102 -0.925100 -0.294900 -0.000000 0.000000 -0.000000 0.000000 -0.000000 -0.000006 0.010070 0.000057 
-0.000000 -0.000000 0.000000 0.000000 0.000000 1.000000 0.000000 0.000000 -0.000000 0.000000 -0.000000 0.000000 0.000000 0.000000 0.000000 
1.000000 0.000000 -0.000000 16.700000 -0.000000 0.000000 0.000000 0.000000 0.000000 -0.000000 0.000000 0.000000 -0.000000 -0.000000 -0.000000 
0.000000 -0.000000 0.000000 -0.000000 1.000000 -0.000000 -0.000000 -16.700000 -0.000000 0.000000 -0.000000 73.970000 0.000000 0.000000 0.000000 
-0.000000 1.000000 -0.000000 -73.970000 0.000000 0.000000 0.000000 0.000000 0.000000 -0.000000 0.000000 0.000000 -0.000000 -0.000000 -0.000000 
-0.000000 -0.000000 0.000000 0.000000 0.000000 -0.000000 1.000000 0.000000 -0.000000 0.000000 -0.000000 0.000000 0.000000 0.000000 0.000000 

0.000511 0.125000 -13.170000 -9.810000 -0.000000 -0.000000 -0.000000 0.000000 0.000000 -0.000000 0.000000 0.000000 0.026530 0.000000 0.004935 
-0.091060 -0.656200 107.100000 -0.000000 0.000000 0.000000 -0.000000 -0.000000 0.000000 -0.000000 0.000000 0.000000 -0.355100 0.000000 -0.139600 
0.001452 -0.013010 -1.102000 0.000000 -0.001012 -0.042720 0.016770 0.000000 -0.000000 0.000000 -0.000000 0.000000 0.006244 0.000972 -0.058500 
-0.000000 -0.000000 1.000000 0.000000 0.000000 -0.000000 -0.000000 -0.000000 -0.000000 0.000000 -0.000000 0.000000 0.000000 0.000000 0.000000 
0.000000 0.000000 -0.000000 -0.000000 -0.110000 12.880000 -109.600000 9.810000 -0.000000 0.000000 -0.000000 -0.000000 -0.000000 0.002851 -0.000000 
0.000055 -0.000496 -0.042030 -0.000000 -1.095000 -49.440000 17.090000 -0.000000 0.000000 -0.000000 0.000000 -0.000000 0.000238 1.116000 -0.002232 
-0.000003 0.000030 0.002537 -0.000000 0.003928 -0.980000 -0.445800 -0.000000 0.000000 -0.000000 0.000000 -0.000000 -0.000014 0.018860 0.000135 
-0.000000 -0.000000 0.000000 0.000000 0.000000 1.000000 0.000000 0.000000 -0.000000 0.000000 -0.000000 0.000000 0.000000 0.000000 0.000000 
1.000000 0.000000 -0.000000 12.770000 -0.000000 0.000000 0.000000 0.000000 0.000000 -0.000000 0.000000 0.000000 -0.000000 -0.000000 -0.000000 
0.000000 -0.000000 0.000000 -0.000000 1.000000 -0.000000 -0.000000 -12.770000 -0.000000 0.000000 -0.000000 114.500000 0.000000 0.000000 0.000000 
-0.000000 1.000000 -0.000000 -114.500000 0.000000 0.000000 0.000000 0.000000 0.000000 -0.000000 0.000000 0.000000 -0.000000 -0.000000 -0.000000 
-0.000000 -0.000000 0.000000 0.000000 0.000000 -0.000000 1.000000 0.000000 -0.000000 0.000000 -0.000000 0.000000 0.000000 0.000000 0.000000 

0.000079 0.055570 -13.200000 -9.810000 0.000000 0.000000 0.000000 0.000000 0.000000 -0.000000 0.000000 0.000000 0.018870 -0.000000 0.001890 
-0.051790 -0.569700 224.000000 -0.000000 -0.000000 0.000000 0.000000 -0.000000 0.000000 -0.000000 0.000000 0.000000 -0.648000 0.000000 -0.234700 
0.000647 -0.011410 -1.176000 0.000000 -0.001708 -0.083240 0.025540 0.000000 -0.000000 0.000000 -0.000000 0.000000 0.012480 0.003828 -0.128200 
-0.000000 -0.000000 1.000000 0.000000 0.000000 -0.000000 -0.000000 0.000000 -0.000000 0.000000 -0.000000 0.000000 0.000000 0.000000 0.000000 
-0.000000 -0.000000 0.000000 -0.000000 -0.086420 12.910000 -226.100000 9.810000 -0.000000 0.000000 -0.000000 -0.000000 -0.000000 0.007157 0.000000 
0.000043 -0.000764 -0.078840 -0.000000 -1.401000 -71.570000 19.920000 -0.000000 0.000000 -0.000000 0.000000 -0.000000 0.000836 3.280000 -0.008589 
-0.000002 0.000032 0.003330 -0.000000 0.005826 -0.901900 -0.451700 -0.000000 0.000000 -0.000000 0.000000 -0.000000 -0.000035 0.037580 0.000363 
-0.000000 -0.000000 0.000000 0.000000 0.000000 1.000000 0.000000 0.000000 -0.000000 0.000000 -0.000000 0.000000 0.000000 0.000000 0.000000 
1.000000 0.000000 -0.000000 13.040000 -0.000000 0.000000 0.000000 0.000000 0.000000 -0.000000 0.000000 0.000000 -0.000000 -0.000000 -0.000000 
0.000000 -0.000000 0.000000 -0.000000 1.000000 -0.000000 -0.000000 -13.040000 -0.000000 0.000000 -0.000000 229.800000 0.000000 0.000000 0.000000 
-0.000000 1.000000 -0.000000 -229.800000 0.000000 0.000000 0.000000 0.000000 0.000000 -0.000000 0.000000 0.000000 -0.000000 -0.000000 -0.000000 
-0.000000 -0.000000 0.000000 0.000000 0.000000 -0.000000 1.000000 0.000000 -0.000000 0.000000 -0.000000 0.000000 0.000000 0.000000 0.000000 

0.000058 0.054950 -12.260000 -9.810000 0.000000 0.000000 0.000000 0.000000 0.000000 -0.000000 0.000000 0.000000 0.018110 -0.000000 0.001658 
-0.052390 -0.601300 223.700000 -0.000000 -0.000000 0.000000 -0.000000 -0.000000 0.000000 -0.000000 0.000000 0.000000 -0.684500 0.000000 -0.247700 
0.000593 -0.011270 -1.176000 0.000000 -0.001693 -0.083300 0.025100 0.000000 -0.000000 0.000000 -0.000000 0.000000 0.012510 0.003831 -0.128100 
-0.000000 -0.000000 1.000000 0.000000 0.000000 -0.000000 -0.000000 0.000000 -0.000000 0.000000 -0.000000 0.000000 0.000000 0.000000 0.000000 
-0.000000 -0.000000 0.000000 -0.000000 -0.091320 11.940000 -226.000000 9.810000 -0.000000 0.000000 -0.000000 -0.000000 -0.000000 0.007711 0.000000 
0.000040 -0.000755 -0.078790 -0.000000 -1.388000 -71.590000 19.550000 -0.000000 0.000000 -0.000000 0.000000 -0.000000 0.000839 3.283000 -0.008585 
-0.000002 0.000032 0.003329 -0.000000 0.006052 -0.891200 -0.454600 -0.000000 0.000000 -0.000000 0.000000 -0.000000 -0.000035 0.037450 0.000363 
-0.000000 -0.000000 0.000000 0.000000 0.000000 1.000000 0.000000 0.000000 -0.000000 0.000000 -0.000000 0.000000 0.000000 0.000000 0.000000 
1.000000 0.000000 -0.000000 12.100000 -0.000000 0.000000 0.000000 0.000000 0.000000 -0.000000 0.000000 0.000000 -0.000000 -0.000000 -0.000000 
0.000000 -0.000000 0.000000 -0.000000 1.000000 -0.000000 -0.000000 -12.100000 -0.000000 0.000000 -0.000000 229.800000 0.000000 0.000000 0.000000 
-0.000000 1.000000 -0.000000 -229.800000 0.000000 0.000000 0.000000 0.000000 0.000000 -0.000000 0.000000 0.000000 -0.000000 -0.000000 -0.000000 
-0.000000 -0.000000 0.000000 0.000000 0.000000 -0.000000 1.000000 0.000000 -0.000000 0.000000 -0.000000 0.000000 0.000000 0.000000 0.000000 

0.000496 0.124300 -12.350000 -9.810000 -0.000000 -0.000000 -0.000000 0.000000 0.000000 -0.000000 0.000000 0.000000 0.026110 0.000000 0.004777 
-0.091620 -0.691900 106.800000 -0.000000 0.000000 0.000000 0.000000 -0.000000 0.000000 -0.000000 0.000000 0.000000 -0.375100 -0.000000 -0.147200 
0.001337 -0.012810 -1.101000 0.000000 -0.001000 -0.042810 0.016410 0.000000 -0.000000 0.000000 -0.000000 0.000000 0.006273 0.000975 -0.058510 
-0.000000 -0.000000 1.000000 0.000000 0.000000 -0.000000 -0.000000 0.000000 -0.000000 0.000000 -0.000000 0.000000 0.000000 0.000000 0.000000 
0.000000 0.000000 -0.000000 -0.000000 -0.116300 12.040000 -109.400000 9.810000 -0.000000 0.000000 -0.000000 -0.000000 -0.000000 0.003185 -0.000000 
0.000051 -0.000489 -0.042010 -0.000000 -1.081000 -49.490000 16.680000 -0.000000 0.000000 -0.000000 0.000000 -0.000000 0.000239 1.118000 -0.002232 
-0.000003 0.000029 0.002536 -0.000000 0.004305 -0.962600 -0.450900 -0.000000 0.000000 -0.000000 0.000000 -0.000000 -0.000014 0.018760 0.000135 
-0.000000 -0.000000 0.000000 0.000000 0.000000 1.000000 0.000000 0.000000 -0.000000 0.000000 -0.000000 0.000000 0.000000 0.000000 0.000000 
1.000000 0.000000 -0.000000 11.960000 -0.000000 0.000000 0.000000 0.000000 0.000000 -0.000000 0.000000 0.000000 -0.000000 -0.000000 -0.000000 
0.000000 -0.000000 0.000000 -0.000000 1.000000 -0.000000 -0.000000 -11.960000 -0.000000 0.000000 -0.000000 114.600000 0.000000 0.000000 0.000000 
-0.000000 1.000000 -0.000000 -114.600000 0.000000 0.000000 0.000000 0.000000 0.000000 -0.000000 0.000000 0.000000 -0.000000 -0.000000 -0.000000 
-0.000000 -0.000000 0.000000 0.000000 0.000000 -0.000000 1.000000 0.000000 -0.000000 0.000000 -0.000000 0.000000 0.000000 0.000000 0.000000 

0.000789 0.203800 -16.390000 -9.810000 -0.000000 0.000000 0.000000 0.000000 0.000000 -0.000000 0.000000 0.000000 0.030380 -0.000000 0.007066 
-0.126900 -0.565100 67.430000 -0.000000 -0.000000 0.000000 0.000000 -0.000000 0.000000 -0.000000 0.000000 0.000000 -0.191400 -0.000000 -0.079940 
0.002536 -0.011980 -0.821600 0.000000 -0.000675 -0.023740 0.012510 0.000000 -0.000000 0.000000 -0.000000 0.000000 0.002961 0.000349 -0.027920 
-0.000000 -0.000000 1.000000 0.000000 0.000000 -0.000000 -0.000000 0.000000 -0.000000 0.000000 -0.000000 0.000000 0.000000 0.000000 0.000000 
0.000000 0.000000 0.000000 -0.000000 -0.098530 16.270000 -69.420000 9.810000 -0.000000 0.000000 -0.000000 -0.000000 0.000000 0.000200 0.000000 
0.000076 -0.000358 -0.024580 -0.000000 -0.852300 -32.450000 14.920000 -0.000000 0.000000 -0.000000 0.000000 -0.000000 0.000089 0.468300 -0.000835 
-0.000005 0.000025 0.001690 -0.000000 -0.000560 -0.901600 -0.302600 -0.000000 0.000000 -0.000000 0.000000 -0.000000 -0.000006 0.009995 0.000057 
-0.000000 -0.000000 0.000000 -0.000000 0.000000 1.000000 0.000000 0.000000 -0.000000 0.000000 -0.000000 0.000000 0.000000 0.000000 0.000000 
1.000000 0.000000 -0.000000 15.700000 -0.000000 0.000000 0.000000 0.000000 0.000000 -0.000000 0.000000 0.000000 -0.000000 -0.000000 -0.000000 
0.000000 -0.000000 0.000000 -0.000000 1.000000 -0.000000 -0.000000 -15.700000 -0.000000 0.000000 -0.000000 74.190000 0.000000 0.000000 0.000000 
-0.000000 1.000000 -0.000000 -74.190000 0.000000 0.000000 0.000000 0.000000 0.000000 -0.000000 0.000000 0.000000 -0.000000 -0.000000 -0.000000 
-0.000000 -0.000000 0.000000 0.000000 0.000000 -0.000000 1.000000 -0.000000 -0.000000 0.000000 -0.000000 0.000000 0.000000 0.000000 0.000000 



u w q the v p r phi x y z psi slat flap aileron elevator
0.001259 0.193300 -16.330000 -9.810000 -0.000000 0.000000 0.000000 0.000000 0.000000 -0.000000 0.000000 0.000000 0.028280 -0.000000 0.003178 
-0.135000 -0.537800 68.410000 -0.000000 -0.000000 0.000000 0.000000 -0.000000 0.000000 -0.000000 0.000000 0.000000 -0.181700 -0.000000 -0.075880 
-0.000051 0.000243 -0.718900 0.000000 -0.000650 -0.022700 0.011410 0.000000 -0.000000 0.000000 -0.000000 0.000000 0.006993 0.000333 -0.024700 
-0.000000 -0.000000 1.000000 0.000000 0.000000 -0.000000 -0.000000 0.000000 -0.000000 0.000000 -0.000000 0.000000 0.000000 0.000000 0.000000 
0.000000 0.000000 0.000000 -0.000000 -0.094120 16.050000 -69.800000 9.810000 -0.000000 0.000000 -0.000000 -0.000000 0.000000 0.000189 0.000000 
-0.000002 0.000007 -0.021560 -0.000000 -0.869900 -32.450000 14.470000 -0.000000 0.000000 -0.000000 0.000000 -0.000000 0.000210 0.468400 -0.000741 
0.000000 -0.000000 0.001395 -0.000000 -0.002918 -0.843100 -0.235900 -0.000000 0.000000 -0.000000 0.000000 -0.000000 -0.000014 0.009435 0.000048 
-0.000000 -0.000000 0.000000 -0.000000 0.000000 1.000000 0.000000 0.000000 -0.000000 0.000000 -0.000000 0.000000 0.000000 0.000000 0.000000 
1.000000 0.000000 -0.000000 15.520000 -0.000000 0.000000 0.000000 0.000000 0.000000 -0.000000 0.000000 0.000000 -0.000000 -0.000000 -0.000000 
0.000000 -0.000000 0.000000 -0.000000 1.000000 -0.000000 -0.000000 -15.520000 -0.000000 0.000000 -0.000000 74.230000 0.000000 0.000000 0.000000 
-0.000000 1.000000 -0.000000 -74.230000 0.000000 0.000000 0.000000 0.000000 0.000000 -0.000000 0.000000 0.000000 -0.000000 -0.000000 -0.000000 
-0.000000 -0.000000 0.000000 -0.000000 0.000000 -0.000000 1.000000 -0.000000 -0.000000 0.000000 -0.000000 0.000000 0.000000 0.000000 0.000000 

0.000511 0.117600 -12.270000 -9.810000 -0.000000 -0.000000 -0.000000 0.000000 0.000000 -0.000000 0.000000 0.000000 0.024200 0.000000 0.000631 
-0.096570 -0.657100 107.900000 -0.000000 -0.000000 0.000000 -0.000000 -0.000000 0.000000 -0.000000 0.000000 0.000000 -0.355700 -0.000000 -0.139600 
-0.000435 0.004220 -0.961400 0.000000 -0.000949 -0.040530 0.014610 0.000000 -0.000000 0.000000 -0.000000 0.000000 0.015040 0.000922 -0.051480 
-0.000000 -0.000000 1.000000 0.000000 0.000000 -0.000000 -0.000000 0.000000 -0.000000 0.000000 -0.000000 0.000000 0.000000 0.000000 0.000000 
0.000000 0.000000 -0.000000 -0.000000 -0.110700 11.870000 -109.800000 9.810000 -0.000000 0.000000 -0.000000 -0.000000 -0.000000 0.003016 -0.000000 
-0.000017 0.000161 -0.036760 -0.000000 -1.096000 -49.470000 15.910000 -0.000000 0.000000 -0.000000 0.000000 -0.000000 0.000575 1.118000 -0.001968 
0.000001 -0.000009 0.002074 -0.000000 0.000955 -0.902900 -0.362900 -0.000000 0.000000 -0.000000 0.000000 -0.000000 -0.000032 0.017650 0.000111 
-0.000000 -0.000000 0.000000 0.000000 0.000000 1.000000 0.000000 0.000000 -0.000000 0.000000 -0.000000 0.000000 0.000000 0.000000 0.000000 
1.000000 0.000000 -0.000000 11.810000 -0.000000 0.000000 0.000000 0.000000 0.000000 -0.000000 0.000000 0.000000 -0.000000 -0.000000 -0.000000 
0.000000 -0.000000 0.000000 -0.000000 1.000000 -0.000000 -0.000000 -11.810000 -0.000000 0.000000 -0.000000 114.600000 0.000000 0.000000 0.000000 
-0.000000 1.000000 -0.000000 -114.600000 0.000000 0.000000 0.000000 0.000000 0.000000 -0.000000 0.000000 0.000000 -0.000000 -0.000000 -0.000000 
-0.000000 -0.000000 0.000000 0.000000 0.000000 -0.000000 1.000000 0.000000 -0.000000 0.000000 -0.000000 0.000000 0.000000 0.000000 0.000000 

0.000009 0.051860 -12.120000 -9.810000 0.000000 0.000000 0.000000 0.000000 0.000000 -0.000000 0.000000 0.000000 0.016640 -0.000000 -0.002860 
-0.054540 -0.570000 224.600000 -0.000000 -0.000000 0.000000 0.000000 -0.000000 0.000000 -0.000000 0.000000 0.000000 -0.648200 0.000000 -0.234500 
-0.000393 0.007571 -1.013000 0.000000 -0.001574 -0.077400 0.021710 0.000000 -0.000000 0.000000 -0.000000 0.000000 0.032490 0.003559 -0.111000 
-0.000000 -0.000000 1.000000 0.000000 0.000000 -0.000000 -0.000000 -0.000000 -0.000000 0.000000 -0.000000 0.000000 0.000000 0.000000 0.000000 
-0.000000 -0.000000 0.000000 -0.000000 -0.086730 11.780000 -226.300000 9.810000 -0.000000 0.000000 -0.000000 -0.000000 -0.000000 0.007292 0.000000 
-0.000026 0.000508 -0.067980 -0.000000 -1.401000 -71.560000 18.400000 -0.000000 0.000000 -0.000000 0.000000 -0.000000 0.002182 3.281000 -0.007451 
0.000001 -0.000020 0.002645 -0.000000 0.002690 -0.828600 -0.365200 -0.000000 0.000000 -0.000000 0.000000 -0.000000 -0.000085 0.034810 0.000290 
-0.000000 -0.000000 0.000000 0.000000 0.000000 1.000000 0.000000 0.000000 -0.000000 0.000000 -0.000000 0.000000 0.000000 0.000000 0.000000 
1.000000 0.000000 -0.000000 11.930000 -0.000000 0.000000 0.000000 0.000000 0.000000 -0.000000 0.000000 0.000000 -0.000000 -0.000000 -0.000000 
0.000000 -0.000000 0.000000 -0.000000 1.000000 -0.000000 -0.000000 -11.930000 -0.000000 0.000000 -0.000000 229.800000 0.000000 0.000000 0.000000 
-0.000000 1.000000 -0.000000 -229.800000 0.000000 0.000000 0.000000 0.000000 0.000000 -0.000000 0.000000 0.000000 -0.000000 -0.000000 -0.000000 
-0.000000 -0.000000 0.000000 0.000000 0.000000 -0.000000 1.000000 0.000000 -0.000000 0.000000 -0.000000 0.000000 0.000000 0.000000 0.000000 

-0.000015 0.051230 -11.230000 -9.810000 0.000000 0.000000 0.000000 0.000000 0.000000 -0.000000 0.000000 0.000000 0.015870 -0.000000 -0.003094 
-0.055140 -0.601600 224.400000 -0.000000 -0.000000 0.000000 0.000000 -0.000000 0.000000 -0.000000 0.000000 0.000000 -0.684700 0.000000 -0.247500 
-0.000370 0.007701 -1.012000 0.000000 -0.001560 -0.077450 0.021320 0.000000 -0.000000 0.000000 -0.000000 0.000000 0.032530 0.003562 -0.110900 
-0.000000 -0.000000 1.000000 0.000000 0.000000 -0.000000 -0.000000 0.000000 -0.000000 0.000000 -0.000000 0.000000 0.000000 0.000000 0.000000 
-0.000000 -0.000000 0.000000 -0.000000 -0.091620 10.870000 -226.100000 9.810000 -0.000000 0.000000 -0.000000 -0.000000 -0.000000 0.007845 0.000000 
-0.000025 0.000517 -0.067960 -0.000000 -1.388000 -71.580000 18.040000 -0.000000 0.000000 -0.000000 0.000000 -0.000000 0.002184 3.284000 -0.007449 
0.000001 -0.000020 0.002645 -0.000000 0.002885 -0.819600 -0.368000 -0.000000 0.000000 -0.000000 0.000000 -0.000000 -0.000085 0.034700 0.000290 
-0.000000 -0.000000 0.000000 0.000000 0.000000 1.000000 0.000000 0.000000 -0.000000 0.000000 -0.000000 0.000000 0.000000 0.000000 0.000000 
1.000000 0.000000 -0.000000 11.040000 -0.000000 0.000000 0.000000 0.000000 0.000000 -0.000000 0.000000 0.000000 -0.000000 -0.000000 -0.000000 
0.000000 -0.000000 0.000000 -0.000000 1.000000 -0.000000 -0.000000 -11.040000 -0.000000 0.000000 -0.000000 229.900000 0.000000 0.000000 0.000000 
-0.000000 1.000000 -0.000000 -229.900000 0.000000 0.000000 0.000000 0.000000 0.000000 -0.000000 0.000000 0.000000 -0.000000 -0.000000 -0.000000 
-0.000000 -0.000000 0.000000 0.000000 0.000000 -0.000000 1.000000 -0.000000 -0.000000 0.000000 -0.000000 0.000000 0.000000 0.000000 0.000000 

0.000481 0.116800 -11.510000 -9.810000 -0.000000 -0.000000 0.000000 0.000000 0.000000 -0.000000 0.000000 0.000000 0.023780 0.000000 0.000469 
-0.097110 -0.692800 107.600000 -0.000000 0.000000 0.000000 -0.000000 -0.000000 0.000000 -0.000000 0.000000 0.000000 -0.375600 -0.000000 -0.147200 
-0.000426 0.004426 -0.961200 0.000000 -0.000937 -0.040600 0.014290 0.000000 -0.000000 0.000000 -0.000000 0.000000 0.015080 0.000924 -0.051490 
-0.000000 -0.000000 1.000000 0.000000 0.000000 -0.000000 -0.000000 -0.000000 -0.000000 0.000000 -0.000000 0.000000 0.000000 0.000000 0.000000 
0.000000 0.000000 -0.000000 -0.000000 -0.117000 11.080000 -109.700000 9.810000 -0.000000 0.000000 -0.000000 -0.000000 -0.000000 0.003349 -0.000000 
-0.000016 0.000169 -0.036750 -0.000000 -1.082000 -49.510000 15.520000 -0.000000 0.000000 -0.000000 0.000000 -0.000000 0.000577 1.120000 -0.001969 
0.000001 -0.000010 0.002073 -0.000000 0.001283 -0.888300 -0.367600 -0.000000 0.000000 -0.000000 0.000000 -0.000000 -0.000033 0.017560 0.000111 
-0.000000 -0.000000 0.000000 0.000000 0.000000 1.000000 0.000000 0.000000 -0.000000 0.000000 -0.000000 0.000000 0.000000 0.000000 0.000000 
1.000000 0.000000 -0.000000 11.050000 -0.000000 0.000000 0.000000 0.000000 0.000000 -0.000000 0.000000 0.000000 -0.000000 -0.000000 -0.000000 
0.000000 -0.000000 0.000000 -0.000000 1.000000 -0.000000 -0.000000 -11.050000 -0.000000 0.000000 -0.000000 114.700000 0.000000 0.000000 0.000000 
-0.000000 1.000000 -0.000000 -114.700000 0.000000 0.000000 0.000000 0.000000 0.000000 -0.000000 0.000000 0.000000 -0.000000 -0.000000 -0.000000 
-0.000000 -0.000000 0.000000 0.000000 0.000000 -0.000000 1.000000 0.000000 -0.000000 0.000000 -0.000000 0.000000 0.000000 0.000000 0.000000 

0.001231 0.192400 -15.390000 -9.810000 0.000000 -0.000000 0.000000 0.000000 0.000000 -0.000000 0.000000 0.000000 0.028100 -0.000000 0.003058 
-0.135300 -0.567400 68.270000 -0.000000 -0.000000 0.000000 0.000000 -0.000000 0.000000 -0.000000 0.000000 0.000000 -0.192500 -0.000000 -0.080190 
-0.000103 0.000526 -0.719300 0.000000 -0.000639 -0.022810 0.011080 0.000000 -0.000000 0.000000 -0.000000 0.000000 0.007044 0.000336 -0.024770 
-0.000000 -0.000000 1.000000 0.000000 0.000000 -0.000000 -0.000000 0.000000 -0.000000 0.000000 -0.000000 0.000000 0.000000 0.000000 0.000000 
0.000000 0.000000 0.000000 -0.000000 -0.099750 15.090000 -69.760000 9.810000 -0.000000 0.000000 -0.000000 -0.000000 0.000000 0.000378 0.000000 
-0.000003 0.000016 -0.021570 -0.000000 -0.854300 -32.530000 14.010000 -0.000000 0.000000 -0.000000 0.000000 -0.000000 0.000211 0.471400 -0.000743 
0.000000 -0.000001 0.001396 -0.000000 -0.002445 -0.823200 -0.243000 -0.000000 0.000000 -0.000000 0.000000 -0.000000 -0.000014 0.009370 0.000048 
-0.000000 -0.000000 0.000000 -0.000000 0.000000 1.000000 0.000000 0.000000 -0.000000 0.000000 -0.000000 0.000000 0.000000 0.000000 0.000000 
1.000000 0.000000 -0.000000 14.590000 -0.000000 0.000000 0.000000 0.000000 0.000000 -0.000000 0.000000 0.000000 -0.000000 -0.000000 -0.000000 
0.000000 -0.000000 0.000000 -0.000000 1.000000 -0.000000 -0.000000 -14.590000 -0.000000 0.000000 -0.000000 74.420000 0.000000 0.000000 0.000000 
-0.000000 1.000000 -0.000000 -74.420000 0.000000 0.000000 0.000000 0.000000 0.000000 -0.000000 0.000000 0.000000 -0.000000 -0.000000 -0.000000 
-0.000000 -0.000000 0.000000 0.000000 0.000000 -0.000000 1.000000 -0.000000 -0.000000 0.000000 -0.000000 0.000000 0.000000 0.000000 0.000000 



u w q the v p r phi x y z psi slat flap aileron elevator
-0.004864 0.235300 -20.100000 -9.810000 0.000000 0.000000 0.000000 0.000000 0.000000 -0.000000 0.000000 0.000000 0.036380 -0.000000 0.017460 
-0.104700 -0.528500 65.310000 -0.000000 -0.000000 0.000000 0.000000 -0.000000 0.000000 -0.000000 0.000000 0.000000 -0.176800 -0.000000 -0.074630 
0.010570 -0.039010 -0.979200 0.000000 -0.000385 -0.012040 0.008683 0.000000 -0.000000 0.000000 -0.000000 0.000000 -0.007405 0.000179 -0.028380 
-0.000000 -0.000000 1.000000 0.000000 0.000000 -0.000000 -0.000000 0.000000 -0.000000 0.000000 -0.000000 0.000000 0.000000 0.000000 0.000000 
0.000000 0.000000 0.000000 -0.000000 -0.090010 20.610000 -68.370000 9.810000 -0.000000 0.000000 -0.000000 -0.000000 0.000000 -0.000459 0.000000 
0.000195 -0.000718 -0.018030 -0.000000 -0.884100 -32.670000 18.370000 -0.000000 0.000000 -0.000000 0.000000 -0.000000 -0.000136 0.464000 -0.000523 
-0.000023 0.000087 0.002175 -0.000000 0.003334 -0.879700 -0.377300 -0.000000 0.000000 -0.000000 0.000000 -0.000000 0.000016 0.008905 0.000063 
-0.000000 -0.000000 0.000000 0.000000 0.000000 1.000000 0.000000 0.000000 -0.000000 0.000000 -0.000000 0.000000 0.000000 0.000000 0.000000 
1.000000 0.000000 -0.000000 19.830000 -0.000000 0.000000 0.000000 0.000000 0.000000 -0.000000 0.000000 0.000000 -0.000000 -0.000000 -0.000000 
0.000000 -0.000000 0.000000 -0.000000 1.000000 -0.000000 -0.000000 -19.830000 -0.000000 0.000000 -0.000000 73.200000 0.000000 0.000000 0.000000 
-0.000000 1.000000 -0.000000 -73.200000 0.000000 0.000000 0.000000 0.000000 0.000000 -0.000000 0.000000 0.000000 -0.000000 -0.000000 -0.000000 
-0.000000 -0.000000 0.000000 0.000000 0.000000 -0.000000 1.000000 0.000000 -0.000000 0.000000 -0.000000 0.000000 0.000000 0.000000 0.000000 

-0.001118 0.144900 -15.460000 -9.810000 -0.000000 -0.000000 -0.000000 0.000000 0.000000 -0.000000 0.000000 0.000000 0.032640 -0.000000 0.016190 
-0.076620 -0.653400 104.900000 -0.000000 -0.000000 0.000000 -0.000000 -0.000000 0.000000 -0.000000 0.000000 0.000000 -0.353300 -0.000000 -0.139500 
0.006774 -0.050450 -1.285000 0.000000 -0.000568 -0.022320 0.011440 0.000000 -0.000000 0.000000 -0.000000 0.000000 -0.016460 0.000511 -0.058830 
-0.000000 -0.000000 1.000000 0.000000 0.000000 -0.000000 -0.000000 0.000000 -0.000000 0.000000 -0.000000 0.000000 0.000000 0.000000 0.000000 
0.000000 0.000000 -0.000000 -0.000000 -0.108400 15.560000 -108.900000 9.810000 -0.000000 0.000000 -0.000000 -0.000000 -0.000000 0.002414 -0.000000 
0.000161 -0.001198 -0.030520 -0.000000 -1.128000 -50.710000 20.950000 -0.000000 0.000000 -0.000000 0.000000 -0.000000 -0.000391 1.140000 -0.001397 
-0.000017 0.000123 0.003138 -0.000000 0.009294 -0.882400 -0.527100 -0.000000 0.000000 -0.000000 0.000000 -0.000000 0.000040 0.016300 0.000144 
-0.000000 -0.000000 0.000000 -0.000000 0.000000 1.000000 0.000000 0.000000 -0.000000 0.000000 -0.000000 0.000000 0.000000 0.000000 0.000000 
1.000000 0.000000 -0.000000 15.330000 -0.000000 0.000000 0.000000 0.000000 0.000000 -0.000000 0.000000 0.000000 -0.000000 -0.000000 -0.000000 
0.000000 -0.000000 0.000000 -0.000000 1.000000 -0.000000 -0.000000 -15.330000 -0.000000 0.000000 -0.000000 114.200000 0.000000 0.000000 0.000000 
-0.000000 1.000000 -0.000000 -114.200000 0.000000 0.000000 0.000000 0.000000 0.000000 -0.000000 0.000000 0.000000 -0.000000 -0.000000 -0.000000 
-0.000000 -0.000000 0.000000 -0.000000 0.000000 -0.000000 1.000000 -0.000000 -0.000000 0.000000 -0.000000 0.000000 0.000000 0.000000 0.000000 

-0.000271 0.065400 -16.030000 -9.810000 0.000000 -0.000000 0.000000 0.000000 0.000000 -0.000000 0.000000 0.000000 0.024760 -0.000000 0.014390 
-0.044530 -0.568700 222.100000 -0.000000 -0.000000 0.000000 -0.000000 -0.000000 0.000000 -0.000000 0.000000 0.000000 -0.647100 0.000000 -0.235000 
0.003589 -0.051520 -1.309000 0.000000 -0.000933 -0.043430 0.017040 0.000000 -0.000000 0.000000 -0.000000 0.000000 -0.038520 0.002000 -0.122900 
-0.000000 -0.000000 1.000000 0.000000 0.000000 -0.000000 -0.000000 0.000000 -0.000000 0.000000 -0.000000 0.000000 0.000000 0.000000 0.000000 
-0.000000 -0.000000 0.000000 -0.000000 -0.085680 15.920000 -225.700000 9.810000 -0.000000 0.000000 -0.000000 -0.000000 -0.000000 0.006800 0.000000 
0.000155 -0.002219 -0.056400 -0.000000 -1.480000 -75.320000 25.430000 -0.000000 0.000000 -0.000000 0.000000 -0.000000 -0.001659 3.449000 -0.005292 
-0.000010 0.000149 0.003784 -0.000000 0.010200 -0.775200 -0.499600 -0.000000 0.000000 -0.000000 0.000000 -0.000000 0.000111 0.031640 0.000355 
-0.000000 -0.000000 0.000000 0.000000 0.000000 1.000000 0.000000 0.000000 -0.000000 0.000000 -0.000000 0.000000 0.000000 0.000000 0.000000 
1.000000 0.000000 -0.000000 15.990000 -0.000000 0.000000 0.000000 0.000000 0.000000 -0.000000 0.000000 0.000000 -0.000000 -0.000000 -0.000000 
0.000000 -0.000000 0.000000 -0.000000 1.000000 -0.000000 -0.000000 -15.990000 -0.000000 0.000000 -0.000000 229.600000 0.000000 0.000000 0.000000 
-0.000000 1.000000 -0.000000 -229.600000 0.000000 0.000000 0.000000 0.000000 0.000000 -0.000000 0.000000 0.000000 -0.000000 -0.000000 -0.000000 
-0.000000 -0.000000 0.000000 0.000000 0.000000 -0.000000 1.000000 -0.000000 -0.000000 0.000000 -0.000000 0.000000 0.000000 0.000000 0.000000 

-0.000257 0.064770 -14.930000 -9.810000 0.000000 0.000000 0.000000 0.000000 0.000000 -0.000000 0.000000 0.000000 0.024000 -0.000000 0.014170 
-0.045140 -0.600300 221.800000 -0.000000 -0.000000 0.000000 0.000000 -0.000000 0.000000 -0.000000 0.000000 0.000000 -0.683700 0.000000 -0.248100 
0.003334 -0.051420 -1.308000 0.000000 -0.000925 -0.043480 0.016780 0.000000 -0.000000 0.000000 -0.000000 0.000000 -0.038510 0.002003 -0.122800 
-0.000000 -0.000000 1.000000 -0.000000 0.000000 -0.000000 -0.000000 -0.000000 -0.000000 0.000000 -0.000000 -0.000000 0.000000 0.000000 0.000000 
-0.000000 -0.000000 0.000000 -0.000000 -0.090580 14.790000 -225.500000 9.810000 -0.000000 0.000000 -0.000000 -0.000000 -0.000000 0.007355 0.000000 
0.000144 -0.002215 -0.056340 -0.000000 -1.466000 -75.350000 24.980000 -0.000000 0.000000 -0.000000 0.000000 -0.000000 -0.001659 3.452000 -0.005289 
-0.000010 0.000149 0.003780 -0.000000 0.010420 -0.764100 -0.502100 -0.000000 0.000000 -0.000000 0.000000 -0.000000 0.000111 0.031520 0.000355 
-0.000000 -0.000000 0.000000 0.000000 0.000000 1.000000 0.000000 -0.000000 -0.000000 0.000000 -0.000000 -0.000000 0.000000 0.000000 0.000000 
1.000000 0.000000 -0.000000 14.890000 -0.000000 0.000000 0.000000 0.000000 0.000000 -0.000000 0.000000 0.000000 -0.000000 -0.000000 -0.000000 
0.000000 -0.000000 0.000000 -0.000000 1.000000 -0.000000 -0.000000 -14.890000 -0.000000 0.000000 -0.000000 229.700000 0.000000 0.000000 0.000000 
-0.000000 1.000000 -0.000000 -229.700000 0.000000 0.000000 0.000000 0.000000 0.000000 -0.000000 0.000000 0.000000 -0.000000 -0.000000 -0.000000 
-0.000000 -0.000000 0.000000 0.000000 0.000000 -0.000000 1.000000 -0.000000 -0.000000 0.000000 -0.000000 -0.000000 0.000000 0.000000 0.000000 

-0.001008 0.144100 -14.510000 -9.810000 -0.000000 -0.000000 -0.000000 0.000000 0.000000 -0.000000 0.000000 0.000000 0.032240 0.000000 0.016060 
-0.077210 -0.689300 104.500000 -0.000000 0.000000 0.000000 -0.000000 -0.000000 0.000000 -0.000000 0.000000 0.000000 -0.373400 0.000000 -0.147100 
0.006331 -0.050320 -1.284000 0.000000 -0.000562 -0.022400 0.011220 0.000000 -0.000000 0.000000 -0.000000 0.000000 -0.016470 0.000513 -0.058840 
-0.000000 -0.000000 1.000000 0.000000 0.000000 -0.000000 -0.000000 -0.000000 -0.000000 0.000000 -0.000000 0.000000 0.000000 0.000000 0.000000 
0.000000 0.000000 -0.000000 -0.000000 -0.114700 14.570000 -108.800000 9.810000 -0.000000 0.000000 -0.000000 -0.000000 -0.000000 0.002749 -0.000000 
0.000150 -0.001195 -0.030490 -0.000000 -1.113000 -50.770000 20.480000 -0.000000 0.000000 -0.000000 0.000000 -0.000000 -0.000391 1.144000 -0.001397 
-0.000015 0.000123 0.003135 -0.000000 0.009672 -0.863700 -0.531300 -0.000000 0.000000 -0.000000 0.000000 -0.000000 0.000040 0.016190 0.000144 
-0.000000 -0.000000 0.000000 0.000000 0.000000 1.000000 0.000000 0.000000 -0.000000 0.000000 -0.000000 0.000000 0.000000 0.000000 0.000000 
1.000000 0.000000 -0.000000 14.390000 -0.000000 0.000000 0.000000 0.000000 0.000000 -0.000000 0.000000 0.000000 -0.000000 -0.000000 -0.000000 
0.000000 -0.000000 0.000000 -0.000000 1.000000 -0.000000 -0.000000 -14.390000 -0.000000 0.000000 -0.000000 114.300000 0.000000 0.000000 0.000000 
-0.000000 1.000000 -0.000000 -114.300000 0.000000 0.000000 0.000000 0.000000 0.000000 -0.000000 0.000000 0.000000 -0.000000 -0.000000 -0.000000 
-0.000000 -0.000000 0.000000 0.000000 0.000000 -0.000000 1.000000 0.000000 -0.000000 0.000000 -0.000000 0.000000 0.000000 0.000000 0.000000 

-0.004436 0.234400 -18.930000 -9.810000 0.000000 0.000000 0.000000 0.000000 0.000000 -0.000000 0.000000 0.000000 0.036280 -0.000000 0.017400 
-0.105100 -0.558500 65.160000 -0.000000 -0.000000 0.000000 0.000000 -0.000000 0.000000 -0.000000 0.000000 0.000000 -0.187900 -0.000000 -0.079080 
0.009878 -0.038910 -0.979100 0.000000 -0.000380 -0.012160 0.008469 0.000000 -0.000000 0.000000 -0.000000 0.000000 -0.007446 0.000181 -0.028500 
-0.000000 -0.000000 1.000000 0.000000 0.000000 -0.000000 -0.000000 0.000000 -0.000000 0.000000 -0.000000 0.000000 0.000000 0.000000 0.000000 
0.000000 0.000000 0.000000 -0.000000 -0.095690 19.400000 -68.430000 9.810000 -0.000000 0.000000 -0.000000 -0.000000 0.000000 -0.000271 0.000000 
0.000182 -0.000717 -0.018030 -0.000000 -0.868600 -32.810000 17.840000 -0.000000 0.000000 -0.000000 0.000000 -0.000000 -0.000137 0.468600 -0.000525 
-0.000022 0.000086 0.002175 -0.000000 0.003877 -0.853900 -0.383500 -0.000000 0.000000 -0.000000 0.000000 -0.000000 0.000017 0.008836 0.000063 
-0.000000 -0.000000 0.000000 0.000000 0.000000 1.000000 0.000000 0.000000 -0.000000 0.000000 -0.000000 0.000000 0.000000 0.000000 0.000000 
1.000000 0.000000 -0.000000 18.660000 -0.000000 0.000000 0.000000 0.000000 0.000000 -0.000000 0.000000 0.000000 -0.000000 -0.000000 -0.000000 
0.000000 -0.000000 0.000000 -0.000000 1.000000 -0.000000 -0.000000 -18.660000 -0.000000 0.000000 -0.000000 73.510000 0.000000 0.000000 0.000000 
-0.000000 1.000000 -0.000000 -73.510000 0.000000 0.000000 0.000000 0.000000 0.000000 -0.000000 0.000000 0.000000 -0.000000 -0.000000 -0.000000 
-0.000000 -0.000000 0.000000 0.000000 0.000000 -0.000000 1.000000 -0.000000 -0.000000 0.000000 -0.000000 0.000000 0.000000 0.000000 0.000000 



u w q the v p r phi x y z psi slat flap aileron elevator
-0.002696 0.226900 -19.370000 -9.810000 0.000000 0.000000 0.000000 0.000000 0.000000 -0.000000 0.000000 0.000000 0.034790 -0.000000 0.014670 
-0.110700 -0.530500 65.940000 -0.000000 -0.000000 0.000000 0.000000 -0.000000 0.000000 -0.000000 0.000000 0.000000 -0.177900 -0.000000 -0.074930 
0.008656 -0.033510 -0.953900 0.000000 -0.000411 -0.012860 0.008941 0.000000 -0.000000 0.000000 -0.000000 0.000000 -0.005042 0.000192 -0.029210 
-0.000000 -0.000000 1.000000 0.000000 0.000000 -0.000000 -0.000000 0.000000 -0.000000 0.000000 -0.000000 0.000000 0.000000 0.000000 0.000000 
0.000000 0.000000 0.000000 -0.000000 -0.090740 19.690000 -68.680000 9.810000 -0.000000 0.000000 -0.000000 -0.000000 0.000000 -0.000330 0.000000 
0.000159 -0.000614 -0.017460 -0.000000 -0.885200 -32.820000 17.640000 -0.000000 0.000000 -0.000000 0.000000 -0.000000 -0.000092 0.467800 -0.000535 
-0.000021 0.000081 0.002294 -0.000000 0.002227 -0.927100 -0.364300 -0.000000 0.000000 -0.000000 0.000000 -0.000000 0.000012 0.009591 0.000070 
-0.000000 -0.000000 0.000000 -0.000000 0.000000 1.000000 0.000000 0.000000 -0.000000 0.000000 -0.000000 0.000000 0.000000 0.000000 0.000000 
1.000000 0.000000 -0.000000 18.970000 -0.000000 0.000000 0.000000 0.000000 0.000000 -0.000000 0.000000 0.000000 -0.000000 -0.000000 -0.000000 
0.000000 -0.000000 0.000000 -0.000000 1.000000 -0.000000 -0.000000 -18.970000 -0.000000 0.000000 -0.000000 73.430000 0.000000 0.000000 0.000000 
-0.000000 1.000000 -0.000000 -73.430000 0.000000 0.000000 0.000000 0.000000 0.000000 -0.000000 0.000000 0.000000 -0.000000 -0.000000 -0.000000 
-0.000000 -0.000000 0.000000 0.000000 0.000000 -0.000000 1.000000 -0.000000 -0.000000 0.000000 -0.000000 0.000000 0.000000 0.000000 0.000000 

-0.000435 0.139400 -14.840000 -9.810000 -0.000000 -0.000000 0.000000 0.000000 0.000000 -0.000000 0.000000 0.000000 0.030960 0.000000 0.013110 
-0.080580 -0.654200 105.500000 -0.000000 0.000000 0.000000 -0.000000 -0.000000 0.000000 -0.000000 0.000000 0.000000 -0.353800 -0.000000 -0.139500 
0.005488 -0.042870 -1.263000 0.000000 -0.000612 -0.024020 0.011870 0.000000 -0.000000 0.000000 -0.000000 0.000000 -0.011340 0.000550 -0.060990 
-0.000000 -0.000000 1.000000 0.000000 0.000000 -0.000000 -0.000000 0.000000 -0.000000 0.000000 -0.000000 0.000000 0.000000 0.000000 0.000000 
0.000000 0.000000 -0.000000 -0.000000 -0.108800 14.820000 -109.100000 9.810000 -0.000000 0.000000 -0.000000 -0.000000 -0.000000 0.002535 -0.000000 
0.000130 -0.001013 -0.029820 -0.000000 -1.128000 -50.810000 20.020000 -0.000000 0.000000 -0.000000 0.000000 -0.000000 -0.000268 1.144000 -0.001440 
-0.000015 0.000114 0.003367 -0.000000 0.008211 -0.949600 -0.522000 -0.000000 0.000000 -0.000000 0.000000 -0.000000 0.000030 0.017770 0.000163 
-0.000000 -0.000000 0.000000 0.000000 0.000000 1.000000 0.000000 0.000000 -0.000000 0.000000 -0.000000 0.000000 0.000000 0.000000 0.000000 
1.000000 0.000000 -0.000000 14.630000 -0.000000 0.000000 0.000000 0.000000 0.000000 -0.000000 0.000000 0.000000 -0.000000 -0.000000 -0.000000 
0.000000 -0.000000 0.000000 -0.000000 1.000000 -0.000000 -0.000000 -14.630000 -0.000000 0.000000 -0.000000 114.300000 0.000000 0.000000 0.000000 
-0.000000 1.000000 -0.000000 -114.300000 0.000000 0.000000 0.000000 0.000000 0.000000 -0.000000 0.000000 0.000000 -0.000000 -0.000000 -0.000000 
-0.000000 -0.000000 0.000000 0.000000 0.000000 -0.000000 1.000000 0.000000 -0.000000 0.000000 -0.000000 0.000000 0.000000 0.000000 0.000000 

-0.000097 0.062690 -15.260000 -9.810000 0.000000 0.000000 0.000000 0.000000 0.000000 -0.000000 0.000000 0.000000 0.023140 -0.000000 0.010960 
-0.046520 -0.569000 222.600000 -0.000000 -0.000000 0.000000 -0.000000 -0.000000 0.000000 -0.000000 0.000000 0.000000 -0.647400 0.000000 -0.235000 
0.002914 -0.044090 -1.313000 0.000000 -0.001028 -0.047760 0.018020 0.000000 -0.000000 0.000000 -0.000000 0.000000 -0.027750 0.002201 -0.130200 
-0.000000 -0.000000 1.000000 -0.000000 0.000000 -0.000000 -0.000000 -0.000000 -0.000000 0.000000 -0.000000 -0.000000 0.000000 0.000000 0.000000 
-0.000000 -0.000000 0.000000 -0.000000 -0.085880 15.090000 -225.800000 9.810000 -0.000000 0.000000 -0.000000 -0.000000 -0.000000 0.006899 0.000000 
0.000125 -0.001890 -0.056310 -0.000000 -1.479000 -75.410000 24.200000 -0.000000 0.000000 -0.000000 0.000000 -0.000000 -0.001190 3.453000 -0.005581 
-0.000009 0.000142 0.004218 -0.000000 0.009444 -0.856900 -0.506200 -0.000000 0.000000 -0.000000 0.000000 -0.000000 0.000089 0.035240 0.000418 
-0.000000 -0.000000 0.000000 0.000000 0.000000 1.000000 0.000000 -0.000000 -0.000000 0.000000 -0.000000 -0.000000 0.000000 0.000000 0.000000 
1.000000 0.000000 -0.000000 15.180000 -0.000000 0.000000 0.000000 0.000000 0.000000 -0.000000 0.000000 0.000000 -0.000000 -0.000000 -0.000000 
0.000000 -0.000000 0.000000 -0.000000 1.000000 -0.000000 -0.000000 -15.180000 -0.000000 0.000000 -0.000000 229.700000 0.000000 0.000000 0.000000 
-0.000000 1.000000 -0.000000 -229.700000 0.000000 0.000000 0.000000 0.000000 0.000000 -0.000000 0.000000 0.000000 -0.000000 -0.000000 -0.000000 
-0.000000 -0.000000 0.000000 0.000000 0.000000 -0.000000 1.000000 -0.000000 -0.000000 0.000000 -0.000000 -0.000000 0.000000 0.000000 0.000000 

-0.000097 0.062070 -14.200000 -9.810000 0.000000 0.000000 0.000000 0.000000 0.000000 -0.000000 0.000000 0.000000 0.022380 -0.000000 0.010730 
-0.047130 -0.600600 222.300000 -0.000000 -0.000000 0.000000 0.000000 -0.000000 0.000000 -0.000000 0.000000 0.000000 -0.683900 0.000000 -0.248000 
0.002703 -0.043970 -1.312000 0.000000 -0.001019 -0.047820 0.017740 0.000000 -0.000000 0.000000 -0.000000 0.000000 -0.027730 0.002204 -0.130100 
-0.000000 -0.000000 1.000000 0.000000 0.000000 -0.000000 -0.000000 0.000000 -0.000000 0.000000 -0.000000 0.000000 0.000000 0.000000 0.000000 
-0.000000 -0.000000 0.000000 -0.000000 -0.090780 14.010000 -225.700000 9.810000 -0.000000 0.000000 -0.000000 -0.000000 -0.000000 0.007453 0.000000 
0.000116 -0.001885 -0.056260 -0.000000 -1.466000 -75.430000 23.770000 -0.000000 0.000000 -0.000000 0.000000 -0.000000 -0.001189 3.457000 -0.005578 
-0.000009 0.000141 0.004214 -0.000000 0.009680 -0.845300 -0.509100 -0.000000 0.000000 -0.000000 0.000000 -0.000000 0.000089 0.035110 0.000418 
-0.000000 -0.000000 0.000000 0.000000 0.000000 1.000000 0.000000 0.000000 -0.000000 0.000000 -0.000000 0.000000 0.000000 0.000000 0.000000 
1.000000 0.000000 -0.000000 14.120000 -0.000000 0.000000 0.000000 0.000000 0.000000 -0.000000 0.000000 0.000000 -0.000000 -0.000000 -0.000000 
0.000000 -0.000000 0.000000 -0.000000 1.000000 -0.000000 -0.000000 -14.120000 -0.000000 0.000000 -0.000000 229.700000 0.000000 0.000000 0.000000 
-0.000000 1.000000 -0.000000 -229.700000 0.000000 0.000000 0.000000 0.000000 0.000000 -0.000000 0.000000 0.000000 -0.000000 -0.000000 -0.000000 
-0.000000 -0.000000 0.000000 0.000000 0.000000 -0.000000 1.000000 0.000000 -0.000000 0.000000 -0.000000 0.000000 0.000000 0.000000 0.000000 

-0.000373 0.138600 -13.930000 -9.810000 -0.000000 -0.000000 -0.000000 0.000000 0.000000 -0.000000 0.000000 0.000000 0.030560 0.000000 0.012970 
-0.081160 -0.690000 105.100000 -0.000000 0.000000 0.000000 0.000000 -0.000000 0.000000 -0.000000 0.000000 0.000000 -0.373900 0.000000 -0.147200 
0.005122 -0.042720 -1.261000 0.000000 -0.000605 -0.024100 0.011640 0.000000 -0.000000 0.000000 -0.000000 0.000000 -0.011340 0.000552 -0.060990 
-0.000000 -0.000000 1.000000 0.000000 0.000000 -0.000000 -0.000000 0.000000 -0.000000 0.000000 -0.000000 0.000000 0.000000 0.000000 0.000000 
0.000000 0.000000 -0.000000 -0.000000 -0.115100 13.880000 -109.000000 9.810000 -0.000000 0.000000 -0.000000 -0.000000 -0.000000 0.002869 -0.000000 
0.000121 -0.001009 -0.029790 -0.000000 -1.113000 -50.870000 19.570000 -0.000000 0.000000 -0.000000 0.000000 -0.000000 -0.000268 1.147000 -0.001440 
-0.000014 0.000114 0.003363 -0.000000 0.008608 -0.930500 -0.526700 -0.000000 0.000000 -0.000000 0.000000 -0.000000 0.000030 0.017660 0.000163 
-0.000000 -0.000000 0.000000 0.000000 0.000000 1.000000 0.000000 0.000000 -0.000000 0.000000 -0.000000 0.000000 0.000000 0.000000 0.000000 
1.000000 0.000000 -0.000000 13.720000 -0.000000 0.000000 0.000000 0.000000 0.000000 -0.000000 0.000000 0.000000 -0.000000 -0.000000 -0.000000 
0.000000 -0.000000 0.000000 -0.000000 1.000000 -0.000000 -0.000000 -13.720000 -0.000000 0.000000 -0.000000 114.400000 0.000000 0.000000 0.000000 
-0.000000 1.000000 -0.000000 -114.400000 0.000000 0.000000 0.000000 0.000000 0.000000 -0.000000 0.000000 0.000000 -0.000000 -0.000000 -0.000000 
-0.000000 -0.000000 0.000000 0.000000 0.000000 -0.000000 1.000000 0.000000 -0.000000 0.000000 -0.000000 0.000000 0.000000 0.000000 0.000000 

-0.002413 0.225900 -18.250000 -9.810000 0.000000 -0.000000 0.000000 0.000000 0.000000 -0.000000 0.000000 0.000000 0.034670 -0.000000 0.014600 
-0.111000 -0.560400 65.790000 -0.000000 -0.000000 0.000000 0.000000 -0.000000 0.000000 -0.000000 0.000000 0.000000 -0.188900 -0.000000 -0.079340 
0.008075 -0.033350 -0.953800 0.000000 -0.000405 -0.012980 0.008719 0.000000 -0.000000 0.000000 -0.000000 0.000000 -0.005060 0.000194 -0.029320 
-0.000000 -0.000000 1.000000 0.000000 0.000000 -0.000000 -0.000000 0.000000 -0.000000 0.000000 -0.000000 0.000000 0.000000 0.000000 0.000000 
0.000000 0.000000 0.000000 -0.000000 -0.096410 18.540000 -68.710000 9.810000 -0.000000 0.000000 -0.000000 -0.000000 0.000000 -0.000141 0.000000 
0.000148 -0.000611 -0.017460 -0.000000 -0.869600 -32.960000 17.120000 -0.000000 0.000000 -0.000000 0.000000 -0.000000 -0.000093 0.472000 -0.000537 
-0.000019 0.000080 0.002293 -0.000000 0.002796 -0.901000 -0.371300 -0.000000 0.000000 -0.000000 0.000000 -0.000000 0.000012 0.009519 0.000071 
-0.000000 -0.000000 0.000000 -0.000000 0.000000 1.000000 0.000000 0.000000 -0.000000 0.000000 -0.000000 0.000000 0.000000 0.000000 0.000000 
1.000000 0.000000 -0.000000 17.840000 -0.000000 0.000000 0.000000 0.000000 0.000000 -0.000000 0.000000 0.000000 -0.000000 -0.000000 -0.000000 
0.000000 -0.000000 0.000000 -0.000000 1.000000 -0.000000 -0.000000 -17.840000 -0.000000 0.000000 -0.000000 73.710000 0.000000 0.000000 0.000000 
-0.000000 1.000000 -0.000000 -73.710000 0.000000 0.000000 0.000000 0.000000 0.000000 -0.000000 0.000000 0.000000 -0.000000 -0.000000 -0.000000 
-0.000000 -0.000000 0.000000 0.000000 0.000000 -0.000000 1.000000 0.000000 -0.000000 0.000000 -0.000000 0.000000 0.000000 0.000000 0.000000 



u w q the v p r phi x y z psi slat flap aileron elevator
-0.000794 0.217200 -18.520000 -9.810000 0.000000 0.000000 0.000000 0.000000 0.000000 -0.000000 0.000000 0.000000 0.032950 -0.000000 0.011440 
-0.117600 -0.532700 66.660000 -0.000000 -0.000000 0.000000 0.000000 -0.000000 0.000000 -0.000000 0.000000 0.000000 -0.179000 -0.000000 -0.075240 
0.006175 -0.025300 -0.909100 0.000000 -0.000431 -0.013580 0.008982 0.000000 -0.000000 0.000000 -0.000000 0.000000 -0.001788 0.000203 -0.029370 
-0.000000 -0.000000 1.000000 0.000000 0.000000 -0.000000 -0.000000 -0.000000 -0.000000 0.000000 -0.000000 0.000000 0.000000 0.000000 0.000000 
0.000000 0.000000 0.000000 -0.000000 -0.091630 18.650000 -69.010000 9.810000 -0.000000 0.000000 -0.000000 -0.000000 0.000000 -0.000182 0.000000 
0.000112 -0.000461 -0.016560 -0.000000 -0.886700 -32.980000 16.820000 -0.000000 0.000000 -0.000000 0.000000 -0.000000 -0.000033 0.471800 -0.000535 
-0.000016 0.000065 0.002328 -0.000000 0.000707 -0.958200 -0.339200 -0.000000 0.000000 -0.000000 0.000000 -0.000000 0.000005 0.010160 0.000075 
-0.000000 -0.000000 0.000000 0.000000 0.000000 1.000000 0.000000 0.000000 -0.000000 0.000000 -0.000000 0.000000 0.000000 0.000000 0.000000 
1.000000 0.000000 -0.000000 17.980000 -0.000000 0.000000 0.000000 0.000000 0.000000 -0.000000 0.000000 0.000000 -0.000000 -0.000000 -0.000000 
0.000000 -0.000000 0.000000 -0.000000 1.000000 -0.000000 -0.000000 -17.980000 -0.000000 0.000000 -0.000000 73.670000 0.000000 0.000000 0.000000 
-0.000000 1.000000 -0.000000 -73.670000 0.000000 0.000000 0.000000 0.000000 0.000000 -0.000000 0.000000 0.000000 -0.000000 -0.000000 -0.000000 
-0.000000 -0.000000 0.000000 0.000000 0.000000 -0.000000 1.000000 0.000000 -0.000000 0.000000 -0.000000 0.000000 0.000000 0.000000 0.000000 

0.000128 0.133200 -14.120000 -9.810000 -0.000000 -0.000000 0.000000 0.000000 0.000000 -0.000000 0.000000 0.000000 0.029040 -0.000000 0.009572 
-0.085120 -0.655100 106.200000 -0.000000 0.000000 0.000000 -0.000000 -0.000000 0.000000 -0.000000 0.000000 0.000000 -0.354400 0.000000 -0.139500 
0.003792 -0.031380 -1.213000 0.000000 -0.000646 -0.025470 0.011980 0.000000 -0.000000 0.000000 -0.000000 0.000000 -0.004172 0.000584 -0.061680 
-0.000000 -0.000000 1.000000 0.000000 0.000000 -0.000000 -0.000000 0.000000 -0.000000 0.000000 -0.000000 0.000000 0.000000 0.000000 0.000000 
0.000000 0.000000 -0.000000 -0.000000 -0.109300 13.980000 -109.300000 9.810000 -0.000000 0.000000 -0.000000 -0.000000 -0.000000 0.002672 -0.000000 
0.000089 -0.000737 -0.028510 -0.000000 -1.128000 -50.910000 18.970000 -0.000000 0.000000 -0.000000 0.000000 -0.000000 -0.000098 1.147000 -0.001450 
-0.000011 0.000090 0.003471 -0.000000 0.006436 -1.003000 -0.499700 -0.000000 0.000000 -0.000000 0.000000 -0.000000 0.000012 0.019040 0.000177 
-0.000000 -0.000000 0.000000 0.000000 0.000000 1.000000 0.000000 0.000000 -0.000000 0.000000 -0.000000 0.000000 0.000000 0.000000 0.000000 
1.000000 0.000000 -0.000000 13.820000 -0.000000 0.000000 0.000000 0.000000 0.000000 -0.000000 0.000000 0.000000 -0.000000 -0.000000 -0.000000 
0.000000 -0.000000 0.000000 -0.000000 1.000000 -0.000000 -0.000000 -13.820000 -0.000000 0.000000 -0.000000 114.400000 0.000000 0.000000 0.000000 
-0.000000 1.000000 -0.000000 -114.400000 0.000000 0.000000 0.000000 0.000000 0.000000 -0.000000 0.000000 0.000000 -0.000000 -0.000000 -0.000000 
-0.000000 -0.000000 0.000000 0.000000 0.000000 -0.000000 1.000000 0.000000 -0.000000 0.000000 -0.000000 0.000000 0.000000 0.000000 0.000000 

0.000030 0.059600 -14.370000 -9.810000 0.000000 -0.000000 0.000000 0.000000 0.000000 -0.000000 0.000000 0.000000 0.021290 -0.000000 0.007026 
-0.048810 -0.569300 223.200000 -0.000000 -0.000000 0.000000 0.000000 -0.000000 0.000000 -0.000000 0.000000 0.000000 -0.647600 0.000000 -0.234800 
0.001978 -0.031880 -1.286000 0.000000 -0.001108 -0.051570 0.018490 0.000000 -0.000000 0.000000 -0.000000 0.000000 -0.011720 0.002378 -0.134200 
-0.000000 -0.000000 1.000000 0.000000 0.000000 -0.000000 -0.000000 0.000000 -0.000000 0.000000 -0.000000 0.000000 0.000000 0.000000 0.000000 
-0.000000 -0.000000 0.000000 -0.000000 -0.086110 14.140000 -226.000000 9.810000 -0.000000 0.000000 -0.000000 -0.000000 -0.000000 0.007011 0.000000 
0.000084 -0.001361 -0.054900 -0.000000 -1.479000 -75.490000 22.810000 -0.000000 0.000000 -0.000000 0.000000 -0.000000 -0.000500 3.458000 -0.005730 
-0.000007 0.000112 0.004500 -0.000000 0.007931 -0.928800 -0.495200 -0.000000 0.000000 -0.000000 0.000000 -0.000000 0.000041 0.038510 0.000470 
-0.000000 -0.000000 0.000000 0.000000 0.000000 1.000000 0.000000 0.000000 -0.000000 0.000000 -0.000000 0.000000 0.000000 0.000000 0.000000 
1.000000 0.000000 -0.000000 14.250000 -0.000000 0.000000 0.000000 0.000000 0.000000 -0.000000 0.000000 0.000000 -0.000000 -0.000000 -0.000000 
0.000000 -0.000000 0.000000 -0.000000 1.000000 -0.000000 -0.000000 -14.250000 -0.000000 0.000000 -0.000000 229.700000 0.000000 0.000000 0.000000 
-0.000000 1.000000 -0.000000 -229.700000 0.000000 0.000000 0.000000 0.000000 0.000000 -0.000000 0.000000 0.000000 -0.000000 -0.000000 -0.000000 
-0.000000 -0.000000 0.000000 0.000000 0.000000 -0.000000 1.000000 -0.000000 -0.000000 0.000000 -0.000000 0.000000 0.000000 0.000000 0.000000 

0.000018 0.058970 -13.360000 -9.810000 0.000000 0.000000 0.000000 0.000000 0.000000 -0.000000 0.000000 0.000000 0.020520 -0.000000 0.006797 
-0.049410 -0.600900 222.900000 -0.000000 -0.000000 0.000000 -0.000000 -0.000000 0.000000 -0.000000 0.000000 0.000000 -0.684200 0.000000 -0.247900 
0.001830 -0.031750 -1.285000 0.000000 -0.001099 -0.051640 0.018200 0.000000 -0.000000 0.000000 -0.000000 0.000000 -0.011700 0.002381 -0.134100 
-0.000000 -0.000000 1.000000 0.000000 0.000000 -0.000000 -0.000000 0.000000 -0.000000 0.000000 -0.000000 0.000000 0.000000 0.000000 0.000000 
-0.000000 -0.000000 0.000000 -0.000000 -0.091010 13.110000 -225.800000 9.810000 -0.000000 0.000000 -0.000000 -0.000000 -0.000000 0.007565 0.000000 
0.000078 -0.001356 -0.054860 -0.000000 -1.465000 -75.510000 22.390000 -0.000000 0.000000 -0.000000 0.000000 -0.000000 -0.000500 3.461000 -0.005727 
-0.000006 0.000111 0.004496 -0.000000 0.008176 -0.917100 -0.498400 -0.000000 0.000000 -0.000000 0.000000 -0.000000 0.000041 0.038370 0.000469 
-0.000000 -0.000000 0.000000 0.000000 0.000000 1.000000 0.000000 0.000000 -0.000000 0.000000 -0.000000 0.000000 0.000000 0.000000 0.000000 
1.000000 0.000000 -0.000000 13.240000 -0.000000 0.000000 0.000000 0.000000 0.000000 -0.000000 0.000000 0.000000 -0.000000 -0.000000 -0.000000 
0.000000 -0.000000 0.000000 -0.000000 1.000000 -0.000000 -0.000000 -13.240000 -0.000000 0.000000 -0.000000 229.800000 0.000000 0.000000 0.000000 
-0.000000 1.000000 -0.000000 -229.800000 0.000000 0.000000 0.000000 0.000000 0.000000 -0.000000 0.000000 0.000000 -0.000000 -0.000000 -0.000000 
-0.000000 -0.000000 0.000000 0.000000 0.000000 -0.000000 1.000000 0.000000 -0.000000 0.000000 -0.000000 0.000000 0.000000 0.000000 0.000000 

0.000149 0.132400 -13.250000 -9.810000 -0.000000 -0.000000 0.000000 0.000000 0.000000 -0.000000 0.000000 0.000000 0.028630 0.000000 0.009421 
-0.085690 -0.690900 105.900000 -0.000000 0.000000 -0.000000 -0.000000 -0.000000 0.000000 -0.000000 0.000000 0.000000 -0.374400 -0.000000 -0.147200 
0.003530 -0.031190 -1.212000 0.000000 -0.000639 -0.025550 0.011750 0.000000 -0.000000 0.000000 -0.000000 0.000000 -0.004157 0.000586 -0.061680 
-0.000000 -0.000000 1.000000 0.000000 0.000000 -0.000000 -0.000000 0.000000 -0.000000 0.000000 -0.000000 0.000000 0.000000 0.000000 0.000000 
0.000000 0.000000 -0.000000 -0.000000 -0.115600 13.080000 -109.200000 9.810000 -0.000000 0.000000 -0.000000 -0.000000 -0.000000 0.003006 -0.000000 
0.000083 -0.000733 -0.028490 -0.000000 -1.114000 -50.960000 18.530000 -0.000000 0.000000 -0.000000 0.000000 -0.000000 -0.000098 1.150000 -0.001450 
-0.000010 0.000089 0.003468 -0.000000 0.006841 -0.984100 -0.504800 -0.000000 0.000000 -0.000000 0.000000 -0.000000 0.000012 0.018930 0.000177 
-0.000000 -0.000000 0.000000 -0.000000 0.000000 1.000000 0.000000 0.000000 -0.000000 0.000000 -0.000000 0.000000 0.000000 0.000000 0.000000 
1.000000 0.000000 -0.000000 12.960000 -0.000000 0.000000 0.000000 0.000000 0.000000 -0.000000 0.000000 0.000000 -0.000000 -0.000000 -0.000000 
0.000000 -0.000000 0.000000 -0.000000 1.000000 -0.000000 -0.000000 -12.960000 -0.000000 0.000000 -0.000000 114.500000 0.000000 0.000000 0.000000 
-0.000000 1.000000 -0.000000 -114.500000 0.000000 0.000000 0.000000 0.000000 0.000000 -0.000000 0.000000 0.000000 -0.000000 -0.000000 -0.000000 
-0.000000 -0.000000 0.000000 0.000000 0.000000 -0.000000 1.000000 0.000000 -0.000000 0.000000 -0.000000 0.000000 0.000000 0.000000 0.000000 

-0.000644 0.216300 -17.450000 -9.810000 0.000000 0.000000 0.000000 0.000000 0.000000 -0.000000 0.000000 0.000000 0.032820 -0.000000 0.011350 
-0.117900 -0.562500 66.510000 -0.000000 -0.000000 0.000000 0.000000 -0.000000 0.000000 -0.000000 0.000000 0.000000 -0.190000 -0.000000 -0.079620 
0.005740 -0.025090 -0.909000 0.000000 -0.000425 -0.013700 0.008757 0.000000 -0.000000 0.000000 -0.000000 0.000000 -0.001780 0.000205 -0.029470 
-0.000000 -0.000000 1.000000 0.000000 0.000000 -0.000000 -0.000000 0.000000 -0.000000 0.000000 -0.000000 0.000000 0.000000 0.000000 0.000000 
0.000000 0.000000 0.000000 -0.000000 -0.097290 17.550000 -69.030000 9.810000 -0.000000 0.000000 -0.000000 -0.000000 0.000000 0.000007 0.000000 
0.000105 -0.000457 -0.016560 -0.000000 -0.871000 -33.100000 16.320000 -0.000000 0.000000 -0.000000 0.000000 -0.000000 -0.000032 0.475600 -0.000537 
-0.000015 0.000064 0.002328 -0.000000 0.001286 -0.932600 -0.346900 -0.000000 0.000000 -0.000000 0.000000 -0.000000 0.000005 0.010080 0.000075 
-0.000000 -0.000000 0.000000 -0.000000 0.000000 1.000000 0.000000 0.000000 -0.000000 0.000000 -0.000000 0.000000 0.000000 0.000000 0.000000 
1.000000 0.000000 -0.000000 16.910000 -0.000000 0.000000 0.000000 0.000000 0.000000 -0.000000 0.000000 0.000000 -0.000000 -0.000000 -0.000000 
0.000000 -0.000000 0.000000 -0.000000 1.000000 -0.000000 -0.000000 -16.910000 -0.000000 0.000000 -0.000000 73.930000 0.000000 0.000000 0.000000 
-0.000000 1.000000 -0.000000 -73.930000 0.000000 0.000000 0.000000 0.000000 0.000000 -0.000000 0.000000 0.000000 -0.000000 -0.000000 -0.000000 
-0.000000 -0.000000 0.000000 -0.000000 0.000000 -0.000000 1.000000 -0.000000 -0.000000 0.000000 -0.000000 0.000000 0.000000 0.000000 0.000000 



u w q the v p r phi x y z psi slat flap aileron elevator
0.000458 0.208000 -17.690000 -9.810000 0.000000 0.000000 0.000000 0.000000 0.000000 -0.000000 0.000000 0.000000 0.031160 -0.000000 0.008283 
-0.124300 -0.534700 67.340000 -0.000000 -0.000000 0.000000 0.000000 -0.000000 0.000000 -0.000000 0.000000 0.000000 -0.180100 -0.000000 -0.075500 
0.003603 -0.015630 -0.839200 0.000000 -0.000431 -0.013800 0.008585 0.000000 -0.000000 0.000000 -0.000000 0.000000 0.001682 0.000206 -0.028170 
-0.000000 -0.000000 1.000000 0.000000 0.000000 -0.000000 -0.000000 0.000000 -0.000000 0.000000 -0.000000 0.000000 0.000000 0.000000 0.000000 
0.000000 0.000000 0.000000 -0.000000 -0.092540 17.650000 -69.330000 9.810000 -0.000000 0.000000 -0.000000 -0.000000 0.000000 -0.000039 0.000000 
0.000066 -0.000284 -0.015270 -0.000000 -0.888400 -33.100000 16.050000 -0.000000 0.000000 -0.000000 0.000000 -0.000000 0.000031 0.475200 -0.000513 
-0.000009 0.000040 0.002172 -0.000000 -0.000895 -0.941200 -0.300200 -0.000000 0.000000 -0.000000 0.000000 -0.000000 -0.000004 0.010210 0.000073 
-0.000000 -0.000000 0.000000 -0.000000 0.000000 1.000000 0.000000 0.000000 -0.000000 0.000000 -0.000000 0.000000 0.000000 0.000000 0.000000 
1.000000 0.000000 -0.000000 17.030000 -0.000000 0.000000 0.000000 0.000000 0.000000 -0.000000 0.000000 0.000000 -0.000000 -0.000000 -0.000000 
0.000000 -0.000000 0.000000 -0.000000 1.000000 -0.000000 -0.000000 -17.030000 -0.000000 0.000000 -0.000000 73.900000 0.000000 0.000000 0.000000 
-0.000000 1.000000 -0.000000 -73.900000 0.000000 0.000000 0.000000 0.000000 0.000000 -0.000000 0.000000 0.000000 -0.000000 -0.000000 -0.000000 
-0.000000 -0.000000 0.000000 0.000000 0.000000 -0.000000 1.000000 0.000000 -0.000000 0.000000 -0.000000 0.000000 0.000000 0.000000 0.000000 

0.000450 0.127100 -13.410000 -9.810000 -0.000000 -0.000000 0.000000 0.000000 0.000000 -0.000000 0.000000 0.000000 0.027180 0.000000 0.006137 
-0.089520 -0.655900 106.900000 -0.000000 0.000000 0.000000 0.000000 -0.000000 0.000000 -0.000000 0.000000 0.000000 -0.354900 0.000000 -0.139600 
0.002026 -0.017780 -1.123000 0.000000 -0.000647 -0.025770 0.011410 0.000000 -0.000000 0.000000 -0.000000 0.000000 0.003503 0.000591 -0.059170 
-0.000000 -0.000000 1.000000 0.000000 0.000000 -0.000000 -0.000000 -0.000000 -0.000000 0.000000 -0.000000 0.000000 0.000000 0.000000 0.000000 
0.000000 0.000000 -0.000000 -0.000000 -0.109800 13.170000 -109.500000 9.810000 -0.000000 0.000000 -0.000000 -0.000000 -0.000000 0.002805 -0.000000 
0.000048 -0.000417 -0.026380 -0.000000 -1.129000 -50.970000 17.970000 -0.000000 0.000000 -0.000000 0.000000 -0.000000 0.000082 1.150000 -0.001389 
-0.000006 0.000051 0.003252 -0.000000 0.004193 -1.000000 -0.451900 -0.000000 0.000000 -0.000000 0.000000 -0.000000 -0.000010 0.019250 0.000171 
-0.000000 -0.000000 0.000000 0.000000 0.000000 1.000000 0.000000 0.000000 -0.000000 0.000000 -0.000000 0.000000 0.000000 0.000000 0.000000 
1.000000 0.000000 -0.000000 13.050000 -0.000000 0.000000 0.000000 0.000000 0.000000 -0.000000 0.000000 0.000000 -0.000000 -0.000000 -0.000000 
0.000000 -0.000000 0.000000 -0.000000 1.000000 -0.000000 -0.000000 -13.050000 -0.000000 0.000000 -0.000000 114.500000 0.000000 0.000000 0.000000 
-0.000000 1.000000 -0.000000 -114.500000 0.000000 0.000000 0.000000 0.000000 0.000000 -0.000000 0.000000 0.000000 -0.000000 -0.000000 -0.000000 
-0.000000 -0.000000 0.000000 0.000000 0.000000 -0.000000 1.000000 0.000000 -0.000000 0.000000 -0.000000 0.000000 0.000000 0.000000 0.000000 

0.000079 0.056610 -13.510000 -9.810000 0.000000 0.000000 0.000000 0.000000 0.000000 -0.000000 0.000000 0.000000 0.019500 -0.000000 0.003220 
-0.051020 -0.569600 223.800000 -0.000000 -0.000000 0.000000 -0.000000 -0.000000 0.000000 -0.000000 0.000000 0.000000 -0.647900 0.000000 -0.234700 
0.000972 -0.016730 -1.196000 0.000000 -0.001115 -0.052270 0.017600 0.000000 -0.000000 0.000000 -0.000000 0.000000 0.006091 0.002410 -0.129300 
-0.000000 -0.000000 1.000000 0.000000 0.000000 -0.000000 -0.000000 -0.000000 -0.000000 0.000000 -0.000000 0.000000 0.000000 0.000000 0.000000 
-0.000000 -0.000000 0.000000 -0.000000 -0.086340 13.230000 -226.100000 9.810000 -0.000000 0.000000 -0.000000 -0.000000 0.000000 0.007119 0.000000 
0.000041 -0.000714 -0.051020 -0.000000 -1.479000 -75.530000 21.490000 -0.000000 0.000000 -0.000000 0.000000 -0.000000 0.000260 3.461000 -0.005515 
-0.000003 0.000059 0.004245 -0.000000 0.005731 -0.938000 -0.451900 -0.000000 0.000000 -0.000000 0.000000 -0.000000 -0.000022 0.039170 0.000459 
-0.000000 -0.000000 0.000000 0.000000 0.000000 1.000000 0.000000 0.000000 -0.000000 0.000000 -0.000000 0.000000 0.000000 0.000000 0.000000 
1.000000 0.000000 -0.000000 13.360000 -0.000000 0.000000 0.000000 0.000000 0.000000 -0.000000 0.000000 0.000000 -0.000000 -0.000000 -0.000000 
0.000000 -0.000000 0.000000 -0.000000 1.000000 -0.000000 -0.000000 -13.360000 -0.000000 0.000000 -0.000000 229.800000 0.000000 0.000000 0.000000 
-0.000000 1.000000 -0.000000 -229.800000 0.000000 0.000000 0.000000 0.000000 0.000000 -0.000000 0.000000 0.000000 -0.000000 -0.000000 -0.000000 
-0.000000 -0.000000 0.000000 0.000000 0.000000 -0.000000 1.000000 0.000000 -0.000000 0.000000 -0.000000 0.000000 0.000000 0.000000 0.000000 

0.000059 0.055990 -12.540000 -9.810000 0.000000 0.000000 0.000000 0.000000 0.000000 -0.000000 0.000000 0.000000 0.018730 -0.000000 0.002988 
-0.051620 -0.601200 223.500000 -0.000000 -0.000000 0.000000 -0.000000 -0.000000 0.000000 -0.000000 0.000000 0.000000 -0.684400 0.000000 -0.247700 
0.000895 -0.016590 -1.195000 0.000000 -0.001105 -0.052330 0.017320 0.000000 -0.000000 0.000000 -0.000000 0.000000 0.006122 0.002412 -0.129200 
-0.000000 -0.000000 1.000000 0.000000 0.000000 -0.000000 -0.000000 -0.000000 -0.000000 0.000000 -0.000000 0.000000 0.000000 0.000000 0.000000 
-0.000000 -0.000000 0.000000 -0.000000 -0.091240 12.240000 -225.900000 9.810000 -0.000000 0.000000 -0.000000 -0.000000 -0.000000 0.007673 0.000000 
0.000038 -0.000708 -0.050990 -0.000000 -1.465000 -75.550000 21.090000 -0.000000 0.000000 -0.000000 0.000000 -0.000000 0.000261 3.464000 -0.005513 
-0.000003 0.000059 0.004243 -0.000000 0.005967 -0.927100 -0.455100 -0.000000 0.000000 -0.000000 0.000000 -0.000000 -0.000022 0.039040 0.000459 
-0.000000 -0.000000 0.000000 0.000000 0.000000 1.000000 0.000000 0.000000 -0.000000 0.000000 -0.000000 0.000000 0.000000 0.000000 0.000000 
1.000000 0.000000 -0.000000 12.400000 -0.000000 0.000000 0.000000 0.000000 0.000000 -0.000000 0.000000 0.000000 -0.000000 -0.000000 -0.000000 
0.000000 -0.000000 0.000000 -0.000000 1.000000 -0.000000 -0.000000 -12.400000 -0.000000 0.000000 -0.000000 229.800000 0.000000 0.000000 0.000000 
-0.000000 1.000000 -0.000000 -229.800000 0.000000 0.000000 0.000000 0.000000 0.000000 -0.000000 0.000000 0.000000 -0.000000 -0.000000 -0.000000 
-0.000000 -0.000000 0.000000 0.000000 0.000000 -0.000000 1.000000 0.000000 -0.000000 0.000000 -0.000000 0.000000 0.000000 0.000000 0.000000 

0.000442 0.126400 -12.590000 -9.810000 -0.000000 -0.000000 -0.000000 0.000000 0.000000 -0.000000 0.000000 0.000000 0.026760 0.000000 0.005980 
-0.090080 -0.691600 106.500000 -0.000000 0.000000 0.000000 0.000000 -0.000000 0.000000 -0.000000 0.000000 0.000000 -0.374900 0.000000 -0.147200 
0.001875 -0.017580 -1.123000 0.000000 -0.000640 -0.025850 0.011180 0.000000 -0.000000 0.000000 -0.000000 0.000000 0.003528 0.000593 -0.059170 
-0.000000 -0.000000 1.000000 0.000000 0.000000 -0.000000 -0.000000 0.000000 -0.000000 0.000000 -0.000000 0.000000 0.000000 0.000000 0.000000 
0.000000 0.000000 -0.000000 -0.000000 -0.116100 12.310000 -109.400000 9.810000 -0.000000 0.000000 -0.000000 -0.000000 -0.000000 0.003139 -0.000000 
0.000044 -0.000413 -0.026360 -0.000000 -1.115000 -51.010000 17.550000 -0.000000 0.000000 -0.000000 0.000000 -0.000000 0.000083 1.152000 -0.001389 
-0.000005 0.000051 0.003249 -0.000000 0.004581 -0.982700 -0.457100 -0.000000 0.000000 -0.000000 0.000000 -0.000000 -0.000010 0.019140 0.000171 
-0.000000 -0.000000 0.000000 -0.000000 0.000000 1.000000 0.000000 0.000000 -0.000000 0.000000 -0.000000 0.000000 0.000000 0.000000 0.000000 
1.000000 0.000000 -0.000000 12.220000 -0.000000 0.000000 0.000000 0.000000 0.000000 -0.000000 0.000000 0.000000 -0.000000 -0.000000 -0.000000 
0.000000 -0.000000 0.000000 -0.000000 1.000000 -0.000000 -0.000000 -12.220000 -0.000000 0.000000 -0.000000 114.600000 0.000000 0.000000 0.000000 
-0.000000 1.000000 -0.000000 -114.600000 0.000000 0.000000 0.000000 0.000000 0.000000 -0.000000 0.000000 0.000000 -0.000000 -0.000000 -0.000000 
-0.000000 -0.000000 0.000000 -0.000000 0.000000 -0.000000 1.000000 -0.000000 -0.000000 0.000000 -0.000000 0.000000 0.000000 0.000000 0.000000 

0.000513 0.207100 -16.670000 -9.810000 -0.000000 0.000000 0.000000 0.000000 0.000000 -0.000000 0.000000 0.000000 0.031010 -0.000000 0.008180 
-0.124500 -0.564500 67.200000 -0.000000 -0.000000 0.000000 0.000000 -0.000000 0.000000 -0.000000 0.000000 0.000000 -0.191000 -0.000000 -0.079860 
0.003323 -0.015380 -0.839300 0.000000 -0.000425 -0.013910 0.008365 0.000000 -0.000000 0.000000 -0.000000 0.000000 0.001711 0.000208 -0.028260 
-0.000000 -0.000000 1.000000 0.000000 0.000000 -0.000000 -0.000000 0.000000 -0.000000 0.000000 -0.000000 0.000000 0.000000 0.000000 0.000000 
0.000000 0.000000 0.000000 -0.000000 -0.098200 16.600000 -69.320000 9.810000 -0.000000 0.000000 -0.000000 -0.000000 0.000000 0.000150 0.000000 
0.000060 -0.000280 -0.015270 -0.000000 -0.872600 -33.200000 15.560000 -0.000000 0.000000 -0.000000 0.000000 -0.000000 0.000031 0.478700 -0.000514 
-0.000009 0.000040 0.002172 -0.000000 -0.000339 -0.917300 -0.308100 -0.000000 0.000000 -0.000000 0.000000 -0.000000 -0.000004 0.010140 0.000073 
-0.000000 -0.000000 0.000000 -0.000000 0.000000 1.000000 0.000000 0.000000 -0.000000 0.000000 -0.000000 0.000000 0.000000 0.000000 0.000000 
1.000000 0.000000 -0.000000 16.020000 -0.000000 0.000000 0.000000 0.000000 0.000000 -0.000000 0.000000 0.000000 -0.000000 -0.000000 -0.000000 
0.000000 -0.000000 0.000000 -0.000000 1.000000 -0.000000 -0.000000 -16.020000 -0.000000 0.000000 -0.000000 74.130000 0.000000 0.000000 0.000000 
-0.000000 1.000000 -0.000000 -74.130000 0.000000 0.000000 0.000000 0.000000 0.000000 -0.000000 0.000000 0.000000 -0.000000 -0.000000 -0.000000 
-0.000000 -0.000000 0.000000 -0.000000 0.000000 -0.000000 1.000000 -0.000000 -0.000000 0.000000 -0.000000 0.000000 0.000000 0.000000 0.000000 



u w q the v p r phi x y z psi slat flap aileron elevator
0.001130 0.198800 -16.850000 -9.810000 0.000000 0.000000 0.000000 0.000000 0.000000 -0.000000 0.000000 0.000000 0.029370 -0.000000 0.005120 
-0.131000 -0.536600 68.010000 -0.000000 -0.000000 0.000000 0.000000 -0.000000 0.000000 -0.000000 0.000000 0.000000 -0.181100 -0.000000 -0.075750 
0.001214 -0.005591 -0.755000 0.000000 -0.000415 -0.013550 0.007844 0.000000 -0.000000 0.000000 -0.000000 0.000000 0.005010 0.000202 -0.025880 
-0.000000 -0.000000 1.000000 0.000000 0.000000 -0.000000 -0.000000 0.000000 -0.000000 0.000000 -0.000000 0.000000 0.000000 0.000000 0.000000 
0.000000 0.000000 0.000000 -0.000000 -0.093510 16.650000 -69.620000 9.810000 -0.000000 0.000000 -0.000000 -0.000000 0.000000 0.000103 0.000000 
0.000022 -0.000102 -0.013780 -0.000000 -0.890100 -33.180000 15.280000 -0.000000 0.000000 -0.000000 0.000000 -0.000000 0.000091 0.478100 -0.000472 
-0.000003 0.000014 0.001883 -0.000000 -0.002387 -0.882900 -0.253400 -0.000000 0.000000 -0.000000 0.000000 -0.000000 -0.000013 0.009792 0.000065 
-0.000000 -0.000000 0.000000 -0.000000 0.000000 1.000000 0.000000 0.000000 -0.000000 0.000000 -0.000000 0.000000 0.000000 0.000000 0.000000 
1.000000 0.000000 -0.000000 16.090000 -0.000000 0.000000 0.000000 0.000000 0.000000 -0.000000 0.000000 0.000000 -0.000000 -0.000000 -0.000000 
0.000000 -0.000000 0.000000 -0.000000 1.000000 -0.000000 -0.000000 -16.090000 -0.000000 0.000000 -0.000000 74.110000 0.000000 0.000000 0.000000 
-0.000000 1.000000 -0.000000 -74.110000 0.000000 0.000000 0.000000 0.000000 0.000000 -0.000000 0.000000 0.000000 -0.000000 -0.000000 -0.000000 
-0.000000 -0.000000 0.000000 -0.000000 0.000000 -0.000000 1.000000 -0.000000 -0.000000 0.000000 -0.000000 0.000000 0.000000 0.000000 0.000000 

0.000553 0.121200 -12.710000 -9.810000 -0.000000 -0.000000 -0.000000 0.000000 0.000000 -0.000000 0.000000 0.000000 0.025330 0.000000 0.002718 
-0.093900 -0.656700 107.500000 -0.000000 0.000000 0.000000 -0.000000 -0.000000 0.000000 -0.000000 0.000000 0.000000 -0.355400 0.000000 -0.139600 
0.000410 -0.003824 -1.009000 0.000000 -0.000618 -0.025010 0.010300 0.000000 -0.000000 0.000000 -0.000000 0.000000 0.010760 0.000573 -0.054040 
-0.000000 -0.000000 1.000000 0.000000 0.000000 -0.000000 -0.000000 0.000000 -0.000000 0.000000 -0.000000 0.000000 0.000000 0.000000 0.000000 
0.000000 0.000000 -0.000000 -0.000000 -0.110400 12.360000 -109.700000 9.810000 -0.000000 0.000000 -0.000000 -0.000000 -0.000000 0.002936 -0.000000 
0.000010 -0.000090 -0.023760 -0.000000 -1.130000 -50.990000 17.000000 -0.000000 0.000000 -0.000000 0.000000 -0.000000 0.000253 1.151000 -0.001273 
-0.000001 0.000011 0.002803 -0.000000 0.001819 -0.947500 -0.387500 -0.000000 0.000000 -0.000000 0.000000 -0.000000 -0.000030 0.018460 0.000150 
-0.000000 -0.000000 0.000000 0.000000 0.000000 1.000000 0.000000 0.000000 -0.000000 0.000000 -0.000000 0.000000 0.000000 0.000000 0.000000 
1.000000 0.000000 -0.000000 12.280000 -0.000000 0.000000 0.000000 0.000000 0.000000 -0.000000 0.000000 0.000000 -0.000000 -0.000000 -0.000000 
0.000000 -0.000000 0.000000 -0.000000 1.000000 -0.000000 -0.000000 -12.280000 -0.000000 0.000000 -0.000000 114.600000 0.000000 0.000000 0.000000 
-0.000000 1.000000 -0.000000 -114.600000 0.000000 0.000000 0.000000 0.000000 0.000000 -0.000000 0.000000 0.000000 -0.000000 -0.000000 -0.000000 
-0.000000 -0.000000 0.000000 0.000000 0.000000 -0.000000 1.000000 0.000000 -0.000000 0.000000 -0.000000 0.000000 0.000000 0.000000 0.000000 

0.000057 0.053660 -12.650000 -9.810000 0.000000 -0.000000 0.000000 0.000000 0.000000 -0.000000 0.000000 0.000000 0.017720 -0.000000 -0.000559 
-0.053210 -0.569800 224.300000 -0.000000 -0.000000 0.000000 -0.000000 -0.000000 0.000000 -0.000000 0.000000 0.000000 -0.648100 0.000000 -0.234600 
0.000067 -0.001236 -1.065000 0.000000 -0.001054 -0.050030 0.015640 0.000000 -0.000000 0.000000 -0.000000 0.000000 0.022780 0.002306 -0.116900 
-0.000000 -0.000000 1.000000 0.000000 0.000000 -0.000000 -0.000000 0.000000 -0.000000 0.000000 -0.000000 0.000000 0.000000 0.000000 0.000000 
-0.000000 -0.000000 0.000000 -0.000000 -0.086580 12.330000 -226.200000 9.810000 -0.000000 0.000000 -0.000000 -0.000000 -0.000000 0.007227 0.000000 
0.000003 -0.000053 -0.045540 -0.000000 -1.479000 -75.530000 20.200000 -0.000000 0.000000 -0.000000 0.000000 -0.000000 0.000974 3.462000 -0.005000 
-0.000000 0.000004 0.003594 -0.000000 0.003267 -0.888500 -0.386400 -0.000000 0.000000 -0.000000 0.000000 -0.000000 -0.000077 0.037350 0.000394 
-0.000000 -0.000000 0.000000 0.000000 0.000000 1.000000 0.000000 0.000000 -0.000000 0.000000 -0.000000 0.000000 0.000000 0.000000 0.000000 
1.000000 0.000000 -0.000000 12.470000 -0.000000 0.000000 0.000000 0.000000 0.000000 -0.000000 0.000000 0.000000 -0.000000 -0.000000 -0.000000 
0.000000 -0.000000 0.000000 -0.000000 1.000000 -0.000000 -0.000000 -12.470000 -0.000000 0.000000 -0.000000 229.800000 0.000000 0.000000 0.000000 
-0.000000 1.000000 -0.000000 -229.800000 0.000000 0.000000 0.000000 0.000000 0.000000 -0.000000 0.000000 0.000000 -0.000000 -0.000000 -0.000000 
-0.000000 -0.000000 0.000000 0.000000 0.000000 -0.000000 1.000000 -0.000000 -0.000000 0.000000 -0.000000 0.000000 0.000000 0.000000 0.000000 

0.000033 0.053030 -11.730000 -9.810000 -0.000000 0.000000 0.000000 0.000000 0.000000 -0.000000 0.000000 0.000000 0.016950 -0.000000 -0.000792 
-0.053810 -0.601400 224.000000 -0.000000 -0.000000 0.000000 0.000000 -0.000000 0.000000 -0.000000 0.000000 0.000000 -0.684600 0.000000 -0.247600 
0.000056 -0.001105 -1.064000 0.000000 -0.001045 -0.050080 0.015380 0.000000 -0.000000 0.000000 -0.000000 0.000000 0.022810 0.002308 -0.116900 
-0.000000 -0.000000 1.000000 0.000000 0.000000 -0.000000 -0.000000 -0.000000 -0.000000 0.000000 -0.000000 0.000000 0.000000 0.000000 0.000000 
-0.000000 -0.000000 0.000000 -0.000000 -0.091470 11.390000 -226.100000 9.810000 -0.000000 0.000000 -0.000000 -0.000000 -0.000000 0.007780 0.000000 
0.000002 -0.000047 -0.045520 -0.000000 -1.465000 -75.550000 19.820000 -0.000000 0.000000 -0.000000 0.000000 -0.000000 0.000976 3.465000 -0.004998 
-0.000000 0.000004 0.003592 -0.000000 0.003480 -0.878900 -0.389400 -0.000000 0.000000 -0.000000 0.000000 -0.000000 -0.000077 0.037230 0.000394 
-0.000000 -0.000000 0.000000 0.000000 0.000000 1.000000 0.000000 0.000000 -0.000000 0.000000 -0.000000 0.000000 0.000000 0.000000 0.000000 
1.000000 0.000000 -0.000000 11.550000 -0.000000 0.000000 0.000000 0.000000 0.000000 -0.000000 0.000000 0.000000 -0.000000 -0.000000 -0.000000 
0.000000 -0.000000 0.000000 -0.000000 1.000000 -0.000000 -0.000000 -11.550000 -0.000000 0.000000 -0.000000 229.900000 0.000000 0.000000 0.000000 
-0.000000 1.000000 -0.000000 -229.900000 0.000000 0.000000 0.000000 0.000000 0.000000 -0.000000 0.000000 0.000000 -0.000000 -0.000000 -0.000000 
-0.000000 -0.000000 0.000000 0.000000 0.000000 -0.000000 1.000000 0.000000 -0.000000 0.000000 -0.000000 0.000000 0.000000 0.000000 0.000000 

0.000529 0.120400 -11.920000 -9.810000 -0.000000 -0.000000 -0.000000 0.000000 0.000000 -0.000000 0.000000 0.000000 0.024910 0.000000 0.002558 
-0.094450 -0.692400 107.200000 -0.000000 0.000000 0.000000 0.000000 -0.000000 0.000000 -0.000000 0.000000 0.000000 -0.375400 0.000000 -0.147200 
0.000363 -0.003621 -1.008000 0.000000 -0.000611 -0.025080 0.010090 0.000000 -0.000000 0.000000 -0.000000 0.000000 0.010790 0.000575 -0.054050 
-0.000000 -0.000000 1.000000 0.000000 0.000000 -0.000000 -0.000000 0.000000 -0.000000 0.000000 -0.000000 0.000000 0.000000 0.000000 0.000000 
0.000000 0.000000 -0.000000 -0.000000 -0.116700 11.550000 -109.500000 9.810000 -0.000000 0.000000 -0.000000 -0.000000 -0.000000 0.003270 -0.000000 
0.000009 -0.000085 -0.023750 -0.000000 -1.115000 -51.040000 16.590000 -0.000000 0.000000 -0.000000 0.000000 -0.000000 0.000254 1.154000 -0.001273 
-0.000001 0.000010 0.002801 -0.000000 0.002171 -0.931800 -0.392500 -0.000000 0.000000 -0.000000 0.000000 -0.000000 -0.000030 0.018360 0.000150 
-0.000000 -0.000000 0.000000 -0.000000 0.000000 1.000000 0.000000 0.000000 -0.000000 0.000000 -0.000000 0.000000 0.000000 0.000000 0.000000 
1.000000 0.000000 -0.000000 11.490000 -0.000000 0.000000 0.000000 0.000000 0.000000 -0.000000 0.000000 0.000000 -0.000000 -0.000000 -0.000000 
0.000000 -0.000000 0.000000 -0.000000 1.000000 -0.000000 -0.000000 -11.490000 -0.000000 0.000000 -0.000000 114.600000 0.000000 0.000000 0.000000 
-0.000000 1.000000 -0.000000 -114.600000 0.000000 0.000000 0.000000 0.000000 0.000000 -0.000000 0.000000 0.000000 -0.000000 -0.000000 -0.000000 
-0.000000 -0.000000 0.000000 0.000000 0.000000 -0.000000 1.000000 0.000000 -0.000000 0.000000 -0.000000 0.000000 0.000000 0.000000 0.000000 

0.001123 0.197900 -15.880000 -9.810000 0.000000 0.000000 0.000000 0.000000 0.000000 -0.000000 0.000000 0.000000 0.029200 -0.000000 0.005006 
-0.131200 -0.566300 67.870000 -0.000000 -0.000000 0.000000 0.000000 -0.000000 0.000000 -0.000000 0.000000 0.000000 -0.192000 -0.000000 -0.080070 
0.001083 -0.005318 -0.755200 0.000000 -0.000409 -0.013650 0.007637 0.000000 -0.000000 0.000000 -0.000000 0.000000 0.005053 0.000204 -0.025950 
-0.000000 -0.000000 1.000000 0.000000 0.000000 -0.000000 -0.000000 0.000000 -0.000000 0.000000 -0.000000 0.000000 0.000000 0.000000 0.000000 
0.000000 0.000000 0.000000 -0.000000 -0.099150 15.660000 -69.600000 9.810000 -0.000000 0.000000 -0.000000 -0.000000 0.000000 0.000292 0.000000 
0.000020 -0.000097 -0.013790 -0.000000 -0.874200 -33.280000 14.810000 -0.000000 0.000000 -0.000000 0.000000 -0.000000 0.000092 0.481300 -0.000474 
-0.000003 0.000013 0.001884 -0.000000 -0.001881 -0.861600 -0.260900 -0.000000 0.000000 -0.000000 0.000000 -0.000000 -0.000013 0.009725 0.000065 
-0.000000 -0.000000 0.000000 -0.000000 0.000000 1.000000 0.000000 0.000000 -0.000000 0.000000 -0.000000 0.000000 0.000000 0.000000 0.000000 
1.000000 0.000000 -0.000000 15.130000 -0.000000 0.000000 0.000000 0.000000 0.000000 -0.000000 0.000000 0.000000 -0.000000 -0.000000 -0.000000 
0.000000 -0.000000 0.000000 -0.000000 1.000000 -0.000000 -0.000000 -15.130000 -0.000000 0.000000 -0.000000 74.310000 0.000000 0.000000 0.000000 
-0.000000 1.000000 -0.000000 -74.310000 0.000000 0.000000 0.000000 0.000000 0.000000 -0.000000 0.000000 0.000000 -0.000000 -0.000000 -0.000000 
-0.000000 -0.000000 0.000000 -0.000000 0.000000 -0.000000 1.000000 -0.000000 -0.000000 0.000000 -0.000000 0.000000 0.000000 0.000000 0.000000 



u w q the v p r phi x y z psi slat flap aileron elevator
-0.004171 0.232800 -19.880000 -9.810000 0.000000 0.000000 0.000000 0.000000 0.000000 -0.000000 0.000000 0.000000 0.035910 -0.000000 0.016630 
-0.106500 -0.529100 65.500000 -0.000000 -0.000000 0.000000 0.000000 -0.000000 0.000000 -0.000000 0.000000 0.000000 -0.177100 -0.000000 -0.074720 
0.010030 -0.037530 -0.972500 0.000000 -0.000247 -0.006721 0.005830 0.000000 -0.000000 0.000000 -0.000000 0.000000 -0.006752 0.000104 -0.028670 
-0.000000 -0.000000 1.000000 -0.000000 0.000000 -0.000000 -0.000000 -0.000000 -0.000000 0.000000 -0.000000 -0.000000 0.000000 0.000000 0.000000 
0.000000 0.000000 0.000000 -0.000000 -0.090220 20.340000 -68.460000 9.810000 -0.000000 0.000000 -0.000000 -0.000000 0.000000 -0.000420 0.000000 
0.000108 -0.000403 -0.010430 -0.000000 -0.898300 -33.230000 18.440000 -0.000000 0.000000 -0.000000 0.000000 -0.000000 -0.000072 0.472500 -0.000307 
-0.000026 0.000097 0.002513 -0.000000 0.002823 -0.902600 -0.370000 -0.000000 0.000000 -0.000000 0.000000 -0.000000 0.000017 0.009228 0.000074 
-0.000000 -0.000000 0.000000 0.000000 0.000000 1.000000 0.000000 -0.000000 -0.000000 0.000000 -0.000000 -0.000000 0.000000 0.000000 0.000000 
1.000000 0.000000 -0.000000 19.570000 -0.000000 0.000000 0.000000 0.000000 0.000000 -0.000000 0.000000 0.000000 -0.000000 -0.000000 -0.000000 
0.000000 -0.000000 0.000000 -0.000000 1.000000 -0.000000 -0.000000 -19.570000 -0.000000 0.000000 -0.000000 73.270000 0.000000 0.000000 0.000000 
-0.000000 1.000000 -0.000000 -73.270000 0.000000 0.000000 0.000000 0.000000 0.000000 -0.000000 0.000000 0.000000 -0.000000 -0.000000 -0.000000 
-0.000000 -0.000000 0.000000 0.000000 0.000000 -0.000000 1.000000 -0.000000 -0.000000 0.000000 -0.000000 -0.000000 0.000000 0.000000 0.000000 

-0.000897 0.143200 -15.270000 -9.810000 -0.000000 -0.000000 -0.000000 0.000000 0.000000 -0.000000 0.000000 0.000000 0.032140 0.000000 0.015280 
-0.077800 -0.653700 105.100000 -0.000000 0.000000 -0.000000 -0.000000 -0.000000 0.000000 -0.000000 0.000000 0.000000 -0.353500 0.000000 -0.139500 
0.006411 -0.048420 -1.279000 0.000000 -0.000373 -0.013210 0.007829 0.000000 -0.000000 0.000000 -0.000000 0.000000 -0.015050 0.000307 -0.059560 
-0.000000 -0.000000 1.000000 0.000000 0.000000 -0.000000 -0.000000 0.000000 -0.000000 0.000000 -0.000000 0.000000 0.000000 0.000000 0.000000 
0.000000 0.000000 -0.000000 -0.000000 -0.108500 15.340000 -109.000000 9.810000 -0.000000 0.000000 -0.000000 -0.000000 -0.000000 0.002450 -0.000000 
0.000090 -0.000679 -0.017940 -0.000000 -1.150000 -51.760000 21.090000 -0.000000 0.000000 -0.000000 0.000000 -0.000000 -0.000211 1.164000 -0.000835 
-0.000018 0.000138 0.003647 -0.000000 0.008721 -0.916700 -0.521300 -0.000000 0.000000 -0.000000 0.000000 -0.000000 0.000043 0.017050 0.000170 
-0.000000 -0.000000 0.000000 -0.000000 0.000000 1.000000 0.000000 0.000000 -0.000000 0.000000 -0.000000 0.000000 0.000000 0.000000 0.000000 
1.000000 0.000000 -0.000000 15.120000 -0.000000 0.000000 0.000000 0.000000 0.000000 -0.000000 0.000000 0.000000 -0.000000 -0.000000 -0.000000 
0.000000 -0.000000 0.000000 -0.000000 1.000000 -0.000000 -0.000000 -15.120000 -0.000000 0.000000 -0.000000 114.200000 0.000000 0.000000 0.000000 
-0.000000 1.000000 -0.000000 -114.200000 0.000000 0.000000 0.000000 0.000000 0.000000 -0.000000 0.000000 0.000000 -0.000000 -0.000000 -0.000000 
-0.000000 -0.000000 0.000000 -0.000000 0.000000 -0.000000 1.000000 -0.000000 -0.000000 0.000000 -0.000000 0.000000 0.000000 0.000000 0.000000 

-0.000213 0.064600 -15.800000 -9.810000 0.000000 0.000000 0.000000 0.000000 0.000000 -0.000000 0.000000 0.000000 0.024280 -0.000000 0.013370 
-0.045120 -0.568800 222.300000 -0.000000 -0.000000 0.000000 0.000000 -0.000000 0.000000 -0.000000 0.000000 0.000000 -0.647200 0.000000 -0.235000 
0.003402 -0.049590 -1.312000 0.000000 -0.000623 -0.027190 0.011710 0.000000 -0.000000 0.000000 -0.000000 0.000000 -0.035630 0.001258 -0.125200 
-0.000000 -0.000000 1.000000 0.000000 0.000000 -0.000000 -0.000000 0.000000 -0.000000 0.000000 -0.000000 0.000000 0.000000 0.000000 0.000000 
-0.000000 -0.000000 0.000000 -0.000000 -0.085740 15.670000 -225.700000 9.810000 -0.000000 0.000000 -0.000000 -0.000000 -0.000000 0.006830 0.000000 
0.000089 -0.001304 -0.034490 -0.000000 -1.534000 -78.070000 25.970000 -0.000000 0.000000 -0.000000 0.000000 -0.000000 -0.000937 3.575000 -0.003292 
-0.000012 0.000168 0.004455 -0.000000 0.009533 -0.825300 -0.494400 -0.000000 0.000000 -0.000000 0.000000 -0.000000 0.000121 0.033890 0.000425 
-0.000000 -0.000000 0.000000 0.000000 0.000000 1.000000 0.000000 0.000000 -0.000000 0.000000 -0.000000 0.000000 0.000000 0.000000 0.000000 
1.000000 0.000000 -0.000000 15.750000 -0.000000 0.000000 0.000000 0.000000 0.000000 -0.000000 0.000000 0.000000 -0.000000 -0.000000 -0.000000 
0.000000 -0.000000 0.000000 -0.000000 1.000000 -0.000000 -0.000000 -15.750000 -0.000000 0.000000 -0.000000 229.600000 0.000000 0.000000 0.000000 
-0.000000 1.000000 -0.000000 -229.600000 0.000000 0.000000 0.000000 0.000000 0.000000 -0.000000 0.000000 0.000000 -0.000000 -0.000000 -0.000000 
-0.000000 -0.000000 0.000000 0.000000 0.000000 -0.000000 1.000000 0.000000 -0.000000 0.000000 -0.000000 0.000000 0.000000 0.000000 0.000000 

-0.000204 0.063970 -14.710000 -9.810000 0.000000 0.000000 0.000000 0.000000 0.000000 -0.000000 0.000000 0.000000 0.023520 -0.000000 0.013150 
-0.045730 -0.600400 221.900000 -0.000000 -0.000000 0.000000 -0.000000 -0.000000 0.000000 -0.000000 0.000000 0.000000 -0.683700 0.000000 -0.248000 
0.003159 -0.049480 -1.310000 0.000000 -0.000619 -0.027240 0.011540 0.000000 -0.000000 0.000000 -0.000000 0.000000 -0.035620 0.001260 -0.125100 
-0.000000 -0.000000 1.000000 0.000000 0.000000 -0.000000 -0.000000 0.000000 -0.000000 0.000000 -0.000000 0.000000 0.000000 0.000000 0.000000 
-0.000000 -0.000000 0.000000 -0.000000 -0.090640 14.560000 -225.600000 9.810000 -0.000000 0.000000 -0.000000 -0.000000 -0.000000 0.007384 0.000000 
0.000083 -0.001301 -0.034460 -0.000000 -1.519000 -78.110000 25.510000 -0.000000 0.000000 -0.000000 0.000000 -0.000000 -0.000937 3.579000 -0.003290 
-0.000011 0.000168 0.004451 -0.000000 0.009764 -0.814000 -0.497100 -0.000000 0.000000 -0.000000 0.000000 -0.000000 0.000121 0.033760 0.000425 
-0.000000 -0.000000 0.000000 0.000000 0.000000 1.000000 0.000000 0.000000 -0.000000 0.000000 -0.000000 0.000000 0.000000 0.000000 0.000000 
1.000000 0.000000 -0.000000 14.660000 -0.000000 0.000000 0.000000 0.000000 0.000000 -0.000000 0.000000 0.000000 -0.000000 -0.000000 -0.000000 
0.000000 -0.000000 0.000000 -0.000000 1.000000 -0.000000 -0.000000 -14.660000 -0.000000 0.000000 -0.000000 229.700000 0.000000 0.000000 0.000000 
-0.000000 1.000000 -0.000000 -229.700000 0.000000 0.000000 0.000000 0.000000 0.000000 -0.000000 0.000000 0.000000 -0.000000 -0.000000 -0.000000 
-0.000000 -0.000000 0.000000 0.000000 0.000000 -0.000000 1.000000 0.000000 -0.000000 0.000000 -0.000000 0.000000 0.000000 0.000000 0.000000 

-0.000802 0.142400 -14.340000 -9.810000 -0.000000 -0.000000 0.000000 0.000000 0.000000 -0.000000 0.000000 0.000000 0.031740 -0.000000 0.015140 
-0.078380 -0.689500 104.700000 -0.000000 0.000000 -0.000000 -0.000000 -0.000000 0.000000 -0.000000 0.000000 0.000000 -0.373600 0.000000 -0.147200 
0.005990 -0.048280 -1.278000 0.000000 -0.000370 -0.013280 0.007698 0.000000 -0.000000 0.000000 -0.000000 0.000000 -0.015060 0.000308 -0.059560 
-0.000000 -0.000000 1.000000 0.000000 0.000000 -0.000000 -0.000000 0.000000 -0.000000 0.000000 -0.000000 0.000000 0.000000 0.000000 0.000000 
0.000000 0.000000 -0.000000 -0.000000 -0.114800 14.370000 -108.800000 9.810000 -0.000000 0.000000 -0.000000 -0.000000 -0.000000 0.002784 -0.000000 
0.000084 -0.000677 -0.017920 -0.000000 -1.136000 -51.820000 20.620000 -0.000000 0.000000 -0.000000 0.000000 -0.000000 -0.000211 1.168000 -0.000835 
-0.000017 0.000138 0.003643 -0.000000 0.009109 -0.897900 -0.525800 -0.000000 0.000000 -0.000000 0.000000 -0.000000 0.000043 0.016940 0.000170 
-0.000000 -0.000000 0.000000 0.000000 0.000000 1.000000 0.000000 0.000000 -0.000000 0.000000 -0.000000 0.000000 0.000000 0.000000 0.000000 
1.000000 0.000000 -0.000000 14.190000 -0.000000 0.000000 0.000000 0.000000 0.000000 -0.000000 0.000000 0.000000 -0.000000 -0.000000 -0.000000 
0.000000 -0.000000 0.000000 -0.000000 1.000000 -0.000000 -0.000000 -14.190000 -0.000000 0.000000 -0.000000 114.300000 0.000000 0.000000 0.000000 
-0.000000 1.000000 -0.000000 -114.300000 0.000000 0.000000 0.000000 0.000000 0.000000 -0.000000 0.000000 0.000000 -0.000000 -0.000000 -0.000000 
-0.000000 -0.000000 0.000000 0.000000 0.000000 -0.000000 1.000000 0.000000 -0.000000 0.000000 -0.000000 0.000000 0.000000 0.000000 0.000000 

-0.003788 0.231900 -18.730000 -9.810000 0.000000 0.000000 0.000000 0.000000 0.000000 -0.000000 0.000000 0.000000 0.035810 -0.000000 0.016570 
-0.106800 -0.559100 65.350000 -0.000000 -0.000000 0.000000 0.000000 -0.000000 0.000000 -0.000000 0.000000 0.000000 -0.188200 -0.000000 -0.079160 
0.009366 -0.037410 -0.972400 0.000000 -0.000244 -0.006823 0.005702 0.000000 -0.000000 0.000000 -0.000000 0.000000 -0.006787 0.000106 -0.028790 
-0.000000 -0.000000 1.000000 0.000000 0.000000 -0.000000 -0.000000 0.000000 -0.000000 0.000000 -0.000000 0.000000 0.000000 0.000000 0.000000 
0.000000 0.000000 0.000000 -0.000000 -0.095900 19.150000 -68.510000 9.810000 -0.000000 0.000000 -0.000000 -0.000000 0.000000 -0.000233 0.000000 
0.000101 -0.000401 -0.010430 -0.000000 -0.882500 -33.370000 17.900000 -0.000000 0.000000 -0.000000 0.000000 -0.000000 -0.000073 0.477000 -0.000309 
-0.000024 0.000097 0.002513 -0.000000 0.003378 -0.876800 -0.376500 -0.000000 0.000000 -0.000000 0.000000 -0.000000 0.000018 0.009159 0.000074 
-0.000000 -0.000000 0.000000 0.000000 0.000000 1.000000 0.000000 0.000000 -0.000000 0.000000 -0.000000 0.000000 0.000000 0.000000 0.000000 
1.000000 0.000000 -0.000000 18.420000 -0.000000 0.000000 0.000000 0.000000 0.000000 -0.000000 0.000000 0.000000 -0.000000 -0.000000 -0.000000 
0.000000 -0.000000 0.000000 -0.000000 1.000000 -0.000000 -0.000000 -18.420000 -0.000000 0.000000 -0.000000 73.570000 0.000000 0.000000 0.000000 
-0.000000 1.000000 -0.000000 -73.570000 0.000000 0.000000 0.000000 0.000000 0.000000 -0.000000 0.000000 0.000000 -0.000000 -0.000000 -0.000000 
-0.000000 -0.000000 0.000000 0.000000 0.000000 -0.000000 1.000000 -0.000000 -0.000000 0.000000 -0.000000 0.000000 0.000000 0.000000 0.000000 



u w q the v p r phi x y z psi slat flap aileron elevator
-0.002446 0.225700 -19.270000 -9.810000 0.000000 0.000000 0.000000 0.000000 0.000000 -0.000000 0.000000 0.000000 0.034580 -0.000000 0.014300 
-0.111500 -0.530700 66.030000 -0.000000 -0.000000 0.000000 0.000000 -0.000000 0.000000 -0.000000 0.000000 0.000000 -0.178000 -0.000000 -0.074960 
0.008377 -0.032640 -0.948800 0.000000 -0.000259 -0.007037 0.005949 0.000000 -0.000000 0.000000 -0.000000 0.000000 -0.004691 0.000110 -0.029250 
-0.000000 -0.000000 1.000000 0.000000 0.000000 -0.000000 -0.000000 0.000000 -0.000000 0.000000 -0.000000 0.000000 0.000000 0.000000 0.000000 
0.000000 0.000000 0.000000 -0.000000 -0.090840 19.570000 -68.720000 9.810000 -0.000000 0.000000 -0.000000 -0.000000 0.000000 -0.000313 0.000000 
0.000089 -0.000347 -0.010080 -0.000000 -0.899200 -33.350000 17.820000 -0.000000 0.000000 -0.000000 0.000000 -0.000000 -0.000050 0.475600 -0.000311 
-0.000023 0.000090 0.002610 -0.000000 0.001844 -0.939700 -0.357400 -0.000000 0.000000 -0.000000 0.000000 -0.000000 0.000013 0.009781 0.000080 
-0.000000 -0.000000 0.000000 0.000000 0.000000 1.000000 0.000000 0.000000 -0.000000 0.000000 -0.000000 0.000000 0.000000 0.000000 0.000000 
1.000000 0.000000 -0.000000 18.850000 -0.000000 0.000000 0.000000 0.000000 0.000000 -0.000000 0.000000 0.000000 -0.000000 -0.000000 -0.000000 
0.000000 -0.000000 0.000000 -0.000000 1.000000 -0.000000 -0.000000 -18.850000 -0.000000 0.000000 -0.000000 73.460000 0.000000 0.000000 0.000000 
-0.000000 1.000000 -0.000000 -73.460000 0.000000 0.000000 0.000000 0.000000 0.000000 -0.000000 0.000000 0.000000 -0.000000 -0.000000 -0.000000 
-0.000000 -0.000000 0.000000 0.000000 0.000000 -0.000000 1.000000 -0.000000 -0.000000 0.000000 -0.000000 0.000000 0.000000 0.000000 0.000000 

-0.000359 0.138700 -14.760000 -9.810000 -0.000000 -0.000000 -0.000000 0.000000 0.000000 -0.000000 0.000000 0.000000 0.030740 0.000000 0.012710 
-0.081100 -0.654300 105.600000 -0.000000 -0.000000 0.000000 0.000000 -0.000000 0.000000 -0.000000 0.000000 0.000000 -0.353900 0.000000 -0.139500 
0.005298 -0.041660 -1.257000 0.000000 -0.000394 -0.013920 0.008052 0.000000 -0.000000 0.000000 -0.000000 0.000000 -0.010570 0.000324 -0.061110 
-0.000000 -0.000000 1.000000 0.000000 0.000000 -0.000000 -0.000000 0.000000 -0.000000 0.000000 -0.000000 0.000000 0.000000 0.000000 0.000000 
0.000000 0.000000 -0.000000 -0.000000 -0.108800 14.720000 -109.100000 9.810000 -0.000000 0.000000 -0.000000 -0.000000 -0.000000 0.002550 -0.000000 
0.000074 -0.000579 -0.017470 -0.000000 -1.150000 -51.840000 20.300000 -0.000000 0.000000 -0.000000 0.000000 -0.000000 -0.000147 1.167000 -0.000849 
-0.000016 0.000127 0.003839 -0.000000 0.007715 -0.970900 -0.514500 -0.000000 0.000000 -0.000000 0.000000 -0.000000 0.000032 0.018250 0.000187 
-0.000000 -0.000000 0.000000 -0.000000 0.000000 1.000000 0.000000 0.000000 -0.000000 0.000000 -0.000000 0.000000 0.000000 0.000000 0.000000 
1.000000 0.000000 -0.000000 14.540000 -0.000000 0.000000 0.000000 0.000000 0.000000 -0.000000 0.000000 0.000000 -0.000000 -0.000000 -0.000000 
0.000000 -0.000000 0.000000 -0.000000 1.000000 -0.000000 -0.000000 -14.540000 -0.000000 0.000000 -0.000000 114.300000 0.000000 0.000000 0.000000 
-0.000000 1.000000 -0.000000 -114.300000 0.000000 0.000000 0.000000 0.000000 0.000000 -0.000000 0.000000 0.000000 -0.000000 -0.000000 -0.000000 
-0.000000 -0.000000 0.000000 0.000000 0.000000 -0.000000 1.000000 -0.000000 -0.000000 0.000000 -0.000000 0.000000 0.000000 0.000000 0.000000 

-0.000078 0.062340 -15.150000 -9.810000 0.000000 -0.000000 0.000000 0.000000 0.000000 -0.000000 0.000000 0.000000 0.022930 -0.000000 0.010510 
-0.046780 -0.569000 222.700000 -0.000000 -0.000000 0.000000 -0.000000 -0.000000 0.000000 -0.000000 0.000000 0.000000 -0.647400 0.000000 -0.234900 
0.002811 -0.042830 -1.310000 0.000000 -0.000671 -0.029190 0.012230 0.000000 -0.000000 0.000000 -0.000000 0.000000 -0.026060 0.001352 -0.130700 
-0.000000 -0.000000 1.000000 0.000000 0.000000 -0.000000 -0.000000 0.000000 -0.000000 0.000000 -0.000000 0.000000 0.000000 0.000000 0.000000 
-0.000000 -0.000000 0.000000 -0.000000 -0.085900 14.980000 -225.800000 9.810000 -0.000000 0.000000 -0.000000 -0.000000 -0.000000 0.006912 0.000000 
0.000073 -0.001118 -0.034210 -0.000000 -1.533000 -78.150000 24.910000 -0.000000 0.000000 -0.000000 0.000000 -0.000000 -0.000680 3.579000 -0.003413 
-0.000010 0.000158 0.004837 -0.000000 0.008764 -0.893300 -0.497000 -0.000000 0.000000 -0.000000 0.000000 -0.000000 0.000096 0.036900 0.000483 
-0.000000 -0.000000 0.000000 0.000000 0.000000 1.000000 0.000000 0.000000 -0.000000 0.000000 -0.000000 0.000000 0.000000 0.000000 0.000000 
1.000000 0.000000 -0.000000 15.070000 -0.000000 0.000000 0.000000 0.000000 0.000000 -0.000000 0.000000 0.000000 -0.000000 -0.000000 -0.000000 
0.000000 -0.000000 0.000000 -0.000000 1.000000 -0.000000 -0.000000 -15.070000 -0.000000 0.000000 -0.000000 229.700000 0.000000 0.000000 0.000000 
-0.000000 1.000000 -0.000000 -229.700000 0.000000 0.000000 0.000000 0.000000 0.000000 -0.000000 0.000000 0.000000 -0.000000 -0.000000 -0.000000 
-0.000000 -0.000000 0.000000 0.000000 0.000000 -0.000000 1.000000 0.000000 -0.000000 0.000000 -0.000000 0.000000 0.000000 0.000000 0.000000 

-0.000080 0.061710 -14.100000 -9.810000 0.000000 0.000000 0.000000 0.000000 0.000000 -0.000000 0.000000 0.000000 0.022160 -0.000000 0.010280 
-0.047390 -0.600600 222.400000 -0.000000 -0.000000 -0.000000 0.000000 -0.000000 0.000000 -0.000000 0.000000 0.000000 -0.683900 0.000000 -0.248000 
0.002607 -0.042710 -1.309000 0.000000 -0.000666 -0.029240 0.012060 0.000000 -0.000000 0.000000 -0.000000 0.000000 -0.026050 0.001354 -0.130700 
-0.000000 -0.000000 1.000000 0.000000 0.000000 -0.000000 -0.000000 0.000000 -0.000000 0.000000 -0.000000 0.000000 0.000000 0.000000 0.000000 
-0.000000 -0.000000 0.000000 -0.000000 -0.090800 13.900000 -225.700000 9.810000 -0.000000 0.000000 -0.000000 -0.000000 -0.000000 0.007466 0.000000 
0.000068 -0.001115 -0.034180 -0.000000 -1.519000 -78.180000 24.460000 -0.000000 0.000000 -0.000000 0.000000 -0.000000 -0.000680 3.582000 -0.003411 
-0.000010 0.000158 0.004833 -0.000000 0.009006 -0.881700 -0.500000 -0.000000 0.000000 -0.000000 0.000000 -0.000000 0.000096 0.036770 0.000482 
-0.000000 -0.000000 0.000000 0.000000 0.000000 1.000000 0.000000 0.000000 -0.000000 0.000000 -0.000000 0.000000 0.000000 0.000000 0.000000 
1.000000 0.000000 -0.000000 14.020000 -0.000000 0.000000 0.000000 0.000000 0.000000 -0.000000 0.000000 0.000000 -0.000000 -0.000000 -0.000000 
0.000000 -0.000000 0.000000 -0.000000 1.000000 -0.000000 -0.000000 -14.020000 -0.000000 0.000000 -0.000000 229.700000 0.000000 0.000000 0.000000 
-0.000000 1.000000 -0.000000 -229.700000 0.000000 0.000000 0.000000 0.000000 0.000000 -0.000000 0.000000 0.000000 -0.000000 -0.000000 -0.000000 
-0.000000 -0.000000 0.000000 0.000000 0.000000 -0.000000 1.000000 -0.000000 -0.000000 0.000000 -0.000000 0.000000 0.000000 0.000000 0.000000 

-0.000301 0.137900 -13.850000 -9.810000 -0.000000 -0.000000 -0.000000 0.000000 0.000000 -0.000000 0.000000 0.000000 0.030340 -0.000000 0.012560 
-0.081680 -0.690100 105.200000 -0.000000 0.000000 0.000000 -0.000000 -0.000000 0.000000 -0.000000 0.000000 0.000000 -0.374000 -0.000000 -0.147200 
0.004944 -0.041500 -1.256000 0.000000 -0.000390 -0.013990 0.007916 0.000000 -0.000000 0.000000 -0.000000 0.000000 -0.010560 0.000325 -0.061120 
-0.000000 -0.000000 1.000000 0.000000 0.000000 -0.000000 -0.000000 0.000000 -0.000000 0.000000 -0.000000 0.000000 0.000000 0.000000 0.000000 
0.000000 0.000000 -0.000000 -0.000000 -0.115100 13.780000 -109.000000 9.810000 -0.000000 0.000000 -0.000000 -0.000000 -0.000000 0.002885 -0.000000 
0.000069 -0.000577 -0.017450 -0.000000 -1.136000 -51.900000 19.840000 -0.000000 0.000000 -0.000000 0.000000 -0.000000 -0.000147 1.170000 -0.000849 
-0.000015 0.000127 0.003835 -0.000000 0.008117 -0.951800 -0.519400 -0.000000 0.000000 -0.000000 0.000000 -0.000000 0.000032 0.018140 0.000187 
-0.000000 -0.000000 0.000000 -0.000000 0.000000 1.000000 0.000000 0.000000 -0.000000 0.000000 -0.000000 0.000000 0.000000 0.000000 0.000000 
1.000000 0.000000 -0.000000 13.630000 -0.000000 0.000000 0.000000 0.000000 0.000000 -0.000000 0.000000 0.000000 -0.000000 -0.000000 -0.000000 
0.000000 -0.000000 0.000000 -0.000000 1.000000 -0.000000 -0.000000 -13.630000 -0.000000 0.000000 -0.000000 114.400000 0.000000 0.000000 0.000000 
-0.000000 1.000000 -0.000000 -114.400000 0.000000 0.000000 0.000000 0.000000 0.000000 -0.000000 0.000000 0.000000 -0.000000 -0.000000 -0.000000 
-0.000000 -0.000000 0.000000 0.000000 0.000000 -0.000000 1.000000 0.000000 -0.000000 0.000000 -0.000000 0.000000 0.000000 0.000000 0.000000 

-0.002180 0.224800 -18.160000 -9.810000 0.000000 0.000000 0.000000 0.000000 0.000000 -0.000000 0.000000 0.000000 0.034460 -0.000000 0.014220 
-0.111800 -0.560700 65.880000 -0.000000 -0.000000 0.000000 0.000000 -0.000000 0.000000 -0.000000 0.000000 0.000000 -0.189100 -0.000000 -0.079380 
0.007812 -0.032480 -0.948700 0.000000 -0.000256 -0.007142 0.005819 0.000000 -0.000000 0.000000 -0.000000 0.000000 -0.004706 0.000111 -0.029360 
-0.000000 -0.000000 1.000000 0.000000 0.000000 -0.000000 -0.000000 -0.000000 -0.000000 0.000000 -0.000000 0.000000 0.000000 0.000000 0.000000 
0.000000 0.000000 0.000000 -0.000000 -0.096510 18.420000 -68.750000 9.810000 -0.000000 0.000000 -0.000000 -0.000000 0.000000 -0.000124 0.000000 
0.000083 -0.000345 -0.010080 -0.000000 -0.883400 -33.490000 17.300000 -0.000000 0.000000 -0.000000 0.000000 -0.000000 -0.000050 0.479900 -0.000312 
-0.000021 0.000089 0.002609 -0.000000 0.002419 -0.913700 -0.364600 -0.000000 0.000000 -0.000000 0.000000 -0.000000 0.000013 0.009709 0.000081 
-0.000000 -0.000000 0.000000 0.000000 0.000000 1.000000 0.000000 0.000000 -0.000000 0.000000 -0.000000 0.000000 0.000000 0.000000 0.000000 
1.000000 0.000000 -0.000000 17.740000 -0.000000 0.000000 0.000000 0.000000 0.000000 -0.000000 0.000000 0.000000 -0.000000 -0.000000 -0.000000 
0.000000 -0.000000 0.000000 -0.000000 1.000000 -0.000000 -0.000000 -17.740000 -0.000000 0.000000 -0.000000 73.730000 0.000000 0.000000 0.000000 
-0.000000 1.000000 -0.000000 -73.730000 0.000000 0.000000 0.000000 0.000000 0.000000 -0.000000 0.000000 0.000000 -0.000000 -0.000000 -0.000000 
-0.000000 -0.000000 0.000000 0.000000 0.000000 -0.000000 1.000000 0.000000 -0.000000 0.000000 -0.000000 0.000000 0.000000 0.000000 0.000000 



u w q the v p r phi x y z psi slat flap aileron elevator
-0.000888 0.217800 -18.570000 -9.810000 0.000000 -0.000000 0.000000 0.000000 0.000000 -0.000000 0.000000 0.000000 0.033060 -0.000000 0.011630 
-0.117200 -0.532600 66.620000 -0.000000 -0.000000 0.000000 0.000000 -0.000000 0.000000 -0.000000 0.000000 0.000000 -0.179000 -0.000000 -0.075220 
0.006309 -0.025760 -0.909800 0.000000 -0.000267 -0.007320 0.005948 0.000000 -0.000000 0.000000 -0.000000 0.000000 -0.001985 0.000114 -0.029310 
-0.000000 -0.000000 1.000000 0.000000 0.000000 -0.000000 -0.000000 0.000000 -0.000000 0.000000 -0.000000 0.000000 0.000000 0.000000 0.000000 
0.000000 0.000000 0.000000 -0.000000 -0.091570 18.710000 -69.000000 9.810000 -0.000000 0.000000 -0.000000 -0.000000 0.000000 -0.000190 0.000000 
0.000067 -0.000272 -0.009595 -0.000000 -0.900500 -33.490000 17.140000 -0.000000 0.000000 -0.000000 0.000000 -0.000000 -0.000021 0.478900 -0.000309 
-0.000018 0.000074 0.002630 -0.000000 0.000568 -0.963500 -0.335700 -0.000000 0.000000 -0.000000 0.000000 -0.000000 0.000006 0.010230 0.000085 
-0.000000 -0.000000 0.000000 0.000000 0.000000 1.000000 0.000000 0.000000 -0.000000 0.000000 -0.000000 0.000000 0.000000 0.000000 0.000000 
1.000000 0.000000 -0.000000 18.040000 -0.000000 0.000000 0.000000 0.000000 0.000000 -0.000000 0.000000 0.000000 -0.000000 -0.000000 -0.000000 
0.000000 -0.000000 0.000000 -0.000000 1.000000 -0.000000 -0.000000 -18.040000 -0.000000 0.000000 -0.000000 73.660000 0.000000 0.000000 0.000000 
-0.000000 1.000000 -0.000000 -73.660000 0.000000 0.000000 0.000000 0.000000 0.000000 -0.000000 0.000000 0.000000 -0.000000 -0.000000 -0.000000 
-0.000000 -0.000000 0.000000 0.000000 0.000000 -0.000000 1.000000 0.000000 -0.000000 0.000000 -0.000000 0.000000 0.000000 0.000000 0.000000 

0.000101 0.133500 -14.160000 -9.810000 -0.000000 -0.000000 -0.000000 0.000000 0.000000 -0.000000 0.000000 0.000000 0.029150 0.000000 0.009778 
-0.084850 -0.655000 106.200000 -0.000000 0.000000 0.000000 -0.000000 -0.000000 0.000000 -0.000000 0.000000 0.000000 -0.354400 0.000000 -0.139500 
0.003884 -0.032030 -1.213000 0.000000 -0.000409 -0.014510 0.008094 0.000000 -0.000000 0.000000 -0.000000 0.000000 -0.004605 0.000338 -0.061520 
-0.000000 -0.000000 1.000000 0.000000 0.000000 -0.000000 -0.000000 -0.000000 -0.000000 0.000000 -0.000000 0.000000 0.000000 0.000000 0.000000 
0.000000 0.000000 -0.000000 -0.000000 -0.109300 14.030000 -109.300000 9.810000 -0.000000 0.000000 -0.000000 -0.000000 -0.000000 0.002664 -0.000000 
0.000054 -0.000442 -0.016730 -0.000000 -1.151000 -51.920000 19.410000 -0.000000 0.000000 -0.000000 0.000000 -0.000000 -0.000064 1.170000 -0.000848 
-0.000013 0.000103 0.003917 -0.000000 0.006202 -1.013000 -0.494500 -0.000000 0.000000 -0.000000 0.000000 -0.000000 0.000015 0.019270 0.000199 
-0.000000 -0.000000 0.000000 0.000000 0.000000 1.000000 0.000000 0.000000 -0.000000 0.000000 -0.000000 0.000000 0.000000 0.000000 0.000000 
1.000000 0.000000 -0.000000 13.870000 -0.000000 0.000000 0.000000 0.000000 0.000000 -0.000000 0.000000 0.000000 -0.000000 -0.000000 -0.000000 
0.000000 -0.000000 0.000000 -0.000000 1.000000 -0.000000 -0.000000 -13.870000 -0.000000 0.000000 -0.000000 114.400000 0.000000 0.000000 0.000000 
-0.000000 1.000000 -0.000000 -114.400000 0.000000 0.000000 0.000000 0.000000 0.000000 -0.000000 0.000000 0.000000 -0.000000 -0.000000 -0.000000 
-0.000000 -0.000000 0.000000 0.000000 0.000000 -0.000000 1.000000 0.000000 -0.000000 0.000000 -0.000000 0.000000 0.000000 0.000000 0.000000 

0.000024 0.059780 -14.420000 -9.810000 0.000000 0.000000 0.000000 0.000000 0.000000 -0.000000 0.000000 0.000000 0.021400 -0.000000 0.007255 
-0.048670 -0.569300 223.200000 -0.000000 -0.000000 0.000000 -0.000000 -0.000000 0.000000 -0.000000 0.000000 0.000000 -0.647600 0.000000 -0.234900 
0.002028 -0.032570 -1.284000 0.000000 -0.000710 -0.030900 0.012460 0.000000 -0.000000 0.000000 -0.000000 0.000000 -0.012700 0.001432 -0.133600 
-0.000000 -0.000000 1.000000 0.000000 0.000000 -0.000000 -0.000000 0.000000 -0.000000 0.000000 -0.000000 0.000000 0.000000 0.000000 0.000000 
-0.000000 -0.000000 0.000000 -0.000000 -0.086100 14.200000 -225.900000 9.810000 -0.000000 0.000000 -0.000000 -0.000000 -0.000000 0.007005 0.000000 
0.000053 -0.000845 -0.033300 -0.000000 -1.532000 -78.210000 23.720000 -0.000000 0.000000 -0.000000 0.000000 -0.000000 -0.000329 3.583000 -0.003466 
-0.000008 0.000129 0.005070 -0.000000 0.007438 -0.951600 -0.486000 -0.000000 0.000000 -0.000000 0.000000 -0.000000 0.000050 0.039560 0.000528 
-0.000000 -0.000000 0.000000 0.000000 0.000000 1.000000 0.000000 0.000000 -0.000000 0.000000 -0.000000 0.000000 0.000000 0.000000 0.000000 
1.000000 0.000000 -0.000000 14.310000 -0.000000 0.000000 0.000000 0.000000 0.000000 -0.000000 0.000000 0.000000 -0.000000 -0.000000 -0.000000 
0.000000 -0.000000 0.000000 -0.000000 1.000000 -0.000000 -0.000000 -14.310000 -0.000000 0.000000 -0.000000 229.700000 0.000000 0.000000 0.000000 
-0.000000 1.000000 -0.000000 -229.700000 0.000000 0.000000 0.000000 0.000000 0.000000 -0.000000 0.000000 0.000000 -0.000000 -0.000000 -0.000000 
-0.000000 -0.000000 0.000000 0.000000 0.000000 -0.000000 1.000000 -0.000000 -0.000000 0.000000 -0.000000 0.000000 0.000000 0.000000 0.000000 

0.000013 0.059150 -13.410000 -9.810000 0.000000 0.000000 0.000000 0.000000 0.000000 -0.000000 0.000000 0.000000 0.020630 -0.000000 0.007026 
-0.049280 -0.600900 222.900000 -0.000000 -0.000000 0.000000 -0.000000 -0.000000 0.000000 -0.000000 0.000000 0.000000 -0.684100 0.000000 -0.247900 
0.001877 -0.032440 -1.283000 0.000000 -0.000704 -0.030960 0.012290 0.000000 -0.000000 0.000000 -0.000000 0.000000 -0.012670 0.001434 -0.133600 
-0.000000 -0.000000 1.000000 0.000000 0.000000 -0.000000 -0.000000 0.000000 -0.000000 0.000000 -0.000000 0.000000 0.000000 0.000000 0.000000 
-0.000000 -0.000000 0.000000 -0.000000 -0.090990 13.160000 -225.800000 9.810000 -0.000000 0.000000 -0.000000 -0.000000 -0.000000 0.007559 0.000000 
0.000049 -0.000841 -0.033270 -0.000000 -1.518000 -78.240000 23.290000 -0.000000 0.000000 -0.000000 0.000000 -0.000000 -0.000329 3.586000 -0.003465 
-0.000007 0.000128 0.005066 -0.000000 0.007688 -0.940000 -0.489200 -0.000000 0.000000 -0.000000 0.000000 -0.000000 0.000050 0.039430 0.000527 
-0.000000 -0.000000 0.000000 0.000000 0.000000 1.000000 0.000000 0.000000 -0.000000 0.000000 -0.000000 0.000000 0.000000 0.000000 0.000000 
1.000000 0.000000 -0.000000 13.300000 -0.000000 0.000000 0.000000 0.000000 0.000000 -0.000000 0.000000 0.000000 -0.000000 -0.000000 -0.000000 
0.000000 -0.000000 0.000000 -0.000000 1.000000 -0.000000 -0.000000 -13.300000 -0.000000 0.000000 -0.000000 229.800000 0.000000 0.000000 0.000000 
-0.000000 1.000000 -0.000000 -229.800000 0.000000 0.000000 0.000000 0.000000 0.000000 -0.000000 0.000000 0.000000 -0.000000 -0.000000 -0.000000 
-0.000000 -0.000000 0.000000 0.000000 0.000000 -0.000000 1.000000 0.000000 -0.000000 0.000000 -0.000000 0.000000 0.000000 0.000000 0.000000 

0.000124 0.132700 -13.290000 -9.810000 -0.000000 -0.000000 -0.000000 0.000000 0.000000 -0.000000 0.000000 0.000000 0.028740 -0.000000 0.009627 
-0.085430 -0.690800 105.800000 -0.000000 0.000000 0.000000 -0.000000 -0.000000 0.000000 -0.000000 0.000000 0.000000 -0.374400 -0.000000 -0.147200 
0.003616 -0.031840 -1.212000 0.000000 -0.000405 -0.014590 0.007957 0.000000 -0.000000 0.000000 -0.000000 0.000000 -0.004591 0.000339 -0.061530 
-0.000000 -0.000000 1.000000 -0.000000 0.000000 -0.000000 -0.000000 -0.000000 -0.000000 0.000000 -0.000000 -0.000000 0.000000 0.000000 0.000000 
0.000000 0.000000 -0.000000 -0.000000 -0.115600 13.120000 -109.200000 9.810000 -0.000000 0.000000 -0.000000 -0.000000 -0.000000 0.002998 -0.000000 
0.000050 -0.000439 -0.016720 -0.000000 -1.136000 -51.970000 18.960000 -0.000000 0.000000 -0.000000 0.000000 -0.000000 -0.000063 1.173000 -0.000848 
-0.000012 0.000103 0.003913 -0.000000 0.006609 -0.994200 -0.499700 -0.000000 0.000000 -0.000000 0.000000 -0.000000 0.000015 0.019160 0.000199 
-0.000000 -0.000000 0.000000 0.000000 0.000000 1.000000 0.000000 -0.000000 -0.000000 0.000000 -0.000000 -0.000000 0.000000 0.000000 0.000000 
1.000000 0.000000 -0.000000 13.000000 -0.000000 0.000000 0.000000 0.000000 0.000000 -0.000000 0.000000 0.000000 -0.000000 -0.000000 -0.000000 
0.000000 -0.000000 0.000000 -0.000000 1.000000 -0.000000 -0.000000 -13.000000 -0.000000 0.000000 -0.000000 114.500000 0.000000 0.000000 0.000000 
-0.000000 1.000000 -0.000000 -114.500000 0.000000 0.000000 0.000000 0.000000 0.000000 -0.000000 0.000000 0.000000 -0.000000 -0.000000 -0.000000 
-0.000000 -0.000000 0.000000 0.000000 0.000000 -0.000000 1.000000 -0.000000 -0.000000 0.000000 -0.000000 -0.000000 0.000000 0.000000 0.000000 

-0.000731 0.216900 -17.500000 -9.810000 0.000000 0.000000 0.000000 0.000000 0.000000 -0.000000 0.000000 0.000000 0.032930 -0.000000 0.011540 
-0.117500 -0.562400 66.470000 -0.000000 -0.000000 0.000000 0.000000 -0.000000 0.000000 -0.000000 0.000000 0.000000 -0.190000 -0.000000 -0.079600 
0.005866 -0.025550 -0.909800 0.000000 -0.000264 -0.007424 0.005818 0.000000 -0.000000 0.000000 -0.000000 0.000000 -0.001979 0.000116 -0.029410 
-0.000000 -0.000000 1.000000 0.000000 0.000000 -0.000000 -0.000000 0.000000 -0.000000 0.000000 -0.000000 0.000000 0.000000 0.000000 0.000000 
0.000000 0.000000 0.000000 -0.000000 -0.097240 17.610000 -69.010000 9.810000 -0.000000 0.000000 -0.000000 -0.000000 0.000000 -0.000002 0.000000 
0.000062 -0.000269 -0.009594 -0.000000 -0.884600 -33.610000 16.620000 -0.000000 0.000000 -0.000000 0.000000 -0.000000 -0.000021 0.482900 -0.000310 
-0.000017 0.000074 0.002630 -0.000000 0.001150 -0.937800 -0.343500 -0.000000 0.000000 -0.000000 0.000000 -0.000000 0.000006 0.010160 0.000085 
-0.000000 -0.000000 0.000000 -0.000000 0.000000 1.000000 0.000000 0.000000 -0.000000 0.000000 -0.000000 0.000000 0.000000 0.000000 0.000000 
1.000000 0.000000 -0.000000 16.970000 -0.000000 0.000000 0.000000 0.000000 0.000000 -0.000000 0.000000 0.000000 -0.000000 -0.000000 -0.000000 
0.000000 -0.000000 0.000000 -0.000000 1.000000 -0.000000 -0.000000 -16.970000 -0.000000 0.000000 -0.000000 73.910000 0.000000 0.000000 0.000000 
-0.000000 1.000000 -0.000000 -73.910000 0.000000 0.000000 0.000000 0.000000 0.000000 -0.000000 0.000000 0.000000 -0.000000 -0.000000 -0.000000 
-0.000000 -0.000000 0.000000 0.000000 0.000000 -0.000000 1.000000 -0.000000 -0.000000 0.000000 -0.000000 0.000000 0.000000 0.000000 0.000000 



u w q the v p r phi x y z psi slat flap aileron elevator
0.000221 0.210100 -17.880000 -9.810000 -0.000000 0.000000 0.000000 0.000000 0.000000 -0.000000 0.000000 0.000000 0.031580 -0.000000 0.009012 
-0.122700 -0.534300 67.190000 -0.000000 -0.000000 0.000000 0.000000 -0.000000 0.000000 -0.000000 0.000000 0.000000 -0.179900 -0.000000 -0.075450 
0.004167 -0.017840 -0.852000 0.000000 -0.000267 -0.007452 0.005724 0.000000 -0.000000 0.000000 -0.000000 0.000000 0.000874 0.000116 -0.028390 
-0.000000 -0.000000 1.000000 0.000000 0.000000 -0.000000 -0.000000 -0.000000 -0.000000 0.000000 -0.000000 0.000000 0.000000 0.000000 0.000000 
0.000000 0.000000 0.000000 -0.000000 -0.092330 17.880000 -69.260000 9.810000 -0.000000 0.000000 -0.000000 -0.000000 0.000000 -0.000072 0.000000 
0.000044 -0.000188 -0.008968 -0.000000 -0.901900 -33.590000 16.480000 -0.000000 0.000000 -0.000000 0.000000 -0.000000 0.000009 0.481800 -0.000299 
-0.000012 0.000052 0.002490 -0.000000 -0.000758 -0.951700 -0.303900 -0.000000 0.000000 -0.000000 0.000000 -0.000000 -0.000003 0.010300 0.000083 
-0.000000 -0.000000 0.000000 0.000000 0.000000 1.000000 0.000000 0.000000 -0.000000 0.000000 -0.000000 0.000000 0.000000 0.000000 0.000000 
1.000000 0.000000 -0.000000 17.250000 -0.000000 0.000000 0.000000 0.000000 0.000000 -0.000000 0.000000 0.000000 -0.000000 -0.000000 -0.000000 
0.000000 -0.000000 0.000000 -0.000000 1.000000 -0.000000 -0.000000 -17.250000 -0.000000 0.000000 -0.000000 73.850000 0.000000 0.000000 0.000000 
-0.000000 1.000000 -0.000000 -73.850000 0.000000 0.000000 0.000000 0.000000 0.000000 -0.000000 0.000000 0.000000 -0.000000 -0.000000 -0.000000 
-0.000000 -0.000000 0.000000 0.000000 0.000000 -0.000000 1.000000 0.000000 -0.000000 0.000000 -0.000000 0.000000 0.000000 0.000000 0.000000 

0.000395 0.128500 -13.580000 -9.810000 -0.000000 -0.000000 -0.000000 0.000000 0.000000 -0.000000 0.000000 0.000000 0.027600 0.000000 0.006928 
-0.088510 -0.655700 106.700000 -0.000000 -0.000000 0.000000 -0.000000 -0.000000 0.000000 -0.000000 0.000000 0.000000 -0.354800 0.000000 -0.139600 
0.002412 -0.020880 -1.139000 0.000000 -0.000408 -0.014690 0.007774 0.000000 -0.000000 0.000000 -0.000000 0.000000 0.001718 0.000342 -0.059600 
-0.000000 -0.000000 1.000000 0.000000 0.000000 -0.000000 -0.000000 0.000000 -0.000000 0.000000 -0.000000 0.000000 0.000000 0.000000 0.000000 
0.000000 0.000000 -0.000000 -0.000000 -0.109700 13.350000 -109.500000 9.810000 -0.000000 0.000000 -0.000000 -0.000000 -0.000000 0.002774 -0.000000 
0.000033 -0.000287 -0.015680 -0.000000 -1.151000 -51.980000 18.570000 -0.000000 0.000000 -0.000000 0.000000 -0.000000 0.000024 1.172000 -0.000820 
-0.000008 0.000068 0.003723 -0.000000 0.004363 -1.014000 -0.455900 -0.000000 0.000000 -0.000000 0.000000 -0.000000 -0.000006 0.019500 0.000195 
-0.000000 -0.000000 0.000000 -0.000000 0.000000 1.000000 0.000000 0.000000 -0.000000 0.000000 -0.000000 0.000000 0.000000 0.000000 0.000000 
1.000000 0.000000 -0.000000 13.220000 -0.000000 0.000000 0.000000 0.000000 0.000000 -0.000000 0.000000 0.000000 -0.000000 -0.000000 -0.000000 
0.000000 -0.000000 0.000000 -0.000000 1.000000 -0.000000 -0.000000 -13.220000 -0.000000 0.000000 -0.000000 114.500000 0.000000 0.000000 0.000000 
-0.000000 1.000000 -0.000000 -114.500000 0.000000 0.000000 0.000000 0.000000 0.000000 -0.000000 0.000000 0.000000 -0.000000 -0.000000 -0.000000 
-0.000000 -0.000000 0.000000 -0.000000 0.000000 -0.000000 1.000000 -0.000000 -0.000000 0.000000 -0.000000 0.000000 0.000000 0.000000 0.000000 

0.000074 0.057300 -13.700000 -9.810000 0.000000 0.000000 0.000000 0.000000 0.000000 -0.000000 0.000000 0.000000 0.019910 -0.000000 0.004096 
-0.050510 -0.569500 223.600000 -0.000000 -0.000000 0.000000 -0.000000 -0.000000 0.000000 -0.000000 0.000000 0.000000 -0.647800 0.000000 -0.234800 
0.001191 -0.020180 -1.210000 0.000000 -0.000712 -0.031320 0.011990 0.000000 -0.000000 0.000000 -0.000000 0.000000 0.001946 0.001451 -0.130000 
-0.000000 -0.000000 1.000000 0.000000 0.000000 -0.000000 -0.000000 0.000000 -0.000000 0.000000 -0.000000 0.000000 0.000000 0.000000 0.000000 
-0.000000 -0.000000 0.000000 -0.000000 -0.086290 13.440000 -226.100000 9.810000 -0.000000 0.000000 -0.000000 -0.000000 -0.000000 0.007095 0.000000 
0.000031 -0.000523 -0.031350 -0.000000 -1.532000 -78.250000 22.580000 -0.000000 0.000000 -0.000000 0.000000 -0.000000 0.000050 3.586000 -0.003366 
-0.000005 0.000081 0.004853 -0.000000 0.005643 -0.962700 -0.451600 -0.000000 0.000000 -0.000000 0.000000 -0.000000 -0.000008 0.040260 0.000521 
-0.000000 -0.000000 0.000000 0.000000 0.000000 1.000000 0.000000 0.000000 -0.000000 0.000000 -0.000000 0.000000 0.000000 0.000000 0.000000 
1.000000 0.000000 -0.000000 13.560000 -0.000000 0.000000 0.000000 0.000000 0.000000 -0.000000 0.000000 0.000000 -0.000000 -0.000000 -0.000000 
0.000000 -0.000000 0.000000 -0.000000 1.000000 -0.000000 -0.000000 -13.560000 -0.000000 0.000000 -0.000000 229.800000 0.000000 0.000000 0.000000 
-0.000000 1.000000 -0.000000 -229.800000 0.000000 0.000000 0.000000 0.000000 0.000000 -0.000000 0.000000 0.000000 -0.000000 -0.000000 -0.000000 
-0.000000 -0.000000 0.000000 0.000000 0.000000 -0.000000 1.000000 0.000000 -0.000000 0.000000 -0.000000 0.000000 0.000000 0.000000 0.000000 

0.000056 0.056670 -12.730000 -9.810000 0.000000 0.000000 0.000000 0.000000 0.000000 -0.000000 0.000000 0.000000 0.019140 -0.000000 0.003865 
-0.051110 -0.601100 223.400000 -0.000000 -0.000000 0.000000 -0.000000 -0.000000 0.000000 -0.000000 0.000000 0.000000 -0.684300 0.000000 -0.247800 
0.001098 -0.020050 -1.209000 0.000000 -0.000707 -0.031370 0.011820 0.000000 -0.000000 0.000000 -0.000000 0.000000 0.001976 0.001453 -0.129900 
-0.000000 -0.000000 1.000000 0.000000 0.000000 -0.000000 -0.000000 0.000000 -0.000000 0.000000 -0.000000 0.000000 0.000000 0.000000 0.000000 
-0.000000 -0.000000 0.000000 -0.000000 -0.091180 12.440000 -225.900000 9.810000 -0.000000 0.000000 -0.000000 -0.000000 -0.000000 0.007649 0.000000 
0.000028 -0.000519 -0.031330 -0.000000 -1.518000 -78.280000 22.170000 -0.000000 0.000000 -0.000000 0.000000 -0.000000 0.000051 3.589000 -0.003365 
-0.000004 0.000080 0.004850 -0.000000 0.005886 -0.951600 -0.454900 -0.000000 0.000000 -0.000000 0.000000 -0.000000 -0.000008 0.040130 0.000521 
-0.000000 -0.000000 0.000000 0.000000 0.000000 1.000000 0.000000 0.000000 -0.000000 0.000000 -0.000000 0.000000 0.000000 0.000000 0.000000 
1.000000 0.000000 -0.000000 12.590000 -0.000000 0.000000 0.000000 0.000000 0.000000 -0.000000 0.000000 0.000000 -0.000000 -0.000000 -0.000000 
0.000000 -0.000000 0.000000 -0.000000 1.000000 -0.000000 -0.000000 -12.590000 -0.000000 0.000000 -0.000000 229.800000 0.000000 0.000000 0.000000 
-0.000000 1.000000 -0.000000 -229.800000 0.000000 0.000000 0.000000 0.000000 0.000000 -0.000000 0.000000 0.000000 -0.000000 -0.000000 -0.000000 
-0.000000 -0.000000 0.000000 0.000000 0.000000 -0.000000 1.000000 0.000000 -0.000000 0.000000 -0.000000 0.000000 0.000000 0.000000 0.000000 

0.000393 0.127700 -12.740000 -9.810000 -0.000000 -0.000000 -0.000000 0.000000 0.000000 -0.000000 0.000000 0.000000 0.027190 0.000000 0.006773 
-0.089070 -0.691500 106.400000 -0.000000 -0.000000 0.000000 0.000000 -0.000000 0.000000 -0.000000 0.000000 0.000000 -0.374800 0.000000 -0.147200 
0.002237 -0.020680 -1.138000 0.000000 -0.000404 -0.014760 0.007640 0.000000 -0.000000 0.000000 -0.000000 0.000000 0.001742 0.000343 -0.059600 
-0.000000 -0.000000 1.000000 0.000000 0.000000 -0.000000 -0.000000 0.000000 -0.000000 0.000000 -0.000000 0.000000 0.000000 0.000000 0.000000 
0.000000 0.000000 -0.000000 -0.000000 -0.116000 12.490000 -109.300000 9.810000 -0.000000 0.000000 -0.000000 -0.000000 -0.000000 0.003108 -0.000000 
0.000031 -0.000285 -0.015670 -0.000000 -1.137000 -52.020000 18.130000 -0.000000 0.000000 -0.000000 0.000000 -0.000000 0.000024 1.175000 -0.000820 
-0.000007 0.000068 0.003720 -0.000000 0.004759 -0.995900 -0.461300 -0.000000 0.000000 -0.000000 0.000000 -0.000000 -0.000006 0.019390 0.000195 
-0.000000 -0.000000 0.000000 -0.000000 0.000000 1.000000 0.000000 0.000000 -0.000000 0.000000 -0.000000 0.000000 0.000000 0.000000 0.000000 
1.000000 0.000000 -0.000000 12.390000 -0.000000 0.000000 0.000000 0.000000 0.000000 -0.000000 0.000000 0.000000 -0.000000 -0.000000 -0.000000 
0.000000 -0.000000 0.000000 -0.000000 1.000000 -0.000000 -0.000000 -12.390000 -0.000000 0.000000 -0.000000 114.600000 0.000000 0.000000 0.000000 
-0.000000 1.000000 -0.000000 -114.600000 0.000000 0.000000 0.000000 0.000000 0.000000 -0.000000 0.000000 0.000000 -0.000000 -0.000000 -0.000000 
-0.000000 -0.000000 0.000000 0.000000 0.000000 -0.000000 1.000000 0.000000 -0.000000 0.000000 -0.000000 0.000000 0.000000 0.000000 0.000000 

0.000295 0.209200 -16.850000 -9.810000 0.000000 -0.000000 0.000000 0.000000 0.000000 -0.000000 0.000000 0.000000 0.031430 -0.000000 0.008912 
-0.123000 -0.564000 67.040000 -0.000000 -0.000000 0.000000 0.000000 -0.000000 0.000000 -0.000000 0.000000 0.000000 -0.190800 -0.000000 -0.079800 
0.003853 -0.017590 -0.852000 0.000000 -0.000263 -0.007550 0.005596 0.000000 -0.000000 0.000000 -0.000000 0.000000 0.000898 0.000117 -0.028480 
-0.000000 -0.000000 1.000000 0.000000 0.000000 -0.000000 -0.000000 0.000000 -0.000000 0.000000 -0.000000 0.000000 0.000000 0.000000 0.000000 
0.000000 0.000000 0.000000 -0.000000 -0.097990 16.820000 -69.250000 9.810000 -0.000000 0.000000 -0.000000 -0.000000 0.000000 0.000117 0.000000 
0.000041 -0.000185 -0.008968 -0.000000 -0.885900 -33.700000 15.980000 -0.000000 0.000000 -0.000000 0.000000 -0.000000 0.000009 0.485500 -0.000300 
-0.000011 0.000051 0.002490 -0.000000 -0.000193 -0.927400 -0.311800 -0.000000 0.000000 -0.000000 0.000000 -0.000000 -0.000003 0.010230 0.000083 
-0.000000 -0.000000 0.000000 -0.000000 0.000000 1.000000 0.000000 0.000000 -0.000000 0.000000 -0.000000 0.000000 0.000000 0.000000 0.000000 
1.000000 0.000000 -0.000000 16.220000 -0.000000 0.000000 0.000000 0.000000 0.000000 -0.000000 0.000000 0.000000 -0.000000 -0.000000 -0.000000 
0.000000 -0.000000 0.000000 -0.000000 1.000000 -0.000000 -0.000000 -16.220000 -0.000000 0.000000 -0.000000 74.080000 0.000000 0.000000 0.000000 
-0.000000 1.000000 -0.000000 -74.080000 0.000000 0.000000 0.000000 0.000000 0.000000 -0.000000 0.000000 0.000000 -0.000000 -0.000000 -0.000000 
-0.000000 -0.000000 0.000000 0.000000 0.000000 -0.000000 1.000000 0.000000 -0.000000 0.000000 -0.000000 0.000000 0.000000 0.000000 0.000000 



u w q the v p r phi x y z psi slat flap aileron elevator
0.000929 0.202500 -17.190000 -9.810000 0.000000 0.000000 0.000000 0.000000 0.000000 -0.000000 0.000000 0.000000 0.030090 -0.000000 0.006394 
-0.128300 -0.535900 67.740000 -0.000000 -0.000000 0.000000 0.000000 -0.000000 0.000000 -0.000000 0.000000 0.000000 -0.180700 -0.000000 -0.075650 
0.002113 -0.009496 -0.781700 0.000000 -0.000258 -0.007437 0.005319 0.000000 -0.000000 0.000000 -0.000000 0.000000 0.003675 0.000115 -0.026630 
-0.000000 -0.000000 1.000000 -0.000000 0.000000 -0.000000 -0.000000 -0.000000 -0.000000 0.000000 -0.000000 -0.000000 0.000000 0.000000 0.000000 
0.000000 0.000000 0.000000 -0.000000 -0.093110 17.050000 -69.510000 9.810000 -0.000000 0.000000 -0.000000 -0.000000 0.000000 0.000046 0.000000 
0.000022 -0.000100 -0.008260 -0.000000 -0.903300 -33.670000 15.830000 -0.000000 0.000000 -0.000000 0.000000 -0.000000 0.000039 0.484400 -0.000281 
-0.000006 0.000027 0.002231 -0.000000 -0.002021 -0.908600 -0.265600 -0.000000 0.000000 -0.000000 0.000000 -0.000000 -0.000010 0.010020 0.000076 
-0.000000 -0.000000 0.000000 0.000000 0.000000 1.000000 0.000000 -0.000000 -0.000000 0.000000 -0.000000 -0.000000 0.000000 0.000000 0.000000 
1.000000 0.000000 -0.000000 16.470000 -0.000000 0.000000 0.000000 0.000000 0.000000 -0.000000 0.000000 0.000000 -0.000000 -0.000000 -0.000000 
0.000000 -0.000000 0.000000 -0.000000 1.000000 -0.000000 -0.000000 -16.470000 -0.000000 0.000000 -0.000000 74.030000 0.000000 0.000000 0.000000 
-0.000000 1.000000 -0.000000 -74.030000 0.000000 0.000000 0.000000 0.000000 0.000000 -0.000000 0.000000 0.000000 -0.000000 -0.000000 -0.000000 
-0.000000 -0.000000 0.000000 0.000000 0.000000 -0.000000 1.000000 -0.000000 -0.000000 0.000000 -0.000000 -0.000000 0.000000 0.000000 0.000000 

0.000538 0.123600 -12.990000 -9.810000 -0.000000 -0.000000 -0.000000 0.000000 0.000000 -0.000000 0.000000 0.000000 0.026070 0.000000 0.004091 
-0.092140 -0.656400 107.300000 -0.000000 -0.000000 0.000000 0.000000 -0.000000 0.000000 -0.000000 0.000000 0.000000 -0.355200 0.000000 -0.139600 
0.001015 -0.009242 -1.044000 0.000000 -0.000393 -0.014470 0.007161 0.000000 -0.000000 0.000000 -0.000000 0.000000 0.007860 0.000336 -0.055690 
-0.000000 -0.000000 1.000000 0.000000 0.000000 -0.000000 -0.000000 0.000000 -0.000000 0.000000 -0.000000 0.000000 0.000000 0.000000 0.000000 
0.000000 0.000000 -0.000000 -0.000000 -0.110100 12.690000 -109.600000 9.810000 -0.000000 0.000000 -0.000000 -0.000000 -0.000000 0.002884 -0.000000 
0.000014 -0.000128 -0.014430 -0.000000 -1.152000 -52.000000 17.740000 -0.000000 0.000000 -0.000000 0.000000 -0.000000 0.000109 1.174000 -0.000770 
-0.000003 0.000029 0.003323 -0.000000 0.002399 -0.976400 -0.404200 -0.000000 0.000000 -0.000000 0.000000 -0.000000 -0.000025 0.018970 0.000177 
-0.000000 -0.000000 0.000000 -0.000000 0.000000 1.000000 0.000000 0.000000 -0.000000 0.000000 -0.000000 0.000000 0.000000 0.000000 0.000000 
1.000000 0.000000 -0.000000 12.580000 -0.000000 0.000000 0.000000 0.000000 0.000000 -0.000000 0.000000 0.000000 -0.000000 -0.000000 -0.000000 
0.000000 -0.000000 0.000000 -0.000000 1.000000 -0.000000 -0.000000 -12.580000 -0.000000 0.000000 -0.000000 114.500000 0.000000 0.000000 0.000000 
-0.000000 1.000000 -0.000000 -114.500000 0.000000 0.000000 0.000000 0.000000 0.000000 -0.000000 0.000000 0.000000 -0.000000 -0.000000 -0.000000 
-0.000000 -0.000000 0.000000 0.000000 0.000000 -0.000000 1.000000 0.000000 -0.000000 0.000000 -0.000000 0.000000 0.000000 0.000000 0.000000 

0.000074 0.054840 -12.990000 -9.810000 0.000000 0.000000 0.000000 0.000000 0.000000 -0.000000 0.000000 0.000000 0.018440 -0.000000 0.000958 
-0.052330 -0.569700 224.100000 -0.000000 -0.000000 0.000000 -0.000000 -0.000000 0.000000 -0.000000 0.000000 0.000000 -0.648000 0.000000 -0.234700 
0.000403 -0.007213 -1.103000 0.000000 -0.000683 -0.030510 0.010940 0.000000 -0.000000 0.000000 -0.000000 0.000000 0.016140 0.001412 -0.120700 
-0.000000 -0.000000 1.000000 0.000000 0.000000 -0.000000 -0.000000 0.000000 -0.000000 0.000000 -0.000000 0.000000 0.000000 0.000000 0.000000 
-0.000000 -0.000000 0.000000 -0.000000 -0.086480 12.690000 -226.200000 9.810000 -0.000000 0.000000 -0.000000 -0.000000 -0.000000 0.007184 0.000000 
0.000010 -0.000187 -0.028670 -0.000000 -1.532000 -78.260000 21.470000 -0.000000 0.000000 -0.000000 0.000000 -0.000000 0.000419 3.587000 -0.003136 
-0.000002 0.000028 0.004282 -0.000000 0.003629 -0.928800 -0.400000 -0.000000 0.000000 -0.000000 0.000000 -0.000000 -0.000063 0.039050 0.000468 
-0.000000 -0.000000 0.000000 -0.000000 0.000000 1.000000 0.000000 0.000000 -0.000000 0.000000 -0.000000 0.000000 0.000000 0.000000 0.000000 
1.000000 0.000000 -0.000000 12.820000 -0.000000 0.000000 0.000000 0.000000 0.000000 -0.000000 0.000000 0.000000 -0.000000 -0.000000 -0.000000 
0.000000 -0.000000 0.000000 -0.000000 1.000000 -0.000000 -0.000000 -12.820000 -0.000000 0.000000 -0.000000 229.800000 0.000000 0.000000 0.000000 
-0.000000 1.000000 -0.000000 -229.800000 0.000000 0.000000 0.000000 0.000000 0.000000 -0.000000 0.000000 0.000000 -0.000000 -0.000000 -0.000000 
-0.000000 -0.000000 0.000000 0.000000 0.000000 -0.000000 1.000000 0.000000 -0.000000 0.000000 -0.000000 0.000000 0.000000 0.000000 0.000000 

0.000052 0.054220 -12.060000 -9.810000 0.000000 0.000000 0.000000 0.000000 0.000000 -0.000000 0.000000 0.000000 0.017670 -0.000000 0.000726 
-0.052930 -0.601300 223.800000 -0.000000 -0.000000 0.000000 -0.000000 -0.000000 0.000000 -0.000000 0.000000 0.000000 -0.684500 0.000000 -0.247700 
0.000366 -0.007081 -1.103000 0.000000 -0.000678 -0.030560 0.010780 0.000000 -0.000000 0.000000 -0.000000 0.000000 0.016170 0.001414 -0.120600 
-0.000000 -0.000000 1.000000 0.000000 0.000000 -0.000000 -0.000000 -0.000000 -0.000000 0.000000 -0.000000 0.000000 0.000000 0.000000 0.000000 
-0.000000 -0.000000 0.000000 -0.000000 -0.091380 11.730000 -226.000000 9.810000 -0.000000 0.000000 -0.000000 -0.000000 -0.000000 0.007737 0.000000 
0.000010 -0.000184 -0.028650 -0.000000 -1.518000 -78.280000 21.070000 -0.000000 0.000000 -0.000000 0.000000 -0.000000 0.000420 3.590000 -0.003135 
-0.000001 0.000027 0.004280 -0.000000 0.003854 -0.918800 -0.403200 -0.000000 0.000000 -0.000000 0.000000 -0.000000 -0.000063 0.038940 0.000468 
-0.000000 -0.000000 0.000000 0.000000 0.000000 1.000000 0.000000 0.000000 -0.000000 0.000000 -0.000000 0.000000 0.000000 0.000000 0.000000 
1.000000 0.000000 -0.000000 11.890000 -0.000000 0.000000 0.000000 0.000000 0.000000 -0.000000 0.000000 0.000000 -0.000000 -0.000000 -0.000000 
0.000000 -0.000000 0.000000 -0.000000 1.000000 -0.000000 -0.000000 -11.890000 -0.000000 0.000000 -0.000000 229.900000 0.000000 0.000000 0.000000 
-0.000000 1.000000 -0.000000 -229.900000 0.000000 0.000000 0.000000 0.000000 0.000000 -0.000000 0.000000 0.000000 -0.000000 -0.000000 -0.000000 
-0.000000 -0.000000 0.000000 0.000000 0.000000 -0.000000 1.000000 0.000000 -0.000000 0.000000 -0.000000 0.000000 0.000000 0.000000 0.000000 

0.000519 0.122800 -12.190000 -9.810000 -0.000000 -0.000000 0.000000 0.000000 0.000000 -0.000000 0.000000 0.000000 0.025650 0.000000 0.003932 
-0.092690 -0.692100 106.900000 -0.000000 0.000000 0.000000 -0.000000 -0.000000 0.000000 -0.000000 0.000000 0.000000 -0.375200 0.000000 -0.147200 
0.000929 -0.009040 -1.044000 0.000000 -0.000389 -0.014540 0.007034 0.000000 -0.000000 0.000000 -0.000000 0.000000 0.007890 0.000337 -0.055690 
-0.000000 -0.000000 1.000000 0.000000 0.000000 -0.000000 -0.000000 0.000000 -0.000000 0.000000 -0.000000 0.000000 0.000000 0.000000 0.000000 
0.000000 0.000000 -0.000000 -0.000000 -0.116400 11.850000 -109.500000 9.810000 -0.000000 0.000000 -0.000000 -0.000000 -0.000000 0.003217 -0.000000 
0.000013 -0.000125 -0.014420 -0.000000 -1.137000 -52.050000 17.310000 -0.000000 0.000000 -0.000000 0.000000 -0.000000 0.000109 1.176000 -0.000770 
-0.000003 0.000029 0.003321 -0.000000 0.002767 -0.960000 -0.409400 -0.000000 0.000000 -0.000000 0.000000 -0.000000 -0.000025 0.018870 0.000177 
-0.000000 -0.000000 0.000000 -0.000000 0.000000 1.000000 0.000000 0.000000 -0.000000 0.000000 -0.000000 0.000000 0.000000 0.000000 0.000000 
1.000000 0.000000 -0.000000 11.780000 -0.000000 0.000000 0.000000 0.000000 0.000000 -0.000000 0.000000 0.000000 -0.000000 -0.000000 -0.000000 
0.000000 -0.000000 0.000000 -0.000000 1.000000 -0.000000 -0.000000 -11.780000 -0.000000 0.000000 -0.000000 114.600000 0.000000 0.000000 0.000000 
-0.000000 1.000000 -0.000000 -114.600000 0.000000 0.000000 0.000000 0.000000 0.000000 -0.000000 0.000000 0.000000 -0.000000 -0.000000 -0.000000 
-0.000000 -0.000000 0.000000 0.000000 0.000000 -0.000000 1.000000 -0.000000 -0.000000 0.000000 -0.000000 0.000000 0.000000 0.000000 0.000000 

0.000943 0.201600 -16.200000 -9.810000 -0.000000 0.000000 0.000000 0.000000 0.000000 -0.000000 0.000000 0.000000 0.029930 -0.000000 0.006283 
-0.128500 -0.565600 67.600000 -0.000000 -0.000000 0.000000 0.000000 -0.000000 0.000000 -0.000000 0.000000 0.000000 -0.191600 -0.000000 -0.079990 
0.001926 -0.009232 -0.781800 0.000000 -0.000255 -0.007526 0.005197 0.000000 -0.000000 0.000000 -0.000000 0.000000 0.003713 0.000116 -0.026710 
-0.000000 -0.000000 1.000000 0.000000 0.000000 -0.000000 -0.000000 0.000000 -0.000000 0.000000 -0.000000 0.000000 0.000000 0.000000 0.000000 
0.000000 0.000000 0.000000 -0.000000 -0.098760 16.030000 -69.490000 9.810000 -0.000000 0.000000 -0.000000 -0.000000 0.000000 0.000235 0.000000 
0.000020 -0.000098 -0.008262 -0.000000 -0.887200 -33.770000 15.350000 -0.000000 0.000000 -0.000000 0.000000 -0.000000 0.000039 0.487800 -0.000282 
-0.000005 0.000026 0.002231 -0.000000 -0.001494 -0.886400 -0.273300 -0.000000 0.000000 -0.000000 0.000000 -0.000000 -0.000011 0.009950 0.000076 
-0.000000 -0.000000 0.000000 0.000000 0.000000 1.000000 0.000000 0.000000 -0.000000 0.000000 -0.000000 0.000000 0.000000 0.000000 0.000000 
1.000000 0.000000 -0.000000 15.490000 -0.000000 0.000000 0.000000 0.000000 0.000000 -0.000000 0.000000 0.000000 -0.000000 -0.000000 -0.000000 
0.000000 -0.000000 0.000000 -0.000000 1.000000 -0.000000 -0.000000 -15.490000 -0.000000 0.000000 -0.000000 74.240000 0.000000 0.000000 0.000000 
-0.000000 1.000000 -0.000000 -74.240000 0.000000 0.000000 0.000000 0.000000 0.000000 -0.000000 0.000000 0.000000 -0.000000 -0.000000 -0.000000 
-0.000000 -0.000000 0.000000 0.000000 0.000000 -0.000000 1.000000 0.000000 -0.000000 0.000000 -0.000000 0.000000 0.000000 0.000000 0.000000 



u w q the v p r phi x y z psi slat flap aileron elevator
-0.003703 0.231000 -19.730000 -9.810000 0.000000 -0.000000 0.000000 0.000000 0.000000 -0.000000 0.000000 0.000000 0.035570 -0.000000 0.016040 
-0.107800 -0.529500 65.630000 -0.000000 -0.000000 0.000000 0.000000 -0.000000 0.000000 -0.000000 0.000000 0.000000 -0.177300 -0.000000 -0.074790 
0.009624 -0.036390 -0.967100 0.000000 -0.000146 -0.002812 0.003776 0.000000 -0.000000 0.000000 -0.000000 0.000000 -0.006260 0.000049 -0.028850 
-0.000000 -0.000000 1.000000 0.000000 0.000000 -0.000000 -0.000000 0.000000 -0.000000 0.000000 -0.000000 0.000000 0.000000 0.000000 0.000000 
0.000000 0.000000 0.000000 -0.000000 -0.090370 20.140000 -68.530000 9.810000 -0.000000 0.000000 -0.000000 -0.000000 0.000000 -0.000393 0.000000 
0.000051 -0.000193 -0.005122 -0.000000 -0.908300 -33.620000 18.480000 -0.000000 0.000000 -0.000000 0.000000 -0.000000 -0.000033 0.478400 -0.000153 
-0.000027 0.000103 0.002752 -0.000000 0.002442 -0.918600 -0.364300 -0.000000 0.000000 -0.000000 0.000000 -0.000000 0.000018 0.009455 0.000082 
-0.000000 -0.000000 0.000000 -0.000000 0.000000 1.000000 0.000000 0.000000 -0.000000 0.000000 -0.000000 0.000000 0.000000 0.000000 0.000000 
1.000000 0.000000 -0.000000 19.390000 -0.000000 0.000000 0.000000 0.000000 0.000000 -0.000000 0.000000 0.000000 -0.000000 -0.000000 -0.000000 
0.000000 -0.000000 0.000000 -0.000000 1.000000 -0.000000 -0.000000 -19.390000 -0.000000 0.000000 -0.000000 73.320000 0.000000 0.000000 0.000000 
-0.000000 1.000000 -0.000000 -73.320000 0.000000 0.000000 0.000000 0.000000 0.000000 -0.000000 0.000000 0.000000 -0.000000 -0.000000 -0.000000 
-0.000000 -0.000000 0.000000 0.000000 0.000000 -0.000000 1.000000 -0.000000 -0.000000 0.000000 -0.000000 0.000000 0.000000 0.000000 0.000000 

-0.000748 0.142100 -15.140000 -9.810000 -0.000000 -0.000000 -0.000000 0.000000 0.000000 -0.000000 0.000000 0.000000 0.031780 0.000000 0.014630 
-0.078630 -0.653800 105.200000 -0.000000 0.000000 0.000000 0.000000 -0.000000 0.000000 -0.000000 0.000000 0.000000 -0.353600 0.000000 -0.139500 
0.006141 -0.046850 -1.275000 0.000000 -0.000228 -0.006427 0.005205 0.000000 -0.000000 0.000000 -0.000000 0.000000 -0.013990 0.000155 -0.060020 
-0.000000 -0.000000 1.000000 0.000000 0.000000 -0.000000 -0.000000 0.000000 -0.000000 0.000000 -0.000000 0.000000 0.000000 0.000000 0.000000 
0.000000 0.000000 -0.000000 -0.000000 -0.108600 15.180000 -109.000000 9.810000 -0.000000 0.000000 -0.000000 -0.000000 -0.000000 0.002475 -0.000000 
0.000044 -0.000332 -0.009042 -0.000000 -1.166000 -52.500000 21.180000 -0.000000 0.000000 -0.000000 0.000000 -0.000000 -0.000099 1.181000 -0.000426 
-0.000019 0.000147 0.004009 -0.000000 0.008281 -0.941100 -0.516500 -0.000000 0.000000 -0.000000 0.000000 -0.000000 0.000044 0.017590 0.000189 
-0.000000 -0.000000 0.000000 -0.000000 0.000000 1.000000 0.000000 0.000000 -0.000000 0.000000 -0.000000 0.000000 0.000000 0.000000 0.000000 
1.000000 0.000000 -0.000000 14.970000 -0.000000 0.000000 0.000000 0.000000 0.000000 -0.000000 0.000000 0.000000 -0.000000 -0.000000 -0.000000 
0.000000 -0.000000 0.000000 -0.000000 1.000000 -0.000000 -0.000000 -14.970000 -0.000000 0.000000 -0.000000 114.200000 0.000000 0.000000 0.000000 
-0.000000 1.000000 -0.000000 -114.200000 0.000000 0.000000 0.000000 0.000000 0.000000 -0.000000 0.000000 0.000000 -0.000000 -0.000000 -0.000000 
-0.000000 -0.000000 0.000000 0.000000 0.000000 -0.000000 1.000000 0.000000 -0.000000 0.000000 -0.000000 0.000000 0.000000 0.000000 0.000000 

-0.000175 0.064020 -15.640000 -9.810000 0.000000 0.000000 0.000000 0.000000 0.000000 -0.000000 0.000000 0.000000 0.023940 -0.000000 0.012650 
-0.045540 -0.568800 222.400000 -0.000000 -0.000000 0.000000 -0.000000 -0.000000 0.000000 -0.000000 0.000000 0.000000 -0.647200 0.000000 -0.235000 
0.003261 -0.048060 -1.312000 0.000000 -0.000383 -0.014610 0.007677 0.000000 -0.000000 0.000000 -0.000000 0.000000 -0.033400 0.000683 -0.126700 
-0.000000 -0.000000 1.000000 -0.000000 0.000000 -0.000000 -0.000000 -0.000000 -0.000000 0.000000 -0.000000 -0.000000 0.000000 0.000000 0.000000 
-0.000000 -0.000000 0.000000 -0.000000 -0.085780 15.500000 -225.700000 9.810000 -0.000000 0.000000 -0.000000 -0.000000 -0.000000 0.006850 0.000000 
0.000046 -0.000674 -0.018410 -0.000000 -1.573000 -80.090000 26.350000 -0.000000 0.000000 -0.000000 0.000000 -0.000000 -0.000469 3.667000 -0.001778 
-0.000012 0.000181 0.004946 -0.000000 0.009003 -0.862100 -0.489700 -0.000000 0.000000 -0.000000 0.000000 -0.000000 0.000126 0.035540 0.000478 
-0.000000 -0.000000 0.000000 0.000000 0.000000 1.000000 0.000000 -0.000000 -0.000000 0.000000 -0.000000 -0.000000 0.000000 0.000000 0.000000 
1.000000 0.000000 -0.000000 15.580000 -0.000000 0.000000 0.000000 0.000000 0.000000 -0.000000 0.000000 0.000000 -0.000000 -0.000000 -0.000000 
0.000000 -0.000000 0.000000 -0.000000 1.000000 -0.000000 -0.000000 -15.580000 -0.000000 0.000000 -0.000000 229.600000 0.000000 0.000000 0.000000 
-0.000000 1.000000 -0.000000 -229.600000 0.000000 0.000000 0.000000 0.000000 0.000000 -0.000000 0.000000 0.000000 -0.000000 -0.000000 -0.000000 
-0.000000 -0.000000 0.000000 0.000000 0.000000 -0.000000 1.000000 -0.000000 -0.000000 0.000000 -0.000000 -0.000000 0.000000 0.000000 0.000000 

-0.000169 0.063390 -14.560000 -9.810000 0.000000 0.000000 0.000000 0.000000 0.000000 -0.000000 0.000000 0.000000 0.023170 -0.000000 0.012420 
-0.046150 -0.600500 222.100000 -0.000000 -0.000000 0.000000 0.000000 -0.000000 0.000000 -0.000000 0.000000 0.000000 -0.683800 0.000000 -0.248000 
0.003027 -0.047950 -1.311000 0.000000 -0.000381 -0.014660 0.007585 0.000000 -0.000000 0.000000 -0.000000 0.000000 -0.033390 0.000685 -0.126700 
-0.000000 -0.000000 1.000000 0.000000 0.000000 -0.000000 -0.000000 0.000000 -0.000000 0.000000 -0.000000 0.000000 0.000000 0.000000 0.000000 
-0.000000 -0.000000 0.000000 -0.000000 -0.090680 14.390000 -225.600000 9.810000 -0.000000 0.000000 -0.000000 -0.000000 -0.000000 0.007405 0.000000 
0.000042 -0.000673 -0.018390 -0.000000 -1.558000 -80.120000 25.890000 -0.000000 0.000000 -0.000000 0.000000 -0.000000 -0.000468 3.671000 -0.001777 
-0.000011 0.000181 0.004942 -0.000000 0.009241 -0.850700 -0.492700 -0.000000 0.000000 -0.000000 0.000000 -0.000000 0.000126 0.035410 0.000477 
-0.000000 -0.000000 0.000000 -0.000000 0.000000 1.000000 0.000000 0.000000 -0.000000 0.000000 -0.000000 0.000000 0.000000 0.000000 0.000000 
1.000000 0.000000 -0.000000 14.500000 -0.000000 0.000000 0.000000 0.000000 0.000000 -0.000000 0.000000 0.000000 -0.000000 -0.000000 -0.000000 
0.000000 -0.000000 0.000000 -0.000000 1.000000 -0.000000 -0.000000 -14.500000 -0.000000 0.000000 -0.000000 229.700000 0.000000 0.000000 0.000000 
-0.000000 1.000000 -0.000000 -229.700000 0.000000 0.000000 0.000000 0.000000 0.000000 -0.000000 0.000000 0.000000 -0.000000 -0.000000 -0.000000 
-0.000000 -0.000000 0.000000 -0.000000 0.000000 -0.000000 1.000000 -0.000000 -0.000000 0.000000 -0.000000 0.000000 0.000000 0.000000 0.000000 

-0.000664 0.141300 -14.210000 -9.810000 -0.000000 -0.000000 -0.000000 0.000000 0.000000 -0.000000 0.000000 0.000000 0.031380 0.000000 0.014490 
-0.079220 -0.689700 104.800000 -0.000000 -0.000000 0.000000 0.000000 -0.000000 0.000000 -0.000000 0.000000 0.000000 -0.373700 0.000000 -0.147200 
0.005736 -0.046700 -1.273000 0.000000 -0.000226 -0.006493 0.005135 0.000000 -0.000000 0.000000 -0.000000 0.000000 -0.013990 0.000156 -0.060020 
-0.000000 -0.000000 1.000000 0.000000 0.000000 -0.000000 -0.000000 -0.000000 -0.000000 0.000000 -0.000000 0.000000 0.000000 0.000000 0.000000 
0.000000 0.000000 -0.000000 -0.000000 -0.114900 14.220000 -108.900000 9.810000 -0.000000 0.000000 -0.000000 -0.000000 -0.000000 0.002810 -0.000000 
0.000041 -0.000331 -0.009032 -0.000000 -1.151000 -52.570000 20.700000 -0.000000 0.000000 -0.000000 0.000000 -0.000000 -0.000099 1.185000 -0.000426 
-0.000018 0.000147 0.004005 -0.000000 0.008676 -0.922200 -0.521200 -0.000000 0.000000 -0.000000 0.000000 -0.000000 0.000044 0.017480 0.000189 
-0.000000 -0.000000 0.000000 0.000000 0.000000 1.000000 0.000000 0.000000 -0.000000 0.000000 -0.000000 0.000000 0.000000 0.000000 0.000000 
1.000000 0.000000 -0.000000 14.050000 -0.000000 0.000000 0.000000 0.000000 0.000000 -0.000000 0.000000 0.000000 -0.000000 -0.000000 -0.000000 
0.000000 -0.000000 0.000000 -0.000000 1.000000 -0.000000 -0.000000 -14.050000 -0.000000 0.000000 -0.000000 114.400000 0.000000 0.000000 0.000000 
-0.000000 1.000000 -0.000000 -114.400000 0.000000 0.000000 0.000000 0.000000 0.000000 -0.000000 0.000000 0.000000 -0.000000 -0.000000 -0.000000 
-0.000000 -0.000000 0.000000 0.000000 0.000000 -0.000000 1.000000 0.000000 -0.000000 0.000000 -0.000000 0.000000 0.000000 0.000000 0.000000 

-0.003351 0.230100 -18.580000 -9.810000 0.000000 0.000000 0.000000 0.000000 0.000000 -0.000000 0.000000 0.000000 0.035470 -0.000000 0.015980 
-0.108100 -0.559500 65.480000 -0.000000 -0.000000 0.000000 0.000000 -0.000000 0.000000 -0.000000 0.000000 0.000000 -0.188500 -0.000000 -0.079220 
0.008987 -0.036260 -0.967000 0.000000 -0.000145 -0.002901 0.003710 0.000000 -0.000000 0.000000 -0.000000 0.000000 -0.006290 0.000050 -0.028970 
-0.000000 -0.000000 1.000000 0.000000 0.000000 -0.000000 -0.000000 0.000000 -0.000000 0.000000 -0.000000 0.000000 0.000000 0.000000 0.000000 
0.000000 0.000000 0.000000 -0.000000 -0.096050 18.960000 -68.580000 9.810000 -0.000000 0.000000 -0.000000 -0.000000 0.000000 -0.000205 0.000000 
0.000048 -0.000192 -0.005122 -0.000000 -0.892300 -33.760000 17.940000 -0.000000 0.000000 -0.000000 0.000000 -0.000000 -0.000033 0.482900 -0.000153 
-0.000026 0.000103 0.002751 -0.000000 0.003005 -0.892700 -0.371100 -0.000000 0.000000 -0.000000 0.000000 -0.000000 0.000018 0.009387 0.000082 
-0.000000 -0.000000 0.000000 -0.000000 0.000000 1.000000 0.000000 0.000000 -0.000000 0.000000 -0.000000 0.000000 0.000000 0.000000 0.000000 
1.000000 0.000000 -0.000000 18.250000 -0.000000 0.000000 0.000000 0.000000 0.000000 -0.000000 0.000000 0.000000 -0.000000 -0.000000 -0.000000 
0.000000 -0.000000 0.000000 -0.000000 1.000000 -0.000000 -0.000000 -18.250000 -0.000000 0.000000 -0.000000 73.610000 0.000000 0.000000 0.000000 
-0.000000 1.000000 -0.000000 -73.610000 0.000000 0.000000 0.000000 0.000000 0.000000 -0.000000 0.000000 0.000000 -0.000000 -0.000000 -0.000000 
-0.000000 -0.000000 0.000000 0.000000 0.000000 -0.000000 1.000000 -0.000000 -0.000000 0.000000 -0.000000 0.000000 0.000000 0.000000 0.000000 



u w q the v p r phi x y z psi slat flap aileron elevator
-0.002275 0.225000 -19.210000 -9.810000 0.000000 0.000000 0.000000 0.000000 0.000000 -0.000000 0.000000 0.000000 0.034430 -0.000000 0.014040 
-0.112000 -0.530900 66.080000 -0.000000 -0.000000 0.000000 0.000000 -0.000000 0.000000 -0.000000 0.000000 0.000000 -0.178100 -0.000000 -0.074990 
0.008177 -0.032010 -0.944900 0.000000 -0.000150 -0.002876 0.003828 0.000000 -0.000000 0.000000 -0.000000 0.000000 -0.004439 0.000051 -0.029260 
-0.000000 -0.000000 1.000000 0.000000 0.000000 -0.000000 -0.000000 0.000000 -0.000000 0.000000 -0.000000 0.000000 0.000000 0.000000 0.000000 
0.000000 0.000000 0.000000 -0.000000 -0.090910 19.490000 -68.750000 9.810000 -0.000000 0.000000 -0.000000 -0.000000 0.000000 -0.000301 0.000000 
0.000043 -0.000167 -0.004920 -0.000000 -0.909100 -33.730000 17.950000 -0.000000 0.000000 -0.000000 0.000000 -0.000000 -0.000023 0.481100 -0.000152 
-0.000024 0.000096 0.002828 -0.000000 0.001569 -0.948300 -0.352400 -0.000000 0.000000 -0.000000 0.000000 -0.000000 0.000013 0.009912 0.000088 
-0.000000 -0.000000 0.000000 0.000000 0.000000 1.000000 0.000000 0.000000 -0.000000 0.000000 -0.000000 0.000000 0.000000 0.000000 0.000000 
1.000000 0.000000 -0.000000 18.770000 -0.000000 0.000000 0.000000 0.000000 0.000000 -0.000000 0.000000 0.000000 -0.000000 -0.000000 -0.000000 
0.000000 -0.000000 0.000000 -0.000000 1.000000 -0.000000 -0.000000 -18.770000 -0.000000 0.000000 -0.000000 73.480000 0.000000 0.000000 0.000000 
-0.000000 1.000000 -0.000000 -73.480000 0.000000 0.000000 0.000000 0.000000 0.000000 -0.000000 0.000000 0.000000 -0.000000 -0.000000 -0.000000 
-0.000000 -0.000000 0.000000 0.000000 0.000000 -0.000000 1.000000 0.000000 -0.000000 0.000000 -0.000000 0.000000 0.000000 0.000000 0.000000 

-0.000307 0.138200 -14.700000 -9.810000 -0.000000 -0.000000 -0.000000 0.000000 0.000000 -0.000000 0.000000 0.000000 0.030580 0.000000 0.012420 
-0.081470 -0.654400 105.700000 -0.000000 0.000000 -0.000000 0.000000 -0.000000 0.000000 -0.000000 0.000000 0.000000 -0.354000 0.000000 -0.139500 
0.005161 -0.040770 -1.253000 0.000000 -0.000237 -0.006633 0.005322 0.000000 -0.000000 0.000000 -0.000000 0.000000 -0.010010 0.000160 -0.061180 
-0.000000 -0.000000 1.000000 -0.000000 0.000000 -0.000000 -0.000000 -0.000000 -0.000000 0.000000 -0.000000 -0.000000 0.000000 0.000000 0.000000 
0.000000 0.000000 -0.000000 -0.000000 -0.108900 14.650000 -109.200000 9.810000 -0.000000 0.000000 -0.000000 -0.000000 -0.000000 0.002562 -0.000000 
0.000036 -0.000285 -0.008746 -0.000000 -1.166000 -52.580000 20.490000 -0.000000 0.000000 -0.000000 0.000000 -0.000000 -0.000070 1.184000 -0.000427 
-0.000017 0.000136 0.004168 -0.000000 0.007353 -0.985800 -0.508900 -0.000000 0.000000 -0.000000 0.000000 -0.000000 0.000033 0.018590 0.000204 
-0.000000 -0.000000 0.000000 0.000000 0.000000 1.000000 0.000000 -0.000000 -0.000000 0.000000 -0.000000 -0.000000 0.000000 0.000000 0.000000 
1.000000 0.000000 -0.000000 14.470000 -0.000000 0.000000 0.000000 0.000000 0.000000 -0.000000 0.000000 0.000000 -0.000000 -0.000000 -0.000000 
0.000000 -0.000000 0.000000 -0.000000 1.000000 -0.000000 -0.000000 -14.470000 -0.000000 0.000000 -0.000000 114.300000 0.000000 0.000000 0.000000 
-0.000000 1.000000 -0.000000 -114.300000 0.000000 0.000000 0.000000 0.000000 0.000000 -0.000000 0.000000 0.000000 -0.000000 -0.000000 -0.000000 
-0.000000 -0.000000 0.000000 0.000000 0.000000 -0.000000 1.000000 -0.000000 -0.000000 0.000000 -0.000000 -0.000000 0.000000 0.000000 0.000000 

-0.000066 0.062090 -15.080000 -9.810000 0.000000 0.000000 0.000000 0.000000 0.000000 -0.000000 0.000000 0.000000 0.022780 -0.000000 0.010190 
-0.046970 -0.569000 222.800000 -0.000000 -0.000000 0.000000 0.000000 -0.000000 0.000000 -0.000000 0.000000 0.000000 -0.647400 0.000000 -0.234900 
0.002736 -0.041900 -1.308000 0.000000 -0.000405 -0.015360 0.007965 0.000000 -0.000000 0.000000 -0.000000 0.000000 -0.024840 0.000719 -0.131100 
-0.000000 -0.000000 1.000000 0.000000 0.000000 -0.000000 -0.000000 -0.000000 -0.000000 0.000000 -0.000000 0.000000 0.000000 0.000000 0.000000 
-0.000000 -0.000000 0.000000 -0.000000 -0.085920 14.900000 -225.800000 9.810000 -0.000000 0.000000 -0.000000 -0.000000 -0.000000 0.006921 0.000000 
0.000038 -0.000580 -0.018120 -0.000000 -1.572000 -80.150000 25.420000 -0.000000 0.000000 -0.000000 0.000000 -0.000000 -0.000344 3.671000 -0.001816 
-0.000011 0.000169 0.005275 -0.000000 0.008256 -0.919600 -0.489900 -0.000000 0.000000 -0.000000 0.000000 -0.000000 0.000100 0.038100 0.000529 
-0.000000 -0.000000 0.000000 0.000000 0.000000 1.000000 0.000000 0.000000 -0.000000 0.000000 -0.000000 0.000000 0.000000 0.000000 0.000000 
1.000000 0.000000 -0.000000 15.000000 -0.000000 0.000000 0.000000 0.000000 0.000000 -0.000000 0.000000 0.000000 -0.000000 -0.000000 -0.000000 
0.000000 -0.000000 0.000000 -0.000000 1.000000 -0.000000 -0.000000 -15.000000 -0.000000 0.000000 -0.000000 229.700000 0.000000 0.000000 0.000000 
-0.000000 1.000000 -0.000000 -229.700000 0.000000 0.000000 0.000000 0.000000 0.000000 -0.000000 0.000000 0.000000 -0.000000 -0.000000 -0.000000 
-0.000000 -0.000000 0.000000 0.000000 0.000000 -0.000000 1.000000 0.000000 -0.000000 0.000000 -0.000000 0.000000 0.000000 0.000000 0.000000 

-0.000069 0.061460 -14.030000 -9.810000 0.000000 0.000000 0.000000 0.000000 0.000000 -0.000000 0.000000 0.000000 0.022010 -0.000000 0.009962 
-0.047580 -0.600700 222.400000 -0.000000 -0.000000 0.000000 -0.000000 -0.000000 0.000000 -0.000000 0.000000 0.000000 -0.684000 0.000000 -0.248000 
0.002537 -0.041780 -1.307000 0.000000 -0.000403 -0.015420 0.007871 0.000000 -0.000000 0.000000 -0.000000 0.000000 -0.024820 0.000721 -0.131000 
-0.000000 -0.000000 1.000000 -0.000000 0.000000 -0.000000 -0.000000 -0.000000 -0.000000 0.000000 -0.000000 -0.000000 0.000000 0.000000 0.000000 
-0.000000 -0.000000 0.000000 -0.000000 -0.090820 13.830000 -225.700000 9.810000 -0.000000 0.000000 -0.000000 -0.000000 -0.000000 0.007475 0.000000 
0.000035 -0.000579 -0.018100 -0.000000 -1.557000 -80.180000 24.970000 -0.000000 0.000000 -0.000000 0.000000 -0.000000 -0.000344 3.674000 -0.001815 
-0.000010 0.000169 0.005270 -0.000000 0.008503 -0.908000 -0.493100 -0.000000 0.000000 -0.000000 0.000000 -0.000000 0.000100 0.037970 0.000528 
-0.000000 -0.000000 0.000000 0.000000 0.000000 1.000000 0.000000 -0.000000 -0.000000 0.000000 -0.000000 -0.000000 0.000000 0.000000 0.000000 
1.000000 0.000000 -0.000000 13.950000 -0.000000 0.000000 0.000000 0.000000 0.000000 -0.000000 0.000000 0.000000 -0.000000 -0.000000 -0.000000 
0.000000 -0.000000 0.000000 -0.000000 1.000000 -0.000000 -0.000000 -13.950000 -0.000000 0.000000 -0.000000 229.700000 0.000000 0.000000 0.000000 
-0.000000 1.000000 -0.000000 -229.700000 0.000000 0.000000 0.000000 0.000000 0.000000 -0.000000 0.000000 0.000000 -0.000000 -0.000000 -0.000000 
-0.000000 -0.000000 0.000000 0.000000 0.000000 -0.000000 1.000000 -0.000000 -0.000000 0.000000 -0.000000 -0.000000 0.000000 0.000000 0.000000 

-0.000253 0.137400 -13.800000 -9.810000 -0.000000 -0.000000 -0.000000 0.000000 0.000000 -0.000000 0.000000 0.000000 0.030180 0.000000 0.012270 
-0.082050 -0.690200 105.300000 -0.000000 0.000000 -0.000000 -0.000000 -0.000000 0.000000 -0.000000 0.000000 0.000000 -0.374000 0.000000 -0.147200 
0.004816 -0.040610 -1.251000 0.000000 -0.000235 -0.006702 0.005252 0.000000 -0.000000 0.000000 -0.000000 0.000000 -0.010010 0.000161 -0.061180 
-0.000000 -0.000000 1.000000 0.000000 0.000000 -0.000000 -0.000000 0.000000 -0.000000 0.000000 -0.000000 0.000000 0.000000 0.000000 0.000000 
0.000000 0.000000 -0.000000 -0.000000 -0.115200 13.720000 -109.000000 9.810000 -0.000000 0.000000 -0.000000 -0.000000 -0.000000 0.002896 -0.000000 
0.000034 -0.000284 -0.008737 -0.000000 -1.152000 -52.630000 20.030000 -0.000000 0.000000 -0.000000 0.000000 -0.000000 -0.000070 1.187000 -0.000427 
-0.000016 0.000135 0.004164 -0.000000 0.007759 -0.966700 -0.513900 -0.000000 0.000000 -0.000000 0.000000 -0.000000 0.000033 0.018480 0.000204 
-0.000000 -0.000000 0.000000 -0.000000 0.000000 1.000000 0.000000 0.000000 -0.000000 0.000000 -0.000000 0.000000 0.000000 0.000000 0.000000 
1.000000 0.000000 -0.000000 13.570000 -0.000000 0.000000 0.000000 0.000000 0.000000 -0.000000 0.000000 0.000000 -0.000000 -0.000000 -0.000000 
0.000000 -0.000000 0.000000 -0.000000 1.000000 -0.000000 -0.000000 -13.570000 -0.000000 0.000000 -0.000000 114.400000 0.000000 0.000000 0.000000 
-0.000000 1.000000 -0.000000 -114.400000 0.000000 0.000000 0.000000 0.000000 0.000000 -0.000000 0.000000 0.000000 -0.000000 -0.000000 -0.000000 
-0.000000 -0.000000 0.000000 0.000000 0.000000 -0.000000 1.000000 0.000000 -0.000000 0.000000 -0.000000 0.000000 0.000000 0.000000 0.000000 

-0.002020 0.224000 -18.090000 -9.810000 0.000000 0.000000 0.000000 0.000000 0.000000 -0.000000 0.000000 0.000000 0.034310 -0.000000 0.013960 
-0.112300 -0.560900 65.940000 -0.000000 -0.000000 0.000000 0.000000 -0.000000 0.000000 -0.000000 0.000000 0.000000 -0.189200 -0.000000 -0.079400 
0.007624 -0.031840 -0.944800 0.000000 -0.000149 -0.002967 0.003763 0.000000 -0.000000 0.000000 -0.000000 0.000000 -0.004451 0.000052 -0.029380 
-0.000000 -0.000000 1.000000 0.000000 0.000000 -0.000000 -0.000000 0.000000 -0.000000 0.000000 -0.000000 0.000000 0.000000 0.000000 0.000000 
0.000000 0.000000 0.000000 -0.000000 -0.096580 18.340000 -68.780000 9.810000 -0.000000 0.000000 -0.000000 -0.000000 0.000000 -0.000112 0.000000 
0.000040 -0.000166 -0.004920 -0.000000 -0.893100 -33.870000 17.420000 -0.000000 0.000000 -0.000000 0.000000 -0.000000 -0.000023 0.485400 -0.000153 
-0.000023 0.000095 0.002828 -0.000000 0.002148 -0.922300 -0.359800 -0.000000 0.000000 -0.000000 0.000000 -0.000000 0.000013 0.009841 0.000088 
-0.000000 -0.000000 0.000000 -0.000000 0.000000 1.000000 0.000000 0.000000 -0.000000 0.000000 -0.000000 0.000000 0.000000 0.000000 0.000000 
1.000000 0.000000 -0.000000 17.660000 -0.000000 0.000000 0.000000 0.000000 0.000000 -0.000000 0.000000 0.000000 -0.000000 -0.000000 -0.000000 
0.000000 -0.000000 0.000000 -0.000000 1.000000 -0.000000 -0.000000 -17.660000 -0.000000 0.000000 -0.000000 73.750000 0.000000 0.000000 0.000000 
-0.000000 1.000000 -0.000000 -73.750000 0.000000 0.000000 0.000000 0.000000 0.000000 -0.000000 0.000000 0.000000 -0.000000 -0.000000 -0.000000 
-0.000000 -0.000000 0.000000 0.000000 0.000000 -0.000000 1.000000 0.000000 -0.000000 0.000000 -0.000000 0.000000 0.000000 0.000000 0.000000 



u w q the v p r phi x y z psi slat flap aileron elevator
-0.000955 0.218200 -18.610000 -9.810000 0.000000 0.000000 0.000000 0.000000 0.000000 -0.000000 0.000000 0.000000 0.033140 -0.000000 0.011760 
-0.116900 -0.532500 66.590000 -0.000000 -0.000000 0.000000 0.000000 -0.000000 0.000000 -0.000000 0.000000 0.000000 -0.178900 -0.000000 -0.075210 
0.006404 -0.026090 -0.910500 0.000000 -0.000153 -0.002944 0.003813 0.000000 -0.000000 0.000000 -0.000000 0.000000 -0.002123 0.000052 -0.029270 
-0.000000 -0.000000 1.000000 0.000000 0.000000 -0.000000 -0.000000 0.000000 -0.000000 0.000000 -0.000000 0.000000 0.000000 0.000000 0.000000 
0.000000 0.000000 0.000000 -0.000000 -0.091540 18.750000 -68.980000 9.810000 -0.000000 0.000000 -0.000000 -0.000000 0.000000 -0.000196 0.000000 
0.000033 -0.000134 -0.004673 -0.000000 -0.910300 -33.840000 17.360000 -0.000000 0.000000 -0.000000 0.000000 -0.000000 -0.000011 0.484000 -0.000150 
-0.000020 0.000081 0.002838 -0.000000 0.000471 -0.967200 -0.333300 -0.000000 0.000000 -0.000000 0.000000 -0.000000 0.000007 0.010280 0.000091 
-0.000000 -0.000000 0.000000 0.000000 0.000000 1.000000 0.000000 0.000000 -0.000000 0.000000 -0.000000 0.000000 0.000000 0.000000 0.000000 
1.000000 0.000000 -0.000000 18.080000 -0.000000 0.000000 0.000000 0.000000 0.000000 -0.000000 0.000000 0.000000 -0.000000 -0.000000 -0.000000 
0.000000 -0.000000 0.000000 -0.000000 1.000000 -0.000000 -0.000000 -18.080000 -0.000000 0.000000 -0.000000 73.650000 0.000000 0.000000 0.000000 
-0.000000 1.000000 -0.000000 -73.650000 0.000000 0.000000 0.000000 0.000000 0.000000 -0.000000 0.000000 0.000000 -0.000000 -0.000000 -0.000000 
-0.000000 -0.000000 0.000000 0.000000 0.000000 -0.000000 1.000000 -0.000000 -0.000000 0.000000 -0.000000 0.000000 0.000000 0.000000 0.000000 

0.000082 0.133800 -14.190000 -9.810000 -0.000000 -0.000000 -0.000000 0.000000 0.000000 -0.000000 0.000000 0.000000 0.029230 0.000000 0.009924 
-0.084670 -0.655000 106.100000 -0.000000 0.000000 0.000000 0.000000 -0.000000 0.000000 -0.000000 0.000000 0.000000 -0.354400 0.000000 -0.139500 
0.003949 -0.032490 -1.214000 0.000000 -0.000242 -0.006806 0.005336 0.000000 -0.000000 0.000000 -0.000000 0.000000 -0.004909 0.000165 -0.061420 
-0.000000 -0.000000 1.000000 0.000000 0.000000 -0.000000 -0.000000 0.000000 -0.000000 0.000000 -0.000000 0.000000 0.000000 0.000000 0.000000 
0.000000 0.000000 -0.000000 -0.000000 -0.109300 14.060000 -109.300000 9.810000 -0.000000 0.000000 -0.000000 -0.000000 -0.000000 0.002659 -0.000000 
0.000027 -0.000224 -0.008358 -0.000000 -1.167000 -52.640000 19.730000 -0.000000 0.000000 -0.000000 0.000000 -0.000000 -0.000034 1.186000 -0.000423 
-0.000014 0.000113 0.004225 -0.000000 0.006037 -1.020000 -0.490900 -0.000000 0.000000 -0.000000 0.000000 -0.000000 0.000017 0.019440 0.000214 
-0.000000 -0.000000 0.000000 0.000000 0.000000 1.000000 0.000000 0.000000 -0.000000 0.000000 -0.000000 0.000000 0.000000 0.000000 0.000000 
1.000000 0.000000 -0.000000 13.900000 -0.000000 0.000000 0.000000 0.000000 0.000000 -0.000000 0.000000 0.000000 -0.000000 -0.000000 -0.000000 
0.000000 -0.000000 0.000000 -0.000000 1.000000 -0.000000 -0.000000 -13.900000 -0.000000 0.000000 -0.000000 114.400000 0.000000 0.000000 0.000000 
-0.000000 1.000000 -0.000000 -114.400000 0.000000 0.000000 0.000000 0.000000 0.000000 -0.000000 0.000000 0.000000 -0.000000 -0.000000 -0.000000 
-0.000000 -0.000000 0.000000 0.000000 0.000000 -0.000000 1.000000 0.000000 -0.000000 0.000000 -0.000000 0.000000 0.000000 0.000000 0.000000 

0.000021 0.059910 -14.460000 -9.810000 0.000000 -0.000000 0.000000 0.000000 0.000000 -0.000000 0.000000 0.000000 0.021470 -0.000000 0.007417 
-0.048580 -0.569300 223.200000 -0.000000 -0.000000 0.000000 0.000000 -0.000000 0.000000 -0.000000 0.000000 0.000000 -0.647600 0.000000 -0.234900 
0.002064 -0.033050 -1.282000 0.000000 -0.000422 -0.015990 0.008087 0.000000 -0.000000 0.000000 -0.000000 0.000000 -0.013380 0.000749 -0.133200 
-0.000000 -0.000000 1.000000 0.000000 0.000000 -0.000000 -0.000000 -0.000000 -0.000000 0.000000 -0.000000 0.000000 0.000000 0.000000 0.000000 
-0.000000 -0.000000 0.000000 -0.000000 -0.086090 14.240000 -225.900000 9.810000 -0.000000 0.000000 -0.000000 -0.000000 -0.000000 0.007000 0.000000 
0.000028 -0.000453 -0.017570 -0.000000 -1.572000 -80.210000 24.380000 -0.000000 0.000000 -0.000000 0.000000 -0.000000 -0.000183 3.674000 -0.001826 
-0.000009 0.000141 0.005466 -0.000000 0.007082 -0.968400 -0.479300 -0.000000 0.000000 -0.000000 0.000000 -0.000000 0.000057 0.040340 0.000568 
-0.000000 -0.000000 0.000000 0.000000 0.000000 1.000000 0.000000 0.000000 -0.000000 0.000000 -0.000000 0.000000 0.000000 0.000000 0.000000 
1.000000 0.000000 -0.000000 14.340000 -0.000000 0.000000 0.000000 0.000000 0.000000 -0.000000 0.000000 0.000000 -0.000000 -0.000000 -0.000000 
0.000000 -0.000000 0.000000 -0.000000 1.000000 -0.000000 -0.000000 -14.340000 -0.000000 0.000000 -0.000000 229.700000 0.000000 0.000000 0.000000 
-0.000000 1.000000 -0.000000 -229.700000 0.000000 0.000000 0.000000 0.000000 0.000000 -0.000000 0.000000 0.000000 -0.000000 -0.000000 -0.000000 
-0.000000 -0.000000 0.000000 0.000000 0.000000 -0.000000 1.000000 0.000000 -0.000000 0.000000 -0.000000 0.000000 0.000000 0.000000 0.000000 

0.000009 0.059280 -13.440000 -9.810000 0.000000 0.000000 0.000000 0.000000 0.000000 -0.000000 0.000000 0.000000 0.020710 -0.000000 0.007188 
-0.049190 -0.600900 222.900000 -0.000000 -0.000000 0.000000 -0.000000 -0.000000 0.000000 -0.000000 0.000000 0.000000 -0.684100 0.000000 -0.247900 
0.001910 -0.032920 -1.281000 0.000000 -0.000419 -0.016050 0.007991 0.000000 -0.000000 0.000000 -0.000000 0.000000 -0.013350 0.000751 -0.133200 
-0.000000 -0.000000 1.000000 0.000000 0.000000 -0.000000 -0.000000 -0.000000 -0.000000 0.000000 -0.000000 0.000000 0.000000 0.000000 0.000000 
-0.000000 -0.000000 0.000000 -0.000000 -0.090980 13.200000 -225.800000 9.810000 -0.000000 0.000000 -0.000000 -0.000000 -0.000000 0.007554 0.000000 
0.000026 -0.000451 -0.017550 -0.000000 -1.557000 -80.240000 23.940000 -0.000000 0.000000 -0.000000 0.000000 -0.000000 -0.000183 3.678000 -0.001825 
-0.000008 0.000140 0.005462 -0.000000 0.007334 -0.956800 -0.482700 -0.000000 0.000000 -0.000000 0.000000 -0.000000 0.000057 0.040210 0.000568 
-0.000000 -0.000000 0.000000 0.000000 0.000000 1.000000 0.000000 0.000000 -0.000000 0.000000 -0.000000 0.000000 0.000000 0.000000 0.000000 
1.000000 0.000000 -0.000000 13.330000 -0.000000 0.000000 0.000000 0.000000 0.000000 -0.000000 0.000000 0.000000 -0.000000 -0.000000 -0.000000 
0.000000 -0.000000 0.000000 -0.000000 1.000000 -0.000000 -0.000000 -13.330000 -0.000000 0.000000 -0.000000 229.800000 0.000000 0.000000 0.000000 
-0.000000 1.000000 -0.000000 -229.800000 0.000000 0.000000 0.000000 0.000000 0.000000 -0.000000 0.000000 0.000000 -0.000000 -0.000000 -0.000000 
-0.000000 -0.000000 0.000000 0.000000 0.000000 -0.000000 1.000000 0.000000 -0.000000 0.000000 -0.000000 0.000000 0.000000 0.000000 0.000000 

0.000107 0.133000 -13.320000 -9.810000 -0.000000 -0.000000 -0.000000 0.000000 0.000000 -0.000000 0.000000 0.000000 0.028820 0.000000 0.009773 
-0.085240 -0.690800 105.800000 -0.000000 -0.000000 0.000000 0.000000 -0.000000 0.000000 -0.000000 0.000000 0.000000 -0.374400 0.000000 -0.147200 
0.003677 -0.032300 -1.213000 0.000000 -0.000241 -0.006877 0.005266 0.000000 -0.000000 0.000000 -0.000000 0.000000 -0.004896 0.000166 -0.061420 
-0.000000 -0.000000 1.000000 0.000000 0.000000 -0.000000 -0.000000 0.000000 -0.000000 0.000000 -0.000000 0.000000 0.000000 0.000000 0.000000 
0.000000 0.000000 -0.000000 -0.000000 -0.115500 13.160000 -109.200000 9.810000 -0.000000 0.000000 -0.000000 -0.000000 -0.000000 0.002993 -0.000000 
0.000025 -0.000222 -0.008350 -0.000000 -1.152000 -52.700000 19.270000 -0.000000 0.000000 -0.000000 0.000000 -0.000000 -0.000034 1.189000 -0.000423 
-0.000013 0.000112 0.004221 -0.000000 0.006447 -1.002000 -0.496200 -0.000000 0.000000 -0.000000 0.000000 -0.000000 0.000017 0.019330 0.000214 
-0.000000 -0.000000 0.000000 -0.000000 0.000000 1.000000 0.000000 0.000000 -0.000000 0.000000 -0.000000 0.000000 0.000000 0.000000 0.000000 
1.000000 0.000000 -0.000000 13.030000 -0.000000 0.000000 0.000000 0.000000 0.000000 -0.000000 0.000000 0.000000 -0.000000 -0.000000 -0.000000 
0.000000 -0.000000 0.000000 -0.000000 1.000000 -0.000000 -0.000000 -13.030000 -0.000000 0.000000 -0.000000 114.500000 0.000000 0.000000 0.000000 
-0.000000 1.000000 -0.000000 -114.500000 0.000000 0.000000 0.000000 0.000000 0.000000 -0.000000 0.000000 0.000000 -0.000000 -0.000000 -0.000000 
-0.000000 -0.000000 0.000000 0.000000 0.000000 -0.000000 1.000000 -0.000000 -0.000000 0.000000 -0.000000 0.000000 0.000000 0.000000 0.000000 

-0.000794 0.217300 -17.530000 -9.810000 0.000000 -0.000000 0.000000 0.000000 0.000000 -0.000000 0.000000 0.000000 0.033000 -0.000000 0.011670 
-0.117200 -0.562300 66.440000 -0.000000 -0.000000 0.000000 0.000000 -0.000000 0.000000 -0.000000 0.000000 0.000000 -0.189900 -0.000000 -0.079590 
0.005956 -0.025880 -0.910400 0.000000 -0.000152 -0.003036 0.003748 0.000000 -0.000000 0.000000 -0.000000 0.000000 -0.002118 0.000053 -0.029380 
-0.000000 -0.000000 1.000000 0.000000 0.000000 -0.000000 -0.000000 -0.000000 -0.000000 0.000000 -0.000000 0.000000 0.000000 0.000000 0.000000 
0.000000 0.000000 0.000000 -0.000000 -0.097200 17.650000 -69.000000 9.810000 -0.000000 0.000000 -0.000000 -0.000000 0.000000 -0.000008 0.000000 
0.000031 -0.000133 -0.004672 -0.000000 -0.894200 -33.970000 16.840000 -0.000000 0.000000 -0.000000 0.000000 -0.000000 -0.000011 0.488000 -0.000151 
-0.000019 0.000081 0.002838 -0.000000 0.001055 -0.941700 -0.341200 -0.000000 0.000000 -0.000000 0.000000 -0.000000 0.000007 0.010210 0.000092 
-0.000000 -0.000000 0.000000 0.000000 0.000000 1.000000 0.000000 0.000000 -0.000000 0.000000 -0.000000 0.000000 0.000000 0.000000 0.000000 
1.000000 0.000000 -0.000000 17.010000 -0.000000 0.000000 0.000000 0.000000 0.000000 -0.000000 0.000000 0.000000 -0.000000 -0.000000 -0.000000 
0.000000 -0.000000 0.000000 -0.000000 1.000000 -0.000000 -0.000000 -17.010000 -0.000000 0.000000 -0.000000 73.910000 0.000000 0.000000 0.000000 
-0.000000 1.000000 -0.000000 -73.910000 0.000000 0.000000 0.000000 0.000000 0.000000 -0.000000 0.000000 0.000000 -0.000000 -0.000000 -0.000000 
-0.000000 -0.000000 0.000000 0.000000 0.000000 -0.000000 1.000000 0.000000 -0.000000 0.000000 -0.000000 0.000000 0.000000 0.000000 0.000000 



u w q the v p r phi x y z psi slat flap aileron elevator
0.000035 0.211600 -18.020000 -9.810000 0.000000 -0.000000 0.000000 0.000000 0.000000 -0.000000 0.000000 0.000000 0.031870 -0.000000 0.009527 
-0.121600 -0.533900 67.080000 -0.000000 -0.000000 0.000000 0.000000 -0.000000 0.000000 -0.000000 0.000000 0.000000 -0.179700 -0.000000 -0.075400 
0.004570 -0.019380 -0.861300 0.000000 -0.000151 -0.003011 0.003679 0.000000 -0.000000 0.000000 -0.000000 0.000000 0.000306 0.000053 -0.028530 
-0.000000 -0.000000 1.000000 0.000000 0.000000 -0.000000 -0.000000 -0.000000 -0.000000 0.000000 -0.000000 0.000000 0.000000 0.000000 0.000000 
0.000000 0.000000 0.000000 -0.000000 -0.092180 18.040000 -69.210000 9.810000 -0.000000 0.000000 -0.000000 -0.000000 0.000000 -0.000095 0.000000 
0.000023 -0.000099 -0.004402 -0.000000 -0.911400 -33.930000 16.790000 -0.000000 0.000000 -0.000000 0.000000 -0.000000 0.000002 0.486500 -0.000146 
-0.000014 0.000061 0.002715 -0.000000 -0.000660 -0.958900 -0.306500 -0.000000 0.000000 -0.000000 0.000000 -0.000000 -0.000001 0.010360 0.000090 
-0.000000 -0.000000 0.000000 0.000000 0.000000 1.000000 0.000000 0.000000 -0.000000 0.000000 -0.000000 0.000000 0.000000 0.000000 0.000000 
1.000000 0.000000 -0.000000 17.400000 -0.000000 0.000000 0.000000 0.000000 0.000000 -0.000000 0.000000 0.000000 -0.000000 -0.000000 -0.000000 
0.000000 -0.000000 0.000000 -0.000000 1.000000 -0.000000 -0.000000 -17.400000 -0.000000 0.000000 -0.000000 73.810000 0.000000 0.000000 0.000000 
-0.000000 1.000000 -0.000000 -73.810000 0.000000 0.000000 0.000000 0.000000 0.000000 -0.000000 0.000000 0.000000 -0.000000 -0.000000 -0.000000 
-0.000000 -0.000000 0.000000 0.000000 0.000000 -0.000000 1.000000 0.000000 -0.000000 0.000000 -0.000000 0.000000 0.000000 0.000000 0.000000 

0.000349 0.129500 -13.690000 -9.810000 -0.000000 -0.000000 -0.000000 0.000000 0.000000 -0.000000 0.000000 0.000000 0.027910 0.000000 0.007488 
-0.087790 -0.655600 106.600000 -0.000000 0.000000 0.000000 -0.000000 -0.000000 0.000000 -0.000000 0.000000 0.000000 -0.354700 0.000000 -0.139600 
0.002689 -0.023050 -1.151000 0.000000 -0.000240 -0.006883 0.005150 0.000000 -0.000000 0.000000 -0.000000 0.000000 0.000465 0.000166 -0.059890 
-0.000000 -0.000000 1.000000 0.000000 0.000000 -0.000000 -0.000000 0.000000 -0.000000 0.000000 -0.000000 0.000000 0.000000 0.000000 0.000000 
0.000000 0.000000 -0.000000 -0.000000 -0.109600 13.490000 -109.500000 9.810000 -0.000000 0.000000 -0.000000 -0.000000 -0.000000 0.002753 -0.000000 
0.000018 -0.000158 -0.007894 -0.000000 -1.167000 -52.690000 19.000000 -0.000000 0.000000 -0.000000 0.000000 -0.000000 0.000003 1.188000 -0.000411 
-0.000009 0.000081 0.004057 -0.000000 0.004481 -1.023000 -0.458800 -0.000000 0.000000 -0.000000 0.000000 -0.000000 -0.000002 0.019670 0.000211 
-0.000000 -0.000000 0.000000 0.000000 0.000000 1.000000 0.000000 0.000000 -0.000000 0.000000 -0.000000 0.000000 0.000000 0.000000 0.000000 
1.000000 0.000000 -0.000000 13.350000 -0.000000 0.000000 0.000000 0.000000 0.000000 -0.000000 0.000000 0.000000 -0.000000 -0.000000 -0.000000 
0.000000 -0.000000 0.000000 -0.000000 1.000000 -0.000000 -0.000000 -13.350000 -0.000000 0.000000 -0.000000 114.400000 0.000000 0.000000 0.000000 
-0.000000 1.000000 -0.000000 -114.400000 0.000000 0.000000 0.000000 0.000000 0.000000 -0.000000 0.000000 0.000000 -0.000000 -0.000000 -0.000000 
-0.000000 -0.000000 0.000000 0.000000 0.000000 -0.000000 1.000000 0.000000 -0.000000 0.000000 -0.000000 0.000000 0.000000 0.000000 0.000000 

0.000068 0.057790 -13.850000 -9.810000 -0.000000 0.000000 0.000000 0.000000 0.000000 -0.000000 0.000000 0.000000 0.020200 -0.000000 0.004716 
-0.050150 -0.569500 223.500000 -0.000000 -0.000000 0.000000 -0.000000 -0.000000 0.000000 -0.000000 0.000000 0.000000 -0.647800 0.000000 -0.234800 
0.001348 -0.022590 -1.221000 0.000000 -0.000422 -0.016180 0.007833 0.000000 -0.000000 0.000000 -0.000000 0.000000 -0.000957 0.000758 -0.130400 
-0.000000 -0.000000 1.000000 0.000000 0.000000 -0.000000 -0.000000 0.000000 -0.000000 0.000000 -0.000000 0.000000 0.000000 0.000000 0.000000 
-0.000000 -0.000000 0.000000 -0.000000 -0.086250 13.590000 -226.000000 9.810000 -0.000000 0.000000 -0.000000 -0.000000 -0.000000 0.007077 0.000000 
0.000018 -0.000309 -0.016670 -0.000000 -1.571000 -80.240000 23.390000 -0.000000 0.000000 -0.000000 0.000000 -0.000000 -0.000013 3.677000 -0.001781 
-0.000006 0.000098 0.005285 -0.000000 0.005567 -0.980400 -0.451100 -0.000000 0.000000 -0.000000 0.000000 -0.000000 0.000004 0.041040 0.000565 
-0.000000 -0.000000 0.000000 -0.000000 0.000000 1.000000 0.000000 0.000000 -0.000000 0.000000 -0.000000 0.000000 0.000000 0.000000 0.000000 
1.000000 0.000000 -0.000000 13.710000 -0.000000 0.000000 0.000000 0.000000 0.000000 -0.000000 0.000000 0.000000 -0.000000 -0.000000 -0.000000 
0.000000 -0.000000 0.000000 -0.000000 1.000000 -0.000000 -0.000000 -13.710000 -0.000000 0.000000 -0.000000 229.800000 0.000000 0.000000 0.000000 
-0.000000 1.000000 -0.000000 -229.800000 0.000000 0.000000 0.000000 0.000000 0.000000 -0.000000 0.000000 0.000000 -0.000000 -0.000000 -0.000000 
-0.000000 -0.000000 0.000000 0.000000 0.000000 -0.000000 1.000000 0.000000 -0.000000 0.000000 -0.000000 0.000000 0.000000 0.000000 0.000000 

0.000051 0.057160 -12.860000 -9.810000 0.000000 0.000000 0.000000 0.000000 0.000000 -0.000000 0.000000 0.000000 0.019440 -0.000000 0.004486 
-0.050750 -0.601100 223.300000 -0.000000 -0.000000 0.000000 -0.000000 -0.000000 0.000000 -0.000000 0.000000 0.000000 -0.684300 0.000000 -0.247800 
0.001244 -0.022460 -1.220000 0.000000 -0.000419 -0.016240 0.007739 0.000000 -0.000000 0.000000 -0.000000 0.000000 -0.000929 0.000759 -0.130400 
-0.000000 -0.000000 1.000000 0.000000 0.000000 -0.000000 -0.000000 0.000000 -0.000000 0.000000 -0.000000 0.000000 0.000000 0.000000 0.000000 
-0.000000 -0.000000 0.000000 -0.000000 -0.091150 12.580000 -225.900000 9.810000 -0.000000 0.000000 -0.000000 -0.000000 -0.000000 0.007631 0.000000 
0.000017 -0.000307 -0.016660 -0.000000 -1.557000 -80.270000 22.960000 -0.000000 0.000000 -0.000000 0.000000 -0.000000 -0.000013 3.680000 -0.001781 
-0.000005 0.000097 0.005282 -0.000000 0.005815 -0.969300 -0.454500 -0.000000 0.000000 -0.000000 0.000000 -0.000000 0.000004 0.040910 0.000564 
-0.000000 -0.000000 0.000000 0.000000 0.000000 1.000000 0.000000 0.000000 -0.000000 0.000000 -0.000000 0.000000 0.000000 0.000000 0.000000 
1.000000 0.000000 -0.000000 12.730000 -0.000000 0.000000 0.000000 0.000000 0.000000 -0.000000 0.000000 0.000000 -0.000000 -0.000000 -0.000000 
0.000000 -0.000000 0.000000 -0.000000 1.000000 -0.000000 -0.000000 -12.730000 -0.000000 0.000000 -0.000000 229.800000 0.000000 0.000000 0.000000 
-0.000000 1.000000 -0.000000 -229.800000 0.000000 0.000000 0.000000 0.000000 0.000000 -0.000000 0.000000 0.000000 -0.000000 -0.000000 -0.000000 
-0.000000 -0.000000 0.000000 0.000000 0.000000 -0.000000 1.000000 0.000000 -0.000000 0.000000 -0.000000 0.000000 0.000000 0.000000 0.000000 

0.000352 0.128700 -12.850000 -9.810000 -0.000000 -0.000000 -0.000000 0.000000 0.000000 -0.000000 0.000000 0.000000 0.027500 0.000000 0.007333 
-0.088360 -0.691300 106.300000 -0.000000 0.000000 0.000000 0.000000 -0.000000 0.000000 -0.000000 0.000000 0.000000 -0.374700 -0.000000 -0.147200 
0.002496 -0.022860 -1.150000 0.000000 -0.000238 -0.006950 0.005081 0.000000 -0.000000 0.000000 -0.000000 0.000000 0.000487 0.000167 -0.059890 
-0.000000 -0.000000 1.000000 0.000000 0.000000 -0.000000 -0.000000 0.000000 -0.000000 0.000000 -0.000000 0.000000 0.000000 0.000000 0.000000 
0.000000 0.000000 -0.000000 -0.000000 -0.115900 12.610000 -109.300000 9.810000 -0.000000 0.000000 -0.000000 -0.000000 -0.000000 0.003087 -0.000000 
0.000017 -0.000157 -0.007887 -0.000000 -1.152000 -52.740000 18.550000 -0.000000 0.000000 -0.000000 0.000000 -0.000000 0.000003 1.191000 -0.000411 
-0.000009 0.000081 0.004054 -0.000000 0.004881 -1.005000 -0.464100 -0.000000 0.000000 -0.000000 0.000000 -0.000000 -0.000002 0.019560 0.000211 
-0.000000 -0.000000 0.000000 0.000000 0.000000 1.000000 0.000000 0.000000 -0.000000 0.000000 -0.000000 0.000000 0.000000 0.000000 0.000000 
1.000000 0.000000 -0.000000 12.510000 -0.000000 0.000000 0.000000 0.000000 0.000000 -0.000000 0.000000 0.000000 -0.000000 -0.000000 -0.000000 
0.000000 -0.000000 0.000000 -0.000000 1.000000 -0.000000 -0.000000 -12.510000 -0.000000 0.000000 -0.000000 114.500000 0.000000 0.000000 0.000000 
-0.000000 1.000000 -0.000000 -114.500000 0.000000 0.000000 0.000000 0.000000 0.000000 -0.000000 0.000000 0.000000 -0.000000 -0.000000 -0.000000 
-0.000000 -0.000000 0.000000 0.000000 0.000000 -0.000000 1.000000 0.000000 -0.000000 0.000000 -0.000000 0.000000 0.000000 0.000000 0.000000 

0.000124 0.210700 -16.980000 -9.810000 0.000000 -0.000000 0.000000 0.000000 0.000000 -0.000000 0.000000 0.000000 0.031720 -0.000000 0.009429 
-0.121900 -0.563700 66.930000 -0.000000 -0.000000 0.000000 0.000000 -0.000000 0.000000 -0.000000 0.000000 0.000000 -0.190600 -0.000000 -0.079770 
0.004232 -0.019150 -0.861300 0.000000 -0.000150 -0.003099 0.003616 0.000000 -0.000000 0.000000 -0.000000 0.000000 0.000327 0.000053 -0.028630 
-0.000000 -0.000000 1.000000 -0.000000 0.000000 -0.000000 -0.000000 -0.000000 -0.000000 0.000000 -0.000000 -0.000000 0.000000 0.000000 0.000000 
0.000000 0.000000 0.000000 -0.000000 -0.097840 16.970000 -69.210000 9.810000 -0.000000 0.000000 -0.000000 -0.000000 0.000000 0.000094 0.000000 
0.000022 -0.000098 -0.004402 -0.000000 -0.895300 -34.050000 16.280000 -0.000000 0.000000 -0.000000 0.000000 -0.000000 0.000002 0.490300 -0.000146 
-0.000013 0.000060 0.002715 -0.000000 -0.000090 -0.934400 -0.314500 -0.000000 0.000000 -0.000000 0.000000 -0.000000 -0.000001 0.010290 0.000090 
-0.000000 -0.000000 0.000000 0.000000 0.000000 1.000000 0.000000 -0.000000 -0.000000 0.000000 -0.000000 -0.000000 0.000000 0.000000 0.000000 
1.000000 0.000000 -0.000000 16.370000 -0.000000 0.000000 0.000000 0.000000 0.000000 -0.000000 0.000000 0.000000 -0.000000 -0.000000 -0.000000 
0.000000 -0.000000 0.000000 -0.000000 1.000000 -0.000000 -0.000000 -16.370000 -0.000000 0.000000 -0.000000 74.050000 0.000000 0.000000 0.000000 
-0.000000 1.000000 -0.000000 -74.050000 0.000000 0.000000 0.000000 0.000000 0.000000 -0.000000 0.000000 0.000000 -0.000000 -0.000000 -0.000000 
-0.000000 -0.000000 0.000000 0.000000 0.000000 -0.000000 1.000000 -0.000000 -0.000000 0.000000 -0.000000 -0.000000 0.000000 0.000000 0.000000 



u w q the v p r phi x y z psi slat flap aileron elevator
0.000731 0.205100 -17.430000 -9.810000 0.000000 0.000000 0.000000 0.000000 0.000000 -0.000000 0.000000 0.000000 0.030600 -0.000000 0.007293 
-0.126400 -0.535300 67.550000 -0.000000 -0.000000 0.000000 0.000000 -0.000000 0.000000 -0.000000 0.000000 0.000000 -0.180400 -0.000000 -0.075580 
0.002779 -0.012280 -0.801600 0.000000 -0.000146 -0.003074 0.003449 0.000000 -0.000000 0.000000 -0.000000 0.000000 0.002718 0.000053 -0.027140 
-0.000000 -0.000000 1.000000 -0.000000 0.000000 -0.000000 -0.000000 -0.000000 -0.000000 0.000000 -0.000000 -0.000000 0.000000 0.000000 0.000000 
0.000000 0.000000 0.000000 -0.000000 -0.092840 17.330000 -69.420000 9.810000 -0.000000 0.000000 -0.000000 -0.000000 0.000000 0.000006 0.000000 
0.000014 -0.000063 -0.004121 -0.000000 -0.912700 -34.000000 16.230000 -0.000000 0.000000 -0.000000 0.000000 -0.000000 0.000014 0.488800 -0.000140 
-0.000009 0.000038 0.002488 -0.000000 -0.001753 -0.926000 -0.274300 -0.000000 0.000000 -0.000000 0.000000 -0.000000 -0.000008 0.010170 0.000084 
-0.000000 -0.000000 0.000000 0.000000 0.000000 1.000000 0.000000 -0.000000 -0.000000 0.000000 -0.000000 -0.000000 0.000000 0.000000 0.000000 
1.000000 0.000000 -0.000000 16.740000 -0.000000 0.000000 0.000000 0.000000 0.000000 -0.000000 0.000000 0.000000 -0.000000 -0.000000 -0.000000 
0.000000 -0.000000 0.000000 -0.000000 1.000000 -0.000000 -0.000000 -16.740000 -0.000000 0.000000 -0.000000 73.970000 0.000000 0.000000 0.000000 
-0.000000 1.000000 -0.000000 -73.970000 0.000000 0.000000 0.000000 0.000000 0.000000 -0.000000 0.000000 0.000000 -0.000000 -0.000000 -0.000000 
-0.000000 -0.000000 0.000000 0.000000 0.000000 -0.000000 1.000000 -0.000000 -0.000000 0.000000 -0.000000 -0.000000 0.000000 0.000000 0.000000 

0.000506 0.125300 -13.190000 -9.810000 -0.000000 -0.000000 0.000000 0.000000 0.000000 -0.000000 0.000000 0.000000 0.026590 -0.000000 0.005064 
-0.090900 -0.656100 107.100000 -0.000000 0.000000 0.000000 -0.000000 -0.000000 0.000000 -0.000000 0.000000 0.000000 -0.355100 0.000000 -0.139600 
0.001467 -0.013120 -1.071000 0.000000 -0.000231 -0.006869 0.004799 0.000000 -0.000000 0.000000 -0.000000 0.000000 0.005769 0.000165 -0.056810 
-0.000000 -0.000000 1.000000 -0.000000 0.000000 -0.000000 -0.000000 -0.000000 -0.000000 0.000000 -0.000000 -0.000000 0.000000 0.000000 0.000000 
0.000000 0.000000 -0.000000 -0.000000 -0.110000 12.910000 -109.600000 9.810000 -0.000000 0.000000 -0.000000 -0.000000 -0.000000 0.002846 -0.000000 
0.000010 -0.000090 -0.007384 -0.000000 -1.168000 -52.720000 18.280000 -0.000000 0.000000 -0.000000 0.000000 -0.000000 0.000040 1.190000 -0.000392 
-0.000005 0.000045 0.003709 -0.000000 0.002813 -0.995900 -0.416000 -0.000000 0.000000 -0.000000 0.000000 -0.000000 -0.000020 0.019320 0.000197 
-0.000000 -0.000000 0.000000 0.000000 0.000000 1.000000 0.000000 -0.000000 -0.000000 0.000000 -0.000000 -0.000000 0.000000 0.000000 0.000000 
1.000000 0.000000 -0.000000 12.800000 -0.000000 0.000000 0.000000 0.000000 0.000000 -0.000000 0.000000 0.000000 -0.000000 -0.000000 -0.000000 
0.000000 -0.000000 0.000000 -0.000000 1.000000 -0.000000 -0.000000 -12.800000 -0.000000 0.000000 -0.000000 114.500000 0.000000 0.000000 0.000000 
-0.000000 1.000000 -0.000000 -114.500000 0.000000 0.000000 0.000000 0.000000 0.000000 -0.000000 0.000000 0.000000 -0.000000 -0.000000 -0.000000 
-0.000000 -0.000000 0.000000 0.000000 0.000000 -0.000000 1.000000 -0.000000 -0.000000 0.000000 -0.000000 -0.000000 0.000000 0.000000 0.000000 

0.000080 0.055690 -13.240000 -9.810000 0.000000 0.000000 0.000000 0.000000 0.000000 -0.000000 0.000000 0.000000 0.018940 -0.000000 0.002033 
-0.051700 -0.569700 223.900000 -0.000000 -0.000000 0.000000 0.000000 -0.000000 0.000000 -0.000000 0.000000 0.000000 -0.648000 0.000000 -0.234700 
0.000655 -0.011510 -1.132000 0.000000 -0.000406 -0.015960 0.007261 0.000000 -0.000000 0.000000 -0.000000 0.000000 0.011320 0.000747 -0.123200 
-0.000000 -0.000000 1.000000 0.000000 0.000000 -0.000000 -0.000000 -0.000000 -0.000000 0.000000 -0.000000 0.000000 0.000000 0.000000 0.000000 
-0.000000 -0.000000 0.000000 -0.000000 -0.086410 12.950000 -226.100000 9.810000 -0.000000 0.000000 -0.000000 -0.000000 -0.000000 0.007153 0.000000 
0.000009 -0.000158 -0.015530 -0.000000 -1.571000 -80.250000 22.410000 -0.000000 0.000000 -0.000000 0.000000 -0.000000 0.000155 3.678000 -0.001690 
-0.000003 0.000049 0.004797 -0.000000 0.003871 -0.957000 -0.409200 -0.000000 0.000000 -0.000000 0.000000 -0.000000 -0.000048 0.040250 0.000522 
-0.000000 -0.000000 0.000000 0.000000 0.000000 1.000000 0.000000 0.000000 -0.000000 0.000000 -0.000000 0.000000 0.000000 0.000000 0.000000 
1.000000 0.000000 -0.000000 13.080000 -0.000000 0.000000 0.000000 0.000000 0.000000 -0.000000 0.000000 0.000000 -0.000000 -0.000000 -0.000000 
0.000000 -0.000000 0.000000 -0.000000 1.000000 -0.000000 -0.000000 -13.080000 -0.000000 0.000000 -0.000000 229.800000 0.000000 0.000000 0.000000 
-0.000000 1.000000 -0.000000 -229.800000 0.000000 0.000000 0.000000 0.000000 0.000000 -0.000000 0.000000 0.000000 -0.000000 -0.000000 -0.000000 
-0.000000 -0.000000 0.000000 0.000000 0.000000 -0.000000 1.000000 0.000000 -0.000000 0.000000 -0.000000 0.000000 0.000000 0.000000 0.000000 

0.000058 0.055060 -12.290000 -9.810000 0.000000 0.000000 0.000000 0.000000 0.000000 -0.000000 0.000000 0.000000 0.018170 -0.000000 0.001801 
-0.052310 -0.601300 223.700000 -0.000000 -0.000000 0.000000 -0.000000 -0.000000 0.000000 -0.000000 0.000000 0.000000 -0.684400 0.000000 -0.247700 
0.000601 -0.011380 -1.131000 0.000000 -0.000404 -0.016010 0.007171 0.000000 -0.000000 0.000000 -0.000000 0.000000 0.011360 0.000748 -0.123200 
-0.000000 -0.000000 1.000000 0.000000 0.000000 -0.000000 -0.000000 0.000000 -0.000000 0.000000 -0.000000 0.000000 0.000000 0.000000 0.000000 
-0.000000 -0.000000 0.000000 -0.000000 -0.091310 11.980000 -226.000000 9.810000 -0.000000 0.000000 -0.000000 -0.000000 -0.000000 0.007707 0.000000 
0.000008 -0.000156 -0.015520 -0.000000 -1.557000 -80.280000 21.990000 -0.000000 0.000000 -0.000000 0.000000 -0.000000 0.000156 3.681000 -0.001690 
-0.000003 0.000048 0.004794 -0.000000 0.004105 -0.946700 -0.412500 -0.000000 0.000000 -0.000000 0.000000 -0.000000 -0.000048 0.040130 0.000522 
-0.000000 -0.000000 0.000000 -0.000000 0.000000 1.000000 0.000000 0.000000 -0.000000 0.000000 -0.000000 0.000000 0.000000 0.000000 0.000000 
1.000000 0.000000 -0.000000 12.130000 -0.000000 0.000000 0.000000 0.000000 0.000000 -0.000000 0.000000 0.000000 -0.000000 -0.000000 -0.000000 
0.000000 -0.000000 0.000000 -0.000000 1.000000 -0.000000 -0.000000 -12.130000 -0.000000 0.000000 -0.000000 229.800000 0.000000 0.000000 0.000000 
-0.000000 1.000000 -0.000000 -229.800000 0.000000 0.000000 0.000000 0.000000 0.000000 -0.000000 0.000000 0.000000 -0.000000 -0.000000 -0.000000 
-0.000000 -0.000000 0.000000 0.000000 0.000000 -0.000000 1.000000 -0.000000 -0.000000 0.000000 -0.000000 0.000000 0.000000 0.000000 0.000000 

0.000491 0.124500 -12.380000 -9.810000 -0.000000 -0.000000 0.000000 0.000000 0.000000 -0.000000 0.000000 0.000000 0.026180 0.000000 0.004906 
-0.091450 -0.691900 106.800000 -0.000000 -0.000000 0.000000 0.000000 -0.000000 0.000000 -0.000000 0.000000 0.000000 -0.375100 0.000000 -0.147200 
0.001352 -0.012920 -1.070000 0.000000 -0.000230 -0.006931 0.004733 0.000000 -0.000000 0.000000 -0.000000 0.000000 0.005796 0.000166 -0.056810 
-0.000000 -0.000000 1.000000 0.000000 0.000000 -0.000000 -0.000000 0.000000 -0.000000 0.000000 -0.000000 0.000000 0.000000 0.000000 0.000000 
0.000000 0.000000 -0.000000 -0.000000 -0.116300 12.070000 -109.400000 9.810000 -0.000000 0.000000 -0.000000 -0.000000 -0.000000 0.003180 -0.000000 
0.000009 -0.000089 -0.007379 -0.000000 -1.153000 -52.760000 17.840000 -0.000000 0.000000 -0.000000 0.000000 -0.000000 0.000040 1.192000 -0.000392 
-0.000005 0.000045 0.003707 -0.000000 0.003192 -0.979100 -0.421300 -0.000000 0.000000 -0.000000 0.000000 -0.000000 -0.000020 0.019220 0.000197 
-0.000000 -0.000000 0.000000 -0.000000 0.000000 1.000000 0.000000 0.000000 -0.000000 0.000000 -0.000000 0.000000 0.000000 0.000000 0.000000 
1.000000 0.000000 -0.000000 11.990000 -0.000000 0.000000 0.000000 0.000000 0.000000 -0.000000 0.000000 0.000000 -0.000000 -0.000000 -0.000000 
0.000000 -0.000000 0.000000 -0.000000 1.000000 -0.000000 -0.000000 -11.990000 -0.000000 0.000000 -0.000000 114.600000 0.000000 0.000000 0.000000 
-0.000000 1.000000 -0.000000 -114.600000 0.000000 0.000000 0.000000 0.000000 0.000000 -0.000000 0.000000 0.000000 -0.000000 -0.000000 -0.000000 
-0.000000 -0.000000 0.000000 0.000000 0.000000 -0.000000 1.000000 0.000000 -0.000000 0.000000 -0.000000 0.000000 0.000000 0.000000 0.000000 

0.000763 0.204200 -16.420000 -9.810000 -0.000000 0.000000 0.000000 0.000000 0.000000 -0.000000 0.000000 0.000000 0.030440 -0.000000 0.007186 
-0.126600 -0.565000 67.410000 -0.000000 -0.000000 0.000000 0.000000 -0.000000 0.000000 -0.000000 0.000000 0.000000 -0.191300 -0.000000 -0.079930 
0.002551 -0.012020 -0.801800 0.000000 -0.000145 -0.003155 0.003388 0.000000 -0.000000 0.000000 -0.000000 0.000000 0.002752 0.000054 -0.027220 
-0.000000 -0.000000 1.000000 0.000000 0.000000 -0.000000 -0.000000 -0.000000 -0.000000 0.000000 -0.000000 0.000000 0.000000 0.000000 0.000000 
0.000000 0.000000 0.000000 -0.000000 -0.098490 16.300000 -69.410000 9.810000 -0.000000 0.000000 -0.000000 -0.000000 0.000000 0.000194 0.000000 
0.000013 -0.000062 -0.004121 -0.000000 -0.896400 -34.110000 15.730000 -0.000000 0.000000 -0.000000 0.000000 -0.000000 0.000014 0.492300 -0.000140 
-0.000008 0.000037 0.002488 -0.000000 -0.001213 -0.903300 -0.282200 -0.000000 0.000000 -0.000000 0.000000 -0.000000 -0.000009 0.010100 0.000084 
-0.000000 -0.000000 0.000000 0.000000 0.000000 1.000000 0.000000 0.000000 -0.000000 0.000000 -0.000000 0.000000 0.000000 0.000000 0.000000 
1.000000 0.000000 -0.000000 15.740000 -0.000000 0.000000 0.000000 0.000000 0.000000 -0.000000 0.000000 0.000000 -0.000000 -0.000000 -0.000000 
0.000000 -0.000000 0.000000 -0.000000 1.000000 -0.000000 -0.000000 -15.740000 -0.000000 0.000000 -0.000000 74.190000 0.000000 0.000000 0.000000 
-0.000000 1.000000 -0.000000 -74.190000 0.000000 0.000000 0.000000 0.000000 0.000000 -0.000000 0.000000 0.000000 -0.000000 -0.000000 -0.000000 
-0.000000 -0.000000 0.000000 0.000000 0.000000 -0.000000 1.000000 0.000000 -0.000000 0.000000 -0.000000 0.000000 0.000000 0.000000 0.000000 


