 ---------------------------------------------------------------
Surface and Strip forces by surface

 Surface forces referred to Sref,Cref,Bref about Xmom,Ymom,Zmom
 Standard axis orientation,  X fwd, Z down         

  Surface # 1     main_wing_1                             
     # chordwise = 10   # spanwise = 50     First strip =  1
     Surface area =  12.372           ave. chord =  2.7682    
     CLsurf  =   0.067823     Clsurf  =  -0.005572
     CYsurf  =  -0.000031     Cmsurf  =  -0.039088
     CDsurf  =   0.002202     Cnsurf  =  -0.000104
     CDisurf =   0.000702     CDvsurf =   0.000000

  Forces referred to Ssurf, Cave about hinge axis thru LE
     cl_surf =   0.355992     cd_surf =   0.011555

 Strip Forces referred to strip area, chord
    j    xLE         yLE         zLE         Chord       Area        Dihedral   c cl        ai_ff       cl           clj         cd          cdv         cm_c/4     c.p.x/c      Dcj
     1   12.58      0.1114E-02   1.385       2.787      0.1241E-01  0.2857E-11  0.7985      0.1182E-01  0.2867       0.000      0.3343E-02   0.000     -0.3684E-02  0.2628       0.000    
     2   12.58      0.1002E-01   1.385       2.787      0.3719E-01 -0.9535E-12  0.7985      0.1538E-01  0.2867       0.000      0.3343E-02   0.000     -0.3684E-02  0.2628       0.000    
     3   12.58      0.2779E-01   1.385       2.787      0.6182E-01   0.000      0.7985      0.1566E-01  0.2867       0.000      0.3342E-02   0.000     -0.3682E-02  0.2628       0.000    
     4   12.58      0.5435E-01   1.385       2.787      0.8620E-01   0.000      0.7986      0.1574E-01  0.2867       0.000      0.3338E-02   0.000     -0.3674E-02  0.2628       0.000    
     5   12.58      0.8961E-01   1.385       2.787      0.1102     -0.3216E-12  0.7987      0.1577E-01  0.2868       0.000      0.3329E-02   0.000     -0.3657E-02  0.2628       0.000    
     6   12.58      0.1334       1.385       2.787      0.1339      0.2649E-12  0.7989      0.1577E-01  0.2869       0.000      0.3312E-02   0.000     -0.3624E-02  0.2626       0.000    
     7   12.58      0.1856       1.385       2.787      0.1569       0.000      0.7993      0.1576E-01  0.2870       0.000      0.3284E-02   0.000     -0.3566E-02  0.2624       0.000    
     8   12.58      0.2460       1.385       2.787      0.1794      0.1976E-12  0.7999      0.1573E-01  0.2872       0.000      0.3239E-02   0.000     -0.3477E-02  0.2621       0.000    
     9   12.58      0.3143       1.385       2.787      0.2012     -0.1763E-12  0.8007      0.1567E-01  0.2875       0.000      0.3173E-02   0.000     -0.3345E-02  0.2616       0.000    
    10   12.58      0.3903       1.385       2.787      0.2221       0.000      0.8019      0.1558E-01  0.2880       0.000      0.3078E-02   0.000     -0.3162E-02  0.2610       0.000    
    11   12.58      0.4736       1.385       2.787      0.2422       0.000      0.8035      0.1544E-01  0.2885       0.000      0.2949E-02   0.000     -0.2917E-02  0.2601       0.000    
    12   12.58      0.5640       1.385       2.787      0.2613      0.1357E-12  0.8055      0.1525E-01  0.2893       0.000      0.2774E-02   0.000     -0.2601E-02  0.2590       0.000    
    13   12.58      0.6610       1.385       2.787      0.2794     -0.1269E-12  0.8080      0.1496E-01  0.2902       0.000      0.2543E-02   0.000     -0.2204E-02  0.2576       0.000    
    14   12.58      0.7644       1.385       2.787      0.2964       0.000      0.8110      0.1453E-01  0.2913       0.000      0.2239E-02   0.000     -0.1719E-02  0.2559       0.000    
    15   12.58      0.8736       1.385       2.787      0.3122       0.000      0.8145      0.1389E-01  0.2925       0.000      0.1837E-02   0.000     -0.1137E-02  0.2539       0.000    
    16   12.58      0.9883       1.385       2.787      0.3268       0.000      0.8185      0.1290E-01  0.2940       0.000      0.1295E-02   0.000     -0.4528E-03  0.2515       0.000    
    17   12.58       1.108       1.385       2.787      0.3401       0.000      0.8230      0.1128E-01  0.2957       0.000      0.5278E-03   0.000      0.3451E-03  0.2488       0.000    
    18   12.58       1.232       1.385       2.787      0.3521       0.000      0.8279      0.8374E-02  0.2975       0.000     -0.6680E-03   0.000      0.1273E-02  0.2457       0.000    
    19   12.58       1.361       1.385       2.787      0.3627       0.000      0.8332      0.1899E-02  0.2995       0.000     -0.2937E-02   0.000      0.2369E-02  0.2421       0.000    
    20   12.58       1.492       1.385       2.787      0.3718       0.000      0.8388     -0.2574E-01  0.3019       0.000     -0.1027E-01   0.000      0.3733E-02  0.2376       0.000    
    21   12.58       1.586       1.385       2.787      0.1472       0.000      0.6484      0.4825E-01  0.4285      0.1962      0.4391E-01   0.000      0.3634E-01  0.1652       2.445    
    22   12.58       1.681       1.385       2.786      0.3847       0.000      0.5889      0.4584E-01  0.4310      0.2199      0.3102E-01   0.000      0.3774E-01  0.1624       2.446    
    23   12.58       1.820       1.385       2.783      0.3890       0.000      0.5588      0.4421E-01  0.4331      0.2326      0.2898E-01   0.000      0.3917E-01  0.1596       2.449    
    24   12.58       1.960       1.385       2.780      0.3917       0.000      0.5419      0.4316E-01  0.4346      0.2399      0.2831E-01   0.000      0.4021E-01  0.1575       2.451    
    25   12.58       2.102       1.385       2.778      0.3928       0.000      0.5317      0.4245E-01  0.4349      0.2437      0.2799E-01   0.000      0.4079E-01  0.1562       2.454    
    26   12.58       2.243       1.385       2.775      0.3924       0.000      0.5256      0.4207E-01  0.4335      0.2443      0.2777E-01   0.000      0.4076E-01  0.1560       2.456    
    27   12.58       2.384       1.385       2.772      0.3905       0.000      0.5226      0.4361E-01  0.4316      0.2433      0.2764E-01   0.000      0.4045E-01  0.1563       2.458    
    28   12.58       2.525       1.385       2.769      0.3870       0.000      0.5228      0.3698E-01  0.4337      0.2451      0.2777E-01   0.000      0.4094E-01  0.1556       2.461    
    29   12.58       2.664       1.385       2.767      0.3820       0.000      0.5259      0.4187E-01  0.4372      0.2474      0.2805E-01   0.000      0.4162E-01  0.1548       2.463    
    30   12.58       2.801       1.385       2.764      0.3756       0.000      0.5319      0.4217E-01  0.4405      0.2483      0.2842E-01   0.000      0.4208E-01  0.1545       2.466    
    31   12.58       2.935       1.385       2.761      0.3676       0.000      0.5413      0.4274E-01  0.4422      0.2464      0.2886E-01   0.000      0.4199E-01  0.1550       2.468    
    32   12.59       3.067       1.385       2.759      0.3582       0.000      0.5559      0.4358E-01  0.4428      0.2416      0.2954E-01   0.000      0.4148E-01  0.1563       2.470    
    33   12.59       3.195       1.385       2.756      0.3475       0.000      0.5795      0.4484E-01  0.4428      0.2328      0.3096E-01   0.000      0.4063E-01  0.1582       2.473    
    34   12.59       3.319       1.385       2.754      0.3354       0.000      0.6242      0.4692E-01  0.4422      0.2158      0.3617E-01   0.000      0.3945E-01  0.1608       2.475    
    35   12.59       3.441       1.385       2.751      0.3359       0.000      0.8624     -0.3530E-01  0.3146       0.000     -0.1480E-01   0.000      0.6288E-02  0.2300       0.000    
    36   12.59       3.561       1.385       2.749      0.3207       0.000      0.8600     -0.2372E-02  0.3136       0.000     -0.5756E-02   0.000      0.5291E-02  0.2331       0.000    
    37   12.59       3.674       1.385       2.747      0.3042       0.000      0.8580      0.4772E-02  0.3130       0.000     -0.3283E-02   0.000      0.4615E-02  0.2353       0.000    
    38   12.59       3.782       1.385       2.745      0.2865       0.000      0.8561      0.7871E-02  0.3125       0.000     -0.2106E-02   0.000      0.4118E-02  0.2368       0.000    
    39   12.59       3.883       1.385       2.743      0.2678       0.000      0.8544      0.9542E-02  0.3120       0.000     -0.1422E-02   0.000      0.3744E-02  0.2380       0.000    
    40   12.59       3.977       1.385       2.741      0.2480     -0.1406E-12  0.8528      0.1055E-01  0.3116       0.000     -0.9729E-03   0.000      0.3460E-02  0.2389       0.000    
    41   12.59       4.064       1.385       2.739      0.2273      0.1533E-12  0.8513      0.1120E-01  0.3112       0.000     -0.6468E-03   0.000      0.3242E-02  0.2396       0.000    
    42   12.59       4.143       1.385       2.738      0.2057       0.000      0.8498      0.1168E-01  0.3109       0.000     -0.3409E-03   0.000      0.3076E-02  0.2401       0.000    
    43   12.59       4.214       1.385       2.733      0.1825      0.1905E-12  0.8485      0.1181E-01  0.3109       0.000     -0.2229E-03   0.000      0.2969E-02  0.2405       0.000    
    44   12.59       4.277       1.385       2.725      0.1592       0.000      0.8472      0.1167E-01  0.3114       0.000     -0.2733E-03   0.000      0.2904E-02  0.2407       0.000    
    45   12.60       4.331       1.385       2.718      0.1354     -0.2554E-12  0.8461      0.1155E-01  0.3117       0.000     -0.2753E-03   0.000      0.2858E-02  0.2408       0.000    
    46   12.60       4.376       1.385       2.713      0.1113       0.000      0.8452      0.1143E-01  0.3120       0.000     -0.2788E-03   0.000      0.2829E-02  0.2409       0.000    
    47   12.60       4.413       1.385       2.708      0.8689E-01   0.000      0.8444      0.1132E-01  0.3122       0.000     -0.2847E-03   0.000      0.2812E-02  0.2410       0.000    
    48   12.60       4.440       1.385       2.705      0.6224E-01   0.000      0.8438      0.1123E-01  0.3124       0.000     -0.2917E-03   0.000      0.2802E-02  0.2410       0.000    
    49   12.60       4.459       1.385       2.703      0.3741E-01   0.000      0.8435      0.1117E-01  0.3125       0.000     -0.2978E-03   0.000      0.2797E-02  0.2410       0.000    
    50   12.60       4.468       1.385       2.701      0.1248E-01   0.000      0.8433      0.1113E-01  0.3126       0.000     -0.3021E-03   0.000      0.2796E-02  0.2411       0.000    

 Surface forces referred to Sref,Cref,Bref about Xmom,Ymom,Zmom
 Standard axis orientation,  X fwd, Z down         

  Surface # 2     main_wing_1 (YDUP)                      
     # chordwise = 10   # spanwise = 50     First strip = 51
     Surface area =  12.372           ave. chord =  2.7682    
     CLsurf  =   0.067747     Clsurf  =   0.005566
     CYsurf  =   0.000031     Cmsurf  =  -0.039056
     CDsurf  =   0.002196     Cnsurf  =   0.000104
     CDisurf =   0.000701     CDvsurf =   0.000000

  Forces referred to Ssurf, Cave about hinge axis thru LE
     cl_surf =   0.355590     cd_surf =   0.011528

 Strip Forces referred to strip area, chord
    j    xLE         yLE         zLE         Chord       Area        Dihedral   c cl        ai_ff       cl           clj         cd          cdv         cm_c/4     c.p.x/c      Dcj
    51   12.58     -0.1114E-02   1.385       2.787      0.1241E-01 -0.2857E-11  0.7985      0.1983E-01  0.2867       0.000      0.3343E-02   0.000     -0.3684E-02  0.2628       0.000    
    52   12.58     -0.1002E-01   1.385       2.787      0.3719E-01  0.9535E-12  0.7985      0.1627E-01  0.2867       0.000      0.3343E-02   0.000     -0.3684E-02  0.2628       0.000    
    53   12.58     -0.2779E-01   1.385       2.787      0.6182E-01   0.000      0.7985      0.1598E-01  0.2867       0.000      0.3342E-02   0.000     -0.3682E-02  0.2628       0.000    
    54   12.58     -0.5435E-01   1.385       2.787      0.8620E-01   0.000      0.7986      0.1590E-01  0.2867       0.000      0.3338E-02   0.000     -0.3674E-02  0.2628       0.000    
    55   12.58     -0.8961E-01   1.385       2.787      0.1102      0.3216E-12  0.7987      0.1586E-01  0.2868       0.000      0.3330E-02   0.000     -0.3657E-02  0.2628       0.000    
    56   12.58     -0.1334       1.385       2.787      0.1339     -0.2649E-12  0.7989      0.1582E-01  0.2869       0.000      0.3313E-02   0.000     -0.3623E-02  0.2626       0.000    
    57   12.58     -0.1856       1.385       2.787      0.1569       0.000      0.7992      0.1578E-01  0.2870       0.000      0.3285E-02   0.000     -0.3565E-02  0.2624       0.000    
    58   12.58     -0.2460       1.385       2.787      0.1794     -0.1976E-12  0.7998      0.1574E-01  0.2872       0.000      0.3240E-02   0.000     -0.3475E-02  0.2621       0.000    
    59   12.58     -0.3143       1.385       2.787      0.2012      0.1763E-12  0.8007      0.1568E-01  0.2875       0.000      0.3174E-02   0.000     -0.3343E-02  0.2616       0.000    
    60   12.58     -0.3903       1.385       2.787      0.2221       0.000      0.8018      0.1558E-01  0.2879       0.000      0.3079E-02   0.000     -0.3160E-02  0.2610       0.000    
    61   12.58     -0.4736       1.385       2.787      0.2422       0.000      0.8034      0.1545E-01  0.2885       0.000      0.2949E-02   0.000     -0.2914E-02  0.2601       0.000    
    62   12.58     -0.5640       1.385       2.787      0.2613     -0.1357E-12  0.8054      0.1525E-01  0.2892       0.000      0.2774E-02   0.000     -0.2597E-02  0.2590       0.000    
    63   12.58     -0.6610       1.385       2.787      0.2794      0.1269E-12  0.8079      0.1496E-01  0.2901       0.000      0.2543E-02   0.000     -0.2200E-02  0.2576       0.000    
    64   12.58     -0.7644       1.385       2.787      0.2964       0.000      0.8108      0.1453E-01  0.2912       0.000      0.2239E-02   0.000     -0.1715E-02  0.2559       0.000    
    65   12.58     -0.8736       1.385       2.787      0.3122       0.000      0.8143      0.1389E-01  0.2925       0.000      0.1837E-02   0.000     -0.1133E-02  0.2539       0.000    
    66   12.58     -0.9883       1.385       2.787      0.3268       0.000      0.8183      0.1290E-01  0.2939       0.000      0.1295E-02   0.000     -0.4490E-03  0.2515       0.000    
    67   12.58      -1.108       1.385       2.787      0.3401       0.000      0.8228      0.1129E-01  0.2956       0.000      0.5286E-03   0.000      0.3480E-03  0.2488       0.000    
    68   12.58      -1.232       1.385       2.787      0.3521       0.000      0.8276      0.8383E-02  0.2974       0.000     -0.6654E-03   0.000      0.1275E-02  0.2457       0.000    
    69   12.58      -1.361       1.385       2.787      0.3627       0.000      0.8328      0.1910E-02  0.2994       0.000     -0.2929E-02   0.000      0.2368E-02  0.2421       0.000    
    70   12.58      -1.492       1.385       2.787      0.3718       0.000      0.8384     -0.2573E-01  0.3017       0.000     -0.1024E-01   0.000      0.3726E-02  0.2377       0.000    
    71   12.58      -1.586       1.385       2.787      0.1472       0.000      0.6481      0.4825E-01  0.4283      0.1961      0.4388E-01   0.000      0.3633E-01  0.1652       2.445    
    72   12.58      -1.681       1.385       2.786      0.3847       0.000      0.5885      0.4584E-01  0.4307      0.2197      0.3099E-01   0.000      0.3772E-01  0.1624       2.446    
    73   12.58      -1.820       1.385       2.783      0.3890       0.000      0.5583      0.4421E-01  0.4328      0.2324      0.2894E-01   0.000      0.3912E-01  0.1596       2.449    
    74   12.58      -1.960       1.385       2.780      0.3917       0.000      0.5414      0.4316E-01  0.4340      0.2395      0.2826E-01   0.000      0.4012E-01  0.1576       2.451    
    75   12.58      -2.102       1.385       2.778      0.3928       0.000      0.5311      0.4244E-01  0.4340      0.2430      0.2792E-01   0.000      0.4060E-01  0.1564       2.454    
    76   12.58      -2.243       1.385       2.775      0.3924       0.000      0.5249      0.4207E-01  0.4318      0.2429      0.2766E-01   0.000      0.4040E-01  0.1564       2.456    
    77   12.58      -2.384       1.385       2.772      0.3905       0.000      0.5218      0.4370E-01  0.4294      0.2414      0.2750E-01   0.000      0.3995E-01  0.1570       2.458    
    78   12.58      -2.525       1.385       2.769      0.3870       0.000      0.5220      0.3664E-01  0.4314      0.2431      0.2763E-01   0.000      0.4042E-01  0.1563       2.461    
    79   12.58      -2.664       1.385       2.767      0.3820       0.000      0.5252      0.4189E-01  0.4354      0.2459      0.2794E-01   0.000      0.4123E-01  0.1553       2.463    
    80   12.58      -2.801       1.385       2.764      0.3756       0.000      0.5313      0.4216E-01  0.4395      0.2476      0.2835E-01   0.000      0.4188E-01  0.1547       2.466    
    81   12.58      -2.935       1.385       2.761      0.3676       0.000      0.5409      0.4274E-01  0.4417      0.2461      0.2882E-01   0.000      0.4190E-01  0.1551       2.468    
    82   12.59      -3.067       1.385       2.759      0.3582       0.000      0.5556      0.4358E-01  0.4425      0.2414      0.2951E-01   0.000      0.4144E-01  0.1564       2.470    
    83   12.59      -3.195       1.385       2.756      0.3475       0.000      0.5793      0.4484E-01  0.4426      0.2327      0.3094E-01   0.000      0.4062E-01  0.1582       2.473    
    84   12.59      -3.319       1.385       2.754      0.3354       0.000      0.6240      0.4692E-01  0.4421      0.2158      0.3616E-01   0.000      0.3945E-01  0.1608       2.475    
    85   12.59      -3.441       1.385       2.751      0.3359       0.000      0.8622     -0.3528E-01  0.3146       0.000     -0.1480E-01   0.000      0.6293E-02  0.2300       0.000    
    86   12.59      -3.561       1.385       2.749      0.3207       0.000      0.8599     -0.2363E-02  0.3135       0.000     -0.5761E-02   0.000      0.5299E-02  0.2331       0.000    
    87   12.59      -3.674       1.385       2.747      0.3042       0.000      0.8579      0.4780E-02  0.3129       0.000     -0.3290E-02   0.000      0.4624E-02  0.2352       0.000    
    88   12.59      -3.782       1.385       2.745      0.2865       0.000      0.8561      0.7878E-02  0.3125       0.000     -0.2114E-02   0.000      0.4129E-02  0.2368       0.000    
    89   12.59      -3.883       1.385       2.743      0.2678       0.000      0.8544      0.9548E-02  0.3120       0.000     -0.1429E-02   0.000      0.3755E-02  0.2380       0.000    
    90   12.59      -3.977       1.385       2.741      0.2480      0.1406E-12  0.8528      0.1055E-01  0.3116       0.000     -0.9799E-03   0.000      0.3470E-02  0.2389       0.000    
    91   12.59      -4.064       1.385       2.739      0.2273     -0.1533E-12  0.8513      0.1120E-01  0.3113       0.000     -0.6534E-03   0.000      0.3252E-02  0.2396       0.000    
    92   12.59      -4.143       1.385       2.738      0.2057       0.000      0.8499      0.1169E-01  0.3109       0.000     -0.3472E-03   0.000      0.3085E-02  0.2401       0.000    
    93   12.59      -4.214       1.385       2.733      0.1825     -0.1905E-12  0.8486      0.1181E-01  0.3110       0.000     -0.2289E-03   0.000      0.2978E-02  0.2404       0.000    
    94   12.59      -4.277       1.385       2.725      0.1592       0.000      0.8473      0.1167E-01  0.3114       0.000     -0.2792E-03   0.000      0.2912E-02  0.2406       0.000    
    95   12.60      -4.331       1.385       2.718      0.1354      0.2554E-12  0.8462      0.1155E-01  0.3117       0.000     -0.2810E-03   0.000      0.2867E-02  0.2408       0.000    
    96   12.60      -4.376       1.385       2.713      0.1113       0.000      0.8453      0.1144E-01  0.3120       0.000     -0.2844E-03   0.000      0.2837E-02  0.2409       0.000    
    97   12.60      -4.413       1.385       2.708      0.8689E-01   0.000      0.8445      0.1133E-01  0.3123       0.000     -0.2903E-03   0.000      0.2820E-02  0.2410       0.000    
    98   12.60      -4.440       1.385       2.705      0.6224E-01   0.000      0.8439      0.1124E-01  0.3124       0.000     -0.2972E-03   0.000      0.2810E-02  0.2410       0.000    
    99   12.60      -4.459       1.385       2.703      0.3741E-01   0.000      0.8435      0.1117E-01  0.3126       0.000     -0.3033E-03   0.000      0.2805E-02  0.2410       0.000    
   100   12.60      -4.468       1.385       2.701      0.1248E-01   0.000      0.8433      0.1114E-01  0.3126       0.000     -0.3075E-03   0.000      0.2803E-02  0.2410       0.000    

 Surface forces referred to Sref,Cref,Bref about Xmom,Ymom,Zmom
 Standard axis orientation,  X fwd, Z down         

  Surface # 3     main_wing_2                             
     # chordwise = 10   # spanwise = 50     First strip =101
     Surface area =  9.8201           ave. chord =  2.4554    
     CLsurf  =   0.058387     Clsurf  =  -0.013434
     CYsurf  =  -0.000161     Cmsurf  =  -0.033327
     CDsurf  =   0.001932     Cnsurf  =  -0.000235
     CDisurf =   0.000451     CDvsurf =   0.000000

  Forces referred to Ssurf, Cave about hinge axis thru LE
     cl_surf =   0.386088     cd_surf =   0.012775

 Strip Forces referred to strip area, chord
    j    xLE         yLE         zLE         Chord       Area        Dihedral   c cl        ai_ff       cl           clj         cd          cdv         cm_c/4     c.p.x/c      Dcj
   101   12.60       4.470       1.385       2.701      0.1121E-01  0.3066E-11  0.8432      0.1113E-01  0.3126       0.000     -0.3030E-03   0.000      0.2795E-02  0.2411       0.000    
   102   12.60       4.478       1.385       2.700      0.3357E-01 -0.1023E-11  0.8431      0.1109E-01  0.3127       0.000     -0.3050E-03   0.000      0.2794E-02  0.2411       0.000    
   103   12.60       4.495       1.385       2.698      0.5575E-01   0.000      0.8427      0.1103E-01  0.3128       0.000     -0.3116E-03   0.000      0.2792E-02  0.2411       0.000    
   104   12.60       4.520       1.385       2.695      0.7766E-01   0.000      0.8422      0.1093E-01  0.3129       0.000     -0.3236E-03   0.000      0.2792E-02  0.2411       0.000    
   105   12.60       4.553       1.385       2.691      0.9917E-01   0.000      0.8415      0.1078E-01  0.3132       0.000     -0.3433E-03   0.000      0.2796E-02  0.2411       0.000    
   106   12.60       4.593       1.385       2.686      0.1202       0.000      0.8407      0.1058E-01  0.3134       0.000     -0.3740E-03   0.000      0.2807E-02  0.2410       0.000    
   107   12.61       4.642       1.385       2.680      0.1406       0.000      0.8396      0.1031E-01  0.3137       0.000     -0.4202E-03   0.000      0.2830E-02  0.2410       0.000    
   108   12.61       4.698       1.385       2.673      0.1603       0.000      0.8385      0.9964E-02  0.3141       0.000     -0.4881E-03   0.000      0.2870E-02  0.2409       0.000    
   109   12.61       4.762       1.385       2.665      0.1792       0.000      0.8371      0.9505E-02  0.3146       0.000     -0.5863E-03   0.000      0.2934E-02  0.2407       0.000    
   110   12.61       4.833       1.385       2.657      0.1972     -0.1713E-12  0.8357      0.8902E-02  0.3150       0.000     -0.7272E-03   0.000      0.3031E-02  0.2404       0.000    
   111   12.61       4.910       1.385       2.647      0.2143      0.3143E-12  0.8341      0.8096E-02  0.3156       0.000     -0.9298E-03   0.000      0.3169E-02  0.2400       0.000    
   112   12.62       4.995       1.385       2.637      0.2303     -0.1456E-12  0.8324      0.6992E-02  0.3162       0.000     -0.1225E-02   0.000      0.3362E-02  0.2394       0.000    
   113   12.62       5.085       1.385       2.626      0.2452       0.000      0.8307      0.5412E-02  0.3169       0.000     -0.1668E-02   0.000      0.3627E-02  0.2386       0.000    
   114   12.62       5.181       1.385       2.614      0.2590       0.000      0.8288      0.2992E-02  0.3177       0.000     -0.2372E-02   0.000      0.3986E-02  0.2375       0.000    
   115   12.62       5.283       1.385       2.601      0.2715       0.000      0.8270     -0.1176E-02  0.3186       0.000     -0.3604E-02   0.000      0.4474E-02  0.2360       0.000    
   116   12.63       5.390       1.385       2.588      0.2828       0.000      0.8252     -0.1020E-01  0.3196       0.000     -0.6216E-02   0.000      0.5153E-02  0.2339       0.000    
   117   12.63       5.501       1.385       2.574      0.2927       0.000      0.8237     -0.4967E-01  0.3212       0.000     -0.1579E-01   0.000      0.6170E-02  0.2308       0.000    
   118   12.64       5.611       1.385       2.561      0.2707       0.000      0.5955      0.4648E-01  0.4589      0.2267      0.3892E-01   0.000      0.4173E-01  0.1591       2.661    
   119   12.64       5.719       1.385       2.548      0.2774       0.000      0.5498      0.4411E-01  0.4609      0.2454      0.3307E-01   0.000      0.4318E-01  0.1563       2.675    
   120   12.64       5.829       1.385       2.534      0.2829       0.000      0.5239      0.4259E-01  0.4624      0.2559      0.3154E-01   0.000      0.4436E-01  0.1541       2.689    
   121   12.65       5.942       1.385       2.520      0.2872       0.000      0.5064      0.4151E-01  0.4635      0.2629      0.3087E-01   0.000      0.4530E-01  0.1523       2.704    
   122   12.65       6.057       1.385       2.506      0.2902       0.000      0.4936      0.4071E-01  0.4641      0.2674      0.3050E-01   0.000      0.4595E-01  0.1510       2.719    
   123   12.65       6.173       1.385       2.492      0.2920       0.000      0.4839      0.4013E-01  0.4635      0.2695      0.3025E-01   0.000      0.4621E-01  0.1503       2.735    
   124   12.66       6.291       1.385       2.477      0.2926     -0.1077E-12  0.4766      0.3986E-01  0.4618      0.2697      0.3005E-01   0.000      0.4608E-01  0.1502       2.751    
   125   12.66       6.409       1.385       2.463      0.2921      0.1073E-12  0.4713      0.4053E-01  0.4607      0.2696      0.2995E-01   0.000      0.4598E-01  0.1502       2.767    
   126   12.66       6.528       1.385       2.448      0.2904       0.000      0.4680      0.3875E-01  0.4621      0.2712      0.3004E-01   0.000      0.4640E-01  0.1496       2.784    
   127   12.67       6.647       1.385       2.434      0.2875       0.000      0.4668      0.3966E-01  0.4655      0.2739      0.3029E-01   0.000      0.4714E-01  0.1487       2.800    
   128   12.67       6.764       1.385       2.419      0.2835       0.000      0.4677      0.3988E-01  0.4692      0.2761      0.3063E-01   0.000      0.4780E-01  0.1481       2.817    
   129   12.67       6.881       1.385       2.405      0.2785       0.000      0.4710      0.4038E-01  0.4718      0.2762      0.3102E-01   0.000      0.4803E-01  0.1482       2.834    
   130   12.68       6.996       1.385       2.391      0.2724       0.000      0.4774      0.4111E-01  0.4733      0.2739      0.3151E-01   0.000      0.4786E-01  0.1489       2.851    
   131   12.68       7.109       1.385       2.377      0.2654       0.000      0.4884      0.4215E-01  0.4742      0.2690      0.3231E-01   0.000      0.4736E-01  0.1501       2.867    
   132   12.68       7.219       1.385       2.363      0.2574       0.000      0.5076      0.4367E-01  0.4746      0.2601      0.3396E-01   0.000      0.4655E-01  0.1519       2.884    
   133   12.69       7.326       1.385       2.350      0.2485       0.000      0.5459      0.4612E-01  0.4745      0.2425      0.3999E-01   0.000      0.4538E-01  0.1544       2.900    
   134   12.69       7.436       1.385       2.337      0.2657       0.000      0.7559     -0.5700E-01  0.3248       0.000     -0.1545E-01   0.000      0.6538E-02  0.2299       0.000    
   135   12.69       7.548       1.385       2.323      0.2538       0.000      0.7501     -0.1534E-01  0.3237       0.000     -0.6239E-02   0.000      0.5369E-02  0.2334       0.000    
   136   12.70       7.654       1.385       2.310      0.2411       0.000      0.7448     -0.6123E-02  0.3231       0.000     -0.3679E-02   0.000      0.4564E-02  0.2359       0.000    
   137   12.70       7.756       1.385       2.297      0.2276       0.000      0.7399     -0.2064E-02  0.3226       0.000     -0.2462E-02   0.000      0.3967E-02  0.2377       0.000    
   138   12.70       7.853       1.385       2.285      0.2135       0.000      0.7353      0.1532E-03  0.3223       0.000     -0.1762E-02   0.000      0.3514E-02  0.2391       0.000    
   139   12.71       7.943       1.385       2.274      0.1987       0.000      0.7311      0.1496E-02  0.3220       0.000     -0.1318E-02   0.000      0.3168E-02  0.2402       0.000    
   140   12.71       8.027       1.385       2.264      0.1833       0.000      0.7273      0.2355E-02  0.3218       0.000     -0.1021E-02   0.000      0.2904E-02  0.2410       0.000    
   141   12.71       8.105       1.385       2.254      0.1674       0.000      0.7238      0.2921E-02  0.3216       0.000     -0.8166E-03   0.000      0.2706E-02  0.2416       0.000    
   142   12.71       8.176       1.385       2.246      0.1510       0.000      0.7207      0.3296E-02  0.3214       0.000     -0.6746E-03   0.000      0.2559E-02  0.2420       0.000    
   143   12.72       8.239       1.385       2.238      0.1342     -0.2121E-12  0.7179      0.3543E-02  0.3213       0.000     -0.5762E-03   0.000      0.2453E-02  0.2424       0.000    
   144   12.72       8.295       1.385       2.231      0.1170      0.2425E-12  0.7154      0.3701E-02  0.3211       0.000     -0.5092E-03   0.000      0.2379E-02  0.2426       0.000    
   145   12.72       8.344       1.385       2.225      0.9955E-01   0.000      0.7133      0.3798E-02  0.3211       0.000     -0.4647E-03   0.000      0.2330E-02  0.2427       0.000    
   146   12.72       8.385       1.385       2.220      0.8181E-01   0.000      0.7115      0.3853E-02  0.3210       0.000     -0.4364E-03   0.000      0.2299E-02  0.2428       0.000    
   147   12.72       8.418       1.385       2.216      0.6385E-01   0.000      0.7101      0.3880E-02  0.3209       0.000     -0.4195E-03   0.000      0.2281E-02  0.2429       0.000    
   148   12.72       8.443       1.385       2.213      0.4572E-01   0.000      0.7091      0.3892E-02  0.3209       0.000     -0.4102E-03   0.000      0.2271E-02  0.2429       0.000    
   149   12.72       8.459       1.385       2.211      0.2748E-01   0.000      0.7084      0.3895E-02  0.3209       0.000     -0.4061E-03   0.000      0.2266E-02  0.2429       0.000    
   150   12.72       8.467       1.385       2.210      0.9168E-02   0.000      0.7080      0.3895E-02  0.3209       0.000     -0.4061E-03   0.000      0.2264E-02  0.2429       0.000    

 Surface forces referred to Sref,Cref,Bref about Xmom,Ymom,Zmom
 Standard axis orientation,  X fwd, Z down         

  Surface # 4     main_wing_2 (YDUP)                      
     # chordwise = 10   # spanwise = 50     First strip =151
     Surface area =  9.8201           ave. chord =  2.4554    
     CLsurf  =   0.058389     Clsurf  =   0.013434
     CYsurf  =   0.000161     Cmsurf  =  -0.033329
     CDsurf  =   0.001932     Cnsurf  =   0.000235
     CDisurf =   0.000451     CDvsurf =   0.000000

  Forces referred to Ssurf, Cave about hinge axis thru LE
     cl_surf =   0.386106     cd_surf =   0.012774

 Strip Forces referred to strip area, chord
    j    xLE         yLE         zLE         Chord       Area        Dihedral   c cl        ai_ff       cl           clj         cd          cdv         cm_c/4     c.p.x/c      Dcj
   151   12.60      -4.470       1.385       2.701      0.1121E-01 -0.3066E-11  0.8433      0.1113E-01  0.3126       0.000     -0.3084E-03   0.000      0.2803E-02  0.2410       0.000    
   152   12.60      -4.478       1.385       2.700      0.3357E-01  0.1023E-11  0.8431      0.1110E-01  0.3127       0.000     -0.3105E-03   0.000      0.2802E-02  0.2410       0.000    
   153   12.60      -4.495       1.385       2.698      0.5575E-01   0.000      0.8428      0.1103E-01  0.3128       0.000     -0.3170E-03   0.000      0.2800E-02  0.2410       0.000    
   154   12.60      -4.520       1.385       2.695      0.7766E-01   0.000      0.8423      0.1093E-01  0.3130       0.000     -0.3289E-03   0.000      0.2800E-02  0.2411       0.000    
   155   12.60      -4.553       1.385       2.691      0.9917E-01   0.000      0.8416      0.1078E-01  0.3132       0.000     -0.3486E-03   0.000      0.2803E-02  0.2411       0.000    
   156   12.60      -4.593       1.385       2.686      0.1202       0.000      0.8407      0.1058E-01  0.3135       0.000     -0.3793E-03   0.000      0.2814E-02  0.2410       0.000    
   157   12.61      -4.642       1.385       2.680      0.1406       0.000      0.8397      0.1032E-01  0.3138       0.000     -0.4254E-03   0.000      0.2837E-02  0.2410       0.000    
   158   12.61      -4.698       1.385       2.673      0.1603       0.000      0.8386      0.9966E-02  0.3142       0.000     -0.4933E-03   0.000      0.2877E-02  0.2408       0.000    
   159   12.61      -4.762       1.385       2.665      0.1792       0.000      0.8373      0.9508E-02  0.3146       0.000     -0.5915E-03   0.000      0.2941E-02  0.2407       0.000    
   160   12.61      -4.833       1.385       2.657      0.1972      0.1713E-12  0.8358      0.8904E-02  0.3151       0.000     -0.7324E-03   0.000      0.3037E-02  0.2404       0.000    
   161   12.61      -4.910       1.385       2.647      0.2143     -0.3143E-12  0.8342      0.8098E-02  0.3156       0.000     -0.9350E-03   0.000      0.3176E-02  0.2399       0.000    
   162   12.62      -4.995       1.385       2.637      0.2303      0.1456E-12  0.8325      0.6994E-02  0.3163       0.000     -0.1230E-02   0.000      0.3369E-02  0.2393       0.000    
   163   12.62      -5.085       1.385       2.626      0.2452       0.000      0.8308      0.5414E-02  0.3169       0.000     -0.1674E-02   0.000      0.3634E-02  0.2385       0.000    
   164   12.62      -5.181       1.385       2.614      0.2590       0.000      0.8290      0.2993E-02  0.3177       0.000     -0.2378E-02   0.000      0.3993E-02  0.2374       0.000    
   165   12.62      -5.283       1.385       2.601      0.2715       0.000      0.8271     -0.1175E-02  0.3186       0.000     -0.3612E-02   0.000      0.4482E-02  0.2359       0.000    
   166   12.63      -5.390       1.385       2.588      0.2828       0.000      0.8254     -0.1020E-01  0.3197       0.000     -0.6226E-02   0.000      0.5162E-02  0.2339       0.000    
   167   12.63      -5.501       1.385       2.574      0.2927       0.000      0.8239     -0.4967E-01  0.3213       0.000     -0.1581E-01   0.000      0.6181E-02  0.2308       0.000    
   168   12.64      -5.611       1.385       2.561      0.2707       0.000      0.5956      0.4648E-01  0.4589      0.2267      0.3893E-01   0.000      0.4175E-01  0.1590       2.661    
   169   12.64      -5.719       1.385       2.548      0.2774       0.000      0.5499      0.4411E-01  0.4610      0.2454      0.3308E-01   0.000      0.4320E-01  0.1563       2.675    
   170   12.64      -5.829       1.385       2.534      0.2829       0.000      0.5240      0.4259E-01  0.4625      0.2560      0.3155E-01   0.000      0.4438E-01  0.1540       2.689    
   171   12.65      -5.942       1.385       2.520      0.2872       0.000      0.5065      0.4151E-01  0.4637      0.2630      0.3088E-01   0.000      0.4533E-01  0.1522       2.704    
   172   12.65      -6.057       1.385       2.506      0.2902       0.000      0.4937      0.4071E-01  0.4642      0.2675      0.3051E-01   0.000      0.4599E-01  0.1509       2.719    
   173   12.65      -6.173       1.385       2.492      0.2920       0.000      0.4840      0.4012E-01  0.4638      0.2698      0.3027E-01   0.000      0.4627E-01  0.1502       2.735    
   174   12.66      -6.291       1.385       2.477      0.2926      0.1077E-12  0.4767      0.3981E-01  0.4622      0.2700      0.3007E-01   0.000      0.4617E-01  0.1501       2.751    
   175   12.66      -6.409       1.385       2.463      0.2921     -0.1073E-12  0.4713      0.3878E-01  0.4610      0.2699      0.2997E-01   0.000      0.4606E-01  0.1501       2.767    
   176   12.66      -6.528       1.385       2.448      0.2904       0.000      0.4680      0.4051E-01  0.4618      0.2709      0.3003E-01   0.000      0.4632E-01  0.1497       2.784    
   177   12.67      -6.647       1.385       2.434      0.2875       0.000      0.4668      0.3971E-01  0.4651      0.2736      0.3027E-01   0.000      0.4705E-01  0.1488       2.800    
   178   12.67      -6.764       1.385       2.419      0.2835       0.000      0.4677      0.3988E-01  0.4690      0.2759      0.3062E-01   0.000      0.4775E-01  0.1482       2.817    
   179   12.67      -6.881       1.385       2.405      0.2785       0.000      0.4710      0.4038E-01  0.4716      0.2761      0.3100E-01   0.000      0.4800E-01  0.1482       2.834    
   180   12.68      -6.996       1.385       2.391      0.2724       0.000      0.4773      0.4111E-01  0.4732      0.2738      0.3150E-01   0.000      0.4784E-01  0.1489       2.851    
   181   12.68      -7.109       1.385       2.377      0.2654       0.000      0.4883      0.4215E-01  0.4741      0.2689      0.3230E-01   0.000      0.4734E-01  0.1502       2.867    
   182   12.68      -7.219       1.385       2.363      0.2574       0.000      0.5075      0.4367E-01  0.4746      0.2601      0.3395E-01   0.000      0.4653E-01  0.1519       2.884    
   183   12.69      -7.326       1.385       2.350      0.2485       0.000      0.5458      0.4612E-01  0.4744      0.2425      0.3998E-01   0.000      0.4537E-01  0.1544       2.900    
   184   12.69      -7.436       1.385       2.337      0.2657       0.000      0.7558     -0.5700E-01  0.3247       0.000     -0.1544E-01   0.000      0.6533E-02  0.2299       0.000    
   185   12.69      -7.548       1.385       2.323      0.2538       0.000      0.7500     -0.1534E-01  0.3236       0.000     -0.6234E-02   0.000      0.5365E-02  0.2334       0.000    
   186   12.70      -7.654       1.385       2.310      0.2411       0.000      0.7447     -0.6123E-02  0.3231       0.000     -0.3675E-02   0.000      0.4561E-02  0.2359       0.000    
   187   12.70      -7.756       1.385       2.297      0.2276       0.000      0.7398     -0.2064E-02  0.3226       0.000     -0.2460E-02   0.000      0.3965E-02  0.2377       0.000    
   188   12.70      -7.853       1.385       2.285      0.2135       0.000      0.7353      0.1537E-03  0.3223       0.000     -0.1760E-02   0.000      0.3512E-02  0.2391       0.000    
   189   12.71      -7.943       1.385       2.274      0.1987       0.000      0.7311      0.1497E-02  0.3220       0.000     -0.1317E-02   0.000      0.3167E-02  0.2402       0.000    
   190   12.71      -8.027       1.385       2.264      0.1833       0.000      0.7273      0.2356E-02  0.3217       0.000     -0.1020E-02   0.000      0.2903E-02  0.2410       0.000    
   191   12.71      -8.105       1.385       2.254      0.1674       0.000      0.7238      0.2921E-02  0.3215       0.000     -0.8157E-03   0.000      0.2705E-02  0.2416       0.000    
   192   12.71      -8.176       1.385       2.246      0.1510       0.000      0.7206      0.3296E-02  0.3214       0.000     -0.6739E-03   0.000      0.2559E-02  0.2420       0.000    
   193   12.72      -8.239       1.385       2.238      0.1342      0.2121E-12  0.7178      0.3543E-02  0.3212       0.000     -0.5756E-03   0.000      0.2453E-02  0.2424       0.000    
   194   12.72      -8.295       1.385       2.231      0.1170     -0.2425E-12  0.7154      0.3701E-02  0.3211       0.000     -0.5086E-03   0.000      0.2379E-02  0.2426       0.000    
   195   12.72      -8.344       1.385       2.225      0.9955E-01   0.000      0.7133      0.3798E-02  0.3210       0.000     -0.4642E-03   0.000      0.2330E-02  0.2427       0.000    
   196   12.72      -8.385       1.385       2.220      0.8181E-01   0.000      0.7115      0.3853E-02  0.3210       0.000     -0.4360E-03   0.000      0.2299E-02  0.2428       0.000    
   197   12.72      -8.418       1.385       2.216      0.6385E-01   0.000      0.7101      0.3881E-02  0.3209       0.000     -0.4191E-03   0.000      0.2281E-02  0.2429       0.000    
   198   12.72      -8.443       1.385       2.213      0.4572E-01   0.000      0.7090      0.3892E-02  0.3209       0.000     -0.4099E-03   0.000      0.2271E-02  0.2429       0.000    
   199   12.72      -8.459       1.385       2.211      0.2748E-01   0.000      0.7083      0.3895E-02  0.3209       0.000     -0.4058E-03   0.000      0.2266E-02  0.2429       0.000    
   200   12.72      -8.467       1.385       2.210      0.9168E-02   0.000      0.7080      0.3896E-02  0.3209       0.000     -0.4058E-03   0.000      0.2264E-02  0.2429       0.000    

 Surface forces referred to Sref,Cref,Bref about Xmom,Ymom,Zmom
 Standard axis orientation,  X fwd, Z down         

  Surface # 5     main_wing_3                             
     # chordwise = 10   # spanwise = 50     First strip =201
     Surface area =  10.276           ave. chord =  1.8722    
     CLsurf  =   0.054331     Clsurf  =  -0.020868
     CYsurf  =  -0.000151     Cmsurf  =  -0.031394
     CDsurf  =   0.001777     Cnsurf  =  -0.000400
     CDisurf =   0.000464     CDvsurf =   0.000000

  Forces referred to Ssurf, Cave about hinge axis thru LE
     cl_surf =   0.343314     cd_surf =   0.011231

 Strip Forces referred to strip area, chord
    j    xLE         yLE         zLE         Chord       Area        Dihedral   c cl        ai_ff       cl           clj         cd          cdv         cm_c/4     c.p.x/c      Dcj
   201   12.72       8.470       1.385       2.209      0.1153E-01 -0.2439E-11  0.7079      0.3895E-02  0.3209       0.000     -0.4052E-03   0.000      0.2264E-02  0.2429       0.000    
   202   12.72       8.480       1.385       2.208      0.3451E-01  0.8140E-12  0.7075      0.3894E-02  0.3209       0.000     -0.4009E-03   0.000      0.2263E-02  0.2429       0.000    
   203   12.72       8.501       1.385       2.206      0.5730E-01   0.000      0.7066      0.3887E-02  0.3208       0.000     -0.3971E-03   0.000      0.2261E-02  0.2430       0.000    
   204   12.72       8.532       1.385       2.202      0.7976E-01   0.000      0.7053      0.3866E-02  0.3208       0.000     -0.3961E-03   0.000      0.2263E-02  0.2429       0.000    
   205   12.73       8.573       1.385       2.197      0.1018       0.000      0.7036      0.3818E-02  0.3207       0.000     -0.4021E-03   0.000      0.2275E-02  0.2429       0.000    
   206   12.73       8.625       1.385       2.190      0.1232       0.000      0.7014      0.3727E-02  0.3207       0.000     -0.4211E-03   0.000      0.2303E-02  0.2428       0.000    
   207   12.73       8.686       1.385       2.183      0.1440       0.000      0.6989      0.3566E-02  0.3206       0.000     -0.4611E-03   0.000      0.2357E-02  0.2427       0.000    
   208   12.73       8.757       1.385       2.174      0.1639       0.000      0.6960      0.3302E-02  0.3206       0.000     -0.5336E-03   0.000      0.2448E-02  0.2424       0.000    
   209   12.73       8.837       1.385       2.164      0.1830       0.000      0.6928      0.2881E-02  0.3206       0.000     -0.6554E-03   0.000      0.2592E-02  0.2419       0.000    
   210   12.74       8.926       1.385       2.153      0.2010       0.000      0.6893      0.2212E-02  0.3206       0.000     -0.8535E-03   0.000      0.2808E-02  0.2412       0.000    
   211   12.74       9.023       1.385       2.141      0.2180       0.000      0.6855      0.1130E-02  0.3206       0.000     -0.1176E-02   0.000      0.3121E-02  0.2403       0.000    
   212   12.74       9.129       1.385       2.128      0.2337       0.000      0.6814     -0.7116E-03  0.3207       0.000     -0.1719E-02   0.000      0.3571E-02  0.2389       0.000    
   213   12.75       9.243       1.385       2.114      0.2483       0.000      0.6772     -0.4187E-02  0.3209       0.000     -0.2719E-02   0.000      0.4213E-02  0.2369       0.000    
   214   12.75       9.364       1.385       2.100      0.2615       0.000      0.6730     -0.1235E-01  0.3212       0.000     -0.4944E-02   0.000      0.5153E-02  0.2340       0.000    
   215   12.75       9.492       1.385       2.084      0.2734       0.000      0.6688     -0.5088E-01  0.3221       0.000     -0.1341E-01   0.000      0.6636E-02  0.2294       0.000    
   216   12.76       9.630       1.385       2.067      0.3004       0.000      0.4536      0.4540E-01  0.4928      0.2736      0.3841E-01   0.000      0.5146E-01  0.1456       3.297    
   217   12.76       9.778       1.385       2.049      0.3099       0.000      0.4110      0.4280E-01  0.4947      0.2944      0.3434E-01   0.000      0.5391E-01  0.1410       3.327    
   218   12.77       9.932       1.385       2.030      0.3178       0.000      0.3867      0.4130E-01  0.4957      0.3054      0.3324E-01   0.000      0.5580E-01  0.1374       3.358    
   219   12.77       10.09       1.385       2.010      0.3242       0.000      0.3700      0.4035E-01  0.4952      0.3113      0.3272E-01   0.000      0.5705E-01  0.1348       3.390    
   220   12.78       10.25       1.385       1.990      0.3290       0.000      0.3573      0.3989E-01  0.4918      0.3125      0.3228E-01   0.000      0.5734E-01  0.1334       3.425    
   221   12.78       10.42       1.385       1.969      0.3324       0.000      0.3477      0.4047E-01  0.4879      0.3117      0.3196E-01   0.000      0.5732E-01  0.1325       3.460    
   222   12.79       10.59       1.385       1.948      0.3342       0.000      0.3410      0.3986E-01  0.4896      0.3149      0.3203E-01   0.000      0.5839E-01  0.1308       3.497    
   223   12.79       10.76       1.385       1.927      0.3345       0.000      0.3374      0.4025E-01  0.4943      0.3194      0.3238E-01   0.000      0.5985E-01  0.1289       3.536    
   224   12.80       10.94       1.385       1.906      0.3334       0.000      0.3375      0.4114E-01  0.4960      0.3192      0.3274E-01   0.000      0.6025E-01  0.1285       3.576    
   225   12.80       11.11       1.385       1.884      0.3310       0.000      0.3438      0.4259E-01  0.4953      0.3130      0.3342E-01   0.000      0.5963E-01  0.1296       3.617    
   226   12.81       11.29       1.385       1.863      0.3272       0.000      0.3665      0.4516E-01  0.4929      0.2964      0.3618E-01   0.000      0.5801E-01  0.1323       3.659    
   227   12.81       11.46       1.385       1.841      0.3169       0.000      0.5472     -0.3388E-01  0.2981       0.000     -0.8703E-02   0.000      0.7731E-02  0.2241       0.000    
   228   12.82       11.64       1.385       1.820      0.3108       0.000      0.5311     -0.1812E-02  0.2923       0.000     -0.2233E-02   0.000      0.5930E-02  0.2297       0.000    
   229   12.83       11.81       1.385       1.799      0.3036       0.000      0.5150      0.5582E-02  0.2867       0.000     -0.4439E-03   0.000      0.4862E-02  0.2330       0.000    
   230   12.83       11.97       1.385       1.779      0.2953       0.000      0.4987      0.9194E-02  0.2807       0.000      0.4249E-03   0.000      0.4212E-02  0.2350       0.000    
   231   12.84       12.14       1.385       1.759      0.2861       0.000      0.4819      0.1154E-01  0.2744       0.000      0.9497E-03   0.000      0.3845E-02  0.2360       0.000    
   232   12.84       12.30       1.385       1.739      0.2759       0.000      0.4647      0.1335E-01  0.2676       0.000      0.1308E-02   0.000      0.3682E-02  0.2362       0.000    
   233   12.85       12.45       1.385       1.720      0.2649       0.000      0.4470      0.1490E-01  0.2602       0.000      0.1572E-02   0.000      0.3674E-02  0.2359       0.000    
   234   12.85       12.61       1.385       1.701      0.2531       0.000      0.4286      0.1635E-01  0.2522       0.000      0.1777E-02   0.000      0.3782E-02  0.2350       0.000    
   235   12.85       12.75       1.385       1.683      0.2407       0.000      0.4096      0.1775E-01  0.2436       0.000      0.1941E-02   0.000      0.3980E-02  0.2337       0.000    
   236   12.86       12.89       1.385       1.666      0.2276       0.000      0.3898      0.1913E-01  0.2342       0.000      0.2073E-02   0.000      0.4246E-02  0.2319       0.000    
   237   12.86       13.03       1.385       1.649      0.2139       0.000      0.3691      0.2050E-01  0.2240       0.000      0.2178E-02   0.000      0.4558E-02  0.2297       0.000    
   238   12.87       13.15       1.385       1.634      0.1998       0.000      0.3476      0.2188E-01  0.2129       0.000      0.2257E-02   0.000      0.4895E-02  0.2270       0.000    
   239   12.87       13.27       1.385       1.619      0.1852      0.1113E-12  0.3251      0.2324E-01  0.2009       0.000      0.2310E-02   0.000      0.5232E-02  0.2240       0.000    
   240   12.87       13.38       1.385       1.606      0.1702       0.000      0.3015      0.2458E-01  0.1879       0.000      0.2335E-02   0.000      0.5543E-02  0.2205       0.000    
   241   12.88       13.48       1.385       1.593      0.1548     -0.1309E-12  0.2770      0.2588E-01  0.1739       0.000      0.2331E-02   0.000      0.5796E-02  0.2167       0.000    
   242   12.88       13.57       1.385       1.582      0.1392       0.000      0.2513      0.2713E-01  0.1590       0.000      0.2295E-02   0.000      0.5956E-02  0.2125       0.000    
   243   12.88       13.66       1.385       1.572      0.1234       0.000      0.2247      0.2831E-01  0.1430       0.000      0.2224E-02   0.000      0.5988E-02  0.2081       0.000    
   244   12.88       13.73       1.385       1.563      0.1073       0.000      0.1971      0.2941E-01  0.1262       0.000      0.2115E-02   0.000      0.5857E-02  0.2036       0.000    
   245   12.89       13.79       1.385       1.555      0.9106E-01   0.000      0.1685      0.3041E-01  0.1084       0.000      0.1963E-02   0.000      0.5530E-02  0.1990       0.000    
   246   12.89       13.85       1.385       1.548      0.7468E-01   0.000      0.1391      0.3131E-01  0.8989E-01   0.000      0.1765E-02   0.000      0.4985E-02  0.1945       0.000    
   247   12.89       13.89       1.385       1.543      0.5819E-01   0.000      0.1090      0.3209E-01  0.7067E-01   0.000      0.1519E-02   0.000      0.4211E-02  0.1904       0.000    
   248   12.89       13.92       1.385       1.539      0.4162E-01   0.000      0.7832E-01  0.3273E-01  0.5090E-01   0.000      0.1205E-02   0.000      0.3212E-02  0.1869       0.000    
   249   12.89       13.95       1.385       1.536      0.2500E-01   0.000      0.4718E-01  0.3320E-01  0.3071E-01   0.000      0.7801E-03   0.000      0.2018E-02  0.1843       0.000    
   250   12.89       13.96       1.385       1.535      0.8336E-02   0.000      0.1576E-01  0.3344E-01  0.1027E-01   0.000      0.2521E-03   0.000      0.6885E-03  0.1829       0.000    

 Surface forces referred to Sref,Cref,Bref about Xmom,Ymom,Zmom
 Standard axis orientation,  X fwd, Z down         

  Surface # 6     main_wing_3 (YDUP)                      
     # chordwise = 10   # spanwise = 50     First strip =251
     Surface area =  10.276           ave. chord =  1.8722    
     CLsurf  =   0.054331     Clsurf  =   0.020868
     CYsurf  =   0.000151     Cmsurf  =  -0.031394
     CDsurf  =   0.001777     Cnsurf  =   0.000400
     CDisurf =   0.000464     CDvsurf =   0.000000

  Forces referred to Ssurf, Cave about hinge axis thru LE
     cl_surf =   0.343313     cd_surf =   0.011231

 Strip Forces referred to strip area, chord
    j    xLE         yLE         zLE         Chord       Area        Dihedral   c cl        ai_ff       cl           clj         cd          cdv         cm_c/4     c.p.x/c      Dcj
   251   12.72      -8.470       1.385       2.209      0.1153E-01  0.2439E-11  0.7079      0.3895E-02  0.3209       0.000     -0.4048E-03   0.000      0.2264E-02  0.2429       0.000    
   252   12.72      -8.480       1.385       2.208      0.3451E-01 -0.8140E-12  0.7075      0.3894E-02  0.3209       0.000     -0.4006E-03   0.000      0.2263E-02  0.2429       0.000    
   253   12.72      -8.501       1.385       2.206      0.5730E-01   0.000      0.7066      0.3887E-02  0.3208       0.000     -0.3968E-03   0.000      0.2261E-02  0.2430       0.000    
   254   12.72      -8.532       1.385       2.202      0.7976E-01   0.000      0.7053      0.3866E-02  0.3208       0.000     -0.3958E-03   0.000      0.2263E-02  0.2429       0.000    
   255   12.73      -8.573       1.385       2.197      0.1018       0.000      0.7035      0.3819E-02  0.3207       0.000     -0.4019E-03   0.000      0.2275E-02  0.2429       0.000    
   256   12.73      -8.625       1.385       2.190      0.1232       0.000      0.7014      0.3727E-02  0.3207       0.000     -0.4208E-03   0.000      0.2303E-02  0.2428       0.000    
   257   12.73      -8.686       1.385       2.183      0.1440       0.000      0.6989      0.3567E-02  0.3206       0.000     -0.4609E-03   0.000      0.2357E-02  0.2426       0.000    
   258   12.73      -8.757       1.385       2.174      0.1639       0.000      0.6960      0.3303E-02  0.3206       0.000     -0.5335E-03   0.000      0.2448E-02  0.2424       0.000    
   259   12.73      -8.837       1.385       2.164      0.1830       0.000      0.6928      0.2881E-02  0.3206       0.000     -0.6553E-03   0.000      0.2592E-02  0.2419       0.000    
   260   12.74      -8.926       1.385       2.153      0.2010       0.000      0.6893      0.2213E-02  0.3206       0.000     -0.8534E-03   0.000      0.2808E-02  0.2412       0.000    
   261   12.74      -9.023       1.385       2.141      0.2180       0.000      0.6855      0.1131E-02  0.3206       0.000     -0.1176E-02   0.000      0.3122E-02  0.2403       0.000    
   262   12.74      -9.129       1.385       2.128      0.2337       0.000      0.6814     -0.7111E-03  0.3207       0.000     -0.1719E-02   0.000      0.3571E-02  0.2389       0.000    
   263   12.75      -9.243       1.385       2.114      0.2483       0.000      0.6772     -0.4187E-02  0.3209       0.000     -0.2719E-02   0.000      0.4214E-02  0.2369       0.000    
   264   12.75      -9.364       1.385       2.100      0.2615       0.000      0.6730     -0.1235E-01  0.3212       0.000     -0.4944E-02   0.000      0.5154E-02  0.2340       0.000    
   265   12.75      -9.492       1.385       2.084      0.2734       0.000      0.6688     -0.5088E-01  0.3221       0.000     -0.1341E-01   0.000      0.6636E-02  0.2294       0.000    
   266   12.76      -9.630       1.385       2.067      0.3004       0.000      0.4536      0.4540E-01  0.4928      0.2736      0.3841E-01   0.000      0.5146E-01  0.1456       3.297    
   267   12.76      -9.778       1.385       2.049      0.3099       0.000      0.4110      0.4280E-01  0.4947      0.2944      0.3434E-01   0.000      0.5391E-01  0.1410       3.327    
   268   12.77      -9.932       1.385       2.030      0.3178       0.000      0.3867      0.4130E-01  0.4957      0.3054      0.3324E-01   0.000      0.5580E-01  0.1374       3.358    
   269   12.77      -10.09       1.385       2.010      0.3242       0.000      0.3700      0.4035E-01  0.4952      0.3113      0.3272E-01   0.000      0.5705E-01  0.1348       3.390    
   270   12.78      -10.25       1.385       1.990      0.3290       0.000      0.3573      0.3989E-01  0.4918      0.3125      0.3228E-01   0.000      0.5734E-01  0.1334       3.425    
   271   12.78      -10.42       1.385       1.969      0.3324       0.000      0.3477      0.4047E-01  0.4879      0.3117      0.3196E-01   0.000      0.5732E-01  0.1325       3.460    
   272   12.79      -10.59       1.385       1.948      0.3342       0.000      0.3410      0.3986E-01  0.4896      0.3149      0.3203E-01   0.000      0.5839E-01  0.1308       3.497    
   273   12.79      -10.76       1.385       1.927      0.3345       0.000      0.3374      0.4025E-01  0.4943      0.3194      0.3238E-01   0.000      0.5985E-01  0.1289       3.536    
   274   12.80      -10.94       1.385       1.906      0.3334       0.000      0.3375      0.4114E-01  0.4960      0.3192      0.3274E-01   0.000      0.6025E-01  0.1285       3.576    
   275   12.80      -11.11       1.385       1.884      0.3310       0.000      0.3438      0.4259E-01  0.4953      0.3130      0.3342E-01   0.000      0.5963E-01  0.1296       3.617    
   276   12.81      -11.29       1.385       1.863      0.3272       0.000      0.3665      0.4516E-01  0.4929      0.2964      0.3618E-01   0.000      0.5801E-01  0.1323       3.659    
   277   12.81      -11.46       1.385       1.841      0.3169       0.000      0.5472     -0.3388E-01  0.2981       0.000     -0.8703E-02   0.000      0.7731E-02  0.2241       0.000    
   278   12.82      -11.64       1.385       1.820      0.3108       0.000      0.5311     -0.1812E-02  0.2923       0.000     -0.2233E-02   0.000      0.5930E-02  0.2297       0.000    
   279   12.83      -11.81       1.385       1.799      0.3036       0.000      0.5150      0.5582E-02  0.2867       0.000     -0.4440E-03   0.000      0.4862E-02  0.2330       0.000    
   280   12.83      -11.97       1.385       1.779      0.2953       0.000      0.4987      0.9194E-02  0.2807       0.000      0.4248E-03   0.000      0.4212E-02  0.2350       0.000    
   281   12.84      -12.14       1.385       1.759      0.2861       0.000      0.4819      0.1154E-01  0.2744       0.000      0.9497E-03   0.000      0.3845E-02  0.2360       0.000    
   282   12.84      -12.30       1.385       1.739      0.2759       0.000      0.4647      0.1335E-01  0.2676       0.000      0.1308E-02   0.000      0.3683E-02  0.2362       0.000    
   283   12.85      -12.45       1.385       1.720      0.2649       0.000      0.4470      0.1490E-01  0.2602       0.000      0.1572E-02   0.000      0.3674E-02  0.2359       0.000    
   284   12.85      -12.61       1.385       1.701      0.2531       0.000      0.4286      0.1635E-01  0.2523       0.000      0.1777E-02   0.000      0.3782E-02  0.2350       0.000    
   285   12.85      -12.75       1.385       1.683      0.2407       0.000      0.4096      0.1775E-01  0.2436       0.000      0.1941E-02   0.000      0.3980E-02  0.2337       0.000    
   286   12.86      -12.89       1.385       1.666      0.2276       0.000      0.3898      0.1913E-01  0.2342       0.000      0.2073E-02   0.000      0.4246E-02  0.2319       0.000    
   287   12.86      -13.03       1.385       1.649      0.2139       0.000      0.3691      0.2050E-01  0.2240       0.000      0.2178E-02   0.000      0.4558E-02  0.2297       0.000    
   288   12.87      -13.15       1.385       1.634      0.1998       0.000      0.3476      0.2188E-01  0.2129       0.000      0.2257E-02   0.000      0.4895E-02  0.2270       0.000    
   289   12.87      -13.27       1.385       1.619      0.1852     -0.1113E-12  0.3251      0.2324E-01  0.2009       0.000      0.2309E-02   0.000      0.5232E-02  0.2240       0.000    
   290   12.87      -13.38       1.385       1.606      0.1702       0.000      0.3015      0.2458E-01  0.1879       0.000      0.2335E-02   0.000      0.5543E-02  0.2205       0.000    
   291   12.88      -13.48       1.385       1.593      0.1548      0.1309E-12  0.2770      0.2588E-01  0.1739       0.000      0.2331E-02   0.000      0.5796E-02  0.2167       0.000    
   292   12.88      -13.57       1.385       1.582      0.1392       0.000      0.2513      0.2713E-01  0.1590       0.000      0.2295E-02   0.000      0.5956E-02  0.2125       0.000    
   293   12.88      -13.66       1.385       1.572      0.1234       0.000      0.2247      0.2831E-01  0.1430       0.000      0.2224E-02   0.000      0.5989E-02  0.2081       0.000    
   294   12.88      -13.73       1.385       1.563      0.1073       0.000      0.1971      0.2941E-01  0.1262       0.000      0.2115E-02   0.000      0.5857E-02  0.2036       0.000    
   295   12.89      -13.79       1.385       1.555      0.9106E-01   0.000      0.1685      0.3041E-01  0.1084       0.000      0.1963E-02   0.000      0.5530E-02  0.1990       0.000    
   296   12.89      -13.85       1.385       1.548      0.7468E-01   0.000      0.1391      0.3131E-01  0.8989E-01   0.000      0.1765E-02   0.000      0.4985E-02  0.1945       0.000    
   297   12.89      -13.89       1.385       1.543      0.5819E-01   0.000      0.1090      0.3209E-01  0.7068E-01   0.000      0.1519E-02   0.000      0.4211E-02  0.1904       0.000    
   298   12.89      -13.92       1.385       1.539      0.4162E-01   0.000      0.7832E-01  0.3273E-01  0.5090E-01   0.000      0.1205E-02   0.000      0.3212E-02  0.1869       0.000    
   299   12.89      -13.95       1.385       1.536      0.2500E-01   0.000      0.4718E-01  0.3320E-01  0.3071E-01   0.000      0.7801E-03   0.000      0.2018E-02  0.1843       0.000    
   300   12.89      -13.96       1.385       1.535      0.8336E-02   0.000      0.1576E-01  0.3344E-01  0.1027E-01   0.000      0.2521E-03   0.000      0.6885E-03  0.1829       0.000    

 Surface forces referred to Sref,Cref,Bref about Xmom,Ymom,Zmom
 Standard axis orientation,  X fwd, Z down         

  Surface # 7     horizontal_stabilizer                   
     # chordwise = 10   # spanwise = 30     First strip =301
     Surface area =  11.113           ave. chord =  1.9247    
     CLsurf  =   0.029608     Clsurf  =  -0.002669
     CYsurf  =  -0.000070     Cmsurf  =  -0.161748
     CDsurf  =   0.000660     Cnsurf  =  -0.000047
     CDisurf =   0.000660     CDvsurf =   0.000000

  Forces referred to Ssurf, Cave about hinge axis thru LE
     cl_surf =   0.173014     cd_surf =   0.003857

 Strip Forces referred to strip area, chord
    j    xLE         yLE         zLE         Chord       Area        Dihedral   c cl        ai_ff       cl           clj         cd          cdv         cm_c/4     c.p.x/c      Dcj
   301   23.88      0.3956E-02   6.046       2.405      0.3804E-01   0.000      0.4128      0.2883E-01  0.1711       0.000      0.1547E-01   0.000     -0.1228E-02  0.2572       0.000    
   302   23.88      0.3554E-01   6.046       2.400      0.1134       0.000      0.4128      0.2877E-01  0.1720       0.000      0.5464E-02   0.000     -0.1162E-02  0.2568       0.000    
   303   23.89      0.9837E-01   6.046       2.389      0.1869       0.000      0.4127      0.2871E-01  0.1727       0.000      0.4807E-02   0.000     -0.9601E-03  0.2556       0.000    
   304   23.91      0.1917       6.046       2.374      0.2571       0.000      0.4125      0.2865E-01  0.1738       0.000      0.4567E-02   0.000     -0.6702E-03  0.2539       0.000    
   305   23.93      0.3147       6.046       2.353      0.3229       0.000      0.4121      0.2857E-01  0.1751       0.000      0.4410E-02   0.000     -0.3534E-03  0.2520       0.000    
   306   23.95      0.4658       6.046       2.328      0.3832       0.000      0.4112      0.2849E-01  0.1767       0.000      0.4295E-02   0.000     -0.5096E-04  0.2503       0.000    
   307   23.97      0.6434       6.046       2.299      0.4371       0.000      0.4099      0.2840E-01  0.1784       0.000      0.4209E-02   0.000      0.2142E-03  0.2488       0.000    
   308   24.00      0.8456       6.046       2.265      0.4839      0.2382E-12  0.4079      0.2830E-01  0.1801       0.000      0.4145E-02   0.000      0.4329E-03  0.2476       0.000    
   309   24.04       1.070       6.046       2.227      0.5231     -0.2167E-12  0.4052      0.2819E-01  0.1819       0.000      0.4095E-02   0.000      0.6055E-03  0.2467       0.000    
   310   24.07       1.315       6.046       2.187      0.5542       0.000      0.4015      0.2808E-01  0.1836       0.000      0.4056E-02   0.000      0.7392E-03  0.2460       0.000    
   311   24.11       1.576       6.046       2.143      0.5770       0.000      0.3968      0.2798E-01  0.1852       0.000      0.4024E-02   0.000      0.8445E-03  0.2454       0.000    
   312   24.15       1.852       6.046       2.097      0.5916       0.000      0.3911      0.2791E-01  0.1866       0.000      0.3996E-02   0.000      0.9336E-03  0.2450       0.000    
   313   24.19       2.140       6.046       2.049      0.5981       0.000      0.3843      0.2787E-01  0.1876       0.000      0.3970E-02   0.000      0.1019E-02  0.2446       0.000    
   314   24.24       2.435       6.046       2.000      0.5969     -0.1705E-12  0.3763      0.2790E-01  0.1882       0.000      0.3943E-02   0.000      0.1112E-02  0.2441       0.000    
   315   24.28       2.736       6.046       1.950      0.5884       0.000      0.3671      0.2801E-01  0.1883       0.000      0.3915E-02   0.000      0.1224E-02  0.2435       0.000    
   316   24.32       3.038       6.046       1.899      0.5732      0.1686E-12  0.3567      0.2822E-01  0.1879       0.000      0.3884E-02   0.000      0.1366E-02  0.2427       0.000    
   317   24.37       3.339       6.046       1.849      0.5520       0.000      0.3450      0.2857E-01  0.1866       0.000      0.3848E-02   0.000      0.1550E-02  0.2417       0.000    
   318   24.41       3.634       6.046       1.800      0.5254       0.000      0.3320      0.2906E-01  0.1845       0.000      0.3804E-02   0.000      0.1787E-02  0.2403       0.000    
   319   24.45       3.922       6.046       1.752      0.4943     -0.1804E-12  0.3174      0.2972E-01  0.1812       0.000      0.3749E-02   0.000      0.2091E-02  0.2385       0.000    
   320   24.50       4.198       6.046       1.706      0.4594      0.1890E-12  0.3012      0.3057E-01  0.1766       0.000      0.3678E-02   0.000      0.2473E-02  0.2360       0.000    
   321   24.53       4.459       6.046       1.663      0.4214       0.000      0.2831      0.3159E-01  0.1703       0.000      0.3585E-02   0.000      0.2941E-02  0.2327       0.000    
   322   24.57       4.704       6.046       1.622      0.3809       0.000      0.2630      0.3279E-01  0.1622       0.000      0.3463E-02   0.000      0.3489E-02  0.2285       0.000    
   323   24.60       4.928       6.046       1.584      0.3386       0.000      0.2406      0.3411E-01  0.1519       0.000      0.3301E-02   0.000      0.4093E-02  0.2231       0.000    
   324   24.63       5.131       6.046       1.551      0.2949       0.000      0.2157      0.3550E-01  0.1391       0.000      0.3089E-02   0.000      0.4690E-02  0.2163       0.000    
   325   24.66       5.308       6.046       1.521      0.2503       0.000      0.1883      0.3690E-01  0.1238       0.000      0.2819E-02   0.000      0.5175E-02  0.2082       0.000    
   326   24.68       5.459       6.046       1.496      0.2052       0.000      0.1584      0.3821E-01  0.1059       0.000      0.2483E-02   0.000      0.5400E-02  0.1990       0.000    
   327   24.70       5.582       6.046       1.475      0.1598       0.000      0.1261      0.3938E-01  0.8544E-01   0.000      0.2075E-02   0.000      0.5197E-02  0.1892       0.000    
   328   24.71       5.676       6.046       1.460      0.1142       0.000      0.9168E-01  0.4037E-01  0.6280E-01   0.000      0.1592E-02   0.000      0.4420E-02  0.1796       0.000    
   329   24.72       5.738       6.046       1.449      0.6852E-01   0.000      0.5570E-01  0.4112E-01  0.3843E-01   0.000      0.1027E-02   0.000      0.3014E-02  0.1716       0.000    
   330   24.73       5.770       6.046       1.444      0.2284E-01   0.000      0.1869E-01  0.4155E-01  0.1294E-01   0.000      0.3091E-03   0.000      0.1075E-02  0.1669       0.000    

 Surface forces referred to Sref,Cref,Bref about Xmom,Ymom,Zmom
 Standard axis orientation,  X fwd, Z down         

  Surface # 8     horizontal_stabilizer (YDUP)            
     # chordwise = 10   # spanwise = 30     First strip =331
     Surface area =  11.113           ave. chord =  1.9247    
     CLsurf  =   0.029607     Clsurf  =   0.002669
     CYsurf  =   0.000070     Cmsurf  =  -0.161742
     CDsurf  =   0.000660     Cnsurf  =   0.000047
     CDisurf =   0.000660     CDvsurf =   0.000000

  Forces referred to Ssurf, Cave about hinge axis thru LE
     cl_surf =   0.173007     cd_surf =   0.003857

 Strip Forces referred to strip area, chord
    j    xLE         yLE         zLE         Chord       Area        Dihedral   c cl        ai_ff       cl           clj         cd          cdv         cm_c/4     c.p.x/c      Dcj
   331   23.88     -0.3956E-02   6.046       2.405      0.3804E-01   0.000      0.4128      0.2883E-01  0.1711       0.000      0.1548E-01   0.000     -0.1228E-02  0.2572       0.000    
   332   23.88     -0.3554E-01   6.046       2.400      0.1134       0.000      0.4128      0.2877E-01  0.1720       0.000      0.5465E-02   0.000     -0.1162E-02  0.2568       0.000    
   333   23.89     -0.9837E-01   6.046       2.389      0.1869       0.000      0.4127      0.2871E-01  0.1727       0.000      0.4807E-02   0.000     -0.9602E-03  0.2556       0.000    
   334   23.91     -0.1917       6.046       2.374      0.2571       0.000      0.4125      0.2865E-01  0.1738       0.000      0.4567E-02   0.000     -0.6703E-03  0.2539       0.000    
   335   23.93     -0.3147       6.046       2.353      0.3229       0.000      0.4121      0.2857E-01  0.1751       0.000      0.4410E-02   0.000     -0.3534E-03  0.2520       0.000    
   336   23.95     -0.4658       6.046       2.328      0.3832       0.000      0.4112      0.2849E-01  0.1766       0.000      0.4295E-02   0.000     -0.5102E-04  0.2503       0.000    
   337   23.97     -0.6434       6.046       2.299      0.4371       0.000      0.4099      0.2840E-01  0.1783       0.000      0.4209E-02   0.000      0.2142E-03  0.2488       0.000    
   338   24.00     -0.8456       6.046       2.265      0.4839     -0.2382E-12  0.4079      0.2830E-01  0.1801       0.000      0.4145E-02   0.000      0.4329E-03  0.2476       0.000    
   339   24.04      -1.070       6.046       2.227      0.5231      0.2167E-12  0.4051      0.2819E-01  0.1819       0.000      0.4095E-02   0.000      0.6055E-03  0.2467       0.000    
   340   24.07      -1.315       6.046       2.187      0.5542       0.000      0.4015      0.2808E-01  0.1836       0.000      0.4056E-02   0.000      0.7392E-03  0.2460       0.000    
   341   24.11      -1.576       6.046       2.143      0.5770       0.000      0.3968      0.2798E-01  0.1852       0.000      0.4024E-02   0.000      0.8445E-03  0.2454       0.000    
   342   24.15      -1.852       6.046       2.097      0.5916       0.000      0.3911      0.2791E-01  0.1866       0.000      0.3996E-02   0.000      0.9337E-03  0.2450       0.000    
   343   24.19      -2.140       6.046       2.049      0.5981       0.000      0.3843      0.2787E-01  0.1876       0.000      0.3970E-02   0.000      0.1019E-02  0.2446       0.000    
   344   24.24      -2.435       6.046       2.000      0.5969      0.1705E-12  0.3763      0.2790E-01  0.1882       0.000      0.3943E-02   0.000      0.1112E-02  0.2441       0.000    
   345   24.28      -2.736       6.046       1.950      0.5884       0.000      0.3671      0.2801E-01  0.1883       0.000      0.3915E-02   0.000      0.1224E-02  0.2435       0.000    
   346   24.32      -3.038       6.046       1.899      0.5732     -0.1686E-12  0.3567      0.2822E-01  0.1879       0.000      0.3884E-02   0.000      0.1366E-02  0.2427       0.000    
   347   24.37      -3.339       6.046       1.849      0.5520       0.000      0.3450      0.2857E-01  0.1866       0.000      0.3848E-02   0.000      0.1550E-02  0.2417       0.000    
   348   24.41      -3.634       6.046       1.800      0.5254       0.000      0.3320      0.2906E-01  0.1845       0.000      0.3804E-02   0.000      0.1787E-02  0.2403       0.000    
   349   24.45      -3.922       6.046       1.752      0.4943      0.1804E-12  0.3174      0.2972E-01  0.1812       0.000      0.3749E-02   0.000      0.2091E-02  0.2385       0.000    
   350   24.50      -4.198       6.046       1.706      0.4594     -0.1890E-12  0.3012      0.3057E-01  0.1766       0.000      0.3678E-02   0.000      0.2473E-02  0.2360       0.000    
   351   24.53      -4.459       6.046       1.663      0.4214       0.000      0.2831      0.3159E-01  0.1703       0.000      0.3585E-02   0.000      0.2941E-02  0.2327       0.000    
   352   24.57      -4.704       6.046       1.622      0.3809       0.000      0.2630      0.3279E-01  0.1622       0.000      0.3463E-02   0.000      0.3489E-02  0.2285       0.000    
   353   24.60      -4.928       6.046       1.584      0.3386       0.000      0.2406      0.3411E-01  0.1519       0.000      0.3301E-02   0.000      0.4092E-02  0.2231       0.000    
   354   24.63      -5.131       6.046       1.551      0.2949       0.000      0.2157      0.3550E-01  0.1391       0.000      0.3089E-02   0.000      0.4690E-02  0.2163       0.000    
   355   24.66      -5.308       6.046       1.521      0.2503       0.000      0.1883      0.3690E-01  0.1238       0.000      0.2819E-02   0.000      0.5175E-02  0.2082       0.000    
   356   24.68      -5.459       6.046       1.496      0.2052       0.000      0.1584      0.3821E-01  0.1059       0.000      0.2483E-02   0.000      0.5400E-02  0.1990       0.000    
   357   24.70      -5.582       6.046       1.475      0.1598       0.000      0.1261      0.3938E-01  0.8544E-01   0.000      0.2075E-02   0.000      0.5197E-02  0.1892       0.000    
   358   24.71      -5.676       6.046       1.460      0.1142       0.000      0.9168E-01  0.4037E-01  0.6280E-01   0.000      0.1592E-02   0.000      0.4420E-02  0.1796       0.000    
   359   24.72      -5.738       6.046       1.449      0.6852E-01   0.000      0.5570E-01  0.4112E-01  0.3843E-01   0.000      0.1027E-02   0.000      0.3014E-02  0.1716       0.000    
   360   24.73      -5.770       6.046       1.444      0.2284E-01   0.000      0.1869E-01  0.4155E-01  0.1294E-01   0.000      0.3091E-03   0.000      0.1075E-02  0.1669       0.000    

 Surface forces referred to Sref,Cref,Bref about Xmom,Ymom,Zmom
 Standard axis orientation,  X fwd, Z down         

  Surface # 9     vertical_stabilizer                     
     # chordwise = 10   # spanwise = 30     First strip =361
     Surface area =  15.671           ave. chord =  3.1296    
     CLsurf  =   0.000000     Clsurf  =  -0.000000
     CYsurf  =  -0.000003     Cmsurf  =  -0.000000
     CDsurf  =  -0.000000     Cnsurf  =   0.000001
     CDisurf =  -0.000000     CDvsurf =   0.000000

  Forces referred to Ssurf, Cave about hinge axis thru LE
     cl_surf =   0.000000     cd_surf =  -0.000000

 Strip Forces referred to strip area, chord
    j    xLE         yLE         zLE         Chord       Area        Dihedral   c cl        ai_ff       cl           clj         cd          cdv         cm_c/4     c.p.x/c      Dcj
   361   20.77       0.000       1.055       3.907      0.1506       90.00      0.1534E-04 -0.9901E-05  0.3927E-05   0.000      0.8466E-11   0.000      0.4146E-06  0.1444       0.000    
   362   20.80       0.000       1.106       3.891      0.2453       90.00      0.2841E-04  0.5323E-03  0.7302E-05   0.000     -0.1056E-10   0.000      0.8020E-06  0.1402       0.000    
   363   20.85       0.000       1.181       3.868      0.3366       90.00      0.4220E-04  0.5660E-04  0.1091E-04   0.000     -0.5831E-10   0.000      0.1290E-05  0.1318       0.000    
   364   20.91       0.000       1.280       3.837      0.4232       90.00      0.5785E-04  0.1385E-03  0.1508E-04   0.000     -0.1768E-09   0.000      0.1952E-05  0.1206       0.000    
   365   20.99       0.000       1.401       3.799      0.5036       90.00      0.1673E-03 -0.2519E-03  0.4405E-04   0.000     -0.1109E-09   0.000      0.5134E-05  0.1334       0.000    
   366   21.08       0.000       1.545       3.754      0.5766       90.00      0.5297E-04 -0.1204E-04  0.1411E-04   0.000     -0.8868E-10   0.000      0.1390E-05  0.1515       0.000    
   367   21.18       0.000       1.708       3.703      0.6411       90.00      0.5069E-04 -0.1622E-05  0.1369E-04   0.000     -0.7695E-10   0.000      0.1211E-05  0.1615       0.000    
   368   21.29       0.000       1.890       3.646      0.6964       90.00      0.4739E-04 -0.1077E-05  0.1300E-04   0.000     -0.5860E-10   0.000      0.9853E-06  0.1742       0.000    
   369   21.42       0.000       2.090       3.584      0.7417       90.00      0.4404E-04 -0.1047E-05  0.1229E-04   0.000     -0.4563E-10   0.000      0.7884E-06  0.1858       0.000    
   370   21.55       0.000       2.304       3.517      0.7767       90.00      0.4084E-04 -0.1057E-05  0.1161E-04   0.000     -0.3651E-10   0.000      0.6254E-06  0.1961       0.000    
   371   21.69       0.000       2.531       3.446      0.8012       90.00      0.3784E-04 -0.1070E-05  0.1098E-04   0.000     -0.2985E-10   0.000      0.4917E-06  0.2052       0.000    
   372   21.84       0.000       2.768       3.372      0.8153       90.00      0.3506E-04 -0.1082E-05  0.1040E-04   0.000     -0.2484E-10   0.000      0.3822E-06  0.2132       0.000    
   373   21.99       0.000       3.014       3.295      0.8192       90.00      0.3252E-04 -0.1091E-05  0.9871E-05   0.000     -0.2101E-10   0.000      0.2923E-06  0.2204       0.000    
   374   22.15       0.000       3.265       3.216      0.8134       90.00      0.3024E-04 -0.1097E-05  0.9400E-05   0.000     -0.1803E-10   0.000      0.2177E-06  0.2268       0.000    
   375   22.31       0.000       3.519       3.137      0.7985       90.00      0.2820E-04 -0.1101E-05  0.8989E-05   0.000     -0.1571E-10   0.000      0.1550E-06  0.2328       0.000    
   376   22.46       0.000       3.773       3.058      0.7753       90.00      0.2641E-04 -0.1102E-05  0.8639E-05   0.000     -0.1388E-10   0.000      0.1011E-06  0.2383       0.000    
   377   22.62       0.000       4.025       2.979      0.7446       90.00      0.2487E-04 -0.1098E-05  0.8350E-05   0.000     -0.1244E-10   0.000      0.5380E-07  0.2436       0.000    
   378   22.77       0.000       4.273       2.901      0.7073       90.00      0.2357E-04 -0.1090E-05  0.8122E-05   0.000     -0.1130E-10   0.000      0.1176E-07  0.2486       0.000    
   379   22.92       0.000       4.512       2.827      0.6644       90.00      0.2248E-04 -0.1074E-05  0.7955E-05   0.000     -0.1041E-10   0.000     -0.2532E-07  0.2532       0.000    
   380   23.07       0.000       4.742       2.755      0.6167       90.00      0.2161E-04 -0.1048E-05  0.7845E-05   0.000     -0.9727E-11   0.000     -0.5661E-07  0.2572       0.000    
   381   23.20       0.000       4.959       2.687      0.5651       90.00      0.2092E-04 -0.1013E-05  0.7786E-05   0.000     -0.9216E-11   0.000     -0.8015E-07  0.2603       0.000    
   382   23.33       0.000       5.162       2.623      0.5105       90.00      0.2039E-04 -0.9668E-06  0.7773E-05   0.000     -0.8855E-11   0.000     -0.9318E-07  0.2620       0.000    
   383   23.44       0.000       5.348       2.565      0.4536       90.00      0.1999E-04 -0.9107E-06  0.7794E-05   0.000     -0.8628E-11   0.000     -0.9282E-07  0.2619       0.000    
   384   23.55       0.000       5.515       2.513      0.3950       90.00      0.1970E-04 -0.8465E-06  0.7838E-05   0.000     -0.8527E-11   0.000     -0.7705E-07  0.2598       0.000    
   385   23.64       0.000       5.662       2.467      0.3353       90.00      0.1947E-04 -0.7766E-06  0.7890E-05   0.000     -0.8552E-11   0.000     -0.4586E-07  0.2558       0.000    
   386   23.72       0.000       5.787       2.428      0.2749       90.00      0.1927E-04 -0.7037E-06  0.7937E-05   0.000     -0.8710E-11   0.000     -0.2262E-08  0.2503       0.000    
   387   23.78       0.000       5.888       2.397      0.2140       90.00      0.1908E-04 -0.6302E-06  0.7961E-05   0.000     -0.8792E-11   0.000      0.4857E-07  0.2439       0.000    
   388   23.83       0.000       5.965       2.373      0.1530       90.00      0.1873E-04 -0.5553E-06  0.7897E-05   0.000     -0.7698E-11   0.000      0.9809E-07  0.2376       0.000    
   389   23.86       0.000       6.017       2.356      0.9179E-01   90.00      0.1749E-04 -0.5057E-06  0.7422E-05   0.000      0.9569E-12   0.000      0.8162E-07  0.2390       0.000    
   390   23.88       0.000       6.043       2.348      0.3060E-01   90.00      0.8093E-05 -0.7440E-06  0.3447E-05   0.000      0.1156E-09   0.000     -0.7501E-06  0.4676       0.000    

 Surface forces referred to Sref,Cref,Bref about Xmom,Ymom,Zmom
 Standard axis orientation,  X fwd, Z down         

  Surface #10     fuselage_horizontal                     
     # chordwise = 10   # spanwise = 30     First strip =391
     Surface area =  65.503           ave. chord =  23.647    
     CLsurf  =   0.007486     Clsurf  =   0.000000
     CYsurf  =   0.000001     Cmsurf  =   0.048990
     CDsurf  =   0.000029     Cnsurf  =  -0.000000
     CDisurf =   0.000029     CDvsurf =   0.000000

  Forces referred to Ssurf, Cave about hinge axis thru LE
     cl_surf =   0.007422     cd_surf =   0.000029

 Strip Forces referred to strip area, chord
    j    xLE         yLE         zLE         Chord       Area        Dihedral   c cl        ai_ff       cl           clj         cd          cdv         cm_c/4     c.p.x/c      Dcj
   391   3.132      -1.339       0.000       15.61       1.441       0.000      0.6616E-01  0.4320E-01  0.4262E-02   0.000     -0.3301E-03   0.000      0.2493E-02 -0.3349       0.000    
   392   2.645      -1.247       0.000       17.73       1.637       0.000      0.1003      0.4814E-01  0.5675E-02   0.000     -0.2223E-03   0.000      0.2928E-02 -0.2660       0.000    
   393   2.159      -1.154       0.000       19.86       1.834       0.000      0.1260      0.5150E-01  0.6361E-02   0.000     -0.1037E-03   0.000      0.2980E-02 -0.2185       0.000    
   394   1.788      -1.062       0.000       21.39       1.975       0.000      0.1445      0.5327E-01  0.6768E-02   0.000     -0.1539E-04   0.000      0.3076E-02 -0.2045       0.000    
   395   1.533     -0.9695       0.000       22.32       2.061       0.000      0.1604      0.5349E-01  0.7192E-02   0.000      0.3056E-04   0.000      0.3200E-02 -0.1949       0.000    
   396   1.278     -0.8772       0.000       23.26       2.147       0.000      0.1732      0.5337E-01  0.7456E-02   0.000      0.1568E-04   0.000      0.3277E-02 -0.1894       0.000    
   397   1.058     -0.7848       0.000       24.08       2.223       0.000      0.1836      0.5292E-01  0.7635E-02   0.000      0.1247E-04   0.000      0.3340E-02 -0.1875       0.000    
   398  0.8733     -0.6925       0.000       24.78       2.288       0.000      0.1923      0.5265E-01  0.7771E-02   0.000      0.4273E-05   0.000      0.3390E-02 -0.1863       0.000    
   399  0.6887     -0.6002       0.000       25.49       2.353       0.000      0.1995      0.5220E-01  0.7838E-02   0.000     -0.2940E-04   0.000      0.3415E-02 -0.1857       0.000    
   400  0.5311     -0.5078       0.000       26.02       2.403       0.000      0.2052      0.5182E-01  0.7901E-02   0.000     -0.9220E-04   0.000      0.3443E-02 -0.1858       0.000    
   401  0.4004     -0.4155       0.000       26.38       2.436       0.000      0.2101      0.5161E-01  0.7976E-02   0.000     -0.1747E-04   0.000      0.3473E-02 -0.1855       0.000    
   402  0.2697     -0.3232       0.000       26.74       2.469       0.000      0.2139      0.5141E-01  0.8015E-02   0.000     -0.9550E-04   0.000      0.3486E-02 -0.1849       0.000    
   403  0.1703     -0.2308       0.000       26.95       2.488       0.000      0.2167      0.5135E-01  0.8054E-02   0.000     -0.5119E-04   0.000      0.3501E-02 -0.1847       0.000    
   404  0.1022     -0.1385       0.000       27.02       2.495       0.000      0.2187      0.5134E-01  0.8095E-02   0.000      0.2022E-03   0.000      0.3519E-02 -0.1847       0.000    
   405  0.3407E-01 -0.4617E-01   0.000       27.09       2.501       0.000      0.2197      0.5131E-01  0.8080E-02   0.000      0.8249E-03   0.000      0.3522E-02 -0.1859       0.000    
   406  0.3407E-01  0.4617E-01   0.000       27.09       2.501       0.000      0.2197      0.5140E-01  0.8079E-02   0.000      0.8249E-03   0.000      0.3522E-02 -0.1860       0.000    
   407  0.1022      0.1385       0.000       27.02       2.495       0.000      0.2186      0.5137E-01  0.8093E-02   0.000      0.2022E-03   0.000      0.3520E-02 -0.1849       0.000    
   408  0.1703      0.2308       0.000       26.95       2.488       0.000      0.2166      0.5135E-01  0.8051E-02   0.000     -0.5143E-04   0.000      0.3502E-02 -0.1849       0.000    
   409  0.2697      0.3232       0.000       26.74       2.469       0.000      0.2138      0.5141E-01  0.8012E-02   0.000     -0.9582E-04   0.000      0.3486E-02 -0.1852       0.000    
   410  0.4004      0.4155       0.000       26.38       2.436       0.000      0.2100      0.5161E-01  0.7971E-02   0.000     -0.1776E-04   0.000      0.3474E-02 -0.1858       0.000    
   411  0.5311      0.5078       0.000       26.02       2.403       0.000      0.2051      0.5182E-01  0.7896E-02   0.000     -0.9256E-04   0.000      0.3444E-02 -0.1862       0.000    
   412  0.6887      0.6002       0.000       25.49       2.353       0.000      0.1993      0.5220E-01  0.7833E-02   0.000     -0.2974E-04   0.000      0.3416E-02 -0.1861       0.000    
   413  0.8733      0.6925       0.000       24.78       2.288       0.000      0.1922      0.5265E-01  0.7766E-02   0.000      0.3965E-05   0.000      0.3392E-02 -0.1867       0.000    
   414   1.058      0.7848       0.000       24.08       2.223       0.000      0.1835      0.5292E-01  0.7629E-02   0.000      0.1216E-04   0.000      0.3342E-02 -0.1880       0.000    
   415   1.278      0.8772       0.000       23.26       2.147       0.000      0.1731      0.5337E-01  0.7450E-02   0.000      0.1540E-04   0.000      0.3278E-02 -0.1900       0.000    
   416   1.533      0.9695       0.000       22.32       2.061       0.000      0.1602      0.5349E-01  0.7186E-02   0.000      0.3032E-04   0.000      0.3201E-02 -0.1955       0.000    
   417   1.788       1.062       0.000       21.39       1.975       0.000      0.1444      0.5327E-01  0.6762E-02   0.000     -0.1558E-04   0.000      0.3078E-02 -0.2051       0.000    
   418   2.159       1.154       0.000       19.86       1.834       0.000      0.1259      0.5150E-01  0.6354E-02   0.000     -0.1038E-03   0.000      0.2982E-02 -0.2193       0.000    
   419   2.645       1.247       0.000       17.73       1.637       0.000      0.1002      0.4815E-01  0.5668E-02   0.000     -0.2225E-03   0.000      0.2930E-02 -0.2669       0.000    
   420   3.132       1.339       0.000       15.61       1.441       0.000      0.6607E-01  0.4320E-01  0.4256E-02   0.000     -0.3303E-03   0.000      0.2495E-02 -0.3362       0.000    

 Surface forces referred to Sref,Cref,Bref about Xmom,Ymom,Zmom
 Standard axis orientation,  X fwd, Z down         

  Surface #11     fuselage_vertical                       
     # chordwise = 10   # spanwise = 30     First strip =421
     Surface area =  65.103           ave. chord =  23.503    
     CLsurf  =   0.000000     Clsurf  =   0.000000
     CYsurf  =  -0.000002     Cmsurf  =  -0.000000
     CDsurf  =   0.000000     Cnsurf  =   0.000001
     CDisurf =   0.000000     CDvsurf =   0.000000

  Forces referred to Ssurf, Cave about hinge axis thru LE
     cl_surf =   0.000000     cd_surf =   0.000000

 Strip Forces referred to strip area, chord
    j    xLE         yLE         zLE         Chord       Area        Dihedral   c cl        ai_ff       cl           clj         cd          cdv         cm_c/4     c.p.x/c      Dcj
   421   2.856       0.000      -1.339       15.65       1.445       90.00     -0.1042E-05 -0.3483E-05 -0.6657E-07   0.000     -0.5363E-11   0.000     -0.3941E-06  -5.670       0.000    
   422   1.819       0.000      -1.247       17.87       1.650       90.00     -0.1027E-05 -0.2906E-05 -0.5747E-07   0.000     -0.3670E-11   0.000     -0.4935E-06  -8.337       0.000    
   423  0.7817       0.000      -1.154       20.09       1.855       90.00     -0.6349E-06 -0.2289E-05 -0.3161E-07   0.000      0.7193E-11   0.000     -0.5242E-06  -16.34       0.000    
   424  0.2207       0.000      -1.062       21.48       1.984       90.00     -0.7940E-05 -0.1565E-05 -0.3696E-06   0.000      0.1669E-10   0.000     -0.3461E-06 -0.6864       0.000    
   425  0.1361       0.000     -0.9695       22.06       2.037       90.00     -0.7530E-05 -0.1450E-05 -0.3414E-06   0.000      0.1068E-10   0.000     -0.3850E-06 -0.8780       0.000    
   426  0.5142E-01   0.000     -0.8772       22.63       2.090       90.00     -0.6628E-05 -0.1276E-05 -0.2929E-06   0.000      0.1109E-10   0.000     -0.4197E-06  -1.183       0.000    
   427  0.1405E-01   0.000     -0.7848       23.10       2.133       90.00     -0.6444E-05 -0.1082E-05 -0.2790E-06   0.000      0.1180E-10   0.000     -0.4243E-06  -1.271       0.000    
   428  0.2395E-01   0.000     -0.6925       23.47       2.167       90.00     -0.4452E-05 -0.9590E-06 -0.1897E-06   0.000      0.1198E-10   0.000     -0.4614E-06  -2.182       0.000    
   429  0.3385E-01   0.000     -0.6002       23.83       2.200       90.00     -0.1796E-05 -0.7804E-06 -0.7536E-07   0.000      0.1151E-10   0.000     -0.4975E-06  -6.352       0.000    
   430  0.6640E-01   0.000     -0.5078       24.15       2.229       90.00      0.1147E-05 -0.5786E-06  0.4752E-07   0.000      0.9830E-11   0.000     -0.5258E-06   11.32       0.000    
   431  0.1216       0.000     -0.4155       24.41       2.254       90.00      0.5715E-05 -0.3116E-06  0.2341E-06   0.000      0.7214E-11   0.000     -0.5658E-06   2.666       0.000    
   432  0.1768       0.000     -0.3232       24.67       2.278       90.00      0.1178E-04  0.2889E-06  0.4774E-06   0.000      0.4317E-11   0.000     -0.6063E-06   1.520       0.000    
   433  0.2450       0.000     -0.2308       24.90       2.299       90.00      0.2012E-04  0.2420E-05  0.8082E-06   0.000      0.2082E-11   0.000     -0.6580E-06   1.064       0.000    
   434  0.3263       0.000     -0.1385       25.09       2.317       90.00      0.3277E-04  0.1192E-04  0.1306E-05   0.000      0.2784E-11   0.000     -0.7260E-06  0.8059       0.000    
   435  0.4076       0.000     -0.4617E-01   25.29       2.335       90.00      0.5066E-04  0.4258E-04  0.2003E-05   0.000      0.1070E-10   0.000     -0.8152E-06  0.6570       0.000    
   436  0.5006       0.000      0.4617E-01   25.46       2.351       90.00      0.7142E-04 -0.4353E-04  0.2805E-05   0.000      0.2470E-10   0.000     -0.9350E-06  0.5834       0.000    
   437  0.6052       0.000      0.1385       25.61       2.365       90.00      0.8873E-04 -0.1288E-04  0.3464E-05   0.000      0.3205E-10   0.000     -0.1007E-05  0.5406       0.000    
   438  0.7098       0.000      0.2308       25.76       2.378       90.00      0.9670E-04 -0.3343E-05  0.3754E-05   0.000      0.2076E-10   0.000     -0.9973E-06  0.5156       0.000    
   439  0.8268       0.000      0.3232       25.85       2.387       90.00      0.1061E-03 -0.1146E-05  0.4102E-05   0.000      0.9304E-11   0.000     -0.1108E-05  0.5201       0.000    
   440  0.9561       0.000      0.4155       25.90       2.392       90.00      0.1127E-03 -0.5940E-06  0.4350E-05   0.000      0.3947E-11   0.000     -0.1123E-05  0.5081       0.000    
   441   1.086       0.000      0.5078       25.95       2.396       90.00      0.1176E-03 -0.4327E-06  0.4531E-05   0.000     -0.8457E-11   0.000     -0.1124E-05  0.4980       0.000    
   442   1.230       0.000      0.6002       25.89       2.391       90.00      0.1299E-03 -0.4314E-06  0.5019E-05   0.000     -0.2039E-10   0.000     -0.1438E-05  0.5365       0.000    
   443   1.390       0.000      0.6925       25.73       2.376       90.00      0.1322E-03 -0.5704E-06  0.5139E-05   0.000     -0.9758E-11   0.000     -0.1436E-05  0.5294       0.000    
   444   1.549       0.000      0.7848       25.57       2.361       90.00      0.1326E-03 -0.1037E-05  0.5186E-05   0.000     -0.9718E-11   0.000     -0.1413E-05  0.5225       0.000    
   445   1.732       0.000      0.8772       25.39       2.344       90.00      0.1306E-03 -0.3097E-05  0.5144E-05   0.000     -0.2416E-10   0.000     -0.1362E-05  0.5147       0.000    
   446   1.938       0.000      0.9695       25.18       2.325       90.00      0.1224E-03 -0.2183E-04  0.4862E-05   0.000     -0.5539E-10   0.000     -0.1215E-05  0.5000       0.000    
   447   2.144       0.000       1.062       24.98       2.306       90.00      0.1051E-03 -0.4536E-04  0.4209E-05   0.000     -0.1830E-09   0.000     -0.9136E-06  0.4671       0.000    
   448   2.435       0.000       1.154       23.15       2.138       90.00      0.2196E-03  0.7231E-04  0.9484E-05   0.000      0.1324E-09   0.000     -0.5536E-05  0.8337       0.000    
   449   2.811       0.000       1.247       19.71       1.820       90.00      0.1493E-03  0.6329E-04  0.7575E-05   0.000      0.7090E-10   0.000     -0.5049E-05  0.9166       0.000    
   450   3.187       0.000       1.339       16.27       1.502       90.00     -0.1919E-03 -0.9701E-04 -0.1180E-04   0.000      0.2407E-10   0.000      0.5071E-05  0.6799       0.000    

 Surface forces referred to Sref,Cref,Bref about Xmom,Ymom,Zmom
 Standard axis orientation,  X fwd, Z down         

  Surface #12     nacelle_horizontal                      
     # chordwise =  6   # spanwise = 11     First strip =451
     Surface area = 0.29004           ave. chord = 0.67672    
     CLsurf  =   0.000343     Clsurf  =  -0.000030
     CYsurf  =   0.000000     Cmsurf  =   0.000159
     CDsurf  =   0.000003     Cnsurf  =  -0.000001
     CDisurf =   0.000003     CDvsurf =   0.000000

  Forces referred to Ssurf, Cave about hinge axis thru LE
     cl_surf =   0.076897     cd_surf =   0.000607

 Strip Forces referred to strip area, chord
    j    xLE         yLE         zLE         Chord       Area        Dihedral   c cl        ai_ff       cl           clj         cd          cdv         cm_c/4     c.p.x/c      Dcj
   451   10.73       2.277       1.171      0.2362      0.1011E-01   0.000      0.3148E-01  0.8824E-01  0.1337       0.000     -0.4408E-02   0.000      0.6211E-02  0.2035       0.000    
   452   10.61       2.319       1.171      0.5560      0.2385E-01   0.000      0.4708E-01  0.9807E-01  0.8481E-01   0.000     -0.3279E-03   0.000      0.7801E-02  0.1580       0.000    
   453   10.55       2.362       1.171      0.7344      0.3151E-01   0.000      0.5644E-01  0.9934E-01  0.7694E-01   0.000      0.5054E-03   0.000      0.7826E-02  0.1483       0.000    
   454   10.50       2.405       1.171      0.8742      0.3742E-01   0.000      0.6185E-01  0.9647E-01  0.7078E-01   0.000      0.1225E-02   0.000      0.7487E-02  0.1442       0.000    
   455   10.48       2.437       1.171      0.9597      0.2058E-01   0.000      0.6373E-01  0.8815E-01  0.6640E-01   0.000      0.1988E-02   0.000      0.7188E-02  0.1418       0.000    
   456   10.47       2.459       1.171       1.006      0.2157E-01   0.000      0.6443E-01  0.7041E-01  0.6404E-01   0.000      0.2002E-02   0.000      0.7015E-02  0.1405       0.000    
   457   10.48       2.491       1.171      0.9827      0.4206E-01   0.000      0.6436E-01  0.1230      0.6550E-01   0.000      0.1720E-02   0.000      0.7173E-02  0.1405       0.000    
   458   10.50       2.534       1.171      0.8742      0.3751E-01   0.000      0.6127E-01  0.1073      0.7012E-01   0.000      0.1163E-02   0.000      0.7559E-02  0.1422       0.000    
   459   10.55       2.577       1.171      0.7344      0.3151E-01   0.000      0.5547E-01  0.1018      0.7561E-01   0.000      0.4736E-03   0.000      0.7930E-02  0.1451       0.000    
   460   10.61       2.619       1.171      0.5560      0.2380E-01   0.000      0.4636E-01  0.9937E-01  0.8350E-01   0.000     -0.3047E-03   0.000      0.7997E-02  0.1542       0.000    
   461   10.73       2.662       1.171      0.2362      0.1013E-01   0.000      0.3147E-01  0.8997E-01  0.1336       0.000     -0.4046E-02   0.000      0.6860E-02  0.1987       0.000    

 Surface forces referred to Sref,Cref,Bref about Xmom,Ymom,Zmom
 Standard axis orientation,  X fwd, Z down         

  Surface #13     nacelle_horizontal (YDUP)               
     # chordwise =  6   # spanwise = 11     First strip =462
     Surface area = 0.29004           ave. chord = 0.67672    
     CLsurf  =   0.000216     Clsurf  =   0.000019
     CYsurf  =  -0.000001     Cmsurf  =   0.000100
     CDsurf  =   0.000002     Cnsurf  =   0.000001
     CDisurf =   0.000002     CDvsurf =   0.000000

  Forces referred to Ssurf, Cave about hinge axis thru LE
     cl_surf =   0.048431     cd_surf =   0.000358

 Strip Forces referred to strip area, chord
    j    xLE         yLE         zLE         Chord       Area        Dihedral   c cl        ai_ff       cl           clj         cd          cdv         cm_c/4     c.p.x/c      Dcj
   462   10.73      -2.277       1.171      0.2362      0.1011E-01   0.000      0.2246E-01  0.1372      0.9531E-01   0.000     -0.1934E-02   0.000      0.5784E-02  0.1893       0.000    
   463   10.61      -2.319       1.171      0.5560      0.2385E-01   0.000      0.3118E-01  0.1258      0.5616E-01   0.000     -0.5768E-04   0.000      0.6137E-02  0.1407       0.000    
   464   10.55      -2.362       1.171      0.7344      0.3151E-01   0.000      0.3635E-01  0.1299      0.4954E-01   0.000      0.3293E-03   0.000      0.5752E-02  0.1339       0.000    
   465   10.50      -2.405       1.171      0.8742      0.3742E-01   0.000      0.4019E-01  0.1300      0.4600E-01   0.000      0.6936E-03   0.000      0.5377E-02  0.1331       0.000    
   466   10.48      -2.437       1.171      0.9597      0.2058E-01   0.000      0.3974E-01  0.7123E-01  0.4142E-01   0.000      0.1064E-02   0.000      0.4891E-02  0.1319       0.000    
   467   10.47      -2.459       1.171       1.006      0.2157E-01   0.000      0.3644E-01  0.3002E-01  0.3623E-01   0.000      0.9883E-03   0.000      0.4298E-02  0.1314       0.000    
   468   10.48      -2.491       1.171      0.9827      0.4206E-01   0.000      0.3236E-01         NaN  0.3294E-01   0.000      0.7091E-03   0.000      0.3863E-02  0.1327       0.000    
   469   10.50      -2.534       1.171      0.8742      0.3751E-01   0.000      0.3664E-01  0.1378      0.4193E-01   0.000      0.7097E-03   0.000      0.4966E-02  0.1316       0.000    
   470   10.55      -2.577       1.171      0.7344      0.3151E-01   0.000      0.3621E-01  0.1303      0.4936E-01   0.000      0.2848E-03   0.000      0.5858E-02  0.1313       0.000    
   471   10.61      -2.619       1.171      0.5560      0.2380E-01   0.000      0.3116E-01  0.1257      0.5612E-01   0.000     -0.7523E-04   0.000      0.6313E-02  0.1375       0.000    
   472   10.73      -2.662       1.171      0.2362      0.1013E-01   0.000      0.2277E-01  0.1378      0.9664E-01   0.000     -0.1822E-02   0.000      0.6280E-02  0.1850       0.000    

 Surface forces referred to Sref,Cref,Bref about Xmom,Ymom,Zmom
 Standard axis orientation,  X fwd, Z down         

  Surface #14     nacelle_vertical                        
     # chordwise =  6   # spanwise = 11     First strip =473
     Surface area = 0.29005           ave. chord = 0.67675    
     CLsurf  =   0.000000     Clsurf  =   0.000000
     CYsurf  =  -0.000044     Cmsurf  =   0.000000
     CDsurf  =  -0.000000     Cnsurf  =  -0.000002
     CDisurf =  -0.000000     CDvsurf =   0.000000

  Forces referred to Ssurf, Cave about hinge axis thru LE
     cl_surf =   0.000022     cd_surf =  -0.000041

 Strip Forces referred to strip area, chord
    j    xLE         yLE         zLE         Chord       Area        Dihedral   c cl        ai_ff       cl           clj         cd          cdv         cm_c/4     c.p.x/c      Dcj
   473   10.73       2.470      0.9778      0.2362      0.1011E-01   90.00      0.2105E-02  0.2086E-02  0.8912E-02   0.000     -0.1243E-03   0.000      0.3936E-02 -0.1916       0.000    
   474   10.61       2.470       1.021      0.5560      0.2385E-01   90.00      0.3759E-02  0.3147E-02  0.6761E-02   0.000     -0.4138E-04   0.000      0.1598E-02  0.1364E-01   0.000    
   475   10.55       2.470       1.064      0.7344      0.3151E-01   90.00      0.4222E-02  0.1552E-02  0.5749E-02   0.000     -0.2352E-04   0.000      0.1151E-02  0.4977E-01   0.000    
   476   10.50       2.470       1.106      0.8742      0.3742E-01   90.00      0.3604E-02 -0.1197E-01  0.4122E-02   0.000     -0.9675E-05   0.000      0.6969E-03  0.8094E-01   0.000    
   477   10.48       2.470       1.139      0.9597      0.2058E-01   90.00      0.4154E-02 -0.2499E-01  0.4329E-02   0.000     -0.8674E-05   0.000      0.6443E-03  0.1011       0.000    
   478   10.47       2.470       1.160       1.006      0.2157E-01   90.00      0.6685E-02 -0.5431E-02  0.6646E-02   0.000     -0.1562E-04   0.000      0.1062E-02  0.9026E-01   0.000    
   479   10.48       2.470       1.192      0.9827      0.4216E-01   90.00      0.1228E-01  0.2376E-01  0.1250E-01   0.000     -0.2864E-04   0.000      0.1987E-03  0.2341       0.000    
   480   10.50       2.470       1.235      0.8742      0.3742E-01   90.00      0.1259E-01  0.1823E-01  0.1440E-01   0.000     -0.5259E-04   0.000      0.3351E-04  0.2477       0.000    
   481   10.55       2.470       1.278      0.7344      0.3151E-01   90.00      0.9929E-02  0.3218E-02  0.1352E-01   0.000     -0.5709E-04   0.000     -0.2120E-03  0.2657       0.000    
   482   10.61       2.470       1.321      0.5560      0.2380E-01   90.00      0.7734E-02 -0.1102E-02  0.1391E-01   0.000     -0.6565E-04   0.000     -0.5982E-03  0.2930       0.000    
   483   10.73       2.470       1.364      0.2362      0.1013E-01   90.00      0.5535E-02 -0.8927E-02  0.2343E-01   0.000     -0.1423E-03   0.000     -0.3698E-02  0.4078       0.000    

 Surface forces referred to Sref,Cref,Bref about Xmom,Ymom,Zmom
 Standard axis orientation,  X fwd, Z down         

  Surface #15     nacelle_vertical (YDUP)                 
     # chordwise =  6   # spanwise = 11     First strip =484
     Surface area = 0.29005           ave. chord = 0.67675    
     CLsurf  =  -0.000000     Clsurf  =  -0.000000
     CYsurf  =   0.000025     Cmsurf  =   0.000000
     CDsurf  =  -0.000000     Cnsurf  =   0.000001
     CDisurf =  -0.000000     CDvsurf =   0.000000

  Forces referred to Ssurf, Cave about hinge axis thru LE
     cl_surf =  -0.000001     cd_surf =  -0.000023

 Strip Forces referred to strip area, chord
    j    xLE         yLE         zLE         Chord       Area        Dihedral   c cl        ai_ff       cl           clj         cd          cdv         cm_c/4     c.p.x/c      Dcj
   484   10.73      -2.470      0.9778      0.2362      0.1011E-01  -90.00      0.1706E-02  0.7199E-02  0.7224E-02   0.000     -0.9847E-04   0.000      0.3338E-02 -0.2121       0.000    
   485   10.61      -2.470       1.021      0.5560      0.2385E-01  -90.00      0.3014E-02  0.6655E-02  0.5421E-02   0.000     -0.3690E-04   0.000      0.1372E-02 -0.3055E-02   0.000    
   486   10.55      -2.470       1.064      0.7344      0.3151E-01  -90.00      0.3688E-02  0.8284E-02  0.5022E-02   0.000     -0.2696E-04   0.000      0.1080E-02  0.3486E-01   0.000    
   487   10.50      -2.470       1.106      0.8742      0.3742E-01  -90.00      0.3861E-02  0.5623E-02  0.4417E-02   0.000     -0.1688E-04   0.000      0.8484E-03  0.5791E-01   0.000    
   488   10.48      -2.470       1.139      0.9597      0.2058E-01  -90.00      0.3648E-02 -0.7164E-02  0.3802E-02   0.000     -0.9915E-05   0.000      0.6617E-03  0.7594E-01   0.000    
   489   10.47      -2.470       1.160       1.006      0.2157E-01  -90.00      0.3743E-02 -0.1166E-01  0.3721E-02   0.000     -0.1011E-04   0.000      0.6410E-03  0.7774E-01   0.000    
   490   10.48      -2.470       1.192      0.9827      0.4216E-01  -90.00      0.4981E-02  0.9498E-02  0.5069E-02   0.000     -0.1173E-04   0.000      0.1119E-03  0.2279       0.000    
   491   10.50      -2.470       1.235      0.8742      0.3742E-01  -90.00      0.5100E-02  0.7430E-02  0.5834E-02   0.000     -0.1593E-04   0.000      0.6797E-04  0.2383       0.000    
   492   10.55      -2.470       1.278      0.7344      0.3151E-01  -90.00      0.4596E-02  0.2902E-02  0.6258E-02   0.000     -0.2044E-04   0.000      0.2119E-05  0.2497       0.000    
   493   10.61      -2.470       1.321      0.5560      0.2380E-01  -90.00      0.4011E-02  0.1559E-02  0.7213E-02   0.000     -0.2712E-04   0.000     -0.1676E-03  0.2732       0.000    
   494   10.73      -2.470       1.364      0.2362      0.1013E-01  -90.00      0.3258E-02 -0.3029E-02  0.1379E-01   0.000     -0.6015E-04   0.000     -0.1968E-02  0.3927       0.000    

 Surface forces referred to Sref,Cref,Bref about Xmom,Ymom,Zmom
 Standard axis orientation,  X fwd, Z down         

  Surface #16     nacelle_2_horizontal                    
     # chordwise =  6   # spanwise = 11     First strip =495
     Surface area = 0.29004           ave. chord = 0.67671    
     CLsurf  =   0.000330     Clsurf  =  -0.000076
     CYsurf  =   0.000000     Cmsurf  =   0.000135
     CDsurf  =   0.000003     Cnsurf  =  -0.000003
     CDisurf =   0.000003     CDvsurf =   0.000000

  Forces referred to Ssurf, Cave about hinge axis thru LE
     cl_surf =   0.073977     cd_surf =   0.000691

 Strip Forces referred to strip area, chord
    j    xLE         yLE         zLE         Chord       Area        Dihedral   c cl        ai_ff       cl           clj         cd          cdv         cm_c/4     c.p.x/c      Dcj
   495   10.85       6.276       1.171      0.2362      0.1011E-01   0.000      0.3062E-01  0.8499E-01  0.1300       0.000     -0.3733E-02   0.000      0.6296E-02  0.2016       0.000    
   496   10.73       6.319       1.171      0.5560      0.2385E-01   0.000      0.4554E-01  0.9501E-01  0.8204E-01   0.000     -0.1801E-03   0.000      0.7579E-02  0.1576       0.000    
   497   10.67       6.362       1.171      0.7344      0.3143E-01   0.000      0.5461E-01  0.9645E-01  0.7443E-01   0.000      0.5771E-03   0.000      0.7565E-02  0.1484       0.000    
   498   10.63       6.404       1.171      0.8742      0.3751E-01   0.000      0.5996E-01  0.9519E-01  0.6861E-01   0.000      0.1252E-02   0.000      0.7213E-02  0.1449       0.000    
   499   10.61       6.437       1.171      0.9597      0.2058E-01   0.000      0.6168E-01  0.8838E-01  0.6426E-01   0.000      0.1965E-02   0.000      0.6890E-02  0.1428       0.000    
   500   10.60       6.458       1.171       1.006      0.2157E-01   0.000      0.6216E-01  0.6844E-01  0.6178E-01   0.000      0.1981E-02   0.000      0.6710E-02  0.1414       0.000    
   501   10.60       6.490       1.171      0.9827      0.4206E-01   0.000      0.6164E-01  0.1168      0.6272E-01   0.000      0.1704E-02   0.000      0.6842E-02  0.1409       0.000    
   502   10.63       6.533       1.171      0.8742      0.3751E-01   0.000      0.5857E-01  0.1016      0.6703E-01   0.000      0.1197E-02   0.000      0.7184E-02  0.1428       0.000    
   503   10.67       6.576       1.171      0.7344      0.3143E-01   0.000      0.5309E-01  0.9745E-01  0.7236E-01   0.000      0.5560E-03   0.000      0.7529E-02  0.1460       0.000    
   504   10.73       6.619       1.171      0.5560      0.2385E-01   0.000      0.4433E-01  0.9512E-01  0.7985E-01   0.000     -0.1648E-03   0.000      0.7560E-02  0.1553       0.000    
   505   10.85       6.662       1.171      0.2362      0.1013E-01   0.000      0.2989E-01  0.8536E-01  0.1269       0.000     -0.3548E-02   0.000      0.6307E-02  0.2003       0.000    

 Surface forces referred to Sref,Cref,Bref about Xmom,Ymom,Zmom
 Standard axis orientation,  X fwd, Z down         

  Surface #17     nacelle_2_vertical                      
     # chordwise =  6   # spanwise = 11     First strip =506
     Surface area = 0.29005           ave. chord = 0.67675    
     CLsurf  =   0.000000     Clsurf  =  -0.000000
     CYsurf  =  -0.000004     Cmsurf  =   0.000000
     CDsurf  =  -0.000000     Cnsurf  =  -0.000000
     CDisurf =  -0.000000     CDvsurf =   0.000000

  Forces referred to Ssurf, Cave about hinge axis thru LE
     cl_surf =   0.000001     cd_surf =  -0.000003

 Strip Forces referred to strip area, chord
    j    xLE         yLE         zLE         Chord       Area        Dihedral   c cl        ai_ff       cl           clj         cd          cdv         cm_c/4     c.p.x/c      Dcj
   506   10.85       6.469      0.9778      0.2362      0.1011E-01   90.00     -0.3913E-03  0.1214E-01 -0.1657E-02   0.000     -0.3650E-05   0.000     -0.6898E-03 -0.1664       0.000    
   507   10.73       6.469       1.021      0.5560      0.2385E-01   90.00     -0.9282E-03  0.1163E-01 -0.1669E-02   0.000     -0.1703E-05   0.000     -0.3411E-03  0.4572E-01   0.000    
   508   10.67       6.469       1.064      0.7344      0.3151E-01   90.00     -0.1603E-02  0.9854E-02 -0.2183E-02   0.000     -0.2495E-05   0.000     -0.3923E-03  0.7030E-01   0.000    
   509   10.63       6.469       1.106      0.8742      0.3742E-01   90.00     -0.2873E-02 -0.2959E-02 -0.3287E-02   0.000     -0.4325E-05   0.000     -0.5862E-03  0.7165E-01   0.000    
   510   10.61       6.469       1.139      0.9597      0.2058E-01   90.00     -0.2697E-02 -0.1462E-01 -0.2810E-02   0.000     -0.5145E-07   0.000     -0.4765E-03  0.8043E-01   0.000    
   511   10.60       6.469       1.160       1.006      0.2157E-01   90.00     -0.4053E-03  0.6673E-02 -0.4030E-03   0.000      0.1145E-06   0.000     -0.4293E-04  0.1435       0.000    
   512   10.60       6.469       1.192      0.9827      0.4216E-01   90.00      0.3722E-02  0.2950E-01  0.3787E-02   0.000     -0.1225E-05   0.000      0.1185E-03  0.2187       0.000    
   513   10.63       6.469       1.235      0.8742      0.3742E-01   90.00      0.4316E-02  0.2679E-01  0.4937E-02   0.000     -0.5409E-05   0.000      0.4090E-04  0.2417       0.000    
   514   10.67       6.469       1.278      0.7344      0.3151E-01   90.00      0.2540E-02  0.1406E-01  0.3459E-02   0.000     -0.3182E-05   0.000     -0.6787E-04  0.2696       0.000    
   515   10.73       6.469       1.321      0.5560      0.2380E-01   90.00      0.1595E-02  0.1262E-01  0.2869E-02   0.000     -0.2178E-05   0.000     -0.1594E-03  0.3056       0.000    
   516   10.85       6.469       1.364      0.2362      0.1013E-01   90.00      0.9849E-03  0.1742E-01  0.4170E-02   0.000     -0.4006E-05   0.000     -0.6941E-03  0.4165       0.000    

 Surface forces referred to Sref,Cref,Bref about Xmom,Ymom,Zmom
 Standard axis orientation,  X fwd, Z down         

  Surface #18     nacelle_3_horizontal                    
     # chordwise =  6   # spanwise = 11     First strip =517
     Surface area = 0.29006           ave. chord = 0.67661    
     CLsurf  =   0.000317     Clsurf  =  -0.000119
     CYsurf  =   0.000000     Cmsurf  =   0.000103
     CDsurf  =   0.000004     Cnsurf  =  -0.000005
     CDisurf =   0.000004     CDvsurf =   0.000000

  Forces referred to Ssurf, Cave about hinge axis thru LE
     cl_surf =   0.070864     cd_surf =   0.000931

 Strip Forces referred to strip area, chord
    j    xLE         yLE         zLE         Chord       Area        Dihedral   c cl        ai_ff       cl           clj         cd          cdv         cm_c/4     c.p.x/c      Dcj
   517   11.05       10.28       1.171      0.2362      0.1013E-01   0.000      0.2963E-01  0.8358E-01  0.1258       0.000     -0.3034E-02   0.000      0.6118E-02  0.2014       0.000    
   518   10.93       10.32       1.171      0.5560      0.2385E-01   0.000      0.4382E-01  0.9219E-01  0.7891E-01   0.000      0.1962E-03   0.000      0.7254E-02  0.1581       0.000    
   519   10.87       10.36       1.171      0.7344      0.3143E-01   0.000      0.5240E-01  0.9339E-01  0.7140E-01   0.000      0.8620E-03   0.000      0.7184E-02  0.1494       0.000    
   520   10.82       10.40       1.171      0.8742      0.3751E-01   0.000      0.5739E-01  0.9191E-01  0.6566E-01   0.000      0.1432E-02   0.000      0.6851E-02  0.1457       0.000    
   521   10.80       10.44       1.171      0.9597      0.2058E-01   0.000      0.5895E-01  0.8528E-01  0.6140E-01   0.000      0.2038E-02   0.000      0.6550E-02  0.1433       0.000    
   522   10.80       10.46       1.171       1.006      0.2157E-01   0.000      0.5931E-01  0.6557E-01  0.5895E-01   0.000      0.2006E-02   0.000      0.6389E-02  0.1416       0.000    
   523   10.80       10.49       1.171      0.9827      0.4206E-01   0.000      0.5873E-01  0.1118      0.5976E-01   0.000      0.1782E-02   0.000      0.6517E-02  0.1409       0.000    
   524   10.82       10.53       1.171      0.8743      0.3751E-01   0.000      0.5589E-01  0.9763E-01  0.6395E-01   0.000      0.1376E-02   0.000      0.6816E-02  0.1434       0.000    
   525   10.87       10.58       1.171      0.7344      0.3143E-01   0.000      0.5081E-01  0.9442E-01  0.6923E-01   0.000      0.8455E-03   0.000      0.7121E-02  0.1471       0.000    
   526   10.93       10.62       1.171      0.5560      0.2385E-01   0.000      0.4255E-01  0.9239E-01  0.7662E-01   0.000      0.2284E-03   0.000      0.7191E-02  0.1561       0.000    
   527   11.05       10.66       1.171      0.2362      0.1013E-01   0.000      0.2884E-01  0.8439E-01  0.1224       0.000     -0.2819E-02   0.000      0.5985E-02  0.2011       0.000    

 Surface forces referred to Sref,Cref,Bref about Xmom,Ymom,Zmom
 Standard axis orientation,  X fwd, Z down         

  Surface #19     nacelle_3_vertical                      
     # chordwise =  6   # spanwise = 11     First strip =528
     Surface area = 0.29005           ave. chord = 0.67675    
     CLsurf  =  -0.000000     Clsurf  =  -0.000000
     CYsurf  =   0.000002     Cmsurf  =  -0.000000
     CDsurf  =  -0.000000     Cnsurf  =   0.000000
     CDisurf =  -0.000000     CDvsurf =   0.000000

  Forces referred to Ssurf, Cave about hinge axis thru LE
     cl_surf =  -0.000002     cd_surf =  -0.000003

 Strip Forces referred to strip area, chord
    j    xLE         yLE         zLE         Chord       Area        Dihedral   c cl        ai_ff       cl           clj         cd          cdv         cm_c/4     c.p.x/c      Dcj
   528   11.05       10.47      0.9778      0.2362      0.1011E-01   90.00     -0.6980E-03  0.1739E-01 -0.2955E-02   0.000     -0.1116E-04   0.000     -0.1196E-02 -0.1546       0.000    
   529   10.93       10.47       1.021      0.5560      0.2385E-01   90.00     -0.1565E-02  0.1627E-01 -0.2815E-02   0.000     -0.4140E-05   0.000     -0.4773E-03  0.8045E-01   0.000    
   530   10.87       10.47       1.064      0.7344      0.3151E-01   90.00     -0.2430E-02  0.1426E-01 -0.3308E-02   0.000     -0.4399E-05   0.000     -0.4460E-03  0.1152       0.000    
   531   10.82       10.47       1.106      0.8742      0.3742E-01   90.00     -0.3792E-02  0.1870E-02 -0.4337E-02   0.000     -0.5738E-05   0.000     -0.5784E-03  0.1166       0.000    
   532   10.80       10.47       1.139      0.9597      0.2058E-01   90.00     -0.3696E-02 -0.9165E-02 -0.3851E-02   0.000     -0.4686E-06   0.000     -0.4454E-03  0.1343       0.000    
   533   10.80       10.47       1.160       1.006      0.2157E-01   90.00     -0.1523E-02  0.1145E-01 -0.1514E-02   0.000     -0.2298E-06   0.000     -0.2382E-04  0.2343       0.000    
   534   10.80       10.47       1.192      0.9827      0.4216E-01   90.00      0.2307E-02  0.3207E-01  0.2348E-02   0.000     -0.4833E-06   0.000      0.2690E-03  0.1354       0.000    
   535   10.82       10.47       1.235      0.8742      0.3742E-01   90.00      0.3006E-02  0.3019E-01  0.3438E-02   0.000     -0.3311E-05   0.000      0.2015E-03  0.1914       0.000    
   536   10.87       10.47       1.278      0.7344      0.3151E-01   90.00      0.1513E-02  0.1838E-01  0.2061E-02   0.000     -0.1586E-05   0.000      0.8993E-04  0.2064       0.000    
   537   10.93       10.47       1.321      0.5560      0.2380E-01   90.00      0.8491E-03  0.1655E-01  0.1527E-02   0.000     -0.8167E-06   0.000     -0.5098E-05  0.2533       0.000    
   538   11.05       10.47       1.364      0.2362      0.1013E-01   90.00      0.5169E-03  0.1191E-01  0.2188E-02   0.000     -0.1197E-05   0.000     -0.3363E-03  0.4037       0.000    

 Surface forces referred to Sref,Cref,Bref about Xmom,Ymom,Zmom
 Standard axis orientation,  X fwd, Z down         

  Surface #20     nacelle_4_horizontal                    
     # chordwise =  6   # spanwise = 11     First strip =539
     Surface area = 0.29004           ave. chord = 0.67672    
     CLsurf  =   0.000214     Clsurf  =   0.000019
     CYsurf  =   0.000001     Cmsurf  =   0.000099
     CDsurf  =   0.000002     Cnsurf  =   0.000001
     CDisurf =   0.000002     CDvsurf =   0.000000

  Forces referred to Ssurf, Cave about hinge axis thru LE
     cl_surf =   0.047893     cd_surf =   0.000344

 Strip Forces referred to strip area, chord
    j    xLE         yLE         zLE         Chord       Area        Dihedral   c cl        ai_ff       cl           clj         cd          cdv         cm_c/4     c.p.x/c      Dcj
   539   10.73      -2.662       1.171      0.2362      0.1013E-01   0.000      0.2276E-01  0.1378      0.9658E-01   0.000     -0.1819E-02   0.000      0.6280E-02  0.1850       0.000    
   540   10.61      -2.619       1.171      0.5560      0.2380E-01   0.000      0.3114E-01  0.1257      0.5609E-01   0.000     -0.7108E-04   0.000      0.6309E-02  0.1375       0.000    
   541   10.55      -2.577       1.171      0.7344      0.3151E-01   0.000      0.3625E-01  0.1303      0.4941E-01   0.000      0.3007E-03   0.000      0.5859E-02  0.1314       0.000    
   542   10.50      -2.534       1.171      0.8742      0.3751E-01   0.000      0.4032E-01  0.1378      0.4615E-01   0.000      0.6653E-03   0.000      0.5455E-02  0.1318       0.000    
   543   10.48      -2.502       1.171      0.9597      0.2054E-01   0.000      0.3980E-01  0.8544E-01  0.4147E-01   0.000      0.1052E-02   0.000      0.4918E-02  0.1314       0.000    
   544   10.47      -2.480       1.171       1.006      0.2152E-01   0.000      0.3606E-01  0.5203E-01  0.3586E-01   0.000      0.9742E-03   0.000      0.4288E-02  0.1304       0.000    
   545   10.48      -2.448       1.171      0.9827      0.4216E-01   0.000      0.3115E-01         NaN  0.3171E-01   0.000      0.6730E-03   0.000      0.3805E-02  0.1300       0.000    
   546   10.50      -2.405       1.171      0.8742      0.3742E-01   0.000      0.3558E-01  0.1300      0.4071E-01   0.000      0.6979E-03   0.000      0.4864E-02  0.1305       0.000    
   547   10.55      -2.362       1.171      0.7344      0.3151E-01   0.000      0.3564E-01  0.1299      0.4858E-01   0.000      0.2925E-03   0.000      0.5733E-02  0.1320       0.000    
   548   10.61      -2.319       1.171      0.5560      0.2385E-01   0.000      0.3075E-01  0.1258      0.5539E-01   0.000     -0.6939E-04   0.000      0.6132E-02  0.1393       0.000    
   549   10.73      -2.277       1.171      0.2362      0.1011E-01   0.000      0.2225E-01  0.1372      0.9442E-01   0.000     -0.1897E-02   0.000      0.5791E-02  0.1887       0.000    

 Surface forces referred to Sref,Cref,Bref about Xmom,Ymom,Zmom
 Standard axis orientation,  X fwd, Z down         

  Surface #21     nacelle_4_vertical                      
     # chordwise =  6   # spanwise = 11     First strip =550
     Surface area = 0.29005           ave. chord = 0.67675    
     CLsurf  =  -0.000000     Clsurf  =  -0.000000
     CYsurf  =   0.000025     Cmsurf  =   0.000000
     CDsurf  =  -0.000000     Cnsurf  =   0.000001
     CDisurf =  -0.000000     CDvsurf =   0.000000

  Forces referred to Ssurf, Cave about hinge axis thru LE
     cl_surf =  -0.000001     cd_surf =  -0.000023

 Strip Forces referred to strip area, chord
    j    xLE         yLE         zLE         Chord       Area        Dihedral   c cl        ai_ff       cl           clj         cd          cdv         cm_c/4     c.p.x/c      Dcj
   550   10.73      -2.470      0.9778      0.2362      0.1011E-01   90.00     -0.1706E-02 -0.7199E-02 -0.7224E-02   0.000     -0.9847E-04   0.000     -0.3338E-02 -0.2121       0.000    
   551   10.61      -2.470       1.021      0.5560      0.2385E-01   90.00     -0.3014E-02 -0.6655E-02 -0.5421E-02   0.000     -0.3690E-04   0.000     -0.1372E-02 -0.3055E-02   0.000    
   552   10.55      -2.470       1.064      0.7344      0.3151E-01   90.00     -0.3688E-02 -0.8284E-02 -0.5022E-02   0.000     -0.2696E-04   0.000     -0.1080E-02  0.3486E-01   0.000    
   553   10.50      -2.470       1.106      0.8742      0.3742E-01   90.00     -0.3861E-02 -0.5623E-02 -0.4417E-02   0.000     -0.1688E-04   0.000     -0.8484E-03  0.5791E-01   0.000    
   554   10.48      -2.470       1.139      0.9597      0.2058E-01   90.00     -0.3648E-02  0.7164E-02 -0.3802E-02   0.000     -0.9915E-05   0.000     -0.6617E-03  0.7594E-01   0.000    
   555   10.47      -2.470       1.160       1.006      0.2157E-01   90.00     -0.3743E-02  0.1166E-01 -0.3721E-02   0.000     -0.1011E-04   0.000     -0.6410E-03  0.7774E-01   0.000    
   556   10.48      -2.470       1.192      0.9827      0.4216E-01   90.00     -0.4981E-02 -0.9498E-02 -0.5069E-02   0.000     -0.1173E-04   0.000     -0.1119E-03  0.2279       0.000    
   557   10.50      -2.470       1.235      0.8742      0.3742E-01   90.00     -0.5100E-02 -0.7430E-02 -0.5834E-02   0.000     -0.1593E-04   0.000     -0.6797E-04  0.2383       0.000    
   558   10.55      -2.470       1.278      0.7344      0.3151E-01   90.00     -0.4596E-02 -0.2902E-02 -0.6258E-02   0.000     -0.2044E-04   0.000     -0.2119E-05  0.2497       0.000    
   559   10.61      -2.470       1.321      0.5560      0.2380E-01   90.00     -0.4011E-02 -0.1559E-02 -0.7213E-02   0.000     -0.2712E-04   0.000      0.1676E-03  0.2732       0.000    
   560   10.73      -2.470       1.364      0.2362      0.1013E-01   90.00     -0.3258E-02  0.3029E-02 -0.1379E-01   0.000     -0.6015E-04   0.000      0.1968E-02  0.3927       0.000    

 Surface forces referred to Sref,Cref,Bref about Xmom,Ymom,Zmom
 Standard axis orientation,  X fwd, Z down         

  Surface #22     nacelle_5_horizontal                    
     # chordwise =  6   # spanwise = 11     First strip =561
     Surface area = 0.29004           ave. chord = 0.67671    
     CLsurf  =   0.000330     Clsurf  =   0.000077
     CYsurf  =   0.000000     Cmsurf  =   0.000135
     CDsurf  =   0.000003     Cnsurf  =   0.000003
     CDisurf =   0.000003     CDvsurf =   0.000000

  Forces referred to Ssurf, Cave about hinge axis thru LE
     cl_surf =   0.073992     cd_surf =   0.000691

 Strip Forces referred to strip area, chord
    j    xLE         yLE         zLE         Chord       Area        Dihedral   c cl        ai_ff       cl           clj         cd          cdv         cm_c/4     c.p.x/c      Dcj
   561   10.85      -6.662       1.171      0.2362      0.1013E-01   0.000      0.3056E-01  0.8460E-01  0.1298       0.000     -0.3764E-02   0.000      0.6365E-02  0.2010       0.000    
   562   10.73      -6.619       1.171      0.5560      0.2385E-01   0.000      0.4547E-01  0.9463E-01  0.8190E-01   0.000     -0.1921E-03   0.000      0.7626E-02  0.1569       0.000    
   563   10.67      -6.576       1.171      0.7344      0.3143E-01   0.000      0.5451E-01  0.9612E-01  0.7430E-01   0.000      0.5739E-03   0.000      0.7601E-02  0.1477       0.000    
   564   10.63      -6.533       1.171      0.8742      0.3751E-01   0.000      0.5986E-01  0.9494E-01  0.6850E-01   0.000      0.1251E-02   0.000      0.7236E-02  0.1444       0.000    
   565   10.61      -6.501       1.171      0.9597      0.2054E-01   0.000      0.6162E-01  0.8827E-01  0.6419E-01   0.000      0.1965E-02   0.000      0.6902E-02  0.1425       0.000    
   566   10.60      -6.479       1.171       1.006      0.2152E-01   0.000      0.6215E-01  0.6896E-01  0.6177E-01   0.000      0.1983E-02   0.000      0.6713E-02  0.1413       0.000    
   567   10.60      -6.447       1.171      0.9827      0.4216E-01   0.000      0.6171E-01  0.1166      0.6280E-01   0.000      0.1704E-02   0.000      0.6832E-02  0.1412       0.000    
   568   10.63      -6.404       1.171      0.8742      0.3751E-01   0.000      0.5869E-01  0.1018      0.6716E-01   0.000      0.1199E-02   0.000      0.7160E-02  0.1434       0.000    
   569   10.67      -6.362       1.171      0.7344      0.3143E-01   0.000      0.5320E-01  0.9777E-01  0.7251E-01   0.000      0.5591E-03   0.000      0.7491E-02  0.1467       0.000    
   570   10.73      -6.319       1.171      0.5560      0.2385E-01   0.000      0.4442E-01  0.9549E-01  0.8001E-01   0.000     -0.1531E-03   0.000      0.7512E-02  0.1561       0.000    
   571   10.85      -6.276       1.171      0.2362      0.1011E-01   0.000      0.2995E-01  0.8575E-01  0.1272       0.000     -0.3518E-02   0.000      0.6236E-02  0.2010       0.000    

 Surface forces referred to Sref,Cref,Bref about Xmom,Ymom,Zmom
 Standard axis orientation,  X fwd, Z down         

  Surface #23     nacelle_5_vertical                      
     # chordwise =  6   # spanwise = 11     First strip =572
     Surface area = 0.29005           ave. chord = 0.67675    
     CLsurf  =   0.000000     Clsurf  =   0.000000
     CYsurf  =  -0.000007     Cmsurf  =   0.000000
     CDsurf  =  -0.000000     Cnsurf  =  -0.000000
     CDisurf =  -0.000000     CDvsurf =   0.000000

  Forces referred to Ssurf, Cave about hinge axis thru LE
     cl_surf =   0.000001     cd_surf =  -0.000002

 Strip Forces referred to strip area, chord
    j    xLE         yLE         zLE         Chord       Area        Dihedral   c cl        ai_ff       cl           clj         cd          cdv         cm_c/4     c.p.x/c      Dcj
   572   10.85      -6.469      0.9778      0.2362      0.1011E-01   90.00     -0.1281E-03 -0.1188E-01 -0.5425E-03   0.000     -0.4068E-06   0.000     -0.2363E-03 -0.1855       0.000    
   573   10.73      -6.469       1.021      0.5560      0.2385E-01   90.00     -0.4171E-03 -0.1215E-01 -0.7502E-03   0.000     -0.4639E-06   0.000     -0.2081E-03 -0.2745E-01   0.000    
   574   10.67      -6.469       1.064      0.7344      0.3151E-01   90.00     -0.9678E-03 -0.1393E-01 -0.1318E-02   0.000     -0.1321E-05   0.000     -0.3268E-03  0.2037E-02   0.000    
   575   10.63      -6.469       1.106      0.8742      0.3742E-01   90.00     -0.2181E-02 -0.2686E-01 -0.2495E-02   0.000     -0.3315E-05   0.000     -0.5658E-03  0.2320E-01   0.000    
   576   10.61      -6.469       1.139      0.9597      0.2058E-01   90.00     -0.2003E-02 -0.3888E-01 -0.2087E-02   0.000     -0.1334E-07   0.000     -0.4839E-03  0.1812E-01   0.000    
   577   10.60      -6.469       1.160       1.006      0.2157E-01   90.00      0.2675E-03 -0.1800E-01  0.2660E-03   0.000      0.6392E-07   0.000     -0.5909E-04  0.4721       0.000    
   578   10.60      -6.469       1.192      0.9827      0.4216E-01   90.00      0.4405E-02  0.5965E-02  0.4483E-02   0.000     -0.1422E-05   0.000      0.3090E-04  0.2431       0.000    
   579   10.63      -6.469       1.235      0.8742      0.3742E-01   90.00      0.4812E-02  0.2197E-02  0.5505E-02   0.000     -0.5902E-05   0.000     -0.3490E-04  0.2563       0.000    
   580   10.67      -6.469       1.278      0.7344      0.3151E-01   90.00      0.2828E-02 -0.1128E-01  0.3851E-02   0.000     -0.3479E-05   0.000     -0.1296E-03  0.2837       0.000    
   581   10.73      -6.469       1.321      0.5560      0.2380E-01   90.00      0.1686E-02 -0.1437E-01  0.3032E-02   0.000     -0.2136E-05   0.000     -0.2001E-03  0.3160       0.000    
   582   10.85      -6.469       1.364      0.2362      0.1013E-01   90.00      0.9304E-03 -0.2457E-01  0.3939E-02   0.000     -0.3233E-05   0.000     -0.6853E-03  0.4240       0.000    

 Surface forces referred to Sref,Cref,Bref about Xmom,Ymom,Zmom
 Standard axis orientation,  X fwd, Z down         

  Surface #24     nacelle_6_horizontal                    
     # chordwise =  6   # spanwise = 11     First strip =583
     Surface area = 0.29006           ave. chord = 0.67661    
     CLsurf  =   0.000317     Clsurf  =   0.000119
     CYsurf  =  -0.000000     Cmsurf  =   0.000103
     CDsurf  =   0.000004     Cnsurf  =   0.000005
     CDisurf =   0.000004     CDvsurf =   0.000000

  Forces referred to Ssurf, Cave about hinge axis thru LE
     cl_surf =   0.070864     cd_surf =   0.000931

 Strip Forces referred to strip area, chord
    j    xLE         yLE         zLE         Chord       Area        Dihedral   c cl        ai_ff       cl           clj         cd          cdv         cm_c/4     c.p.x/c      Dcj
   583   11.05      -10.66       1.171      0.2362      0.1013E-01   0.000      0.2884E-01  0.8439E-01  0.1224       0.000     -0.2820E-02   0.000      0.5985E-02  0.2011       0.000    
   584   10.93      -10.62       1.171      0.5560      0.2385E-01   0.000      0.4255E-01  0.9239E-01  0.7663E-01   0.000      0.2284E-03   0.000      0.7191E-02  0.1561       0.000    
   585   10.87      -10.58       1.171      0.7344      0.3143E-01   0.000      0.5081E-01  0.9442E-01  0.6923E-01   0.000      0.8455E-03   0.000      0.7122E-02  0.1471       0.000    
   586   10.82      -10.53       1.171      0.8742      0.3751E-01   0.000      0.5589E-01  0.9763E-01  0.6395E-01   0.000      0.1376E-02   0.000      0.6816E-02  0.1434       0.000    
   587   10.80      -10.49       1.171      0.9827      0.4206E-01   0.000      0.5874E-01  0.1118      0.5976E-01   0.000      0.1782E-02   0.000      0.6517E-02  0.1409       0.000    
   588   10.80      -10.46       1.171       1.006      0.2157E-01   0.000      0.5931E-01  0.6557E-01  0.5895E-01   0.000      0.2006E-02   0.000      0.6390E-02  0.1416       0.000    
   589   10.80      -10.44       1.171      0.9597      0.2058E-01   0.000      0.5895E-01  0.8528E-01  0.6140E-01   0.000      0.2038E-02   0.000      0.6551E-02  0.1433       0.000    
   590   10.82      -10.40       1.171      0.8743      0.3751E-01   0.000      0.5739E-01  0.9191E-01  0.6566E-01   0.000      0.1432E-02   0.000      0.6851E-02  0.1457       0.000    
   591   10.87      -10.36       1.171      0.7344      0.3143E-01   0.000      0.5240E-01  0.9339E-01  0.7140E-01   0.000      0.8620E-03   0.000      0.7184E-02  0.1494       0.000    
   592   10.93      -10.32       1.171      0.5560      0.2385E-01   0.000      0.4382E-01  0.9219E-01  0.7891E-01   0.000      0.1961E-03   0.000      0.7254E-02  0.1581       0.000    
   593   11.05      -10.28       1.171      0.2362      0.1013E-01   0.000      0.2963E-01  0.8358E-01  0.1258       0.000     -0.3034E-02   0.000      0.6118E-02  0.2014       0.000    

 Surface forces referred to Sref,Cref,Bref about Xmom,Ymom,Zmom
 Standard axis orientation,  X fwd, Z down         

  Surface #25     nacelle_6_vertical                      
     # chordwise =  6   # spanwise = 11     First strip =594
     Surface area = 0.29005           ave. chord = 0.67675    
     CLsurf  =  -0.000000     Clsurf  =   0.000000
     CYsurf  =  -0.000002     Cmsurf  =  -0.000000
     CDsurf  =  -0.000000     Cnsurf  =  -0.000000
     CDisurf =  -0.000000     CDvsurf =   0.000000

  Forces referred to Ssurf, Cave about hinge axis thru LE
     cl_surf =  -0.000002     cd_surf =  -0.000003

 Strip Forces referred to strip area, chord
    j    xLE         yLE         zLE         Chord       Area        Dihedral   c cl        ai_ff       cl           clj         cd          cdv         cm_c/4     c.p.x/c      Dcj
   594   11.05      -10.47      0.9778      0.2362      0.1011E-01   90.00      0.6977E-03 -0.1738E-01  0.2954E-02   0.000     -0.1115E-04   0.000      0.1195E-02 -0.1546       0.000    
   595   10.93      -10.47       1.021      0.5560      0.2385E-01   90.00      0.1565E-02 -0.1627E-01  0.2814E-02   0.000     -0.4136E-05   0.000      0.4771E-03  0.8045E-01   0.000    
   596   10.87      -10.47       1.064      0.7344      0.3151E-01   90.00      0.2429E-02 -0.1426E-01  0.3307E-02   0.000     -0.4396E-05   0.000      0.4458E-03  0.1152       0.000    
   597   10.82      -10.47       1.106      0.8742      0.3742E-01   90.00      0.3791E-02 -0.1868E-02  0.4336E-02   0.000     -0.5735E-05   0.000      0.5783E-03  0.1166       0.000    
   598   10.80      -10.47       1.139      0.9597      0.2058E-01   90.00      0.3695E-02  0.9167E-02  0.3850E-02   0.000     -0.4678E-06   0.000      0.4453E-03  0.1343       0.000    
   599   10.80      -10.47       1.160       1.006      0.2157E-01   90.00      0.1522E-02 -0.1145E-01  0.1513E-02   0.000     -0.2294E-06   0.000      0.2373E-04  0.2343       0.000    
   600   10.80      -10.47       1.192      0.9827      0.4216E-01   90.00     -0.2308E-02 -0.3207E-01 -0.2349E-02   0.000     -0.4840E-06   0.000     -0.2689E-03  0.1355       0.000    
   601   10.82      -10.47       1.235      0.8742      0.3742E-01   90.00     -0.3007E-02 -0.3019E-01 -0.3439E-02   0.000     -0.3314E-05   0.000     -0.2014E-03  0.1914       0.000    
   602   10.87      -10.47       1.278      0.7344      0.3151E-01   90.00     -0.1514E-02 -0.1838E-01 -0.2062E-02   0.000     -0.1587E-05   0.000     -0.8985E-04  0.2064       0.000    
   603   10.93      -10.47       1.321      0.5560      0.2380E-01   90.00     -0.8500E-03 -0.1655E-01 -0.1529E-02   0.000     -0.8183E-06   0.000      0.5208E-05  0.2534       0.000    
   604   11.05      -10.47       1.364      0.2362      0.1013E-01   90.00     -0.5175E-03 -0.1191E-01 -0.2191E-02   0.000     -0.1200E-05   0.000      0.3368E-03  0.4037       0.000    
