group,label,lambda_real,lambda_imag,zeta,freq_hz,lon_frac,lat_frac,oth_frac
0,roll,-21.416046124660582,0.0,1.0,0.0,0.004097481797631588,0.9946235435439182,0.00127897465795903
0,short-period,-0.7218815907977453,1.8235579784334508,0.36807338219085334,0.2902282662823476,0.8914884081766871,0.005275726620401495,0.10323586520230355
0,dutch-roll,-0.8416438269122428,1.087416300849269,0.612070036255549,0.17306767947886476,0.0026688609852512754,0.9284348758792763,0.06889626313461628
0,phugoid,-0.034985757413185346,0.19060805604706865,0.18053228806633773,0.03033621431302801,0.09139642066354019,7.631447341423905e-06,0.9085959478886131
0,spiral,0.0,0.0,,0.0,0.0,0.0,0.9999999999989999
1,roll,-21.533769442023317,0.0,1.0,0.0,0.004412796782717457,0.9942922583704241,0.0012949448463762383
1,short-period,-0.7254493453985451,1.817903643159034,0.3706364777008514,0.28932835087352526,0.8915198664908444,0.005510047604688646,0.10297008590385419
1,dutch-roll,-0.839547377842678,1.108214114859248,0.6038536803158505,0.17637775438405878,0.0029870231645516394,0.9317105451177309,0.06530243171685723
1,phugoid,-0.03373859924001297,0.1905338507655146,0.17436156883336199,0.030324404175665155,0.09112338051352294,8.373010464282114e-06,0.9088682464755069
1,spiral,0.0,0.0,,0.0,0.0,0.0,0.9999999999989999
2,roll,-21.661834487646676,0.0,1.0,0.0,0.004700422740683977,0.9939898405571914,0.0013097367016412166
2,short-period,-0.7192204199659354,1.7892207166754623,0.37296916795220336,0.2847633213413234,0.8891827630618341,0.005729964175306895,0.10508727276224192
2,dutch-roll,-0.8290991107383181,1.1225457146984432,0.5941089993530846,0.17865869934088172,0.003357787994879547,0.9329654378673755,0.0636767741368827
2,phugoid,-0.03233513904862199,0.19041123207312122,0.1674205185041734,0.030304888804655285,0.09079804787140047,7.586246602298666e-06,0.9091943658814907
2,spiral,0.0,0.0,,0.0,0.0,0.0,0.9999999999989999
3,roll,-21.796147465418745,0.0,1.0,0.0,0.00491754423000827,0.9937848779029125,0.001297577866587488
3,short-period,-0.7058416265707858,1.7420314704812483,0.37552811072697556,0.2772529195487338,0.8846803640387975,0.005923722532481718,0.10939591342810055
3,dutch-roll,-0.8121677609351567,1.128871969585296,0.5840110437849683,0.1796655540773836,0.0037850790913426134,0.9321486122530196,0.06406630865477542
3,phugoid,-0.030963813929775444,0.19017937033076554,0.1606977545985683,0.03026798686224548,0.09044311873649952,8.116922548337341e-06,0.9095487643404451
3,spiral,0.0,0.0,,0.0,0.0,0.0,0.9999999999989999
4,roll,-21.927530560449128,0.0,1.0,0.0,0.005067170365764517,0.9936632128646997,0.0012696167690358173
4,short-period,-0.6858748646353254,1.675134057716104,0.378913348166804,0.26660586562710226,0.8774177734700678,0.006122985911290093,0.11645924061802028
4,dutch-roll,-0.7882911746887221,1.1277724611837487,0.5729015053505275,0.1794905618803063,0.004346225852508449,0.9292158748645463,0.0664378992820848
4,phugoid,-0.02956256789029929,0.18985708952924088,0.15385560055865627,0.030216694279619212,0.09003866041589213,8.258172647445402e-06,0.9099530814109529
4,spiral,0.0,0.0,,0.0,0.0,0.0,0.9999999999989999
5,roll,-22.05444437593188,0.0,1.0,0.0,0.0051334237941419066,0.9936321577273693,0.0012344184779809603
5,short-period,-0.6597219865630474,1.587845048272102,0.3836834957767241,0.2527133882964942,0.8665007063794413,0.006357930338077816,0.1271413632818596
5,dutch-roll,-0.7581127834756615,1.1183909884656986,0.5610982688684389,0.17799745412374685,0.005075833812244674,0.9238167953720435,0.07110737081485556
5,phugoid,-0.028075814839416405,0.18934544442213883,0.14667460964976084,0.03013526343171514,0.08956148047028749,7.745724790789734e-06,0.9104307738044138
5,spiral,0.0,0.0,,0.0,0.0,0.0,0.9999999999989999
6,roll,-22.177523494408337,0.0,1.0,0.0,0.00511389003118649,0.993713561841071,0.0011725481272265726
6,short-period,-0.6287219336254861,1.480956419234638,0.3907802278422117,0.23570153462486593,0.8506616408445297,0.006698465342026674,0.14263989381282582
6,dutch-roll,-0.7216076233936134,1.1011560843803805,0.5481115694618791,0.17525443394485377,0.006169154517606126,0.9153919129092836,0.07843893257226153
6,phugoid,-0.026520826363158483,0.18866061047600158,0.13920556298969455,0.030026268723990265,0.0890143753349151,8.712126148012763e-06,0.9109769125384287
6,spiral,0.0,0.0,,0.0,0.0,0.0,0.9999999999989999
7,roll,-22.293690294173196,0.0,1.0,0.0,0.005013258519894802,0.9938791900100709,0.0011075514695104405
7,short-period,-0.5950356376623709,1.3569297170438401,0.40159981084573837,0.215962071895814,0.8279878761041837,0.007354878042249216,0.1646572458529572
7,dutch-roll,-0.6809561261524192,1.0765576425105914,0.5345680647764675,0.1713394703289182,0.007989469669531853,0.9034378210617069,0.08857270926792314
7,phugoid,-0.02478693871364121,0.18762900704592464,0.1309682252702483,0.029862083938782966,0.08832387540096202,8.414943692881911e-06,0.911667709654837
7,spiral,0.0,0.0,,0.0,0.0,0.0,0.9999999999989999
8,roll,-22.411136402559197,0.0,1.0,0.0,0.004841041705052044,0.9941264931096622,0.0010324651847540484
8,short-period,-0.5607668647289263,1.218108224594962,0.41817460608268947,0.19386794516518083,0.7954295670888699,0.008964732867406624,0.19560570004312816
8,dutch-roll,-0.6381050907685144,1.0460041523679284,0.5207845157191364,0.16647673134400387,0.011895098765708595,0.8860967018390714,0.10200819939439747
8,phugoid,-0.022770582392041015,0.1860766652397783,0.12146595503512181,0.029615021066966576,0.08742819303940559,7.941918923554361e-06,0.9125638650411633
8,spiral,0.0,0.0,,0.0,0.0,0.0,0.9999999999989999
9,roll,-22.528191202121736,0.0,1.0,0.0,0.004621490734100763,0.9944371305096363,0.0009413787557231575
9,short-period,-0.5280492418943437,1.0670022718989112,0.4435462956844202,0.16981868586299426,0.7469049673759313,0.014355162909201545,0.23873986971429761
9,dutch-roll,-0.5948274926058004,1.0114535921993666,0.5069281854258162,0.16097783890658332,0.024207791403738833,0.8558064194380743,0.11998578915739219
9,phugoid,-0.020370723355982185,0.18367774388822294,0.11022886312975577,0.02923322087577785,0.08619895548951227,8.780923152077263e-06,0.9137922635868293
9,spiral,0.0,0.0,,0.0,0.0,0.0,0.9999999999989999
10,roll,-22.108458383980892,0.0,1.0,0.0,0.003574067599120822,0.9951774923106403,0.0012484400897589416
10,short-period,-0.721831201430255,1.814696650027334,0.3696033994900769,0.28881794206415345,0.8914507360276899,0.005014235981894024,0.10353502798980437
10,dutch-roll,-0.8373327065473569,1.1006120190306707,0.6054808512535649,0.17516784325508244,0.0025382905013090432,0.9307888114397861,0.06667289805804567
10,phugoid,-0.03400522915795437,0.19055134137143032,0.17568151185825676,0.030327187892054314,0.09118320417371065,7.85393160283714e-06,0.9088089418941807
10,spiral,0.0,0.0,,0.0,0.0,0.0,0.9999999999989999
11,roll,-22.19731042270286,0.0,1.0,0.0,0.0037235844929907956,0.9950262202931096,0.0012501952134140908
11,short-period,-0.7175119842007966,1.7971498387446345,0.3707900956830377,0.2860252803130112,0.8900162228193416,0.005164500161488844,0.10481927701855491
11,dutch-roll,-0.8301516732796577,1.110137141474628,0.5988677053645715,0.1766838135755938,0.0027296694205398418,0.9316216707760377,0.06564865980256174
11,phugoid,-0.03306373030529855,0.19050919084757612,0.17099828754933002,0.030320479427829006,0.09098650563359427,7.98237632178739e-06,0.9090055119895778
11,spiral,0.0,0.0,,0.0,0.0,0.0,0.9999999999989999
12,roll,-22.32203897587085,0.0,1.0,0.0,0.003966258911216464,0.9947770793254888,0.0012566617628010546
12,short-period,-0.7132317749650631,1.769331254502915,0.37387443762338285,0.2815978151211232,0.8876578492583888,0.0054345880873669,0.10690756265362547
12,dutch-roll,-0.821841096120445,1.1246487432117076,0.590008352261872,0.17899340672423095,0.0031025596599915644,0.9331630315209759,0.06373440881816966
12,phugoid,-0.03174717818248775,0.19034884676049998,0.1645117750818062,0.03029495987377528,0.09065015994855335,7.5889676847654795e-06,0.9093422510832552
12,spiral,0.0,0.0,,0.0,0.0,0.0,0.9999999999989999
13,roll,-22.43162802522523,0.0,1.0,0.0,0.004121303671133679,0.9946269053929457,0.0012517909354198783
13,short-period,-0.7015687193267168,1.7258235418719696,0.3765857077223798,0.2746733475932866,0.8833392157499501,0.005659590683010284,0.11100119356641841
13,dutch-roll,-0.8070217502952993,1.1297445634817918,0.5812674519862325,0.1798044317093227,0.003489097217108668,0.9322534086791902,0.0642574941028385
13,phugoid,-0.030555547043038978,0.19012113503665487,0.1586799412704751,0.030258718427325356,0.09033201766976877,8.261094786290725e-06,0.9096597212349378
13,spiral,0.0,0.0,,0.0,0.0,0.0,0.9999999999989999
14,roll,-22.546592534110626,0.0,1.0,0.0,0.004228066614648283,0.9945273002593769,0.0012446331254671568
14,short-period,-0.6845202407943306,1.6666943123289766,0.3799117669984803,0.2652626384303039,0.8767703348276792,0.0058799304291369614,0.11734973474256147
14,dutch-roll,-0.7868489585048846,1.1286328117196602,0.5719032580883294,0.17962749092088837,0.003946631979578059,0.9298250837988405,0.0662282842207203
14,phugoid,-0.029340424469507888,0.1897963514745516,0.15277427731785578,0.030207027517981627,0.08997064623317158,7.890232416127699e-06,0.9100214635339047
14,spiral,-0.0,0.0,,0.0,0.0,0.0,0.9999999999989999
15,roll,-22.657078795752046,0.0,1.0,0.0,0.004283139366637698,0.9945124010272742,0.0012044596055732191
15,short-period,-0.6624755042170327,1.5916172318872377,0.38427020517690097,0.2533137499650933,0.8673551216131166,0.006125038066556903,0.12651984031970467
15,dutch-roll,-0.7610500889375493,1.120878428556982,0.561730849539017,0.17839334250991953,0.004506137548576286,0.9253661504983323,0.07012771195223404
15,phugoid,-0.02807120554559766,0.18933950366349164,0.14665554993478513,0.03013431793061072,0.08955208588584505,8.006502175867852e-06,0.9104399076114712
15,spiral,0.0,0.0,,0.0,0.0,0.0,0.9999999999989999
16,roll,-22.772132590365505,0.0,1.0,0.0,0.004277333208083481,0.9945718719925888,0.001150794798805923
16,short-period,-0.6363816039155383,1.5014315670024019,0.3902435397727896,0.23896025560264253,0.8542594567555364,0.006453029507755492,0.13928751373608894
16,dutch-roll,-0.7303789464783755,1.1067516068450363,0.5508016991010952,0.17614498900428546,0.005289707546814218,0.9187004073110381,0.0760098851412958
16,phugoid,-0.02675115706975842,0.1887523006067858,0.14032396684327195,0.030040861661537317,0.08907884453026926,8.522140128498592e-06,0.9109126333290942
16,spiral,0.0,0.0,,0.0,0.0,0.0,0.9999999999989999
17,roll,-22.88012713479742,0.0,1.0,0.0,0.00421753941307691,0.9946762792349148,0.0011061813514797807
17,short-period,-0.6076816536366947,1.3973500776244794,0.3988023550032174,0.22239517208377954,0.8362547126130605,0.006972550527762064,0.15677273685856408
17,dutch-roll,-0.6960671956447095,1.08696638107712,0.5392783151504825,0.17299607252313245,0.006516135935354577,0.9094994267301861,0.0839844373336156
17,phugoid,-0.025286790300185435,0.18791623876615296,0.13336214582603503,0.029907798286870093,0.08850486961695236,8.089708250699237e-06,0.9114870406742888
17,spiral,0.0,0.0,,0.0,0.0,0.0,0.9999999999989999
18,roll,-22.980034523620812,0.0,1.0,0.0,0.0041117845669574665,0.9948448236980136,0.0010433917344936617
18,short-period,-0.5778411590205015,1.281513142582713,0.4110509207076243,0.20395915127926767,0.8117170439915263,0.007950238331640887,0.18033271767622955
18,dutch-roll,-0.6592725013473625,1.0622888098495173,0.5273171460787255,0.16906851507875717,0.008690830673985326,0.8968973826699866,0.09441178665519566
18,phugoid,-0.023664739857866112,0.1867510968837203,0.12571278178731032,0.02972236019687754,0.08780052254670369,7.730864299894028e-06,0.9121917465884886
18,spiral,0.0,0.0,,0.0,0.0,0.0,0.9999999999989999
19,roll,-23.080081109237426,0.0,1.0,0.0,0.00396823591449469,0.9950673224740396,0.0009644416109236342
19,short-period,-0.5484685994074172,1.1557260946628298,0.4287370634935588,0.18393952082588114,0.7776920866000187,0.010420157725390636,0.21188775567400397
19,dutch-roll,-0.6215863888202613,1.03375840968944,0.5153070757179907,0.16452776086489107,0.01358450875137755,0.8786752465699856,0.10774024467782105
19,phugoid,-0.021771940604107667,0.1850926054413623,0.1168218769651757,0.029458403085750654,0.08690585821195866,7.788370840430684e-06,0.9130863534166938
19,spiral,-0.0,0.0,,0.0,0.0,0.0,0.9999999999989999
20,roll,-22.62968173095138,0.0,1.0,0.0,0.0031356217924962946,0.9956397002740334,0.0012246779329812038
20,short-period,-0.7177569140075145,1.8004820442829519,0.37030702884412287,0.2865556172958326,0.8905328201658229,0.0048399943160615366,0.1046271855175014
20,dutch-roll,-0.83162598285393,1.1072132597053417,0.6005618785186911,0.1762184633389956,0.0024871880857942792,0.9316066442510585,0.06590616766228678
20,phugoid,-0.03326819877315873,0.1905353125188622,0.17200166735391778,0.030324636820936005,0.09103252100829534,7.825977898659605e-06,0.9089596530132998
20,spiral,0.0,0.0,,0.0,0.0,0.0,0.9999999999989999
21,roll,-22.717291008665217,0.0,1.0,0.0,0.0032478727185517664,0.9955288661562363,0.0012232611247178211
21,short-period,-0.7135875177719513,1.7814987396532684,0.37183445811979715,0.2835343305277992,0.8888759719118794,0.004994643292541393,0.1061293847949625
21,dutch-roll,-0.8245377834673102,1.1147206059511807,0.5946773361296755,0.17741329460352326,0.0026706114980030553,0.9322035447114889,0.06512584378964653
21,phugoid,-0.03243235154001447,0.19044271447962552,0.1678827070324824,0.030309899385270872,0.09082699241376824,7.480539530849741e-06,0.9091655270461945
21,spiral,0.0,0.0,,0.0,0.0,0.0,0.9999999999989999
22,roll,-22.8296824986149,0.0,1.0,0.0,0.003421893965412178,0.9953460142020939,0.0012320918319925192
22,short-period,-0.7089323516485304,1.7536257179208323,0.3747981853941267,0.27909820134017416,0.8864034261163498,0.00526512609922896,0.10833144778380117
22,dutch-roll,-0.8164096045511086,1.1262713435131926,0.5869029581243381,0.17925165158287468,0.0030029660013932286,0.9331239349731079,0.06387309902463571
22,phugoid,-0.031286945623771885,0.19026014819462803,0.1622636876914933,0.030280843058571597,0.09053507966200772,7.68309203947779e-06,0.9094572372454459
22,spiral,0.0,0.0,,0.0,0.0,0.0,0.9999999999989999
23,roll,-22.925665409278356,0.0,1.0,0.0,0.0035360696680680833,0.9952384186211519,0.0012255117102723328
23,short-period,-0.6983979555553896,1.7130806724841556,0.3775176426887921,0.2726452569410416,0.8822336739892388,0.005497818420015142,0.11226850759012422
23,dutch-roll,-0.8032213273240718,1.1301951288066723,0.5792972043265828,0.17987614140796326,0.0033333409679496204,0.9322727059557596,0.06439395307542775
23,phugoid,-0.030236892464698503,0.19002762094655962,0.15714153527735228,0.030243835197637955,0.09023513676863407,7.769780137175919e-06,0.9097570934507214
23,spiral,0.0,0.0,,0.0,0.0,0.0,0.9999999999989999
24,roll,-23.026627862192978,0.0,1.0,0.0,0.003616675400359088,0.9951743922963164,0.0012089323028107776
24,short-period,-0.6834500501397173,1.6600482954666171,0.38070253516330904,0.2642048919947873,0.8762465750068854,0.005718088342423499,0.11803533665006843
24,dutch-roll,-0.7852882423311164,1.128936449664832,0.5710356482353687,0.1796758164007727,0.0037317977752474433,0.9301101860782455,0.06615801614564568
24,phugoid,-0.029177506772409236,0.18971859253671958,0.15200644923162554,0.030194651798656085,0.08990555019897738,7.783280857306572e-06,0.9100866665196576
24,spiral,0.0,0.0,,0.0,0.0,0.0,0.9999999999989999
25,roll,-23.12106127250893,0.0,1.0,0.0,0.0036609969682041043,0.9951573523531665,0.0011816506781095908
25,short-period,-0.6644621177035251,1.594317757018477,0.3846958190507291,0.2537435518886739,0.8679533539007754,0.005979562639062157,0.12606708345954015
25,dutch-roll,-0.7634091201414638,1.1227610881951555,0.5622755615211958,0.17869297709749446,0.004211627585889849,0.9263819167711945,0.06940645564205722
25,phugoid,-0.02808199990360295,0.18936173364932557,0.14669387815173945,0.030137855942741053,0.08954606731790597,8.03509617751823e-06,0.9104458975854085
25,spiral,0.0,0.0,,0.0,0.0,0.0,0.9999999999989999
26,roll,-23.220245000404507,0.0,1.0,0.0,0.003664260162903268,0.9951918857392918,0.0011438540972788824
26,short-period,-0.6420927625029971,1.5165232238696962,0.38989068487545125,0.24136216739251914,0.8567897771324958,0.006282666064386373,0.13692755680249766
26,dutch-roll,-0.7369919742759794,1.111162928775395,0.5527342730530498,0.17684707269507174,0.004843010899957303,0.9208714804878928,0.07428550861129601
26,phugoid,-0.026894759912233217,0.18880942450564803,0.14102046062497622,0.03004995321240992,0.08911971686562443,7.93716464165875e-06,0.9108723459692258
26,spiral,0.0,0.0,,0.0,0.0,0.0,0.9999999999989999
27,roll,-23.312000796316266,0.0,1.0,0.0,0.003630271596917995,0.9952628493837421,0.0011068790188080329
27,short-period,-0.6172609438108161,1.427113154596352,0.3969820900782136,0.22713211290547763,0.841950152359879,0.006721290377964028,0.15132855726154126
27,dutch-roll,-0.707450367212172,1.0948449793832038,0.5427219195429662,0.17424999038818112,0.005740955112483509,0.9134395929806212,0.08081945190604785
27,phugoid,-0.02564762277816703,0.18815444049195384,0.1350625342774049,0.029945709268984322,0.0886506382571329,7.972617335903264e-06,0.911341389125023
27,spiral,0.0,0.0,,0.0,0.0,0.0,0.9999999999989999
28,roll,-23.405758478875164,0.0,1.0,0.0,0.0035613471924251117,0.9953862907595048,0.0010523620475321757
28,short-period,-0.5910682042508582,1.3282950410126528,0.406549012017664,0.21140472166161556,0.8224896726445599,0.007418532168465431,0.17009179518636655
28,dutch-roll,-0.6755076241029035,1.0741990137346524,0.5323391983685455,0.1709640829003087,0.007135531037505024,0.9035947486235084,0.0892697203381479
28,phugoid,-0.024289573153921728,0.1872128130015006,0.12866470810968086,0.029795844599327475,0.08806457477883486,7.906522938433403e-06,0.9119275186977187
28,spiral,0.0,0.0,,0.0,0.0,0.0,0.9999999999989999
29,roll,-23.500713731621538,0.0,1.0,0.0,0.0034641922627411024,0.9955531926822014,0.0009826150545136283
29,short-period,-0.5646348167377253,1.2210399643012746,0.41971861699238106,0.19433454603129927,0.7966612582914417,0.00887535710432462,0.19446338460363743
29,dutch-roll,-0.6420874714464022,1.050121759357638,0.5216548969468825,0.16713206885012588,0.009759777263488239,0.8904503340100878,0.09978988872559744
29,phugoid,-0.02275026874057918,0.18597896986303164,0.12142200255123448,0.029599472364840118,0.08736305027365487,8.409184155159341e-06,0.9126285405416824
29,spiral,0.0,0.0,,0.0,0.0,0.0,0.9999999999989999
30,roll,-23.048676610849554,0.0,1.0,0.0,0.002786299822462005,0.9960090637370538,0.0012046364399876945
30,short-period,-0.7149877792542761,1.7878333224636695,0.3713255111614844,0.2845425106944995,0.8896358280154083,0.004744037790388273,0.1056201341935874
30,dutch-roll,-0.82697528427272,1.1120249246014031,0.596742241901775,0.17698426359170552,0.002500081901238592,0.9321939184274823,0.06530599967041763
30,phugoid,-0.032687121421574684,0.19045397627044472,0.16915418410902125,0.030311691754947814,0.09088503375110495,7.525301865390882e-06,0.9091074409465234
30,spiral,0.0,0.0,,0.0,0.0,0.0,0.9999999999989999
31,roll,-23.124951131024428,0.0,1.0,0.0,0.0028728308046382794,0.9959265456337137,0.0012006235611468513
31,short-period,-0.7104883984655019,1.768532292146072,0.37278134020092935,0.2814706563126873,0.8878825413283098,0.004909556564401822,0.10720790210667024
31,dutch-roll,-0.8201366067899218,1.1183642144698767,0.5913649997493715,0.17799319290996546,0.0026897587118302245,0.9324627281725776,0.06484751311473007
31,phugoid,-0.03195161033112174,0.1903698124002924,0.16552445670901245,0.030298296658983332,0.09070507911704634,7.66502195954189e-06,0.9092872558604874
31,spiral,0.0,0.0,,0.0,0.0,0.0,0.9999999999989999
32,roll,-23.22553997443245,0.0,1.0,0.0,0.0030029555251058007,0.9957916622438501,0.0012053822305368549
32,short-period,-0.7056297369454573,1.7408850134133957,0.37564363271877377,0.2770704552393425,0.8852814426912172,0.005161001041117218,0.10955755626704483
32,dutch-roll,-0.8121995292166715,1.1276424693447644,0.5844454449781519,0.17946987303657033,0.0030011229941874465,0.9331759702400972,0.06382290676485192
32,phugoid,-0.030935181422163487,0.19016630197433848,0.1605637370541788,0.030265906968722025,0.09041906875922398,7.67729954991968e-06,0.9095732539407191
32,spiral,0.0,0.0,,0.0,0.0,0.0,0.9999999999989999
33,roll,-23.308724070266035,0.0,1.0,0.0,0.003090098270168595,0.9957126636694883,0.0011972380598302863
33,short-period,-0.6959091190211849,1.7030045897117088,0.3782721443176331,0.27104159856080356,0.881317629623668,0.005384440236648646,0.113297930139061
33,dutch-roll,-0.8002528673999108,1.1307379465836949,0.577687289121764,0.17996253354037456,0.003301962225491222,0.9322946202668538,0.06440341750679188
33,phugoid,-0.030006379094806766,0.18997819587400636,0.15601239793687413,0.03023596895302843,0.09016251085113779,7.791394497228974e-06,0.9098296977538576
33,spiral,-0.0,0.0,,0.0,0.0,0.0,0.9999999999989999
34,roll,-23.405829320237817,0.0,1.0,0.0,0.0031505696888019436,0.9956602908032391,0.0011891395074405333
34,short-period,-0.6826760148035143,1.6549175920056618,0.38134166763517363,0.2633883151774376,0.8758045127608323,0.005605038418590378,0.11859044881995426
34,dutch-roll,-0.7845237223564212,1.129286396784724,0.5705415476321671,0.17973151221472428,0.0036392098528081184,0.9303284506731947,0.06603233947313539
34,phugoid,-0.029046969658995846,0.1896953844724234,0.15136009045553783,0.030190958120503753,0.08986405925116035,7.833076583372264e-06,0.9101281076717487
34,spiral,0.0,0.0,,0.0,0.0,0.0,0.9999999999989999
35,roll,-23.486701885940064,0.0,1.0,0.0,0.003188304038672697,0.9956473044394615,0.0011643915213420063
35,short-period,-0.6660223312745738,1.5964255953454984,0.3850315818565784,0.2540790247776579,0.8683867775471045,0.005865976556993996,0.12574724589527894
35,dutch-roll,-0.7650404807879249,1.1240560090398928,0.5626531559878349,0.17889907015084713,0.004059561665557336,0.927050317961609,0.06889012037197453
35,phugoid,-0.028068435622464215,0.1893369089128264,0.14664335633255307,0.030133904963216256,0.08953349818302878,8.076206145313426e-06,0.910458425610318
35,spiral,0.0,0.0,,0.0,0.0,0.0,0.9999999999989999
36,roll,-23.58134494779753,0.0,1.0,0.0,0.003195132474001807,0.99567479974165,0.0011300677838188913
36,short-period,-0.6464183490882826,1.5278302887205084,0.3896546191581465,0.24316174265538654,0.8587019045348528,0.006155458312294415,0.13514263715223185
36,dutch-roll,-0.7418560336737419,1.1141360275851253,0.5542339323121804,0.17732025606694096,0.004578179317813217,0.9223428942850854,0.07307892639624607
36,phugoid,-0.027051218257463726,0.18890220496564972,0.1417561248654791,0.030064719681241532,0.08917327496959639,8.083325943873792e-06,0.9108186417039517
36,spiral,0.0,0.0,,0.0,0.0,0.0,0.9999999999989999
37,roll,-23.65781666185388,0.0,1.0,0.0,0.0031760714370512835,0.9957253168578352,0.0010986117045789971
37,short-period,-0.62461855891729,1.4499441002725468,0.39563845703508393,0.23076577076530658,0.8461766796062883,0.006518446784558294,0.14730487360853617
37,dutch-roll,-0.7162120763231671,1.100506104670809,0.5454610708442396,0.175150986461166,0.00526274218701754,0.9161723498452758,0.07856490796685672
37,phugoid,-0.025941216632729462,0.18829078489886825,0.1364828866361473,0.029967409155307684,0.08874746981269967,8.137124521283831e-06,0.9112443930622709
37,spiral,0.0,0.0,,0.0,0.0,0.0,0.9999999999989999
38,roll,-23.746894334870984,0.0,1.0,0.0,0.003129994549532391,0.9958197317121525,0.0010502737377751333
38,short-period,-0.6014551121562091,1.364035155347714,0.4034576491243395,0.21709293752471004,0.830086795648998,0.00710748269508352,0.16280572165530705
38,dutch-roll,-0.688015826369944,1.08306396791999,0.5362059497585973,0.17237498417918837,0.006293008422579118,0.9081052893062511,0.08560170227032701
38,phugoid,-0.024757866573187053,0.18751289591308848,0.13089686207156445,0.02984360427804409,0.08824967067049273,8.190995736750423e-06,0.9117421383332626
38,spiral,0.0,0.0,,0.0,0.0,0.0,0.9999999999989999
39,roll,-23.826539034938932,0.0,1.0,0.0,0.0030638835230849273,0.9959382302806736,0.000997886195696205
39,short-period,-0.5777669414955585,1.2708754169291467,0.4138601108434845,0.20226610465824713,0.8094745669942698,0.008081142485640524,0.18244429051948713
39,dutch-roll,-0.6586786541450039,1.0627348025196421,0.5268143406919433,0.1691394970167903,0.007944641792369608,0.8979615143519813,0.09409384385481558
39,phugoid,-0.023460776215604082,0.18656087434313556,0.1247712990733797,0.029692085339255977,0.08767350042619197,8.1332376399681e-06,0.9123183663356603
39,spiral,0.0,0.0,,0.0,0.0,0.0,0.9999999999989999
40,roll,-23.386055671897246,0.0,1.0,0.0,0.0025017035969557215,0.9963203253525634,0.001177971049978579
40,short-period,-0.7124961075245274,1.7765619429715547,0.3722333247004491,0.2827486149328648,0.8887572908175669,0.00469638563294758,0.10654632354886802
40,dutch-roll,-0.8231130373423391,1.1158041625821224,0.5936390561043692,0.17758574799745763,0.0025647669655942764,0.9325080458572544,0.06492718717628926
40,phugoid,-0.03222091365628406,0.19039266920266595,0.16686140388360343,0.030301934432064356,0.09076945625525246,7.65606891871325e-06,0.9092228876753223
40,spiral,0.0,0.0,,0.0,0.0,0.0,0.9999999999989999
41,roll,-23.45053002085244,0.0,1.0,0.0,0.002569861025177781,0.996239481084707,0.0011906578896089734
41,short-period,-0.707929177754458,1.7573875449173255,0.3736528631466695,0.2796969147017226,0.8869738392301427,0.004848664709966096,0.10817749605927195
41,dutch-roll,-0.8168515669785402,1.1211236653919576,0.5888735104908368,0.17843237316443414,0.002743338554967941,0.9327232953083932,0.06453336613577641
41,phugoid,-0.0315480660703362,0.1903047173469035,0.163544560035852,0.030287936459465654,0.09060295093280495,7.659881633309222e-06,0.909389389185055
41,spiral,0.0,0.0,,0.0,0.0,0.0,0.9999999999989999
42,roll,-23.539391890541854,0.0,1.0,0.0,0.002669469244366794,0.9961386852610433,0.0011918454940779628
42,short-period,-0.7029871234198398,1.730138070527462,0.3764315260074884,0.2753600261559198,0.8842971711116115,0.005099093984308963,0.11060373490345811
42,dutch-roll,-0.8092162415475023,1.1286158935524866,0.5826972568065821,0.17962479831095463,0.003031178496555911,0.9331510807222738,0.06381774078030678
42,phugoid,-0.03065038952696909,0.1901477962224213,0.15913826469244413,0.030262961686828776,0.09034788235634607,7.944348479789022e-06,0.909644173294667
42,spiral,0.0,0.0,,0.0,0.0,0.0,0.9999999999989999
43,roll,-23.62084237631111,0.0,1.0,0.0,0.002737151977777108,0.9960809433608889,0.001181904660817008
43,short-period,-0.6940278621255672,1.6947593651171138,0.37896830414507165,0.26972933030967094,0.8805347424923368,0.005315071276069322,0.11415018623097117
43,dutch-roll,-0.7980169611321879,1.1310684591012554,0.5764978848308528,0.18001513624129806,0.0033151305636460455,0.9322371579900051,0.06444771144548564
43,phugoid,-0.029810285443967067,0.18990808492595143,0.1550732794555589,0.030224810449080628,0.09008871242107779,7.849710019448147e-06,0.9099034378683953
43,spiral,-0.0,0.0,,0.0,0.0,0.0,0.9999999999989999
44,roll,-23.705553193995655,0.0,1.0,0.0,0.002785681367371635,0.9960401278459926,0.0011741907861136278
44,short-period,-0.6820318008300713,1.6506612873133097,0.3818734720827938,0.2627109032463445,0.8754297592592623,0.005535323924704268,0.11903491681541031
44,dutch-roll,-0.7837016804029163,1.1297963358794683,0.5699643935449222,0.17981267154232863,0.0036322290094109645,0.9304127047950402,0.0659550661946868
44,phugoid,-0.028957233172724067,0.1896440195251623,0.15094309019427488,0.030182783135245497,0.08982056111013398,7.968595695612005e-06,0.9101714702936627
44,spiral,0.0,0.0,,0.0,0.0,0.0,0.9999999999989999
45,roll,-23.783183783073728,0.0,1.0,0.0,0.0028170811228888774,0.996032336879839,0.0011505819967449942
45,short-period,-0.6671587597325217,1.5979598216674997,0.3852757133042148,0.2543232044806262,0.8687476307727489,0.005787065594398111,0.12546530363223016
45,dutch-roll,-0.7663091239363443,1.1250340005255532,0.5629558703941319,0.1790547223300918,0.003990058510427813,0.9275065048620256,0.06850343662668695
45,phugoid,-0.028078357411750247,0.18932807924515674,0.1467007714956076,0.03013249967796077,0.08952641355458611,8.053261993928928e-06,0.910465533182912
45,spiral,-0.0,0.0,,0.0,0.0,0.0,0.9999999999989999
46,roll,-23.863898743435747,0.0,1.0,0.0,0.002824652989379767,0.9960466266524478,0.001128720357640561
46,short-period,-0.649869335995537,1.5368547147491574,0.38946795559317776,0.2445980246664132,0.8601656004848087,0.006040011837244496,0.13379438767732535
46,dutch-roll,-0.7458697108380525,1.1167460912504519,0.5554074562722071,0.17773566060106222,0.004457446966621706,0.9234599290787163,0.07208262395380556
46,phugoid,-0.027115663419916166,0.1888915602181953,0.14209487141128854,0.030063025517066196,0.08918696936771903,8.037111304789447e-06,0.9108049935204682
46,spiral,0.0,0.0,,0.0,0.0,0.0,0.9999999999989999
47,roll,-23.947053450003096,0.0,1.0,0.0,0.0028130571774323924,0.9960959106348387,0.0010910321871921184
47,short-period,-0.6304755028178068,1.4678501366584518,0.39465788738786683,0.23361560496730668,0.8493232607377014,0.006379557174859056,0.1442971820868211
47,dutch-roll,-0.7228754139764286,1.1047836061737102,0.5475235965809394,0.17583177196943575,0.0050213485358831965,0.918104095512591,0.07687455595067413
47,phugoid,-0.026157433489096486,0.18841593220130048,0.1375093383700956,0.02998732696710439,0.08882585644611589,8.151445766878104e-06,0.9111659921076092
47,spiral,0.0,0.0,,0.0,0.0,0.0,0.9999999999989999
48,roll,-24.02180697130366,0.0,1.0,0.0,0.002783769412580406,0.9961678402746114,0.001048390312266736
48,short-period,-0.6097838499887346,1.3920249020332711,0.40124569330081916,0.22154764406560645,0.8357388957978389,0.006840175543122622,0.15742092865842472
48,dutch-roll,-0.697939046904574,1.0898885185656628,0.5392786354406067,0.17346114514882818,0.005807920498082989,0.9114230540949384,0.0827690254061327
48,phugoid,-0.025097969312431252,0.18773248489050043,0.13251112788625516,0.029878552949247697,0.08838847904773636,8.145495990481548e-06,0.9116033754557652
48,spiral,0.0,0.0,,0.0,0.0,0.0,0.9999999999989999
49,roll,-24.097582443397982,0.0,1.0,0.0,0.002737123617482823,0.9962528324378701,0.0010100439441006988
49,short-period,-0.5884518912685988,1.310247872661409,0.4096931525171964,0.2085324256097035,0.8187772727237983,0.007559229550020616,0.17366349772557418
49,dutch-roll,-0.6717269113733569,1.072414635933974,0.5308327702411745,0.17068009035298728,0.006998996208498108,0.9029849498899386,0.09001605390072524
49,phugoid,-0.023980152905821152,0.18693314362405472,0.12723930549335896,0.029751333835475527,0.08790197291571676,8.213336435465855e-06,0.9120898137473399
49,spiral,0.0,0.0,,0.0,0.0,0.0,0.9999999999989999
50,roll,-23.661804546567232,0.0,1.0,0.0,0.0022654977171769567,0.9965629415457669,0.001171560736549127
50,short-period,-0.7103555209438165,1.7667741533197598,0.3730406153131273,0.28119083982783794,0.8879366677782099,0.004673474943513052,0.1073898572776586
50,dutch-roll,-0.8200075338269983,1.1187896406130442,0.5911582128252056,0.1780609015835711,0.0026508846499243293,0.9327827632539912,0.06456635209522177
50,phugoid,-0.03185692352986014,0.1903668037666212,0.1650498531501443,0.030297817820062606,0.09068104019117412,7.821043066970902e-06,0.9093111387652522
50,spiral,0.0,0.0,,0.0,0.0,0.0,0.9999999999989999
51,roll,-23.72590441244561,0.0,1.0,0.0,0.0023190707199437608,0.9965078286104252,0.001173100669120122
51,short-period,-0.7057624196773972,1.7473903983145793,0.37450206954260484,0.2781058194030812,0.8861001814343488,0.004829270504093636,0.10907054806093751
51,dutch-roll,-0.8136923374519666,1.1232239558793702,0.5866626977233577,0.17876664477743473,0.0028266542040716455,0.9327911052124784,0.06438224058258706
51,phugoid,-0.03123539730118655,0.19022691353813836,0.16203092511621062,0.030275553598709308,0.09050940881790305,7.777430864508204e-06,0.9094828137507256
51,spiral,0.0,0.0,,0.0,0.0,0.0,0.9999999999989999
52,roll,-23.813443742471716,0.0,1.0,0.0,0.002395926589520521,0.9964333121947522,0.0011707612152113004
52,short-period,-0.7008041065606934,1.7210133477117855,0.37713558275408515,0.2739077814154615,0.8834657802234691,0.005054630009954915,0.11147958976595405
52,dutch-roll,-0.806303088407267,1.1293322151373557,0.581065066005126,0.17973880443202994,0.003098012520597626,0.93293137035839,0.06397061712014897
52,phugoid,-0.030409151080887195,0.19006085638137646,0.15798753290190337,0.030249124781374863,0.09027485048804697,7.80588977783387e-06,0.909717343621668
52,spiral,0.0,0.0,,0.0,0.0,0.0,0.9999999999989999
53,roll,-23.882730753221626,0.0,1.0,0.0,0.0024506971257751463,0.9963801622845334,0.0011691405891710303
53,short-period,-0.6924311953829351,1.687822207327017,0.3795522816628403,0.26862524735636856,0.8798610474043478,0.005271066620597343,0.11486788597443189
53,dutch-roll,-0.7961573643274266,1.1312910391750715,0.5755241880749629,0.18005056096027963,0.0033557881945181145,0.932081951117717,0.06456226068690193
53,phugoid,-0.029667718592629427,0.18988615548278187,0.15436675642455322,0.030221320269800938,0.09004745071425146,7.990847598199047e-06,0.9099445584376429
53,spiral,0.0,0.0,,0.0,0.0,0.0,0.9999999999989999
54,roll,-23.955421146568185,0.0,1.0,0.0,0.002491555895897393,0.9963556054798939,0.0011528386236835417
54,short-period,-0.6814953712996125,1.6470652945480238,0.38232837512032775,0.26213858322242656,0.8750810918284498,0.005487259414687012,0.11943164875623966
54,dutch-roll,-0.7829319772802387,1.130143408553222,0.5694680894775638,0.17986790987396867,0.0036480001512188935,0.93040761512067,0.06594438472724903
54,phugoid,-0.028874813379565725,0.18963274922719323,0.15053195789997625,0.0301809894116136,0.08979184010652101,8.084242598164774e-06,0.9102000756503731
54,spiral,0.0,0.0,,0.0,0.0,0.0,0.9999999999989999
55,roll,-24.03028567492792,0.0,1.0,0.0,0.0025160912678039893,0.9963449040683676,0.0011390046632987513
55,short-period,-0.6681297194844573,1.599178400541446,0.38550279718272473,0.25451714733196207,0.8690082434014937,0.005708049172891635,0.12528370742499148
55,dutch-roll,-0.7673377071732542,1.1258457187873072,0.5631943341109303,0.1791839113038479,0.003976428194641516,0.9278314599739125,0.06819211183058593
55,phugoid,-0.028053809728232834,0.18931814764122903,0.14658279814458594,0.030130919014102846,0.0895193904059886,8.289436314664074e-06,0.9104723201571889
55,spiral,0.0,0.0,,0.0,0.0,0.0,0.9999999999989999
56,roll,-24.10826830363046,0.0,1.0,0.0,0.0025256872830969604,0.9963642548734308,0.0011100578429380263
56,short-period,-0.6525680889438008,1.5441235029013771,0.38927822864069095,0.24575488823112676,0.8613453920318189,0.005979224750882897,0.13267538321667638
56,dutch-roll,-0.7488590668646347,1.1184619514364877,0.5563541248983965,0.17800874823132443,0.0043795098159732,0.9241989305472913,0.07142155963587857
56,phugoid,-0.027220146480051936,0.18893493297085862,0.14259920161587253,0.030069928505048065,0.08921924024660496,8.251951351375209e-06,0.9107725078015357
56,spiral,0.0,0.0,,0.0,0.0,0.0,0.9999999999989999
57,roll,-24.177858583720464,0.0,1.0,0.0,0.0025200217731354145,0.9963949707362204,0.0010850074901056534
57,short-period,-0.6351976517809845,1.4822311305871165,0.3938961103448318,0.23590441123762823,0.8517874084715245,0.0062898433162116955,0.14192274821164447
57,dutch-roll,-0.7284205479350061,1.108302800679098,0.5492343786361256,0.17639186917067007,0.004865407854781862,0.9195935307783788,0.07554106136598644
57,phugoid,-0.026337198847015443,0.188495281311117,0.13837915237091813,0.02999995577016163,0.0888843812808751,8.266244291162647e-06,0.9111073524743257
57,spiral,0.0,0.0,,0.0,0.0,0.0,0.9999999999989999
58,roll,-24.249365748504268,0.0,1.0,0.0,0.00250004975664893,0.9964538553249791,0.001046094917829064
58,short-period,-0.6166208400745471,1.4146573137545653,0.3995719945467128,0.22514970426514136,0.8400793159529566,0.006678111759855176,0.15324257228657262
58,dutch-roll,-0.7060452919769631,1.0953064001371018,0.5417995579790759,0.17432342778200918,0.005518633764723129,0.9138471191947307,0.08063424703969826
58,phugoid,-0.02540328521924804,0.18792652440007795,0.13395833607353386,0.029909435296352087,0.08850668668433283,8.342995819404609e-06,0.9114849703193397
58,spiral,0.0,0.0,,0.0,0.0,0.0,0.9999999999989999
59,roll,-24.311458163775963,0.0,1.0,0.0,0.0024666937130782777,0.9965117186617767,0.0010215876245979537
59,short-period,-0.5972748361107952,1.3417052157551994,0.4066850372650131,0.21353901725961794,0.8256675468378326,0.00725579251718437,0.1670766606443731
59,dutch-roll,-0.6826231928165973,1.0802199428551986,0.5342050073782305,0.17192234353184957,0.006431655807340831,0.9068416516803425,0.0867266925114749
59,phugoid,-0.024380509513612685,0.18722492518064532,0.12913017511687921,0.02979777231250997,0.08807355363919987,8.403943487819614e-06,0.9119180424168044
59,spiral,0.0,0.0,,0.0,0.0,0.0,0.9999999999989999
60,roll,-23.897028083732394,0.0,1.0,0.0,0.0020647338534247996,0.9967787457657027,0.0011565203803615516
60,short-period,-0.7084378803951143,1.7580284010484086,0.3737665913162206,0.27979891012279523,0.8872324036750547,0.004660031993090081,0.10810756433123582
60,dutch-roll,-0.8171753018854244,1.1211528402181807,0.5890159212006775,0.1784370164822414,0.002752802445388071,0.9328125295506802,0.06443466800306906
60,phugoid,-0.0315388645034782,0.1902916020410522,0.1635091019755504,0.030285849093709256,0.0905954710091431,7.744284863795854e-06,0.9093967847054863
60,spiral,0.0,0.0,,0.0,0.0,0.0,0.9999999999989999
61,roll,-23.960318895481542,0.0,1.0,0.0,0.0021079120261793755,0.9967352643162681,0.0011568236570377688
61,short-period,-0.7039648194680364,1.7388546405819894,0.3752581182993483,0.27674731136690467,0.8853357799368501,0.004801323377310492,0.10986289668521876
61,dutch-roll,-0.8110779256269256,1.1247568933891101,0.5848996422623723,0.1790106193595608,0.0029219594856972984,0.9327992686058504,0.06427877190758925
61,phugoid,-0.03096230603510144,0.19020793506048939,0.16066662204291374,0.030272533080179114,0.09044275300004172,7.795426294595202e-06,0.9095494515731567
61,spiral,0.0,0.0,,0.0,0.0,0.0,0.9999999999989999
62,roll,-24.036267831340293,0.0,1.0,0.0,0.0021698835515146023,0.9966686939421274,0.0011614225058387206
62,short-period,-0.6989655889861252,1.713239345630446,0.37775070479369366,0.2726705105566096,0.8827292059858924,0.00503332244595485,0.11223747156753032
62,dutch-roll,-0.8041214012164788,1.1298832910210759,0.5798344768001095,0.17982651088294274,0.0031774946387629894,0.9328342196628233,0.0639882856975501
62,phugoid,-0.030212141803537942,0.19000670046304202,0.157032940061549,0.030240505599274256,0.09020996021051984,7.960327838096299e-06,0.9097820794611348
62,spiral,0.0,0.0,,0.0,0.0,0.0,0.9999999999989999
63,roll,-24.104396693413605,0.0,1.0,0.0,0.002213329066290145,0.996627939792949,0.0011587311402375395
63,short-period,-0.6911672745645383,1.6818921357371694,0.3801024361736577,0.2676814471499555,0.8792657651094268,0.005229916332997495,0.1155043185569524
63,dutch-roll,-0.7945182629301463,1.1314003106814075,0.5746937952127827,0.18006795206065213,0.0034166601805582135,0.931973027367642,0.0646103124509366
63,phugoid,-0.029511983379737292,0.18983091740851243,0.15361923148102166,0.03021252885723408,0.09000386324139471,8.036280788111536e-06,0.9099881004773097
63,spiral,0.0,0.0,,0.0,0.0,0.0,0.9999999999989999
64,roll,-24.16478274535477,0.0,1.0,0.0,0.0022474234915946197,0.9966097758675807,0.0011428006402970307
64,short-period,-0.6810572958022254,1.6442533449692214,0.3826763632203476,0.261691047547235,0.8748124637213218,0.005452193224285972,0.11973534305376865
64,dutch-roll,-0.7826052990073745,1.1303312374155534,0.5692435559468434,0.17989780376586403,0.003692441506106058,0.9304152886815925,0.06589226981143931
64,phugoid,-0.02880577600975783,0.1896143389884899,0.15019442750765374,0.03017805933112046,0.08976917748981801,8.20563769401828e-06,0.9102226168719804
64,spiral,0.0,0.0,,0.0,0.0,0.0,0.9999999999989999
65,roll,-24.238154116423097,0.0,1.0,0.0,0.0022687227754861995,0.9966017300868812,0.001129547137100727
65,short-period,-0.6688690279541923,1.6000912863387273,0.3856784951519251,0.25466243761907775,0.8692202895738425,0.0056635211434476265,0.12511618928208654
65,dutch-roll,-0.7680223270499564,1.1264262510083043,0.5633390421466874,0.1792763058764437,0.00400687813493555,0.9280257397691059,0.06796738209509835
65,phugoid,-0.028061353555842907,0.18932518915526972,0.14661603180106486,0.030132039705869272,0.08952461306848668,8.245255544464434e-06,0.9104671416754611
65,spiral,-0.0,0.0,,0.0,0.0,0.0,0.9999999999989999
66,roll,-24.303086352863534,0.0,1.0,0.0,0.002278304699083644,0.9966098108939243,0.0011118844064562476
66,short-period,-0.6547890032450606,1.550091077825115,0.3891264192204594,0.24670465727851087,0.8622761307043932,0.005915669939777959,0.1318081993552067
66,dutch-roll,-0.751589371834223,1.1200578949169422,0.557204471478584,0.17826275052513402,0.004361489902324317,0.9249355207340595,0.07070298936275857
66,phugoid,-0.027294249422426274,0.1889718836359668,0.1429520957334139,0.03007580938605056,0.08923201038082602,8.33700896853838e-06,0.9107596526096974
66,spiral,0.0,0.0,,0.0,0.0,0.0,0.9999999999989999
67,roll,-24.37018491029378,0.0,1.0,0.0,0.0022767637812066066,0.9966431063154966,0.0010801299027567701
67,short-period,-0.639141536793217,1.4943121102462682,0.39325490934942003,0.23782715886777486,0.8538040556035065,0.006188269182989003,0.14000767521288457
67,dutch-roll,-0.7330027959428779,1.1110932965719196,0.5506753776166154,0.17683599038569026,0.004784660783481892,0.9208143586520687,0.07440098056359515
67,phugoid,-0.026479601744137146,0.1885301697460515,0.13908766934657837,0.030005508437038194,0.08891979586230375,8.351970457460401e-06,0.9110718521667308
67,spiral,0.0,0.0,,0.0,0.0,0.0,0.9999999999989999
68,roll,-24.439003783867687,0.0,1.0,0.0,0.002262768758005025,0.9966844524820859,0.0010527787593652502
68,short-period,-0.6223116259625976,1.433245013551906,0.39827480939454313,0.22810802856859635,0.8434945764957238,0.006551957338299163,0.14995346616536023
68,dutch-roll,-0.712723557976758,1.0997496137184561,0.5438540157648768,0.17503058718669479,0.005343615416864977,0.9157560111068896,0.0789003734753958
68,phugoid,-0.025633134971057053,0.18805745015305875,0.13505598097056298,0.02993027277711701,0.08858745722737565,8.396872747464381e-06,0.9114041458993689
68,spiral,0.0,0.0,,0.0,0.0,0.0,0.9999999999989999
69,roll,-24.49832525349394,0.0,1.0,0.0,0.0022393948191395344,0.9967378033016386,0.001022801878674016
69,short-period,-0.604669978357339,1.367442024074446,0.4044164285162322,0.21763515752303464,0.831058842509258,0.00702679923194149,0.16191435825818842
69,dutch-roll,-0.6914827465336321,1.0864613733393893,0.5369297841351159,0.17291569804537296,0.006079618374581856,0.9097606483398273,0.08415973328474652
69,phugoid,-0.024734291680751374,0.18746648153856435,0.13080617649077603,0.02983621720090806,0.08821524154171165,8.378107132054249e-06,0.9117763803506483
69,spiral,0.0,0.0,,0.0,0.0,0.0,0.9999999999989999
70,roll,-24.101428718746014,0.0,1.0,0.0,0.0018928910025319476,0.996955681209639,0.0011514277873146375
70,short-period,-0.7067733965190449,1.7500040554946141,0.3744817223065795,0.2785217958628314,0.8865232253699468,0.0046610234848167885,0.10881575114461632
70,dutch-roll,-0.8147286556685476,1.122969216624533,0.5872396562477142,0.17872610176582784,0.00285105937815659,0.9329094522855383,0.06423948833544195
70,phugoid,-0.03127670944043562,0.1902545989556319,0.16221660362956994,0.030279959869754968,0.09052715907804675,7.881680008708242e-06,0.9094649592414377
70,spiral,0.0,0.0,,0.0,0.0,0.0,0.9999999999989999
71,roll,-24.153676712102236,0.0,1.0,0.0,0.0019294208332840716,0.996919774188744,0.0011508049774541186
71,short-period,-0.7023528216074714,1.7313338876428546,0.3759168738569686,0.27555034636086845,0.884661048110444,0.0048011046471123095,0.11053784724182238
71,dutch-roll,-0.8090118085926635,1.1262253016366306,0.5834160468629176,0.1792443237906306,0.003011040163671694,0.9327525660556027,0.06423639377986219
71,phugoid,-0.03074768825838858,0.19016694521574334,0.15961492661119078,0.03026600934377121,0.09038339427173052,7.9211164255772e-06,0.9096086846113368
71,spiral,0.0,0.0,,0.0,0.0,0.0,0.9999999999989999
72,roll,-24.218568924294313,0.0,1.0,0.0,0.00198057454022978,0.9968741967423884,0.0011452287168598027
72,short-period,-0.6974174695584022,1.7065328049023067,0.37830309839523013,0.27160313144867915,0.8820768767874115,0.005014436359250376,0.1129086868527154
72,dutch-roll,-0.8023542085000821,1.1306358697836296,0.5787313975708909,0.17994628751306915,0.0032454994431675723,0.9326315693324481,0.06412293122352085
72,phugoid,-0.030058567379474058,0.18999283736076258,0.1562653704694736,0.030238299218019897,0.09017338627579216,7.942963158651165e-06,0.9098186707605418
72,spiral,-0.0,0.0,,0.0,0.0,0.0,0.9999999999989999
73,roll,-24.28555434072153,0.0,1.0,0.0,0.002015548239513761,0.9968336481393646,0.0011508036205958498
73,short-period,-0.6900293150920128,1.6769150439381062,0.3805304821497374,0.26688931838791247,0.8787629288510591,0.005216149332762504,0.11602092181555496
73,dutch-roll,-0.793244013310345,1.1316376071126977,0.5739953053204194,0.18010571896067,0.0034869859821707013,0.9319506736150802,0.06456234040188596
73,phugoid,-0.029400444968605378,0.18980710687623886,0.15307101420741054,0.03020873929332509,0.08996641167309938,8.131143257578454e-06,0.9100254571831355
73,spiral,0.0,0.0,,0.0,0.0,0.0,0.9999999999989999
74,roll,-24.344841995717662,0.0,1.0,0.0,0.0020444194938325747,0.9968211831942421,0.0011343973113956015
74,short-period,-0.6807130110515048,1.6416386990261052,0.3830311317038321,0.26127491372095285,0.8745691381522933,0.0054171563465481125,0.12001370550053483
74,dutch-roll,-0.7819926278572634,1.130621350860158,0.5688434616067456,0.17994397675463028,0.0037364613721677293,0.9304074866563994,0.06585605197057101
74,phugoid,-0.02875085698752951,0.1895774659488308,0.14994302218977335,0.03017219080459189,0.08974192145943374,8.160963252075495e-06,0.9102499175768065
74,spiral,0.0,0.0,,0.0,0.0,0.0,0.9999999999989999
75,roll,-24.41611823725023,0.0,1.0,0.0,0.00206231028708107,0.9968163298418236,0.0011213598705617426
75,short-period,-0.6695303281305323,1.6010956160108516,0.3857969355987657,0.2548222816508902,0.8694227782364592,0.005627158386767446,0.12495006337614993
75,dutch-roll,-0.768724733639837,1.1268726201008121,0.5635382311626049,0.17934734772395974,0.00402557978061179,0.9282094870176645,0.06776493320086342
75,phugoid,-0.028047344507978234,0.18928678292031367,0.14657350414651937,0.03012592716373047,0.0895105185711207,8.336771202275908e-06,0.9104811446571692
75,spiral,0.0,0.0,,0.0,0.0,0.0,0.9999999999989999
76,roll,-24.46885006694982,0.0,1.0,0.0,0.002071642191952261,0.9968230604553775,0.001105297352132964
76,short-period,-0.6566934026616381,1.5551832901709306,0.38900243150146324,0.247515108044621,0.8630939331337548,0.005843951869773478,0.13106211499584924
76,dutch-roll,-0.7537607242384804,1.1215184147573882,0.5578122134390215,0.1784951994772248,0.004360973233147865,0.9253453390669281,0.07029368769906594
76,phugoid,-0.0273274889511149,0.188984227302928,0.1431134652351907,0.03007777394166332,0.08925432817715626,8.272394949639553e-06,0.9107373994273862
76,spiral,-0.0,0.0,,0.0,0.0,0.0,0.9999999999989999
77,roll,-24.533657086475994,0.0,1.0,0.0,0.002071286732051482,0.9968442647978826,0.0010844484695248344
77,short-period,-0.6424469116163607,1.5041823204592322,0.3927812962352154,0.23939805161252417,0.8554202394098606,0.006109495194413936,0.1384702653951049
77,dutch-roll,-0.7368670600156655,1.1134571279242114,0.5518775424749378,0.1772122058300431,0.004774746081192344,0.9217416952650909,0.07348355865286174
77,phugoid,-0.026597448030062837,0.1885978172253557,0.1396454901839611,0.030016274867757167,0.08896344177405606,8.340877795720029e-06,0.9110282173476402
77,spiral,0.0,0.0,,0.0,0.0,0.0,0.9999999999989999
78,roll,-24.6000550818404,0.0,1.0,0.0,0.0020624419556238478,0.9968781084075816,0.001059449636249781
78,short-period,-0.6270614185242158,1.4486585180452751,0.3972390756693337,0.23056116399908522,0.8462851735677037,0.006422088575198103,0.14729273785648028
78,dutch-roll,-0.7184063056149257,1.1033022134110473,0.5456608808317689,0.1755960009885974,0.00522506600912896,0.9172964958382303,0.07747843815178959
78,phugoid,-0.025837130824216584,0.1881956986157988,0.13601282355292146,0.029952275703336945,0.08867612950675643,8.452220538775426e-06,0.9113154182721968
78,spiral,0.0,0.0,,0.0,0.0,0.0,0.9999999999989999
79,roll,-24.65693809353711,0.0,1.0,0.0,0.00204506658997317,0.9969321163173464,0.0010228170921319322
79,short-period,-0.610914202420911,1.388954148648013,0.4026140348700011,0.22105891848532647,0.83534517305077,0.006846214062477735,0.15780861288613823
79,dutch-roll,-0.6990683728857381,1.09144123521126,0.5393525004489393,0.17370826767819603,0.005856991377876782,0.9118988977088894,0.08224411091238759
79,phugoid,-0.02501987131752719,0.1876575480081255,0.13215782917454938,0.029866626373997833,0.08832942171118806,8.586391811327371e-06,0.9116619918964927
79,spiral,0.0,0.0,,0.0,0.0,0.0,0.9999999999989999
80,roll,-24.27487655591096,0.0,1.0,0.0,0.0017442051462199148,0.9971175232357601,0.0011382716175026072
80,short-period,-0.70525734757784,1.7429314337252382,0.37509454963683925,0.27739615314761584,0.8858595005408944,0.004661786897301704,0.10947871256118334
80,dutch-roll,-0.8127644374403263,1.1244357250139345,0.5858088102815375,0.17895950382508682,0.0029527635853472825,0.9329130173630442,0.06413421905074534
80,phugoid,-0.031060515842033447,0.19023950754684651,0.16113697430842885,0.03027755799744855,0.09046121017167852,7.987869009866344e-06,0.9095308019588046
80,spiral,0.0,0.0,,0.0,0.0,0.0,0.9999999999989999
81,roll,-24.32651787008298,0.0,1.0,0.0,0.0017739033981987928,0.997080894972664,0.0011452016286168359
81,short-period,-0.7009095791096605,1.7245225925538639,0.37652564248255355,0.27446629507859804,0.8839934489965509,0.004800047503206863,0.11120650349962061
81,dutch-roll,-0.8072198570766171,1.1270818015278496,0.5822701013982059,0.1793806399820758,0.0031113597569972094,0.9327237510481429,0.0641648891939967
81,phugoid,-0.03055372482842863,0.19011304179710417,0.15867730111394404,0.030257430348245237,0.09032073444439534,8.101710498674049e-06,0.9096711638445988
81,spiral,0.0,0.0,,0.0,0.0,0.0,0.9999999999989999
82,roll,-24.38088449064363,0.0,1.0,0.0,0.00181729197897404,0.9970440725568948,0.0011386354636068515
82,short-period,-0.6960839919828518,1.7006210712622176,0.3788078300678862,0.27066224981761633,0.8814742566043345,0.005008517262858805,0.11351722613218379
82,dutch-roll,-0.8005942057888437,1.1310590261481233,0.5777421495890284,0.18001363494017913,0.003334103048215923,0.9325023413142877,0.06416355563663287
82,phugoid,-0.029909898440944126,0.18995218034848255,0.15554370245631435,0.03023182845354418,0.09012558273037775,8.19969636577825e-06,0.9098662175727491
82,spiral,-0.0,0.0,,0.0,0.0,0.0,0.9999999999989999
83,roll,-24.447065589915756,0.0,1.0,0.0,0.0018466209831036204,0.9970189494008073,0.0011344296155611354
83,short-period,-0.6890854855207592,1.6723609849577348,0.38097020067109316,0.2661645173900543,0.8782883189626866,0.005190450990103456,0.11652123004658642
83,dutch-roll,-0.7918951537704142,1.1317966177012804,0.5732862146543385,0.1801310262818469,0.003562607778108245,0.9316988381749085,0.06473855404612022
83,phugoid,-0.029309520000601746,0.1897751052095577,0.15263379736977167,0.03020364606988561,0.08993031350314955,8.073706939520778e-06,0.9100616127894033
83,spiral,-0.0,0.0,,0.0,0.0,0.0,0.9999999999989999
84,roll,-24.50481657443863,0.0,1.0,0.0,0.0018704019071780263,0.9970031741494267,0.0011264239428636293
84,short-period,-0.6803933865361925,1.639487758370128,0.38330621063832854,0.26093258088325677,0.8743775334288503,0.005394692458180507,0.12022777411234536
84,dutch-roll,-0.7814879504558725,1.1307539951612207,0.56854992169047,0.17996508775081738,0.0038014404624991754,0.9302787973737866,0.06591976216285235
84,phugoid,-0.028678771072540316,0.18954524405381096,0.14960035533559637,0.030167062530723696,0.08972622509136369,8.353782285988218e-06,0.9102654211258426
84,spiral,0.0,0.0,,0.0,0.0,0.0,0.9999999999989999
85,roll,-24.564221160935677,0.0,1.0,0.0,0.0018861997171817685,0.9969990838137012,0.001114716468581913
85,short-period,-0.6700839927890694,1.6017619670985686,0.3859317506571554,0.254928334720335,0.8695547079491928,0.005595130692356901,0.12485016135782677
85,dutch-roll,-0.7693632886235245,1.1274749829731507,0.5636520354040423,0.17944321675262748,0.004083103116222285,0.9283253476175584,0.06759154926535893
85,phugoid,-0.028040923676914107,0.18931252115242073,0.14652117458343603,0.030130023530596753,0.08950867751209474,8.396224293232893e-06,0.9104829262631042
85,spiral,0.0,0.0,,0.0,0.0,0.0,0.9999999999989999
86,roll,-24.61542459712294,0.0,1.0,0.0,0.001896197603957537,0.9970127573834302,0.0010910450120736027
86,short-period,-0.658266682595532,1.5592928260459775,0.3889211912210827,0.24816916099294822,0.863726203813805,0.005799113117655219,0.130474683067917
86,dutch-roll,-0.7555093059829642,1.1225372598176657,0.5583536742780086,0.17865735370481273,0.00437426798009274,0.9257490548112313,0.0698766772078176
86,phugoid,-0.027386277263188624,0.1890135942548311,0.14339318858415478,0.03008244783722224,0.08926787386124585,8.38352661291654e-06,0.9107237426116332
86,spiral,-0.0,0.0,,0.0,0.0,0.0,0.9999999999989999
87,roll,-24.678417471728743,0.0,1.0,0.0,0.0018968860789643925,0.9970320563515653,0.0010710575689281405
87,short-period,-0.6452016352530665,1.5125248657999297,0.3923654706248682,0.24072580894146445,0.856773506452479,0.006062472210015513,0.13716402133688438
87,dutch-roll,-0.7399797801154311,1.1153589798166093,0.5528404905038659,0.1775148949597469,0.0047308992596890856,0.9223675831407148,0.07290151759874083
87,phugoid,-0.026706115856649018,0.18869517741285002,0.14013391968374098,0.030031770222857242,0.0890207691406227,8.500567476529604e-06,0.9109707302913927
87,spiral,0.0,0.0,,0.0,0.0,0.0,0.9999999999989999
88,roll,-24.732433041896122,0.0,1.0,0.0,0.0018921095358288968,0.9970591039012836,0.0010487865623418334
88,short-period,-0.6310777191495641,1.4616872141834485,0.3963802202330235,0.2326347453915178,0.8485854172890825,0.006340293423689273,0.14507428928660956
88,dutch-roll,-0.7232157203566535,1.1064477138966342,0.5471270105738205,0.17609662293937653,0.005158171314477466,0.918449535944399,0.0763922927402714
88,phugoid,-0.02601124973754398,0.18828663693047193,0.13684741479966428,0.02996674898563362,0.08873479189717841,8.486388956817317e-06,0.9112567217133568
88,spiral,-0.0,0.0,,0.0,0.0,0.0,0.9999999999989999
89,roll,-24.787318062517215,0.0,1.0,0.0,0.0018793345013582005,0.9970971589957566,0.0010235065023361785
89,short-period,-0.6161877757005555,1.4072708494567878,0.4010956970720292,0.22397411196017827,0.8388972456905319,0.00669882798330239,0.15440392632555033
89,dutch-roll,-0.7054271186233676,1.0957696948325557,0.541302465704918,0.17439716342289893,0.005703158373766063,0.9137664642890886,0.08053037733629746
89,phugoid,-0.02525951995449079,0.18780642839068024,0.1332973869151902,0.02989032142281083,0.08842277607163561,8.620320087779414e-06,0.9115686036077686
89,spiral,-0.0,0.0,,0.0,0.0,0.0,0.9999999999989999
90,roll,-24.418090109745247,0.0,1.0,0.0,0.0016154868669352542,0.9972493602885062,0.001135152844038696
90,short-period,-0.7039522637941502,1.736456190844508,0.375697563039473,0.276365586235427,0.8852588669343092,0.004668760568349494,0.11007237249672018
90,dutch-roll,-0.810937146780106,1.1259126619501167,0.5844376316679177,0.17919456563911523,0.0030458925579078568,0.9329481855493262,0.06400592189190255
90,phugoid,-0.03086281437985845,0.19020506206458812,0.16016597109550476,0.030272075828679943,0.09040532724897199,8.096452621687582e-06,0.9095865762978993
90,spiral,0.0,0.0,,0.0,0.0,0.0,0.9999999999989999
91,roll,-24.469434112337783,0.0,1.0,0.0,0.0016409199295169103,0.9972266655654891,0.0011324145044713128
91,short-period,-0.6996744487417034,1.7184748537998598,0.37709121476404545,0.27350376756136985,0.8833922367145784,0.00480912238701305,0.11179864089778649
91,dutch-roll,-0.8054030258826604,1.1281657985555176,0.5810329151785045,0.17955316346732605,0.003184599217450283,0.9326670289897633,0.06414837179192319
91,phugoid,-0.03037601931673811,0.19005858043838167,0.1578215327272348,0.03024876255379705,0.09026114897682169,8.02531852386431e-06,0.9097308257041472
91,spiral,0.0,0.0,,0.0,0.0,0.0,0.9999999999989999
92,roll,-24.533395254929793,0.0,1.0,0.0,0.0016746099441064487,0.997192905704467,0.0011324843508999812
92,short-period,-0.6949005935522308,1.6954411618650984,0.37924568669753156,0.2698378416322967,0.8809554990146208,0.005007793300949137,0.11403670768380685
92,dutch-roll,-0.7988428480890652,1.131258072208361,0.576831501057494,0.18004531410456892,0.003418405901008389,0.9323749547737645,0.06420663932436355
92,phugoid,-0.0297806083562137,0.18992105293253492,0.1549122817465274,0.03022687437143044,0.09009000976304839,8.104152638960312e-06,0.9099018860838053
92,spiral,-0.0,0.0,,0.0,0.0,0.0,0.9999999999989999
93,roll,-24.587908796652975,0.0,1.0,0.0,0.0016999057239194676,0.9971721518508807,0.0011279424246701188
93,short-period,-0.6882676427492804,1.6686583619669761,0.38130538904969696,0.2655752266386694,0.8778865030301116,0.005191061422633248,0.11692243554663141
93,dutch-roll,-0.7909399478627983,1.1317939604248988,0.5728225992708762,0.1801306033631756,0.0036334308610652976,0.931589187143147,0.06477738199492487
93,phugoid,-0.029204177186748146,0.18974694930491576,0.1521199689489548,0.03019916491848462,0.0899028540133922,8.434773977599158e-06,0.9100887112121226
93,spiral,0.0,0.0,,0.0,0.0,0.0,0.9999999999989999
94,roll,-24.634126752325916,0.0,1.0,0.0,0.0017209471200093846,0.9971582227053551,0.0011208301741022972
94,short-period,-0.6801117174339036,1.637545692949629,0.3835584369471798,0.26062349157177656,0.8741540173397159,0.005377942724895365,0.1204680399347648
94,dutch-roll,-0.7814006847573927,1.1308455174277603,0.568475812684514,0.17997965397194013,0.0038629895637560304,0.9303227847762022,0.06581422565917971
94,phugoid,-0.028624207523060826,0.18951674455351536,0.14934403573451904,0.030162526694376003,0.0897045048222579,8.283108687173643e-06,0.9102872120685471
94,spiral,0.0,0.0,,0.0,0.0,0.0,0.9999999999989999
95,roll,-24.6929016324727,0.0,1.0,0.0,0.001735453831347985,0.9971640819698266,0.0011004641982888916
95,short-period,-0.6705346017455648,1.602300083373444,0.3860422330788744,0.2550139785854396,0.8696564436708929,0.005563954459624972,0.12477960186885848
95,dutch-roll,-0.7698071353027903,1.1280893432525232,0.563664335786845,0.1795409952279289,0.004119713454052953,0.9284013168731536,0.06747896967193283
95,phugoid,-0.028037413598783804,0.18930997317325463,0.14650515669545341,0.030129618007117574,0.08949817499494961,8.577271177535552e-06,0.9104932477333649
95,spiral,0.0,0.0,,0.0,0.0,0.0,0.9999999999989999
96,roll,-24.75271890842023,0.0,1.0,0.0,0.001743009673938216,0.9971630779062901,0.0010939124192319049
96,short-period,-0.6596496249382611,1.5629448858934931,0.38884174092842516,0.24875040437014775,0.8642912566898311,0.0057666768182071376,0.12994206649133896
96,dutch-roll,-0.7569090889103718,1.1232308628964123,0.5588276492122337,0.178767744063339,0.004396860224492107,0.9260158592398647,0.0695872805347845
96,phugoid,-0.027431468543118547,0.18903424755663262,0.1436095624350401,0.03008573491229512,0.08928552040509571,8.453535096776501e-06,0.9107060260592996
96,spiral,0.0,0.0,,0.0,0.0,0.0,0.9999999999989999
97,roll,-24.80390273536896,0.0,1.0,0.0,0.0017461758444382218,0.9971861655019828,0.0010676586530359133
97,short-period,-0.6475567804740463,1.5197228888766454,0.3919990763540407,0.24187140989461328,0.8579375278379251,0.0059920398037931494,0.1360704323576604
97,dutch-roll,-0.7426375360411965,1.1169476972317225,0.5536704389041915,0.17776774718953833,0.004748650921494761,0.9230255164862073,0.0722258325914419
97,phugoid,-0.02680654883816805,0.18872915544164895,0.14062569003101438,0.03003717799409711,0.08904323407595972,8.508073613790101e-06,0.9109482578499184
97,spiral,0.0,0.0,,0.0,0.0,0.0,0.9999999999989999
98,roll,-24.855828334075923,0.0,1.0,0.0,0.0017424675355153648,0.9972019031580175,0.001055629305920843
98,short-period,-0.6345744976393515,1.4729331584118637,0.3956660819934383,0.23442459300520582,0.8505017067495241,0.006255676370423493,0.14324261687943313
98,dutch-roll,-0.7273608958168263,1.1087279454051249,0.548528967097759,0.1764595330553467,0.005113606756720886,0.9195511928406611,0.07533520040176496
98,phugoid,-0.026143896678593435,0.1883622417729715,0.13747795527612036,0.029978781870039113,0.08879177518742137,8.50904611080662e-06,0.9111997157659598
98,spiral,0.0,0.0,,0.0,0.0,0.0,0.9999999999989999
99,roll,-24.90911701662806,0.0,1.0,0.0,0.0017337835851800854,0.9972343310407806,0.0010318853734898326
99,short-period,-0.6208224471099892,1.4228530951576197,0.3999125814453544,0.22645410338793812,0.8418206779571848,0.006566652050592102,0.15161266999160666
99,dutch-roll,-0.710840553680361,1.0992422576765082,0.5430176459175458,0.17494983896471122,0.005593405257052628,0.9152861841935462,0.07912041054855196
99,phugoid,-0.025474646426522904,0.18795536614996122,0.1343076213672936,0.02991402560341343,0.0885107813983797,8.506963774208562e-06,0.9114807116373381
99,spiral,0.0,0.0,,0.0,0.0,0.0,0.9999999999989999
100,roll,-21.79329482667671,0.0,1.0,0.0,0.006903241730167483,0.9918104717901912,0.0012862864791450452
100,short-period,-0.6873382400083677,1.6837350712487382,0.37794386499886523,0.2679747594464213,0.8776515428673177,0.006810516774337256,0.1155379403577242
100,dutch-roll,-0.790574906811452,1.1263592659685,0.5744974929282787,0.17926564487624563,0.0056614334914354995,0.9275571314807997,0.06678143502690614
100,phugoid,-0.029793689962307638,0.18993098548329912,0.1549707853316976,0.03022845518598207,0.09012288251794516,8.046477590238628e-06,0.9098690710039572
100,spiral,0.0,0.0,,0.0,0.0,0.0,0.9999999999989999
101,roll,-12.289766120690196,0.0,1.0,0.0,0.03376539732003673,0.9639010283245583,0.002333574354851467
101,short-period,-0.6869917911888663,1.681519722334032,0.378207119087098,0.2676221757159725,0.8674817961120219,0.01729891233394769,0.11521929155341655
101,dutch-roll,-0.7808047933618776,1.1468551454181348,0.562774847282886,0.1825276654036706,0.027143698008196375,0.9019838653430653,0.07087243664790456
101,phugoid,-0.029768203979176892,0.1899303759458299,0.15484188561211967,0.030228358175080846,0.09001896622160341,3.196284029055367e-05,0.909949070937599
101,spiral,0.0,0.0,,0.0,0.0,0.0,0.9999999999989999
102,roll,-5.34189346984361,0.0,1.0,0.0,0.08645119639639406,0.905184622003022,0.008364181599969092
102,short-period,-0.681466651361346,1.6576752110874808,0.3802223547462144,0.2638272038854736,0.8516286965043196,0.03110541308681883,0.11726589040825677
102,dutch-roll,-0.731114138493679,1.2056412279172612,0.5185208411303514,0.19188376101841453,0.0577986344666557,0.8646356535048421,0.07756571202770482
102,phugoid,-0.02927939237516453,0.18976906535177337,0.15248529305748298,0.03020268479666366,0.08977144718993844,5.899019065886543e-05,0.910169562618896
102,spiral,0.0,0.0,,0.0,0.0,0.0,0.9999999999989999
103,roll,-2.6740863639297525,0.0,1.0,0.0,0.18492362691303224,0.7549307659854542,0.06014560710103581
103,short-period,-0.6764463270158264,1.6291044889749733,0.3834812889272292,0.2592800322335631,0.8368046389341669,0.04262420030025753,0.120571160764979
103,dutch-roll,-0.5920189701924865,1.2755004394338907,0.42100736607100014,0.20300219985178838,0.09203258138201906,0.8217346327161901,0.08623278590103209
103,phugoid,-0.02879868162863614,0.18962271764954394,0.15015178597563858,0.030179392836443705,0.08953437497995595,8.522527904952742e-05,0.9103803997404882
103,spiral,0.0,0.0,,0.0,0.0,0.0,0.9999999999989999
104,roll,-14.714068335794323,0.0,1.0,0.0,0.026919973730320686,0.9711508972299807,0.0019291290391802245
104,short-period,-0.6619305391987266,1.5985563604026385,0.3825782588336338,0.25441814656906925,0.8603246166126852,0.014308005629437173,0.1253673777572617
104,dutch-roll,-0.7545369244180495,1.1302601149645863,0.5552248947615346,0.17988648427622783,0.025298406026660253,0.9001456878033418,0.07455590616916469
104,phugoid,-0.02829869292458736,0.18945002562008906,0.14773381918649925,0.030151908046323388,0.0895845114311826,2.566357411064731e-05,0.9103898249941993
104,spiral,0.0,0.0,,0.0,0.0,0.0,0.9999999999989999
105,roll,-6.427767284684681,0.0,1.0,0.0,0.07159550494035173,0.9229298392457814,0.005474655813257641
105,short-period,-0.6493254472285999,1.559875155408466,0.3843014209905592,0.2482618415894958,0.8433580639543139,0.02658998889716877,0.13005194714791102
105,dutch-roll,-0.7083285863859581,1.167631841885979,0.5186620406375311,0.18583437934764793,0.05799136271279366,0.8579224872637438,0.08408615002267021
105,phugoid,-0.02779771348406816,0.1892700048353464,0.1453092191665735,0.03012325684857231,0.08932675848650108,5.185415302737272e-05,0.9106213873599645
105,spiral,0.0,0.0,,0.0,0.0,0.0,0.9999999999989999
106,roll,-3.096136557636076,0.0,1.0,0.0,0.15405060501601045,0.8072161542230251,0.03873324076042328
106,short-period,-0.6367664924333499,1.5162711628591117,0.3871976478282076,0.2413220506367239,0.8229340094392413,0.040962899669118154,0.13610309089104644
106,dutch-roll,-0.5957635764219026,1.2253935455676956,0.4372438534173113,0.19502744001000247,0.1030433841356631,0.8009698151327159,0.0959868007308814
106,phugoid,-0.027271278478520154,0.18912045077203152,0.1427243226317868,0.03009945458013627,0.08908093880734584,7.756613654413217e-05,0.9108414950556033
106,spiral,0.0,0.0,,0.0,0.0,0.0,0.9999999999989999
107,roll,-1.8619964130877817,0.0,1.0,0.0,0.2770065126423209,0.5148699973078334,0.20812349004964417
107,short-period,-0.6233186194442931,1.4726266352700066,0.3897907666028036,0.23437580833200722,0.823365154059594,0.03212734900550649,0.14450749693430234
107,dutch-roll,-0.41150744924146265,1.217294337403256,0.32024712617167184,0.19373841099550168,0.09815915833273348,0.7943872121675633,0.10745362949896503
107,phugoid,-0.026673024415722595,0.1888412692320015,0.13985752366828863,0.030055021458020487,0.08879497997667113,0.00010379635516431398,0.9111012236676583
107,spiral,0.0,0.0,,0.0,0.0,0.0,0.9999999999989999
108,roll,-1.3432553217143883,0.0,1.0,0.0,0.20622732445742753,0.443393052325222,0.35037962321706206
108,short-period,-0.6052303500533858,1.4245893467767776,0.3910201803967069,0.2267304364155784,0.8267579067400048,0.019244716488845112,0.15399737677054734
108,dutch-roll,-0.25424997540824323,1.12886306695349,0.2197225880679617,0.17966413717952515,0.0671737864579826,0.8098409757271327,0.1229852378141259
108,phugoid,-0.026079620383078355,0.18860215723476167,0.1369751381660496,0.03001696560170719,0.08853042944304902,0.0001310065186851039,0.91133856403776
108,spiral,0.0,0.0,,0.0,0.0,0.0,0.9999999999989999
109,roll,-1.0603199457413146,0.0,1.0,0.0,0.12727540275453567,0.4600229370792297,0.4127016601658816
109,short-period,-0.5865540405630773,1.3722241266266995,0.3930461659243027,0.21839625278259814,0.820587364174783,0.015194274067917117,0.16421836175669866
109,dutch-roll,-0.15020600999129796,1.0189160255188707,0.1458412705135839,0.16216552205687607,0.04875802823989241,0.8060118354395757,0.14523013631977158
109,phugoid,-0.025442977784924044,0.18830560389238174,0.13389864171219074,0.029969767671377,0.08824762214937996,0.00015739804002270314,0.9115949798100919
109,spiral,0.0,0.0,,0.0,0.0,0.0,0.9999999999989999
110,roll,-0.7885854194998413,1.127340974953735,0.5731924168825434,0.17942188871392353,0.0049116176401454315,0.9285652796866988,0.06652310267229611
110,short-period,-0.6855897023891285,1.674098996401863,0.37897898030787236,0.26644113050253765,0.8770433648421243,0.006400302117853319,0.11655633303940086
110,dutch-roll,-0.7885854194998413,1.127340974953735,0.5731924168825434,0.17942188871392353,0.0049116176401454315,0.9285652796866988,0.06652310267229611
110,phugoid,-0.02955372059353899,0.18988266948853222,0.1537904146838367,0.030220765456584517,0.09004437858964756,7.833527209772913e-06,0.9099477878826351
110,spiral,-0.0,0.0,,0.0,0.0,0.0,0.9999999999989999
111,roll,-0.7797586068420282,1.1439695822297664,0.5632280183403219,0.18206841375863778,0.023014489418851376,0.9069272067042315,0.07005830387607835
111,short-period,-0.6851657086888832,1.6717529637105433,0.3792333936013348,0.2660677478030589,0.8687403164458007,0.014892860061544586,0.11636682349203871
111,dutch-roll,-0.7797586068420282,1.1439695822297664,0.5632280183403219,0.18206841375863778,0.023014489418851376,0.9069272067042315,0.07005830387607835
111,phugoid,-0.02950352121278189,0.18986298376973865,0.15355089606713515,0.030217632377130203,0.08996018190103681,2.742619033138008e-05,0.9100123919081247
111,spiral,0.0,0.0,,0.0,0.0,0.0,0.9999999999989999
112,roll,-0.7410360815239769,1.1925499313986596,0.527790917854609,0.18980021646599737,0.0482582323845623,0.875748455503835,0.07599331211079467
112,short-period,-0.6805626703281676,1.651639779585562,0.3809774855936565,0.2628666351282507,0.8557574678445778,0.0261538613538159,0.11808867080099755
112,dutch-roll,-0.7410360815239769,1.1925499313986596,0.527790917854609,0.18980021646599737,0.0482582323845623,0.875748455503835,0.07599331211079467
112,phugoid,-0.029106295678265517,0.1897249953298648,0.15163900130312974,0.030195670834834744,0.08975432407716069,4.8617003014003576e-05,0.9101970589193185
112,spiral,0.0,0.0,,0.0,0.0,0.0,0.9999999999989999
113,roll,-0.6356687554719236,1.2615476103947312,0.4499835164900368,0.20078153814009,0.0810260122959908,0.8354611060993452,0.08351288160389317
113,short-period,-0.6754338701765186,1.6267433836991454,0.3834657616955876,0.25890425065775474,0.8408484628870693,0.038383589998871384,0.12076794711345934
113,dutch-roll,-0.6356687554719236,1.2615476103947312,0.4499835164900368,0.20078153814009,0.0810260122959908,0.8354611060993452,0.08351288160389317
113,phugoid,-0.028712898263438556,0.18960893480826915,0.14972520370477493,0.03017719922912497,0.08954393117137832,7.178278656671088e-05,0.9103842860415483
113,spiral,0.0,0.0,,0.0,0.0,0.0,0.9999999999989999
114,roll,-0.7578000987109,1.1305063797440684,0.5567988506413494,0.17992567853319183,0.02115327273333181,0.9057407746251749,0.07310595264065467
114,short-period,-0.6642006041423163,1.6004900269424067,0.3833019857556018,0.25472589915716476,0.8623541574434738,0.012560926115824286,0.12508491644008463
114,dutch-roll,-0.7578000987109,1.1305063797440684,0.5567988506413494,0.17992567853319183,0.02115327273333181,0.9057407746251749,0.07310595264065467
114,phugoid,-0.028272158972146626,0.18943053713828564,0.14761317128362955,0.03014880635811102,0.08957430126245816,2.131511437328218e-05,0.910404383622661
114,spiral,-0.0,0.0,,0.0,0.0,0.0,0.9999999999989999
115,roll,-0.7200369219807504,1.1617575030672076,0.5268060978379249,0.18489944928724386,0.04780054416128319,0.8709981648876344,0.08120129095027774
115,short-period,-0.6532282292816388,1.567444946959369,0.3846786916766391,0.24946661133299727,0.8483135136819181,0.022627798240189317,0.12905868807728293
115,dutch-roll,-0.7200369219807504,1.1617575030672076,0.5268060978379249,0.18489944928724386,0.04780054416128319,0.8709981648876344,0.08120129095027774
115,phugoid,-0.027831016017751023,0.18928843377854687,0.14546575790598995,0.030126189905978627,0.08936459811579629,4.3383130413787775e-05,0.9105920187532827
115,spiral,0.0,0.0,,0.0,0.0,0.0,0.9999999999989999
116,roll,-0.6324863485058565,1.215043131648361,0.461734213009779,0.1933801204716932,0.08552336975512836,0.8230592408146811,0.09141738942943094
116,short-period,-0.6416147171442909,1.5298015253053403,0.38677027453830387,0.24347547470186612,0.8304902362086412,0.03543293042349905,0.13407683336726076
116,dutch-roll,-0.6324863485058565,1.215043131648361,0.461734213009779,0.1933801204716932,0.08552336975512836,0.8230592408146811,0.09141738942943094
116,phugoid,-0.02737195915715916,0.18914490297135603,0.14322230575006997,0.030103346268528234,0.08914480078046415,6.71380951102072e-05,0.9107880611239187
116,spiral,-0.0,0.0,,0.0,0.0,0.0,0.9999999999989999
117,roll,-0.4727846241695409,1.2339406848297472,0.3577869087535152,0.19638775947285278,0.0996087506438839,0.7983966231685696,0.10199462618680641
117,short-period,-0.6302911746476021,1.4909214571612552,0.3893867349368297,0.23728751966898526,0.8240364446974314,0.03506691227896375,0.14089664302300806
117,dutch-roll,-0.4727846241695409,1.2339406848297472,0.3577869087535152,0.19638775947285278,0.0996087506438839,0.7983966231685696,0.10199462618680641
117,phugoid,-0.026884154370455104,0.18892729728154195,0.14087975323035692,0.030068713247349402,0.08891537935763573,8.720900538156019e-05,0.9109974116364762
117,spiral,0.0,0.0,,0.0,0.0,0.0,0.9999999999989999
118,roll,-0.3112401516594781,1.1721303937628915,0.2566402086683198,0.18655034611561389,0.07192840426207246,0.8141019766272379,0.11396961910992948
118,short-period,-0.6147944245403962,1.449937033995081,0.3903720589757475,0.23076464613231865,0.8294567933497369,0.021424968288918853,0.14911823836074106
118,dutch-roll,-0.3112401516594781,1.1721303937628915,0.2566402086683198,0.18655034611561389,0.07192840426207246,0.8141019766272379,0.11396961910992948
118,phugoid,-0.02635920836304935,0.18868767477615608,0.13835406807183576,0.03003057614114118,0.08866934025882642,0.00010788926233996759,0.9112227704783273
118,spiral,0.0,0.0,,0.0,0.0,0.0,0.9999999999989999
119,roll,-0.19496168605654243,1.0740731559348675,0.17859781933760943,0.17094405200934626,0.05171246394620979,0.8163548426670454,0.13193269338597705
119,short-period,-0.5979071634784655,1.4045894097417935,0.3916713811290568,0.223547347574934,0.8269734173962862,0.015214719267424133,0.1578118633356856
119,dutch-roll,-0.19496168605654243,1.0740731559348675,0.17859781933760943,0.17094405200934626,0.05171246394620979,0.8163548426670454,0.13193269338597705
119,phugoid,-0.025821717357249013,0.1884900617857012,0.1357248110964755,0.029999125056891115,0.0884425007762621,0.00013166341086129937,0.9114258358123707
119,spiral,0.0,0.0,,0.0,0.0,0.0,0.9999999999989999
120,roll,-0.7868777704400018,1.1279478377615118,0.5721509892838615,0.1795184739295598,0.004396592417382611,0.9292198661528929,0.06638354142886387
120,short-period,-0.6842984725977042,1.6666664715980561,0.3798118713443152,0.2652582074403586,0.8765270847535527,0.0061385245459516765,0.11733439069987357
120,dutch-roll,-0.7868777704400018,1.1279478377615118,0.5721509892838615,0.1795184739295598,0.004396592417382611,0.9292198661528929,0.06638354142886387
120,phugoid,-0.02934723207818828,0.18978966964691635,0.15281415085533548,0.030205964072084587,0.08997148403886378,8.36384928727384e-06,0.9100201521113414
120,spiral,0.0,0.0,,0.0,0.0,0.0,0.9999999999989999
121,roll,-0.7792457786977569,1.1420749047610728,0.5636124742817625,0.18176686647393034,0.019894733806723137,0.9106237857933969,0.06948148039903736
121,short-period,-0.6838939656966835,1.6645225426730794,0.380038093240296,0.2649169905543109,0.869597950702486,0.01321370592251945,0.11718834337437704
121,dutch-roll,-0.7792457786977569,1.1420749047610728,0.5636124742817625,0.18176686647393034,0.019894733806723137,0.9106237857933969,0.06948148039903736
121,phugoid,-0.029310201662454793,0.1897521639017861,0.15265528856573563,0.03019999484735276,0.08990259556882846,2.224860956594617e-05,0.9100751558210982
121,spiral,0.0,0.0,,0.0,0.0,0.0,0.9999999999989999
122,roll,-0.7474539531140498,1.1834209475092101,0.5340084132847728,0.1883472935545852,0.04139003330833277,0.883921979737561,0.07468798695329008
122,short-period,-0.6799886331976754,1.6470039147100382,0.3816184366102547,0.262128814317805,0.858614148402984,0.022663577926953272,0.11872227366945139
122,dutch-roll,-0.7474539531140498,1.1834209475092101,0.5340084132847728,0.1883472935545852,0.04139003330833277,0.883921979737561,0.07468798695329008
122,phugoid,-0.02896613437688212,0.18967465867987712,0.15096459712259933,0.030187659508170515,0.08972937624957567,4.219103642544105e-05,0.9102284327134919
122,spiral,-0.0,0.0,,0.0,0.0,0.0,0.9999999999989999
123,roll,-0.6648839148103329,1.246812117978082,0.4705427520903648,0.19843631168308715,0.07043984847421318,0.8481900296174769,0.0813701219075276
123,short-period,-0.6749882567521674,1.6250126383552752,0.3835980921670272,0.25862879398104455,0.8450311854723179,0.0339858870306516,0.1209829274964271
123,dutch-roll,-0.6648839148103329,1.246812117978082,0.4705427520903648,0.19843631168308715,0.07043984847421318,0.8481900296174769,0.0813701219075276
123,phugoid,-0.028612515802620378,0.18951777264700187,0.14928360324166395,0.030162690320536343,0.0895340559172343,6.094547978593614e-05,0.910404998602473
123,spiral,0.0,0.0,,0.0,0.0,0.0,0.9999999999989999
124,roll,-0.7601839897898801,1.1306863888068546,0.5579444505167652,0.17995432786533558,0.017995261925121426,0.9100195747745541,0.07198516329948167
124,short-period,-0.6658274378919108,1.6018064520947128,0.3838332998105295,0.2549354147273648,0.8637980280139749,0.01132985172921257,0.12487212025619399
124,dutch-roll,-0.7601839897898801,1.1306863888068546,0.5579444505167652,0.17995432786533558,0.017995261925121426,0.9100195747745541,0.07198516329948167
124,phugoid,-0.02822814929377964,0.1894090788366201,0.14740472054191914,0.03014539116333059,0.08957379983886585,1.9134601117848145e-05,0.9104070655595087
124,spiral,0.0,0.0,,0.0,0.0,0.0,0.9999999999989999
125,roll,-0.7283490110241736,1.157269812392693,0.5326549171352364,0.18418521113332745,0.040570182923529687,0.8804018406917657,0.07902797638389071
125,short-period,-0.6562138983333348,1.5729271807676457,0.38502908856641,0.25033913594277,0.8518313868398806,0.019814792566007548,0.1283538205935
125,dutch-roll,-0.7283490110241736,1.157269812392693,0.5326549171352364,0.18418521113332745,0.040570182923529687,0.8804018406917657,0.07902797638389071
125,phugoid,-0.02783973990300449,0.18926705112880382,0.14552648123435627,0.03012278675157562,0.08937749127693366,3.66491483047778e-05,0.9105858595742542
125,spiral,0.0,0.0,,0.0,0.0,0.0,0.9999999999989999
126,roll,-0.6580142609343517,1.2058064544565723,0.4790213636380527,0.19191005763887586,0.07233931650867789,0.8397611773598,0.08789950613074698
126,short-period,-0.6455508059086981,1.5400724067301035,0.3865810128788588,0.2451101362505279,0.8364663507197766,0.030925365288051926,0.1326082839915687
126,dutch-roll,-0.6580142609343517,1.2058064544565723,0.4790213636380527,0.19191005763887586,0.07233931650867789,0.8397611773598,0.08789950613074698
126,phugoid,-0.02744356222174816,0.1891054306744139,0.14361860361998088,0.030097064057354704,0.08917777851313131,5.5142466873599597e-05,0.9107670790194881
126,spiral,0.0,0.0,,0.0,0.0,0.0,0.9999999999989999
127,roll,-0.5219640499635452,1.2391621354967253,0.38819064957527866,0.19721877915661282,0.09592078897271035,0.8062854515884945,0.09779375943804909
127,short-period,-0.6352416950412608,1.5048660311132918,0.38889608161082484,0.23950686754276235,0.8259269411945453,0.035793312964619795,0.1382797458402376
127,dutch-roll,-0.5219640499635452,1.2391621354967253,0.38819064957527866,0.19721877915661282,0.09592078897271035,0.8062854515884945,0.09779375943804909
127,phugoid,-0.027027499582492624,0.18896996889849874,0.1415845554080279,0.030075504646117798,0.08899106669542554,7.66836964743692e-05,0.9109322496075932
127,spiral,0.0,0.0,,0.0,0.0,0.0,0.9999999999989999
128,roll,-0.3629952966356664,1.2017502025588394,0.28915262818573856,0.19126448509892577,0.07583403345948381,0.816405178729959,0.10776078780979677
128,short-period,-0.6220422871264559,1.4690780415530418,0.38991073203748544,0.23381103210092744,0.8306712091845092,0.023877289064298327,0.14545150175058938
128,dutch-roll,-0.3629952966356664,1.2017502025588394,0.28915262818573856,0.19126448509892577,0.07583403345948381,0.816405178729959,0.10776078780979677
128,phugoid,-0.026564676042584126,0.1887822348327455,0.1393431703380694,0.030045625841566434,0.08878094213041758,9.538402302585827e-05,0.9111236738460501
128,spiral,0.0,0.0,,0.0,0.0,0.0,0.9999999999989999
129,roll,-0.23805432377013333,1.1177450580691777,0.20830539385238314,0.17789465110824723,0.05459498921552663,0.8229715309966407,0.12243347978706084
129,short-period,-0.6067699501838197,1.4293271154000389,0.3907620060540855,0.22748447571119612,0.83103560191821,0.01590986004152156,0.15305453803966282
129,dutch-roll,-0.23805432377013333,1.1177450580691777,0.20830539385238314,0.17789465110824723,0.05459498921552663,0.8229715309966407,0.12243347978706084
129,phugoid,-0.026105664482838496,0.18858599262097833,0.13712088786084367,0.0300143929235204,0.0885833329760436,0.00011399530331871362,0.9113026717201315
129,spiral,0.0,0.0,,0.0,0.0,0.0,0.9999999999989999
130,roll,-0.7855982057247161,1.1283637264124378,0.5713827987028554,0.1795846646641305,0.0040764828014656545,0.9296808711231406,0.06624264607453247
130,short-period,-0.6833108171696715,1.6605551364432574,0.38053686256982006,0.2642855582415811,0.8760679301285627,0.00595754920916732,0.11797452066164765
130,dutch-roll,-0.7855982057247161,1.1283637264124378,0.5713827987028554,0.1795846646641305,0.0040764828014656545,0.9296808711231406,0.06624264607453247
130,phugoid,-0.02921921417564067,0.18975528508047845,0.15218994941518926,0.030200491598369926,0.08991882000935632,7.772576057656645e-06,0.9100734074140784
130,spiral,0.0,0.0,,0.0,0.0,0.0,0.9999999999989999
131,roll,-0.7788710156242049,1.1405857016657786,0.5639292747125535,0.1815298524400465,0.017451380976816436,0.9135680642528463,0.06898055476949175
131,short-period,-0.6829325413136508,1.6587594398604613,0.3807087887161087,0.2639997642541359,0.8701796219304123,0.01197495428873477,0.11784542378023448
131,dutch-roll,-0.7788710156242049,1.1405857016657786,0.5639292747125535,0.1815298524400465,0.017451380976816436,0.9135680642528463,0.06898055476949175
131,phugoid,-0.02919079181682318,0.189751394454304,0.15204837934110454,0.03019987238598254,0.08987922678199334,1.8981370894682957e-05,0.9101017918466046
131,spiral,0.0,0.0,,0.0,0.0,0.0,0.9999999999989999
132,roll,-0.7519130202090302,1.176733642673209,0.5384457078198607,0.18728297593397328,0.036150513001351206,0.8902067486556744,0.07364273834215222
132,short-period,-0.6794867694913376,1.6431609582747126,0.38213959130974756,0.2615171888050361,0.8606743337511829,0.020089966566487743,0.11923569968171623
132,dutch-roll,-0.7519130202090302,1.176733642673209,0.5384457078198607,0.18728297593397328,0.036150513001351206,0.8902067486556744,0.07364273834215222
132,phugoid,-0.028868976996235536,0.18962820626250831,0.15050574450630413,0.030180266376327702,0.08970173369572759,3.555246398883802e-05,0.9102627138397764
132,spiral,0.0,0.0,,0.0,0.0,0.0,0.9999999999989999
133,roll,-0.6850490945441574,1.2339255524250046,0.48539108723564184,0.19638535107583713,0.061494785431293275,0.8588456394343656,0.07965957513354907
133,short-period,-0.6748319671652331,1.6236857695987676,0.38378960287813585,0.2584176162596122,0.8485833256561024,0.030208612380117763,0.12120806196317375
133,dutch-roll,-0.6850490945441574,1.2339255524250046,0.48539108723564184,0.19638535107583713,0.061494785431293275,0.8588456394343656,0.07965957513354907
133,phugoid,-0.0285367173748139,0.18951499323005716,0.14889904519175834,0.030162247962590677,0.0895444590169215,5.3210892961172304e-05,0.9104023300896105
133,spiral,0.0,0.0,,0.0,0.0,0.0,0.9999999999989999
134,roll,-0.7622376833667778,1.130969622456846,0.558884976947822,0.17999940590078167,0.015664828303849614,0.9132197919267465,0.07111537976855804
134,short-period,-0.6670835945762248,1.6029320221857026,0.38422040510304056,0.2551145547711422,0.8648678526345771,0.010419960541728154,0.12471218682307533
134,dutch-roll,-0.7622376833667778,1.130969622456846,0.558884976947822,0.17999940590078167,0.015664828303849614,0.9132197919267465,0.07111537976855804
134,phugoid,-0.028214783420872244,0.18940855227792072,0.14733684139600262,0.030145307358910755,0.08957122624092136,1.6819155303936624e-05,0.910411954603267
134,spiral,0.0,0.0,,0.0,0.0,0.0,0.9999999999989999
135,roll,-0.734440823634791,1.1540793409758985,0.5368893832004503,0.1836774318365512,0.03506806300872737,0.8875534655154321,0.0773784714750198
135,short-period,-0.6585050760062346,1.577327371886614,0.38525603420784893,0.2510394481099029,0.8544972081040328,0.017718281652593856,0.12778451024275955
135,dutch-roll,-0.734440823634791,1.1540793409758985,0.5368893832004503,0.1836774318365512,0.03506806300872737,0.8875534655154321,0.0773784714750198
135,phugoid,-0.027858942213416615,0.1892727489606406,0.14562043852825157,0.03012369358967735,0.08939475284865202,3.365223750828466e-05,0.9105715949133323
135,spiral,0.0,0.0,,0.0,0.0,0.0,0.9999999999989999
136,roll,-0.6758514232849578,1.1975493821325882,0.49149260724687255,0.1905959037630465,0.06189429409245541,0.8528459702537261,0.08525973565303126
136,short-period,-0.6487990912591556,1.5480993311145914,0.3865220536345733,0.24638766094414405,0.8411674152910111,0.027314376460113834,0.1315182082482691
136,dutch-roll,-0.6758514232849578,1.1975493821325882,0.49149260724687255,0.1905959037630465,0.06189429409245541,0.8528459702537261,0.08525973565303126
136,phugoid,-0.027498370028108933,0.18912068254622658,0.1438881276128402,0.030099491468145095,0.08921872667491688,4.825715653203879e-05,0.9107330161680438
136,spiral,0.0,0.0,,0.0,0.0,0.0,0.9999999999989999
137,roll,-0.5608860998990011,1.2384158066958144,0.41256495185950504,0.197099997238776,0.08900326175907769,0.8166461900341712,0.09435054820599642
137,short-period,-0.6390754923253643,1.5162269316471706,0.3883998302470996,0.24131501102070452,0.8289317854750134,0.03477157347465509,0.1362966410497325
137,dutch-roll,-0.5608860998990011,1.2384158066958144,0.41256495185950504,0.197099997238776,0.08900326175907769,0.8166461900341712,0.09435054820599642
137,phugoid,-0.027151656556219036,0.18901630774401876,0.142187668275562,0.03008287970243948,0.08905813285894708,6.474406625546264e-05,0.9108771230742905
137,spiral,0.0,0.0,,0.0,0.0,0.0,0.9999999999989999
138,roll,-0.4094233231234116,1.221834351802149,0.317725645405694,0.19446097672879387,0.07876145724943501,0.8180504950567116,0.10318804769309314
138,short-period,-0.6276685090566886,1.4838723787822738,0.3895748949096636,0.23616562400072816,0.8311435677672743,0.02629211737534439,0.14256431485677873
138,dutch-roll,-0.4094233231234116,1.221834351802149,0.317725645405694,0.19446097672879387,0.07876145724943501,0.8180504950567116,0.10318804769309314
138,phugoid,-0.02674602066512873,0.1888428201400354,0.14023162689821334,0.03005526829270036,0.0888712334286292,8.302260623953476e-05,0.9110457439646246
138,spiral,0.0,0.0,,0.0,0.0,0.0,0.9999999999989999
139,roll,-0.27902563021118537,1.1525358226243192,0.23529974589754474,0.1834317732611443,0.05746597594446698,0.8272881334844394,0.11524589057031963
139,short-period,-0.6138502297685235,1.4484187084916564,0.3902101943245002,0.23052299712322613,0.833482383605898,0.017094305288529968,0.14942331110496584
139,dutch-roll,-0.27902563021118537,1.1525358226243192,0.23529974589754474,0.1834317732611443,0.05746597594446698,0.8272881334844394,0.11524589057031963
139,phugoid,-0.026342720109046844,0.18868769232350288,0.1382691670794343,0.03003057893388816,0.0886954096764305,9.946047573475174e-05,0.9112051298473283
139,spiral,0.0,0.0,,0.0,0.0,0.0,0.9999999999989999
140,roll,-0.7846019208166436,1.1287618254562077,0.5707587011919165,0.17964802409478664,0.0038717539211814067,0.9299757451117078,0.06615250096624944
140,short-period,-0.6825468970175035,1.655884467093052,0.3810897388160679,0.2635421981269481,0.8756887839086873,0.00582382848456902,0.11848738760612085
140,dutch-roll,-0.7846019208166436,1.1287618254562077,0.5707587011919165,0.17964802409478664,0.0038717539211814067,0.9299757451117078,0.06615250096624944
140,phugoid,-0.029089659426952193,0.18970810488844256,0.1515675039756241,0.03019298263759139,0.08987961222667407,8.312517905757498e-06,0.9101120752549126
140,spiral,0.0,0.0,,0.0,0.0,0.0,0.9999999999989999
141,roll,-0.7788231696396846,1.1398283908605202,0.5641610919403637,0.18140932268193274,0.015640386354901933,0.9158010056287286,0.06855860801552179
141,short-period,-0.6822874814902022,1.6540188941854108,0.38133316191751493,0.26324528297699873,0.8705470883982119,0.011038167273908031,0.11841474432726067
141,dutch-roll,-0.7788231696396846,1.1398283908605202,0.5641610919403637,0.18140932268193274,0.015640386354901933,0.9158010056287286,0.06855860801552179
141,phugoid,-0.02904286107616729,0.18968424036047346,0.15134785917847282,0.03018918448000055,0.0898344608522354,1.8692912936375226e-05,0.9101468462343207
141,spiral,0.0,0.0,,0.0,0.0,0.0,0.9999999999989999
142,roll,-0.7552087567745841,1.1712001416891926,0.5419220338670707,0.1864022918997632,0.03200121885063276,0.8952406530356732,0.07275812811286689
142,short-period,-0.6791324294439715,1.6400670465639164,0.38258457624664705,0.26102477746277297,0.8622551368580198,0.018108001967220993,0.11963686117414458
142,dutch-roll,-0.7552087567745841,1.1712001416891926,0.5419220338670707,0.1864022918997632,0.03200121885063276,0.8952406530356732,0.07275812811286689
142,phugoid,-0.02877180269188666,0.18956641771952326,0.1500583489904429,0.030170432424285184,0.08968068614350039,3.312771528919972e-05,0.9102861861407032
142,spiral,0.0,0.0,,0.0,0.0,0.0,0.9999999999989999
143,roll,-0.6996070912222868,1.223053729493958,0.49652369917315525,0.19465504671594125,0.05421098782343486,0.8675272862233854,0.0782617259523795
143,short-period,-0.6748150781120127,1.6224313567485502,0.3840343924936057,0.25821797025382204,0.8514925074495521,0.027083386149060987,0.1214241064007785
143,dutch-roll,-0.6996070912222868,1.223053729493958,0.49652369917315525,0.19465504671594125,0.05421098782343486,0.8675272862233854,0.0782617259523795
143,phugoid,-0.028498809746190106,0.1895001555852755,0.14871701327615588,0.030159886478079836,0.08954186149456989,4.66909730034087e-05,0.9104114475319197
143,spiral,0.0,0.0,,0.0,0.0,0.0,0.9999999999989999
144,roll,-0.7638353801810038,1.1312735120214432,0.5595864721794077,0.18004777142714137,0.013869787776521834,0.9156908560364736,0.07043935618615633
144,short-period,-0.6680262271242912,1.603614951057205,0.38454344410564606,0.255223246276822,0.8656926853090782,0.009718079924083948,0.12458923476621774
144,dutch-roll,-0.7638353801810038,1.1312735120214432,0.5595864721794077,0.18004777142714137,0.013869787776521834,0.9156908560364736,0.07043935618615633
144,phugoid,-0.028189599192682525,0.18938804524337305,0.14722377546543305,0.03014204356299434,0.08956636580097074,1.473540695205076e-05,0.9104188987915695
144,spiral,-0.0,0.0,,0.0,0.0,0.0,0.9999999999989999
145,roll,-0.7391214938550489,1.1516617643257023,0.5401201464302872,0.18329266256236895,0.030822400173008642,0.8931212076599541,0.07605639216621135
145,short-period,-0.6603214655548791,1.5806367667544154,0.3854721609488445,0.2515661546617564,0.8565476722743178,0.016096364951140318,0.12735596277392675
145,dutch-roll,-0.7391214938550489,1.1516617643257023,0.5401201464302872,0.18329266256236895,0.030822400173008642,0.8931212076599541,0.07605639216621135
145,phugoid,-0.02787139920520449,0.1892630685638212,0.14569146361781785,0.030122152906672448,0.089407275965316,2.7775640222133182e-05,0.9105649483939543
145,spiral,0.0,0.0,,0.0,0.0,0.0,0.9999999999989999
146,roll,-0.6892986858131521,1.1906598581648957,0.5010195546475512,0.18949940196803816,0.05388179332010915,0.8629602612541106,0.08315794542498348
146,short-period,-0.6513561010980103,1.554425899542358,0.386474401530188,0.24739456558223222,0.8448740478215994,0.024475207327799727,0.13065074484999256
146,dutch-roll,-0.6892986858131521,1.1906598581648957,0.5010195546475512,0.18949940196803816,0.05388179332010915,0.8629602612541106,0.08315794542498348
146,phugoid,-0.0275686299316268,0.18913986663757484,0.14423380337891328,0.030102544711111897,0.08925134121734583,4.227680834810303e-05,0.9107063819737987
146,spiral,0.0,0.0,,0.0,0.0,0.0,0.9999999999989999
147,roll,-0.5915196608306774,1.2341351278149706,0.43221718642205553,0.19641870603510062,0.08081784053579694,0.8277564755934934,0.09142568386994519
147,short-period,-0.6422349744218829,1.5253016143146847,0.3880583938988308,0.24275929162422974,0.8323981336078543,0.03276543390130439,0.13483643249024024
147,dutch-roll,-0.5915196608306774,1.2341351278149706,0.43221718642205553,0.19641870603510062,0.08081784053579694,0.8277564755934934,0.09142568386994519
147,phugoid,-0.027222329331544712,0.18900708450344947,0.1425570709357356,0.030081411778111553,0.08909519106789186,5.867942967348336e-05,0.9108461295019276
147,spiral,0.0,0.0,,0.0,0.0,0.0,0.9999999999989999
148,roll,-0.45051554027457136,1.234245112830576,0.34288498276180157,0.19643621069400027,0.0800105312463495,0.8203323290443003,0.099657139708589
148,short-period,-0.6321971452252421,1.4957570463629997,0.389314486313263,0.2380571275932047,0.8315115548502814,0.02816683203489787,0.14032161311421862
148,dutch-roll,-0.45051554027457136,1.234245112830576,0.34288498276180157,0.19643621069400027,0.0800105312463495,0.8203323290443003,0.099657139708589
148,phugoid,-0.02686854768432129,0.18887282251316165,0.14083939609158314,0.03006004331868789,0.0889308946860625,7.399509588917103e-05,0.9109951102175415
148,spiral,0.0,0.0,,0.0,0.0,0.0,0.9999999999989999
149,roll,-0.3175512782624621,1.1799332226941117,0.2598795751893238,0.18779220491011803,0.06012566525646777,0.8300666870201298,0.10980764772262755
149,short-period,-0.6196832343738012,1.4638617496759727,0.38983052676571617,0.23298083346408177,0.834875046857658,0.018567719378078724,0.14655723376365687
149,dutch-roll,-0.3175512782624621,1.1799332226941117,0.2598795751893238,0.18779220491011803,0.06012566525646777,0.8300666870201298,0.10980764772262755
149,phugoid,-0.026495827707318287,0.18877257174529663,0.13899599377735622,0.030044087913433416,0.08878646375779242,8.755366719835511e-05,0.9111259825745025
149,spiral,0.0,0.0,,0.0,0.0,0.0,0.9999999999989999
150,roll,-0.7838115770739865,1.1291582985408073,0.5702357281033406,0.17971112474600356,0.003772257190782398,0.930163430790008,0.066064312018348
150,short-period,-0.6819234577440956,1.6517699061178697,0.38160271572463866,0.26288734540909486,0.8753562459025234,0.005729788007477527,0.1189139660893761
150,dutch-roll,-0.7838115770739865,1.1291582985408073,0.5702357281033406,0.17971112474600356,0.003772257190782398,0.930163430790008,0.066064312018348
150,phugoid,-0.028986072700027905,0.18965404322181215,0.15108218643757676,0.030184378456115372,0.08983805238212784,7.888336032121843e-06,0.9101540592813323
150,spiral,0.0,0.0,,0.0,0.0,0.0,0.9999999999989999
151,roll,-0.7781670606321628,1.1390179652351986,0.5641105047721796,0.18128033943765445,0.014090054974784137,0.9175536135283814,0.0683563314959851
151,short-period,-0.6816799044839859,1.650172066120193,0.3818018254440359,0.2626330412751947,0.8708667297962572,0.010286886152208762,0.118846384050914
151,dutch-roll,-0.7781670606321628,1.1390179652351986,0.5641105047721796,0.18128033943765445,0.014090054974784137,0.9175536135283814,0.0683563314959851
151,phugoid,-0.02895266767388445,0.18965817991522313,0.15090882260848398,0.030185036831319786,0.08981617661933351,1.5279384211959584e-05,0.9101685439959469
151,spiral,0.0,0.0,,0.0,0.0,0.0,0.9999999999989999
152,roll,-0.7576227315080777,1.1673135429917136,0.5444168555085279,0.18578372050524491,0.028793418222288366,0.8990922484838939,0.07211433329298676
152,short-period,-0.6788553801031552,1.6375421497506213,0.38295460557097294,0.2606229276541401,0.8634596943083622,0.016551964784501896,0.11998834090652001
152,dutch-roll,-0.7576227315080777,1.1673135429917136,0.5444168555085279,0.18578372050524491,0.028793418222288366,0.8990922484838939,0.07211433329298676
152,phugoid,-0.02869152556699524,0.18954567204691095,0.14966506769929577,0.03016713064794117,0.08967129804733684,2.817625191960674e-05,0.9103005257002362
152,spiral,0.0,0.0,,0.0,0.0,0.0,0.9999999999989999
153,roll,-0.7104305391372354,1.2141130510416493,0.5050363537962943,0.19323209354566112,0.0483301311911935,0.8744951978687903,0.07717467093920938
153,short-period,-0.674863557539311,1.6215913257850567,0.38422750053751165,0.2580842751736318,0.8538882116025412,0.02455049838400348,0.12156129001284498
153,dutch-roll,-0.7104305391372354,1.2141130510416493,0.5050363537962943,0.19323209354566112,0.0483301311911935,0.8744951978687903,0.07717467093920938
153,phugoid,-0.028432969846372044,0.18944537833271566,0.14842296878830447,0.030151168407565942,0.0895377669108176,4.158718189786895e-05,0.9104206459067774
153,spiral,-0.0,0.0,,0.0,0.0,0.0,0.9999999999989999
154,roll,-0.7651417721090388,1.131314376290289,0.560229430895115,0.18005427517752404,0.012390671781358864,0.917786661000263,0.06982266721752782
154,short-period,-0.6688475639149155,1.6042687998037446,0.38481256046652734,0.2553273095368682,0.8663550161016714,0.009155589747786429,0.12448939414992156
154,dutch-roll,-0.7651417721090388,1.131314376290289,0.560229430895115,0.18005427517752404,0.012390671781358864,0.917786661000263,0.06982266721752782
154,phugoid,-0.028169143228546262,0.1893698170617957,0.14713310944278987,0.030139142457792728,0.08955464722129114,1.2965505477203292e-05,0.9104323872727239
154,spiral,0.0,0.0,,0.0,0.0,0.0,0.9999999999989999
155,roll,-0.7429237359864836,1.1497177896980204,0.5427304158195766,0.18298326939112813,0.027573084566462205,0.8974248633768083,0.07500205205589931
155,short-period,-0.6618159752521444,1.5832988187686114,0.3856618885979853,0.2519898333985835,0.8581731605541715,0.014816158766606566,0.12701068067860585
155,dutch-roll,-0.7429237359864836,1.1497177896980204,0.5427304158195766,0.18298326939112813,0.027573084566462205,0.8974248633768083,0.07500205205589931
155,phugoid,-0.027881309332465878,0.18925242714203142,0.14575018724801156,0.03012045927179308,0.08941140599524944,2.688142950195615e-05,0.9105617125747411
155,spiral,0.0,0.0,,0.0,0.0,0.0,0.9999999999989999
156,roll,-0.6995428838662358,1.1851135407567497,0.5083245151229022,0.1886166781365751,0.04760351816594052,0.8708772169299696,0.08151926490328582
156,short-period,-0.6535781149479208,1.5594161626965388,0.3865402684080427,0.24818879063054944,0.8477814177960505,0.02222008356671661,0.12999849863662272
156,dutch-roll,-0.6995428838662358,1.1851135407567497,0.5083245151229022,0.1886166781365751,0.04760351816594052,0.8708772169299696,0.08151926490328582
156,phugoid,-0.027601336281644573,0.18916578734923037,0.1443819765140642,0.030106670120500334,0.0892841196782765,3.965052116114874e-05,0.910676229800055
156,spiral,0.0,0.0,,0.0,0.0,0.0,0.9999999999989999
157,roll,-0.6155285223994138,1.228288356962393,0.4480195023737184,0.19548816355278728,0.07264271200580925,0.8384034472012478,0.08895384079216893
157,short-period,-0.6449094026888326,1.5329272937198133,0.38778441101393984,0.24397295619599002,0.8358976714725275,0.030422101905449927,0.13368022662141937
157,dutch-roll,-0.6155285223994138,1.228288356962393,0.4480195023737184,0.19548816355278728,0.07264271200580925,0.8384034472012478,0.08895384079216893
157,phugoid,-0.027299325472018427,0.1890462600432311,0.14292303526217212,0.030087646758916096,0.08914079530417497,5.266123408025497e-05,0.9108065434612376
157,spiral,0.0,0.0,,0.0,0.0,0.0,0.9999999999989999
158,roll,-0.48640152737874814,1.2412289960908576,0.36485675851274996,0.19754773023685082,0.07959533374517709,0.8236273205284176,0.09677734572564207
158,short-period,-0.6358524038764956,1.5055142368773533,0.3890711385905396,0.2396100326942534,0.8321620979970699,0.02935634518493859,0.13848155681738944
158,dutch-roll,-0.48640152737874814,1.2412289960908576,0.36485675851274996,0.19754773023685082,0.07959533374517709,0.8236273205284176,0.09677734572564207
158,phugoid,-0.026986493283331605,0.1889306434828246,0.14140287729174608,0.030069245811824116,0.08899517090466735,6.580680100693999e-05,0.9109390222938187
158,spiral,0.0,0.0,,0.0,0.0,0.0,0.9999999999989999
159,roll,-0.3539391669844156,1.2007281523317832,0.2827425770233246,0.1911018207532016,0.0624430175783667,0.832010869982744,0.10554611243811397
159,short-period,-0.6244844529214028,1.4765238954373359,0.389534844325988,0.23499607655215282,0.8357505607517136,0.02010752765173684,0.14414191159594314
159,dutch-roll,-0.3539391669844156,1.2007281523317832,0.2827425770233246,0.1911018207532016,0.0624430175783667,0.832010869982744,0.10554611243811397
159,phugoid,-0.02664663582252592,0.18881469856130073,0.13974113828109322,0.03005079260443719,0.08886024901462747,7.797684968550307e-05,0.9110617741351803
159,spiral,0.0,0.0,,0.0,0.0,0.0,0.9999999999989999
160,roll,-0.783082378380462,1.129221669460948,0.5698559695456132,0.17972121054119225,0.0037074182505175413,0.930222946896483,0.06606963485213772
160,short-period,-0.6814021377438652,1.6484165551674785,0.38201609193834457,0.2623536430294182,0.8750515588405816,0.0056563726228032385,0.11929206853599185
160,dutch-roll,-0.783082378380462,1.129221669460948,0.5698559695456132,0.17972121054119225,0.0037074182505175413,0.930222946896483,0.06606963485213772
160,phugoid,-0.02889260178084576,0.1896336557057128,0.1506218865510535,0.030181133682150797,0.08981205732398725,7.979585252301551e-06,0.9101799630902528
160,spiral,0.0,0.0,,0.0,0.0,0.0,0.9999999999989999
161,roll,-0.7780962039334,1.138261642817796,0.5643309494079248,0.18115996698635364,0.012707334564718264,0.919358660711765,0.06793400472266557
161,short-period,-0.6811614820019051,1.6468762628685707,0.38220588073929324,0.26210849789624063,0.8710549695836838,0.009698083277892405,0.11924694713780322
161,dutch-roll,-0.7780962039334,1.138261642817796,0.5643309494079248,0.18115996698635364,0.012707334564718264,0.919358660711765,0.06793400472266557
161,phugoid,-0.02887021907054225,0.18960451978218132,0.15053045004853194,0.030176496555899213,0.08978206535395959,1.4013891905586927e-05,0.9102039207536272
161,spiral,0.0,0.0,,0.0,0.0,0.0,0.9999999999989999
162,roll,-0.7593830407154365,1.1635857650365224,0.546531714844681,0.18519042621692725,0.025902039667806288,0.9025990584672751,0.0714989018640842
162,short-period,-0.6786362429020434,1.635243137709075,0.38330832560190037,0.2602570285235002,0.8644218129524845,0.015279952127577648,0.12029823491932082
162,dutch-roll,-0.7593830407154365,1.1635857650365224,0.546531714844681,0.18519042621692725,0.025902039667806288,0.9025990584672751,0.0714989018640842
162,phugoid,-0.028649792933479898,0.18954420354089144,0.14945337348942195,0.030166896927949206,0.08966188201257025,2.571875636595747e-05,0.9103123992305564
162,spiral,-0.0,0.0,,0.0,0.0,0.0,0.9999999999989999
163,roll,-0.7184541398682245,1.206365760809718,0.511683302002582,0.1919990740096817,0.04340664240122703,0.8804442702997002,0.07614908729826035
163,short-period,-0.674952291017257,1.6207896734352116,0.38443254006374,0.25795668823951273,0.855850949775705,0.022436362177721388,0.12171268804596166
163,dutch-roll,-0.7184541398682245,1.206365760809718,0.511683302002582,0.1919990740096817,0.04340664240122703,0.8804442702997002,0.07614908729826035
163,phugoid,-0.028423175812608788,0.18946567303229384,0.14835742543277677,0.030154398409322377,0.08954253765921942,3.824482728758104e-05,0.9104192175129857
163,spiral,-0.0,0.0,,0.0,0.0,0.0,0.9999999999989999
164,roll,-0.7659800688710534,1.1313609628206553,0.5606345335362826,0.18006168965411332,0.011144500812580931,0.9193960303762705,0.06945946881029672
164,short-period,-0.669490131919479,1.604826083027118,0.3850135320839595,0.25541600391657027,0.8668861142066324,0.008704062711846027,0.12440982308090048
164,dutch-roll,-0.7659800688710534,1.1313609628206553,0.5606345335362826,0.18006168965411332,0.011144500812580931,0.9193960303762705,0.06945946881029672
164,phugoid,-0.028166184476941525,0.1893388394219603,0.1471415386086826,0.030134212213287603,0.08954735591614618,1.2260316423055468e-05,0.9104403837669229
164,spiral,-0.0,0.0,,0.0,0.0,0.0,0.9999999999989999
165,roll,-0.7459255804113082,1.1481124204853677,0.5448099184058601,0.1827277669454469,0.024733886765939544,0.9011516141394854,0.07411449909374138
165,short-period,-0.6630435263752308,1.585578231300992,0.3857979779626465,0.2523526131704575,0.8595080159622324,0.013774418182839622,0.1267175658543108
165,dutch-roll,-0.7459255804113082,1.1481124204853677,0.5448099184058601,0.1827277669454469,0.024733886765939544,0.9011516141394854,0.07411449909374138
165,phugoid,-0.027891943391912664,0.18926684443694913,0.1457937249826925,0.030122753855545248,0.08942735666778404,2.3747428086876543e-05,0.9105488959036214
165,spiral,0.0,0.0,,0.0,0.0,0.0,0.9999999999989999
166,roll,-0.7076599452351751,1.180270267375877,0.5142273926372036,0.1878458472372638,0.04253035765508687,0.8774080176199627,0.08006162472414005
166,short-period,-0.6554587721819055,1.5636324615005812,0.3865972260490176,0.24885983542676524,0.8501440814750914,0.02038746699010044,0.12946845153419648
166,dutch-roll,-0.7076599452351751,1.180270267375877,0.5142273926372036,0.1878458472372638,0.04253035765508687,0.8774080176199627,0.08006162472414005
166,phugoid,-0.02763359273867439,0.1891936148897943,0.1445263692559373,0.030111099011135175,0.0893041682218738,3.49049900588603e-05,0.9106609267875598
166,spiral,0.0,0.0,,0.0,0.0,0.0,0.9999999999989999
167,roll,-0.6347523290696977,1.2224551773431442,0.46082441240120836,0.19455978418244094,0.06537764114264427,0.8476691134817995,0.08695324537477375
167,short-period,-0.6472373316853498,1.5393378059497598,0.38759665643076,0.24499322090513706,0.8390854757177059,0.028179506417998802,0.13273501786369002
167,dutch-roll,-0.6347523290696977,1.2224551773431442,0.46082441240120836,0.19455978418244094,0.06537764114264427,0.8476691134817995,0.08695324537477375
167,phugoid,-0.027348901392321635,0.18906582788432671,0.14316275455864516,0.030090761077552097,0.0891748200217415,4.804053424576285e-05,0.9107771394435055
167,spiral,0.0,0.0,,0.0,0.0,0.0,0.9999999999989999
168,roll,-0.5175386406810558,1.2440362119856079,0.3841032327815651,0.19799451252282646,0.07752861855746732,0.8281185699178647,0.0943528115239015
168,short-period,-0.6388056439640287,1.5138160835515793,0.38878548572928323,0.24093131262924747,0.8332113809826975,0.029797576814429655,0.13699104220227035
168,dutch-roll,-0.5175386406810558,1.2440362119856079,0.3841032327815651,0.19799451252282646,0.07752861855746732,0.8281185699178647,0.0943528115239015
168,phugoid,-0.027066221088230504,0.18895990461252063,0.14179072440378193,0.030073902865255693,0.08903929208706987,6.0798910278891526e-05,0.9108999090021442
168,spiral,0.0,0.0,,0.0,0.0,0.0,0.9999999999989999
169,roll,-0.38737352765378613,1.2166494653265447,0.30338698819989884,0.1936357764168311,0.06430547340458562,0.8335497585471795,0.10214476804745919
169,short-period,-0.628534853318502,1.4872393055999686,0.3892818114902064,0.23670148704679295,0.8362278142362551,0.021630529073736592,0.1421416566894022
169,dutch-roll,-0.38737352765378613,1.2166494653265447,0.30338698819989884,0.1936357764168311,0.06430547340458562,0.8335497585471795,0.10214476804745919
169,phugoid,-0.026762054906510437,0.18883527257168456,0.14031953890364077,0.030054067059889,0.08890464366415556,7.328256689686836e-05,0.9110220737684407
169,spiral,0.0,0.0,,0.0,0.0,0.0,0.9999999999989999
170,roll,-0.7826182648744509,1.1297344448525892,0.5694531459793557,0.1798028212794678,0.0036850555696613576,0.9303167339861321,0.06599821044334449
170,short-period,-0.6809507185287917,1.6454134618738214,0.38239493243170797,0.26187568588716653,0.8748048401030961,0.0055939260393800035,0.11960123385690057
170,dutch-roll,-0.7826182648744509,1.1297344448525892,0.5694531459793557,0.1798028212794678,0.0036850555696613576,0.9303167339861321,0.06599821044334449
170,phugoid,-0.028838923379294445,0.18958486033653724,0.15038620514617282,0.03017336765794651,0.08977873796655511,7.95629620822013e-06,0.910213305736729
170,spiral,0.0,0.0,,0.0,0.0,0.0,0.9999999999989999
171,roll,-0.7781316836673035,1.1377835656676605,0.5645100603841495,0.18108387864473027,0.011602530747766257,0.9205903151038808,0.06780715414750059
171,short-period,-0.6807667005315439,1.6442109100068072,0.38254540795022574,0.26168429381320685,0.8712558160070852,0.009208057561396898,0.11953612643089703
171,dutch-roll,-0.7781316836673035,1.1377835656676605,0.5645100603841495,0.18108387864473027,0.011602530747766257,0.9205903151038808,0.06780715414750059
171,phugoid,-0.028810468538839847,0.18958043655849546,0.15024459947839913,0.03017266359180402,0.08976788846484213,1.279148375924035e-05,0.910219320050891
171,spiral,0.0,0.0,,0.0,0.0,0.0,0.9999999999989999
172,roll,-0.7613816987767505,1.1612595927025027,0.5483066003423526,0.1848202043914844,0.023764784713665763,0.9051717982488414,0.07106341703665596
172,short-period,-0.6784255971479761,1.6332554696628325,0.383604593254338,0.2599406813287149,0.8652086875566335,0.01427028201985447,0.12052103042289439
172,dutch-roll,-0.7613816987767505,1.1612595927025027,0.5483066003423526,0.1848202043914844,0.023764784713665763,0.9051717982488414,0.07106341703665596
172,phugoid,-0.028590528534705877,0.1895090637583704,0.1491781426344905,0.030161304257861808,0.08965649034301913,2.4474218884930505e-05,0.9103190354375884
172,spiral,0.0,0.0,,0.0,0.0,0.0,0.9999999999989999
173,roll,-0.7248772230529232,1.200194473242582,0.5169900945995003,0.19101688308813045,0.039428467906248,0.8851413588546606,0.0754301732382745
173,short-period,-0.6749861996016161,1.6199262304231112,0.38462360799990264,0.2578192670160588,0.8574447663173964,0.02070415384379751,0.12185107983819278
173,dutch-roll,-0.7248772230529232,1.200194473242582,0.5169900945995003,0.19101688308813045,0.039428467906248,0.8851413588546606,0.0754301732382745
173,phugoid,-0.028387155970871474,0.18944388423981445,0.1481902147475589,0.03015093061529528,0.08954150320037606,3.4375404971472306e-05,0.9104241213941451
173,spiral,-0.0,0.0,,0.0,0.0,0.0,0.9999999999989999
174,roll,-0.7669040816733386,1.131615911229429,0.5610113787778088,0.18010226595360307,0.010159565834609724,0.9207567640243177,0.0690836701402196
174,short-period,-0.6700346859247489,1.60510714374592,0.3852227744910283,0.25546073611927655,0.8673049624610693,0.008353901040303376,0.12434113649800593
174,dutch-roll,-0.7669040816733386,1.131615911229429,0.5610113787778088,0.18010226595360307,0.010159565834609724,0.9207567640243177,0.0690836701402196
174,phugoid,-0.028152044111245344,0.18934434195415364,0.1470650852558365,0.030135087968485696,0.08954985744537731,1.1854176854220073e-05,0.9104382883772606
174,spiral,0.0,0.0,,0.0,0.0,0.0,0.9999999999989999
175,roll,-0.7486613290461354,1.1470018899241805,0.5465835851556488,0.18255102051717936,0.02256639148581173,0.9040700979354407,0.07336351057791092
175,short-period,-0.6640383694892489,1.5874539687469442,0.3859020804780574,0.2526511460569233,0.8606194113372407,0.01292073829501199,0.12645985036712956
175,dutch-roll,-0.7486613290461354,1.1470018899241805,0.5465835851556488,0.18255102051717936,0.02256639148581173,0.9040700979354407,0.07336351057791092
175,phugoid,-0.027917991390591534,0.18926290031125761,0.14592995845283088,0.030122126128445267,0.08943624837166628,2.064427433818331e-05,0.9105431073534878
175,spiral,0.0,0.0,,0.0,0.0,0.0,0.9999999999989999
176,roll,-0.7142252217172217,1.1761928413418758,0.5190355529822347,0.18719690472886094,0.03839003028699105,0.8827442337423592,0.07886573596983427
176,short-period,-0.656992709214754,1.5671793145559363,0.3866208166064341,0.24942433462294558,0.8521460002412817,0.01887671202059408,0.12897728773751116
176,dutch-roll,-0.7142252217172217,1.1761928413418758,0.5190355529822347,0.18719690472886094,0.03839003028699105,0.8827442337423592,0.07886573596983427
176,phugoid,-0.027662720090186443,0.18916776744926833,0.14469487544057275,0.030106985263209193,0.08931294014233812,3.3196651736254054e-05,0.9106538632054182
176,spiral,-0.0,0.0,,0.0,0.0,0.0,0.9999999999989999
177,roll,-0.6504569845073599,1.2168949456809313,0.4714041124566441,0.19367484582866368,0.059189461856264614,0.8556259272574678,0.08518461088547787
177,short-period,-0.6493038917918306,1.5446758258354594,0.38750643902104653,0.24584279315626897,0.8418406095643919,0.026156484675821,0.13200290575918014
177,dutch-roll,-0.6504569845073599,1.2168949456809313,0.4714041124566441,0.19367484582866368,0.059189461856264614,0.8556259272574678,0.08518461088547787
177,phugoid,-0.027389619188268925,0.18907517632819446,0.14336457810238595,0.030092248928603866,0.08919438603829279,4.292982385466969e-05,0.9107626841373452
177,spiral,0.0,0.0,,0.0,0.0,0.0,0.9999999999989999
178,roll,-0.5443742234201564,1.2445802682514358,0.40073872813601397,0.1980811017668531,0.07450624378564574,0.8332480893055149,0.09224566690806883
178,short-period,-0.6413878452908031,1.5208206309824224,0.3885933389318194,0.2420461209769878,0.8346163820180784,0.02960143815335195,0.1357821798279666
178,dutch-roll,-0.5443742234201564,1.2445802682514358,0.40073872813601397,0.1980811017668531,0.07450624378564574,0.8332480893055149,0.09224566690806883
178,phugoid,-0.02712166622959666,0.1889445297260048,0.1420866531251711,0.030071455876067223,0.08906774579832863,5.510748518439001e-05,0.9108771467159799
178,spiral,0.0,0.0,,0.0,0.0,0.0,0.9999999999989999
179,roll,-0.4182760702692375,1.2286075332590398,0.3222822317006492,0.1955389620381164,0.0657260080317796,0.8349017407803659,0.09937225118707875
179,short-period,-0.6319903906308599,1.4960414194011582,0.3891436763840521,0.23810238696790967,0.836473860618622,0.02302357990535013,0.14050255947542217
179,dutch-roll,-0.4182760702692375,1.2286075332590398,0.3222822317006492,0.1955389620381164,0.0657260080317796,0.8349017407803659,0.09937225118707875
179,phugoid,-0.026836268900968935,0.18884928977601742,0.1406907301536645,0.030056297967246907,0.08895192176134156,6.67174328951507e-05,0.9109813608052563
179,spiral,0.0,0.0,,0.0,0.0,0.0,0.9999999999989999
180,roll,-0.7821897192103808,1.1298397581711883,0.5692065173769397,0.17981958241469628,0.003679133438267932,0.9303593871607166,0.06596147940015328
180,short-period,-0.6806340686868966,1.6430087918676246,0.3827206495451266,0.2614929707691755,0.87457236775225,0.0055402693942802304,0.11988736285284618
180,dutch-roll,-0.7821897192103808,1.1298397581711883,0.5692065173769397,0.17981958241469628,0.003679133438267932,0.9303593871607166,0.06596147940015328
180,phugoid,-0.02875833187518526,0.18957962943764187,0.14997945574330412,0.030172535134530498,0.08975975828137064,7.987787988369432e-06,0.9102322539301333
180,spiral,0.0,0.0,,0.0,0.0,0.0,0.9999999999989999
181,roll,-0.7779522221110489,1.1375781110724004,0.5644908037113855,0.1810511795303137,0.010712189863952934,0.9217019404854941,0.06758586964969954
181,short-period,-0.6804099199118485,1.6417470838789814,0.3828640201962423,0.2612921637060444,0.8713766944640983,0.00880616202105439,0.119817143514226
181,dutch-roll,-0.7779522221110489,1.1375781110724004,0.5644908037113855,0.1810511795303137,0.010712189863952934,0.9217019404854941,0.06758586964969954
181,phugoid,-0.02876200679805882,0.18957814195651798,0.14999934033678028,0.030172298394556877,0.08975878025403437,1.1916126735161552e-05,0.9102293036187227
181,spiral,-0.0,0.0,,0.0,0.0,0.0,0.9999999999989999
182,roll,-0.7627419886505223,1.1588958722424996,0.5497726861320679,0.18444400659618743,0.021773128553824073,0.9076837973074983,0.07054307413783824
182,short-period,-0.6782718504569233,1.6316544865055278,0.38385134480437116,0.259685876945423,0.8658562887864715,0.013407823498398138,0.12073588771451205
182,dutch-roll,-0.7627419886505223,1.1588958722424996,0.5497726861320679,0.18444400659618743,0.021773128553824073,0.9076837973074983,0.07054307413783824
182,phugoid,-0.028572211229776764,0.18949657058042604,0.1490943029262853,0.030159315906837035,0.08964249670381895,2.2024789184670743e-05,0.9103354785064888
182,spiral,0.0,0.0,,0.0,0.0,0.0,0.9999999999989999
183,roll,-0.7300150618958395,1.194506546608439,0.5214702092612905,0.19011162144836255,0.03594705445365384,0.8894070481848194,0.07464589736070557
183,short-period,-0.6750896315069989,1.6194260980985367,0.3847750390531856,0.2577396684844027,0.8587778471167651,0.019240104674174703,0.12198204820844595
183,dutch-roll,-0.7300150618958395,1.194506546608439,0.5214702092612905,0.19011162144836255,0.03594705445365384,0.8894070481848194,0.07464589736070557
183,phugoid,-0.02834559687042874,0.18941343695995652,0.14800128254500589,0.030146084780202188,0.08953219161493148,3.312316578341546e-05,0.9104346852187777
183,spiral,0.0,0.0,,0.0,0.0,0.0,0.9999999999989999
184,roll,-0.7674749002289862,1.1316258717473795,0.5612940404819378,0.18010385121927064,0.009314522393226669,0.921920460680863,0.06876501692505618
184,short-period,-0.6705185748209535,1.6055295750727638,0.38537329941829873,0.2555279681530606,0.8676871093123136,0.008035724777939054,0.12427716590912549
184,dutch-roll,-0.7674749002289862,1.1316258717473795,0.5612940404819378,0.18010385121927064,0.009314522393226669,0.921920460680863,0.06876501692505618
184,phugoid,-0.028142517570616223,0.1893512341526053,0.14701115923097627,0.030136184895938046,0.08955643237162773,9.948956267567863e-06,0.9104336186715968
184,spiral,0.0,0.0,,0.0,0.0,0.0,0.9999999999989999
185,roll,-0.750572387298626,1.1457010071186078,0.5479959611525699,0.1823439785882892,0.02050741330490079,0.9067693083100749,0.07272327838418512
185,short-period,-0.6649430900519405,1.5890988753143611,0.3860091166307256,0.252912941068052,0.8615616700083303,0.012190119364213292,0.12624821062683791
185,dutch-roll,-0.750572387298626,1.1457010071186078,0.5479959611525699,0.1823439785882892,0.02050741330490079,0.9067693083100749,0.07272327838418512
185,phugoid,-0.027925667049230378,0.18927620647331858,0.1459591820401407,0.03012424386991085,0.089445970318836,2.0527226095019394e-05,0.9105335024545612
185,spiral,-0.0,0.0,,0.0,0.0,0.0,0.9999999999989999
186,roll,-0.7195520094617038,1.1729920518548933,0.5228902727879923,0.1866874832602111,0.034953999070896004,0.8871950257360891,0.0778509751921952
186,short-period,-0.6583109288105445,1.570158227137256,0.3866554852993655,0.24989844328530128,0.8537941200842476,0.01760609405826191,0.1285997858568765
186,dutch-roll,-0.7195520094617038,1.1729920518548933,0.5228902727879923,0.1866874832602111,0.034953999070896004,0.8871950257360891,0.0778509751921952
186,phugoid,-0.027703488958727786,0.18918630713995188,0.14488974802053423,0.030109935946624877,0.08932763223484755,3.067441330372256e-05,0.9106416933513412
186,spiral,0.0,0.0,,0.0,0.0,0.0,0.9999999999989999
187,roll,-0.6629133537280378,1.2113986032878616,0.48005187972947266,0.1928000757678811,0.05370956958887335,0.862513831715314,0.08377659869501654
187,short-period,-0.6510480450342127,1.5494024150233383,0.3873837269672152,0.2465950531894846,0.844330085154135,0.024339380073537357,0.13133053477171922
187,dutch-roll,-0.6629133537280378,1.2113986032878616,0.48005187972947266,0.1928000757678811,0.05370956958887335,0.862513831715314,0.08377659869501654
187,phugoid,-0.027453486454656048,0.1890788989663848,0.1436892112630249,0.030092841404873203,0.08922133949845704,3.914683650581014e-05,0.9107395136645298
187,spiral,-0.0,0.0,,0.0,0.0,0.0,0.9999999999989999
188,roll,-0.5674479014597044,1.2427365082874706,0.41535999066034285,0.19778765825471312,0.07044112585473229,0.839235439687729,0.09032343445676314
188,short-period,-0.6435017146083989,1.527050265322819,0.38833028648512036,0.24303759807591696,0.8363456117919134,0.028891828192021716,0.13476256001546083
188,dutch-roll,-0.5674479014597044,1.2427365082874706,0.41535999066034285,0.19778765825471312,0.07044112585473229,0.839235439687729,0.09032343445676314
188,phugoid,-0.027175832703476288,0.18897171137196367,0.14234461526369746,0.030075781969382948,0.08909632450133839,5.083483836635201e-05,0.9108528406597881
188,spiral,0.0,0.0,,0.0,0.0,0.0,0.9999999999989999
189,roll,-0.4468437258020252,1.2368665750997094,0.3397772887619652,0.19685342937226175,0.06640401921684824,0.8365574435572551,0.09703853722512022
189,short-period,-0.634937218096533,1.5037638067669417,0.38897969149072215,0.2393314430896445,0.8367409286268983,0.024165223247316063,0.13909384812518
189,dutch-roll,-0.4468437258020252,1.2368665750997094,0.3397772887619652,0.19685342937226175,0.06640401921684824,0.8365574435572551,0.09703853722512022
189,phugoid,-0.02693078369692075,0.1889210213722025,0.14112383524877076,0.030067714405355633,0.08900227515472321,6.067406675664026e-05,0.910937050778013
189,spiral,0.0,0.0,,0.0,0.0,0.0,0.9999999999989999
190,roll,-0.7817276900313151,1.1300017151470851,0.5689240120138541,0.17984535866797846,0.0037093957367916536,0.9303537001381155,0.06593690412423074
190,short-period,-0.6803106095983856,1.6406931029652962,0.38302618068109234,0.2611244174337069,0.8743541752665112,0.005515563999249958,0.1201302607336154
190,dutch-roll,-0.7817276900313151,1.1300017151470851,0.5689240120138541,0.17984535866797846,0.0037093957367916536,0.9303537001381155,0.06593690412423074
190,phugoid,-0.028740806978162604,0.18956398149414905,0.14990220946625063,0.030170044686974394,0.08973668871193416,8.064813826981241e-06,0.9102552464737311
190,spiral,-0.0,0.0,,0.0,0.0,0.0,0.9999999999989999
191,roll,-0.7778004510984595,1.1369211031823494,0.564637961716483,0.1809466134769617,0.009859893945560444,0.9228047337445925,0.06733537230899247
191,short-period,-0.6801027745255731,1.6396357898573666,0.383137017433319,0.26095614082618407,0.8714681008955063,0.008467011039462765,0.12006488806440928
191,dutch-roll,-0.7778004510984595,1.1369211031823494,0.564637961716483,0.1809466134769617,0.009859893945560444,0.9228047337445925,0.06733537230899247
191,phugoid,-0.028713040273092284,0.1895508292142526,0.14977079576088323,0.030167951436615943,0.08973397352020328,1.0650186399413563e-05,0.9102553762928896
191,spiral,0.0,0.0,,0.0,0.0,0.0,0.9999999999989999
192,roll,-0.763725916741889,1.1569176907701388,0.5509227237533508,0.18412916923652842,0.020112767311407913,0.909642704747284,0.07024452794046686
192,short-period,-0.6781517364982693,1.6302351944846563,0.3840782436511453,0.2594599896046104,0.8663871046179779,0.01266831836500435,0.12094457701639884
192,dutch-roll,-0.763725916741889,1.1569176907701388,0.5509227237533508,0.18412916923652842,0.020112767311407913,0.909642704747284,0.07024452794046686
192,phugoid,-0.028515168755440832,0.18948064737068496,0.14881547150045965,0.030156781649296853,0.08963503958746376,2.1297250970413044e-05,0.9103436631610583
192,spiral,0.0,0.0,,0.0,0.0,0.0,0.9999999999989999
193,roll,-0.734322257007251,1.1899912450161274,0.5251447950087713,0.18939298888039544,0.0330789896421306,0.8928334521881784,0.07408755816886653
193,short-period,-0.6751722100727364,1.6187358392941602,0.3849549160667691,0.2576298103836735,0.859891590895181,0.01801429062871557,0.1220941184754883
193,dutch-roll,-0.734322257007251,1.1899912450161274,0.5251447950087713,0.18939298888039544,0.0330789896421306,0.8928334521881784,0.07408755816886653
193,phugoid,-0.028328044863811856,0.18941944428303847,0.14790705528232093,0.03014704087536543,0.08953558406472471,3.120325309473127e-05,0.9104332126816732
193,spiral,0.0,0.0,,0.0,0.0,0.0,0.9999999999989999
194,roll,-0.7681948871230766,1.1316593912222481,0.5616431615456416,0.18010918600938583,0.00859265770932531,0.9229093174333233,0.06849802485649621
194,short-period,-0.670914350426954,1.6058053284007485,0.3855105900899736,0.25557185565828344,0.8679905505277207,0.007788348568335095,0.12422110090332228
194,dutch-roll,-0.7681948871230766,1.1316593912222481,0.5616431615456416,0.18010918600938583,0.00859265770932531,0.9229093174333233,0.06849802485649621
194,phugoid,-0.028115706731720834,0.18932639621927888,0.1468929800117027,0.030132231816072958,0.08955424548041901,9.146358041570262e-06,0.9104366081610316
194,spiral,0.0,0.0,,0.0,0.0,0.0,0.9999999999989999
195,roll,-0.7523472838640015,1.1446427442663183,0.5492561399992965,0.1821755508242568,0.01885430155228056,0.9089635459390952,0.0721821525077828
195,short-period,-0.6656906290413819,1.590318266614227,0.38612624568132586,0.25310701322098894,0.8623296215421362,0.011580705776987544,0.1260896726802573
195,dutch-roll,-0.7523472838640015,1.1446427442663183,0.5492561399992965,0.1821755508242568,0.01885430155228056,0.9089635459390952,0.0721821525077828
195,phugoid,-0.027930645683004518,0.18927524499275347,0.14598537513497553,0.030124090845526228,0.08945281536299432,1.8057149207875347e-05,0.9105291274872901
195,spiral,0.0,0.0,,0.0,0.0,0.0,0.9999999999989999
196,roll,-0.7241096638621015,1.1698407409732086,0.5263139101926556,0.1861859365561717,0.031954712688125886,0.8909961588091386,0.07704912850191195
196,short-period,-0.6595196529762796,1.5728532323819162,0.3866947828215972,0.2503273666916475,0.8552129212695485,0.016529998693948285,0.12825708003588823
196,dutch-roll,-0.7241096638621015,1.1698407409732086,0.5263139101926556,0.1861859365561717,0.031954712688125886,0.8909961588091386,0.07704912850191195
196,phugoid,-0.02770035440311898,0.18918554382876096,0.14487427059304658,0.030109814461875724,0.08934645801019989,2.8584248408347985e-05,0.9106249577408841
196,spiral,0.0,0.0,,0.0,0.0,0.0,0.9999999999989999
197,roll,-0.6733402063143288,1.2062027268338524,0.4874273017496494,0.19197312634653077,0.04896469248162753,0.8685723464025376,0.08246296111503319
197,short-period,-0.6526287679350684,1.5534228902976082,0.38732891888501414,0.2472349317029634,0.8464552870937173,0.022733457020372275,0.13081125588530065
197,dutch-roll,-0.6733402063143288,1.2062027268338524,0.4874273017496494,0.19197312634653077,0.04896469248162753,0.8685723464025376,0.08246296111503319
197,phugoid,-0.027460910914291932,0.18908031253132457,0.14372621531934648,0.030093066380720748,0.08923416811459173,3.6686348339644334e-05,0.9107291455365613
197,spiral,-0.0,0.0,,0.0,0.0,0.0,0.9999999999989999
198,roll,-0.5871967491327993,1.2400837866991998,0.4279605267165408,0.19736546450129322,0.06628413979001674,0.8450012870090576,0.08871457320014503
198,short-period,-0.6454296832182781,1.5322195886089118,0.38820239113612487,0.24386032142933867,0.8381437979512754,0.02794290798395206,0.1339132940641675
198,dutch-roll,-0.5871967491327993,1.2400837866991998,0.4279605267165408,0.19736546450129322,0.06628413979001674,0.8450012870090576,0.08871457320014503
198,phugoid,-0.02726147067097577,0.1890295669089768,0.14274123765163949,0.030084989964083823,0.08914026258115218,4.696296184904396e-05,0.9108127744564914
198,spiral,0.0,0.0,,0.0,0.0,0.0,0.9999999999989999
199,roll,-0.4726785457984858,1.2423880012225836,0.35559315929634067,0.1977321916326339,0.06638825875611958,0.838599020196652,0.09501272104645092
199,short-period,-0.6374857001984355,1.5105406481679793,0.388817707238545,0.24041001089716946,0.8371021913330149,0.02505097523784914,0.1378468334285304
199,dutch-roll,-0.4726785457984858,1.2423880012225836,0.35559315929634067,0.1977321916326339,0.06638825875611958,0.838599020196652,0.09501272104645092
199,phugoid,-0.026996127537966985,0.18891385471163394,0.14146466793694684,0.030066573795900685,0.08902583270068258,5.752081515694333e-05,0.9109166464836534
199,spiral,0.0,0.0,,0.0,0.0,0.0,0.9999999999989999
200,roll,-0.7855166510528521,1.1077484676243905,0.5784396960400067,0.17630364432489415,0.02035399683485814,0.9027823877162413,0.07686361544806727
200,short-period,-0.678600719158347,1.715494584243692,0.36783792467871007,0.27302944292975945,0.8700175084757241,0.01678104942394829,0.11320144209972162
200,dutch-roll,-0.7855166510528521,1.1077484676243905,0.5784396960400067,0.17630364432489415,0.02035399683485814,0.9027823877162413,0.07686361544806727
200,phugoid,-0.03198937997292654,0.19046991045335102,0.16563005249893045,0.030314227758921484,0.09071909805455076,3.1192877916668726e-05,0.9092497090670263
200,spiral,0.0,0.0,,0.0,0.0,0.0,0.9999999999989999
201,roll,-0.777227810993612,1.1073764077903494,0.5744859506611021,0.17624442916318056,0.017780615365940094,0.9055988714867312,0.07662051314649218
201,short-period,-0.6724036031765267,1.692142982727576,0.3692811905896101,0.2693129201193574,0.8700864846163284,0.014219919204321982,0.1156935961787403
201,dutch-roll,-0.777227810993612,1.1073764077903494,0.5744859506611021,0.17624442916318056,0.017780615365940094,0.9055988714867312,0.07662051314649218
201,phugoid,-0.03123652877685064,0.1903424870045754,0.16194083485074756,0.030293947687183027,0.09054396163463768,2.5403275602215038e-05,0.9094306350892534
201,spiral,0.0,0.0,,0.0,0.0,0.0,0.9999999999989999
202,roll,-0.774787287546361,1.108762615742305,0.57279404036183,0.17646505101088755,0.015662679631910544,0.9086648543704184,0.07567246599683126
202,short-period,-0.6708894691208539,1.680790987236214,0.370710860465723,0.2675061939229502,0.8706140081013012,0.012528987149437402,0.11685700474864974
202,dutch-roll,-0.774787287546361,1.108762615742305,0.57279404036183,0.17646505101088755,0.015662679631910544,0.9086648543704184,0.07567246599683126
202,phugoid,-0.030802734547756075,0.1902694178777458,0.15980946601136817,0.030282318374460684,0.09043450072409831,2.313263189527637e-05,0.9095423666434994
202,spiral,0.0,0.0,,0.0,0.0,0.0,0.9999999999989999
203,roll,-0.7744146984179365,1.1107230132632064,0.5719290580887504,0.17677705796676413,0.014000211017867746,0.9113982636170516,0.07460152536423796
203,short-period,-0.6711053952975305,1.6750867067857689,0.3719021284902362,0.2665983294924794,0.8712895218973042,0.011323262821731642,0.11738721528035075
203,dutch-roll,-0.7744146984179365,1.1107230132632064,0.5719290580887504,0.17677705796676413,0.014000211017867746,0.9113982636170516,0.07460152536423796
203,phugoid,-0.030503863247077316,0.19021318929515468,0.15834353605529766,0.03027336931759826,0.09036414776920577,1.9589264173529042e-05,0.9096162629661136
203,spiral,-0.0,0.0,,0.0,0.0,0.0,0.9999999999989999
204,roll,-0.7741029113753832,1.1122046018538672,0.5712610870539703,0.17701286011459635,0.012540877160832319,0.9136972874364737,0.07376183540184904
204,short-period,-0.671396450015644,1.6701345205196376,0.37299097615221555,0.26581016456911283,0.8717311872403201,0.010391561507418623,0.1178772512516467
204,dutch-roll,-0.7741029113753832,1.1122046018538672,0.5712610870539703,0.17701286011459635,0.012540877160832319,0.9136972874364737,0.07376183540184904
204,phugoid,-0.030262712407946007,0.19013859552062193,0.15718288051220514,0.03026149734965749,0.09028635471988289,1.800895371911626e-05,0.9096956363258908
204,spiral,0.0,0.0,,0.0,0.0,0.0,0.9999999999989999
205,roll,-0.7740939022062533,1.1137338991719106,0.5707278243816258,0.17725625534222014,0.011441068379899277,0.915539982734359,0.07301894888489484
205,short-period,-0.6715534712627576,1.665760028153537,0.3739089687114711,0.26511394248553016,0.8720629784349403,0.009676769140729768,0.11826025242371409
205,dutch-roll,-0.7740939022062533,1.1137338991719106,0.5707278243816258,0.17725625534222014,0.011441068379899277,0.915539982734359,0.07301894888489484
205,phugoid,-0.030080419937841635,0.19007179063251153,0.1563128291129054,0.03025086502149202,0.0902320785238766,1.4503968952535937e-05,0.9097534175066635
205,spiral,0.0,0.0,,0.0,0.0,0.0,0.9999999999989999
206,roll,-0.7736666457785031,1.1148772663719067,0.5701205145085266,0.17743822788386865,0.010443480954344057,0.9170186785648163,0.0725378404799911
206,short-period,-0.671801173117166,1.662121785018471,0.3747314493855847,0.2645348981064143,0.8723019665175868,0.009101252157608136,0.11859678132418813
206,dutch-roll,-0.7736666457785031,1.1148772663719067,0.5701205145085266,0.17743822788386865,0.010443480954344057,0.9170186785648163,0.0725378404799911
206,phugoid,-0.02992379015551475,0.1900424999095535,0.15554202855082208,0.03024620325814651,0.0901929049496739,1.3246013111595334e-05,0.9097938490367071
206,spiral,0.0,0.0,,0.0,0.0,0.0,0.9999999999989999
207,roll,-0.7739607459796931,1.1160361663427945,0.569866972677635,0.1776226725427845,0.009637745698180131,0.9185112956187672,0.07185095868220272
207,short-period,-0.6719548263620773,1.6587760178224815,0.3754546276704856,0.2640024027187378,0.8724206075813358,0.008638361145625703,0.11894103127242113
207,dutch-roll,-0.7739607459796931,1.1160361663427945,0.569866972677635,0.1776226725427845,0.009637745698180131,0.9185112956187672,0.07185095868220272
207,phugoid,-0.029780372263375276,0.18998783116072546,0.15485793987192464,0.03023750245653788,0.09014145908255887,1.3096642995852617e-05,0.9098454442739378
207,spiral,0.0,0.0,,0.0,0.0,0.0,0.9999999999989999
208,roll,-0.773834222843431,1.1171020013439967,0.5694367489994209,0.17779230545174618,0.008946488143972222,0.9195442754004474,0.07150923645472944
208,short-period,-0.6721025203124051,1.6557996609151333,0.3761051238602475,0.26352870080452767,0.8725525620658885,0.00825450122642545,0.11919293670706795
208,dutch-roll,-0.773834222843431,1.1171020013439967,0.5694367489994209,0.17779230545174618,0.008946488143972222,0.9195442754004474,0.07150923645472944
208,phugoid,-0.029649839232801505,0.18993400911409172,0.15423799675870503,0.0302289364117688,0.09010359035255272,1.1097213302400652e-05,0.9098853124336373
208,spiral,0.0,0.0,,0.0,0.0,0.0,0.9999999999989999
209,roll,-0.7738564217886754,1.11809182900866,0.5691069903903246,0.17794984141738648,0.008349112309979572,0.9206444710763105,0.07100641661285775
209,short-period,-0.6722870453839916,1.6531836326169909,0.3767046483720979,0.26311234696961,0.8725978371734215,0.007942246188574024,0.11945991663738582
209,dutch-roll,-0.7738564217886754,1.11809182900866,0.5691069903903246,0.17794984141738648,0.008349112309979572,0.9206444710763105,0.07100641661285775
209,phugoid,-0.029541326669807782,0.18990788843030462,0.15370751217212145,0.03022477917582714,0.09007144516265096,1.0860403399122055e-05,0.9099176944334423
209,spiral,-0.0,0.0,,0.0,0.0,0.0,0.9999999999989999
