sigma_fcs span_loc fcs_loc wing_frac nacelle_frac AoA Mach Beta h n W Re1 Re2 Re3 Re4 Re5 Re6 Re7 Re8 Im1 Im2 Im3 Im4 Im5 Im6 Im7 Im8
1500.000000 -1.000000 0.010000 0.000000 0.200000 28.961830 0.200000 0.000000 0.000000 1.000000 626510.438463 -18.830038 -1.290803 -1.290803 -0.635292 -0.635292 -0.075161 -0.048093 -0.048093 0.000000 1.030423 -1.030423 1.891856 -1.891856 0.000000 0.184550 -0.184550
1500.000000 -1.000000 0.010000 0.000000 0.200000 14.098950 0.500000 0.000000 3048.000000 2.500000 626510.438463 -33.438671 -0.862634 -0.862634 -0.935108 -0.935108 -0.050590 -0.016273 -0.016273 0.000000 1.485224 -1.485224 2.721289 -2.721289 0.000000 0.128794 -0.128794
1500.000000 -1.000000 0.010000 0.000000 0.200000 6.810680 0.700000 0.000000 10668.000000 1.000000 626510.438463 -49.504556 -0.790730 -0.790730 -1.123887 -1.123887 -0.023586 -0.004246 -0.004246 0.000000 2.199400 -2.199400 4.450979 -4.450979 0.000000 0.659311 -0.659311
1500.000000 -1.000000 0.010000 0.000000 0.200000 4.802070 0.700000 0.000000 10668.000000 1.000000 468940.622865 -49.979682 -0.687303 -0.687303 -1.195001 -1.195001 -0.022735 -0.003061 -0.003061 0.000000 2.165019 -2.165019 4.417627 -4.417627 0.000000 0.658419 -0.658419
1500.000000 -1.000000 0.010000 0.000000 0.200000 10.166450 0.500000 0.000000 3048.000000 2.500000 468940.622865 -34.412818 -0.698400 -0.698400 -1.013029 -1.013029 -0.049410 -0.011808 -0.011808 0.000000 1.433884 -1.433884 2.673060 -2.673060 0.000000 0.128940 -0.128940
1500.000000 -1.000000 0.010000 0.000000 0.200000 20.550300 0.200000 0.000000 0.000000 1.000000 468940.622865 -21.414588 -0.841735 -0.841735 -0.721992 -0.721992 -0.075971 -0.034992 -0.034992 0.000000 1.087431 -1.087431 1.823564 -1.823564 0.000000 0.190602 -0.190602

sigma_fcs span_loc fcs_loc wing_frac nacelle_frac AoA Mach Beta h n W Re1 Re2 Re3 Re4 Re5 Re6 Re7 Re8 Im1 Im2 Im3 Im4 Im5 Im6 Im7 Im8
1500.000000 -1.000000 0.118889 0.000000 0.200000 28.227440 0.200000 0.000000 0.000000 1.000000 626510.438463 -19.066601 -1.271339 -1.271339 -0.639741 -0.639741 -0.076233 -0.046603 -0.046603 0.000000 1.074074 -1.074074 1.886406 -1.886406 0.000000 0.185088 -0.185088
1500.000000 -1.000000 0.118889 0.000000 0.200000 13.771730 0.500000 0.000000 3048.000000 2.500000 626510.438463 -33.529752 -0.873491 -0.873491 -0.945813 -0.945813 -0.051610 -0.015687 -0.015687 0.000000 1.517242 -1.517242 2.723020 -2.723020 0.000000 0.128703 -0.128703
1500.000000 -1.000000 0.118889 0.000000 0.200000 6.646580 0.700000 0.000000 10668.000000 1.000000 626510.438463 -49.561505 -0.822640 -0.822640 -1.163499 -1.163499 -0.024113 -0.004077 -0.004077 0.000000 2.278437 -2.278437 4.512087 -4.512087 0.000000 0.658925 -0.658925
1500.000000 -1.000000 0.118889 0.000000 0.200000 4.680080 0.700000 0.000000 10668.000000 1.000000 468940.622865 -50.021682 -0.720823 -0.720823 -1.234255 -1.234255 -0.023281 -0.002930 -0.002930 0.000000 2.241229 -2.241229 4.477781 -4.477781 0.000000 0.657807 -0.657807
1500.000000 -1.000000 0.118889 0.000000 0.200000 9.928870 0.500000 0.000000 3048.000000 2.500000 468940.622865 -34.469820 -0.712436 -0.712436 -1.023308 -1.023308 -0.050546 -0.011345 -0.011345 0.000000 1.462199 -1.462199 2.674380 -2.674380 0.000000 0.128728 -0.128728
1500.000000 -1.000000 0.118889 0.000000 0.200000 20.061960 0.200000 0.000000 0.000000 1.000000 468940.622865 -21.533378 -0.839628 -0.839628 -0.725224 -0.725224 -0.077448 -0.033747 -0.033747 0.000000 1.108138 -1.108138 1.817918 -1.817918 0.000000 0.190543 -0.190543

sigma_fcs span_loc fcs_loc wing_frac nacelle_frac AoA Mach Beta h n W Re1 Re2 Re3 Re4 Re5 Re6 Re7 Re8 Im1 Im2 Im3 Im4 Im5 Im6 Im7 Im8
1500.000000 -1.000000 0.227778 0.000000 0.200000 27.421790 0.200000 0.000000 0.000000 1.000000 626510.438463 -19.329774 -1.239777 -1.239777 -0.634987 -0.634987 -0.077333 -0.044958 -0.044958 0.000000 1.110046 -1.110046 1.857503 -1.857503 0.000000 0.185628 -0.185628
1500.000000 -1.000000 0.227778 0.000000 0.200000 13.407350 0.500000 0.000000 3048.000000 2.500000 626510.438463 -33.632243 -0.874711 -0.874711 -0.941924 -0.941924 -0.052735 -0.015047 -0.015047 0.000000 1.538322 -1.538322 2.687299 -2.687299 0.000000 0.128568 -0.128568
1500.000000 -1.000000 0.227778 0.000000 0.200000 6.463000 0.700000 0.000000 10668.000000 1.000000 626510.438463 -49.624390 -0.845399 -0.845399 -1.182537 -1.182537 -0.024719 -0.003896 -0.003896 0.000000 2.337758 -2.337758 4.502370 -4.502370 0.000000 0.658393 -0.658393
1500.000000 -1.000000 0.227778 0.000000 0.200000 4.543500 0.700000 0.000000 10668.000000 1.000000 468940.622865 -50.067612 -0.745817 -0.745817 -1.253097 -1.253097 -0.023910 -0.002789 -0.002789 0.000000 2.297940 -2.297940 4.467224 -4.467224 0.000000 0.656988 -0.656988
1500.000000 -1.000000 0.227778 0.000000 0.200000 9.663500 0.500000 0.000000 3048.000000 2.500000 468940.622865 -34.533652 -0.718120 -0.718120 -1.019082 -1.019082 -0.051806 -0.010830 -0.010830 0.000000 1.479951 -1.479951 2.638486 -2.638486 0.000000 0.128443 -0.128443
1500.000000 -1.000000 0.227778 0.000000 0.200000 19.521130 0.200000 0.000000 0.000000 1.000000 468940.622865 -21.666741 -0.829014 -0.829014 -0.719066 -0.719066 -0.078977 -0.032345 -0.032345 0.000000 1.122420 -1.122420 1.789168 -1.789168 0.000000 0.190413 -0.190413

sigma_fcs span_loc fcs_loc wing_frac nacelle_frac AoA Mach Beta h n W Re1 Re2 Re3 Re4 Re5 Re6 Re7 Re8 Im1 Im2 Im3 Im4 Im5 Im6 Im7 Im8
1500.000000 -1.000000 0.336667 0.000000 0.200000 26.654960 0.200000 0.000000 0.000000 1.000000 626510.438463 -19.581339 -1.201885 -1.201885 -0.623045 -0.623045 -0.078349 -0.043382 -0.043382 0.000000 1.134226 -1.134226 1.810022 -1.810022 0.000000 0.186077 -0.186077
1500.000000 -1.000000 0.336667 0.000000 0.200000 13.055410 0.500000 0.000000 3048.000000 2.500000 626510.438463 -33.731501 -0.866556 -0.866556 -0.925814 -0.925814 -0.053839 -0.014441 -0.014441 0.000000 1.546393 -1.546393 2.619818 -2.619818 0.000000 0.128392 -0.128392
1500.000000 -1.000000 0.336667 0.000000 0.200000 6.284900 0.700000 0.000000 10668.000000 1.000000 626510.438463 -49.683953 -0.854703 -0.854703 -1.178694 -1.178694 -0.025333 -0.003730 -0.003730 0.000000 2.368763 -2.368763 4.421161 -4.421161 0.000000 0.657745 -0.657745
1500.000000 -1.000000 0.336667 0.000000 0.200000 4.410880 0.700000 0.000000 10668.000000 1.000000 468940.622865 -50.110570 -0.757678 -0.757678 -1.249260 -1.249260 -0.024550 -0.002659 -0.002659 0.000000 2.326893 -2.326893 4.385375 -4.385375 0.000000 0.656013 -0.656013
1500.000000 -1.000000 0.336667 0.000000 0.200000 9.406450 0.500000 0.000000 3048.000000 2.500000 468940.622865 -34.595190 -0.714981 -0.714981 -1.002793 -1.002793 -0.053046 -0.010334 -0.010334 0.000000 1.485452 -1.485452 2.571023 -2.571023 0.000000 0.128103 -0.128103
1500.000000 -1.000000 0.336667 0.000000 0.200000 19.001500 0.200000 0.000000 0.000000 1.000000 468940.622865 -21.795507 -0.812133 -0.812133 -0.705835 -0.705835 -0.080392 -0.030974 -0.030974 0.000000 1.128925 -1.128925 1.742030 -1.742030 0.000000 0.190198 -0.190198

sigma_fcs span_loc fcs_loc wing_frac nacelle_frac AoA Mach Beta h n W Re1 Re2 Re3 Re4 Re5 Re6 Re7 Re8 Im1 Im2 Im3 Im4 Im5 Im6 Im7 Im8
1500.000000 -1.000000 0.445556 0.000000 0.200000 25.897320 0.200000 0.000000 0.000000 1.000000 626510.438463 -19.830265 -1.156596 -1.156596 -0.604222 -0.604222 -0.079312 -0.041805 -0.041805 0.000000 1.147795 -1.147795 1.742585 -1.742585 0.000000 0.186444 -0.186444
1500.000000 -1.000000 0.445556 0.000000 0.200000 12.702950 0.500000 0.000000 3048.000000 2.500000 626510.438463 -33.830590 -0.848310 -0.848310 -0.897728 -0.897728 -0.054962 -0.013840 -0.013840 0.000000 1.541280 -1.541280 2.518121 -2.518121 0.000000 0.128156 -0.128156
1500.000000 -1.000000 0.445556 0.000000 0.200000 6.105810 0.700000 0.000000 10668.000000 1.000000 626510.438463 -49.740928 -0.848178 -0.848178 -1.150420 -1.150420 -0.025981 -0.003572 -0.003572 0.000000 2.368955 -2.368955 4.261209 -4.261209 0.000000 0.656917 -0.656917
1500.000000 -1.000000 0.445556 0.000000 0.200000 4.277440 0.700000 0.000000 10668.000000 1.000000 468940.622865 -50.150687 -0.754157 -0.754157 -1.221213 -1.221213 -0.025226 -0.002532 -0.002532 0.000000 2.325604 -2.325604 4.224971 -4.224971 0.000000 0.654790 -0.654790
1500.000000 -1.000000 0.445556 0.000000 0.200000 9.148330 0.500000 0.000000 3048.000000 2.500000 468940.622865 -34.656151 -0.702438 -0.702438 -0.974691 -0.974691 -0.054313 -0.009831 -0.009831 0.000000 1.478468 -1.478468 2.469495 -2.469495 0.000000 0.127677 -0.127677
1500.000000 -1.000000 0.445556 0.000000 0.200000 18.483610 0.200000 0.000000 0.000000 1.000000 468940.622865 -21.924001 -0.788491 -0.788491 -0.685846 -0.685846 -0.081739 -0.029566 -0.029566 0.000000 1.127808 -1.127808 1.675076 -1.675076 0.000000 0.189867 -0.189867

sigma_fcs span_loc fcs_loc wing_frac nacelle_frac AoA Mach Beta h n W Re1 Re2 Re3 Re4 Re5 Re6 Re7 Re8 Im1 Im2 Im3 Im4 Im5 Im6 Im7 Im8
1500.000000 -1.000000 0.554444 0.000000 0.200000 25.150030 0.200000 0.000000 0.000000 1.000000 626510.438463 -20.075342 -1.104102 -1.104102 -0.579046 -0.579046 -0.080193 -0.040213 -0.040213 0.000000 1.150195 -1.150195 1.654706 -1.654706 0.000000 0.186710 -0.186710
1500.000000 -1.000000 0.554444 0.000000 0.200000 12.350860 0.500000 0.000000 3048.000000 2.500000 626510.438463 -33.928542 -0.819420 -0.819420 -0.858298 -0.858298 -0.056093 -0.013238 -0.013238 0.000000 1.521792 -1.521792 2.381096 -2.381096 0.000000 0.127837 -0.127837
1500.000000 -1.000000 0.554444 0.000000 0.200000 5.926270 0.700000 0.000000 10668.000000 1.000000 626510.438463 -49.793503 -0.823367 -0.823367 -1.096958 -1.096958 -0.026662 -0.003419 -0.003419 0.000000 2.333881 -2.333881 4.017751 -4.017751 0.000000 0.655839 -0.655839
1500.000000 -1.000000 0.554444 0.000000 0.200000 4.143580 0.700000 0.000000 10668.000000 1.000000 468940.622865 -50.186231 -0.732800 -0.732800 -1.168200 -1.168200 -0.025938 -0.002409 -0.002409 0.000000 2.289760 -2.289760 3.981256 -3.981256 0.000000 0.653224 -0.653224
1500.000000 -1.000000 0.554444 0.000000 0.200000 8.889880 0.500000 0.000000 3048.000000 2.500000 468940.622865 -34.715730 -0.679883 -0.679883 -0.935410 -0.935410 -0.055596 -0.009314 -0.009314 0.000000 1.457915 -1.457915 2.332748 -2.332748 0.000000 0.127132 -0.127132
1500.000000 -1.000000 0.554444 0.000000 0.200000 17.968580 0.200000 0.000000 0.000000 1.000000 468940.622865 -22.051386 -0.758049 -0.758049 -0.659674 -0.659674 -0.082985 -0.028095 -0.028095 0.000000 1.118488 -1.118488 1.587766 -1.587766 0.000000 0.189378 -0.189378

sigma_fcs span_loc fcs_loc wing_frac nacelle_frac AoA Mach Beta h n W Re1 Re2 Re3 Re4 Re5 Re6 Re7 Re8 Im1 Im2 Im3 Im4 Im5 Im6 Im7 Im8
1500.000000 -1.000000 0.663333 0.000000 0.200000 24.413980 0.200000 0.000000 0.000000 1.000000 626510.438463 -20.314813 -1.045692 -1.045692 -0.548889 -0.548889 -0.080968 -0.038579 -0.038579 0.000000 1.141610 -1.141610 1.547388 -1.547388 0.000000 0.186844 -0.186844
1500.000000 -1.000000 0.663333 0.000000 0.200000 11.999970 0.500000 0.000000 3048.000000 2.500000 626510.438463 -34.024308 -0.780892 -0.780892 -0.809858 -0.809858 -0.057222 -0.012622 -0.012622 0.000000 1.488168 -1.488168 2.210615 -2.210615 0.000000 0.127402 -0.127402
1500.000000 -1.000000 0.663333 0.000000 0.200000 5.746760 0.700000 0.000000 10668.000000 1.000000 626510.438463 -49.840553 -0.781394 -0.781394 -1.022674 -1.022674 -0.027375 -0.003272 -0.003272 0.000000 2.264093 -2.264093 3.696751 -3.696751 0.000000 0.654397 -0.654397
1500.000000 -1.000000 0.663333 0.000000 0.200000 4.009680 0.700000 0.000000 10668.000000 1.000000 468940.622865 -50.216238 -0.694644 -0.694644 -1.094548 -1.094548 -0.026686 -0.002287 -0.002287 0.000000 2.219957 -2.219957 3.660119 -3.660119 0.000000 0.651158 -0.651158
1500.000000 -1.000000 0.663333 0.000000 0.200000 8.631760 0.500000 0.000000 3048.000000 2.500000 468940.622865 -34.773199 -0.648152 -0.648152 -0.887273 -0.887273 -0.056884 -0.008766 -0.008766 0.000000 1.424074 -1.424074 2.162551 -2.162551 0.000000 0.126418 -0.126418
1500.000000 -1.000000 0.663333 0.000000 0.200000 17.457400 0.200000 0.000000 0.000000 1.000000 468940.622865 -22.176613 -0.721672 -0.721672 -0.628731 -0.628731 -0.084098 -0.026521 -0.026521 0.000000 1.101072 -1.101072 1.480995 -1.480995 0.000000 0.188668 -0.188668

sigma_fcs span_loc fcs_loc wing_frac nacelle_frac AoA Mach Beta h n W Re1 Re2 Re3 Re4 Re5 Re6 Re7 Re8 Im1 Im2 Im3 Im4 Im5 Im6 Im7 Im8
1500.000000 -1.000000 0.772222 0.000000 0.200000 23.689690 0.200000 0.000000 0.000000 1.000000 626510.438463 -20.546773 -0.983480 -0.983480 -0.515716 -0.515716 -0.081611 -0.036857 -0.036857 0.000000 1.123057 -1.123057 1.422834 -1.422834 0.000000 0.186796 -0.186796
1500.000000 -1.000000 0.772222 0.000000 0.200000 11.650930 0.500000 0.000000 3048.000000 2.500000 626510.438463 -34.116975 -0.735071 -0.735071 -0.755942 -0.755942 -0.058338 -0.011973 -0.011973 0.000000 1.442087 -1.442087 2.010929 -2.010929 0.000000 0.126793 -0.126793
1500.000000 -1.000000 0.772222 0.000000 0.200000 5.567690 0.700000 0.000000 10668.000000 1.000000 626510.438463 -49.881999 -0.726709 -0.726709 -0.935806 -0.935806 -0.028121 -0.003126 -0.003126 0.000000 2.165180 -2.165180 3.313017 -3.313017 0.000000 0.652400 -0.652400
1500.000000 -1.000000 0.772222 0.000000 0.200000 3.876060 0.700000 0.000000 10668.000000 1.000000 468940.622865 -50.240830 -0.643973 -0.643973 -1.008420 -1.008420 -0.027471 -0.002161 -0.002161 0.000000 2.121722 -2.121722 3.276203 -3.276203 0.000000 0.648328 -0.648328
1500.000000 -1.000000 0.772222 0.000000 0.200000 8.374510 0.500000 0.000000 3048.000000 2.500000 468940.622865 -34.828057 -0.609352 -0.609352 -0.833777 -0.833777 -0.058166 -0.008167 -0.008167 0.000000 1.378585 -1.378585 1.962978 -1.962978 0.000000 0.125452 -0.125452
1500.000000 -1.000000 0.772222 0.000000 0.200000 16.950800 0.200000 0.000000 0.000000 1.000000 468940.622865 -22.298622 -0.680963 -0.680963 -0.595007 -0.595007 -0.085047 -0.024780 -0.024780 0.000000 1.076388 -1.076388 1.356796 -1.356796 0.000000 0.187629 -0.187629

sigma_fcs span_loc fcs_loc wing_frac nacelle_frac AoA Mach Beta h n W Re1 Re2 Re3 Re4 Re5 Re6 Re7 Re8 Im1 Im2 Im3 Im4 Im5 Im6 Im7 Im8
1500.000000 -1.000000 0.881111 0.000000 0.200000 22.978470 0.200000 0.000000 0.000000 1.000000 626510.438463 -20.769213 -0.920042 -0.920042 -0.481785 -0.481785 -0.082100 -0.034971 -0.034971 0.000000 1.096354 -1.096354 1.284104 -1.284104 0.000000 0.186478 -0.186478
1500.000000 -1.000000 0.881111 0.000000 0.200000 11.304800 0.500000 0.000000 3048.000000 2.500000 626510.438463 -34.205796 -0.685122 -0.685122 -0.700565 -0.700565 -0.059430 -0.011256 -0.011256 0.000000 1.386465 -1.386465 1.787711 -1.787711 0.000000 0.125911 -0.125911
1500.000000 -1.000000 0.881111 0.000000 0.200000 5.389680 0.700000 0.000000 10668.000000 1.000000 626510.438463 -49.918637 -0.665508 -0.665508 -0.845819 -0.845819 -0.028898 -0.002975 -0.002975 0.000000 2.046287 -2.046287 2.885585 -2.885585 0.000000 0.649498 -0.649498
1500.000000 -1.000000 0.881111 0.000000 0.200000 3.743180 0.700000 0.000000 10668.000000 1.000000 468940.622865 -50.261016 -0.586801 -0.586801 -0.919197 -0.919197 -0.028291 -0.002026 -0.002026 0.000000 2.004042 -2.004042 2.848250 -2.848250 0.000000 0.644246 -0.644246
1500.000000 -1.000000 0.881111 0.000000 0.200000 8.118990 0.500000 0.000000 3048.000000 2.500000 468940.622865 -34.880023 -0.566383 -0.566383 -0.778893 -0.778893 -0.059432 -0.007480 -0.007480 0.000000 1.324234 -1.324234 1.739430 -1.739430 0.000000 0.124088 -0.124088
1500.000000 -1.000000 0.881111 0.000000 0.200000 16.450110 0.200000 0.000000 0.000000 1.000000 468940.622865 -22.416339 -0.637985 -0.637985 -0.560766 -0.560766 -0.085808 -0.022778 -0.022778 0.000000 1.045922 -1.045922 1.217986 -1.217986 0.000000 0.186077 -0.186077

sigma_fcs span_loc fcs_loc wing_frac nacelle_frac AoA Mach Beta h n W Re1 Re2 Re3 Re4 Re5 Re6 Re7 Re8 Im1 Im2 Im3 Im4 Im5 Im6 Im7 Im8
1500.000000 -1.000000 0.990000 0.000000 0.200000 22.280910 0.200000 0.000000 0.000000 1.000000 626510.438463 -20.980854 -0.857728 -0.857728 -0.449157 -0.449157 -0.082418 -0.032788 -0.032788 0.000000 1.063757 -1.063757 1.133977 -1.133977 0.000000 0.185719 -0.185719
1500.000000 -1.000000 0.990000 0.000000 0.200000 10.962300 0.500000 0.000000 3048.000000 2.500000 626510.438463 -34.290444 -0.634116 -0.634116 -0.647222 -0.647222 -0.060488 -0.010411 -0.010411 0.000000 1.324698 -1.324698 1.545637 -1.545637 0.000000 0.124562 -0.124562
1500.000000 -1.000000 0.990000 0.000000 0.200000 5.213170 0.700000 0.000000 10668.000000 1.000000 626510.438463 -49.951735 -0.603498 -0.603498 -0.760377 -0.760377 -0.029706 -0.002806 -0.002806 0.000000 1.917158 -1.917158 2.429855 -2.429855 0.000000 0.644959 -0.644959
1500.000000 -1.000000 0.990000 0.000000 0.200000 3.611390 0.700000 0.000000 10668.000000 1.000000 468940.622865 -50.278205 -0.528692 -0.528692 -0.834476 -0.834476 -0.029147 -0.001867 -0.001867 0.000000 1.876464 -1.876464 2.391186 -2.391186 0.000000 0.637889 -0.637889
1500.000000 -1.000000 0.990000 0.000000 0.200000 7.865790 0.500000 0.000000 3048.000000 2.500000 468940.622865 -34.929124 -0.522101 -0.522101 -0.726068 -0.726068 -0.060671 -0.006644 -0.006644 0.000000 1.264233 -1.264233 1.496148 -1.496148 0.000000 0.122038 -0.122038
1500.000000 -1.000000 0.990000 0.000000 0.200000 15.956130 0.200000 0.000000 0.000000 1.000000 468940.622865 -22.529080 -0.594738 -0.594738 -0.528050 -0.528050 -0.086361 -0.020363 -0.020363 0.000000 1.011482 -1.011482 1.066998 -1.066998 0.000000 0.183658 -0.183658

sigma_fcs span_loc fcs_loc wing_frac nacelle_frac AoA Mach Beta h n W Re1 Re2 Re3 Re4 Re5 Re6 Re7 Re8 Im1 Im2 Im3 Im4 Im5 Im6 Im7 Im8
1777.777778 -1.000000 0.010000 0.000000 0.200000 28.383640 0.200000 0.000000 0.000000 1.000000 626510.438463 -19.576571 -1.270423 -1.270423 -0.636000 -0.636000 -0.075944 -0.046913 -0.046913 0.000000 1.060978 -1.060978 1.882924 -1.882924 0.000000 0.184983 -0.184983
1777.777778 -1.000000 0.010000 0.000000 0.200000 13.841720 0.500000 0.000000 3048.000000 2.500000 626510.438463 -34.613373 -0.867967 -0.867967 -0.938659 -0.938659 -0.051358 -0.015808 -0.015808 0.000000 1.505511 -1.505511 2.714673 -2.714673 0.000000 0.128726 -0.128726
1777.777778 -1.000000 0.010000 0.000000 0.200000 6.681750 0.700000 0.000000 10668.000000 1.000000 626510.438463 -52.036591 -0.811076 -0.811076 -1.145749 -1.145749 -0.023989 -0.004112 -0.004112 0.000000 2.251113 -2.251113 4.478848 -4.478848 0.000000 0.659015 -0.659015
1777.777778 -1.000000 0.010000 0.000000 0.200000 4.706230 0.700000 0.000000 10668.000000 1.000000 468940.622865 -52.511884 -0.708966 -0.708966 -1.216640 -1.216640 -0.023153 -0.002957 -0.002957 0.000000 2.215064 -2.215064 4.444869 -4.444869 0.000000 0.657948 -0.657948
1777.777778 -1.000000 0.010000 0.000000 0.200000 9.979750 0.500000 0.000000 3048.000000 2.500000 468940.622865 -35.579233 -0.706570 -0.706570 -1.016265 -1.016265 -0.050268 -0.011439 -0.011439 0.000000 1.451876 -1.451876 2.666239 -2.666239 0.000000 0.128778 -0.128778
1777.777778 -1.000000 0.010000 0.000000 0.200000 20.166200 0.200000 0.000000 0.000000 1.000000 468940.622865 -22.105056 -0.837512 -0.837512 -0.721681 -0.721681 -0.077059 -0.034000 -0.034000 0.000000 1.100542 -1.100542 1.814665 -1.814665 0.000000 0.190567 -0.190567

sigma_fcs span_loc fcs_loc wing_frac nacelle_frac AoA Mach Beta h n W Re1 Re2 Re3 Re4 Re5 Re6 Re7 Re8 Im1 Im2 Im3 Im4 Im5 Im6 Im7 Im8
1777.777778 -1.000000 0.118889 0.000000 0.200000 27.846610 0.200000 0.000000 0.000000 1.000000 626510.438463 -19.756402 -1.249066 -1.249066 -0.632798 -0.632798 -0.076645 -0.045814 -0.045814 0.000000 1.085489 -1.085489 1.865136 -1.865136 0.000000 0.185361 -0.185361
1777.777778 -1.000000 0.118889 0.000000 0.200000 13.600180 0.500000 0.000000 3048.000000 2.500000 626510.438463 -34.683156 -0.868303 -0.868303 -0.935754 -0.935754 -0.052080 -0.015378 -0.015378 0.000000 1.519230 -1.519230 2.693021 -2.693021 0.000000 0.128647 -0.128647
1777.777778 -1.000000 0.118889 0.000000 0.200000 6.560260 0.700000 0.000000 10668.000000 1.000000 626510.438463 -52.079148 -0.824533 -0.824533 -1.156540 -1.156540 -0.024378 -0.003990 -0.003990 0.000000 2.288369 -2.288369 4.473663 -4.473663 0.000000 0.658691 -0.658691
1777.777778 -1.000000 0.118889 0.000000 0.200000 4.615880 0.700000 0.000000 10668.000000 1.000000 468940.622865 -52.542756 -0.723927 -0.723927 -1.227302 -1.227302 -0.023557 -0.002862 -0.002862 0.000000 2.250666 -2.250666 4.439179 -4.439179 0.000000 0.657444 -0.657444
1777.777778 -1.000000 0.118889 0.000000 0.200000 9.804040 0.500000 0.000000 3048.000000 2.500000 468940.622865 -35.622541 -0.709892 -0.709892 -1.013125 -1.013125 -0.051075 -0.011094 -0.011094 0.000000 1.463417 -1.463417 2.644505 -2.644505 0.000000 0.128604 -0.128604
1777.777778 -1.000000 0.118889 0.000000 0.200000 19.806970 0.200000 0.000000 0.000000 1.000000 468940.622865 -22.195808 -0.830263 -0.830263 -0.717518 -0.717518 -0.078037 -0.033065 -0.033065 0.000000 1.110062 -1.110062 1.797041 -1.797041 0.000000 0.190503 -0.190503

sigma_fcs span_loc fcs_loc wing_frac nacelle_frac AoA Mach Beta h n W Re1 Re2 Re3 Re4 Re5 Re6 Re7 Re8 Im1 Im2 Im3 Im4 Im5 Im6 Im7 Im8
1777.777778 -1.000000 0.227778 0.000000 0.200000 27.084090 0.200000 0.000000 0.000000 1.000000 626510.438463 -20.005807 -1.221963 -1.221963 -0.629735 -0.629735 -0.077772 -0.044263 -0.044263 0.000000 1.119628 -1.119628 1.837502 -1.837502 0.000000 0.185836 -0.185836
1777.777778 -1.000000 0.227778 0.000000 0.200000 13.252960 0.500000 0.000000 3048.000000 2.500000 626510.438463 -34.782784 -0.871728 -0.871728 -0.934789 -0.934789 -0.053210 -0.014779 -0.014779 0.000000 1.541566 -1.541566 2.659076 -2.659076 0.000000 0.128497 -0.128497
1777.777778 -1.000000 0.227778 0.000000 0.200000 6.384970 0.700000 0.000000 10668.000000 1.000000 626510.438463 -52.142892 -0.850402 -0.850402 -1.180605 -1.180605 -0.024982 -0.003822 -0.003822 0.000000 2.351701 -2.351701 4.469052 -4.469052 0.000000 0.658128 -0.658128
1777.777778 -1.000000 0.227778 0.000000 0.200000 4.485400 0.700000 0.000000 10668.000000 1.000000 468940.622865 -52.589970 -0.751801 -0.751801 -1.251163 -1.251163 -0.024184 -0.002731 -0.002731 0.000000 2.311317 -2.311317 4.433641 -4.433641 0.000000 0.656586 -0.656586
1777.777778 -1.000000 0.227778 0.000000 0.200000 9.550830 0.500000 0.000000 3048.000000 2.500000 468940.622865 -35.685110 -0.717340 -0.717340 -1.011858 -1.011858 -0.052339 -0.010611 -0.010611 0.000000 1.482428 -1.482428 2.610285 -2.610285 0.000000 0.128304 -0.128304
1777.777778 -1.000000 0.227778 0.000000 0.200000 19.292860 0.200000 0.000000 0.000000 1.000000 468940.622865 -22.323674 -0.821799 -0.821799 -0.713222 -0.713222 -0.079588 -0.031742 -0.031742 0.000000 1.124653 -1.124653 1.769354 -1.769354 0.000000 0.190333 -0.190333

sigma_fcs span_loc fcs_loc wing_frac nacelle_frac AoA Mach Beta h n W Re1 Re2 Re3 Re4 Re5 Re6 Re7 Re8 Im1 Im2 Im3 Im4 Im5 Im6 Im7 Im8
1777.777778 -1.000000 0.336667 0.000000 0.200000 26.427320 0.200000 0.000000 0.000000 1.000000 626510.438463 -20.223380 -1.189574 -1.189574 -0.619095 -0.619095 -0.078671 -0.042913 -0.042913 0.000000 1.139008 -1.139008 1.793715 -1.793715 0.000000 0.186194 -0.186194
1777.777778 -1.000000 0.336667 0.000000 0.200000 12.949990 0.500000 0.000000 3048.000000 2.500000 626510.438463 -34.870042 -0.864239 -0.864239 -0.920372 -0.920372 -0.054187 -0.014262 -0.014262 0.000000 1.547604 -1.547604 2.596081 -2.596081 0.000000 0.128328 -0.128328
1777.777778 -1.000000 0.336667 0.000000 0.200000 6.231410 0.700000 0.000000 10668.000000 1.000000 626510.438463 -52.196370 -0.858024 -0.858024 -1.176395 -1.176395 -0.025527 -0.003682 -0.003682 0.000000 2.376976 -2.376976 4.389745 -4.389745 0.000000 0.657519 -0.657519
1777.777778 -1.000000 0.336667 0.000000 0.200000 4.371030 0.700000 0.000000 10668.000000 1.000000 468940.622865 -52.628738 -0.761632 -0.761632 -1.246983 -1.246983 -0.024752 -0.002621 -0.002621 0.000000 2.334817 -2.334817 4.353753 -4.353753 0.000000 0.655676 -0.655676
1777.777778 -1.000000 0.336667 0.000000 0.200000 9.329320 0.500000 0.000000 3048.000000 2.500000 468940.622865 -35.739375 -0.714167 -0.714167 -0.997318 -0.997318 -0.053436 -0.010186 -0.010186 0.000000 1.486278 -1.486278 2.547279 -2.547279 0.000000 0.127986 -0.127986
1777.777778 -1.000000 0.336667 0.000000 0.200000 18.846350 0.200000 0.000000 0.000000 1.000000 468940.622865 -22.435866 -0.807008 -0.807008 -0.701530 -0.701530 -0.080837 -0.030562 -0.030562 0.000000 1.129608 -1.129608 1.725797 -1.725797 0.000000 0.190111 -0.190111

sigma_fcs span_loc fcs_loc wing_frac nacelle_frac AoA Mach Beta h n W Re1 Re2 Re3 Re4 Re5 Re6 Re7 Re8 Im1 Im2 Im3 Im4 Im5 Im6 Im7 Im8
1777.777778 -1.000000 0.445556 0.000000 0.200000 25.777120 0.200000 0.000000 0.000000 1.000000 626510.438463 -20.439260 -1.151124 -1.151124 -0.602998 -0.602998 -0.079522 -0.041559 -0.041559 0.000000 1.150146 -1.150146 1.734204 -1.734204 0.000000 0.186489 -0.186489
1777.777778 -1.000000 0.445556 0.000000 0.200000 12.646600 0.500000 0.000000 3048.000000 2.500000 626510.438463 -34.957041 -0.848580 -0.848580 -0.896396 -0.896396 -0.055175 -0.013747 -0.013747 0.000000 1.543052 -1.543052 2.506045 -2.506045 0.000000 0.128110 -0.128110
1777.777778 -1.000000 0.445556 0.000000 0.200000 6.077120 0.700000 0.000000 10668.000000 1.000000 626510.438463 -52.247346 -0.852594 -0.852594 -1.152389 -1.152389 -0.026097 -0.003547 -0.003547 0.000000 2.377127 -2.377127 4.247484 -4.247484 0.000000 0.656763 -0.656763
1777.777778 -1.000000 0.445556 0.000000 0.200000 4.256060 0.700000 0.000000 10668.000000 1.000000 468940.622865 -52.664811 -0.758777 -0.758777 -1.223181 -1.223181 -0.025346 -0.002513 -0.002513 0.000000 2.333661 -2.333661 4.211066 -4.211066 0.000000 0.654565 -0.654565
1777.777778 -1.000000 0.445556 0.000000 0.200000 9.107010 0.500000 0.000000 3048.000000 2.500000 468940.622865 -35.793028 -0.703383 -0.703383 -0.973344 -0.973344 -0.054551 -0.009754 -0.009754 0.000000 1.480098 -1.480098 2.457353 -2.457353 0.000000 0.127598 -0.127598
1777.777778 -1.000000 0.445556 0.000000 0.200000 18.401040 0.200000 0.000000 0.000000 1.000000 468940.622865 -22.547873 -0.786764 -0.786764 -0.684471 -0.684471 -0.082023 -0.029348 -0.029348 0.000000 1.128494 -1.128494 1.666635 -1.666635 0.000000 0.189796 -0.189796

sigma_fcs span_loc fcs_loc wing_frac nacelle_frac AoA Mach Beta h n W Re1 Re2 Re3 Re4 Re5 Re6 Re7 Re8 Im1 Im2 Im3 Im4 Im5 Im6 Im7 Im8
1777.777778 -1.000000 0.554444 0.000000 0.200000 25.135000 0.200000 0.000000 0.000000 1.000000 626510.438463 -20.652355 -1.106791 -1.106791 -0.581818 -0.581818 -0.080304 -0.040192 -0.040192 0.000000 1.152622 -1.152622 1.658761 -1.658761 0.000000 0.186706 -0.186706
1777.777778 -1.000000 0.554444 0.000000 0.200000 12.343730 0.500000 0.000000 3048.000000 2.500000 626510.438463 -35.042994 -0.824385 -0.824385 -0.863311 -0.863311 -0.056164 -0.013231 -0.013231 0.000000 1.527101 -1.527101 2.388412 -2.388412 0.000000 0.127828 -0.127828
1777.777778 -1.000000 0.554444 0.000000 0.200000 5.922630 0.700000 0.000000 10668.000000 1.000000 626510.438463 -52.294398 -0.832364 -0.832364 -1.108038 -1.108038 -0.026690 -0.003417 -0.003417 0.000000 2.349044 -2.349044 4.039358 -4.039358 0.000000 0.655812 -0.655812
1777.777778 -1.000000 0.554444 0.000000 0.200000 4.140870 0.700000 0.000000 10668.000000 1.000000 468940.622865 -52.696836 -0.741492 -0.741492 -1.179211 -1.179211 -0.025966 -0.002408 -0.002408 0.000000 2.304839 -2.304839 4.002675 -4.002675 0.000000 0.653186 -0.653186
1777.777778 -1.000000 0.554444 0.000000 0.200000 8.884650 0.500000 0.000000 3048.000000 2.500000 468940.622865 -35.845430 -0.684576 -0.684576 -0.940389 -0.940389 -0.055672 -0.009310 -0.009310 0.000000 1.463157 -1.463157 2.339922 -2.339922 0.000000 0.127118 -0.127118
1777.777778 -1.000000 0.554444 0.000000 0.200000 17.958180 0.200000 0.000000 0.000000 1.000000 468940.622865 -22.658988 -0.761065 -0.761065 -0.662454 -0.662454 -0.083124 -0.028084 -0.028084 0.000000 1.120917 -1.120917 1.591624 -1.591624 0.000000 0.189358 -0.189358

sigma_fcs span_loc fcs_loc wing_frac nacelle_frac AoA Mach Beta h n W Re1 Re2 Re3 Re4 Re5 Re6 Re7 Re8 Im1 Im2 Im3 Im4 Im5 Im6 Im7 Im8
1777.777778 -1.000000 0.663333 0.000000 0.200000 24.501440 0.200000 0.000000 0.000000 1.000000 626510.438463 -20.861506 -1.057428 -1.057428 -0.556464 -0.556464 -0.080999 -0.038794 -0.038794 0.000000 1.146522 -1.146522 1.568076 -1.568076 0.000000 0.186826 -0.186826
1777.777778 -1.000000 0.663333 0.000000 0.200000 12.041870 0.500000 0.000000 3048.000000 2.500000 626510.438463 -35.127192 -0.792293 -0.792293 -0.822654 -0.822654 -0.057148 -0.012704 -0.012704 0.000000 1.499880 -1.499880 2.244457 -2.244457 0.000000 0.127459 -0.127459
1777.777778 -1.000000 0.663333 0.000000 0.200000 5.768230 0.700000 0.000000 10668.000000 1.000000 626510.438463 -52.336680 -0.797963 -0.797963 -1.046147 -1.046147 -0.027306 -0.003290 -0.003290 0.000000 2.292928 -2.292928 3.769296 -3.769296 0.000000 0.654592 -0.654592
1777.777778 -1.000000 0.663333 0.000000 0.200000 4.025700 0.700000 0.000000 10668.000000 1.000000 468940.622865 -52.724071 -0.710347 -0.710347 -1.117852 -1.117852 -0.026612 -0.002303 -0.002303 0.000000 2.248588 -2.248588 3.732463 -3.732463 0.000000 0.651437 -0.651437
1777.777778 -1.000000 0.663333 0.000000 0.200000 8.662610 0.500000 0.000000 3048.000000 2.500000 468940.622865 -35.896081 -0.658274 -0.658274 -0.899982 -0.899982 -0.056794 -0.008844 -0.008844 0.000000 1.435613 -1.435613 2.196194 -2.196194 0.000000 0.126513 -0.126513
1777.777778 -1.000000 0.663333 0.000000 0.200000 17.518340 0.200000 0.000000 0.000000 1.000000 468940.622865 -22.768521 -0.730473 -0.730473 -0.636413 -0.636413 -0.084116 -0.026744 -0.026744 0.000000 1.106932 -1.106932 1.501380 -1.501380 0.000000 0.188757 -0.188757

sigma_fcs span_loc fcs_loc wing_frac nacelle_frac AoA Mach Beta h n W Re1 Re2 Re3 Re4 Re5 Re6 Re7 Re8 Im1 Im2 Im3 Im4 Im5 Im6 Im7 Im8
1777.777778 -1.000000 0.772222 0.000000 0.200000 23.876970 0.200000 0.000000 0.000000 1.000000 626510.438463 -21.065340 -1.004463 -1.004463 -0.528257 -0.528257 -0.081590 -0.037337 -0.037337 0.000000 1.132457 -1.132457 1.463660 -1.463660 0.000000 0.186818 -0.186818
1777.777778 -1.000000 0.772222 0.000000 0.200000 11.741520 0.500000 0.000000 3048.000000 2.500000 626510.438463 -35.208982 -0.753846 -0.753846 -0.776805 -0.776805 -0.058119 -0.012155 -0.012155 0.000000 1.462445 -1.462445 2.077087 -2.077087 0.000000 0.126970 -0.126970
1777.777778 -1.000000 0.772222 0.000000 0.200000 5.614220 0.700000 0.000000 10668.000000 1.000000 626510.438463 -52.374065 -0.752285 -0.752285 -0.972242 -0.972242 -0.027944 -0.003165 -0.003165 0.000000 2.212306 -2.212306 3.447252 -3.447252 0.000000 0.652986 -0.652986
1777.777778 -1.000000 0.772222 0.000000 0.200000 3.910780 0.700000 0.000000 10668.000000 1.000000 468940.622865 -52.746526 -0.668125 -0.668125 -1.044577 -1.044577 -0.027283 -0.002196 -0.002196 0.000000 2.168401 -2.168401 3.410283 -3.410283 0.000000 0.649158 -0.649158
1777.777778 -1.000000 0.772222 0.000000 0.200000 8.441330 0.500000 0.000000 3048.000000 2.500000 468940.622865 -35.944610 -0.625856 -0.625856 -0.854478 -0.854478 -0.057907 -0.008342 -0.008342 0.000000 1.398506 -1.398506 2.028964 -2.028964 0.000000 0.125732 -0.125732
1777.777778 -1.000000 0.772222 0.000000 0.200000 17.082130 0.200000 0.000000 0.000000 1.000000 468940.622865 -22.875715 -0.696058 -0.696058 -0.607686 -0.607686 -0.084981 -0.025287 -0.025287 0.000000 1.087056 -1.087056 1.397308 -1.397308 0.000000 0.187927 -0.187927

sigma_fcs span_loc fcs_loc wing_frac nacelle_frac AoA Mach Beta h n W Re1 Re2 Re3 Re4 Re5 Re6 Re7 Re8 Im1 Im2 Im3 Im4 Im5 Im6 Im7 Im8
1777.777778 -1.000000 0.881111 0.000000 0.200000 23.262690 0.200000 0.000000 0.000000 1.000000 626510.438463 -21.262329 -0.949714 -0.949714 -0.498765 -0.498765 -0.082063 -0.035779 -0.035779 0.000000 1.111576 -1.111576 1.347689 -1.347689 0.000000 0.186633 -0.186633
1777.777778 -1.000000 0.881111 0.000000 0.200000 11.443510 0.500000 0.000000 3048.000000 2.500000 626510.438463 -35.287795 -0.711228 -0.711228 -0.728594 -0.728594 -0.059069 -0.011565 -0.011565 0.000000 1.416712 -1.416712 1.890381 -1.890381 0.000000 0.126305 -0.126305
1777.777778 -1.000000 0.881111 0.000000 0.200000 5.461070 0.700000 0.000000 10668.000000 1.000000 626510.438463 -52.407079 -0.699671 -0.699671 -0.893130 -0.893130 -0.028604 -0.003038 -0.003038 0.000000 2.113333 -2.113333 3.086862 -3.086862 0.000000 0.650804 -0.650804
1777.777778 -1.000000 0.881111 0.000000 0.200000 3.796470 0.700000 0.000000 10668.000000 1.000000 468940.622865 -52.764882 -0.619032 -0.619032 -0.966137 -0.966137 -0.027979 -0.002084 -0.002084 0.000000 2.070339 -2.070339 3.049596 -3.049596 0.000000 0.646082 -0.646082
1777.777778 -1.000000 0.881111 0.000000 0.200000 8.221440 0.500000 0.000000 3048.000000 2.500000 468940.622865 -35.990790 -0.589316 -0.589316 -0.806680 -0.806680 -0.059005 -0.007784 -0.007784 0.000000 1.353675 -1.353675 1.842151 -1.842151 0.000000 0.124695 -0.124695
1777.777778 -1.000000 0.881111 0.000000 0.200000 16.650570 0.200000 0.000000 0.000000 1.000000 468940.622865 -22.979769 -0.659248 -0.659248 -0.577855 -0.577855 -0.085700 -0.023662 -0.023662 0.000000 1.062250 -1.062250 1.281435 -1.281435 0.000000 0.186767 -0.186767

sigma_fcs span_loc fcs_loc wing_frac nacelle_frac AoA Mach Beta h n W Re1 Re2 Re3 Re4 Re5 Re6 Re7 Re8 Im1 Im2 Im3 Im4 Im5 Im6 Im7 Im8
1777.777778 -1.000000 0.990000 0.000000 0.200000 22.659090 0.200000 0.000000 0.000000 1.000000 626510.438463 -21.451409 -0.894939 -0.894939 -0.469499 -0.469499 -0.082407 -0.034052 -0.034052 0.000000 1.085360 -1.085360 1.222328 -1.222328 0.000000 0.186188 -0.186188
1777.777778 -1.000000 0.990000 0.000000 0.200000 11.148340 0.500000 0.000000 3048.000000 2.500000 626510.438463 -35.363354 -0.666702 -0.666702 -0.680670 -0.680670 -0.059992 -0.010903 -0.010903 0.000000 1.365007 -1.365007 1.688208 -1.688208 0.000000 0.125370 -0.125370
1777.777778 -1.000000 0.990000 0.000000 0.200000 5.309090 0.700000 0.000000 10668.000000 1.000000 626510.438463 -52.436679 -0.644506 -0.644506 -0.814933 -0.814933 -0.029284 -0.002903 -0.002903 0.000000 2.003025 -2.003025 2.700817 -2.700817 0.000000 0.647700 -0.647700
1777.777778 -1.000000 0.990000 0.000000 0.200000 3.683010 0.700000 0.000000 10668.000000 1.000000 468940.622865 -52.780211 -0.567335 -0.567335 -0.888600 -0.888600 -0.028698 -0.001960 -0.001960 0.000000 1.961278 -1.961278 2.662838 -2.662838 0.000000 0.641728 -0.641728
1777.777778 -1.000000 0.990000 0.000000 0.200000 8.003370 0.500000 0.000000 3048.000000 2.500000 468940.622865 -36.034618 -0.550747 -0.550747 -0.759203 -0.759203 -0.060080 -0.007138 -0.007138 0.000000 1.303328 -1.303328 1.639386 -1.639386 0.000000 0.123263 -0.123263
1777.777778 -1.000000 0.990000 0.000000 0.200000 16.224280 0.200000 0.000000 0.000000 1.000000 468940.622865 -23.080138 -0.621497 -0.621497 -0.548426 -0.548426 -0.086260 -0.021785 -0.021785 0.000000 1.033727 -1.033727 1.155726 -1.155726 0.000000 0.185103 -0.185103

sigma_fcs span_loc fcs_loc wing_frac nacelle_frac AoA Mach Beta h n W Re1 Re2 Re3 Re4 Re5 Re6 Re7 Re8 Im1 Im2 Im3 Im4 Im5 Im6 Im7 Im8
2055.555556 -1.000000 0.010000 0.000000 0.200000 27.962640 0.200000 0.000000 0.000000 1.000000 626510.438463 -20.145499 -1.252162 -1.252162 -0.633063 -0.633063 -0.076484 -0.046050 -0.046050 0.000000 1.078894 -1.078894 1.868438 -1.868438 0.000000 0.185282 -0.185282
2055.555556 -1.000000 0.010000 0.000000 0.200000 13.652580 0.500000 0.000000 3048.000000 2.500000 626510.438463 -35.519739 -0.868021 -0.868021 -0.935616 -0.935616 -0.051916 -0.015470 -0.015470 0.000000 1.515247 -1.515247 2.696741 -2.696741 0.000000 0.128666 -0.128666
2055.555556 -1.000000 0.010000 0.000000 0.200000 6.586650 0.700000 0.000000 10668.000000 1.000000 626510.438463 -54.049348 -0.821329 -0.821329 -1.152654 -1.152654 -0.024291 -0.004016 -0.004016 0.000000 2.278728 -2.278728 4.471990 -4.471990 0.000000 0.658766 -0.658766
2055.555556 -1.000000 0.010000 0.000000 0.200000 4.635510 0.700000 0.000000 10668.000000 1.000000 468940.622865 -54.524817 -0.720336 -0.720336 -1.223454 -1.223454 -0.023466 -0.002882 -0.002882 0.000000 2.241655 -2.241655 4.437638 -4.437638 0.000000 0.657559 -0.657559
2055.555556 -1.000000 0.010000 0.000000 0.200000 9.842190 0.500000 0.000000 3048.000000 2.500000 468940.622865 -36.479075 -0.709023 -0.709023 -1.013038 -1.013038 -0.050893 -0.011168 -0.011168 0.000000 1.460209 -1.460209 2.648263 -2.648263 0.000000 0.128644 -0.128644
2055.555556 -1.000000 0.010000 0.000000 0.200000 19.884780 0.200000 0.000000 0.000000 1.000000 468940.622865 -22.632583 -0.831511 -0.831511 -0.717977 -0.717977 -0.077813 -0.033265 -0.033265 0.000000 1.107088 -1.107088 1.800345 -1.800345 0.000000 0.190521 -0.190521

sigma_fcs span_loc fcs_loc wing_frac nacelle_frac AoA Mach Beta h n W Re1 Re2 Re3 Re4 Re5 Re6 Re7 Re8 Im1 Im2 Im3 Im4 Im5 Im6 Im7 Im8
2055.555556 -1.000000 0.118889 0.000000 0.200000 27.486090 0.200000 0.000000 0.000000 1.000000 626510.438463 -20.306030 -1.232927 -1.232927 -0.629496 -0.629496 -0.077128 -0.045075 -0.045075 0.000000 1.099080 -1.099080 1.849552 -1.849552 0.000000 0.185598 -0.185598
2055.555556 -1.000000 0.118889 0.000000 0.200000 13.436630 0.500000 0.000000 3048.000000 2.500000 626510.438463 -35.583216 -0.867705 -0.867705 -0.931979 -0.931979 -0.052582 -0.015091 -0.015091 0.000000 1.526422 -1.526422 2.672525 -2.672525 0.000000 0.128583 -0.128583
2055.555556 -1.000000 0.118889 0.000000 0.200000 6.477790 0.700000 0.000000 10668.000000 1.000000 626510.438463 -54.088985 -0.833064 -0.833064 -1.161057 -1.161057 -0.024651 -0.003910 -0.003910 0.000000 2.310601 -2.310601 4.458715 -4.458715 0.000000 0.658442 -0.658442
2055.555556 -1.000000 0.118889 0.000000 0.200000 4.554500 0.700000 0.000000 10668.000000 1.000000 468940.622865 -54.553764 -0.733429 -0.733429 -1.231763 -1.231763 -0.023841 -0.002799 -0.002799 0.000000 2.272053 -2.272053 4.423897 -4.423897 0.000000 0.657062 -0.657062
2055.555556 -1.000000 0.118889 0.000000 0.200000 9.684860 0.500000 0.000000 3048.000000 2.500000 468940.622865 -36.518627 -0.711409 -0.711409 -1.009217 -1.009217 -0.051638 -0.010862 -0.010862 0.000000 1.469484 -1.469484 2.623969 -2.623969 0.000000 0.128471 -0.128471
2055.555556 -1.000000 0.118889 0.000000 0.200000 19.564480 0.200000 0.000000 0.000000 1.000000 468940.622865 -22.714347 -0.824567 -0.824567 -0.713587 -0.713587 -0.078708 -0.032432 -0.032432 0.000000 1.114814 -1.114814 1.781576 -1.781576 0.000000 0.190439 -0.190439

sigma_fcs span_loc fcs_loc wing_frac nacelle_frac AoA Mach Beta h n W Re1 Re2 Re3 Re4 Re5 Re6 Re7 Re8 Im1 Im2 Im3 Im4 Im5 Im6 Im7 Im8
2055.555556 -1.000000 0.227778 0.000000 0.200000 26.830350 0.200000 0.000000 0.000000 1.000000 626510.438463 -20.522374 -1.208998 -1.208998 -0.625862 -0.625862 -0.078118 -0.043742 -0.043742 0.000000 1.126569 -1.126569 1.821689 -1.821689 0.000000 0.185982 -0.185982
2055.555556 -1.000000 0.227778 0.000000 0.200000 13.136340 0.500000 0.000000 3048.000000 2.500000 626510.438463 -35.670981 -0.869625 -0.869625 -0.929603 -0.929603 -0.053582 -0.014579 -0.014579 0.000000 1.544085 -1.544085 2.636597 -2.636597 0.000000 0.128437 -0.128437
2055.555556 -1.000000 0.227778 0.000000 0.200000 6.325920 0.700000 0.000000 10668.000000 1.000000 626510.438463 -54.146290 -0.854577 -0.854577 -1.179653 -1.179653 -0.025188 -0.003768 -0.003768 0.000000 2.362709 -2.362709 4.442183 -4.442183 0.000000 0.657908 -0.657908
2055.555556 -1.000000 0.227778 0.000000 0.200000 4.441430 0.700000 0.000000 10668.000000 1.000000 468940.622865 -54.596417 -0.756706 -0.756706 -1.250213 -1.250213 -0.024399 -0.002688 -0.002688 0.000000 2.321864 -2.321864 4.406550 -4.406550 0.000000 0.656256 -0.656256
2055.555556 -1.000000 0.227778 0.000000 0.200000 9.465620 0.500000 0.000000 3048.000000 2.500000 468940.622865 -36.573903 -0.716871 -0.716871 -1.006614 -1.006614 -0.052756 -0.010447 -0.010447 0.000000 1.484343 -1.484343 2.587804 -2.587804 0.000000 0.128189 -0.128189
2055.555556 -1.000000 0.227778 0.000000 0.200000 19.120760 0.200000 0.000000 0.000000 1.000000 468940.622865 -22.826053 -0.816491 -0.816491 -0.708928 -0.708928 -0.080069 -0.031289 -0.031289 0.000000 1.126333 -1.126333 1.753642 -1.753642 0.000000 0.190258 -0.190258

sigma_fcs span_loc fcs_loc wing_frac nacelle_frac AoA Mach Beta h n W Re1 Re2 Re3 Re4 Re5 Re6 Re7 Re8 Im1 Im2 Im3 Im4 Im5 Im6 Im7 Im8
2055.555556 -1.000000 0.336667 0.000000 0.200000 26.255720 0.200000 0.000000 0.000000 1.000000 626510.438463 -20.714254 -1.180547 -1.180547 -0.616187 -0.616187 -0.078923 -0.042560 -0.042560 0.000000 1.142561 -1.142561 1.781047 -1.781047 0.000000 0.186277 -0.186277
2055.555556 -1.000000 0.336667 0.000000 0.200000 12.870250 0.500000 0.000000 3048.000000 2.500000 626510.438463 -35.748853 -0.862580 -0.862580 -0.916409 -0.916409 -0.054457 -0.014127 -0.014127 0.000000 1.548594 -1.548594 2.577569 -2.577569 0.000000 0.128276 -0.128276
2055.555556 -1.000000 0.336667 0.000000 0.200000 6.190910 0.700000 0.000000 10668.000000 1.000000 626510.438463 -54.194814 -0.860761 -0.860761 -1.174994 -1.174994 -0.025678 -0.003646 -0.003646 0.000000 2.383491 -2.383491 4.365160 -4.365160 0.000000 0.657336 -0.657336
2055.555556 -1.000000 0.336667 0.000000 0.200000 4.340860 0.700000 0.000000 10668.000000 1.000000 468940.622865 -54.631730 -0.764841 -0.764841 -1.245599 -1.245599 -0.024909 -0.002592 -0.002592 0.000000 2.341090 -2.341090 4.328999 -4.328999 0.000000 0.655406 -0.655406
2055.555556 -1.000000 0.336667 0.000000 0.200000 9.270930 0.500000 0.000000 3048.000000 2.500000 468940.622865 -36.622433 -0.713629 -0.713629 -0.993334 -0.993334 -0.053739 -0.010075 -0.010075 0.000000 1.486957 -1.486957 2.528749 -2.528749 0.000000 0.127891 -0.127891
2055.555556 -1.000000 0.336667 0.000000 0.200000 18.729140 0.200000 0.000000 0.000000 1.000000 468940.622865 -22.925513 -0.803220 -0.803220 -0.698366 -0.698366 -0.081182 -0.030250 -0.030250 0.000000 1.130158 -1.130158 1.713163 -1.713163 0.000000 0.190037 -0.190037

sigma_fcs span_loc fcs_loc wing_frac nacelle_frac AoA Mach Beta h n W Re1 Re2 Re3 Re4 Re5 Re6 Re7 Re8 Im1 Im2 Im3 Im4 Im5 Im6 Im7 Im8
2055.555556 -1.000000 0.445556 0.000000 0.200000 25.686510 0.200000 0.000000 0.000000 1.000000 626510.438463 -20.904818 -1.147078 -1.147078 -0.602081 -0.602081 -0.079683 -0.041374 -0.041374 0.000000 1.151927 -1.151927 1.727731 -1.727731 0.000000 0.186521 -0.186521
2055.555556 -1.000000 0.445556 0.000000 0.200000 12.604060 0.500000 0.000000 3048.000000 2.500000 626510.438463 -35.826355 -0.848791 -0.848791 -0.895412 -0.895412 -0.055337 -0.013677 -0.013677 0.000000 1.544401 -1.544401 2.496682 -2.496682 0.000000 0.128074 -0.128074
2055.555556 -1.000000 0.445556 0.000000 0.200000 6.055450 0.700000 0.000000 10668.000000 1.000000 626510.438463 -54.240917 -0.855989 -0.855989 -1.153957 -1.153957 -0.026186 -0.003529 -0.003529 0.000000 2.383368 -2.383368 4.236719 -4.236719 0.000000 0.656642 -0.656642
2055.555556 -1.000000 0.445556 0.000000 0.200000 4.239900 0.700000 0.000000 10668.000000 1.000000 468940.622865 -54.664480 -0.762326 -0.762326 -1.224749 -1.224749 -0.025438 -0.002499 -0.002499 0.000000 2.339804 -2.339804 4.200160 -4.200160 0.000000 0.654389 -0.654389
2055.555556 -1.000000 0.445556 0.000000 0.200000 9.075800 0.500000 0.000000 3048.000000 2.500000 468940.622865 -36.670312 -0.704100 -0.704100 -0.972350 -0.972350 -0.054732 -0.009696 -0.009696 0.000000 1.481329 -1.481329 2.447938 -2.447938 0.000000 0.127536 -0.127536
2055.555556 -1.000000 0.445556 0.000000 0.200000 18.338730 0.200000 0.000000 0.000000 1.000000 468940.622865 -23.024749 -0.785471 -0.785471 -0.683445 -0.683445 -0.082240 -0.029184 -0.029184 0.000000 1.129026 -1.129026 1.660111 -1.660111 0.000000 0.189738 -0.189738

sigma_fcs span_loc fcs_loc wing_frac nacelle_frac AoA Mach Beta h n W Re1 Re2 Re3 Re4 Re5 Re6 Re7 Re8 Im1 Im2 Im3 Im4 Im5 Im6 Im7 Im8
2055.555556 -1.000000 0.554444 0.000000 0.200000 25.123630 0.200000 0.000000 0.000000 1.000000 626510.438463 -21.093313 -1.108731 -1.108731 -0.583823 -0.583823 -0.080384 -0.040176 -0.040176 0.000000 1.154375 -1.154375 1.661642 -1.661642 0.000000 0.186704 -0.186704
2055.555556 -1.000000 0.554444 0.000000 0.200000 12.338340 0.500000 0.000000 3048.000000 2.500000 626510.438463 -35.902924 -0.828013 -0.828013 -0.866951 -0.866951 -0.056216 -0.013225 -0.013225 0.000000 1.530954 -1.530954 2.393636 -2.393636 0.000000 0.127821 -0.127821
2055.555556 -1.000000 0.554444 0.000000 0.200000 5.919880 0.700000 0.000000 10668.000000 1.000000 626510.438463 -54.283520 -0.839015 -0.839015 -1.116176 -1.116176 -0.026711 -0.003415 -0.003415 0.000000 2.360157 -2.360157 4.055014 -4.055014 0.000000 0.655792 -0.655792
2055.555556 -1.000000 0.554444 0.000000 0.200000 4.138820 0.700000 0.000000 10668.000000 1.000000 468940.622865 -54.693636 -0.747917 -0.747917 -1.187299 -1.187299 -0.025987 -0.002406 -0.002406 0.000000 2.315892 -2.315892 4.018193 -4.018193 0.000000 0.653158 -0.653158
2055.555556 -1.000000 0.554444 0.000000 0.200000 8.880680 0.500000 0.000000 3048.000000 2.500000 468940.622865 -36.717080 -0.688007 -0.688007 -0.944005 -0.944005 -0.055728 -0.009307 -0.009307 0.000000 1.466963 -1.466963 2.345043 -2.345043 0.000000 0.127107 -0.127107
2055.555556 -1.000000 0.554444 0.000000 0.200000 17.950320 0.200000 0.000000 0.000000 1.000000 468940.622865 -23.123270 -0.763253 -0.763253 -0.664464 -0.664464 -0.083225 -0.028076 -0.028076 0.000000 1.122671 -1.122671 1.594361 -1.594361 0.000000 0.189343 -0.189343

sigma_fcs span_loc fcs_loc wing_frac nacelle_frac AoA Mach Beta h n W Re1 Re2 Re3 Re4 Re5 Re6 Re7 Re8 Im1 Im2 Im3 Im4 Im5 Im6 Im7 Im8
2055.555556 -1.000000 0.663333 0.000000 0.200000 24.567530 0.200000 0.000000 0.000000 1.000000 626510.438463 -21.278884 -1.066106 -1.066106 -0.562046 -0.562046 -0.081014 -0.038954 -0.038954 0.000000 1.149943 -1.149943 1.583291 -1.583291 0.000000 0.186811 -0.186811
2055.555556 -1.000000 0.663333 0.000000 0.200000 12.073490 0.500000 0.000000 3048.000000 2.500000 626510.438463 -35.978039 -0.800677 -0.800677 -0.832097 -0.832097 -0.057089 -0.012765 -0.012765 0.000000 1.508326 -1.508326 2.269361 -2.269361 0.000000 0.127502 -0.127502
2055.555556 -1.000000 0.663333 0.000000 0.200000 5.784420 0.700000 0.000000 10668.000000 1.000000 626510.438463 -54.321960 -0.810209 -0.810209 -1.063557 -1.063557 -0.027253 -0.003304 -0.003304 0.000000 2.313902 -2.313902 3.822802 -3.822802 0.000000 0.654734 -0.654734
2055.555556 -1.000000 0.663333 0.000000 0.200000 4.037780 0.700000 0.000000 10668.000000 1.000000 468940.622865 -54.718609 -0.721943 -0.721943 -1.135135 -1.135135 -0.026555 -0.002315 -0.002315 0.000000 2.269430 -2.269430 3.785824 -3.785824 0.000000 0.651641 -0.651641
2055.555556 -1.000000 0.663333 0.000000 0.200000 8.685890 0.500000 0.000000 3048.000000 2.500000 468940.622865 -36.762365 -0.665704 -0.665704 -0.909362 -0.909362 -0.056722 -0.008901 -0.008901 0.000000 1.443956 -1.443956 2.220952 -2.220952 0.000000 0.126582 -0.126582
2055.555556 -1.000000 0.663333 0.000000 0.200000 17.564350 0.200000 0.000000 0.000000 1.000000 468940.622865 -23.220570 -0.736958 -0.736958 -0.642077 -0.642077 -0.084121 -0.026908 -0.026908 0.000000 1.111126 -1.111126 1.516373 -1.516373 0.000000 0.188822 -0.188822

sigma_fcs span_loc fcs_loc wing_frac nacelle_frac AoA Mach Beta h n W Re1 Re2 Re3 Re4 Re5 Re6 Re7 Re8 Im1 Im2 Im3 Im4 Im5 Im6 Im7 Im8
2055.555556 -1.000000 0.772222 0.000000 0.200000 24.018710 0.200000 0.000000 0.000000 1.000000 626510.438463 -21.460498 -1.020214 -1.020214 -0.537680 -0.537680 -0.081560 -0.037691 -0.037691 0.000000 1.139023 -1.139023 1.493762 -1.493762 0.000000 0.186824 -0.186824
2055.555556 -1.000000 0.772222 0.000000 0.200000 11.809930 0.500000 0.000000 3048.000000 2.500000 626510.438463 -36.051209 -0.767847 -0.767847 -0.792521 -0.792521 -0.057949 -0.012290 -0.012290 0.000000 1.477224 -1.477224 2.125933 -2.125933 0.000000 0.127093 -0.127093
2055.555556 -1.000000 0.772222 0.000000 0.200000 5.649330 0.700000 0.000000 10668.000000 1.000000 626510.438463 -54.356091 -0.771529 -0.771529 -0.999947 -0.999947 -0.027811 -0.003195 -0.003195 0.000000 2.246939 -2.246939 3.547059 -3.547059 0.000000 0.653394 -0.653394
2055.555556 -1.000000 0.772222 0.000000 0.200000 3.936980 0.700000 0.000000 10668.000000 1.000000 468940.622865 -54.739351 -0.686283 -0.686283 -1.072070 -1.072070 -0.027142 -0.002222 -0.002222 0.000000 2.202736 -2.202736 3.509961 -3.509961 0.000000 0.649735 -0.649735
2055.555556 -1.000000 0.772222 0.000000 0.200000 8.491760 0.500000 0.000000 3048.000000 2.500000 468940.622865 -36.805882 -0.638137 -0.638137 -0.870077 -0.870077 -0.057707 -0.008469 -0.008469 0.000000 1.413007 -1.413007 2.077665 -2.077665 0.000000 0.125928 -0.125928
2055.555556 -1.000000 0.772222 0.000000 0.200000 17.181360 0.200000 0.000000 0.000000 1.000000 468940.622865 -23.316086 -0.707333 -0.707333 -0.617228 -0.617228 -0.084913 -0.025656 -0.025656 0.000000 1.094732 -1.094732 1.427160 -1.427160 0.000000 0.188133 -0.188133

sigma_fcs span_loc fcs_loc wing_frac nacelle_frac AoA Mach Beta h n W Re1 Re2 Re3 Re4 Re5 Re6 Re7 Re8 Im1 Im2 Im3 Im4 Im5 Im6 Im7 Im8
2055.555556 -1.000000 0.881111 0.000000 0.200000 23.478050 0.200000 0.000000 0.000000 1.000000 626510.438463 -21.637004 -0.972362 -0.972362 -0.511848 -0.511848 -0.082012 -0.036359 -0.036359 0.000000 1.122376 -1.122376 1.394627 -1.394627 0.000000 0.186713 -0.186713
2055.555556 -1.000000 0.881111 0.000000 0.200000 11.548270 0.500000 0.000000 3048.000000 2.500000 626510.438463 -36.122004 -0.731067 -0.731067 -0.750264 -0.750264 -0.058791 -0.011787 -0.011787 0.000000 1.438952 -1.438952 1.966313 -1.966313 0.000000 0.126562 -0.126562
2055.555556 -1.000000 0.881111 0.000000 0.200000 5.514940 0.700000 0.000000 10668.000000 1.000000 626510.438463 -54.386268 -0.726063 -0.726063 -0.930300 -0.930300 -0.028385 -0.003085 -0.003085 0.000000 2.163521 -2.163521 3.237643 -3.237643 0.000000 0.651655 -0.651655
2055.555556 -1.000000 0.881111 0.000000 0.200000 3.836680 0.700000 0.000000 10668.000000 1.000000 468940.622865 -54.756331 -0.643926 -0.643926 -1.003015 -1.003015 -0.027746 -0.002126 -0.002126 0.000000 2.119999 -2.119999 3.200353 -3.200353 0.000000 0.647280 -0.647280
2055.555556 -1.000000 0.881111 0.000000 0.200000 8.298770 0.500000 0.000000 3048.000000 2.500000 468940.622865 -36.847450 -0.606712 -0.606712 -0.828170 -0.828170 -0.058677 -0.007998 -0.007998 0.000000 1.375372 -1.375372 1.918039 -1.918039 0.000000 0.125095 -0.125095
2055.555556 -1.000000 0.881111 0.000000 0.200000 16.802140 0.200000 0.000000 0.000000 1.000000 468940.622865 -23.409220 -0.675391 -0.675391 -0.591048 -0.591048 -0.085589 -0.024286 -0.024286 0.000000 1.074138 -1.074138 1.328194 -1.328194 0.000000 0.187214 -0.187214

sigma_fcs span_loc fcs_loc wing_frac nacelle_frac AoA Mach Beta h n W Re1 Re2 Re3 Re4 Re5 Re6 Re7 Re8 Im1 Im2 Im3 Im4 Im5 Im6 Im7 Im8
2055.555556 -1.000000 0.990000 0.000000 0.200000 22.945990 0.200000 0.000000 0.000000 1.000000 626510.438463 -21.807522 -0.923879 -0.923879 -0.485675 -0.485675 -0.082363 -0.034922 -0.034922 0.000000 1.101015 -1.101015 1.287543 -1.287543 0.000000 0.186430 -0.186430
2055.555556 -1.000000 0.990000 0.000000 0.200000 11.288920 0.500000 0.000000 3048.000000 2.500000 626510.438463 -36.190184 -0.692019 -0.692019 -0.707340 -0.707340 -0.059610 -0.011239 -0.011239 0.000000 1.395153 -1.395153 1.793538 -1.793538 0.000000 0.125856 -0.125856
2055.555556 -1.000000 0.990000 0.000000 0.200000 5.381510 0.700000 0.000000 10668.000000 1.000000 626510.438463 -54.413207 -0.677157 -0.677157 -0.859425 -0.859425 -0.028973 -0.002971 -0.002971 0.000000 2.068766 -2.068766 2.904542 -2.904542 0.000000 0.649328 -0.649328
2055.555556 -1.000000 0.990000 0.000000 0.200000 3.737070 0.700000 0.000000 10668.000000 1.000000 468940.622865 -54.770356 -0.598124 -0.598124 -0.932738 -0.932738 -0.028368 -0.002023 -0.002023 0.000000 2.026243 -2.026243 2.866833 -2.866833 0.000000 0.644010 -0.644010
2055.555556 -1.000000 0.990000 0.000000 0.200000 8.107260 0.500000 0.000000 3048.000000 2.500000 468940.622865 -36.887047 -0.572979 -0.572979 -0.785632 -0.785632 -0.059629 -0.007471 -0.007471 0.000000 1.332617 -1.332617 1.744968 -1.744968 0.000000 0.124008 -0.124008
2055.555556 -1.000000 0.990000 0.000000 0.200000 16.427170 0.200000 0.000000 0.000000 1.000000 468940.622865 -23.499527 -0.642212 -0.642212 -0.564666 -0.564666 -0.086140 -0.022750 -0.022750 0.000000 1.050186 -1.050186 1.221009 -1.221009 0.000000 0.185967 -0.185967

sigma_fcs span_loc fcs_loc wing_frac nacelle_frac AoA Mach Beta h n W Re1 Re2 Re3 Re4 Re5 Re6 Re7 Re8 Im1 Im2 Im3 Im4 Im5 Im6 Im7 Im8
2333.333333 -1.000000 0.010000 0.000000 0.200000 27.635550 0.200000 0.000000 0.000000 1.000000 626510.438463 -20.594014 -1.238303 -1.238303 -0.630648 -0.630648 -0.076925 -0.045381 -0.045381 0.000000 1.092123 -1.092123 1.855786 -1.855786 0.000000 0.185502 -0.185502
2333.333333 -1.000000 0.010000 0.000000 0.200000 13.504570 0.500000 0.000000 3048.000000 2.500000 626510.438463 -36.240876 -0.868120 -0.868120 -0.933148 -0.933148 -0.052370 -0.015210 -0.015210 0.000000 1.522722 -1.522722 2.680615 -2.680615 0.000000 0.128611 -0.128611
2333.333333 -1.000000 0.010000 0.000000 0.200000 6.512070 0.700000 0.000000 10668.000000 1.000000 626510.438463 -55.689025 -0.829844 -0.829844 -1.158357 -1.158357 -0.024536 -0.003943 -0.003943 0.000000 2.300719 -2.300719 4.463611 -4.463611 0.000000 0.658549 -0.658549
2333.333333 -1.000000 0.010000 0.000000 0.200000 4.580010 0.700000 0.000000 10668.000000 1.000000 468940.622865 -56.164617 -0.729712 -0.729712 -1.229091 -1.229091 -0.023721 -0.002825 -0.002825 0.000000 2.262815 -2.262815 4.428944 -4.428944 0.000000 0.657225 -0.657225
2333.333333 -1.000000 0.010000 0.000000 0.200000 9.734390 0.500000 0.000000 3048.000000 2.500000 468940.622865 -37.194935 -0.710979 -0.710979 -1.010440 -1.010440 -0.051401 -0.010958 -0.010958 0.000000 1.466579 -1.466579 2.632086 -2.632086 0.000000 0.128528 -0.128528
2333.333333 -1.000000 0.010000 0.000000 0.200000 19.665140 0.200000 0.000000 0.000000 1.000000 468940.622865 -23.049216 -0.826854 -0.826854 -0.714990 -0.714990 -0.078426 -0.032693 -0.032693 0.000000 1.112019 -1.112019 1.787782 -1.787782 0.000000 0.190469 -0.190469

sigma_fcs span_loc fcs_loc wing_frac nacelle_frac AoA Mach Beta h n W Re1 Re2 Re3 Re4 Re5 Re6 Re7 Re8 Im1 Im2 Im3 Im4 Im5 Im6 Im7 Im8
2333.333333 -1.000000 0.118889 0.000000 0.200000 27.207780 0.200000 0.000000 0.000000 1.000000 626510.438463 -20.738868 -1.220706 -1.220706 -0.626861 -0.626861 -0.077517 -0.044506 -0.044506 0.000000 1.109093 -1.109093 1.836401 -1.836401 0.000000 0.185770 -0.185770
2333.333333 -1.000000 0.118889 0.000000 0.200000 13.309620 0.500000 0.000000 3048.000000 2.500000 626510.438463 -36.298965 -0.867266 -0.867266 -0.928998 -0.928998 -0.052985 -0.014872 -0.014872 0.000000 1.531877 -1.531877 2.654909 -2.654909 0.000000 0.128526 -0.128526
2333.333333 -1.000000 0.118889 0.000000 0.200000 6.413620 0.700000 0.000000 10668.000000 1.000000 626510.438463 -55.725983 -0.840020 -0.840020 -1.164767 -1.164767 -0.024870 -0.003849 -0.003849 0.000000 2.328076 -2.328076 4.444482 -4.444482 0.000000 0.658230 -0.658230
2333.333333 -1.000000 0.118889 0.000000 0.200000 4.506740 0.700000 0.000000 10668.000000 1.000000 468940.622865 -56.191745 -0.741131 -0.741131 -1.235434 -1.235434 -0.024069 -0.002751 -0.002751 0.000000 2.288848 -2.288848 4.409384 -4.409384 0.000000 0.656739 -0.656739
2333.333333 -1.000000 0.118889 0.000000 0.200000 9.592190 0.500000 0.000000 3048.000000 2.500000 468940.622865 -37.231231 -0.712597 -0.712597 -1.006144 -1.006144 -0.052089 -0.010684 -0.010684 0.000000 1.474059 -1.474059 2.606309 -2.606309 0.000000 0.128358 -0.128358
2333.333333 -1.000000 0.118889 0.000000 0.200000 19.376580 0.200000 0.000000 0.000000 1.000000 468940.622865 -23.123495 -0.820168 -0.820168 -0.710487 -0.710487 -0.079246 -0.031942 -0.031942 0.000000 1.118356 -1.118356 1.768486 -1.768486 0.000000 0.190374 -0.190374

sigma_fcs span_loc fcs_loc wing_frac nacelle_frac AoA Mach Beta h n W Re1 Re2 Re3 Re4 Re5 Re6 Re7 Re8 Im1 Im2 Im3 Im4 Im5 Im6 Im7 Im8
2333.333333 -1.000000 0.227778 0.000000 0.200000 26.632710 0.200000 0.000000 0.000000 1.000000 626510.438463 -20.930006 -1.199098 -1.199098 -0.622862 -0.622862 -0.078398 -0.043336 -0.043336 0.000000 1.131801 -1.131801 1.808818 -1.808818 0.000000 0.186089 -0.186089
2333.333333 -1.000000 0.227778 0.000000 0.200000 13.045120 0.500000 0.000000 3048.000000 2.500000 626510.438463 -36.377389 -0.868029 -0.868029 -0.925621 -0.925621 -0.053880 -0.014423 -0.014423 0.000000 1.546043 -1.546043 2.618179 -2.618179 0.000000 0.128386 -0.128386
2333.333333 -1.000000 0.227778 0.000000 0.200000 6.279680 0.700000 0.000000 10668.000000 1.000000 626510.438463 -55.777994 -0.858024 -0.858024 -1.179120 -1.179120 -0.025354 -0.003726 -0.003726 0.000000 2.371486 -2.371486 4.419813 -4.419813 0.000000 0.657724 -0.657724
2333.333333 -1.000000 0.227778 0.000000 0.200000 4.406990 0.700000 0.000000 10668.000000 1.000000 468940.622865 -56.230591 -0.760718 -0.760718 -1.249684 -1.249684 -0.024571 -0.002655 -0.002655 0.000000 2.330262 -2.330262 4.383993 -4.383993 0.000000 0.655981 -0.655981
2333.333333 -1.000000 0.227778 0.000000 0.200000 9.398920 0.500000 0.000000 3048.000000 2.500000 468940.622865 -37.280713 -0.716539 -0.716539 -1.002593 -1.002593 -0.053091 -0.010320 -0.010320 0.000000 1.485817 -1.485817 2.569372 -2.569372 0.000000 0.128092 -0.128092
2333.333333 -1.000000 0.227778 0.000000 0.200000 18.986350 0.200000 0.000000 0.000000 1.000000 468940.622865 -23.222694 -0.812392 -0.812392 -0.705614 -0.705614 -0.080455 -0.030934 -0.030934 0.000000 1.127614 -1.127614 1.740827 -1.740827 0.000000 0.190190 -0.190190

sigma_fcs span_loc fcs_loc wing_frac nacelle_frac AoA Mach Beta h n W Re1 Re2 Re3 Re4 Re5 Re6 Re7 Re8 Im1 Im2 Im3 Im4 Im5 Im6 Im7 Im8
2333.333333 -1.000000 0.336667 0.000000 0.200000 26.121920 0.200000 0.000000 0.000000 1.000000 626510.438463 -21.101689 -1.173636 -1.173636 -0.613950 -0.613950 -0.079124 -0.042285 -0.042285 0.000000 1.145290 -1.145290 1.770912 -1.770912 0.000000 0.186338 -0.186338
2333.333333 -1.000000 0.336667 0.000000 0.200000 12.807910 0.500000 0.000000 3048.000000 2.500000 626510.438463 -36.447690 -0.861325 -0.861325 -0.913383 -0.913383 -0.054672 -0.014023 -0.014023 0.000000 1.549392 -1.549392 2.562705 -2.562705 0.000000 0.128232 -0.128232
2333.333333 -1.000000 0.336667 0.000000 0.200000 6.159220 0.700000 0.000000 10668.000000 1.000000 626510.438463 -55.822379 -0.863014 -0.863014 -1.174064 -1.174064 -0.025798 -0.003619 -0.003619 0.000000 2.388720 -2.388720 4.345312 -4.345312 0.000000 0.657185 -0.657185
2333.333333 -1.000000 0.336667 0.000000 0.200000 4.317240 0.700000 0.000000 10668.000000 1.000000 468940.622865 -56.262985 -0.767462 -0.767462 -1.244682 -1.244682 -0.025033 -0.002570 -0.002570 0.000000 2.346118 -2.346118 4.309011 -4.309011 0.000000 0.655184 -0.655184
2333.333333 -1.000000 0.336667 0.000000 0.200000 9.225270 0.500000 0.000000 3048.000000 2.500000 468940.622865 -37.324588 -0.713240 -0.713240 -0.990293 -0.990293 -0.053981 -0.009988 -0.009988 0.000000 1.487500 -1.487500 2.513866 -2.513866 0.000000 0.127813 -0.127813
2333.333333 -1.000000 0.336667 0.000000 0.200000 18.637590 0.200000 0.000000 0.000000 1.000000 468940.622865 -23.312027 -0.800299 -0.800299 -0.695938 -0.695938 -0.081458 -0.030007 -0.030007 0.000000 1.130594 -1.130594 1.703042 -1.703042 0.000000 0.189973 -0.189973

sigma_fcs span_loc fcs_loc wing_frac nacelle_frac AoA Mach Beta h n W Re1 Re2 Re3 Re4 Re5 Re6 Re7 Re8 Im1 Im2 Im3 Im4 Im5 Im6 Im7 Im8
2333.333333 -1.000000 0.445556 0.000000 0.200000 25.615760 0.200000 0.000000 0.000000 1.000000 626510.438463 -21.272280 -1.143963 -1.143963 -0.601370 -0.601370 -0.079810 -0.041229 -0.041229 0.000000 1.153322 -1.153322 1.722581 -1.722581 0.000000 0.186545 -0.186545
2333.333333 -1.000000 0.445556 0.000000 0.200000 12.570790 0.500000 0.000000 3048.000000 2.500000 626510.438463 -36.517558 -0.848961 -0.848961 -0.894655 -0.894655 -0.055466 -0.013623 -0.013623 0.000000 1.545462 -1.545462 2.489211 -2.489211 0.000000 0.128045 -0.128045
2333.333333 -1.000000 0.445556 0.000000 0.200000 6.038500 0.700000 0.000000 10668.000000 1.000000 626510.438463 -55.864455 -0.858680 -0.858680 -1.155231 -1.155231 -0.026256 -0.003515 -0.003515 0.000000 2.388290 -2.388290 4.228051 -4.228051 0.000000 0.656545 -0.656545
2333.333333 -1.000000 0.445556 0.000000 0.200000 4.227260 0.700000 0.000000 10668.000000 1.000000 468940.622865 -56.292964 -0.765139 -0.765139 -1.226023 -1.226023 -0.025511 -0.002487 -0.002487 0.000000 2.344642 -2.344642 4.191380 -4.191380 0.000000 0.654248 -0.654248
2333.333333 -1.000000 0.445556 0.000000 0.200000 9.051390 0.500000 0.000000 3048.000000 2.500000 468940.622865 -37.367807 -0.704663 -0.704663 -0.971586 -0.971586 -0.054876 -0.009651 -0.009651 0.000000 1.482291 -1.482291 2.440423 -2.440423 0.000000 0.127486 -0.127486
2333.333333 -1.000000 0.445556 0.000000 0.200000 18.290040 0.200000 0.000000 0.000000 1.000000 468940.622865 -23.401106 -0.784466 -0.784466 -0.682650 -0.682650 -0.082412 -0.029055 -0.029055 0.000000 1.129448 -1.129448 1.654917 -1.654917 0.000000 0.189692 -0.189692

sigma_fcs span_loc fcs_loc wing_frac nacelle_frac AoA Mach Beta h n W Re1 Re2 Re3 Re4 Re5 Re6 Re7 Re8 Im1 Im2 Im3 Im4 Im5 Im6 Im7 Im8
2333.333333 -1.000000 0.554444 0.000000 0.200000 25.114730 0.200000 0.000000 0.000000 1.000000 626510.438463 -21.441264 -1.110190 -1.110190 -0.585335 -0.585335 -0.080445 -0.040163 -0.040163 0.000000 1.155696 -1.155696 1.663785 -1.663785 0.000000 0.186702 -0.186702
2333.333333 -1.000000 0.554444 0.000000 0.200000 12.334120 0.500000 0.000000 3048.000000 2.500000 626510.438463 -36.586589 -0.830773 -0.830773 -0.869707 -0.869707 -0.056256 -0.013221 -0.013221 0.000000 1.533870 -1.533870 2.397537 -2.397537 0.000000 0.127816 -0.127816
2333.333333 -1.000000 0.554444 0.000000 0.200000 5.917720 0.700000 0.000000 10668.000000 1.000000 626510.438463 -55.903394 -0.844122 -0.844122 -1.122393 -1.122393 -0.026727 -0.003414 -0.003414 0.000000 2.368634 -2.368634 4.066843 -4.066843 0.000000 0.655776 -0.655776
2333.333333 -1.000000 0.554444 0.000000 0.200000 4.137210 0.700000 0.000000 10668.000000 1.000000 468940.622865 -56.319736 -0.752851 -0.752851 -1.193477 -1.193477 -0.026003 -0.002406 -0.002406 0.000000 2.324326 -2.324326 4.029917 -4.029917 0.000000 0.653136 -0.653136
2333.333333 -1.000000 0.554444 0.000000 0.200000 8.877580 0.500000 0.000000 3048.000000 2.500000 468940.622865 -37.410036 -0.690619 -0.690619 -0.946742 -0.946742 -0.055771 -0.009305 -0.009305 0.000000 1.469846 -1.469846 2.348865 -2.348865 0.000000 0.127099 -0.127099
2333.333333 -1.000000 0.554444 0.000000 0.200000 17.944160 0.200000 0.000000 0.000000 1.000000 468940.622865 -23.489591 -0.764909 -0.764909 -0.665980 -0.665980 -0.083302 -0.028069 -0.028069 0.000000 1.123994 -1.123994 1.596394 -1.596394 0.000000 0.189331 -0.189331

sigma_fcs span_loc fcs_loc wing_frac nacelle_frac AoA Mach Beta h n W Re1 Re2 Re3 Re4 Re5 Re6 Re7 Re8 Im1 Im2 Im3 Im4 Im5 Im6 Im7 Im8
2333.333333 -1.000000 0.663333 0.000000 0.200000 24.619220 0.200000 0.000000 0.000000 1.000000 626510.438463 -21.607991 -1.072758 -1.072758 -0.566310 -0.566310 -0.081020 -0.039078 -0.039078 0.000000 1.152428 -1.152428 1.594914 -1.594914 0.000000 0.186799 -0.186799
2333.333333 -1.000000 0.663333 0.000000 0.200000 12.098200 0.500000 0.000000 3048.000000 2.500000 626510.438463 -36.654389 -0.807069 -0.807069 -0.839316 -0.839316 -0.057040 -0.012812 -0.012812 0.000000 1.514663 -1.514663 2.288389 -2.288389 0.000000 0.127534 -0.127534
2333.333333 -1.000000 0.663333 0.000000 0.200000 5.797070 0.700000 0.000000 10668.000000 1.000000 626510.438463 -55.938669 -0.819568 -0.819568 -1.076900 -1.076900 -0.027211 -0.003315 -0.003315 0.000000 2.329732 -2.329732 3.863713 -3.863713 0.000000 0.654843 -0.654843
2333.333333 -1.000000 0.663333 0.000000 0.200000 4.047220 0.700000 0.000000 10668.000000 1.000000 468940.622865 -56.342824 -0.730797 -0.730797 -1.148381 -1.148381 -0.026510 -0.002324 -0.002324 0.000000 2.285174 -2.285174 3.826625 -3.826625 0.000000 0.651797 -0.651797
2333.333333 -1.000000 0.663333 0.000000 0.200000 8.704080 0.500000 0.000000 3048.000000 2.500000 468940.622865 -37.450989 -0.671359 -0.671359 -0.916532 -0.916532 -0.056663 -0.008945 -0.008945 0.000000 1.450231 -1.450231 2.239869 -2.239869 0.000000 0.126635 -0.126635
2333.333333 -1.000000 0.663333 0.000000 0.200000 17.600310 0.200000 0.000000 0.000000 1.000000 468940.622865 -23.577100 -0.741914 -0.741914 -0.646407 -0.646407 -0.084118 -0.027035 -0.027035 0.000000 1.114251 -1.114251 1.527828 -1.527828 0.000000 0.188871 -0.188871

sigma_fcs span_loc fcs_loc wing_frac nacelle_frac AoA Mach Beta h n W Re1 Re2 Re3 Re4 Re5 Re6 Re7 Re8 Im1 Im2 Im3 Im4 Im5 Im6 Im7 Im8
2333.333333 -1.000000 0.772222 0.000000 0.200000 24.129700 0.200000 0.000000 0.000000 1.000000 626510.438463 -21.771661 -1.032409 -1.032409 -0.544971 -0.544971 -0.081527 -0.037962 -0.037962 0.000000 1.143786 -1.143786 1.516777 -1.516777 0.000000 0.186824 -0.186824
2333.333333 -1.000000 0.772222 0.000000 0.200000 11.863400 0.500000 0.000000 3048.000000 2.500000 626510.438463 -36.720576 -0.778610 -0.778610 -0.804697 -0.804697 -0.057812 -0.012393 -0.012393 0.000000 1.488336 -1.488336 2.163305 -2.163305 0.000000 0.127183 -0.127183
2333.333333 -1.000000 0.772222 0.000000 0.200000 5.676760 0.700000 0.000000 10668.000000 1.000000 626510.438463 -55.970133 -0.786389 -0.786389 -1.021523 -1.021523 -0.027707 -0.003218 -0.003218 0.000000 2.273197 -2.273197 3.623720 -3.623720 0.000000 0.653693 -0.653693
2333.333333 -1.000000 0.772222 0.000000 0.200000 3.957450 0.700000 0.000000 10668.000000 1.000000 468940.622865 -56.362158 -0.700292 -0.700292 -1.093481 -1.093481 -0.027031 -0.002242 -0.002242 0.000000 2.228788 -2.228788 3.586519 -3.586519 0.000000 0.650160 -0.650160
2333.333333 -1.000000 0.772222 0.000000 0.200000 8.531160 0.500000 0.000000 3048.000000 2.500000 468940.622865 -37.490443 -0.647558 -0.647558 -0.882163 -0.882163 -0.057547 -0.008566 -0.008566 0.000000 1.423937 -1.423937 2.114917 -2.114917 0.000000 0.126072 -0.126072
2333.333333 -1.000000 0.772222 0.000000 0.200000 17.258980 0.200000 0.000000 0.000000 1.000000 468940.622865 -23.663197 -0.716021 -0.716021 -0.624618 -0.624618 -0.084848 -0.025937 -0.025937 0.000000 1.100460 -1.100460 1.449976 -1.449976 0.000000 0.188283 -0.188283

sigma_fcs span_loc fcs_loc wing_frac nacelle_frac AoA Mach Beta h n W Re1 Re2 Re3 Re4 Re5 Re6 Re7 Re8 Im1 Im2 Im3 Im4 Im5 Im6 Im7 Im8
2333.333333 -1.000000 0.881111 0.000000 0.200000 23.646880 0.200000 0.000000 0.000000 1.000000 626510.438463 -21.931391 -0.990106 -0.990106 -0.522144 -0.522144 -0.081958 -0.036799 -0.036799 0.000000 1.130292 -1.130292 1.430537 -1.430537 0.000000 0.186756 -0.186756
2333.333333 -1.000000 0.881111 0.000000 0.200000 11.630180 0.500000 0.000000 3048.000000 2.500000 626510.438463 -36.784817 -0.746516 -0.746516 -0.767360 -0.767360 -0.058569 -0.011954 -0.011954 0.000000 1.455807 -1.455807 2.024478 -2.024478 0.000000 0.126743 -0.126743
2333.333333 -1.000000 0.881111 0.000000 0.200000 5.557040 0.700000 0.000000 10668.000000 1.000000 626510.438463 -55.998024 -0.746826 -0.746826 -0.959933 -0.959933 -0.028215 -0.003120 -0.003120 0.000000 2.202048 -2.202048 3.354136 -3.354136 0.000000 0.652252 -0.652252
2333.333333 -1.000000 0.881111 0.000000 0.200000 3.868100 0.700000 0.000000 10668.000000 1.000000 468940.622865 -56.378059 -0.663500 -0.663500 -1.032415 -1.032415 -0.027566 -0.002158 -0.002158 0.000000 2.158148 -2.158148 3.316796 -3.316796 0.000000 0.648122 -0.648122
2333.333333 -1.000000 0.881111 0.000000 0.200000 8.359210 0.500000 0.000000 3048.000000 2.500000 468940.622865 -37.528251 -0.620232 -0.620232 -0.845126 -0.845126 -0.058417 -0.008158 -0.008158 0.000000 1.391853 -1.391853 1.976133 -1.976133 0.000000 0.125379 -0.125379
2333.333333 -1.000000 0.881111 0.000000 0.200000 16.920750 0.200000 0.000000 0.000000 1.000000 468940.622865 -23.747427 -0.687972 -0.687972 -0.601448 -0.601448 -0.085484 -0.024752 -0.024752 0.000000 1.083074 -1.083074 1.363930 -1.363930 0.000000 0.187525 -0.187525

sigma_fcs span_loc fcs_loc wing_frac nacelle_frac AoA Mach Beta h n W Re1 Re2 Re3 Re4 Re5 Re6 Re7 Re8 Im1 Im2 Im3 Im4 Im5 Im6 Im7 Im8
2333.333333 -1.000000 0.990000 0.000000 0.200000 23.171150 0.200000 0.000000 0.000000 1.000000 626510.438463 -22.086460 -0.946864 -0.946864 -0.498684 -0.498684 -0.082306 -0.035563 -0.035563 0.000000 1.112662 -1.112662 1.337468 -1.337468 0.000000 0.186567 -0.186567
2333.333333 -1.000000 0.990000 0.000000 0.200000 11.398890 0.500000 0.000000 3048.000000 2.500000 626510.438463 -36.846908 -0.712054 -0.712054 -0.728849 -0.728849 -0.059307 -0.011485 -0.011485 0.000000 1.418270 -1.418270 1.874274 -1.874274 0.000000 0.126181 -0.126181
2333.333333 -1.000000 0.990000 0.000000 0.200000 5.438110 0.700000 0.000000 10668.000000 1.000000 626510.438463 -56.022881 -0.703440 -0.703440 -0.895892 -0.895892 -0.028734 -0.003021 -0.003021 0.000000 2.120074 -2.120074 3.062743 -3.062743 0.000000 0.650405 -0.650405
2333.333333 -1.000000 0.990000 0.000000 0.200000 3.779330 0.700000 0.000000 10668.000000 1.000000 468940.622865 -56.391141 -0.622909 -0.622909 -0.968915 -0.968915 -0.028113 -0.002070 -0.002070 0.000000 2.076974 -2.076974 3.025135 -3.025135 0.000000 0.645522 -0.645522
2333.333333 -1.000000 0.990000 0.000000 0.200000 8.188490 0.500000 0.000000 3048.000000 2.500000 468940.622865 -37.564381 -0.590547 -0.590547 -0.806952 -0.806952 -0.059271 -0.007711 -0.007711 0.000000 1.355118 -1.355118 1.825787 -1.825787 0.000000 0.124507 -0.124507
2333.333333 -1.000000 0.990000 0.000000 0.200000 16.586060 0.200000 0.000000 0.000000 1.000000 468940.622865 -23.829429 -0.658581 -0.658581 -0.577755 -0.577755 -0.086019 -0.023449 -0.023449 0.000000 1.062697 -1.062697 1.270884 -1.270884 0.000000 0.186539 -0.186539

sigma_fcs span_loc fcs_loc wing_frac nacelle_frac AoA Mach Beta h n W Re1 Re2 Re3 Re4 Re5 Re6 Re7 Re8 Im1 Im2 Im3 Im4 Im5 Im6 Im7 Im8
2611.111111 -1.000000 0.010000 0.000000 0.200000 27.374160 0.200000 0.000000 0.000000 1.000000 626510.438463 -20.956744 -1.227353 -1.227353 -0.628586 -0.628586 -0.077290 -0.044846 -0.044846 0.000000 1.102230 -1.102230 1.844635 -1.844635 0.000000 0.185668 -0.185668
2611.111111 -1.000000 0.010000 0.000000 0.200000 13.385630 0.500000 0.000000 3048.000000 2.500000 626510.438463 -36.828303 -0.868162 -0.868162 -0.931026 -0.931026 -0.052745 -0.015003 -0.015003 0.000000 1.528542 -1.528542 2.666068 -2.666068 0.000000 0.128561 -0.128561
2611.111111 -1.000000 0.010000 0.000000 0.200000 6.452040 0.700000 0.000000 10668.000000 1.000000 626510.438463 -57.050588 -0.836906 -0.836906 -1.162977 -1.162977 -0.024739 -0.003885 -0.003885 0.000000 2.318430 -2.318430 4.454369 -4.454369 0.000000 0.658359 -0.658359
2611.111111 -1.000000 0.010000 0.000000 0.200000 4.535330 0.700000 0.000000 10668.000000 1.000000 468940.622865 -57.526269 -0.737463 -0.737463 -1.233664 -1.233664 -0.023932 -0.002780 -0.002780 0.000000 2.279842 -2.279842 4.419433 -4.419433 0.000000 0.656935 -0.656935
2611.111111 -1.000000 0.010000 0.000000 0.200000 9.647660 0.500000 0.000000 3048.000000 2.500000 468940.622865 -37.778002 -0.712506 -0.712506 -1.008224 -1.008224 -0.051821 -0.010791 -0.010791 0.000000 1.471512 -1.471512 2.617490 -2.617490 0.000000 0.128427 -0.128427
2611.111111 -1.000000 0.010000 0.000000 0.200000 19.488980 0.200000 0.000000 0.000000 1.000000 468940.622865 -23.386600 -0.823081 -0.823081 -0.712488 -0.712488 -0.078931 -0.032236 -0.032236 0.000000 1.115809 -1.115809 1.776681 -1.776681 0.000000 0.190414 -0.190414

sigma_fcs span_loc fcs_loc wing_frac nacelle_frac AoA Mach Beta h n W Re1 Re2 Re3 Re4 Re5 Re6 Re7 Re8 Im1 Im2 Im3 Im4 Im5 Im6 Im7 Im8
2611.111111 -1.000000 0.118889 0.000000 0.200000 26.986400 0.200000 0.000000 0.000000 1.000000 626510.438463 -21.088651 -1.211073 -1.211073 -0.624674 -0.624674 -0.077836 -0.044054 -0.044054 0.000000 1.116732 -1.116732 1.825126 -1.825126 0.000000 0.185899 -0.185899
2611.111111 -1.000000 0.118889 0.000000 0.200000 13.208130 0.500000 0.000000 3048.000000 2.500000 626510.438463 -36.881772 -0.866873 -0.866873 -0.926519 -0.926519 -0.053315 -0.014698 -0.014698 0.000000 1.536082 -1.536082 2.639577 -2.639577 0.000000 0.128476 -0.128476
2611.111111 -1.000000 0.118889 0.000000 0.200000 6.362280 0.700000 0.000000 10668.000000 1.000000 626510.438463 -57.085114 -0.845707 -0.845707 -1.167731 -1.167731 -0.025050 -0.003801 -0.003801 0.000000 2.342006 -2.342006 4.431006 -4.431006 0.000000 0.658046 -0.658046
2611.111111 -1.000000 0.118889 0.000000 0.200000 4.468510 0.700000 0.000000 10668.000000 1.000000 468940.622865 -57.551708 -0.747411 -0.747411 -1.238372 -1.238372 -0.024256 -0.002714 -0.002714 0.000000 2.302223 -2.302223 4.395673 -4.395673 0.000000 0.656463 -0.656463
2611.111111 -1.000000 0.118889 0.000000 0.200000 9.518080 0.500000 0.000000 3048.000000 2.500000 468940.622865 -37.811478 -0.713499 -0.713499 -1.003599 -1.003599 -0.052459 -0.010543 -0.010543 0.000000 1.477560 -1.477560 2.590933 -2.590933 0.000000 0.128262 -0.128262
2611.111111 -1.000000 0.118889 0.000000 0.200000 19.226660 0.200000 0.000000 0.000000 1.000000 468940.622865 -23.454586 -0.816626 -0.816626 -0.707944 -0.707944 -0.079686 -0.031552 -0.031552 0.000000 1.121055 -1.121055 1.757240 -1.757240 0.000000 0.190313 -0.190313

sigma_fcs span_loc fcs_loc wing_frac nacelle_frac AoA Mach Beta h n W Re1 Re2 Re3 Re4 Re5 Re6 Re7 Re8 Im1 Im2 Im3 Im4 Im5 Im6 Im7 Im8
2611.111111 -1.000000 0.227778 0.000000 0.200000 26.474260 0.200000 0.000000 0.000000 1.000000 626510.438463 -21.259947 -1.191265 -1.191265 -0.620455 -0.620455 -0.078628 -0.043011 -0.043011 0.000000 1.135876 -1.135876 1.798107 -1.798107 0.000000 0.186170 -0.186170
2611.111111 -1.000000 0.227778 0.000000 0.200000 12.971770 0.500000 0.000000 3048.000000 2.500000 626510.438463 -36.952661 -0.866755 -0.866755 -0.922443 -0.922443 -0.054125 -0.014299 -0.014299 0.000000 1.547585 -1.547585 2.602763 -2.602763 0.000000 0.128342 -0.128342
2611.111111 -1.000000 0.227778 0.000000 0.200000 6.242460 0.700000 0.000000 10668.000000 1.000000 626510.438463 -57.132697 -0.860881 -0.860881 -1.178780 -1.178780 -0.025490 -0.003692 -0.003692 0.000000 2.378590 -2.378590 4.400787 -4.400787 0.000000 0.657567 -0.657567
2611.111111 -1.000000 0.227778 0.000000 0.200000 4.379270 0.700000 0.000000 10668.000000 1.000000 468940.622865 -57.587333 -0.764029 -0.764029 -1.249350 -1.249350 -0.024712 -0.002629 -0.002629 0.000000 2.337051 -2.337051 4.364809 -4.364809 0.000000 0.655748 -0.655748
2611.111111 -1.000000 0.227778 0.000000 0.200000 9.345250 0.500000 0.000000 3048.000000 2.500000 468940.622865 -37.856256 -0.716273 -0.716273 -0.999387 -0.999387 -0.053366 -0.010218 -0.010218 0.000000 1.486962 -1.486962 2.553938 -2.553938 0.000000 0.128011 -0.128011
2611.111111 -1.000000 0.227778 0.000000 0.200000 18.878380 0.200000 0.000000 0.000000 1.000000 468940.622865 -23.543829 -0.809114 -0.809114 -0.702964 -0.702964 -0.080771 -0.030649 -0.030649 0.000000 1.128608 -1.128608 1.730147 -1.730147 0.000000 0.190129 -0.190129

sigma_fcs span_loc fcs_loc wing_frac nacelle_frac AoA Mach Beta h n W Re1 Re2 Re3 Re4 Re5 Re6 Re7 Re8 Im1 Im2 Im3 Im4 Im5 Im6 Im7 Im8
2611.111111 -1.000000 0.336667 0.000000 0.200000 26.014650 0.200000 0.000000 0.000000 1.000000 626510.438463 -21.415276 -1.168168 -1.168168 -0.612171 -0.612171 -0.079288 -0.042064 -0.042064 0.000000 1.147445 -1.147445 1.762608 -1.762608 0.000000 0.186384 -0.186384
2611.111111 -1.000000 0.336667 0.000000 0.200000 12.757830 0.500000 0.000000 3048.000000 2.500000 626510.438463 -37.016706 -0.860334 -0.860334 -0.910988 -0.910988 -0.054848 -0.013939 -0.013939 0.000000 1.550038 -1.550038 2.550490 -2.550490 0.000000 0.128195 -0.128195
2611.111111 -1.000000 0.336667 0.000000 0.200000 6.133740 0.700000 0.000000 10668.000000 1.000000 626510.438463 -57.173557 -0.864883 -0.864883 -1.173402 -1.173402 -0.025895 -0.003597 -0.003597 0.000000 2.392982 -2.392982 4.328902 -4.328902 0.000000 0.657059 -0.657059
2611.111111 -1.000000 0.336667 0.000000 0.200000 4.298260 0.700000 0.000000 10668.000000 1.000000 468940.622865 -57.617216 -0.769625 -0.769625 -1.244033 -1.244033 -0.025135 -0.002553 -0.002553 0.000000 2.350209 -2.350209 4.292483 -4.292483 0.000000 0.654999 -0.654999
2611.111111 -1.000000 0.336667 0.000000 0.200000 9.188570 0.500000 0.000000 3048.000000 2.500000 468940.622865 -37.896267 -0.712940 -0.712940 -0.987889 -0.987889 -0.054178 -0.009918 -0.009918 0.000000 1.487935 -1.487935 2.501630 -2.501630 0.000000 0.127748 -0.127748
2611.111111 -1.000000 0.336667 0.000000 0.200000 18.564100 0.200000 0.000000 0.000000 1.000000 468940.622865 -23.624889 -0.797972 -0.797972 -0.694009 -0.694009 -0.081683 -0.029811 -0.029811 0.000000 1.130942 -1.130942 1.694740 -1.694740 0.000000 0.189918 -0.189918

sigma_fcs span_loc fcs_loc wing_frac nacelle_frac AoA Mach Beta h n W Re1 Re2 Re3 Re4 Re5 Re6 Re7 Re8 Im1 Im2 Im3 Im4 Im5 Im6 Im7 Im8
2611.111111 -1.000000 0.445556 0.000000 0.200000 25.558980 0.200000 0.000000 0.000000 1.000000 626510.438463 -21.569697 -1.141490 -1.141490 -0.600801 -0.600801 -0.079912 -0.041113 -0.041113 0.000000 1.154444 -1.154444 1.718386 -1.718386 0.000000 0.186563 -0.186563
2611.111111 -1.000000 0.445556 0.000000 0.200000 12.544070 0.500000 0.000000 3048.000000 2.500000 626510.438463 -37.080303 -0.849100 -0.849100 -0.894055 -0.894055 -0.055570 -0.013579 -0.013579 0.000000 1.546317 -1.546317 2.483111 -2.483111 0.000000 0.128021 -0.128021
2611.111111 -1.000000 0.445556 0.000000 0.200000 6.024870 0.700000 0.000000 10668.000000 1.000000 626510.438463 -57.212245 -0.860866 -0.860866 -1.156286 -1.156286 -0.026312 -0.003504 -0.003504 0.000000 2.392270 -2.392270 4.220922 -4.220922 0.000000 0.656465 -0.656465
2611.111111 -1.000000 0.445556 0.000000 0.200000 4.217100 0.700000 0.000000 10668.000000 1.000000 468940.622865 -57.644849 -0.767422 -0.767422 -1.227078 -1.227078 -0.025570 -0.002478 -0.002478 0.000000 2.348550 -2.348550 4.184159 -4.184159 0.000000 0.654132 -0.654132
2611.111111 -1.000000 0.445556 0.000000 0.200000 9.031780 0.500000 0.000000 3048.000000 2.500000 468940.622865 -37.935645 -0.705116 -0.705116 -0.970981 -0.970981 -0.054992 -0.009614 -0.009614 0.000000 1.483062 -1.483062 2.434286 -2.434286 0.000000 0.127445 -0.127445
2611.111111 -1.000000 0.445556 0.000000 0.200000 18.250940 0.200000 0.000000 0.000000 1.000000 468940.622865 -23.705695 -0.783662 -0.783662 -0.682015 -0.682015 -0.082550 -0.028951 -0.028951 0.000000 1.129791 -1.129791 1.650684 -1.650684 0.000000 0.189653 -0.189653

sigma_fcs span_loc fcs_loc wing_frac nacelle_frac AoA Mach Beta h n W Re1 Re2 Re3 Re4 Re5 Re6 Re7 Re8 Im1 Im2 Im3 Im4 Im5 Im6 Im7 Im8
2611.111111 -1.000000 0.554444 0.000000 0.200000 25.107570 0.200000 0.000000 0.000000 1.000000 626510.438463 -21.722829 -1.111324 -1.111324 -0.586515 -0.586515 -0.080493 -0.040153 -0.040153 0.000000 1.156725 -1.156725 1.665434 -1.665434 0.000000 0.186700 -0.186700
2611.111111 -1.000000 0.554444 0.000000 0.200000 12.330730 0.500000 0.000000 3048.000000 2.500000 626510.438463 -37.143148 -0.832941 -0.832941 -0.871861 -0.871861 -0.056288 -0.013217 -0.013217 0.000000 1.536150 -1.536150 2.400550 -2.400550 0.000000 0.127811 -0.127811
2611.111111 -1.000000 0.554444 0.000000 0.200000 5.915990 0.700000 0.000000 10668.000000 1.000000 626510.438463 -57.248113 -0.848161 -0.848161 -1.127287 -1.127287 -0.026739 -0.003413 -0.003413 0.000000 2.375303 -2.375303 4.076074 -4.076074 0.000000 0.655764 -0.655764
2611.111111 -1.000000 0.554444 0.000000 0.200000 4.135910 0.700000 0.000000 10668.000000 1.000000 468940.622865 -57.669605 -0.756754 -0.756754 -1.198341 -1.198341 -0.026016 -0.002405 -0.002405 0.000000 2.330962 -2.330962 4.039065 -4.039065 0.000000 0.653118 -0.653118
2611.111111 -1.000000 0.554444 0.000000 0.200000 8.875090 0.500000 0.000000 3048.000000 2.500000 468940.622865 -37.974139 -0.692671 -0.692671 -0.948881 -0.948881 -0.055806 -0.009303 -0.009303 0.000000 1.472101 -1.472101 2.351818 -2.351818 0.000000 0.127092 -0.127092
2611.111111 -1.000000 0.554444 0.000000 0.200000 17.939200 0.200000 0.000000 0.000000 1.000000 468940.622865 -23.785997 -0.766204 -0.766204 -0.667162 -0.667162 -0.083363 -0.028063 -0.028063 0.000000 1.125024 -1.125024 1.597958 -1.597958 0.000000 0.189322 -0.189322

sigma_fcs span_loc fcs_loc wing_frac nacelle_frac AoA Mach Beta h n W Re1 Re2 Re3 Re4 Re5 Re6 Re7 Re8 Im1 Im2 Im3 Im4 Im5 Im6 Im7 Im8
2611.111111 -1.000000 0.663333 0.000000 0.200000 24.660750 0.200000 0.000000 0.000000 1.000000 626510.438463 -21.874161 -1.078005 -1.078005 -0.569662 -0.569662 -0.081023 -0.039177 -0.039177 0.000000 1.154297 -1.154297 1.604061 -1.604061 0.000000 0.186790 -0.186790
2611.111111 -1.000000 0.663333 0.000000 0.200000 12.118050 0.500000 0.000000 3048.000000 2.500000 626510.438463 -37.204930 -0.812084 -0.812084 -0.844991 -0.844991 -0.056999 -0.012850 -0.012850 0.000000 1.519569 -1.519569 2.303363 -2.303363 0.000000 0.127559 -0.127559
2611.111111 -1.000000 0.663333 0.000000 0.200000 5.807230 0.700000 0.000000 10668.000000 1.000000 626510.438463 -57.280732 -0.826917 -0.826917 -1.087403 -1.087403 -0.027177 -0.003324 -0.003324 0.000000 2.342039 -2.342039 3.895900 -3.895900 0.000000 0.654928 -0.654928
2611.111111 -1.000000 0.663333 0.000000 0.200000 4.054790 0.700000 0.000000 10668.000000 1.000000 468940.622865 -57.691096 -0.737745 -0.737745 -1.158808 -1.158808 -0.026474 -0.002332 -0.002332 0.000000 2.297423 -2.297423 3.858728 -3.858728 0.000000 0.651919 -0.651919
2611.111111 -1.000000 0.663333 0.000000 0.200000 8.718680 0.500000 0.000000 3048.000000 2.500000 468940.622865 -38.011523 -0.675789 -0.675789 -0.922171 -0.922171 -0.056615 -0.008980 -0.008980 0.000000 1.455098 -1.455098 2.254756 -2.254756 0.000000 0.126677 -0.126677
2611.111111 -1.000000 0.663333 0.000000 0.200000 17.629200 0.200000 0.000000 0.000000 1.000000 468940.622865 -23.865495 -0.745812 -0.745812 -0.649813 -0.649813 -0.084112 -0.027135 -0.027135 0.000000 1.116657 -1.116657 1.536844 -1.536844 0.000000 0.188910 -0.188910

sigma_fcs span_loc fcs_loc wing_frac nacelle_frac AoA Mach Beta h n W Re1 Re2 Re3 Re4 Re5 Re6 Re7 Re8 Im1 Im2 Im3 Im4 Im5 Im6 Im7 Im8
2611.111111 -1.000000 0.772222 0.000000 0.200000 24.218970 0.200000 0.000000 0.000000 1.000000 626510.438463 -22.023060 -1.042092 -1.042092 -0.550751 -0.550751 -0.081495 -0.038178 -0.038178 0.000000 1.147348 -1.147348 1.534888 -1.534888 0.000000 0.186821 -0.186821
2611.111111 -1.000000 0.772222 0.000000 0.200000 11.906350 0.500000 0.000000 3048.000000 2.500000 626510.438463 -37.265349 -0.787093 -0.787093 -0.814356 -0.814356 -0.057701 -0.012474 -0.012474 0.000000 1.496932 -1.496932 2.192721 -2.192721 0.000000 0.127253 -0.127253
2611.111111 -1.000000 0.772222 0.000000 0.200000 5.698780 0.700000 0.000000 10668.000000 1.000000 626510.438463 -57.309962 -0.798122 -0.798122 -1.038685 -1.038685 -0.027624 -0.003236 -0.003236 0.000000 2.293628 -2.293628 3.684180 -3.684180 0.000000 0.653922 -0.653922
2611.111111 -1.000000 0.772222 0.000000 0.200000 3.973880 0.700000 0.000000 10668.000000 1.000000 468940.622865 -57.709242 -0.711342 -0.711342 -1.110511 -1.110511 -0.026943 -0.002258 -0.002258 0.000000 2.249076 -2.249076 3.646897 -3.646897 0.000000 0.650486 -0.650486
2611.111111 -1.000000 0.772222 0.000000 0.200000 8.562800 0.500000 0.000000 3048.000000 2.500000 468940.622865 -38.047616 -0.654968 -0.654968 -0.891752 -0.891752 -0.057416 -0.008642 -0.008642 0.000000 1.432412 -1.432412 2.144234 -2.144234 0.000000 0.126183 -0.126183
2611.111111 -1.000000 0.772222 0.000000 0.200000 17.321340 0.200000 0.000000 0.000000 1.000000 468940.622865 -23.943845 -0.722892 -0.722892 -0.630483 -0.630483 -0.084789 -0.026157 -0.026157 0.000000 1.104863 -1.104863 1.467925 -1.467925 0.000000 0.188397 -0.188397

sigma_fcs span_loc fcs_loc wing_frac nacelle_frac AoA Mach Beta h n W Re1 Re2 Re3 Re4 Re5 Re6 Re7 Re8 Im1 Im2 Im3 Im4 Im5 Im6 Im7 Im8
2611.111111 -1.000000 0.881111 0.000000 0.200000 23.782790 0.200000 0.000000 0.000000 1.000000 626510.438463 -22.168834 -1.004314 -1.004314 -0.530405 -0.530405 -0.081903 -0.037143 -0.037143 0.000000 1.136252 -1.136252 1.458796 -1.458796 0.000000 0.186781 -0.186781
2611.111111 -1.000000 0.881111 0.000000 0.200000 11.695990 0.500000 0.000000 3048.000000 2.500000 626510.438463 -37.324140 -0.758802 -0.758802 -0.781096 -0.781096 -0.058388 -0.012084 -0.012084 0.000000 1.468910 -1.468910 2.070286 -2.070286 0.000000 0.126877 -0.126877
2611.111111 -1.000000 0.881111 0.000000 0.200000 5.590840 0.700000 0.000000 10668.000000 1.000000 626510.438463 -57.335965 -0.763437 -0.763437 -0.983901 -0.983901 -0.028079 -0.003149 -0.003149 0.000000 2.232271 -2.232271 3.446389 -3.446389 0.000000 0.652694 -0.652694
2611.111111 -1.000000 0.881111 0.000000 0.200000 3.893330 0.700000 0.000000 10668.000000 1.000000 468940.622865 -57.724266 -0.679148 -0.679148 -1.056196 -1.056196 -0.027422 -0.002183 -0.002183 0.000000 2.188095 -2.188095 3.408993 -3.408993 0.000000 0.648746 -0.648746
2611.111111 -1.000000 0.881111 0.000000 0.200000 8.407750 0.500000 0.000000 3048.000000 2.500000 468940.622865 -38.082299 -0.630962 -0.630962 -0.858754 -0.858754 -0.058205 -0.008282 -0.008282 0.000000 1.404693 -1.404693 2.021863 -2.021863 0.000000 0.125590 -0.125590
2611.111111 -1.000000 0.881111 0.000000 0.200000 17.016110 0.200000 0.000000 0.000000 1.000000 468940.622865 -24.020690 -0.697999 -0.697999 -0.609804 -0.609804 -0.085388 -0.025113 -0.025113 0.000000 1.089971 -1.089971 1.392033 -1.392033 0.000000 0.187754 -0.187754

sigma_fcs span_loc fcs_loc wing_frac nacelle_frac AoA Mach Beta h n W Re1 Re2 Re3 Re4 Re5 Re6 Re7 Re8 Im1 Im2 Im3 Im4 Im5 Im6 Im7 Im8
2611.111111 -1.000000 0.990000 0.000000 0.200000 23.352580 0.200000 0.000000 0.000000 1.000000 626510.438463 -22.310895 -0.965457 -0.965457 -0.509284 -0.509284 -0.082244 -0.036057 -0.036057 0.000000 1.121530 -1.121530 1.376776 -1.376776 0.000000 0.186651 -0.186651
2611.111111 -1.000000 0.990000 0.000000 0.200000 11.487270 0.500000 0.000000 3048.000000 2.500000 626510.438463 -37.381131 -0.728178 -0.728178 -0.746413 -0.746413 -0.059060 -0.011673 -0.011673 0.000000 1.436387 -1.436387 1.937909 -1.937909 0.000000 0.126412 -0.126412
2611.111111 -1.000000 0.990000 0.000000 0.200000 5.483580 0.700000 0.000000 10668.000000 1.000000 626510.438463 -57.359146 -0.724836 -0.724836 -0.926013 -0.926013 -0.028543 -0.003060 -0.003060 0.000000 2.160818 -2.160818 3.188614 -3.188614 0.000000 0.651169 -0.651169
2611.111111 -1.000000 0.990000 0.000000 0.200000 3.813270 0.700000 0.000000 10668.000000 1.000000 468940.622865 -57.736634 -0.643079 -0.643079 -0.998797 -0.998797 -0.027912 -0.002105 -0.002105 0.000000 2.117283 -2.117283 3.151034 -3.151034 0.000000 0.646597 -0.646597
2611.111111 -1.000000 0.990000 0.000000 0.200000 8.253740 0.500000 0.000000 3048.000000 2.500000 468940.622865 -38.115536 -0.604660 -0.604660 -0.824366 -0.824366 -0.058981 -0.007894 -0.007894 0.000000 1.372787 -1.372787 1.889431 -1.889431 0.000000 0.124865 -0.124865
2611.111111 -1.000000 0.990000 0.000000 0.200000 16.713870 0.200000 0.000000 0.000000 1.000000 468940.622865 -24.095739 -0.671757 -0.671757 -0.588438 -0.588438 -0.085903 -0.023982 -0.023982 0.000000 1.072427 -1.072427 1.310098 -1.310098 0.000000 0.186943 -0.186943

sigma_fcs span_loc fcs_loc wing_frac nacelle_frac AoA Mach Beta h n W Re1 Re2 Re3 Re4 Re5 Re6 Re7 Re8 Im1 Im2 Im3 Im4 Im5 Im6 Im7 Im8
2888.888889 -1.000000 0.010000 0.000000 0.200000 27.160500 0.200000 0.000000 0.000000 1.000000 626510.438463 -21.256184 -1.218436 -1.218436 -0.626783 -0.626783 -0.077596 -0.044410 -0.044410 0.000000 1.110162 -1.110162 1.834738 -1.834738 0.000000 0.185797 -0.185797
2888.888889 -1.000000 0.010000 0.000000 0.200000 13.287980 0.500000 0.000000 3048.000000 2.500000 626510.438463 -37.316050 -0.868123 -0.868123 -0.929139 -0.929139 -0.053061 -0.014835 -0.014835 0.000000 1.533136 -1.533136 2.652913 -2.652913 0.000000 0.128516 -0.128516
2888.888889 -1.000000 0.010000 0.000000 0.200000 6.402680 0.700000 0.000000 10668.000000 1.000000 626510.438463 -58.199276 -0.842783 -0.842783 -1.166688 -1.166688 -0.024910 -0.003838 -0.003838 0.000000 2.332856 -2.332856 4.444733 -4.444733 0.000000 0.658192 -0.658192
2888.888889 -1.000000 0.010000 0.000000 0.200000 4.498590 0.700000 0.000000 10668.000000 1.000000 468940.622865 -58.675024 -0.743902 -0.743902 -1.237340 -1.237340 -0.024110 -0.002743 -0.002743 0.000000 2.293697 -2.293697 4.409568 -4.409568 0.000000 0.656681 -0.656681
2888.888889 -1.000000 0.010000 0.000000 0.200000 9.576390 0.500000 0.000000 3048.000000 2.500000 468940.622865 -38.262088 -0.713686 -0.713686 -1.006266 -1.006266 -0.052173 -0.010654 -0.010654 0.000000 1.475379 -1.475379 2.604288 -2.604288 0.000000 0.128338 -0.128338
2888.888889 -1.000000 0.010000 0.000000 0.200000 19.344590 0.200000 0.000000 0.000000 1.000000 468940.622865 -23.665384 -0.819929 -0.819929 -0.710336 -0.710336 -0.079354 -0.031861 -0.031861 0.000000 1.118774 -1.118774 1.766809 -1.766809 0.000000 0.190361 -0.190361

sigma_fcs span_loc fcs_loc wing_frac nacelle_frac AoA Mach Beta h n W Re1 Re2 Re3 Re4 Re5 Re6 Re7 Re8 Im1 Im2 Im3 Im4 Im5 Im6 Im7 Im8
2888.888889 -1.000000 0.118889 0.000000 0.200000 26.806080 0.200000 0.000000 0.000000 1.000000 626510.438463 -21.377235 -1.203247 -1.203247 -0.622811 -0.622811 -0.078102 -0.043685 -0.043685 0.000000 1.122720 -1.122720 1.815341 -1.815341 0.000000 0.186000 -0.186000
2888.888889 -1.000000 0.118889 0.000000 0.200000 13.125150 0.500000 0.000000 3048.000000 2.500000 626510.438463 -37.365533 -0.866487 -0.866487 -0.924389 -0.924389 -0.053591 -0.014556 -0.014556 0.000000 1.539373 -1.539373 2.626102 -2.626102 0.000000 0.128432 -0.128432
2888.888889 -1.000000 0.118889 0.000000 0.200000 6.320250 0.700000 0.000000 10668.000000 1.000000 626510.438463 -58.231605 -0.850385 -0.850385 -1.170072 -1.170072 -0.025201 -0.003762 -0.003762 0.000000 2.353262 -2.353262 4.418325 -4.418325 0.000000 0.657887 -0.657887
2888.888889 -1.000000 0.118889 0.000000 0.200000 4.437210 0.700000 0.000000 10668.000000 1.000000 468940.622865 -58.698911 -0.752574 -0.752574 -1.240695 -1.240695 -0.024412 -0.002683 -0.002683 0.000000 2.313020 -2.313020 4.382793 -4.382793 0.000000 0.656224 -0.656224
2888.888889 -1.000000 0.118889 0.000000 0.200000 9.457440 0.500000 0.000000 3048.000000 2.500000 468940.622865 -38.293110 -0.714172 -0.714172 -1.001421 -1.001421 -0.052768 -0.010427 -0.010427 0.000000 1.480277 -1.480277 2.577418 -2.577418 0.000000 0.128178 -0.128178
2888.888889 -1.000000 0.118889 0.000000 0.200000 19.104270 0.200000 0.000000 0.000000 1.000000 468940.622865 -23.728023 -0.813686 -0.813686 -0.705800 -0.705800 -0.080052 -0.031233 -0.031233 0.000000 1.123151 -1.123151 1.747468 -1.747468 0.000000 0.190256 -0.190256

sigma_fcs span_loc fcs_loc wing_frac nacelle_frac AoA Mach Beta h n W Re1 Re2 Re3 Re4 Re5 Re6 Re7 Re8 Im1 Im2 Im3 Im4 Im5 Im6 Im7 Im8
2888.888889 -1.000000 0.227778 0.000000 0.200000 26.344390 0.200000 0.000000 0.000000 1.000000 626510.438463 -21.532490 -1.184897 -1.184897 -0.618472 -0.618472 -0.078820 -0.042745 -0.042745 0.000000 1.139127 -1.139127 1.789039 -1.789039 0.000000 0.186234 -0.186234
2888.888889 -1.000000 0.227778 0.000000 0.200000 12.911490 0.500000 0.000000 3048.000000 2.500000 626510.438463 -37.430212 -0.865699 -0.865699 -0.919829 -0.919829 -0.054330 -0.014198 -0.014198 0.000000 1.548809 -1.548809 2.589646 -2.589646 0.000000 0.128303 -0.128303
2888.888889 -1.000000 0.227778 0.000000 0.200000 6.211850 0.700000 0.000000 10668.000000 1.000000 626510.438463 -58.275426 -0.863262 -0.863262 -1.178524 -1.178524 -0.025603 -0.003665 -0.003665 0.000000 2.384411 -2.384411 4.384347 -4.384347 0.000000 0.657432 -0.657432
2888.888889 -1.000000 0.227778 0.000000 0.200000 4.356460 0.700000 0.000000 10668.000000 1.000000 468940.622865 -58.731773 -0.766781 -0.766781 -1.249100 -1.249100 -0.024831 -0.002607 -0.002607 0.000000 2.342607 -2.342607 4.348232 -4.348232 0.000000 0.655547 -0.655547
2888.888889 -1.000000 0.227778 0.000000 0.200000 9.301130 0.500000 0.000000 3048.000000 2.500000 468940.622865 -38.333994 -0.716043 -0.716043 -0.996754 -0.996754 -0.053595 -0.010134 -0.010134 0.000000 1.487858 -1.487858 2.540802 -2.540802 0.000000 0.127940 -0.127940
2888.888889 -1.000000 0.227778 0.000000 0.200000 18.789740 0.200000 0.000000 0.000000 1.000000 468940.622865 -23.809147 -0.806422 -0.806422 -0.700788 -0.700788 -0.081036 -0.030415 -0.030415 0.000000 1.129392 -1.129392 1.721095 -1.721095 0.000000 0.190074 -0.190074

sigma_fcs span_loc fcs_loc wing_frac nacelle_frac AoA Mach Beta h n W Re1 Re2 Re3 Re4 Re5 Re6 Re7 Re8 Im1 Im2 Im3 Im4 Im5 Im6 Im7 Im8
2888.888889 -1.000000 0.336667 0.000000 0.200000 25.926740 0.200000 0.000000 0.000000 1.000000 626510.438463 -21.674297 -1.163729 -1.163729 -0.610720 -0.610720 -0.079425 -0.041883 -0.041883 0.000000 1.149188 -1.149188 1.755674 -1.755674 0.000000 0.186420 -0.186420
2888.888889 -1.000000 0.336667 0.000000 0.200000 12.716720 0.500000 0.000000 3048.000000 2.500000 626510.438463 -37.489002 -0.859527 -0.859527 -0.909041 -0.909041 -0.054993 -0.013871 -0.013871 0.000000 1.550564 -1.550564 2.540263 -2.540263 0.000000 0.128164 -0.128164
2888.888889 -1.000000 0.336667 0.000000 0.200000 6.112820 0.700000 0.000000 10668.000000 1.000000 626510.438463 -58.313247 -0.866450 -0.866450 -1.172904 -1.172904 -0.025977 -0.003579 -0.003579 0.000000 2.396507 -2.396507 4.315081 -4.315081 0.000000 0.656952 -0.656952
2888.888889 -1.000000 0.336667 0.000000 0.200000 4.282660 0.700000 0.000000 10668.000000 1.000000 468940.622865 -58.759476 -0.771432 -0.771432 -1.243546 -1.243546 -0.025219 -0.002539 -0.002539 0.000000 2.353589 -2.353589 4.278561 -4.278561 0.000000 0.654842 -0.654842
2888.888889 -1.000000 0.336667 0.000000 0.200000 9.158430 0.500000 0.000000 3048.000000 2.500000 468940.622865 -38.370746 -0.712697 -0.712697 -0.985935 -0.985935 -0.054341 -0.009861 -0.009861 0.000000 1.488284 -1.488284 2.491383 -2.491383 0.000000 0.127693 -0.127693
2888.888889 -1.000000 0.336667 0.000000 0.200000 18.503800 0.200000 0.000000 0.000000 1.000000 468940.622865 -23.883320 -0.796072 -0.796072 -0.692439 -0.692439 -0.081870 -0.029650 -0.029650 0.000000 1.131224 -1.131224 1.687803 -1.687803 0.000000 0.189870 -0.189870

sigma_fcs span_loc fcs_loc wing_frac nacelle_frac AoA Mach Beta h n W Re1 Re2 Re3 Re4 Re5 Re6 Re7 Re8 Im1 Im2 Im3 Im4 Im5 Im6 Im7 Im8
2888.888889 -1.000000 0.445556 0.000000 0.200000 25.512410 0.200000 0.000000 0.000000 1.000000 626510.438463 -21.815356 -1.139478 -1.139478 -0.600336 -0.600336 -0.079997 -0.041017 -0.041017 0.000000 1.155365 -1.155365 1.714902 -1.714902 0.000000 0.186577 -0.186577
2888.888889 -1.000000 0.445556 0.000000 0.200000 12.522130 0.500000 0.000000 3048.000000 2.500000 626510.438463 -37.547357 -0.849215 -0.849215 -0.893567 -0.893567 -0.055655 -0.013543 -0.013543 0.000000 1.547021 -1.547021 2.478035 -2.478035 0.000000 0.128001 -0.128001
2888.888889 -1.000000 0.445556 0.000000 0.200000 6.013690 0.700000 0.000000 10668.000000 1.000000 626510.438463 -58.349047 -0.862676 -0.862676 -1.157171 -1.157171 -0.026359 -0.003494 -0.003494 0.000000 2.395554 -2.395554 4.214956 -4.214956 0.000000 0.656398 -0.656398
2888.888889 -1.000000 0.445556 0.000000 0.200000 4.208760 0.700000 0.000000 10668.000000 1.000000 468940.622865 -58.785095 -0.769313 -0.769313 -1.227964 -1.227964 -0.025618 -0.002471 -0.002471 0.000000 2.351772 -2.351772 4.178115 -4.178115 0.000000 0.654035 -0.654035
2888.888889 -1.000000 0.445556 0.000000 0.200000 9.015680 0.500000 0.000000 3048.000000 2.500000 468940.622865 -38.406907 -0.705489 -0.705489 -0.970490 -0.970490 -0.055088 -0.009584 -0.009584 0.000000 1.483694 -1.483694 2.429179 -2.429179 0.000000 0.127411 -0.127411
2888.888889 -1.000000 0.445556 0.000000 0.200000 18.218840 0.200000 0.000000 0.000000 1.000000 468940.622865 -23.957259 -0.783005 -0.783005 -0.681496 -0.681496 -0.082665 -0.028866 -0.028866 0.000000 1.130075 -1.130075 1.647168 -1.647168 0.000000 0.189620 -0.189620

sigma_fcs span_loc fcs_loc wing_frac nacelle_frac AoA Mach Beta h n W Re1 Re2 Re3 Re4 Re5 Re6 Re7 Re8 Im1 Im2 Im3 Im4 Im5 Im6 Im7 Im8
2888.888889 -1.000000 0.554444 0.000000 0.200000 25.101680 0.200000 0.000000 0.000000 1.000000 626510.438463 -21.955352 -1.112228 -1.112228 -0.587459 -0.587459 -0.080532 -0.040144 -0.040144 0.000000 1.157548 -1.157548 1.666739 -1.666739 0.000000 0.186699 -0.186699
2888.888889 -1.000000 0.554444 0.000000 0.200000 12.327930 0.500000 0.000000 3048.000000 2.500000 626510.438463 -37.605032 -0.834686 -0.834686 -0.873589 -0.873589 -0.056313 -0.013214 -0.013214 0.000000 1.537979 -1.537979 2.402943 -2.402943 0.000000 0.127808 -0.127808
2888.888889 -1.000000 0.554444 0.000000 0.200000 5.914560 0.700000 0.000000 10668.000000 1.000000 626510.438463 -58.382299 -0.851433 -0.851433 -1.131236 -1.131236 -0.026750 -0.003412 -0.003412 0.000000 2.380681 -2.380681 4.083466 -4.083466 0.000000 0.655753 -0.655753
2888.888889 -1.000000 0.554444 0.000000 0.200000 4.134850 0.700000 0.000000 10668.000000 1.000000 468940.622865 -58.808123 -0.759914 -0.759914 -1.202266 -1.202266 -0.026027 -0.002404 -0.002404 0.000000 2.336315 -2.336315 4.046389 -4.046389 0.000000 0.653103 -0.653103
2888.888889 -1.000000 0.554444 0.000000 0.200000 8.873030 0.500000 0.000000 3048.000000 2.500000 468940.622865 -38.442272 -0.694324 -0.694324 -0.950598 -0.950598 -0.055833 -0.009301 -0.009301 0.000000 1.473911 -1.473911 2.354161 -2.354161 0.000000 0.127087 -0.127087
2888.888889 -1.000000 0.554444 0.000000 0.200000 17.935120 0.200000 0.000000 0.000000 1.000000 468940.622865 -24.030760 -0.767242 -0.767242 -0.668108 -0.668108 -0.083411 -0.028058 -0.028058 0.000000 1.125849 -1.125849 1.599195 -1.599195 0.000000 0.189314 -0.189314

sigma_fcs span_loc fcs_loc wing_frac nacelle_frac AoA Mach Beta h n W Re1 Re2 Re3 Re4 Re5 Re6 Re7 Re8 Im1 Im2 Im3 Im4 Im5 Im6 Im7 Im8
2888.888889 -1.000000 0.663333 0.000000 0.200000 24.694840 0.200000 0.000000 0.000000 1.000000 626510.438463 -22.093876 -1.082239 -1.082239 -0.572359 -0.572359 -0.081022 -0.039258 -0.039258 0.000000 1.155740 -1.155740 1.611435 -1.611435 0.000000 0.186781 -0.186781
2888.888889 -1.000000 0.663333 0.000000 0.200000 12.134330 0.500000 0.000000 3048.000000 2.500000 626510.438463 -37.661780 -0.816112 -0.816112 -0.849558 -0.849558 -0.056965 -0.012881 -0.012881 0.000000 1.523463 -1.523463 2.315431 -2.315431 0.000000 0.127579 -0.127579
2888.888889 -1.000000 0.663333 0.000000 0.200000 5.815560 0.700000 0.000000 10668.000000 1.000000 626510.438463 -58.412654 -0.832818 -0.832818 -1.095856 -1.095856 -0.027149 -0.003331 -0.003331 0.000000 2.351840 -2.351840 3.921819 -3.921819 0.000000 0.654997 -0.654997
2888.888889 -1.000000 0.663333 0.000000 0.200000 4.061010 0.700000 0.000000 10668.000000 1.000000 468940.622865 -58.828241 -0.743319 -0.743319 -1.167198 -1.167198 -0.026444 -0.002338 -0.002338 0.000000 2.307183 -2.307183 3.884580 -3.884580 0.000000 0.652018 -0.652018
2888.888889 -1.000000 0.663333 0.000000 0.200000 8.730660 0.500000 0.000000 3048.000000 2.500000 468940.622865 -38.476662 -0.679343 -0.679343 -0.926707 -0.926707 -0.056574 -0.009008 -0.009008 0.000000 1.458970 -1.458970 2.266754 -2.266754 0.000000 0.126710 -0.126710
2888.888889 -1.000000 0.663333 0.000000 0.200000 17.652900 0.200000 0.000000 0.000000 1.000000 468940.622865 -24.103584 -0.748950 -0.748950 -0.652554 -0.652554 -0.084104 -0.027217 -0.027217 0.000000 1.118557 -1.118557 1.544113 -1.544113 0.000000 0.188942 -0.188942

sigma_fcs span_loc fcs_loc wing_frac nacelle_frac AoA Mach Beta h n W Re1 Re2 Re3 Re4 Re5 Re6 Re7 Re8 Im1 Im2 Im3 Im4 Im5 Im6 Im7 Im8
2888.888889 -1.000000 0.772222 0.000000 0.200000 24.292310 0.200000 0.000000 0.000000 1.000000 626510.438463 -22.230416 -1.049944 -1.049944 -0.555427 -0.555427 -0.081464 -0.038353 -0.038353 0.000000 1.150081 -1.150081 1.549477 -1.549477 0.000000 0.186817 -0.186817
2888.888889 -1.000000 0.772222 0.000000 0.200000 11.941590 0.500000 0.000000 3048.000000 2.500000 626510.438463 -37.717355 -0.793923 -0.793923 -0.822174 -0.822174 -0.057607 -0.012540 -0.012540 0.000000 1.503740 -1.503740 2.216415 -2.216415 0.000000 0.127307 -0.127307
2888.888889 -1.000000 0.772222 0.000000 0.200000 5.716850 0.700000 0.000000 10668.000000 1.000000 626510.438463 -58.439981 -0.807566 -0.807566 -1.052585 -1.052585 -0.027555 -0.003251 -0.003251 0.000000 2.309875 -2.309875 3.732912 -3.732912 0.000000 0.654103 -0.654103
2888.888889 -1.000000 0.772222 0.000000 0.200000 3.987360 0.700000 0.000000 10668.000000 1.000000 468940.622865 -58.845364 -0.720227 -0.720227 -1.124304 -1.124304 -0.026870 -0.002271 -0.002271 0.000000 2.265221 -2.265221 3.695563 -3.695563 0.000000 0.650744 -0.650744
2888.888889 -1.000000 0.772222 0.000000 0.200000 8.588760 0.500000 0.000000 3048.000000 2.500000 468940.622865 -38.509930 -0.660922 -0.660922 -0.899513 -0.899513 -0.057307 -0.008703 -0.008703 0.000000 1.439141 -1.439141 2.167846 -2.167846 0.000000 0.126271 -0.126271
2888.888889 -1.000000 0.772222 0.000000 0.200000 17.372540 0.200000 0.000000 0.000000 1.000000 468940.622865 -24.175454 -0.728442 -0.728442 -0.635232 -0.635232 -0.084735 -0.026335 -0.026335 0.000000 1.108330 -1.108330 1.482382 -1.482382 0.000000 0.188487 -0.188487

sigma_fcs span_loc fcs_loc wing_frac nacelle_frac AoA Mach Beta h n W Re1 Re2 Re3 Re4 Re5 Re6 Re7 Re8 Im1 Im2 Im3 Im4 Im5 Im6 Im7 Im8
2888.888889 -1.000000 0.881111 0.000000 0.200000 23.894550 0.200000 0.000000 0.000000 1.000000 626510.438463 -22.364420 -1.015905 -1.015905 -0.537146 -0.537146 -0.081852 -0.037421 -0.037421 0.000000 1.140843 -1.140843 1.481548 -1.481548 0.000000 0.186795 -0.186795
2888.888889 -1.000000 0.881111 0.000000 0.200000 11.750020 0.500000 0.000000 3048.000000 2.500000 626510.438463 -37.771547 -0.768752 -0.768752 -0.792315 -0.792315 -0.058237 -0.012189 -0.012189 0.000000 1.479314 -1.479314 2.107182 -2.107182 0.000000 0.126981 -0.126981
2888.888889 -1.000000 0.881111 0.000000 0.200000 5.618580 0.700000 0.000000 10668.000000 1.000000 626510.438463 -58.464388 -0.776929 -0.776929 -1.003555 -1.003555 -0.027968 -0.003172 -0.003172 0.000000 2.256429 -2.256429 3.520953 -3.520953 0.000000 0.653034 -0.653034
2888.888889 -1.000000 0.881111 0.000000 0.200000 3.914030 0.700000 0.000000 10668.000000 1.000000 468940.622865 -58.859650 -0.691848 -0.691848 -1.075694 -1.075694 -0.027305 -0.002203 -0.002203 0.000000 2.212050 -2.212050 3.483505 -3.483505 0.000000 0.649228 -0.649228
2888.888889 -1.000000 0.881111 0.000000 0.200000 8.447590 0.500000 0.000000 3048.000000 2.500000 468940.622865 -38.541975 -0.639635 -0.639635 -0.869886 -0.869886 -0.058030 -0.008382 -0.008382 0.000000 1.414910 -1.414910 2.058687 -2.058687 0.000000 0.125753 -0.125753
2888.888889 -1.000000 0.881111 0.000000 0.200000 17.094440 0.200000 0.000000 0.000000 1.000000 468940.622865 -24.246086 -0.706142 -0.706142 -0.616630 -0.616630 -0.085300 -0.025401 -0.025401 0.000000 1.095415 -1.095415 1.414648 -1.414648 0.000000 0.187930 -0.187930

sigma_fcs span_loc fcs_loc wing_frac nacelle_frac AoA Mach Beta h n W Re1 Re2 Re3 Re4 Re5 Re6 Re7 Re8 Im1 Im2 Im3 Im4 Im5 Im6 Im7 Im8
2888.888889 -1.000000 0.990000 0.000000 0.200000 23.501890 0.200000 0.000000 0.000000 1.000000 626510.438463 -22.495404 -0.980741 -0.980741 -0.518033 -0.518033 -0.082183 -0.036451 -0.036451 0.000000 1.128418 -1.128418 1.408432 -1.408432 0.000000 0.186703 -0.186703
2888.888889 -1.000000 0.990000 0.000000 0.200000 11.559850 0.500000 0.000000 3048.000000 2.500000 626510.438463 -37.824207 -0.741351 -0.741351 -0.760931 -0.760931 -0.058854 -0.011823 -0.011823 0.000000 1.450856 -1.450856 1.989196 -1.989196 0.000000 0.126585 -0.126585
2888.888889 -1.000000 0.990000 0.000000 0.200000 5.520890 0.700000 0.000000 10668.000000 1.000000 626510.438463 -58.486183 -0.742447 -0.742447 -0.951110 -0.951110 -0.028388 -0.003092 -0.003092 0.000000 2.193682 -2.193682 3.290741 -3.290741 0.000000 0.651740 -0.651740
2888.888889 -1.000000 0.990000 0.000000 0.200000 3.841120 0.700000 0.000000 10668.000000 1.000000 468940.622865 -58.871455 -0.659672 -0.659672 -1.023694 -1.023694 -0.027747 -0.002134 -0.002134 0.000000 2.149815 -2.149815 3.253157 -3.253157 0.000000 0.647401 -0.647401
2888.888889 -1.000000 0.990000 0.000000 0.200000 8.307310 0.500000 0.000000 3048.000000 2.500000 468940.622865 -38.572761 -0.616171 -0.616171 -0.838763 -0.838763 -0.058740 -0.008038 -0.008038 0.000000 1.386924 -1.386924 1.940693 -1.940693 0.000000 0.125134 -0.125134
2888.888889 -1.000000 0.990000 0.000000 0.200000 16.818900 0.200000 0.000000 0.000000 1.000000 468940.622865 -24.315239 -0.682537 -0.682537 -0.597267 -0.597267 -0.085795 -0.024401 -0.024401 0.000000 1.080146 -1.080146 1.341649 -1.341649 0.000000 0.187244 -0.187244

sigma_fcs span_loc fcs_loc wing_frac nacelle_frac AoA Mach Beta h n W Re1 Re2 Re3 Re4 Re5 Re6 Re7 Re8 Im1 Im2 Im3 Im4 Im5 Im6 Im7 Im8
3166.666667 -1.000000 0.010000 0.000000 0.200000 26.982610 0.200000 0.000000 0.000000 1.000000 626510.438463 -21.507587 -1.211002 -1.211002 -0.625181 -0.625181 -0.077857 -0.044047 -0.044047 0.000000 1.116522 -1.116522 1.825900 -1.825900 0.000000 0.185901 -0.185901
3166.666667 -1.000000 0.010000 0.000000 0.200000 13.206380 0.500000 0.000000 3048.000000 2.500000 626510.438463 -37.727503 -0.868008 -0.868008 -0.927425 -0.927425 -0.053329 -0.014695 -0.014695 0.000000 1.536808 -1.536808 2.640984 -2.640984 0.000000 0.128475 -0.128475
3166.666667 -1.000000 0.010000 0.000000 0.200000 6.361390 0.700000 0.000000 10668.000000 1.000000 626510.438463 -59.181395 -0.847697 -0.847697 -1.169657 -1.169657 -0.025055 -0.003800 -0.003800 0.000000 2.344734 -2.344734 4.435021 -4.435021 0.000000 0.658043 -0.658043
3166.666667 -1.000000 0.010000 0.000000 0.200000 4.467850 0.700000 0.000000 10668.000000 1.000000 468940.622865 -59.657193 -0.749289 -0.749289 -1.240285 -1.240285 -0.024261 -0.002713 -0.002713 0.000000 2.305094 -2.305094 4.399658 -4.399658 0.000000 0.656458 -0.656458
3166.666667 -1.000000 0.010000 0.000000 0.200000 9.516800 0.500000 0.000000 3048.000000 2.500000 468940.622865 -38.670421 -0.714591 -0.714591 -1.004499 -1.004499 -0.052474 -0.010541 -0.010541 0.000000 1.478447 -1.478447 2.592316 -2.592316 0.000000 0.128260 -0.128260
3166.666667 -1.000000 0.010000 0.000000 0.200000 19.224090 0.200000 0.000000 0.000000 1.000000 468940.622865 -23.899616 -0.817234 -0.817234 -0.708451 -0.708451 -0.079713 -0.031548 -0.031548 0.000000 1.121130 -1.121130 1.757983 -1.757983 0.000000 0.190311 -0.190311

sigma_fcs span_loc fcs_loc wing_frac nacelle_frac AoA Mach Beta h n W Re1 Re2 Re3 Re4 Re5 Re6 Re7 Re8 Im1 Im2 Im3 Im4 Im5 Im6 Im7 Im8
3166.666667 -1.000000 0.118889 0.000000 0.200000 26.656330 0.200000 0.000000 0.000000 1.000000 626510.438463 -21.619418 -1.196742 -1.196742 -0.621195 -0.621195 -0.078327 -0.043380 -0.043380 0.000000 1.127520 -1.127520 1.806764 -1.806764 0.000000 0.186080 -0.186080
3166.666667 -1.000000 0.118889 0.000000 0.200000 13.056040 0.500000 0.000000 3048.000000 2.500000 626510.438463 -37.773524 -0.866099 -0.866099 -0.922519 -0.922519 -0.053824 -0.014439 -0.014439 0.000000 1.541986 -1.541986 2.614168 -2.614168 0.000000 0.128393 -0.128393
3166.666667 -1.000000 0.118889 0.000000 0.200000 6.285220 0.700000 0.000000 10668.000000 1.000000 626510.438463 -59.211743 -0.854265 -0.854265 -1.171911 -1.171911 -0.025328 -0.003730 -0.003730 0.000000 2.362478 -2.362478 4.406450 -4.406450 0.000000 0.657747 -0.657747
3166.666667 -1.000000 0.118889 0.000000 0.200000 4.411120 0.700000 0.000000 10668.000000 1.000000 468940.622865 -59.679662 -0.756858 -0.756858 -1.242523 -1.242523 -0.024545 -0.002658 -0.002658 0.000000 2.321849 -2.321849 4.370748 -4.370748 0.000000 0.656015 -0.656015
3166.666667 -1.000000 0.118889 0.000000 0.200000 9.406910 0.500000 0.000000 3048.000000 2.500000 468940.622865 -38.699300 -0.714667 -0.714667 -0.999515 -0.999515 -0.053029 -0.010332 -0.010332 0.000000 1.482414 -1.482414 2.565447 -2.565447 0.000000 0.128105 -0.128105
3166.666667 -1.000000 0.118889 0.000000 0.200000 19.002430 0.200000 0.000000 0.000000 1.000000 468940.622865 -23.957667 -0.811192 -0.811192 -0.703956 -0.703956 -0.080361 -0.030967 -0.030967 0.000000 1.124806 -1.124806 1.738894 -1.738894 0.000000 0.190203 -0.190203

sigma_fcs span_loc fcs_loc wing_frac nacelle_frac AoA Mach Beta h n W Re1 Re2 Re3 Re4 Re5 Re6 Re7 Re8 Im1 Im2 Im3 Im4 Im5 Im6 Im7 Im8
3166.666667 -1.000000 0.227778 0.000000 0.200000 26.236090 0.200000 0.000000 0.000000 1.000000 626510.438463 -21.761396 -1.179610 -1.179610 -0.616803 -0.616803 -0.078983 -0.042522 -0.042522 0.000000 1.141769 -1.141769 1.781257 -1.781257 0.000000 0.186284 -0.186284
3166.666667 -1.000000 0.227778 0.000000 0.200000 12.861110 0.500000 0.000000 3048.000000 2.500000 626510.438463 -37.832982 -0.864799 -0.864799 -0.917630 -0.917630 -0.054503 -0.014113 -0.014113 0.000000 1.549789 -1.549789 2.578339 -2.578339 0.000000 0.128269 -0.128269
3166.666667 -1.000000 0.227778 0.000000 0.200000 6.186260 0.700000 0.000000 10668.000000 1.000000 626510.438463 -59.252318 -0.865255 -0.865255 -1.178297 -1.178297 -0.025699 -0.003643 -0.003643 0.000000 2.389228 -2.389228 4.369963 -4.369963 0.000000 0.657314 -0.657314
3166.666667 -1.000000 0.227778 0.000000 0.200000 4.337390 0.700000 0.000000 10668.000000 1.000000 468940.622865 -59.710123 -0.769085 -0.769085 -1.248881 -1.248881 -0.024931 -0.002589 -0.002589 0.000000 2.347198 -2.347198 4.333731 -4.333731 0.000000 0.655374 -0.655374
3166.666667 -1.000000 0.227778 0.000000 0.200000 9.264240 0.500000 0.000000 3048.000000 2.500000 468940.622865 -38.736898 -0.715831 -0.715831 -0.994541 -0.994541 -0.053790 -0.010064 -0.010064 0.000000 1.488562 -1.488562 2.529476 -2.529476 0.000000 0.127880 -0.127880
3166.666667 -1.000000 0.227778 0.000000 0.200000 18.715720 0.200000 0.000000 0.000000 1.000000 468940.622865 -24.032025 -0.804165 -0.804165 -0.698962 -0.698962 -0.081259 -0.030219 -0.030219 0.000000 1.130016 -1.130016 1.713321 -1.713321 0.000000 0.190026 -0.190026

sigma_fcs span_loc fcs_loc wing_frac nacelle_frac AoA Mach Beta h n W Re1 Re2 Re3 Re4 Re5 Re6 Re7 Re8 Im1 Im2 Im3 Im4 Im5 Im6 Im7 Im8
3166.666667 -1.000000 0.336667 0.000000 0.200000 25.853370 0.200000 0.000000 0.000000 1.000000 626510.438463 -21.891858 -1.160049 -1.160049 -0.609511 -0.609511 -0.079540 -0.041732 -0.041732 0.000000 1.150623 -1.150623 1.749793 -1.749793 0.000000 0.186449 -0.186449
3166.666667 -1.000000 0.336667 0.000000 0.200000 12.682360 0.500000 0.000000 3048.000000 2.500000 626510.438463 -37.887307 -0.858854 -0.858854 -0.907422 -0.907422 -0.055116 -0.013813 -0.013813 0.000000 1.550997 -1.550997 2.531569 -2.531569 0.000000 0.128137 -0.128137
3166.666667 -1.000000 0.336667 0.000000 0.200000 6.095330 0.700000 0.000000 10668.000000 1.000000 626510.438463 -59.287502 -0.867776 -0.867776 -1.172511 -1.172511 -0.026045 -0.003564 -0.003564 0.000000 2.399459 -2.399459 4.303264 -4.303264 0.000000 0.656860 -0.656860
3166.666667 -1.000000 0.336667 0.000000 0.200000 4.269630 0.700000 0.000000 10668.000000 1.000000 468940.622865 -59.735925 -0.772959 -0.772959 -1.243163 -1.243163 -0.025291 -0.002527 -0.002527 0.000000 2.356418 -2.356418 4.266659 -4.266659 0.000000 0.654707 -0.654707
3166.666667 -1.000000 0.336667 0.000000 0.200000 9.133240 0.500000 0.000000 3048.000000 2.500000 468940.622865 -38.770874 -0.712495 -0.712495 -0.984313 -0.984313 -0.054479 -0.009814 -0.009814 0.000000 1.488566 -1.488566 2.482670 -2.482670 0.000000 0.127646 -0.127646
3166.666667 -1.000000 0.336667 0.000000 0.200000 18.453440 0.200000 0.000000 0.000000 1.000000 468940.622865 -24.100389 -0.794488 -0.794488 -0.691132 -0.691132 -0.082028 -0.029515 -0.029515 0.000000 1.131454 -1.131454 1.681915 -1.681915 0.000000 0.189829 -0.189829

sigma_fcs span_loc fcs_loc wing_frac nacelle_frac AoA Mach Beta h n W Re1 Re2 Re3 Re4 Re5 Re6 Re7 Re8 Im1 Im2 Im3 Im4 Im5 Im6 Im7 Im8
3166.666667 -1.000000 0.445556 0.000000 0.200000 25.473510 0.200000 0.000000 0.000000 1.000000 626510.438463 -22.021687 -1.137809 -1.137809 -0.599949 -0.599949 -0.080069 -0.040938 -0.040938 0.000000 1.156135 -1.156135 1.711963 -1.711963 0.000000 0.186589 -0.186589
3166.666667 -1.000000 0.445556 0.000000 0.200000 12.503790 0.500000 0.000000 3048.000000 2.500000 626510.438463 -37.941215 -0.849313 -0.849313 -0.893163 -0.893163 -0.055727 -0.013513 -0.013513 0.000000 1.547610 -1.547610 2.473746 -2.473746 0.000000 0.127983 -0.127983
3166.666667 -1.000000 0.445556 0.000000 0.200000 6.004330 0.700000 0.000000 10668.000000 1.000000 626510.438463 -59.320810 -0.864200 -0.864200 -1.157925 -1.157925 -0.026398 -0.003487 -0.003487 0.000000 2.398310 -2.398310 4.209889 -4.209889 0.000000 0.656341 -0.656341
3166.666667 -1.000000 0.445556 0.000000 0.200000 4.201790 0.700000 0.000000 10668.000000 1.000000 468940.622865 -59.759797 -0.770904 -0.770904 -1.228719 -1.228719 -0.025659 -0.002465 -0.002465 0.000000 2.354475 -2.354475 4.172983 -4.172983 0.000000 0.653952 -0.653952
3166.666667 -1.000000 0.445556 0.000000 0.200000 9.002220 0.500000 0.000000 3048.000000 2.500000 468940.622865 -38.804299 -0.705801 -0.705801 -0.970083 -0.970083 -0.055169 -0.009559 -0.009559 0.000000 1.484222 -1.484222 2.424864 -2.424864 0.000000 0.127382 -0.127382
3166.666667 -1.000000 0.445556 0.000000 0.200000 18.192020 0.200000 0.000000 0.000000 1.000000 468940.622865 -24.168535 -0.782456 -0.782456 -0.681065 -0.681065 -0.082761 -0.028795 -0.028795 0.000000 1.130313 -1.130313 1.644200 -1.644200 0.000000 0.189592 -0.189592

sigma_fcs span_loc fcs_loc wing_frac nacelle_frac AoA Mach Beta h n W Re1 Re2 Re3 Re4 Re5 Re6 Re7 Re8 Im1 Im2 Im3 Im4 Im5 Im6 Im7 Im8
3166.666667 -1.000000 0.554444 0.000000 0.200000 25.096740 0.200000 0.000000 0.000000 1.000000 626510.438463 -22.150620 -1.112964 -1.112964 -0.588230 -0.588230 -0.080563 -0.040136 -0.040136 0.000000 1.158220 -1.158220 1.667796 -1.667796 0.000000 0.186698 -0.186698
3166.666667 -1.000000 0.554444 0.000000 0.200000 12.325590 0.500000 0.000000 3048.000000 2.500000 626510.438463 -37.994506 -0.836119 -0.836119 -0.875004 -0.875004 -0.056335 -0.013211 -0.013211 0.000000 1.539478 -1.539478 2.404885 -2.404885 0.000000 0.127805 -0.127805
3166.666667 -1.000000 0.554444 0.000000 0.200000 5.913360 0.700000 0.000000 10668.000000 1.000000 626510.438463 -59.351808 -0.854134 -0.854134 -1.134486 -1.134486 -0.026758 -0.003411 -0.003411 0.000000 2.385106 -2.385106 4.089510 -4.089510 0.000000 0.655744 -0.655744
3166.666667 -1.000000 0.554444 0.000000 0.200000 4.133960 0.700000 0.000000 10668.000000 1.000000 468940.622865 -59.781327 -0.762524 -0.762524 -1.205496 -1.205496 -0.026035 -0.002404 -0.002404 0.000000 2.340719 -2.340719 4.052378 -4.052378 0.000000 0.653090 -0.653090
3166.666667 -1.000000 0.554444 0.000000 0.200000 8.871310 0.500000 0.000000 3048.000000 2.500000 468940.622865 -38.837006 -0.695682 -0.695682 -0.952003 -0.952003 -0.055856 -0.009300 -0.009300 0.000000 1.475394 -1.475394 2.356062 -2.356062 0.000000 0.127082 -0.127082
3166.666667 -1.000000 0.554444 0.000000 0.200000 17.931700 0.200000 0.000000 0.000000 1.000000 468940.622865 -24.236296 -0.768091 -0.768091 -0.668882 -0.668882 -0.083452 -0.028053 -0.028053 0.000000 1.126522 -1.126522 1.600195 -1.600195 0.000000 0.189308 -0.189308

sigma_fcs span_loc fcs_loc wing_frac nacelle_frac AoA Mach Beta h n W Re1 Re2 Re3 Re4 Re5 Re6 Re7 Re8 Im1 Im2 Im3 Im4 Im5 Im6 Im7 Im8
3166.666667 -1.000000 0.663333 0.000000 0.200000 24.723330 0.200000 0.000000 0.000000 1.000000 626510.438463 -22.278325 -1.085722 -1.085722 -0.574571 -0.574571 -0.081020 -0.039325 -0.039325 0.000000 1.156881 -1.156881 1.617497 -1.617497 0.000000 0.186775 -0.186775
3166.666667 -1.000000 0.663333 0.000000 0.200000 12.147920 0.500000 0.000000 3048.000000 2.500000 626510.438463 -38.046978 -0.819411 -0.819411 -0.853303 -0.853303 -0.056935 -0.012906 -0.012906 0.000000 1.526619 -1.526619 2.325349 -2.325349 0.000000 0.127596 -0.127596
3166.666667 -1.000000 0.663333 0.000000 0.200000 5.822520 0.700000 0.000000 10668.000000 1.000000 626510.438463 -59.380207 -0.837647 -0.837647 -1.102784 -1.102784 -0.027125 -0.003337 -0.003337 0.000000 2.359803 -2.359803 3.943096 -3.943096 0.000000 0.655054 -0.655054
3166.666667 -1.000000 0.663333 0.000000 0.200000 4.066200 0.700000 0.000000 10668.000000 1.000000 468940.622865 -59.800247 -0.747876 -0.747876 -1.174076 -1.174076 -0.026419 -0.002343 -0.002343 0.000000 2.315119 -2.315119 3.905804 -3.905804 0.000000 0.652100 -0.652100
3166.666667 -1.000000 0.663333 0.000000 0.200000 8.740660 0.500000 0.000000 3048.000000 2.500000 468940.622865 -38.868850 -0.682249 -0.682249 -0.930428 -0.930428 -0.056539 -0.009032 -0.009032 0.000000 1.462114 -1.462114 2.276616 -2.276616 0.000000 0.126738 -0.126738
3166.666667 -1.000000 0.663333 0.000000 0.200000 17.672700 0.200000 0.000000 0.000000 1.000000 468940.622865 -24.303476 -0.751527 -0.751527 -0.654804 -0.654804 -0.084095 -0.027284 -0.027284 0.000000 1.120090 -1.120090 1.550090 -1.550090 0.000000 0.188968 -0.188968

sigma_fcs span_loc fcs_loc wing_frac nacelle_frac AoA Mach Beta h n W Re1 Re2 Re3 Re4 Re5 Re6 Re7 Re8 Im1 Im2 Im3 Im4 Im5 Im6 Im7 Im8
3166.666667 -1.000000 0.772222 0.000000 0.200000 24.353650 0.200000 0.000000 0.000000 1.000000 626510.438463 -22.404379 -1.056425 -1.056425 -0.559278 -0.559278 -0.081435 -0.038498 -0.038498 0.000000 1.152221 -1.152221 1.561457 -1.561457 0.000000 0.186811 -0.186811
3166.666667 -1.000000 0.772222 0.000000 0.200000 11.971030 0.500000 0.000000 3048.000000 2.500000 626510.438463 -38.098431 -0.799520 -0.799520 -0.828609 -0.828609 -0.057528 -0.012595 -0.012595 0.000000 1.509241 -1.509241 2.235869 -2.235869 0.000000 0.127352 -0.127352
3166.666667 -1.000000 0.772222 0.000000 0.200000 5.731930 0.700000 0.000000 10668.000000 1.000000 626510.438463 -59.405887 -0.815294 -0.815294 -1.064025 -1.064025 -0.027498 -0.003264 -0.003264 0.000000 2.323037 -2.323037 3.772918 -3.772918 0.000000 0.654250 -0.654250
3166.666667 -1.000000 0.772222 0.000000 0.200000 3.998620 0.700000 0.000000 10668.000000 1.000000 468940.622865 -59.816476 -0.727491 -0.727491 -1.135656 -1.135656 -0.026810 -0.002282 -0.002282 0.000000 2.278309 -2.278309 3.735515 -3.735515 0.000000 0.650952 -0.650952
3166.666667 -1.000000 0.772222 0.000000 0.200000 8.610450 0.500000 0.000000 3048.000000 2.500000 468940.622865 -38.899708 -0.665793 -0.665793 -0.905903 -0.905903 -0.057214 -0.008754 -0.008754 0.000000 1.444588 -1.444588 2.187232 -2.187232 0.000000 0.126342 -0.126342
3166.666667 -1.000000 0.772222 0.000000 0.200000 17.415330 0.200000 0.000000 0.000000 1.000000 468940.622865 -24.369849 -0.733007 -0.733007 -0.639145 -0.639145 -0.084686 -0.026482 -0.026482 0.000000 1.111118 -1.111118 1.494253 -1.494253 0.000000 0.188559 -0.188559

sigma_fcs span_loc fcs_loc wing_frac nacelle_frac AoA Mach Beta h n W Re1 Re2 Re3 Re4 Re5 Re6 Re7 Re8 Im1 Im2 Im3 Im4 Im5 Im6 Im7 Im8
3166.666667 -1.000000 0.881111 0.000000 0.200000 23.988080 0.200000 0.000000 0.000000 1.000000 626510.438463 -22.528334 -1.025514 -1.025514 -0.542731 -0.542731 -0.081804 -0.037650 -0.037650 0.000000 1.144449 -1.144449 1.500219 -1.500219 0.000000 0.186802 -0.186802
3166.666667 -1.000000 0.881111 0.000000 0.200000 11.795160 0.500000 0.000000 3048.000000 2.500000 626510.438463 -38.148690 -0.776939 -0.776939 -0.801613 -0.801613 -0.058110 -0.012276 -0.012276 0.000000 1.487729 -1.487729 2.137462 -2.137462 0.000000 0.127063 -0.127063
3166.666667 -1.000000 0.881111 0.000000 0.200000 5.641750 0.700000 0.000000 10668.000000 1.000000 626510.438463 -59.428920 -0.788040 -0.788040 -1.019874 -1.019874 -0.027876 -0.003191 -0.003191 0.000000 2.276059 -2.276059 3.582266 -3.582266 0.000000 0.653304 -0.653304
3166.666667 -1.000000 0.881111 0.000000 0.200000 3.931320 0.700000 0.000000 10668.000000 1.000000 468940.622865 -59.830124 -0.702296 -0.702296 -1.091885 -1.091885 -0.027207 -0.002220 -0.002220 0.000000 2.231527 -2.231527 3.544772 -3.544772 0.000000 0.649611 -0.649611
3166.666667 -1.000000 0.881111 0.000000 0.200000 8.480870 0.500000 0.000000 3048.000000 2.500000 468940.622865 -38.929494 -0.646758 -0.646758 -0.879112 -0.879112 -0.057881 -0.008463 -0.008463 0.000000 1.423191 -1.423191 2.088901 -2.088901 0.000000 0.125883 -0.125883
3166.666667 -1.000000 0.881111 0.000000 0.200000 17.159930 0.200000 0.000000 0.000000 1.000000 468940.622865 -24.435183 -0.712864 -0.712864 -0.622290 -0.622290 -0.085220 -0.025637 -0.025637 0.000000 1.099795 -1.099795 1.433200 -1.433200 0.000000 0.188069 -0.188069

sigma_fcs span_loc fcs_loc wing_frac nacelle_frac AoA Mach Beta h n W Re1 Re2 Re3 Re4 Re5 Re6 Re7 Re8 Im1 Im2 Im3 Im4 Im5 Im6 Im7 Im8
3166.666667 -1.000000 0.990000 0.000000 0.200000 23.626920 0.200000 0.000000 0.000000 1.000000 626510.438463 -22.649790 -0.993484 -0.993484 -0.525341 -0.525341 -0.082124 -0.036772 -0.036772 0.000000 1.133862 -1.133862 1.434405 -1.434405 0.000000 0.186737 -0.186737
3166.666667 -1.000000 0.990000 0.000000 0.200000 11.620510 0.500000 0.000000 3048.000000 2.500000 626510.438463 -38.197630 -0.752261 -0.752261 -0.773072 -0.773072 -0.058680 -0.011945 -0.011945 0.000000 1.462603 -1.462603 2.031299 -2.031299 0.000000 0.126720 -0.126720
3166.666667 -1.000000 0.990000 0.000000 0.200000 5.552070 0.700000 0.000000 10668.000000 1.000000 626510.438463 -59.449542 -0.757097 -0.757097 -0.972208 -0.972208 -0.028260 -0.003118 -0.003118 0.000000 2.220562 -2.220562 3.374970 -3.374970 0.000000 0.652182 -0.652182
3166.666667 -1.000000 0.990000 0.000000 0.200000 3.864390 0.700000 0.000000 10668.000000 1.000000 468940.622865 -59.841467 -0.673467 -0.673467 -1.044624 -1.044624 -0.027611 -0.002157 -0.002157 0.000000 2.176439 -2.176439 3.337368 -3.337368 0.000000 0.648024 -0.648024
3166.666667 -1.000000 0.990000 0.000000 0.200000 8.352070 0.500000 0.000000 3048.000000 2.500000 468940.622865 -38.958175 -0.625686 -0.625686 -0.850804 -0.850804 -0.058537 -0.008155 -0.008155 0.000000 1.398424 -1.398424 1.982758 -1.982758 0.000000 0.125344 -0.125344
3166.666667 -1.000000 0.990000 0.000000 0.200000 16.906740 0.200000 0.000000 0.000000 1.000000 468940.622865 -24.499280 -0.691484 -0.691484 -0.604653 -0.604653 -0.085695 -0.024740 -0.024740 0.000000 1.086378 -1.086378 1.367519 -1.367519 0.000000 0.187476 -0.187476

sigma_fcs span_loc fcs_loc wing_frac nacelle_frac AoA Mach Beta h n W Re1 Re2 Re3 Re4 Re5 Re6 Re7 Re8 Im1 Im2 Im3 Im4 Im5 Im6 Im7 Im8
3444.444444 -1.000000 0.010000 0.000000 0.200000 26.832190 0.200000 0.000000 0.000000 1.000000 626510.438463 -21.721665 -1.204690 -1.204690 -0.623742 -0.623742 -0.078081 -0.043740 -0.043740 0.000000 1.121713 -1.121713 1.817966 -1.817966 0.000000 0.185984 -0.185984
3444.444444 -1.000000 0.010000 0.000000 0.200000 13.137190 0.500000 0.000000 3048.000000 2.500000 626510.438463 -38.079261 -0.867828 -0.867828 -0.925853 -0.925853 -0.053559 -0.014578 -0.014578 0.000000 1.539775 -1.539775 2.630137 -2.630137 0.000000 0.128439 -0.128439
3444.444444 -1.000000 0.010000 0.000000 0.200000 6.326350 0.700000 0.000000 10668.000000 1.000000 626510.438463 -60.030724 -0.851832 -0.851832 -1.172031 -1.172031 -0.025181 -0.003768 -0.003768 0.000000 2.354613 -2.354613 4.425437 -4.425437 0.000000 0.657911 -0.657911
3444.444444 -1.000000 0.010000 0.000000 0.200000 4.441750 0.700000 0.000000 10668.000000 1.000000 468940.622865 -60.506563 -0.753825 -0.753825 -1.242641 -1.242641 -0.024392 -0.002688 -0.002688 0.000000 2.314564 -2.314564 4.389903 -4.389903 0.000000 0.656259 -0.656259
3444.444444 -1.000000 0.010000 0.000000 0.200000 9.466240 0.500000 0.000000 3048.000000 2.500000 468940.622865 -39.019489 -0.715280 -0.715280 -1.002885 -1.002885 -0.052732 -0.010445 -0.010445 0.000000 1.480907 -1.480907 2.581431 -2.581431 0.000000 0.128190 -0.128190
3444.444444 -1.000000 0.010000 0.000000 0.200000 19.122010 0.200000 0.000000 0.000000 1.000000 468940.622865 -24.099187 -0.814891 -0.814891 -0.706779 -0.706779 -0.080020 -0.031282 -0.031282 0.000000 1.123026 -1.123026 1.750053 -1.750053 0.000000 0.190263 -0.190263

sigma_fcs span_loc fcs_loc wing_frac nacelle_frac AoA Mach Beta h n W Re1 Re2 Re3 Re4 Re5 Re6 Re7 Re8 Im1 Im2 Im3 Im4 Im5 Im6 Im7 Im8
3444.444444 -1.000000 0.118889 0.000000 0.200000 26.529790 0.200000 0.000000 0.000000 1.000000 626510.438463 -21.825633 -1.191232 -1.191232 -0.619776 -0.619776 -0.078520 -0.043121 -0.043121 0.000000 1.131452 -1.131452 1.799182 -1.799182 0.000000 0.186145 -0.186145
3444.444444 -1.000000 0.118889 0.000000 0.200000 12.997500 0.500000 0.000000 3048.000000 2.500000 626510.438463 -38.122281 -0.865714 -0.865714 -0.920861 -0.920861 -0.054024 -0.014341 -0.014341 0.000000 1.544098 -1.544098 2.603527 -2.603527 0.000000 0.128358 -0.128358
3444.444444 -1.000000 0.118889 0.000000 0.200000 6.255520 0.700000 0.000000 10668.000000 1.000000 626510.438463 -60.059309 -0.857526 -0.857526 -1.173374 -1.173374 -0.025437 -0.003704 -0.003704 0.000000 2.370146 -2.370146 4.395391 -4.395391 0.000000 0.657623 -0.657623
3444.444444 -1.000000 0.118889 0.000000 0.200000 4.388990 0.700000 0.000000 10668.000000 1.000000 468940.622865 -60.527758 -0.760463 -0.760463 -1.243979 -1.243979 -0.024658 -0.002637 -0.002637 0.000000 2.329189 -2.329189 4.359541 -4.359541 0.000000 0.655831 -0.655831
3444.444444 -1.000000 0.118889 0.000000 0.200000 9.364080 0.500000 0.000000 3048.000000 2.500000 468940.622865 -39.046502 -0.715032 -0.715032 -0.997830 -0.997830 -0.053253 -0.010251 -0.010251 0.000000 1.484126 -1.484126 2.554772 -2.554772 0.000000 0.128040 -0.128040
3444.444444 -1.000000 0.118889 0.000000 0.200000 18.916240 0.200000 0.000000 0.000000 1.000000 468940.622865 -24.153294 -0.809042 -0.809042 -0.702349 -0.702349 -0.080625 -0.030742 -0.030742 0.000000 1.126140 -1.126140 1.731308 -1.731308 0.000000 0.190154 -0.190154

sigma_fcs span_loc fcs_loc wing_frac nacelle_frac AoA Mach Beta h n W Re1 Re2 Re3 Re4 Re5 Re6 Re7 Re8 Im1 Im2 Im3 Im4 Im5 Im6 Im7 Im8
3444.444444 -1.000000 0.227778 0.000000 0.200000 26.144380 0.200000 0.000000 0.000000 1.000000 626510.438463 -21.956374 -1.175145 -1.175145 -0.615376 -0.615376 -0.079122 -0.042334 -0.042334 0.000000 1.143953 -1.143953 1.774501 -1.774501 0.000000 0.186326 -0.186326
3444.444444 -1.000000 0.227778 0.000000 0.200000 12.818390 0.500000 0.000000 3048.000000 2.500000 626510.438463 -38.177261 -0.864015 -0.864015 -0.915748 -0.915748 -0.054652 -0.014042 -0.014042 0.000000 1.550582 -1.550582 2.568485 -2.568485 0.000000 0.128239 -0.128239
3444.444444 -1.000000 0.227778 0.000000 0.200000 6.164540 0.700000 0.000000 10668.000000 1.000000 626510.438463 -60.097033 -0.866938 -0.866938 -1.178081 -1.178081 -0.025782 -0.003624 -0.003624 0.000000 2.393260 -2.393260 4.357257 -4.357257 0.000000 0.657211 -0.657211
3444.444444 -1.000000 0.227778 0.000000 0.200000 4.321210 0.700000 0.000000 10668.000000 1.000000 468940.622865 -60.556096 -0.771031 -0.771031 -1.248672 -1.248672 -0.025016 -0.002574 -0.002574 0.000000 2.351037 -2.351037 4.320924 -4.320924 0.000000 0.655222 -0.655222
3444.444444 -1.000000 0.227778 0.000000 0.200000 9.232940 0.500000 0.000000 3048.000000 2.500000 468940.622865 -39.081273 -0.715631 -0.715631 -0.992648 -0.992648 -0.053956 -0.010004 -0.010004 0.000000 1.489120 -1.489120 2.519604 -2.519604 0.000000 0.127826 -0.127826
3444.444444 -1.000000 0.227778 0.000000 0.200000 18.652970 0.200000 0.000000 0.000000 1.000000 468940.622865 -24.221894 -0.802240 -0.802240 -0.697404 -0.697404 -0.081451 -0.030053 -0.030053 0.000000 1.130518 -1.130518 1.706568 -1.706568 0.000000 0.189982 -0.189982

sigma_fcs span_loc fcs_loc wing_frac nacelle_frac AoA Mach Beta h n W Re1 Re2 Re3 Re4 Re5 Re6 Re7 Re8 Im1 Im2 Im3 Im4 Im5 Im6 Im7 Im8
3444.444444 -1.000000 0.336667 0.000000 0.200000 25.791220 0.200000 0.000000 0.000000 1.000000 626510.438463 -22.077178 -1.156948 -1.156948 -0.608487 -0.608487 -0.079639 -0.041604 -0.041604 0.000000 1.151824 -1.151824 1.744740 -1.744740 0.000000 0.186473 -0.186473
3444.444444 -1.000000 0.336667 0.000000 0.200000 12.653220 0.500000 0.000000 3048.000000 2.500000 626510.438463 -38.227745 -0.858283 -0.858283 -0.906054 -0.906054 -0.055221 -0.013765 -0.013765 0.000000 1.551357 -1.551357 2.524083 -2.524083 0.000000 0.128113 -0.128113
3444.444444 -1.000000 0.336667 0.000000 0.200000 6.080490 0.700000 0.000000 10668.000000 1.000000 626510.438463 -60.129910 -0.868910 -0.868910 -1.172190 -1.172190 -0.026104 -0.003551 -0.003551 0.000000 2.401963 -2.401963 4.293036 -4.293036 0.000000 0.656780 -0.656780
3444.444444 -1.000000 0.336667 0.000000 0.200000 4.258570 0.700000 0.000000 10668.000000 1.000000 468940.622865 -60.580225 -0.774264 -0.774264 -1.242851 -1.242851 -0.025352 -0.002517 -0.002517 0.000000 2.358815 -2.358815 4.256356 -4.256356 0.000000 0.654591 -0.654591
3444.444444 -1.000000 0.336667 0.000000 0.200000 9.111870 0.500000 0.000000 3048.000000 2.500000 468940.622865 -39.112857 -0.712321 -0.712321 -0.982941 -0.982941 -0.054597 -0.009773 -0.009773 0.000000 1.488797 -1.488797 2.475166 -2.475166 0.000000 0.127605 -0.127605
3444.444444 -1.000000 0.336667 0.000000 0.200000 18.410730 0.200000 0.000000 0.000000 1.000000 468940.622865 -24.285291 -0.793147 -0.793147 -0.690027 -0.690027 -0.082163 -0.029401 -0.029401 0.000000 1.131644 -1.131644 1.676854 -1.676854 0.000000 0.189792 -0.189792

sigma_fcs span_loc fcs_loc wing_frac nacelle_frac AoA Mach Beta h n W Re1 Re2 Re3 Re4 Re5 Re6 Re7 Re8 Im1 Im2 Im3 Im4 Im5 Im6 Im7 Im8
3444.444444 -1.000000 0.445556 0.000000 0.200000 25.440530 0.200000 0.000000 0.000000 1.000000 626510.438463 -22.197435 -1.136403 -1.136403 -0.599621 -0.599621 -0.080129 -0.040870 -0.040870 0.000000 1.156788 -1.156788 1.709450 -1.709450 0.000000 0.186598 -0.186598
3444.444444 -1.000000 0.445556 0.000000 0.200000 12.488240 0.500000 0.000000 3048.000000 2.500000 626510.438463 -38.277833 -0.849396 -0.849396 -0.892823 -0.892823 -0.055789 -0.013488 -0.013488 0.000000 1.548111 -1.548111 2.470074 -2.470074 0.000000 0.127969 -0.127969
3444.444444 -1.000000 0.445556 0.000000 0.200000 5.996400 0.700000 0.000000 10668.000000 1.000000 626510.438463 -60.161044 -0.865501 -0.865501 -1.158574 -1.158574 -0.026432 -0.003480 -0.003480 0.000000 2.400655 -2.400655 4.205532 -4.205532 0.000000 0.656292 -0.656292
3444.444444 -1.000000 0.445556 0.000000 0.200000 4.195880 0.700000 0.000000 10668.000000 1.000000 468940.622865 -60.602570 -0.772261 -0.772261 -1.229369 -1.229369 -0.025694 -0.002460 -0.002460 0.000000 2.356774 -2.356774 4.168570 -4.168570 0.000000 0.653881 -0.653881
3444.444444 -1.000000 0.445556 0.000000 0.200000 8.990800 0.500000 0.000000 3048.000000 2.500000 468940.622865 -39.143928 -0.706066 -0.706066 -0.969740 -0.969740 -0.055237 -0.009538 -0.009538 0.000000 1.484668 -1.484668 2.421168 -2.421168 0.000000 0.127357 -0.127357
3444.444444 -1.000000 0.445556 0.000000 0.200000 18.169280 0.200000 0.000000 0.000000 1.000000 468940.622865 -24.348485 -0.781992 -0.781992 -0.680700 -0.680700 -0.082843 -0.028735 -0.028735 0.000000 1.130517 -1.130517 1.641662 -1.641662 0.000000 0.189568 -0.189568

sigma_fcs span_loc fcs_loc wing_frac nacelle_frac AoA Mach Beta h n W Re1 Re2 Re3 Re4 Re5 Re6 Re7 Re8 Im1 Im2 Im3 Im4 Im5 Im6 Im7 Im8
3444.444444 -1.000000 0.554444 0.000000 0.200000 25.092550 0.200000 0.000000 0.000000 1.000000 626510.438463 -22.316925 -1.113575 -1.113575 -0.588872 -0.588872 -0.080590 -0.040130 -0.040130 0.000000 1.158779 -1.158779 1.668667 -1.668667 0.000000 0.186698 -0.186698
3444.444444 -1.000000 0.554444 0.000000 0.200000 12.323600 0.500000 0.000000 3048.000000 2.500000 626510.438463 -38.327359 -0.837317 -0.837317 -0.876184 -0.876184 -0.056352 -0.013209 -0.013209 0.000000 1.540727 -1.540727 2.406490 -2.406490 0.000000 0.127802 -0.127802
3444.444444 -1.000000 0.554444 0.000000 0.200000 5.912350 0.700000 0.000000 10668.000000 1.000000 626510.438463 -60.190078 -0.856401 -0.856401 -1.137206 -1.137206 -0.026765 -0.003411 -0.003411 0.000000 2.388809 -2.388809 4.094538 -4.094538 0.000000 0.655737 -0.655737
3444.444444 -1.000000 0.554444 0.000000 0.200000 4.133200 0.700000 0.000000 10668.000000 1.000000 468940.622865 -60.622786 -0.764714 -0.764714 -1.208198 -1.208198 -0.026042 -0.002403 -0.002403 0.000000 2.344405 -2.344405 4.057360 -4.057360 0.000000 0.653080 -0.653080
3444.444444 -1.000000 0.554444 0.000000 0.200000 8.869850 0.500000 0.000000 3048.000000 2.500000 468940.622865 -39.174349 -0.696818 -0.696818 -0.953175 -0.953175 -0.055875 -0.009298 -0.009298 0.000000 1.476631 -1.476631 2.357633 -2.357633 0.000000 0.127078 -0.127078
3444.444444 -1.000000 0.554444 0.000000 0.200000 17.928800 0.200000 0.000000 0.000000 1.000000 468940.622865 -24.411335 -0.768800 -0.768800 -0.669525 -0.669525 -0.083485 -0.028049 -0.028049 0.000000 1.127082 -1.127082 1.601019 -1.601019 0.000000 0.189303 -0.189303

sigma_fcs span_loc fcs_loc wing_frac nacelle_frac AoA Mach Beta h n W Re1 Re2 Re3 Re4 Re5 Re6 Re7 Re8 Im1 Im2 Im3 Im4 Im5 Im6 Im7 Im8
3444.444444 -1.000000 0.663333 0.000000 0.200000 24.747480 0.200000 0.000000 0.000000 1.000000 626510.438463 -22.435371 -1.088634 -1.088634 -0.576415 -0.576415 -0.081017 -0.039381 -0.039381 0.000000 1.157799 -1.157799 1.622562 -1.622562 0.000000 0.186768 -0.186768
3444.444444 -1.000000 0.663333 0.000000 0.200000 12.159450 0.500000 0.000000 3048.000000 2.500000 626510.438463 -38.376157 -0.822157 -0.822157 -0.856424 -0.856424 -0.056910 -0.012928 -0.012928 0.000000 1.529223 -1.529223 2.333634 -2.333634 0.000000 0.127610 -0.127610
3444.444444 -1.000000 0.663333 0.000000 0.200000 5.828420 0.700000 0.000000 10668.000000 1.000000 626510.438463 -60.216769 -0.841661 -0.841661 -1.108554 -1.108554 -0.027105 -0.003342 -0.003342 0.000000 2.366383 -2.366383 3.960847 -3.960847 0.000000 0.655102 -0.655102
3444.444444 -1.000000 0.663333 0.000000 0.200000 4.070600 0.700000 0.000000 10668.000000 1.000000 468940.622865 -60.640651 -0.751663 -0.751663 -1.179803 -1.179803 -0.026397 -0.002347 -0.002347 0.000000 2.321680 -2.321680 3.923511 -3.923511 0.000000 0.652168 -0.652168
3444.444444 -1.000000 0.663333 0.000000 0.200000 8.749140 0.500000 0.000000 3048.000000 2.500000 468940.622865 -39.204000 -0.684665 -0.684665 -0.933529 -0.933529 -0.056508 -0.009052 -0.009052 0.000000 1.464711 -1.464711 2.284854 -2.284854 0.000000 0.126762 -0.126762
3444.444444 -1.000000 0.663333 0.000000 0.200000 17.689480 0.200000 0.000000 0.000000 1.000000 468940.622865 -24.473682 -0.753677 -0.753677 -0.656680 -0.656680 -0.084087 -0.027341 -0.027341 0.000000 1.121350 -1.121350 1.555085 -1.555085 0.000000 0.188989 -0.188989

sigma_fcs span_loc fcs_loc wing_frac nacelle_frac AoA Mach Beta h n W Re1 Re2 Re3 Re4 Re5 Re6 Re7 Re8 Im1 Im2 Im3 Im4 Im5 Im6 Im7 Im8
3444.444444 -1.000000 0.772222 0.000000 0.200000 24.405690 0.200000 0.000000 0.000000 1.000000 626510.438463 -22.552419 -1.061854 -1.061854 -0.562496 -0.562496 -0.081408 -0.038620 -0.038620 0.000000 1.153929 -1.153929 1.571457 -1.571457 0.000000 0.186806 -0.186806
3444.444444 -1.000000 0.772222 0.000000 0.200000 11.995990 0.500000 0.000000 3048.000000 2.500000 626510.438463 -38.424057 -0.804178 -0.804178 -0.833985 -0.833985 -0.057460 -0.012641 -0.012641 0.000000 1.513761 -1.513761 2.252101 -2.252101 0.000000 0.127388 -0.127388
3444.444444 -1.000000 0.772222 0.000000 0.200000 5.744730 0.700000 0.000000 10668.000000 1.000000 626510.438463 -60.241007 -0.821711 -0.821711 -1.073572 -1.073572 -0.027449 -0.003274 -0.003274 0.000000 2.333870 -2.333870 3.806273 -3.806273 0.000000 0.654371 -0.654371
3444.444444 -1.000000 0.772222 0.000000 0.200000 4.008160 0.700000 0.000000 10668.000000 1.000000 468940.622865 -60.656087 -0.733516 -0.733516 -1.145128 -1.145128 -0.026758 -0.002291 -0.002291 0.000000 2.289089 -2.289089 3.768826 -3.768826 0.000000 0.651125 -0.651125
3444.444444 -1.000000 0.772222 0.000000 0.200000 8.628830 0.500000 0.000000 3048.000000 2.500000 468940.622865 -39.232777 -0.669839 -0.669839 -0.911241 -0.911241 -0.057135 -0.008796 -0.008796 0.000000 1.449072 -1.449072 2.203408 -2.203408 0.000000 0.126402 -0.126402
3444.444444 -1.000000 0.772222 0.000000 0.200000 17.451620 0.200000 0.000000 0.000000 1.000000 468940.622865 -24.535333 -0.736819 -0.736819 -0.642417 -0.642417 -0.084642 -0.026604 -0.026604 0.000000 1.113398 -1.113398 1.504162 -1.504162 0.000000 0.188619 -0.188619

sigma_fcs span_loc fcs_loc wing_frac nacelle_frac AoA Mach Beta h n W Re1 Re2 Re3 Re4 Re5 Re6 Re7 Re8 Im1 Im2 Im3 Im4 Im5 Im6 Im7 Im8
3444.444444 -1.000000 0.881111 0.000000 0.200000 24.067500 0.200000 0.000000 0.000000 1.000000 626510.438463 -22.667702 -1.033591 -1.033591 -0.547418 -0.547418 -0.081759 -0.037841 -0.037841 0.000000 1.147330 -1.147330 1.515786 -1.515786 0.000000 0.186806 -0.186806
3444.444444 -1.000000 0.881111 0.000000 0.200000 11.833450 0.500000 0.000000 3048.000000 2.500000 626510.438463 -38.470916 -0.783770 -0.783770 -0.809417 -0.809417 -0.058001 -0.012349 -0.012349 0.000000 1.494644 -1.494644 2.162708 -2.162708 0.000000 0.127130 -0.127130
3444.444444 -1.000000 0.881111 0.000000 0.200000 5.661390 0.700000 0.000000 10668.000000 1.000000 626510.438463 -60.262839 -0.797304 -0.797304 -1.033582 -1.033582 -0.027798 -0.003207 -0.003207 0.000000 2.292240 -2.292240 3.633434 -3.633434 0.000000 0.653524 -0.653524
3444.444444 -1.000000 0.881111 0.000000 0.200000 3.945980 0.700000 0.000000 10668.000000 1.000000 468940.622865 -60.669173 -0.711000 -0.711000 -1.105483 -1.105483 -0.027125 -0.002234 -0.002234 0.000000 2.247593 -2.247593 3.595900 -3.595900 0.000000 0.649922 -0.649922
3444.444444 -1.000000 0.881111 0.000000 0.200000 8.509090 0.500000 0.000000 3048.000000 2.500000 468940.622865 -39.260608 -0.652689 -0.652689 -0.886858 -0.886858 -0.057754 -0.008530 -0.008530 0.000000 1.430008 -1.430008 2.114089 -2.114089 0.000000 0.125989 -0.125989
3444.444444 -1.000000 0.881111 0.000000 0.200000 17.215490 0.200000 0.000000 0.000000 1.000000 468940.622865 -24.596100 -0.718493 -0.718493 -0.627045 -0.627045 -0.085148 -0.025833 -0.025833 0.000000 1.103376 -1.103376 1.448665 -1.448665 0.000000 0.188181 -0.188181

sigma_fcs span_loc fcs_loc wing_frac nacelle_frac AoA Mach Beta h n W Re1 Re2 Re3 Re4 Re5 Re6 Re7 Re8 Im1 Im2 Im3 Im4 Im5 Im6 Im7 Im8
3444.444444 -1.000000 0.990000 0.000000 0.200000 23.733160 0.200000 0.000000 0.000000 1.000000 626510.438463 -22.780885 -1.004242 -1.004242 -0.531515 -0.531515 -0.082068 -0.037040 -0.037040 0.000000 1.138232 -1.138232 1.456056 -1.456056 0.000000 0.186760 -0.186760
3444.444444 -1.000000 0.990000 0.000000 0.200000 11.671980 0.500000 0.000000 3048.000000 2.500000 626510.438463 -38.516626 -0.761407 -0.761407 -0.783334 -0.783334 -0.058531 -0.012047 -0.012047 0.000000 1.472279 -1.472279 2.066403 -2.066403 0.000000 0.126827 -0.126827
3444.444444 -1.000000 0.990000 0.000000 0.200000 5.578510 0.700000 0.000000 10668.000000 1.000000 626510.438463 -60.282447 -0.769407 -0.769407 -0.990100 -0.990100 -0.028151 -0.003140 -0.003140 0.000000 2.242827 -2.242827 3.445417 -3.445417 0.000000 0.652534 -0.652534
3444.444444 -1.000000 0.990000 0.000000 0.200000 3.884130 0.700000 0.000000 10668.000000 1.000000 468940.622865 -60.680121 -0.685048 -0.685048 -1.062372 -1.062372 -0.027496 -0.002176 -0.002176 0.000000 2.198505 -2.198505 3.407792 -3.407792 0.000000 0.648521 -0.648521
3444.444444 -1.000000 0.990000 0.000000 0.200000 8.390040 0.500000 0.000000 3048.000000 2.500000 468940.622865 -39.287459 -0.633647 -0.633647 -0.860984 -0.860984 -0.058363 -0.008251 -0.008251 0.000000 1.407913 -1.407913 2.017819 -2.017819 0.000000 0.125512 -0.125512
3444.444444 -1.000000 0.990000 0.000000 0.200000 16.981310 0.200000 0.000000 0.000000 1.000000 468940.622865 -24.655817 -0.699006 -0.699006 -0.610898 -0.610898 -0.085603 -0.025020 -0.025020 0.000000 1.091485 -1.091485 1.389072 -1.389072 0.000000 0.187660 -0.187660

sigma_fcs span_loc fcs_loc wing_frac nacelle_frac AoA Mach Beta h n W Re1 Re2 Re3 Re4 Re5 Re6 Re7 Re8 Im1 Im2 Im3 Im4 Im5 Im6 Im7 Im8
3722.222222 -1.000000 0.010000 0.000000 0.200000 26.703350 0.200000 0.000000 0.000000 1.000000 626510.438463 -21.906164 -1.199250 -1.199250 -0.622440 -0.622440 -0.078275 -0.043477 -0.043477 0.000000 1.126016 -1.126016 1.810807 -1.810807 0.000000 0.186054 -0.186054
3722.222222 -1.000000 0.010000 0.000000 0.200000 13.077760 0.500000 0.000000 3048.000000 2.500000 626510.438463 -38.383436 -0.867598 -0.867598 -0.924398 -0.924398 -0.053760 -0.014477 -0.014477 0.000000 1.542199 -1.542199 2.620247 -2.620247 0.000000 0.128405 -0.128405
3722.222222 -1.000000 0.010000 0.000000 0.200000 6.296230 0.700000 0.000000 10668.000000 1.000000 626510.438463 -60.772487 -0.855333 -0.855333 -1.173926 -1.173926 -0.025290 -0.003740 -0.003740 0.000000 2.362907 -2.362907 4.416110 -4.416110 0.000000 0.657792 -0.657792
3722.222222 -1.000000 0.010000 0.000000 0.200000 4.419320 0.700000 0.000000 10668.000000 1.000000 468940.622865 -61.248357 -0.757672 -0.757672 -1.244524 -1.244524 -0.024505 -0.002666 -0.002666 0.000000 2.322506 -2.322506 4.380427 -4.380427 0.000000 0.656082 -0.656082
3722.222222 -1.000000 0.010000 0.000000 0.200000 9.422790 0.500000 0.000000 3048.000000 2.500000 468940.622865 -39.321319 -0.715800 -0.715800 -1.001398 -1.001398 -0.052956 -0.010363 -0.010363 0.000000 1.482898 -1.482898 2.571506 -2.571506 0.000000 0.128128 -0.128128
3722.222222 -1.000000 0.010000 0.000000 0.200000 19.034430 0.200000 0.000000 0.000000 1.000000 468940.622865 -24.271259 -0.812827 -0.812827 -0.705280 -0.705280 -0.080287 -0.031054 -0.031054 0.000000 1.124571 -1.124571 1.742893 -1.742893 0.000000 0.190218 -0.190218

sigma_fcs span_loc fcs_loc wing_frac nacelle_frac AoA Mach Beta h n W Re1 Re2 Re3 Re4 Re5 Re6 Re7 Re8 Im1 Im2 Im3 Im4 Im5 Im6 Im7 Im8
3722.222222 -1.000000 0.118889 0.000000 0.200000 26.421600 0.200000 0.000000 0.000000 1.000000 626510.438463 -22.003294 -1.186497 -1.186497 -0.618514 -0.618514 -0.078686 -0.042900 -0.042900 0.000000 1.134710 -1.134710 1.792431 -1.792431 0.000000 0.186198 -0.186198
3722.222222 -1.000000 0.118889 0.000000 0.200000 12.947340 0.500000 0.000000 3048.000000 2.500000 626510.438463 -38.423807 -0.865327 -0.865327 -0.919366 -0.919366 -0.054197 -0.014257 -0.014257 0.000000 1.545814 -1.545814 2.593979 -2.593979 0.000000 0.128327 -0.128327
3722.222222 -1.000000 0.118889 0.000000 0.200000 6.230060 0.700000 0.000000 10668.000000 1.000000 626510.438463 -60.799474 -0.860271 -0.860271 -1.174514 -1.174514 -0.025532 -0.003681 -0.003681 0.000000 2.376559 -2.376559 4.385071 -4.385071 0.000000 0.657513 -0.657513
3722.222222 -1.000000 0.118889 0.000000 0.200000 4.370030 0.700000 0.000000 10668.000000 1.000000 468940.622865 -61.268388 -0.763504 -0.763504 -1.245114 -1.245114 -0.024757 -0.002620 -0.002620 0.000000 2.335321 -2.335321 4.349092 -4.349092 0.000000 0.655668 -0.655668
3722.222222 -1.000000 0.118889 0.000000 0.200000 9.327370 0.500000 0.000000 3048.000000 2.500000 468940.622865 -39.346680 -0.715289 -0.715289 -0.996313 -0.996313 -0.053447 -0.010182 -0.010182 0.000000 1.485501 -1.485501 2.545194 -2.545194 0.000000 0.127983 -0.127983
3722.222222 -1.000000 0.118889 0.000000 0.200000 18.842450 0.200000 0.000000 0.000000 1.000000 468940.622865 -24.321915 -0.807161 -0.807161 -0.700929 -0.700929 -0.080853 -0.030549 -0.030549 0.000000 1.127221 -1.127221 1.724550 -1.724550 0.000000 0.190110 -0.190110

sigma_fcs span_loc fcs_loc wing_frac nacelle_frac AoA Mach Beta h n W Re1 Re2 Re3 Re4 Re5 Re6 Re7 Re8 Im1 Im2 Im3 Im4 Im5 Im6 Im7 Im8
3722.222222 -1.000000 0.227778 0.000000 0.200000 26.065730 0.200000 0.000000 0.000000 1.000000 626510.438463 -22.124450 -1.171319 -1.171319 -0.614139 -0.614139 -0.079243 -0.042172 -0.042172 0.000000 1.145785 -1.145785 1.768578 -1.768578 0.000000 0.186360 -0.186360
3722.222222 -1.000000 0.227778 0.000000 0.200000 12.781690 0.500000 0.000000 3048.000000 2.500000 626510.438463 -38.474927 -0.863324 -0.863324 -0.914114 -0.914114 -0.054780 -0.013980 -0.013980 0.000000 1.551229 -1.551229 2.559816 -2.559816 0.000000 0.128213 -0.128213
3722.222222 -1.000000 0.227778 0.000000 0.200000 6.145880 0.700000 0.000000 10668.000000 1.000000 626510.438463 -60.834698 -0.868369 -0.868369 -1.177867 -1.177867 -0.025853 -0.003607 -0.003607 0.000000 2.396669 -2.396669 4.345941 -4.345941 0.000000 0.657119 -0.657119
3722.222222 -1.000000 0.227778 0.000000 0.200000 4.307300 0.700000 0.000000 10668.000000 1.000000 468940.622865 -61.294856 -0.772689 -0.772689 -1.248465 -1.248465 -0.025091 -0.002561 -0.002561 0.000000 2.354280 -2.354280 4.309519 -4.309519 0.000000 0.655088 -0.655088
3722.222222 -1.000000 0.227778 0.000000 0.200000 9.206050 0.500000 0.000000 3048.000000 2.500000 468940.622865 -39.379009 -0.715441 -0.715441 -0.991006 -0.991006 -0.054100 -0.009954 -0.009954 0.000000 1.489565 -1.489565 2.510917 -2.510917 0.000000 0.127779 -0.127779
3722.222222 -1.000000 0.227778 0.000000 0.200000 18.599100 0.200000 0.000000 0.000000 1.000000 468940.622865 -24.385581 -0.800577 -0.800577 -0.696058 -0.696058 -0.081616 -0.029910 -0.029910 0.000000 1.130928 -1.130928 1.700643 -1.700643 0.000000 0.189942 -0.189942

sigma_fcs span_loc fcs_loc wing_frac nacelle_frac AoA Mach Beta h n W Re1 Re2 Re3 Re4 Re5 Re6 Re7 Re8 Im1 Im2 Im3 Im4 Im5 Im6 Im7 Im8
3722.222222 -1.000000 0.336667 0.000000 0.200000 25.737880 0.200000 0.000000 0.000000 1.000000 626510.438463 -22.236931 -1.154297 -1.154297 -0.607609 -0.607609 -0.079724 -0.041494 -0.041494 0.000000 1.152843 -1.152843 1.740350 -1.740350 0.000000 0.186493 -0.186493
3722.222222 -1.000000 0.336667 0.000000 0.200000 12.628190 0.500000 0.000000 3048.000000 2.500000 626510.438463 -38.522074 -0.857790 -0.857790 -0.904880 -0.904880 -0.055312 -0.013723 -0.013723 0.000000 1.551659 -1.551659 2.517568 -2.517568 0.000000 0.128092 -0.128092
3722.222222 -1.000000 0.336667 0.000000 0.200000 6.067740 0.700000 0.000000 10668.000000 1.000000 626510.438463 -60.865540 -0.869888 -0.869888 -1.171921 -1.171921 -0.026154 -0.003540 -0.003540 0.000000 2.404109 -2.404109 4.284090 -4.284090 0.000000 0.656710 -0.656710
3722.222222 -1.000000 0.336667 0.000000 0.200000 4.249060 0.700000 0.000000 10668.000000 1.000000 468940.622865 -61.317505 -0.775388 -0.775388 -1.242588 -1.242588 -0.025404 -0.002508 -0.002508 0.000000 2.360868 -2.360868 4.247344 -4.247344 0.000000 0.654488 -0.654488
3722.222222 -1.000000 0.336667 0.000000 0.200000 9.093510 0.500000 0.000000 3048.000000 2.500000 468940.622865 -39.408511 -0.712169 -0.712169 -0.981765 -0.981765 -0.054699 -0.009738 -0.009738 0.000000 1.488988 -1.488988 2.468635 -2.468635 0.000000 0.127569 -0.127569
3722.222222 -1.000000 0.336667 0.000000 0.200000 18.374070 0.200000 0.000000 0.000000 1.000000 468940.622865 -24.444682 -0.791994 -0.791994 -0.689080 -0.689080 -0.082279 -0.029303 -0.029303 0.000000 1.131802 -1.131802 1.672455 -1.672455 0.000000 0.189760 -0.189760

sigma_fcs span_loc fcs_loc wing_frac nacelle_frac AoA Mach Beta h n W Re1 Re2 Re3 Re4 Re5 Re6 Re7 Re8 Im1 Im2 Im3 Im4 Im5 Im6 Im7 Im8
3722.222222 -1.000000 0.445556 0.000000 0.200000 25.412220 0.200000 0.000000 0.000000 1.000000 626510.438463 -22.348932 -1.135201 -1.135201 -0.599340 -0.599340 -0.080182 -0.040812 -0.040812 0.000000 1.157349 -1.157349 1.707276 -1.707276 0.000000 0.186606 -0.186606
3722.222222 -1.000000 0.445556 0.000000 0.200000 12.474880 0.500000 0.000000 3048.000000 2.500000 626510.438463 -38.568846 -0.849468 -0.849468 -0.892532 -0.892532 -0.055842 -0.013466 -0.013466 0.000000 1.548541 -1.548541 2.466894 -2.466894 0.000000 0.127956 -0.127956
3722.222222 -1.000000 0.445556 0.000000 0.200000 5.989580 0.700000 0.000000 10668.000000 1.000000 626510.438463 -60.894763 -0.866623 -0.866623 -1.159139 -1.159139 -0.026461 -0.003475 -0.003475 0.000000 2.402675 -2.402675 4.201745 -4.201745 0.000000 0.656249 -0.656249
3722.222222 -1.000000 0.445556 0.000000 0.200000 4.190790 0.700000 0.000000 10668.000000 1.000000 468940.622865 -61.338501 -0.773433 -0.773433 -1.229934 -1.229934 -0.025724 -0.002455 -0.002455 0.000000 2.358753 -2.358753 4.164734 -4.164734 0.000000 0.653820 -0.653820
3722.222222 -1.000000 0.445556 0.000000 0.200000 8.980990 0.500000 0.000000 3048.000000 2.500000 468940.622865 -39.437535 -0.706294 -0.706294 -0.969448 -0.969448 -0.055297 -0.009520 -0.009520 0.000000 1.485051 -1.485051 2.417968 -2.417968 0.000000 0.127336 -0.127336
3722.222222 -1.000000 0.445556 0.000000 0.200000 18.149750 0.200000 0.000000 0.000000 1.000000 468940.622865 -24.503594 -0.781594 -0.781594 -0.680388 -0.680388 -0.082913 -0.028683 -0.028683 0.000000 1.130692 -1.130692 1.639466 -1.639466 0.000000 0.189547 -0.189547

sigma_fcs span_loc fcs_loc wing_frac nacelle_frac AoA Mach Beta h n W Re1 Re2 Re3 Re4 Re5 Re6 Re7 Re8 Im1 Im2 Im3 Im4 Im5 Im6 Im7 Im8
3722.222222 -1.000000 0.554444 0.000000 0.200000 25.088940 0.200000 0.000000 0.000000 1.000000 626510.438463 -22.460265 -1.114089 -1.114089 -0.589414 -0.589414 -0.080613 -0.040125 -0.040125 0.000000 1.159251 -1.159251 1.669396 -1.669396 0.000000 0.186697 -0.186697
3722.222222 -1.000000 0.554444 0.000000 0.200000 12.321890 0.500000 0.000000 3048.000000 2.500000 626510.438463 -38.615102 -0.838332 -0.838332 -0.877181 -0.877181 -0.056367 -0.013207 -0.013207 0.000000 1.541784 -1.541784 2.407837 -2.407837 0.000000 0.127800 -0.127800
3722.222222 -1.000000 0.554444 0.000000 0.200000 5.911470 0.700000 0.000000 10668.000000 1.000000 626510.438463 -60.922069 -0.858329 -0.858329 -1.139513 -1.139513 -0.026772 -0.003410 -0.003410 0.000000 2.391951 -2.391951 4.098783 -4.098783 0.000000 0.655731 -0.655731
3722.222222 -1.000000 0.554444 0.000000 0.200000 4.132550 0.700000 0.000000 10668.000000 1.000000 468940.622865 -61.357557 -0.766577 -0.766577 -1.210491 -1.210491 -0.026049 -0.002403 -0.002403 0.000000 2.347534 -2.347534 4.061566 -4.061566 0.000000 0.653071 -0.653071
3722.222222 -1.000000 0.554444 0.000000 0.200000 8.868590 0.500000 0.000000 3048.000000 2.500000 468940.622865 -39.465969 -0.697781 -0.697781 -0.954165 -0.954165 -0.055891 -0.009297 -0.009297 0.000000 1.477678 -1.477678 2.358951 -2.358951 0.000000 0.127075 -0.127075
3722.222222 -1.000000 0.554444 0.000000 0.200000 17.926300 0.200000 0.000000 0.000000 1.000000 468940.622865 -24.562196 -0.769398 -0.769398 -0.670068 -0.670068 -0.083514 -0.028046 -0.028046 0.000000 1.127555 -1.127555 1.601709 -1.601709 0.000000 0.189298 -0.189298

sigma_fcs span_loc fcs_loc wing_frac nacelle_frac AoA Mach Beta h n W Re1 Re2 Re3 Re4 Re5 Re6 Re7 Re8 Im1 Im2 Im3 Im4 Im5 Im6 Im7 Im8
3722.222222 -1.000000 0.663333 0.000000 0.200000 24.768220 0.200000 0.000000 0.000000 1.000000 626510.438463 -22.570701 -1.091101 -1.091101 -0.577973 -0.577973 -0.081014 -0.039429 -0.039429 0.000000 1.158551 -1.158551 1.626855 -1.626855 0.000000 0.186763 -0.186763
3722.222222 -1.000000 0.663333 0.000000 0.200000 12.169340 0.500000 0.000000 3048.000000 2.500000 626510.438463 -38.660708 -0.824474 -0.824474 -0.859062 -0.859062 -0.056888 -0.012946 -0.012946 0.000000 1.531402 -1.531402 2.340652 -2.340652 0.000000 0.127622 -0.127622
3722.222222 -1.000000 0.663333 0.000000 0.200000 5.833480 0.700000 0.000000 10668.000000 1.000000 626510.438463 -60.947253 -0.845044 -0.845044 -1.113424 -1.113424 -0.027087 -0.003346 -0.003346 0.000000 2.371900 -2.371900 3.975861 -3.975861 0.000000 0.655143 -0.655143
3722.222222 -1.000000 0.663333 0.000000 0.200000 4.074370 0.700000 0.000000 10668.000000 1.000000 468940.622865 -61.374485 -0.754852 -0.754852 -1.184637 -1.184637 -0.026379 -0.002351 -0.002351 0.000000 2.327184 -2.327184 3.938490 -3.938490 0.000000 0.652227 -0.652227
3722.222222 -1.000000 0.663333 0.000000 0.200000 8.756420 0.500000 0.000000 3048.000000 2.500000 468940.622865 -39.493712 -0.686702 -0.686702 -0.936150 -0.936150 -0.056482 -0.009068 -0.009068 0.000000 1.466889 -1.466889 2.291833 -2.291833 0.000000 0.126782 -0.126782
3722.222222 -1.000000 0.663333 0.000000 0.200000 17.703890 0.200000 0.000000 0.000000 1.000000 468940.622865 -24.620357 -0.755495 -0.755495 -0.658266 -0.658266 -0.084078 -0.027389 -0.027389 0.000000 1.122400 -1.122400 1.559318 -1.559318 0.000000 0.189008 -0.189008

sigma_fcs span_loc fcs_loc wing_frac nacelle_frac AoA Mach Beta h n W Re1 Re2 Re3 Re4 Re5 Re6 Re7 Re8 Im1 Im2 Im3 Im4 Im5 Im6 Im7 Im8
3722.222222 -1.000000 0.772222 0.000000 0.200000 24.450410 0.200000 0.000000 0.000000 1.000000 626510.438463 -22.679933 -1.066463 -1.066463 -0.565220 -0.565220 -0.081383 -0.038724 -0.038724 0.000000 1.155313 -1.155313 1.579919 -1.579919 0.000000 0.186801 -0.186801
3722.222222 -1.000000 0.772222 0.000000 0.200000 12.017430 0.500000 0.000000 3048.000000 2.500000 626510.438463 -38.705515 -0.808105 -0.808105 -0.838534 -0.838534 -0.057401 -0.012681 -0.012681 0.000000 1.517529 -1.517529 2.265833 -2.265833 0.000000 0.127419 -0.127419
3722.222222 -1.000000 0.772222 0.000000 0.200000 5.755710 0.700000 0.000000 10668.000000 1.000000 626510.438463 -60.970214 -0.827107 -0.827107 -1.081637 -1.081637 -0.027407 -0.003283 -0.003283 0.000000 2.342910 -2.342910 3.834459 -3.834459 0.000000 0.654473 -0.654473
3722.222222 -1.000000 0.772222 0.000000 0.200000 4.016360 0.700000 0.000000 10668.000000 1.000000 468940.622865 -61.389211 -0.738578 -0.738578 -1.153130 -1.153130 -0.026714 -0.002298 -0.002298 0.000000 2.298091 -2.298091 3.796976 -3.796976 0.000000 0.651270 -0.651270
3722.222222 -1.000000 0.772222 0.000000 0.200000 8.644610 0.500000 0.000000 3048.000000 2.500000 468940.622865 -39.520673 -0.673245 -0.673245 -0.915759 -0.915759 -0.057067 -0.008833 -0.008833 0.000000 1.452818 -1.452818 2.217091 -2.217091 0.000000 0.126451 -0.126451
3722.222222 -1.000000 0.772222 0.000000 0.200000 17.482790 0.200000 0.000000 0.000000 1.000000 468940.622865 -24.677911 -0.740046 -0.740046 -0.645189 -0.645189 -0.084602 -0.026709 -0.026709 0.000000 1.115291 -1.115291 1.512547 -1.512547 0.000000 0.188669 -0.188669

sigma_fcs span_loc fcs_loc wing_frac nacelle_frac AoA Mach Beta h n W Re1 Re2 Re3 Re4 Re5 Re6 Re7 Re8 Im1 Im2 Im3 Im4 Im5 Im6 Im7 Im8
3722.222222 -1.000000 0.881111 0.000000 0.200000 24.135780 0.200000 0.000000 0.000000 1.000000 626510.438463 -22.787661 -1.040462 -1.040462 -0.551399 -0.551399 -0.081718 -0.038005 -0.038005 0.000000 1.149664 -1.149664 1.528946 -1.528946 0.000000 0.186807 -0.186807
3722.222222 -1.000000 0.881111 0.000000 0.200000 11.866330 0.500000 0.000000 3048.000000 2.500000 626510.438463 -38.749405 -0.789539 -0.789539 -0.816044 -0.816044 -0.057906 -0.012410 -0.012410 0.000000 1.500404 -1.500404 2.184045 -2.184045 0.000000 0.127185 -0.127185
3722.222222 -1.000000 0.881111 0.000000 0.200000 5.678260 0.700000 0.000000 10668.000000 1.000000 626510.438463 -60.990983 -0.805115 -0.805115 -1.045216 -1.045216 -0.027731 -0.003221 -0.003221 0.000000 2.305748 -2.305748 3.676685 -3.676685 0.000000 0.653706 -0.653706
3722.222222 -1.000000 0.881111 0.000000 0.200000 3.958570 0.700000 0.000000 10668.000000 1.000000 468940.622865 -61.401791 -0.718330 -0.718330 -1.117025 -1.117025 -0.027054 -0.002246 -0.002246 0.000000 2.261013 -2.261013 3.639117 -3.639117 0.000000 0.650180 -0.650180
3722.222222 -1.000000 0.881111 0.000000 0.200000 8.533320 0.500000 0.000000 3048.000000 2.500000 468940.622865 -39.546793 -0.657689 -0.657689 -0.893435 -0.893435 -0.057644 -0.008588 -0.008588 0.000000 1.435698 -1.435698 2.135374 -2.135374 0.000000 0.126077 -0.126077
3722.222222 -1.000000 0.881111 0.000000 0.200000 17.263220 0.200000 0.000000 0.000000 1.000000 468940.622865 -24.734702 -0.723264 -0.723264 -0.631087 -0.631087 -0.085083 -0.025999 -0.025999 0.000000 1.106346 -1.106346 1.461735 -1.461735 0.000000 0.188273 -0.188273

sigma_fcs span_loc fcs_loc wing_frac nacelle_frac AoA Mach Beta h n W Re1 Re2 Re3 Re4 Re5 Re6 Re7 Re8 Im1 Im2 Im3 Im4 Im5 Im6 Im7 Im8
3722.222222 -1.000000 0.990000 0.000000 0.200000 23.824540 0.200000 0.000000 0.000000 1.000000 626510.438463 -22.893599 -1.013425 -1.013425 -0.536783 -0.536783 -0.082016 -0.037267 -0.037267 0.000000 1.141787 -1.141787 1.474349 -1.474349 0.000000 0.186775 -0.186775
3722.222222 -1.000000 0.990000 0.000000 0.200000 11.716180 0.500000 0.000000 3048.000000 2.500000 626510.438463 -38.792285 -0.769159 -0.769159 -0.792093 -0.792093 -0.058401 -0.012132 -0.012132 0.000000 1.480353 -1.480353 2.096064 -2.096064 0.000000 0.126914 -0.126914
3722.222222 -1.000000 0.990000 0.000000 0.200000 5.601210 0.700000 0.000000 10668.000000 1.000000 626510.438463 -61.009701 -0.779846 -0.779846 -1.005399 -1.005399 -0.028058 -0.003159 -0.003159 0.000000 2.261478 -2.261478 3.505058 -3.505058 0.000000 0.652821 -0.652821
3722.222222 -1.000000 0.990000 0.000000 0.200000 3.901070 0.700000 0.000000 10668.000000 1.000000 468940.622865 -61.412393 -0.694861 -0.694861 -1.077549 -1.077549 -0.027398 -0.002192 -0.002192 0.000000 2.217000 -2.217000 3.467408 -3.467408 0.000000 0.648928 -0.648928
3722.222222 -1.000000 0.990000 0.000000 0.200000 8.422640 0.500000 0.000000 3048.000000 2.500000 468940.622865 -39.572040 -0.640383 -0.640383 -0.869674 -0.869674 -0.058213 -0.008332 -0.008332 0.000000 1.415845 -1.415845 2.047437 -2.047437 0.000000 0.125649 -0.125649
3722.222222 -1.000000 0.990000 0.000000 0.200000 17.045380 0.200000 0.000000 0.000000 1.000000 468940.622865 -24.790589 -0.705401 -0.705401 -0.616233 -0.616233 -0.085518 -0.025255 -0.025255 0.000000 1.095727 -1.095727 1.407275 -1.407275 0.000000 0.187809 -0.187809

sigma_fcs span_loc fcs_loc wing_frac nacelle_frac AoA Mach Beta h n W Re1 Re2 Re3 Re4 Re5 Re6 Re7 Re8 Im1 Im2 Im3 Im4 Im5 Im6 Im7 Im8
4000.000000 -1.000000 0.010000 0.000000 0.200000 26.591760 0.200000 0.000000 0.000000 1.000000 626510.438463 -22.066821 -1.194503 -1.194503 -0.621253 -0.621253 -0.078445 -0.043250 -0.043250 0.000000 1.129628 -1.129628 1.804319 -1.804319 0.000000 0.186112 -0.186112
4000.000000 -1.000000 0.010000 0.000000 0.200000 13.026180 0.500000 0.000000 3048.000000 2.500000 626510.438463 -38.649068 -0.867332 -0.867332 -0.923047 -0.923047 -0.053936 -0.014390 -0.014390 0.000000 1.544196 -1.544196 2.611201 -2.611201 0.000000 0.128375 -0.128375
4000.000000 -1.000000 0.010000 0.000000 0.200000 6.270070 0.700000 0.000000 10668.000000 1.000000 626510.438463 -61.425898 -0.858315 -0.858315 -1.175439 -1.175439 -0.025386 -0.003717 -0.003717 0.000000 2.369931 -2.369931 4.407118 -4.407118 0.000000 0.657685 -0.657685
4000.000000 -1.000000 0.010000 0.000000 0.200000 4.399840 0.700000 0.000000 10668.000000 1.000000 468940.622865 -61.901793 -0.760957 -0.760957 -1.246028 -1.246028 -0.024605 -0.002648 -0.002648 0.000000 2.329225 -2.329225 4.371302 -4.371302 0.000000 0.655922 -0.655922
4000.000000 -1.000000 0.010000 0.000000 0.200000 9.385070 0.500000 0.000000 3048.000000 2.500000 468940.622865 -39.584890 -0.716187 -0.716187 -1.000021 -1.000021 -0.053153 -0.010292 -0.010292 0.000000 1.484523 -1.484523 2.562430 -2.562430 0.000000 0.128072 -0.128072
4000.000000 -1.000000 0.010000 0.000000 0.200000 18.958470 0.200000 0.000000 0.000000 1.000000 468940.622865 -24.421151 -0.810988 -0.810988 -0.703926 -0.703926 -0.080520 -0.030856 -0.030856 0.000000 1.125843 -1.125843 1.736401 -1.736401 0.000000 0.190177 -0.190177

sigma_fcs span_loc fcs_loc wing_frac nacelle_frac AoA Mach Beta h n W Re1 Re2 Re3 Re4 Re5 Re6 Re7 Re8 Im1 Im2 Im3 Im4 Im5 Im6 Im7 Im8
4000.000000 -1.000000 0.118889 0.000000 0.200000 26.328040 0.200000 0.000000 0.000000 1.000000 626510.438463 -22.157953 -1.182378 -1.182378 -0.617382 -0.617382 -0.078831 -0.042709 -0.042709 0.000000 1.137446 -1.137446 1.786380 -1.786380 0.000000 0.186243 -0.186243
4000.000000 -1.000000 0.118889 0.000000 0.200000 12.903890 0.500000 0.000000 3048.000000 2.500000 626510.438463 -38.687087 -0.864940 -0.864940 -0.918008 -0.918008 -0.054348 -0.014184 -0.014184 0.000000 1.547220 -1.547220 2.585367 -2.585367 0.000000 0.128298 -0.128298
4000.000000 -1.000000 0.118889 0.000000 0.200000 6.208000 0.700000 0.000000 10668.000000 1.000000 626510.438463 -61.451434 -0.862600 -0.862600 -1.175400 -1.175400 -0.025615 -0.003661 -0.003661 0.000000 2.381975 -2.381975 4.375448 -4.375448 0.000000 0.657414 -0.657414
4000.000000 -1.000000 0.118889 0.000000 0.200000 4.353590 0.700000 0.000000 10668.000000 1.000000 468940.622865 -61.920762 -0.766090 -0.766090 -1.245998 -1.245998 -0.024843 -0.002604 -0.002604 0.000000 2.340493 -2.340493 4.339357 -4.339357 0.000000 0.655522 -0.655522
4000.000000 -1.000000 0.118889 0.000000 0.200000 9.295570 0.500000 0.000000 3048.000000 2.500000 468940.622865 -39.608780 -0.715464 -0.715464 -0.994939 -0.994939 -0.053616 -0.010122 -0.010122 0.000000 1.486614 -1.486614 2.536554 -2.536554 0.000000 0.127932 -0.127932
4000.000000 -1.000000 0.118889 0.000000 0.200000 18.778570 0.200000 0.000000 0.000000 1.000000 468940.622865 -24.468761 -0.805497 -0.805497 -0.699663 -0.699663 -0.081052 -0.030382 -0.030382 0.000000 1.128106 -1.128106 1.718491 -1.718491 0.000000 0.190069 -0.190069

sigma_fcs span_loc fcs_loc wing_frac nacelle_frac AoA Mach Beta h n W Re1 Re2 Re3 Re4 Re5 Re6 Re7 Re8 Im1 Im2 Im3 Im4 Im5 Im6 Im7 Im8
4000.000000 -1.000000 0.227778 0.000000 0.200000 25.997520 0.200000 0.000000 0.000000 1.000000 626510.438463 -22.270835 -1.168001 -1.168001 -0.613055 -0.613055 -0.079349 -0.042032 -0.042032 0.000000 1.147340 -1.147340 1.763341 -1.763341 0.000000 0.186389 -0.186389
4000.000000 -1.000000 0.227778 0.000000 0.200000 12.749820 0.500000 0.000000 3048.000000 2.500000 626510.438463 -38.734847 -0.862708 -0.862708 -0.912679 -0.912679 -0.054893 -0.013927 -0.013927 0.000000 1.551762 -1.551762 2.552128 -2.552128 0.000000 0.128189 -0.128189
4000.000000 -1.000000 0.227778 0.000000 0.200000 6.129670 0.700000 0.000000 10668.000000 1.000000 626510.438463 -61.484450 -0.869596 -0.869596 -1.177653 -1.177653 -0.025916 -0.003593 -0.003593 0.000000 2.399580 -2.399580 4.335794 -4.335794 0.000000 0.657038 -0.657038
4000.000000 -1.000000 0.227778 0.000000 0.200000 4.295220 0.700000 0.000000 10668.000000 1.000000 468940.622865 -61.945571 -0.774113 -0.774113 -1.248258 -1.248258 -0.025156 -0.002550 -0.002550 0.000000 2.357045 -2.357045 4.299294 -4.299294 0.000000 0.654968 -0.654968
4000.000000 -1.000000 0.227778 0.000000 0.200000 9.182700 0.500000 0.000000 3048.000000 2.500000 468940.622865 -39.638980 -0.715259 -0.715259 -0.989565 -0.989565 -0.054227 -0.009909 -0.009909 0.000000 1.489923 -1.489923 2.503212 -2.503212 0.000000 0.127737 -0.127737
4000.000000 -1.000000 0.227778 0.000000 0.200000 18.552350 0.200000 0.000000 0.000000 1.000000 468940.622865 -24.528152 -0.799124 -0.799124 -0.694880 -0.694880 -0.081761 -0.029785 -0.029785 0.000000 1.131264 -1.131264 1.695403 -1.695403 0.000000 0.189906 -0.189906

sigma_fcs span_loc fcs_loc wing_frac nacelle_frac AoA Mach Beta h n W Re1 Re2 Re3 Re4 Re5 Re6 Re7 Re8 Im1 Im2 Im3 Im4 Im5 Im6 Im7 Im8
4000.000000 -1.000000 0.336667 0.000000 0.200000 25.691610 0.200000 0.000000 0.000000 1.000000 626510.438463 -22.376066 -1.152004 -1.152004 -0.606846 -0.606846 -0.079799 -0.041398 -0.041398 0.000000 1.153717 -1.153717 1.736499 -1.736499 0.000000 0.186510 -0.186510
4000.000000 -1.000000 0.336667 0.000000 0.200000 12.606460 0.500000 0.000000 3048.000000 2.500000 626510.438463 -38.779067 -0.857360 -0.857360 -0.903861 -0.903861 -0.055392 -0.013687 -0.013687 0.000000 1.551916 -1.551916 2.511845 -2.511845 0.000000 0.128074 -0.128074
4000.000000 -1.000000 0.336667 0.000000 0.200000 6.056670 0.700000 0.000000 10668.000000 1.000000 626510.438463 -61.513484 -0.870739 -0.870739 -1.171688 -1.171688 -0.026199 -0.003531 -0.003531 0.000000 2.405966 -2.405966 4.276195 -4.276195 0.000000 0.656648 -0.656648
4000.000000 -1.000000 0.336667 0.000000 0.200000 4.240810 0.700000 0.000000 10668.000000 1.000000 468940.622865 -61.966901 -0.776366 -0.776366 -1.242363 -1.242363 -0.025450 -0.002501 -0.002501 0.000000 2.362642 -2.362642 4.239392 -4.239392 0.000000 0.654398 -0.654398
4000.000000 -1.000000 0.336667 0.000000 0.200000 9.077560 0.500000 0.000000 3048.000000 2.500000 468940.622865 -39.666653 -0.712033 -0.712033 -0.980745 -0.980745 -0.054788 -0.009708 -0.009708 0.000000 1.489146 -1.489146 2.462897 -2.462897 0.000000 0.127538 -0.127538
4000.000000 -1.000000 0.336667 0.000000 0.200000 18.342250 0.200000 0.000000 0.000000 1.000000 468940.622865 -24.583503 -0.790994 -0.790994 -0.688258 -0.688258 -0.082381 -0.029217 -0.029217 0.000000 1.131935 -1.131935 1.668595 -1.668595 0.000000 0.189731 -0.189731

sigma_fcs span_loc fcs_loc wing_frac nacelle_frac AoA Mach Beta h n W Re1 Re2 Re3 Re4 Re5 Re6 Re7 Re8 Im1 Im2 Im3 Im4 Im5 Im6 Im7 Im8
4000.000000 -1.000000 0.445556 0.000000 0.200000 25.387650 0.200000 0.000000 0.000000 1.000000 626510.438463 -22.480873 -1.134162 -1.134162 -0.599097 -0.599097 -0.080227 -0.040761 -0.040761 0.000000 1.157836 -1.157836 1.705377 -1.705377 0.000000 0.186613 -0.186613
4000.000000 -1.000000 0.445556 0.000000 0.200000 12.463280 0.500000 0.000000 3048.000000 2.500000 626510.438463 -38.822932 -0.849531 -0.849531 -0.892281 -0.892281 -0.055888 -0.013447 -0.013447 0.000000 1.548915 -1.548915 2.464113 -2.464113 0.000000 0.127944 -0.127944
4000.000000 -1.000000 0.445556 0.000000 0.200000 5.983660 0.700000 0.000000 10668.000000 1.000000 626510.438463 -61.541014 -0.867602 -0.867602 -1.159634 -1.159634 -0.026486 -0.003470 -0.003470 0.000000 2.404433 -2.404433 4.198423 -4.198423 0.000000 0.656212 -0.656212
4000.000000 -1.000000 0.445556 0.000000 0.200000 4.186380 0.700000 0.000000 10668.000000 1.000000 468940.622865 -61.986698 -0.774454 -0.774454 -1.230430 -1.230430 -0.025750 -0.002451 -0.002451 0.000000 2.360475 -2.360475 4.161370 -4.161370 0.000000 0.653766 -0.653766
4000.000000 -1.000000 0.445556 0.000000 0.200000 8.972470 0.500000 0.000000 3048.000000 2.500000 468940.622865 -39.693882 -0.706491 -0.706491 -0.969195 -0.969195 -0.055348 -0.009504 -0.009504 0.000000 1.485383 -1.485383 2.415169 -2.415169 0.000000 0.127317 -0.127317
4000.000000 -1.000000 0.445556 0.000000 0.200000 18.132790 0.200000 0.000000 0.000000 1.000000 468940.622865 -24.638675 -0.781249 -0.781249 -0.680117 -0.680117 -0.082975 -0.028638 -0.028638 0.000000 1.130844 -1.130844 1.637547 -1.637547 0.000000 0.189528 -0.189528

sigma_fcs span_loc fcs_loc wing_frac nacelle_frac AoA Mach Beta h n W Re1 Re2 Re3 Re4 Re5 Re6 Re7 Re8 Im1 Im2 Im3 Im4 Im5 Im6 Im7 Im8
4000.000000 -1.000000 0.554444 0.000000 0.200000 25.085800 0.200000 0.000000 0.000000 1.000000 626510.438463 -22.585090 -1.114528 -1.114528 -0.589878 -0.589878 -0.080632 -0.040120 -0.040120 0.000000 1.159654 -1.159654 1.670016 -1.670016 0.000000 0.186697 -0.186697
4000.000000 -1.000000 0.554444 0.000000 0.200000 12.320400 0.500000 0.000000 3048.000000 2.500000 626510.438463 -38.866324 -0.839204 -0.839204 -0.878034 -0.878034 -0.056380 -0.013206 -0.013206 0.000000 1.542688 -1.542688 2.408982 -2.408982 0.000000 0.127798 -0.127798
4000.000000 -1.000000 0.554444 0.000000 0.200000 5.910710 0.700000 0.000000 10668.000000 1.000000 626510.438463 -61.566789 -0.859989 -0.859989 -1.141495 -1.141495 -0.026777 -0.003409 -0.003409 0.000000 2.394649 -2.394649 4.102413 -4.102413 0.000000 0.655725 -0.655725
4000.000000 -1.000000 0.554444 0.000000 0.200000 4.131980 0.700000 0.000000 10668.000000 1.000000 468940.622865 -62.004721 -0.768181 -0.768181 -1.212461 -1.212461 -0.026054 -0.002403 -0.002403 0.000000 2.350221 -2.350221 4.065161 -4.065161 0.000000 0.653063 -0.653063
4000.000000 -1.000000 0.554444 0.000000 0.200000 8.867490 0.500000 0.000000 3048.000000 2.500000 468940.622865 -39.720572 -0.698607 -0.698607 -0.955012 -0.955012 -0.055905 -0.009296 -0.009296 0.000000 1.478575 -1.478575 2.360072 -2.360072 0.000000 0.127072 -0.127072
4000.000000 -1.000000 0.554444 0.000000 0.200000 17.924120 0.200000 0.000000 0.000000 1.000000 468940.622865 -24.693566 -0.769911 -0.769911 -0.670532 -0.670532 -0.083539 -0.028043 -0.028043 0.000000 1.127959 -1.127959 1.602294 -1.602294 0.000000 0.189294 -0.189294

sigma_fcs span_loc fcs_loc wing_frac nacelle_frac AoA Mach Beta h n W Re1 Re2 Re3 Re4 Re5 Re6 Re7 Re8 Im1 Im2 Im3 Im4 Im5 Im6 Im7 Im8
4000.000000 -1.000000 0.663333 0.000000 0.200000 24.786220 0.200000 0.000000 0.000000 1.000000 626510.438463 -22.688528 -1.093217 -1.093217 -0.579307 -0.579307 -0.081011 -0.039471 -0.039471 0.000000 1.159175 -1.159175 1.630536 -1.630536 0.000000 0.186759 -0.186759
4000.000000 -1.000000 0.663333 0.000000 0.200000 12.177920 0.500000 0.000000 3048.000000 2.500000 626510.438463 -38.909130 -0.826454 -0.826454 -0.861317 -0.861317 -0.056868 -0.012962 -0.012962 0.000000 1.533251 -1.533251 2.346668 -2.346668 0.000000 0.127633 -0.127633
4000.000000 -1.000000 0.663333 0.000000 0.200000 5.837870 0.700000 0.000000 10668.000000 1.000000 626510.438463 -61.590632 -0.847929 -0.847929 -1.117583 -1.117583 -0.027072 -0.003350 -0.003350 0.000000 2.376584 -2.376584 3.988714 -3.988714 0.000000 0.655177 -0.655177
4000.000000 -1.000000 0.663333 0.000000 0.200000 4.077650 0.700000 0.000000 10668.000000 1.000000 468940.622865 -62.020810 -0.757570 -0.757570 -1.188765 -1.188765 -0.026363 -0.002354 -0.002354 0.000000 2.331859 -2.331859 3.951312 -3.951312 0.000000 0.652277 -0.652277
4000.000000 -1.000000 0.663333 0.000000 0.200000 8.762730 0.500000 0.000000 3048.000000 2.500000 468940.622865 -39.746638 -0.688441 -0.688441 -0.938391 -0.938391 -0.056459 -0.009083 -0.009083 0.000000 1.468739 -1.468739 2.297816 -2.297816 0.000000 0.126799 -0.126799
4000.000000 -1.000000 0.663333 0.000000 0.200000 17.716390 0.200000 0.000000 0.000000 1.000000 468940.622865 -24.748066 -0.757053 -0.757053 -0.659624 -0.659624 -0.084070 -0.027431 -0.027431 0.000000 1.123288 -1.123288 1.562949 -1.562949 0.000000 0.189024 -0.189024

sigma_fcs span_loc fcs_loc wing_frac nacelle_frac AoA Mach Beta h n W Re1 Re2 Re3 Re4 Re5 Re6 Re7 Re8 Im1 Im2 Im3 Im4 Im5 Im6 Im7 Im8
4000.000000 -1.000000 0.772222 0.000000 0.200000 24.489250 0.200000 0.000000 0.000000 1.000000 626510.438463 -22.790916 -1.070420 -1.070420 -0.567552 -0.567552 -0.081360 -0.038814 -0.038814 0.000000 1.156449 -1.156449 1.587167 -1.587167 0.000000 0.186796 -0.186796
4000.000000 -1.000000 0.772222 0.000000 0.200000 12.036030 0.500000 0.000000 3048.000000 2.500000 626510.438463 -38.951221 -0.811456 -0.811456 -0.842426 -0.842426 -0.057349 -0.012715 -0.012715 0.000000 1.520710 -1.520710 2.277589 -2.277589 0.000000 0.127445 -0.127445
4000.000000 -1.000000 0.772222 0.000000 0.200000 5.765240 0.700000 0.000000 10668.000000 1.000000 626510.438463 -61.612454 -0.831695 -0.831695 -1.088523 -1.088523 -0.027371 -0.003291 -0.003291 0.000000 2.350547 -2.350547 3.858555 -3.858555 0.000000 0.654560 -0.654560
4000.000000 -1.000000 0.772222 0.000000 0.200000 4.023470 0.700000 0.000000 10668.000000 1.000000 468940.622865 -62.034894 -0.742878 -0.742878 -1.159964 -1.159964 -0.026676 -0.002305 -0.002305 0.000000 2.305699 -2.305699 3.821042 -3.821042 0.000000 0.651394 -0.651394
4000.000000 -1.000000 0.772222 0.000000 0.200000 8.658310 0.500000 0.000000 3048.000000 2.500000 468940.622865 -39.772002 -0.676146 -0.676146 -0.919624 -0.919624 -0.057007 -0.008864 -0.008864 0.000000 1.455985 -1.455985 2.228805 -2.228805 0.000000 0.126494 -0.126494
4000.000000 -1.000000 0.772222 0.000000 0.200000 17.509840 0.200000 0.000000 0.000000 1.000000 468940.622865 -24.802031 -0.742808 -0.742808 -0.647564 -0.647564 -0.084565 -0.026798 -0.026798 0.000000 1.116883 -1.116883 1.519729 -1.519729 0.000000 0.188712 -0.188712

sigma_fcs span_loc fcs_loc wing_frac nacelle_frac AoA Mach Beta h n W Re1 Re2 Re3 Re4 Re5 Re6 Re7 Re8 Im1 Im2 Im3 Im4 Im5 Im6 Im7 Im8
4000.000000 -1.000000 0.881111 0.000000 0.200000 24.195100 0.200000 0.000000 0.000000 1.000000 626510.438463 -22.892004 -1.046371 -1.046371 -0.554815 -0.554815 -0.081680 -0.038145 -0.038145 0.000000 1.151580 -1.151580 1.540202 -1.540202 0.000000 0.186806 -0.186806
4000.000000 -1.000000 0.881111 0.000000 0.200000 11.894870 0.500000 0.000000 3048.000000 2.500000 626510.438463 -38.992496 -0.794465 -0.794465 -0.821728 -0.821728 -0.057823 -0.012463 -0.012463 0.000000 1.505260 -1.505260 2.202290 -2.202290 0.000000 0.127231 -0.127231
4000.000000 -1.000000 0.881111 0.000000 0.200000 5.692890 0.700000 0.000000 10668.000000 1.000000 626510.438463 -61.632272 -0.811765 -0.811765 -1.055184 -1.055184 -0.027673 -0.003233 -0.003233 0.000000 2.317152 -2.317152 3.713656 -3.713656 0.000000 0.653859 -0.653859
4000.000000 -1.000000 0.881111 0.000000 0.200000 3.969490 0.700000 0.000000 10668.000000 1.000000 468940.622865 -62.047015 -0.724566 -0.724566 -1.126914 -1.126914 -0.026993 -0.002256 -0.002256 0.000000 2.272350 -2.272350 3.676059 -3.676059 0.000000 0.650398 -0.650398
4000.000000 -1.000000 0.881111 0.000000 0.200000 8.554350 0.500000 0.000000 3048.000000 2.500000 468940.622865 -39.796612 -0.661950 -0.661950 -0.899077 -0.899077 -0.057548 -0.008637 -0.008637 0.000000 1.440503 -1.440503 2.153574 -2.153574 0.000000 0.126151 -0.126151
4000.000000 -1.000000 0.881111 0.000000 0.200000 17.304670 0.200000 0.000000 0.000000 1.000000 468940.622865 -24.855330 -0.727352 -0.727352 -0.634557 -0.634557 -0.085023 -0.026141 -0.026141 0.000000 1.108841 -1.108841 1.472914 -1.472914 0.000000 0.188351 -0.188351

sigma_fcs span_loc fcs_loc wing_frac nacelle_frac AoA Mach Beta h n W Re1 Re2 Re3 Re4 Re5 Re6 Re7 Re8 Im1 Im2 Im3 Im4 Im5 Im6 Im7 Im8
4000.000000 -1.000000 0.990000 0.000000 0.200000 23.903980 0.200000 0.000000 0.000000 1.000000 626510.438463 -22.991551 -1.021340 -1.021340 -0.541321 -0.541321 -0.081967 -0.037462 -0.037462 0.000000 1.144713 -1.144713 1.489985 -1.489985 0.000000 0.186785 -0.186785
4000.000000 -1.000000 0.990000 0.000000 0.200000 11.754570 0.500000 0.000000 3048.000000 2.500000 626510.438463 -39.032877 -0.775793 -0.775793 -0.799638 -0.799638 -0.058288 -0.012206 -0.012206 0.000000 1.487165 -1.487165 2.121416 -2.121416 0.000000 0.126987 -0.126987
4000.000000 -1.000000 0.990000 0.000000 0.200000 5.620910 0.700000 0.000000 10668.000000 1.000000 626510.438463 -61.650196 -0.788774 -0.788774 -1.018584 -1.018584 -0.027977 -0.003175 -0.003175 0.000000 2.277261 -2.277261 3.556091 -3.556091 0.000000 0.653060 -0.653060
4000.000000 -1.000000 0.990000 0.000000 0.200000 3.915780 0.700000 0.000000 10668.000000 1.000000 468940.622865 -62.057304 -0.703248 -0.703248 -1.090629 -1.090629 -0.027313 -0.002207 -0.002207 0.000000 2.232661 -2.232661 3.518419 -3.518419 0.000000 0.649266 -0.649266
4000.000000 -1.000000 0.990000 0.000000 0.200000 8.450940 0.500000 0.000000 3048.000000 2.500000 468940.622865 -39.820439 -0.646138 -0.646138 -0.877159 -0.877159 -0.058081 -0.008401 -0.008401 0.000000 1.422549 -1.422549 2.072749 -2.072749 0.000000 0.125764 -0.125764
4000.000000 -1.000000 0.990000 0.000000 0.200000 17.101040 0.200000 0.000000 0.000000 1.000000 468940.622865 -24.907843 -0.710892 -0.710892 -0.620831 -0.620831 -0.085441 -0.025455 -0.025455 0.000000 1.099291 -1.099291 1.422831 -1.422831 0.000000 0.187933 -0.187933

sigma_fcs span_loc fcs_loc wing_frac nacelle_frac AoA Mach Beta h n W Re1 Re2 Re3 Re4 Re5 Re6 Re7 Re8 Im1 Im2 Im3 Im4 Im5 Im6 Im7 Im8
1500.000000 0.010000 -1.000000 1.000000 0.200000 26.025130 0.200000 0.000000 0.000000 1.000000 626510.438463 -19.682418 -1.161956 -1.161956 -0.605532 -0.605532 -0.079098 -0.042066 -0.042066 0.000000 1.144033 -1.144033 1.751242 -1.751242 0.000000 0.186393 -0.186393
1500.000000 0.010000 -1.000000 1.000000 0.200000 12.762730 0.500000 0.000000 3048.000000 2.500000 626510.438463 -33.606668 -0.848649 -0.848649 -0.899183 -0.899183 -0.054742 -0.013938 -0.013938 0.000000 1.539128 -1.539128 2.530534 -2.530534 0.000000 0.128202 -0.128202
1500.000000 0.010000 -1.000000 1.000000 0.200000 6.136230 0.700000 0.000000 10668.000000 1.000000 626510.438463 -49.281120 -0.844676 -0.844676 -1.148502 -1.148502 -0.025861 -0.003598 -0.003598 0.000000 2.360913 -2.360913 4.275107 -4.275107 0.000000 0.657074 -0.657074
1500.000000 0.010000 -1.000000 1.000000 0.200000 4.300110 0.700000 0.000000 10668.000000 1.000000 468940.622865 -49.691715 -0.750295 -0.750295 -1.219297 -1.219297 -0.025101 -0.002553 -0.002553 0.000000 2.317941 -2.317941 4.239056 -4.239056 0.000000 0.655020 -0.655020
1500.000000 0.010000 -1.000000 1.000000 0.200000 9.192160 0.500000 0.000000 3048.000000 2.500000 468940.622865 -34.435247 -0.702026 -0.702026 -0.976165 -0.976165 -0.054066 -0.009913 -0.009913 0.000000 1.476752 -1.476752 2.481974 -2.481974 0.000000 0.127758 -0.127758
1500.000000 0.010000 -1.000000 1.000000 0.200000 18.571280 0.200000 0.000000 0.000000 1.000000 468940.622865 -21.788875 -0.790621 -0.790621 -0.687323 -0.687323 -0.081448 -0.029796 -0.029796 0.000000 1.126491 -1.126491 1.683782 -1.683782 0.000000 0.189938 -0.189938

sigma_fcs span_loc fcs_loc wing_frac nacelle_frac AoA Mach Beta h n W Re1 Re2 Re3 Re4 Re5 Re6 Re7 Re8 Im1 Im2 Im3 Im4 Im5 Im6 Im7 Im8
1500.000000 0.118889 -1.000000 1.000000 0.200000 25.999820 0.200000 0.000000 0.000000 1.000000 626510.438463 -10.685169 -1.179853 -1.179853 -0.605039 -0.605039 -0.078958 -0.042015 -0.042015 0.000000 1.189544 -1.189544 1.749196 -1.749196 0.000000 0.186403 -0.186403
1500.000000 0.118889 -1.000000 1.000000 0.200000 12.750900 0.500000 0.000000 3048.000000 2.500000 626510.438463 -17.661487 -0.828667 -0.828667 -0.899236 -0.899236 -0.054714 -0.013919 -0.013919 0.000000 1.549009 -1.549009 2.527430 -2.527430 0.000000 0.128193 -0.128193
1500.000000 0.118889 -1.000000 1.000000 0.200000 6.130220 0.700000 0.000000 10668.000000 1.000000 626510.438463 -21.072604 -1.151173 -1.151173 -0.810972 -0.810972 -0.025868 -0.003592 -0.003592 0.000000 4.271071 -4.271071 2.346459 -2.346459 0.000000 0.657044 -0.657044
1500.000000 0.118889 -1.000000 1.000000 0.200000 4.295630 0.700000 0.000000 10668.000000 1.000000 468940.622865 -21.357739 -1.221923 -1.221923 -0.721772 -0.721772 -0.025110 -0.002549 -0.002549 0.000000 4.235128 -4.235128 2.295049 -2.295049 0.000000 0.654975 -0.654975
1500.000000 0.118889 -1.000000 1.000000 0.200000 9.183480 0.500000 0.000000 3048.000000 2.500000 468940.622865 -18.250840 -0.683612 -0.683612 -0.976260 -0.976260 -0.054048 -0.009897 -0.009897 0.000000 1.476711 -1.476711 2.478983 -2.478983 0.000000 0.127742 -0.127742
1500.000000 0.118889 -1.000000 1.000000 0.200000 18.553930 0.200000 0.000000 0.000000 1.000000 468940.622865 -12.291810 -0.780690 -0.780690 -0.687006 -0.687006 -0.081308 -0.029750 -0.029750 0.000000 1.146780 -1.146780 1.681598 -1.681598 0.000000 0.189925 -0.189925

sigma_fcs span_loc fcs_loc wing_frac nacelle_frac AoA Mach Beta h n W Re1 Re2 Re3 Re4 Re5 Re6 Re7 Re8 Im1 Im2 Im3 Im4 Im5 Im6 Im7 Im8
1500.000000 0.227778 -1.000000 1.000000 0.200000 25.750460 0.200000 0.000000 0.000000 1.000000 626510.438463 -4.052669 -1.180641 -1.180641 -0.598786 -0.598786 -0.078808 -0.041495 -0.041495 0.000000 1.388829 -1.388829 1.725377 -1.725377 0.000000 0.186505 -0.186505
1500.000000 0.227778 -1.000000 1.000000 0.200000 12.634090 0.500000 0.000000 3048.000000 2.500000 626510.438463 -7.499149 -0.892480 -0.892480 -0.758572 -0.758572 -0.054912 -0.013722 -0.013722 0.000000 2.491959 -2.491959 1.571202 -1.571202 0.000000 0.128101 -0.128101
1500.000000 0.227778 -1.000000 1.000000 0.200000 6.070750 0.700000 0.000000 10668.000000 1.000000 626510.438463 -8.143773 -1.150030 -1.150030 -0.711150 -0.711150 -0.026047 -0.003541 -0.003541 0.000000 4.218214 -4.218214 2.298027 -2.298027 0.000000 0.656729 -0.656729
1500.000000 0.227778 -1.000000 1.000000 0.200000 4.251310 0.700000 0.000000 10668.000000 1.000000 468940.622865 -8.334609 -1.220565 -1.220565 -0.642505 -0.642505 -0.025304 -0.002508 -0.002508 0.000000 4.182116 -4.182116 2.228636 -2.228636 0.000000 0.654515 -0.654515
1500.000000 0.227778 -1.000000 1.000000 0.200000 9.097840 0.500000 0.000000 3048.000000 2.500000 468940.622865 -7.909573 -0.969380 -0.969380 -0.626355 -0.626355 -0.054307 -0.009731 -0.009731 0.000000 2.443832 -2.443832 1.471497 -1.471497 0.000000 0.127581 -0.127581
1500.000000 0.227778 -1.000000 1.000000 0.200000 18.382720 0.200000 0.000000 0.000000 1.000000 468940.622865 -5.341732 -0.681475 -0.681475 -0.731267 -0.731267 -0.081245 -0.029283 -0.029283 0.000000 1.657637 -1.657637 1.205794 -1.205794 0.000000 0.189786 -0.189786

sigma_fcs span_loc fcs_loc wing_frac nacelle_frac AoA Mach Beta h n W Re1 Re2 Re3 Re4 Re5 Re6 Re7 Re8 Im1 Im2 Im3 Im4 Im5 Im6 Im7 Im8
1500.000000 0.336667 -1.000000 1.000000 0.200000 25.506360 0.200000 0.000000 0.000000 1.000000 626510.438463 -1.971250 -0.838850 -0.838850 -0.588788 -0.588788 -0.078278 -0.040977 -0.040977 0.000000 1.648663 -1.648663 1.691809 -1.691809 0.000000 0.186597 -0.186597
1500.000000 0.336667 -1.000000 1.000000 0.200000 12.519280 0.500000 0.000000 3048.000000 2.500000 626510.438463 -3.797410 -0.883330 -0.883330 -0.619045 -0.619045 -0.054949 -0.013526 -0.013526 0.000000 2.449131 -2.449131 1.575926 -1.575926 0.000000 0.128002 -0.128002
1500.000000 0.336667 -1.000000 1.000000 0.200000 6.012230 0.700000 0.000000 10668.000000 1.000000 626510.438463 -4.085731 -1.139488 -1.139488 -0.555286 -0.555286 -0.026188 -0.003491 -0.003491 0.000000 4.148466 -4.148466 2.179653 -2.179653 0.000000 0.656392 -0.656392
1500.000000 0.336667 -1.000000 1.000000 0.200000 4.207680 0.700000 0.000000 10668.000000 1.000000 468940.622865 -4.186444 -1.210148 -1.210148 -0.522990 -0.522990 -0.025462 -0.002468 -0.002468 0.000000 4.111903 -4.111903 2.103046 -2.103046 0.000000 0.654025 -0.654025
1500.000000 0.336667 -1.000000 1.000000 0.200000 9.013580 0.500000 0.000000 3048.000000 2.500000 468940.622865 -4.071075 -0.959643 -0.959643 -0.526699 -0.526699 -0.054412 -0.009564 -0.009564 0.000000 2.401025 -2.401025 1.446234 -1.446234 0.000000 0.127410 -0.127410
1500.000000 0.336667 -1.000000 1.000000 0.200000 18.214670 0.200000 0.000000 0.000000 1.000000 468940.622865 -2.674617 -0.676430 -0.676430 -0.591955 -0.591955 -0.080756 -0.028807 -0.028807 0.000000 1.629037 -1.629037 1.275281 -1.275281 0.000000 0.189635 -0.189635

sigma_fcs span_loc fcs_loc wing_frac nacelle_frac AoA Mach Beta h n W Re1 Re2 Re3 Re4 Re5 Re6 Re7 Re8 Im1 Im2 Im3 Im4 Im5 Im6 Im7 Im8
1500.000000 0.445556 -1.000000 1.000000 0.200000 25.263510 0.200000 0.000000 0.000000 1.000000 626510.438463 -13.090006 -1.118653 -1.118653 -0.581064 -0.581064 -0.079888 -0.040451 -0.040451 0.000000 1.174503 -1.174503 1.665538 -1.665538 0.000000 0.186681 -0.186681
1500.000000 0.445556 -1.000000 1.000000 0.200000 12.404600 0.500000 0.000000 3048.000000 2.500000 626510.438463 -21.389745 -0.808722 -0.808722 -0.861566 -0.861566 -0.055843 -0.013327 -0.013327 0.000000 1.527326 -1.527326 2.397459 -2.397459 0.000000 0.127893 -0.127893
1500.000000 0.445556 -1.000000 1.000000 0.200000 5.953720 0.700000 0.000000 10668.000000 1.000000 626510.438463 -26.572946 -1.100485 -1.100485 -0.801272 -0.801272 -0.026536 -0.003442 -0.003442 0.000000 4.042657 -4.042657 2.321113 -2.321113 0.000000 0.656024 -0.656024
1500.000000 0.445556 -1.000000 1.000000 0.200000 4.164050 0.700000 0.000000 10668.000000 1.000000 468940.622865 -26.871974 -1.171674 -1.171674 -0.713433 -0.713433 -0.025808 -0.002427 -0.002427 0.000000 4.006395 -4.006395 2.272077 -2.272077 0.000000 0.653491 -0.653491
1500.000000 0.445556 -1.000000 1.000000 0.200000 8.929370 0.500000 0.000000 3048.000000 2.500000 468940.622865 -22.005240 -0.669340 -0.669340 -0.938706 -0.938706 -0.055323 -0.009390 -0.009390 0.000000 1.457815 -1.457815 2.349233 -2.349233 0.000000 0.127225 -0.127225
1500.000000 0.445556 -1.000000 1.000000 0.200000 18.047060 0.200000 0.000000 0.000000 1.000000 468940.622865 -14.711658 -0.754627 -0.754627 -0.661933 -0.661933 -0.082601 -0.028313 -0.028313 0.000000 1.130307 -1.130307 1.598533 -1.598533 0.000000 0.189470 -0.189470

sigma_fcs span_loc fcs_loc wing_frac nacelle_frac AoA Mach Beta h n W Re1 Re2 Re3 Re4 Re5 Re6 Re7 Re8 Im1 Im2 Im3 Im4 Im5 Im6 Im7 Im8
1500.000000 0.554444 -1.000000 1.000000 0.200000 25.021890 0.200000 0.000000 0.000000 1.000000 626510.438463 -5.195842 -1.110624 -1.110624 -0.568160 -0.568160 -0.079614 -0.039915 -0.039915 0.000000 1.299166 -1.299166 1.626892 -1.626892 0.000000 0.186756 -0.186756
1500.000000 0.554444 -1.000000 1.000000 0.200000 12.290060 0.500000 0.000000 3048.000000 2.500000 626510.438463 -8.957921 -0.741981 -0.741981 -0.842103 -0.842103 -0.055981 -0.013124 -0.013124 0.000000 1.530302 -1.530302 2.335760 -2.335760 0.000000 0.127774 -0.127774
1500.000000 0.554444 -1.000000 1.000000 0.200000 5.895210 0.700000 0.000000 10668.000000 1.000000 626510.438463 -9.781532 -1.071408 -1.071408 -0.703589 -0.703589 -0.026706 -0.003392 -0.003392 0.000000 3.922537 -3.922537 2.248087 -2.248087 0.000000 0.655621 -0.655621
1500.000000 0.554444 -1.000000 1.000000 0.200000 4.120420 0.700000 0.000000 10668.000000 1.000000 468940.622865 -9.982915 -1.142665 -1.142665 -0.631728 -0.631728 -0.025993 -0.002386 -0.002386 0.000000 3.886491 -3.886491 2.184074 -2.184074 0.000000 0.652910 -0.652910
1500.000000 0.554444 -1.000000 1.000000 0.200000 8.845190 0.500000 0.000000 3048.000000 2.500000 468940.622865 -9.375900 -0.612597 -0.612597 -0.919318 -0.919318 -0.055519 -0.009209 -0.009209 0.000000 1.439763 -1.439763 2.288017 -2.288017 0.000000 0.127025 -0.127025
1500.000000 0.554444 -1.000000 1.000000 0.200000 17.879860 0.200000 0.000000 0.000000 1.000000 468940.622865 -6.427337 -0.708320 -0.708320 -0.649317 -0.649317 -0.082376 -0.027797 -0.027797 0.000000 1.167601 -1.167601 1.559976 -1.559976 0.000000 0.189287 -0.189287

sigma_fcs span_loc fcs_loc wing_frac nacelle_frac AoA Mach Beta h n W Re1 Re2 Re3 Re4 Re5 Re6 Re7 Re8 Im1 Im2 Im3 Im4 Im5 Im6 Im7 Im8
1500.000000 0.663333 -1.000000 1.000000 0.200000 24.781450 0.200000 0.000000 0.000000 1.000000 626510.438463 -2.279024 -0.891660 -0.891660 -0.552182 -0.552182 -0.078943 -0.039365 -0.039365 0.000000 1.549661 -1.549661 1.582052 -1.582052 0.000000 0.186822 -0.186822
1500.000000 0.663333 -1.000000 1.000000 0.200000 12.175640 0.500000 0.000000 3048.000000 2.500000 626510.438463 -4.351570 -0.820841 -0.820841 -0.619028 -0.619028 -0.055952 -0.012915 -0.012915 0.000000 2.266795 -2.266795 1.526374 -1.526374 0.000000 0.127643 -0.127643
1500.000000 0.663333 -1.000000 1.000000 0.200000 5.836700 0.700000 0.000000 10668.000000 1.000000 626510.438463 -4.651432 -1.036684 -1.036684 -0.555570 -0.555570 -0.026836 -0.003343 -0.003343 0.000000 3.787738 -3.787738 2.123806 -2.123806 0.000000 0.655179 -0.655179
1500.000000 0.663333 -1.000000 1.000000 0.200000 4.076780 0.700000 0.000000 10668.000000 1.000000 468940.622865 -4.770696 -1.108112 -1.108112 -0.514586 -0.514586 -0.026142 -0.002344 -0.002344 0.000000 3.751627 -3.751627 2.049622 -2.049622 0.000000 0.652273 -0.652273
1500.000000 0.663333 -1.000000 1.000000 0.200000 8.761050 0.500000 0.000000 3048.000000 2.500000 468940.622865 -4.642483 -0.897736 -0.897736 -0.519897 -0.519897 -0.055554 -0.009021 -0.009021 0.000000 2.219487 -2.219487 1.407746 -1.407746 0.000000 0.126806 -0.126806
1500.000000 0.663333 -1.000000 1.000000 0.200000 17.713070 0.200000 0.000000 0.000000 1.000000 468940.622865 -3.096767 -0.636765 -0.636765 -0.595584 -0.595584 -0.081705 -0.027256 -0.027256 0.000000 1.516256 -1.516256 1.225091 -1.225091 0.000000 0.189084 -0.189084

sigma_fcs span_loc fcs_loc wing_frac nacelle_frac AoA Mach Beta h n W Re1 Re2 Re3 Re4 Re5 Re6 Re7 Re8 Im1 Im2 Im3 Im4 Im5 Im6 Im7 Im8
1500.000000 0.772222 -1.000000 1.000000 0.200000 24.542130 0.200000 0.000000 0.000000 1.000000 626510.438463 -0.489208 -0.489208 -0.562323 -0.562323 -1.520069 -0.077876 -0.038800 -0.038800 1.502574 -1.502574 1.551488 -1.551488 0.000000 0.000000 0.186876 -0.186876
1500.000000 0.772222 -1.000000 1.000000 0.200000 12.061340 0.500000 0.000000 3048.000000 2.500000 626510.438463 -2.571821 -0.796804 -0.796804 -0.453875 -0.453875 -0.055749 -0.012701 -0.012701 0.000000 2.193080 -2.193080 1.470450 -1.470450 0.000000 0.127498 -0.127498
1500.000000 0.772222 -1.000000 1.000000 0.200000 5.778200 0.700000 0.000000 10668.000000 1.000000 626510.438463 -0.993255 -0.993255 -2.729648 -0.405439 -0.405439 -0.026926 -0.003293 -0.003293 3.639076 -3.639076 0.000000 1.943851 -1.943851 0.000000 0.654690 -0.654690
1500.000000 0.772222 -1.000000 1.000000 0.200000 4.033140 0.700000 0.000000 10668.000000 1.000000 468940.622865 -1.065283 -1.065283 -2.778981 -0.395063 -0.395063 -0.026253 -0.002302 -0.002302 3.603106 -3.603106 0.000000 1.876934 -1.876934 0.000000 0.651573 -0.651573
1500.000000 0.772222 -1.000000 1.000000 0.200000 8.676940 0.500000 0.000000 3048.000000 2.500000 468940.622865 -2.737084 -0.873644 -0.873644 -0.403367 -0.403367 -0.055419 -0.008823 -0.008823 0.000000 2.145526 -2.145526 1.344625 -1.344625 0.000000 0.126566 -0.126566
1500.000000 0.772222 -1.000000 1.000000 0.200000 17.546670 0.200000 0.000000 0.000000 1.000000 468940.622865 -1.862099 -0.623342 -0.623342 -0.411454 -0.411454 -0.080589 -0.026686 -0.026686 0.000000 1.472640 -1.472640 1.217244 -1.217244 0.000000 0.188857 -0.188857

sigma_fcs span_loc fcs_loc wing_frac nacelle_frac AoA Mach Beta h n W Re1 Re2 Re3 Re4 Re5 Re6 Re7 Re8 Im1 Im2 Im3 Im4 Im5 Im6 Im7 Im8
1500.000000 0.881111 -1.000000 1.000000 0.200000 24.303900 0.200000 0.000000 0.000000 1.000000 626510.438463 -0.526403 -0.526403 -0.276888 -0.276888 -1.191375 -0.076422 -0.038217 -0.038217 1.492639 -1.492639 1.348666 -1.348666 0.000000 0.000000 0.186918 -0.186918
1500.000000 0.881111 -1.000000 1.000000 0.200000 11.947150 0.500000 0.000000 3048.000000 2.500000 626510.438463 -0.768908 -0.768908 -0.307877 -0.307877 -1.775556 -0.055367 -0.012479 -0.012479 2.113680 -2.113680 1.357385 -1.357385 0.000000 0.000000 0.127337 -0.127337
1500.000000 0.881111 -1.000000 1.000000 0.200000 5.719700 0.700000 0.000000 10668.000000 1.000000 626510.438463 -0.944351 -0.944351 -0.292618 -0.292618 -1.830261 -0.026971 -0.003242 -0.003242 3.476328 -3.476328 1.744524 -1.744524 0.000000 0.000000 0.654149 -0.654149
1500.000000 0.881111 -1.000000 1.000000 0.200000 3.989490 0.700000 0.000000 10668.000000 1.000000 468940.622865 -1.016885 -1.016885 -0.299849 -0.299849 -1.840084 -0.026323 -0.002258 -0.002258 3.440788 -3.440788 1.692456 -1.692456 0.000000 0.000000 0.650799 -0.650799
1500.000000 0.881111 -1.000000 1.000000 0.200000 8.592860 0.500000 0.000000 3048.000000 2.500000 468940.622865 -1.851357 -0.846351 -0.846351 -0.294365 -0.294365 -0.055108 -0.008614 -0.008614 0.000000 2.066225 -2.066225 1.248266 -1.248266 0.000000 0.126303 -0.126303
1500.000000 0.881111 -1.000000 1.000000 0.200000 17.380630 0.200000 0.000000 0.000000 1.000000 468940.622865 -0.605238 -0.605238 -0.254256 -0.254256 -1.343136 -0.079038 -0.026082 -0.026082 1.424607 -1.424607 1.128853 -1.128853 0.000000 0.000000 0.188603 -0.188603

sigma_fcs span_loc fcs_loc wing_frac nacelle_frac AoA Mach Beta h n W Re1 Re2 Re3 Re4 Re5 Re6 Re7 Re8 Im1 Im2 Im3 Im4 Im5 Im6 Im7 Im8
1500.000000 0.990000 -1.000000 1.000000 0.200000 24.066720 0.200000 0.000000 0.000000 1.000000 626510.438463 -0.507131 -0.507131 -0.147103 -0.147103 -0.986776 -0.074603 -0.037611 -0.037611 1.437803 -1.437803 1.187309 -1.187309 0.000000 0.000000 0.186946 -0.186946
1500.000000 0.990000 -1.000000 1.000000 0.200000 11.833070 0.500000 0.000000 3048.000000 2.500000 626510.438463 -0.739115 -0.739115 -0.205293 -0.205293 -1.342351 -0.054803 -0.012247 -0.012247 2.028548 -2.028548 1.227454 -1.227454 0.000000 0.000000 0.127157 -0.127157
1500.000000 0.990000 -1.000000 1.000000 0.200000 5.661200 0.700000 0.000000 10668.000000 1.000000 626510.438463 -0.893615 -0.893615 -0.216089 -0.216089 -1.327813 -0.026969 -0.003191 -0.003191 3.303304 -3.303304 1.558450 -1.558450 0.000000 0.000000 0.653546 -0.653546
1500.000000 0.990000 -1.000000 1.000000 0.200000 3.945840 0.700000 0.000000 10668.000000 1.000000 468940.622865 -0.966532 -0.966532 -0.231144 -0.231144 -1.319711 -0.026350 -0.002213 -0.002213 3.268197 -3.268197 1.519541 -1.519541 0.000000 0.000000 0.649940 -0.649940
1500.000000 0.990000 -1.000000 1.000000 0.200000 8.508810 0.500000 0.000000 3048.000000 2.500000 468940.622865 -0.817027 -0.817027 -1.370514 -0.211109 -0.211109 -0.054615 -0.008392 -0.008392 1.981565 -1.981565 0.000000 1.139069 -1.139069 0.000000 0.126012 -0.126012
1500.000000 0.990000 -1.000000 1.000000 0.200000 17.214940 0.200000 0.000000 0.000000 1.000000 468940.622865 -0.586539 -0.586539 -0.150111 -0.150111 -1.060339 -0.077076 -0.025441 -0.025441 1.372197 -1.372197 1.018964 -1.018964 0.000000 0.000000 0.188316 -0.188316

sigma_fcs span_loc fcs_loc wing_frac nacelle_frac AoA Mach Beta h n W Re1 Re2 Re3 Re4 Re5 Re6 Re7 Re8 Im1 Im2 Im3 Im4 Im5 Im6 Im7 Im8
1777.777778 0.010000 -1.000000 1.000000 0.200000 25.888260 0.200000 0.000000 0.000000 1.000000 626510.438463 -20.307624 -1.155551 -1.155551 -0.604000 -0.604000 -0.079329 -0.041786 -0.041786 0.000000 1.146779 -1.146779 1.741731 -1.741731 0.000000 0.186448 -0.186448
1777.777778 0.010000 -1.000000 1.000000 0.200000 12.698700 0.500000 0.000000 3048.000000 2.500000 626510.438463 -34.754641 -0.848664 -0.848664 -0.897406 -0.897406 -0.054978 -0.013833 -0.013833 0.000000 1.540952 -1.540952 2.516821 -2.516821 0.000000 0.128152 -0.128152
1777.777778 0.010000 -1.000000 1.000000 0.200000 6.103650 0.700000 0.000000 10668.000000 1.000000 626510.438463 -51.815990 -0.849122 -0.849122 -1.150125 -1.150125 -0.025990 -0.003570 -0.003570 0.000000 2.369448 -2.369448 4.259137 -4.259137 0.000000 0.656906 -0.656906
1777.777778 0.010000 -1.000000 1.000000 0.200000 4.275830 0.700000 0.000000 10668.000000 1.000000 468940.622865 -52.234149 -0.755003 -0.755003 -1.220921 -1.220921 -0.025235 -0.002531 -0.002531 0.000000 2.326332 -2.326332 4.222895 -4.222895 0.000000 0.654774 -0.654774
1777.777778 0.010000 -1.000000 1.000000 0.200000 9.145220 0.500000 0.000000 3048.000000 2.500000 468940.622865 -35.593266 -0.702832 -0.702832 -0.974370 -0.974370 -0.054331 -0.009825 -0.009825 0.000000 1.478397 -1.478397 2.468197 -2.468197 0.000000 0.127671 -0.127671
1777.777778 0.010000 -1.000000 1.000000 0.200000 18.477390 0.200000 0.000000 0.000000 1.000000 468940.622865 -22.427263 -0.788473 -0.788473 -0.685613 -0.685613 -0.081762 -0.029549 -0.029549 0.000000 1.127234 -1.127234 1.674223 -1.674223 0.000000 0.189862 -0.189862

sigma_fcs span_loc fcs_loc wing_frac nacelle_frac AoA Mach Beta h n W Re1 Re2 Re3 Re4 Re5 Re6 Re7 Re8 Im1 Im2 Im3 Im4 Im5 Im6 Im7 Im8
1777.777778 0.118889 -1.000000 1.000000 0.200000 25.860520 0.200000 0.000000 0.000000 1.000000 626510.438463 -11.818628 -1.169238 -1.169238 -0.603435 -0.603435 -0.079219 -0.041729 -0.041729 0.000000 1.184034 -1.184034 1.739367 -1.739367 0.000000 0.186459 -0.186459
1777.777778 0.118889 -1.000000 1.000000 0.200000 12.685710 0.500000 0.000000 3048.000000 2.500000 626510.438463 -19.474504 -0.831568 -0.831568 -0.897126 -0.897126 -0.054964 -0.013811 -0.013811 0.000000 1.548990 -1.548990 2.513218 -2.513218 0.000000 0.128142 -0.128142
1777.777778 0.118889 -1.000000 1.000000 0.200000 6.097040 0.700000 0.000000 10668.000000 1.000000 626510.438463 -23.701348 -1.151753 -1.151753 -0.820206 -0.820206 -0.026002 -0.003564 -0.003564 0.000000 4.254053 -4.254053 2.356698 -2.356698 0.000000 0.656871 -0.656871
1777.777778 0.118889 -1.000000 1.000000 0.200000 4.270900 0.700000 0.000000 10668.000000 1.000000 468940.622865 -23.997299 -1.222523 -1.222523 -0.730424 -0.730424 -0.025249 -0.002526 -0.002526 0.000000 4.217883 -4.217883 2.306408 -2.306408 0.000000 0.654723 -0.654723
1777.777778 0.118889 -1.000000 1.000000 0.200000 9.135690 0.500000 0.000000 3048.000000 2.500000 468940.622865 -20.086457 -0.687065 -0.687065 -0.974124 -0.974124 -0.054326 -0.009807 -0.009807 0.000000 1.478131 -1.478131 2.464673 -2.464673 0.000000 0.127653 -0.127653
1777.777778 0.118889 -1.000000 1.000000 0.200000 18.458340 0.200000 0.000000 0.000000 1.000000 468940.622865 -13.464322 -0.779839 -0.779839 -0.685156 -0.685156 -0.081654 -0.029498 -0.029498 0.000000 1.143983 -1.143983 1.671756 -1.671756 0.000000 0.189846 -0.189846

sigma_fcs span_loc fcs_loc wing_frac nacelle_frac AoA Mach Beta h n W Re1 Re2 Re3 Re4 Re5 Re6 Re7 Re8 Im1 Im2 Im3 Im4 Im5 Im6 Im7 Im8
1777.777778 0.227778 -1.000000 1.000000 0.200000 25.650060 0.200000 0.000000 0.000000 1.000000 626510.438463 -4.873364 -1.179634 -1.179634 -0.598485 -0.598485 -0.079100 -0.041291 -0.041291 0.000000 1.334963 -1.334963 1.719452 -1.719452 0.000000 0.186539 -0.186539
1777.777778 0.227778 -1.000000 1.000000 0.200000 12.586920 0.500000 0.000000 3048.000000 2.500000 626510.438463 -8.667959 -0.891523 -0.891523 -0.774173 -0.774173 -0.055138 -0.013645 -0.013645 0.000000 2.483321 -2.483321 1.568170 -1.568170 0.000000 0.128060 -0.128060
1777.777778 0.227778 -1.000000 1.000000 0.200000 6.046720 0.700000 0.000000 10668.000000 1.000000 626510.438463 -9.475671 -1.150816 -1.150816 -0.735890 -0.735890 -0.026157 -0.003521 -0.003521 0.000000 4.209392 -4.209392 2.316877 -2.316877 0.000000 0.656593 -0.656593
1777.777778 0.227778 -1.000000 1.000000 0.200000 4.233390 0.700000 0.000000 10668.000000 1.000000 468940.622865 -9.680468 -1.221443 -1.221443 -0.662733 -0.662733 -0.025416 -0.002492 -0.002492 0.000000 4.173108 -4.173108 2.250341 -2.250341 0.000000 0.654318 -0.654318
1777.777778 0.227778 -1.000000 1.000000 0.200000 9.063230 0.500000 0.000000 3048.000000 2.500000 468940.622865 -9.099924 -0.639250 -0.639250 -0.968472 -0.968472 -0.054553 -0.009668 -0.009668 0.000000 1.474158 -1.474158 2.434990 -2.434990 0.000000 0.127511 -0.127511
1777.777778 0.227778 -1.000000 1.000000 0.200000 18.313650 0.200000 0.000000 0.000000 1.000000 468940.622865 -6.187398 -0.741151 -0.741151 -0.680564 -0.680564 -0.081611 -0.029103 -0.029103 0.000000 1.192704 -1.192704 1.651676 -1.651676 0.000000 0.189720 -0.189720

sigma_fcs span_loc fcs_loc wing_frac nacelle_frac AoA Mach Beta h n W Re1 Re2 Re3 Re4 Re5 Re6 Re7 Re8 Im1 Im2 Im3 Im4 Im5 Im6 Im7 Im8
1777.777778 0.336667 -1.000000 1.000000 0.200000 25.440620 0.200000 0.000000 0.000000 1.000000 626510.438463 -2.262292 -0.950841 -0.950841 -0.590518 -0.590518 -0.078659 -0.040847 -0.040847 0.000000 1.615455 -1.615455 1.692941 -1.692941 0.000000 0.186613 -0.186613
1777.777778 0.336667 -1.000000 1.000000 0.200000 12.488280 0.500000 0.000000 3048.000000 2.500000 626510.438463 -4.443705 -0.883403 -0.883403 -0.659791 -0.659791 -0.055180 -0.013478 -0.013478 0.000000 2.445967 -2.445967 1.579663 -1.579663 0.000000 0.127972 -0.127972
1777.777778 0.336667 -1.000000 1.000000 0.200000 5.996420 0.700000 0.000000 10668.000000 1.000000 626510.438463 -4.777989 -1.142416 -1.142416 -0.597948 -0.597948 -0.026281 -0.003479 -0.003479 0.000000 4.148224 -4.148224 2.221033 -2.221033 0.000000 0.656295 -0.656295
1777.777778 0.336667 -1.000000 1.000000 0.200000 4.195890 0.700000 0.000000 10668.000000 1.000000 468940.622865 -4.900059 -1.213043 -1.213043 -0.556405 -0.556405 -0.025555 -0.002458 -0.002458 0.000000 4.111577 -4.111577 2.144062 -2.144062 0.000000 0.653884 -0.653884
1777.777778 0.336667 -1.000000 1.000000 0.200000 8.990820 0.500000 0.000000 3048.000000 2.500000 468940.622865 -4.751256 -0.959949 -0.959949 -0.555180 -0.555180 -0.054653 -0.009524 -0.009524 0.000000 2.397802 -2.397802 1.455985 -1.455985 0.000000 0.127360 -0.127360
1777.777778 0.336667 -1.000000 1.000000 0.200000 18.169340 0.200000 0.000000 0.000000 1.000000 468940.622865 -3.136567 -0.675443 -0.675443 -0.635683 -0.635683 -0.081208 -0.028694 -0.028694 0.000000 1.626660 -1.626660 1.261356 -1.261356 0.000000 0.189585 -0.189585

sigma_fcs span_loc fcs_loc wing_frac nacelle_frac AoA Mach Beta h n W Re1 Re2 Re3 Re4 Re5 Re6 Re7 Re8 Im1 Im2 Im3 Im4 Im5 Im6 Im7 Im8
1777.777778 0.445556 -1.000000 1.000000 0.200000 25.232100 0.200000 0.000000 0.000000 1.000000 626510.438463 -14.163364 -1.118710 -1.118710 -0.583353 -0.583353 -0.080037 -0.040395 -0.040395 0.000000 1.172548 -1.172548 1.667732 -1.667732 0.000000 0.186683 -0.186683
1777.777778 0.445556 -1.000000 1.000000 0.200000 12.389730 0.500000 0.000000 3048.000000 2.500000 626510.438463 -23.209684 -0.814968 -0.814968 -0.865699 -0.865699 -0.055947 -0.013307 -0.013307 0.000000 1.531334 -1.531334 2.401892 -2.401892 0.000000 0.127877 -0.127877
1777.777778 0.445556 -1.000000 1.000000 0.200000 5.946130 0.700000 0.000000 10668.000000 1.000000 626510.438463 -29.473027 -1.110030 -1.110030 -0.812747 -0.812747 -0.026581 -0.003436 -0.003436 0.000000 4.059116 -4.059116 2.336894 -2.336894 0.000000 0.655973 -0.655973
1777.777778 0.445556 -1.000000 1.000000 0.200000 4.158390 0.700000 0.000000 10668.000000 1.000000 468940.622865 -29.784373 -1.181167 -1.181167 -0.724177 -0.724177 -0.025854 -0.002423 -0.002423 0.000000 4.022638 -4.022638 2.288514 -2.288514 0.000000 0.653418 -0.653418
1777.777778 0.445556 -1.000000 1.000000 0.200000 8.918450 0.500000 0.000000 3048.000000 2.500000 468940.622865 -23.850434 -0.675281 -0.675281 -0.942801 -0.942801 -0.055436 -0.009375 -0.009375 0.000000 1.462660 -1.462660 2.353508 -2.353508 0.000000 0.127199 -0.127199
1777.777778 0.445556 -1.000000 1.000000 0.200000 18.025340 0.200000 0.000000 0.000000 1.000000 468940.622865 -15.837795 -0.757987 -0.757987 -0.664177 -0.664177 -0.082788 -0.028270 -0.028270 0.000000 1.130615 -1.130615 1.600564 -1.600564 0.000000 0.189438 -0.189438

sigma_fcs span_loc fcs_loc wing_frac nacelle_frac AoA Mach Beta h n W Re1 Re2 Re3 Re4 Re5 Re6 Re7 Re8 Im1 Im2 Im3 Im4 Im5 Im6 Im7 Im8
1777.777778 0.554444 -1.000000 1.000000 0.200000 25.024480 0.200000 0.000000 0.000000 1.000000 626510.438463 -6.087996 -1.115529 -1.115529 -0.572314 -0.572314 -0.079812 -0.039935 -0.039935 0.000000 1.270826 -1.270826 1.634567 -1.634567 0.000000 0.186746 -0.186746
1777.777778 0.554444 -1.000000 1.000000 0.200000 12.291290 0.500000 0.000000 3048.000000 2.500000 626510.438463 -10.269288 -0.758740 -0.758740 -0.848726 -0.848726 -0.056071 -0.013132 -0.013132 0.000000 1.533835 -1.533835 2.348808 -2.348808 0.000000 0.127774 -0.127774
1777.777778 0.554444 -1.000000 1.000000 0.200000 5.895840 0.700000 0.000000 10668.000000 1.000000 626510.438463 -11.328738 -1.084162 -1.084162 -0.728461 -0.728461 -0.026728 -0.003394 -0.003394 0.000000 3.955089 -3.955089 2.274021 -2.274021 0.000000 0.655624 -0.655624
1777.777778 0.554444 -1.000000 1.000000 0.200000 4.120880 0.700000 0.000000 10668.000000 1.000000 468940.622865 -11.543041 -1.155393 -1.155393 -0.653068 -0.653068 -0.026014 -0.002388 -0.002388 0.000000 3.918810 -3.918810 2.212269 -2.212269 0.000000 0.652915 -0.652915
1777.777778 0.554444 -1.000000 1.000000 0.200000 8.846100 0.500000 0.000000 3048.000000 2.500000 468940.622865 -10.710564 -0.626875 -0.626875 -0.925918 -0.925918 -0.055609 -0.009220 -0.009220 0.000000 1.447258 -1.447258 2.300806 -2.300806 0.000000 0.127025 -0.127025
1777.777778 0.554444 -1.000000 1.000000 0.200000 17.881660 0.200000 0.000000 0.000000 1.000000 468940.622865 -7.357365 -0.720051 -0.720051 -0.653245 -0.653245 -0.082606 -0.027827 -0.027827 0.000000 1.161641 -1.161641 1.567519 -1.567519 0.000000 0.189279 -0.189279

sigma_fcs span_loc fcs_loc wing_frac nacelle_frac AoA Mach Beta h n W Re1 Re2 Re3 Re4 Re5 Re6 Re7 Re8 Im1 Im2 Im3 Im4 Im5 Im6 Im7 Im8
1777.777778 0.663333 -1.000000 1.000000 0.200000 24.817730 0.200000 0.000000 0.000000 1.000000 626510.438463 -2.670406 -0.981373 -0.981373 -0.558929 -0.558929 -0.079250 -0.039464 -0.039464 0.000000 1.506202 -1.506202 1.596561 -1.596561 0.000000 0.186803 -0.186803
1777.777778 0.663333 -1.000000 1.000000 0.200000 12.192940 0.500000 0.000000 3048.000000 2.500000 626510.438463 -5.087284 -0.829761 -0.829761 -0.656275 -0.656275 -0.056053 -0.012953 -0.012953 0.000000 2.289057 -2.289057 1.534614 -1.534614 0.000000 0.127662 -0.127662
1777.777778 0.663333 -1.000000 1.000000 0.200000 5.845550 0.700000 0.000000 10668.000000 1.000000 626510.438463 -5.443037 -1.053389 -1.053389 -0.597139 -0.597139 -0.026842 -0.003351 -0.003351 0.000000 3.837082 -3.837082 2.169208 -2.169208 0.000000 0.655247 -0.655247
1777.777778 0.663333 -1.000000 1.000000 0.200000 4.083380 0.700000 0.000000 10668.000000 1.000000 468940.622865 -5.581335 -1.124719 -1.124719 -0.548228 -0.548228 -0.026144 -0.002352 -0.002352 0.000000 3.800825 -3.800825 2.095618 -2.095618 0.000000 0.652372 -0.652372
1777.777778 0.663333 -1.000000 1.000000 0.200000 8.773770 0.500000 0.000000 3048.000000 2.500000 468940.622865 -5.408071 -0.906785 -0.906785 -0.547533 -0.547533 -0.055646 -0.009059 -0.009059 0.000000 2.241503 -2.241503 1.421602 -1.421602 0.000000 0.126838 -0.126838
1777.777778 0.663333 -1.000000 1.000000 0.200000 17.738270 0.200000 0.000000 0.000000 1.000000 468940.622865 -3.629548 -0.632719 -0.632719 -0.641608 -0.641608 -0.082046 -0.027364 -0.027364 0.000000 1.215344 -1.215344 1.529888 -1.529888 0.000000 0.189106 -0.189106

sigma_fcs span_loc fcs_loc wing_frac nacelle_frac AoA Mach Beta h n W Re1 Re2 Re3 Re4 Re5 Re6 Re7 Re8 Im1 Im2 Im3 Im4 Im5 Im6 Im7 Im8
1777.777778 0.772222 -1.000000 1.000000 0.200000 24.611820 0.200000 0.000000 0.000000 1.000000 626510.438463 -0.627905 -0.627905 -0.536707 -0.536707 -1.685907 -0.078351 -0.038980 -0.038980 1.568424 -1.568424 1.544995 -1.544995 0.000000 0.000000 0.186853 -0.186853
1777.777778 0.772222 -1.000000 1.000000 0.200000 12.094670 0.500000 0.000000 3048.000000 2.500000 626510.438463 -2.984603 -0.808691 -0.808691 -0.509013 -0.509013 -0.055889 -0.012770 -0.012770 0.000000 2.224649 -2.224649 1.500129 -1.500129 0.000000 0.127540 -0.127540
1777.777778 0.772222 -1.000000 1.000000 0.200000 5.795260 0.700000 0.000000 10668.000000 1.000000 626510.438463 -3.182348 -1.015379 -1.015379 -0.452596 -0.452596 -0.026922 -0.003308 -0.003308 0.000000 3.706970 -3.706970 2.013804 -2.013804 0.000000 0.654836 -0.654836
1777.777778 0.772222 -1.000000 1.000000 0.200000 4.045870 0.700000 0.000000 10668.000000 1.000000 468940.622865 -3.250054 -1.087175 -1.087175 -0.434094 -0.434094 -0.026241 -0.002316 -0.002316 0.000000 3.670778 -3.670778 1.942904 -1.942904 0.000000 0.651783 -0.651783
1777.777778 0.772222 -1.000000 1.000000 0.200000 8.701470 0.500000 0.000000 3048.000000 2.500000 468940.622865 -3.187434 -0.885513 -0.885513 -0.443191 -0.443191 -0.055540 -0.008890 -0.008890 0.000000 2.177057 -2.177057 1.372771 -1.372771 0.000000 0.126637 -0.126637
1777.777778 0.772222 -1.000000 1.000000 0.200000 17.595170 0.200000 0.000000 0.000000 1.000000 468940.622865 -2.138981 -0.630297 -0.630297 -0.472686 -0.472686 -0.081107 -0.026878 -0.026878 0.000000 1.490998 -1.490998 1.233784 -1.233784 0.000000 0.188917 -0.188917

sigma_fcs span_loc fcs_loc wing_frac nacelle_frac AoA Mach Beta h n W Re1 Re2 Re3 Re4 Re5 Re6 Re7 Re8 Im1 Im2 Im3 Im4 Im5 Im6 Im7 Im8
1777.777778 0.881111 -1.000000 1.000000 0.200000 24.406730 0.200000 0.000000 0.000000 1.000000 626510.438463 -0.352674 -0.352674 -0.536889 -0.536889 -1.303400 -0.077122 -0.038482 -0.038482 1.418761 -1.418761 1.519501 -1.519501 0.000000 0.000000 0.186894 -0.186894
1777.777778 0.881111 -1.000000 1.000000 0.200000 11.996490 0.500000 0.000000 3048.000000 2.500000 626510.438463 -2.032448 -0.784264 -0.784264 -0.362261 -0.362261 -0.055574 -0.012580 -0.012580 0.000000 2.155660 -2.155660 1.410458 -1.410458 0.000000 0.127407 -0.127407
1777.777778 0.881111 -1.000000 1.000000 0.200000 5.744980 0.700000 0.000000 10668.000000 1.000000 626510.438463 -0.971568 -0.971568 -0.334453 -0.334453 -2.124942 -0.026963 -0.003265 -0.003265 3.564280 -3.564280 1.830405 -1.830405 0.000000 0.000000 0.654389 -0.654389
1777.777778 0.881111 -1.000000 1.000000 0.200000 4.008350 0.700000 0.000000 10668.000000 1.000000 468940.622865 -1.043856 -1.043856 -0.336491 -0.336491 -2.146584 -0.026305 -0.002278 -0.002278 3.528451 -3.528451 1.772330 -1.772330 0.000000 0.000000 0.651142 -0.651142
1777.777778 0.881111 -1.000000 1.000000 0.200000 8.629200 0.500000 0.000000 3048.000000 2.500000 468940.622865 -2.137542 -0.861494 -0.861494 -0.336664 -0.336664 -0.055286 -0.008712 -0.008712 0.000000 2.108034 -2.108034 1.293040 -1.293040 0.000000 0.126418 -0.126418
1777.777778 0.881111 -1.000000 1.000000 0.200000 17.452340 0.200000 0.000000 0.000000 1.000000 468940.622865 -0.614758 -0.614758 -0.311206 -0.311206 -1.509675 -0.079796 -0.026366 -0.026366 1.449965 -1.449965 1.171972 -1.171972 0.000000 0.000000 0.188709 -0.188709

sigma_fcs span_loc fcs_loc wing_frac nacelle_frac AoA Mach Beta h n W Re1 Re2 Re3 Re4 Re5 Re6 Re7 Re8 Im1 Im2 Im3 Im4 Im5 Im6 Im7 Im8
1777.777778 0.990000 -1.000000 1.000000 0.200000 24.202410 0.200000 0.000000 0.000000 1.000000 626510.438463 -0.518557 -0.518557 -0.201087 -0.201087 -1.077048 -0.075576 -0.037968 -0.037968 1.470982 -1.470982 1.265213 -1.265213 0.000000 0.000000 0.186927 -0.186927
1777.777778 0.990000 -1.000000 1.000000 0.200000 11.898390 0.500000 0.000000 3048.000000 2.500000 626510.438463 -0.757553 -0.757553 -1.524582 -0.250345 -0.250345 -0.055105 -0.012384 -0.012384 2.081561 -2.081561 0.000000 1.293017 -1.293017 0.000000 0.127262 -0.127262
1777.777778 0.990000 -1.000000 1.000000 0.200000 5.694700 0.700000 0.000000 10668.000000 1.000000 626510.438463 -0.925119 -0.925119 -0.250448 -0.250448 -1.539223 -0.026966 -0.003221 -0.003221 3.411464 -3.411464 1.650524 -1.650524 0.000000 0.000000 0.653899 -0.653899
1777.777778 0.990000 -1.000000 1.000000 0.200000 3.970840 0.700000 0.000000 10668.000000 1.000000 468940.622865 -0.997785 -0.997785 -0.262859 -0.262859 -1.537420 -0.026332 -0.002240 -0.002240 3.376065 -3.376065 1.605799 -1.605799 0.000000 0.000000 0.650443 -0.650443
1777.777778 0.990000 -1.000000 1.000000 0.200000 8.556940 0.500000 0.000000 3048.000000 2.500000 468940.622865 -0.835251 -0.835251 -1.571170 -0.248847 -0.248847 -0.054880 -0.008525 -0.008525 2.034305 -2.034305 0.000000 1.194798 -1.194798 0.000000 0.126181 -0.126181
1777.777778 0.990000 -1.000000 1.000000 0.200000 17.309780 0.200000 0.000000 0.000000 1.000000 468940.622865 -0.597916 -0.597916 -0.194934 -0.194934 -1.180106 -0.078130 -0.025825 -0.025825 1.404656 -1.404656 1.074094 -1.074094 0.000000 0.000000 0.188481 -0.188481

sigma_fcs span_loc fcs_loc wing_frac nacelle_frac AoA Mach Beta h n W Re1 Re2 Re3 Re4 Re5 Re6 Re7 Re8 Im1 Im2 Im3 Im4 Im5 Im6 Im7 Im8
2055.555556 0.010000 -1.000000 1.000000 0.200000 25.783280 0.200000 0.000000 0.000000 1.000000 626510.438463 -20.786802 -1.150752 -1.150752 -0.602841 -0.602841 -0.079510 -0.041571 -0.041571 0.000000 1.148911 -1.148911 1.734249 -1.734249 0.000000 0.186487 -0.186487
2055.555556 0.010000 -1.000000 1.000000 0.200000 12.649490 0.500000 0.000000 3048.000000 2.500000 626510.438463 -35.642232 -0.848689 -0.848689 -0.896082 -0.896082 -0.055163 -0.013752 -0.013752 0.000000 1.542382 -1.542382 2.505993 -2.505993 0.000000 0.128113 -0.128113
2055.555556 0.010000 -1.000000 1.000000 0.200000 6.078590 0.700000 0.000000 10668.000000 1.000000 626510.438463 -53.836612 -0.852615 -0.852615 -1.151501 -1.151501 -0.026091 -0.003548 -0.003548 0.000000 2.376117 -2.376117 4.246408 -4.246408 0.000000 0.656771 -0.656771
2055.555556 0.010000 -1.000000 1.000000 0.200000 4.257150 0.700000 0.000000 10668.000000 1.000000 468940.622865 -54.260728 -0.758699 -0.758699 -1.222298 -1.222298 -0.025340 -0.002514 -0.002514 0.000000 2.332874 -2.332874 4.210013 -4.210013 0.000000 0.654577 -0.654577
2055.555556 0.010000 -1.000000 1.000000 0.200000 9.109130 0.500000 0.000000 3048.000000 2.500000 468940.622865 -36.488453 -0.703459 -0.703459 -0.973034 -0.973034 -0.054537 -0.009758 -0.009758 0.000000 1.479672 -1.479672 2.457315 -2.457315 0.000000 0.127602 -0.127602
2055.555556 0.010000 -1.000000 1.000000 0.200000 18.405280 0.200000 0.000000 0.000000 1.000000 468940.622865 -22.916225 -0.786841 -0.786841 -0.684322 -0.684322 -0.082007 -0.029358 -0.029358 0.000000 1.127833 -1.127833 1.666695 -1.666695 0.000000 0.189800 -0.189800

sigma_fcs span_loc fcs_loc wing_frac nacelle_frac AoA Mach Beta h n W Re1 Re2 Re3 Re4 Re5 Re6 Re7 Re8 Im1 Im2 Im3 Im4 Im5 Im6 Im7 Im8
2055.555556 0.118889 -1.000000 1.000000 0.200000 25.758550 0.200000 0.000000 0.000000 1.000000 626510.438463 -12.776949 -1.161944 -1.161944 -0.602360 -0.602360 -0.079415 -0.041520 -0.041520 0.000000 1.180429 -1.180429 1.732140 -1.732140 0.000000 0.186496 -0.186496
2055.555556 0.118889 -1.000000 1.000000 0.200000 12.637890 0.500000 0.000000 3048.000000 2.500000 626510.438463 -21.041337 -0.833855 -0.833855 -0.895796 -0.895796 -0.055152 -0.013732 -0.013732 0.000000 1.549207 -1.549207 2.502775 -2.502775 0.000000 0.128103 -0.128103
2055.555556 0.118889 -1.000000 1.000000 0.200000 6.072690 0.700000 0.000000 10668.000000 1.000000 626510.438463 -26.070594 -1.152722 -1.152722 -0.827357 -0.827357 -0.026102 -0.003543 -0.003543 0.000000 4.241848 -4.241848 2.364818 -2.364818 0.000000 0.656739 -0.656739
2055.555556 0.118889 -1.000000 1.000000 0.200000 4.252750 0.700000 0.000000 10668.000000 1.000000 468940.622865 -26.376078 -1.223503 -1.223503 -0.737158 -0.737158 -0.025353 -0.002510 -0.002510 0.000000 4.205504 -4.205504 2.315338 -2.315338 0.000000 0.654530 -0.654530
2055.555556 0.118889 -1.000000 1.000000 0.200000 9.100620 0.500000 0.000000 3048.000000 2.500000 468940.622865 -21.672957 -0.689752 -0.689752 -0.972776 -0.972776 -0.054535 -0.009742 -0.009742 0.000000 1.479360 -1.479360 2.454155 -2.454155 0.000000 0.127585 -0.127585
2055.555556 0.118889 -1.000000 1.000000 0.200000 18.388280 0.200000 0.000000 0.000000 1.000000 468940.622865 -14.458748 -0.779330 -0.779330 -0.683915 -0.683915 -0.081914 -0.029313 -0.029313 0.000000 1.142117 -1.142117 1.664502 -1.664502 0.000000 0.189785 -0.189785

sigma_fcs span_loc fcs_loc wing_frac nacelle_frac AoA Mach Beta h n W Re1 Re2 Re3 Re4 Re5 Re6 Re7 Re8 Im1 Im2 Im3 Im4 Im5 Im6 Im7 Im8
2055.555556 0.227778 -1.000000 1.000000 0.200000 25.574410 0.200000 0.000000 0.000000 1.000000 626510.438463 -5.638278 -1.174408 -1.174408 -0.598210 -0.598210 -0.079319 -0.041137 -0.041137 0.000000 1.300853 -1.300853 1.714758 -1.714758 0.000000 0.186563 -0.186563
2055.555556 0.227778 -1.000000 1.000000 0.200000 12.551330 0.500000 0.000000 3048.000000 2.500000 626510.438463 -9.764955 -0.785202 -0.785202 -0.890926 -0.890926 -0.055310 -0.013588 -0.013588 0.000000 1.565919 -1.565919 2.476565 -2.476565 0.000000 0.128028 -0.128028
2055.555556 0.227778 -1.000000 1.000000 0.200000 6.028580 0.700000 0.000000 10668.000000 1.000000 626510.438463 -10.756461 -1.151763 -1.151763 -0.754360 -0.754360 -0.026240 -0.003506 -0.003506 0.000000 4.202584 -4.202584 2.330826 -2.330826 0.000000 0.656488 -0.656488
2055.555556 0.227778 -1.000000 1.000000 0.200000 4.219870 0.700000 0.000000 10668.000000 1.000000 468940.622865 -10.972356 -1.222450 -1.222450 -0.678041 -0.678041 -0.025502 -0.002480 -0.002480 0.000000 4.166142 -4.166142 2.266657 -2.266657 0.000000 0.654164 -0.654164
2055.555556 0.227778 -1.000000 1.000000 0.200000 9.037110 0.500000 0.000000 3048.000000 2.500000 468940.622865 -10.215276 -0.648645 -0.648645 -0.967890 -0.967890 -0.054740 -0.009620 -0.009620 0.000000 1.476094 -1.476094 2.428091 -2.428091 0.000000 0.127457 -0.127457
2055.555556 0.227778 -1.000000 1.000000 0.200000 18.261570 0.200000 0.000000 0.000000 1.000000 468940.622865 -6.971756 -0.747505 -0.747505 -0.679946 -0.679946 -0.081886 -0.028967 -0.028967 0.000000 1.183437 -1.183437 1.646968 -1.646968 0.000000 0.189669 -0.189669

sigma_fcs span_loc fcs_loc wing_frac nacelle_frac AoA Mach Beta h n W Re1 Re2 Re3 Re4 Re5 Re6 Re7 Re8 Im1 Im2 Im3 Im4 Im5 Im6 Im7 Im8
2055.555556 0.336667 -1.000000 1.000000 0.200000 25.391040 0.200000 0.000000 0.000000 1.000000 626510.438463 -2.591841 -1.031755 -1.031755 -0.591603 -0.591603 -0.078943 -0.040748 -0.040748 0.000000 1.566596 -1.566596 1.692307 -1.692307 0.000000 0.186625 -0.186625
2055.555556 0.336667 -1.000000 1.000000 0.200000 12.464880 0.500000 0.000000 3048.000000 2.500000 626510.438463 -5.081835 -0.883594 -0.883594 -0.689228 -0.689228 -0.055352 -0.013441 -0.013441 0.000000 2.443561 -2.443561 1.579924 -1.579924 0.000000 0.127949 -0.127949
2055.555556 0.336667 -1.000000 1.000000 0.200000 5.984480 0.700000 0.000000 10668.000000 1.000000 626510.438463 -5.463232 -1.144585 -1.144585 -0.631684 -0.631684 -0.026352 -0.003469 -0.003469 0.000000 4.148080 -4.148080 2.250819 -2.250819 0.000000 0.656220 -0.656220
2055.555556 0.336667 -1.000000 1.000000 0.200000 4.186990 0.700000 0.000000 10668.000000 1.000000 468940.622865 -5.602711 -1.215219 -1.215219 -0.582797 -0.582797 -0.025626 -0.002450 -0.002450 0.000000 4.111369 -4.111369 2.174603 -2.174603 0.000000 0.653775 -0.653775
2055.555556 0.336667 -1.000000 1.000000 0.200000 8.973640 0.500000 0.000000 3048.000000 2.500000 468940.622865 -5.415228 -0.960296 -0.960296 -0.576252 -0.576252 -0.054833 -0.009494 -0.009494 0.000000 2.395289 -2.395289 1.462174 -1.462174 0.000000 0.127322 -0.127322
2055.555556 0.336667 -1.000000 1.000000 0.200000 18.135130 0.200000 0.000000 0.000000 1.000000 468940.622865 -3.600057 -0.674996 -0.674996 -0.664959 -0.664959 -0.081544 -0.028609 -0.028609 0.000000 1.624999 -1.624999 1.246908 -1.246908 0.000000 0.189545 -0.189545

sigma_fcs span_loc fcs_loc wing_frac nacelle_frac AoA Mach Beta h n W Re1 Re2 Re3 Re4 Re5 Re6 Re7 Re8 Im1 Im2 Im3 Im4 Im5 Im6 Im7 Im8
2055.555556 0.445556 -1.000000 1.000000 0.200000 25.208370 0.200000 0.000000 0.000000 1.000000 626510.438463 -15.050410 -1.118777 -1.118777 -0.585023 -0.585023 -0.080147 -0.040353 -0.040353 0.000000 1.171226 -1.171226 1.669252 -1.669252 0.000000 0.186684 -0.186684
2055.555556 0.445556 -1.000000 1.000000 0.200000 12.378500 0.500000 0.000000 3048.000000 2.500000 626510.438463 -24.741744 -0.819585 -0.819585 -0.868744 -0.868744 -0.056025 -0.013291 -0.013291 0.000000 1.534301 -1.534301 2.405017 -2.405017 0.000000 0.127864 -0.127864
2055.555556 0.445556 -1.000000 1.000000 0.200000 5.940390 0.700000 0.000000 10668.000000 1.000000 626510.438463 -32.022996 -0.821358 -0.821358 -1.117185 -1.117185 -0.026615 -0.003432 -0.003432 0.000000 2.348669 -2.348669 4.071120 -4.071120 0.000000 0.655933 -0.655933
2055.555556 0.445556 -1.000000 1.000000 0.200000 4.154110 0.700000 0.000000 10668.000000 1.000000 468940.622865 -32.344939 -1.188283 -1.188283 -0.732254 -0.732254 -0.025889 -0.002420 -0.002420 0.000000 4.034483 -4.034483 2.300777 -2.300777 0.000000 0.653361 -0.653361
2055.555556 0.445556 -1.000000 1.000000 0.200000 8.910190 0.500000 0.000000 3048.000000 2.500000 468940.622865 -25.403626 -0.679682 -0.679682 -0.945818 -0.945818 -0.055519 -0.009363 -0.009363 0.000000 1.466237 -1.466237 2.356518 -2.356518 0.000000 0.127178 -0.127178
2055.555556 0.445556 -1.000000 1.000000 0.200000 18.008940 0.200000 0.000000 0.000000 1.000000 468940.622865 -16.769055 -0.760445 -0.760445 -0.665817 -0.665817 -0.082927 -0.028237 -0.028237 0.000000 1.130867 -1.130867 1.601962 -1.601962 0.000000 0.189414 -0.189414

sigma_fcs span_loc fcs_loc wing_frac nacelle_frac AoA Mach Beta h n W Re1 Re2 Re3 Re4 Re5 Re6 Re7 Re8 Im1 Im2 Im3 Im4 Im5 Im6 Im7 Im8
2055.555556 0.554444 -1.000000 1.000000 0.200000 25.026390 0.200000 0.000000 0.000000 1.000000 626510.438463 -6.904037 -1.117629 -1.117629 -0.575371 -0.575371 -0.079956 -0.039949 -0.039949 0.000000 1.252035 -1.252035 1.640201 -1.640201 0.000000 0.186739 -0.186739
2055.555556 0.554444 -1.000000 1.000000 0.200000 12.292190 0.500000 0.000000 3048.000000 2.500000 626510.438463 -11.484722 -0.770989 -0.770989 -0.853716 -0.853716 -0.056137 -0.013138 -0.013138 0.000000 1.536410 -1.536410 2.358447 -2.358447 0.000000 0.127773 -0.127773
2055.555556 0.554444 -1.000000 1.000000 0.200000 5.896300 0.700000 0.000000 10668.000000 1.000000 626510.438463 -12.803019 -1.093931 -1.093931 -0.747246 -0.747246 -0.026745 -0.003395 -0.003395 0.000000 3.979444 -3.979444 2.293407 -2.293407 0.000000 0.655627 -0.655627
2055.555556 0.554444 -1.000000 1.000000 0.200000 4.121230 0.700000 0.000000 10668.000000 1.000000 468940.622865 -13.027983 -1.165134 -1.165134 -0.669319 -0.669319 -0.026030 -0.002389 -0.002389 0.000000 3.942984 -3.942984 2.233495 -2.233495 0.000000 0.652919 -0.652919
2055.555556 0.554444 -1.000000 1.000000 0.200000 8.846760 0.500000 0.000000 3048.000000 2.500000 468940.622865 -11.946239 -0.637470 -0.637470 -0.930881 -0.930881 -0.055675 -0.009228 -0.009228 0.000000 1.452786 -1.452786 2.310261 -2.310261 0.000000 0.127025 -0.127025
2055.555556 0.554444 -1.000000 1.000000 0.200000 17.882980 0.200000 0.000000 0.000000 1.000000 468940.622865 -8.207795 -0.728293 -0.728293 -0.656187 -0.656187 -0.082775 -0.027849 -0.027849 0.000000 1.157368 -1.157368 1.573043 -1.573043 0.000000 0.189274 -0.189274

sigma_fcs span_loc fcs_loc wing_frac nacelle_frac AoA Mach Beta h n W Re1 Re2 Re3 Re4 Re5 Re6 Re7 Re8 Im1 Im2 Im3 Im4 Im5 Im6 Im7 Im8
2055.555556 0.663333 -1.000000 1.000000 0.200000 24.845080 0.200000 0.000000 0.000000 1.000000 626510.438463 -3.098637 -1.037930 -1.037930 -0.563760 -0.563760 -0.079473 -0.039537 -0.039537 0.000000 1.457910 -1.457910 1.607092 -1.607092 0.000000 0.186789 -0.186789
2055.555556 0.663333 -1.000000 1.000000 0.200000 12.205960 0.500000 0.000000 3048.000000 2.500000 626510.438463 -5.805317 -0.836628 -0.836628 -0.683551 -0.683551 -0.056126 -0.012982 -0.012982 0.000000 2.305814 -2.305814 1.539264 -1.539264 0.000000 0.127676 -0.127676
2055.555556 0.663333 -1.000000 1.000000 0.200000 5.852210 0.700000 0.000000 10668.000000 1.000000 626510.438463 -6.222388 -1.066171 -1.066171 -0.629842 -0.629842 -0.026846 -0.003357 -0.003357 0.000000 3.874572 -3.874572 2.202775 -2.202775 0.000000 0.655298 -0.655298
2055.555556 0.663333 -1.000000 1.000000 0.200000 4.088350 0.700000 0.000000 10668.000000 1.000000 468940.622865 -6.376056 -1.137447 -1.137447 -0.574771 -0.574771 -0.026145 -0.002358 -0.002358 0.000000 3.838190 -3.838190 2.130418 -2.130418 0.000000 0.652445 -0.652445
2055.555556 0.663333 -1.000000 1.000000 0.200000 8.783360 0.500000 0.000000 3048.000000 2.500000 468940.622865 -6.149532 -0.568252 -0.568252 -0.913719 -0.913719 -0.055712 -0.009087 -0.009087 0.000000 1.431332 -1.431332 2.258043 -2.258043 0.000000 0.126863 -0.126863
2055.555556 0.663333 -1.000000 1.000000 0.200000 17.757250 0.200000 0.000000 0.000000 1.000000 468940.622865 -4.152871 -0.657992 -0.657992 -0.645542 -0.645542 -0.082295 -0.027445 -0.027445 0.000000 1.205878 -1.205878 1.540125 -1.540125 0.000000 0.189123 -0.189123

sigma_fcs span_loc fcs_loc wing_frac nacelle_frac AoA Mach Beta h n W Re1 Re2 Re3 Re4 Re5 Re6 Re7 Re8 Im1 Im2 Im3 Im4 Im5 Im6 Im7 Im8
2055.555556 0.772222 -1.000000 1.000000 0.200000 24.664410 0.200000 0.000000 0.000000 1.000000 626510.438463 -1.856862 -0.717589 -0.717589 -0.548422 -0.548422 -0.078697 -0.039115 -0.039115 0.000000 1.578764 -1.578764 1.567362 -1.567362 0.000000 0.186835 -0.186835
2055.555556 0.772222 -1.000000 1.000000 0.200000 12.119800 0.500000 0.000000 3048.000000 2.500000 626510.438463 -3.400623 -0.817732 -0.817732 -0.553256 -0.553256 -0.055988 -0.012822 -0.012822 0.000000 2.248617 -2.248617 1.518621 -1.518621 0.000000 0.127571 -0.127571
2055.555556 0.772222 -1.000000 1.000000 0.200000 5.808130 0.700000 0.000000 10668.000000 1.000000 626510.438463 -3.632575 -1.032338 -1.032338 -0.492876 -0.492876 -0.026917 -0.003320 -0.003320 0.000000 3.758713 -3.758713 2.067421 -2.067421 0.000000 0.654944 -0.654944
2055.555556 0.772222 -1.000000 1.000000 0.200000 4.055460 0.700000 0.000000 10668.000000 1.000000 468940.622865 -3.717156 -1.103965 -1.103965 -0.466948 -0.466948 -0.026231 -0.002326 -0.002326 0.000000 3.722369 -3.722369 1.994133 -1.994133 0.000000 0.651937 -0.651937
2055.555556 0.772222 -1.000000 1.000000 0.200000 8.719970 0.500000 0.000000 3048.000000 2.500000 468940.622865 -3.635295 -0.894601 -0.894601 -0.474823 -0.474823 -0.055626 -0.008939 -0.008939 0.000000 2.200963 -2.200963 1.392309 -1.392309 0.000000 0.126689 -0.126689
2055.555556 0.772222 -1.000000 1.000000 0.200000 17.631750 0.200000 0.000000 0.000000 1.000000 468940.622865 -2.424694 -0.635280 -0.635280 -0.521956 -0.521956 -0.081485 -0.027021 -0.027021 0.000000 1.504999 -1.504999 1.239211 -1.239211 0.000000 0.188961 -0.188961

sigma_fcs span_loc fcs_loc wing_frac nacelle_frac AoA Mach Beta h n W Re1 Re2 Re3 Re4 Re5 Re6 Re7 Re8 Im1 Im2 Im3 Im4 Im5 Im6 Im7 Im8
2055.555556 0.881111 -1.000000 1.000000 0.200000 24.484380 0.200000 0.000000 0.000000 1.000000 626510.438463 -0.425112 -0.425112 -0.546471 -0.546471 -1.410548 -0.077633 -0.038680 -0.038680 1.471869 -1.471869 1.540568 -1.540568 0.000000 0.000000 0.186875 -0.186875
2055.555556 0.881111 -1.000000 1.000000 0.200000 12.033700 0.500000 0.000000 3048.000000 2.500000 626510.438463 -2.289732 -0.796045 -0.796045 -0.410585 -0.410585 -0.055720 -0.012656 -0.012656 0.000000 2.187491 -2.187491 1.449258 -1.449258 0.000000 0.127458 -0.127458
2055.555556 0.881111 -1.000000 1.000000 0.200000 5.764040 0.700000 0.000000 10668.000000 1.000000 626510.438463 -0.992802 -0.992802 -0.372474 -0.372474 -2.416224 -0.026956 -0.003282 -0.003282 3.631618 -3.631618 1.899776 -1.899776 0.000000 0.000000 0.654562 -0.654562
2055.555556 0.881111 -1.000000 1.000000 0.200000 4.022570 0.700000 0.000000 10668.000000 1.000000 468940.622865 -1.064891 -1.064891 -2.450154 -0.369069 -0.369069 -0.026289 -0.002293 -0.002293 3.595568 -3.595568 0.000000 1.836859 -1.836859 0.000000 0.651391 -0.651391
2055.555556 0.881111 -1.000000 1.000000 0.200000 8.656590 0.500000 0.000000 3048.000000 2.500000 468940.622865 -2.423513 -0.873136 -0.873136 -0.373084 -0.373084 -0.055412 -0.008785 -0.008785 0.000000 2.139767 -2.139767 1.326257 -1.326257 0.000000 0.126502 -0.126502
2055.555556 0.881111 -1.000000 1.000000 0.200000 17.506450 0.200000 0.000000 0.000000 1.000000 468940.622865 -1.677134 -0.622032 -0.622032 -0.363016 -0.363016 -0.080350 -0.026576 -0.026576 0.000000 1.469019 -1.469019 1.201895 -1.201895 0.000000 0.188786 -0.188786

sigma_fcs span_loc fcs_loc wing_frac nacelle_frac AoA Mach Beta h n W Re1 Re2 Re3 Re4 Re5 Re6 Re7 Re8 Im1 Im2 Im3 Im4 Im5 Im6 Im7 Im8
2055.555556 0.990000 -1.000000 1.000000 0.200000 24.304960 0.200000 0.000000 0.000000 1.000000 626510.438463 -0.527568 -0.527568 -0.254967 -0.254967 -1.160908 -0.076290 -0.038233 -0.038233 1.496242 -1.496242 1.330405 -1.330405 0.000000 0.000000 0.186909 -0.186909
2055.555556 0.990000 -1.000000 1.000000 0.200000 11.947660 0.500000 0.000000 3048.000000 2.500000 626510.438463 -0.771935 -0.771935 -0.292737 -0.292737 -1.703549 -0.055320 -0.012485 -0.012485 2.121880 -2.121880 1.345400 -1.345400 0.000000 0.000000 0.127336 -0.127336
2055.555556 0.990000 -1.000000 1.000000 0.200000 5.719960 0.700000 0.000000 10668.000000 1.000000 626510.438463 -0.950119 -0.950119 -0.282647 -0.282647 -1.746891 -0.026961 -0.003244 -0.003244 3.494782 -3.494782 1.727634 -1.727634 0.000000 0.000000 0.654150 -0.654150
2055.555556 0.990000 -1.000000 1.000000 0.200000 3.989680 0.700000 0.000000 10668.000000 1.000000 468940.622865 -1.022582 -1.022582 -0.291929 -0.291929 -1.752338 -0.026315 -0.002260 -0.002260 3.459141 -3.459141 1.677704 -1.677704 0.000000 0.000000 0.650801 -0.650801
2055.555556 0.990000 -1.000000 1.000000 0.200000 8.593240 0.500000 0.000000 3048.000000 2.500000 468940.622865 -1.769750 -0.849459 -0.849459 -0.283272 -0.283272 -0.055067 -0.008623 -0.008623 0.000000 2.074418 -2.074418 1.238942 -1.238942 0.000000 0.126303 -0.126303
2055.555556 0.990000 -1.000000 1.000000 0.200000 17.381370 0.200000 0.000000 0.000000 1.000000 468940.622865 -0.606782 -0.606782 -0.238005 -0.238005 -1.296631 -0.078903 -0.026108 -0.026108 1.429220 -1.429220 1.117899 -1.117899 0.000000 0.000000 0.188596 -0.188596

sigma_fcs span_loc fcs_loc wing_frac nacelle_frac AoA Mach Beta h n W Re1 Re2 Re3 Re4 Re5 Re6 Re7 Re8 Im1 Im2 Im3 Im4 Im5 Im6 Im7 Im8
2333.333333 0.010000 -1.000000 1.000000 0.200000 25.701250 0.200000 0.000000 0.000000 1.000000 626510.438463 -21.165427 -1.147076 -1.147076 -0.601956 -0.601956 -0.079654 -0.041403 -0.041403 0.000000 1.150592 -1.150592 1.728305 -1.728305 0.000000 0.186516 -0.186516
2333.333333 0.010000 -1.000000 1.000000 0.200000 12.610980 0.500000 0.000000 3048.000000 2.500000 626510.438463 -36.348868 -0.848738 -0.848738 -0.895090 -0.895090 -0.055309 -0.013688 -0.013688 0.000000 1.543535 -1.543535 2.497371 -2.497371 0.000000 0.128080 -0.128080
2333.333333 0.010000 -1.000000 1.000000 0.200000 6.058980 0.700000 0.000000 10668.000000 1.000000 626510.438463 -55.485006 -0.855433 -0.855433 -1.152695 -1.152695 -0.026171 -0.003532 -0.003532 0.000000 2.381456 -2.381456 4.236245 -4.236245 0.000000 0.656662 -0.656662
2333.333333 0.010000 -1.000000 1.000000 0.200000 4.242530 0.700000 0.000000 10668.000000 1.000000 468940.622865 -55.913962 -0.761676 -0.761676 -1.223494 -1.223494 -0.025423 -0.002501 -0.002501 0.000000 2.338103 -2.338103 4.199727 -4.199727 0.000000 0.654419 -0.654419
2333.333333 0.010000 -1.000000 1.000000 0.200000 9.080880 0.500000 0.000000 3048.000000 2.500000 468940.622865 -37.201087 -0.703974 -0.703974 -0.972033 -0.972033 -0.054701 -0.009705 -0.009705 0.000000 1.480694 -1.480694 2.448647 -2.448647 0.000000 0.127546 -0.127546
2333.333333 0.010000 -1.000000 1.000000 0.200000 18.348870 0.200000 0.000000 0.000000 1.000000 468940.622865 -23.302550 -0.785588 -0.785588 -0.683337 -0.683337 -0.082201 -0.029209 -0.029209 0.000000 1.128322 -1.128322 1.660710 -1.660710 0.000000 0.189748 -0.189748

sigma_fcs span_loc fcs_loc wing_frac nacelle_frac AoA Mach Beta h n W Re1 Re2 Re3 Re4 Re5 Re6 Re7 Re8 Im1 Im2 Im3 Im4 Im5 Im6 Im7 Im8
2333.333333 0.118889 -1.000000 1.000000 0.200000 25.679040 0.200000 0.000000 0.000000 1.000000 626510.438463 -13.598853 -1.156511 -1.156511 -0.601540 -0.601540 -0.079570 -0.041358 -0.041358 0.000000 1.177906 -1.177906 1.726409 -1.726409 0.000000 0.186524 -0.186524
2333.333333 0.118889 -1.000000 1.000000 0.200000 12.600550 0.500000 0.000000 3048.000000 2.500000 626510.438463 -22.409142 -0.835634 -0.835634 -0.894814 -0.894814 -0.055300 -0.013671 -0.013671 0.000000 1.549462 -1.549462 2.494476 -2.494476 0.000000 0.128071 -0.128071
2333.333333 0.118889 -1.000000 1.000000 0.200000 6.053660 0.700000 0.000000 10668.000000 1.000000 626510.438463 -28.217086 -1.153658 -1.153658 -0.833004 -0.833004 -0.026181 -0.003528 -0.003528 0.000000 4.232138 -4.232138 2.371314 -2.371314 0.000000 0.656632 -0.656632
2333.333333 0.118889 -1.000000 1.000000 0.200000 4.238570 0.700000 0.000000 10668.000000 1.000000 468940.622865 -28.531047 -1.224446 -1.224446 -0.742498 -0.742498 -0.025435 -0.002497 -0.002497 0.000000 4.195656 -4.195656 2.322445 -2.322445 0.000000 0.654375 -0.654375
2333.333333 0.118889 -1.000000 1.000000 0.200000 9.073230 0.500000 0.000000 3048.000000 2.500000 468940.622865 -23.057943 -0.691850 -0.691850 -0.971782 -0.971782 -0.054699 -0.009691 -0.009691 0.000000 1.480365 -1.480365 2.445796 -2.445796 0.000000 0.127531 -0.127531
2333.333333 0.118889 -1.000000 1.000000 0.200000 18.333590 0.200000 0.000000 0.000000 1.000000 468940.622865 -15.313119 -0.778940 -0.778940 -0.682974 -0.682974 -0.082120 -0.029168 -0.029168 0.000000 1.140774 -1.140774 1.658743 -1.658743 0.000000 0.189734 -0.189734

sigma_fcs span_loc fcs_loc wing_frac nacelle_frac AoA Mach Beta h n W Re1 Re2 Re3 Re4 Re5 Re6 Re7 Re8 Im1 Im2 Im3 Im4 Im5 Im6 Im7 Im8
2333.333333 0.227778 -1.000000 1.000000 0.200000 25.515380 0.200000 0.000000 0.000000 1.000000 626510.438463 -6.346910 -1.168913 -1.168913 -0.597971 -0.597971 -0.079491 -0.041017 -0.041017 0.000000 1.277759 -1.277759 1.710971 -1.710971 0.000000 0.186580 -0.186580
2333.333333 0.227778 -1.000000 1.000000 0.200000 12.523530 0.500000 0.000000 3048.000000 2.500000 626510.438463 -10.795189 -0.793414 -0.793414 -0.890524 -0.890524 -0.055445 -0.013543 -0.013543 0.000000 1.564221 -1.564221 2.471140 -2.471140 0.000000 0.128003 -0.128003
2333.333333 0.227778 -1.000000 1.000000 0.200000 6.014400 0.700000 0.000000 10668.000000 1.000000 626510.438463 -11.987839 -1.152722 -1.152722 -0.768667 -0.768667 -0.026306 -0.003495 -0.003495 0.000000 4.197143 -4.197143 2.341610 -2.341610 0.000000 0.656403 -0.656403
2333.333333 0.227778 -1.000000 1.000000 0.200000 4.209300 0.700000 0.000000 10668.000000 1.000000 468940.622865 -12.212976 -1.223447 -1.223447 -0.690030 -0.690030 -0.025569 -0.002471 -0.002471 0.000000 4.160570 -4.160570 2.279396 -2.279396 0.000000 0.654041 -0.654041
2333.333333 0.227778 -1.000000 1.000000 0.200000 9.016700 0.500000 0.000000 3048.000000 2.500000 468940.622865 -11.261753 -0.655800 -0.655800 -0.967492 -0.967492 -0.054886 -0.009582 -0.009582 0.000000 1.477580 -1.477580 2.422562 -2.422562 0.000000 0.127414 -0.127414
2333.333333 0.227778 -1.000000 1.000000 0.200000 18.220890 0.200000 0.000000 0.000000 1.000000 468940.622865 -7.699745 -0.751913 -0.751913 -0.679493 -0.679493 -0.082102 -0.028860 -0.028860 0.000000 1.176584 -1.176584 1.643169 -1.643169 0.000000 0.189627 -0.189627

sigma_fcs span_loc fcs_loc wing_frac nacelle_frac AoA Mach Beta h n W Re1 Re2 Re3 Re4 Re5 Re6 Re7 Re8 Im1 Im2 Im3 Im4 Im5 Im6 Im7 Im8
2333.333333 0.336667 -1.000000 1.000000 0.200000 25.352310 0.200000 0.000000 0.000000 1.000000 626510.438463 -2.956141 -1.084389 -1.084389 -0.592314 -0.592314 -0.079163 -0.040671 -0.040671 0.000000 1.513766 -1.513766 1.691334 -1.691334 0.000000 0.186634 -0.186634
2333.333333 0.336667 -1.000000 1.000000 0.200000 12.446590 0.500000 0.000000 3048.000000 2.500000 626510.438463 -5.707333 -0.883847 -0.883847 -0.711173 -0.711173 -0.055487 -0.013412 -0.013412 0.000000 2.441638 -2.441638 1.578847 -1.578847 0.000000 0.127931 -0.127931
2333.333333 0.336667 -1.000000 1.000000 0.200000 5.975150 0.700000 0.000000 10668.000000 1.000000 626510.438463 -6.139933 -1.146319 -1.146319 -0.658756 -0.658756 -0.026407 -0.003462 -0.003462 0.000000 4.148023 -4.148023 2.273125 -2.273125 0.000000 0.656160 -0.656160
2333.333333 0.336667 -1.000000 1.000000 0.200000 4.180030 0.700000 0.000000 10668.000000 1.000000 468940.622865 -6.293694 -1.216977 -1.216977 -0.604039 -0.604039 -0.025681 -0.002444 -0.002444 0.000000 4.111252 -4.111252 2.198189 -2.198189 0.000000 0.653689 -0.653689
2333.333333 0.336667 -1.000000 1.000000 0.200000 8.960210 0.500000 0.000000 3048.000000 2.500000 468940.622865 -6.061248 -0.960647 -0.960647 -0.592371 -0.592371 -0.054973 -0.009470 -0.009470 0.000000 2.393255 -2.393255 1.466396 -1.466396 0.000000 0.127291 -0.127291
2333.333333 0.336667 -1.000000 1.000000 0.200000 18.108400 0.200000 0.000000 0.000000 1.000000 468940.622865 -4.057344 -0.685145 -0.685145 -0.674844 -0.674844 -0.081805 -0.028542 -0.028542 0.000000 1.234058 -1.234058 1.623672 -1.623672 0.000000 0.189514 -0.189514

sigma_fcs span_loc fcs_loc wing_frac nacelle_frac AoA Mach Beta h n W Re1 Re2 Re3 Re4 Re5 Re6 Re7 Re8 Im1 Im2 Im3 Im4 Im5 Im6 Im7 Im8
2333.333333 0.445556 -1.000000 1.000000 0.200000 25.189810 0.200000 0.000000 0.000000 1.000000 626510.438463 -15.795825 -1.118844 -1.118844 -0.586293 -0.586293 -0.080232 -0.040319 -0.040319 0.000000 1.170276 -1.170276 1.670362 -1.670362 0.000000 0.186685 -0.186685
2333.333333 0.445556 -1.000000 1.000000 0.200000 12.369710 0.500000 0.000000 3048.000000 2.500000 626510.438463 -26.049198 -0.823136 -0.823136 -0.871079 -0.871079 -0.056085 -0.013279 -0.013279 0.000000 1.536587 -1.536587 2.407331 -2.407331 0.000000 0.127854 -0.127854
2333.333333 0.445556 -1.000000 1.000000 0.200000 5.935900 0.700000 0.000000 10668.000000 1.000000 626510.438463 -34.282695 -0.828060 -0.828060 -1.122748 -1.122748 -0.026641 -0.003429 -0.003429 0.000000 2.357792 -2.357792 4.080256 -4.080256 0.000000 0.655902 -0.655902
2333.333333 0.445556 -1.000000 1.000000 0.200000 4.150760 0.700000 0.000000 10668.000000 1.000000 468940.622865 -34.613883 -1.193814 -1.193814 -0.738549 -0.738549 -0.025915 -0.002417 -0.002417 0.000000 4.043497 -4.043497 2.310279 -2.310279 0.000000 0.653317 -0.653317
2333.333333 0.445556 -1.000000 1.000000 0.200000 8.903730 0.500000 0.000000 3048.000000 2.500000 468940.622865 -26.729039 -0.683073 -0.683073 -0.948133 -0.948133 -0.055584 -0.009354 -0.009354 0.000000 1.468986 -1.468986 2.358745 -2.358745 0.000000 0.127162 -0.127162
2333.333333 0.445556 -1.000000 1.000000 0.200000 17.996100 0.200000 0.000000 0.000000 1.000000 468940.622865 -17.551973 -0.762322 -0.762322 -0.667067 -0.667067 -0.083035 -0.028211 -0.028211 0.000000 1.131074 -1.131074 1.602976 -1.602976 0.000000 0.189395 -0.189395

sigma_fcs span_loc fcs_loc wing_frac nacelle_frac AoA Mach Beta h n W Re1 Re2 Re3 Re4 Re5 Re6 Re7 Re8 Im1 Im2 Im3 Im4 Im5 Im6 Im7 Im8
2333.333333 0.554444 -1.000000 1.000000 0.200000 25.027850 0.200000 0.000000 0.000000 1.000000 626510.438463 -7.651418 -1.118632 -1.118632 -0.577718 -0.577718 -0.080067 -0.039961 -0.039961 0.000000 1.238771 -1.238771 1.644514 -1.644514 0.000000 0.186733 -0.186733
2333.333333 0.554444 -1.000000 1.000000 0.200000 12.292890 0.500000 0.000000 3048.000000 2.500000 626510.438463 -12.613486 -0.780336 -0.780336 -0.857607 -0.857607 -0.056187 -0.013143 -0.013143 0.000000 1.538385 -1.538385 2.365855 -2.365855 0.000000 0.127773 -0.127773
2333.333333 0.554444 -1.000000 1.000000 0.200000 5.896650 0.700000 0.000000 10668.000000 1.000000 626510.438463 -14.208625 -1.101652 -1.101652 -0.761932 -0.761932 -0.026758 -0.003396 -0.003396 0.000000 3.998340 -3.998340 2.308464 -2.308464 0.000000 0.655628 -0.655628
2333.333333 0.554444 -1.000000 1.000000 0.200000 4.121490 0.700000 0.000000 10668.000000 1.000000 468940.622865 -14.442721 -1.172827 -1.172827 -0.682106 -0.682106 -0.026042 -0.002390 -0.002390 0.000000 3.961737 -3.961737 2.250061 -2.250061 0.000000 0.652922 -0.652922
2333.333333 0.554444 -1.000000 1.000000 0.200000 8.847270 0.500000 0.000000 3048.000000 2.500000 468940.622865 -13.093025 -0.645645 -0.645645 -0.934748 -0.934748 -0.055725 -0.009234 -0.009234 0.000000 1.457037 -1.457037 2.317532 -2.317532 0.000000 0.127026 -0.127026
2333.333333 0.554444 -1.000000 1.000000 0.200000 17.883990 0.200000 0.000000 0.000000 1.000000 468940.622865 -8.987507 -0.734407 -0.734407 -0.658468 -0.658468 -0.082904 -0.027866 -0.027866 0.000000 1.154173 -1.154173 1.577263 -1.577263 0.000000 0.189269 -0.189269

sigma_fcs span_loc fcs_loc wing_frac nacelle_frac AoA Mach Beta h n W Re1 Re2 Re3 Re4 Re5 Re6 Re7 Re8 Im1 Im2 Im3 Im4 Im5 Im6 Im7 Im8
2333.333333 0.663333 -1.000000 1.000000 0.200000 24.866410 0.200000 0.000000 0.000000 1.000000 626510.438463 -3.546094 -1.071339 -1.071339 -0.567429 -0.567429 -0.079643 -0.039594 -0.039594 0.000000 1.414592 -1.414592 1.615140 -1.615140 0.000000 0.186778 -0.186778
2333.333333 0.663333 -1.000000 1.000000 0.200000 12.216120 0.500000 0.000000 3048.000000 2.500000 626510.438463 -6.502738 -0.842083 -0.842083 -0.704242 -0.704242 -0.056180 -0.013004 -0.013004 0.000000 2.318862 -2.318862 1.542116 -1.542116 0.000000 0.127686 -0.127686
2333.333333 0.663333 -1.000000 1.000000 0.200000 5.857410 0.700000 0.000000 10668.000000 1.000000 626510.438463 -6.988144 -1.076311 -1.076311 -0.656074 -0.656074 -0.026849 -0.003362 -0.003362 0.000000 3.904028 -3.904028 2.228556 -2.228556 0.000000 0.655337 -0.655337
2333.333333 0.663333 -1.000000 1.000000 0.200000 4.092220 0.700000 0.000000 10668.000000 1.000000 468940.622865 -7.154441 -1.147554 -1.147554 -0.596171 -0.596171 -0.026145 -0.002362 -0.002362 0.000000 3.867535 -3.867535 2.157666 -2.157666 0.000000 0.652502 -0.652502
2333.333333 0.663333 -1.000000 1.000000 0.200000 8.790830 0.500000 0.000000 3048.000000 2.500000 468940.622865 -6.866171 -0.584312 -0.584312 -0.919203 -0.919203 -0.055761 -0.009109 -0.009109 0.000000 1.438552 -1.438552 2.270912 -2.270912 0.000000 0.126881 -0.126881
2333.333333 0.663333 -1.000000 1.000000 0.200000 17.772060 0.200000 0.000000 0.000000 1.000000 468940.622865 -4.661283 -0.675984 -0.675984 -0.648747 -0.648747 -0.082484 -0.027507 -0.027507 0.000000 1.197690 -1.197690 1.548035 -1.548035 0.000000 0.189136 -0.189136

sigma_fcs span_loc fcs_loc wing_frac nacelle_frac AoA Mach Beta h n W Re1 Re2 Re3 Re4 Re5 Re6 Re7 Re8 Im1 Im2 Im3 Im4 Im5 Im6 Im7 Im8
2333.333333 0.772222 -1.000000 1.000000 0.200000 24.705490 0.200000 0.000000 0.000000 1.000000 626510.438463 -2.037307 -0.800227 -0.800227 -0.554707 -0.554707 -0.078960 -0.039219 -0.039219 0.000000 1.577420 -1.577420 1.581209 -1.581209 0.000000 0.186820 -0.186820
2333.333333 0.772222 -1.000000 1.000000 0.200000 12.139410 0.500000 0.000000 3048.000000 2.500000 626510.438463 -3.817681 -0.824879 -0.824879 -0.588810 -0.588810 -0.056062 -0.012862 -0.012862 0.000000 2.267456 -2.267456 1.530307 -1.530307 0.000000 0.127594 -0.127594
2333.333333 0.772222 -1.000000 1.000000 0.200000 5.818160 0.700000 0.000000 10668.000000 1.000000 626510.438463 -4.080566 -1.045760 -1.045760 -0.527323 -0.527323 -0.026912 -0.003329 -0.003329 0.000000 3.799505 -3.799505 2.109426 -2.109426 0.000000 0.655026 -0.655026
2333.333333 0.772222 -1.000000 1.000000 0.200000 4.062950 0.700000 0.000000 10668.000000 1.000000 468940.622865 -4.180302 -1.117266 -1.117266 -0.494785 -0.494785 -0.026223 -0.002334 -0.002334 0.000000 3.763051 -3.763051 2.034894 -2.034894 0.000000 0.652055 -0.652055
2333.333333 0.772222 -1.000000 1.000000 0.200000 8.734400 0.500000 0.000000 3048.000000 2.500000 468940.622865 -4.078997 -0.901810 -0.901810 -0.500259 -0.500259 -0.055689 -0.008978 -0.008978 0.000000 2.219715 -2.219715 1.406422 -1.406422 0.000000 0.126728 -0.126728
2333.333333 0.772222 -1.000000 1.000000 0.200000 17.660300 0.200000 0.000000 0.000000 1.000000 468940.622865 -2.717140 -0.639106 -0.639106 -0.560929 -0.560929 -0.081771 -0.027132 -0.027132 0.000000 1.516184 -1.516184 1.238276 -1.238276 0.000000 0.188994 -0.188994

sigma_fcs span_loc fcs_loc wing_frac nacelle_frac AoA Mach Beta h n W Re1 Re2 Re3 Re4 Re5 Re6 Re7 Re8 Im1 Im2 Im3 Im4 Im5 Im6 Im7 Im8
2333.333333 0.881111 -1.000000 1.000000 0.200000 24.545080 0.200000 0.000000 0.000000 1.000000 626510.438463 -0.490345 -0.490345 -0.559032 -0.559032 -1.515345 -0.078022 -0.038834 -0.038834 1.510747 -1.510747 1.557988 -1.557988 0.000000 0.000000 0.186858 -0.186858
2333.333333 0.881111 -1.000000 1.000000 0.200000 12.062750 0.500000 0.000000 3048.000000 2.500000 626510.438463 -2.548638 -0.805360 -0.805360 -0.453081 -0.453081 -0.055829 -0.012715 -0.012715 0.000000 2.212487 -2.212487 1.477632 -1.477632 0.000000 0.127496 -0.127496
2333.333333 0.881111 -1.000000 1.000000 0.200000 5.778920 0.700000 0.000000 10668.000000 1.000000 626510.438463 -1.009817 -1.009817 -2.705271 -0.406955 -0.406955 -0.026948 -0.003295 -0.003295 3.684860 -3.684860 0.000000 1.956583 -1.956583 0.000000 0.654694 -0.654694
2333.333333 0.881111 -1.000000 1.000000 0.200000 4.033680 0.700000 0.000000 10668.000000 1.000000 468940.622865 -1.081742 -1.081742 -2.751496 -0.398084 -0.398084 -0.026275 -0.002305 -0.002305 3.648640 -3.648640 0.000000 1.889861 -1.889861 0.000000 0.651579 -0.651579
2333.333333 0.881111 -1.000000 1.000000 0.200000 8.677980 0.500000 0.000000 3048.000000 2.500000 468940.622865 -2.709561 -0.882372 -0.882372 -0.404346 -0.404346 -0.055504 -0.008841 -0.008841 0.000000 2.164702 -2.164702 1.351308 -1.351308 0.000000 0.126566 -0.126566
2333.333333 0.881111 -1.000000 1.000000 0.200000 17.548720 0.200000 0.000000 0.000000 1.000000 468940.622865 -1.847316 -0.627714 -0.627714 -0.409449 -0.409449 -0.080772 -0.026738 -0.026738 0.000000 1.483848 -1.483848 1.221835 -1.221835 0.000000 0.188843 -0.188843

sigma_fcs span_loc fcs_loc wing_frac nacelle_frac AoA Mach Beta h n W Re1 Re2 Re3 Re4 Re5 Re6 Re7 Re8 Im1 Im2 Im3 Im4 Im5 Im6 Im7 Im8
2333.333333 0.990000 -1.000000 1.000000 0.200000 24.385150 0.200000 0.000000 0.000000 1.000000 626510.438463 -0.308273 -0.308273 -0.534955 -0.534955 -1.240172 -0.076836 -0.038438 -0.038438 1.385030 -1.385030 1.516188 -1.516188 0.000000 0.000000 0.186893 -0.186893
2333.333333 0.990000 -1.000000 1.000000 0.200000 11.986140 0.500000 0.000000 3048.000000 2.500000 626510.438463 -1.880932 -0.783455 -0.783455 -0.332295 -0.332295 -0.055480 -0.012564 -0.012564 0.000000 2.153587 -2.153587 1.387422 -1.387422 0.000000 0.127391 -0.127391
2333.333333 0.990000 -1.000000 1.000000 0.200000 5.739680 0.700000 0.000000 10668.000000 1.000000 626510.438463 -0.970431 -0.970431 -0.312825 -0.312825 -1.951720 -0.026954 -0.003261 -0.003261 3.560974 -3.560974 1.793020 -1.793020 0.000000 0.000000 0.654338 -0.654338
2333.333333 0.990000 -1.000000 1.000000 0.200000 4.004400 0.700000 0.000000 10668.000000 1.000000 468940.622865 -1.042723 -1.042723 -0.318648 -0.318648 -1.965067 -0.026300 -0.002275 -0.002275 3.525131 -3.525131 1.738497 -1.738497 0.000000 0.000000 0.651070 -0.651070
2333.333333 0.990000 -1.000000 1.000000 0.200000 8.621580 0.500000 0.000000 3048.000000 2.500000 468940.622865 -1.967342 -0.860837 -0.860837 -0.314510 -0.314510 -0.055205 -0.008698 -0.008698 0.000000 2.105975 -2.105975 1.274250 -1.274250 0.000000 0.126393 -0.126393
2333.333333 0.990000 -1.000000 1.000000 0.200000 17.437300 0.200000 0.000000 0.000000 1.000000 468940.622865 -0.613879 -0.613879 -0.278985 -0.278985 -1.411600 -0.079493 -0.026326 -0.026326 1.448445 -1.448445 1.152569 -1.152569 0.000000 0.000000 0.188681 -0.188681

sigma_fcs span_loc fcs_loc wing_frac nacelle_frac AoA Mach Beta h n W Re1 Re2 Re3 Re4 Re5 Re6 Re7 Re8 Im1 Im2 Im3 Im4 Im5 Im6 Im7 Im8
2611.111111 0.010000 -1.000000 1.000000 0.200000 25.635410 0.200000 0.000000 0.000000 1.000000 626510.438463 -21.472137 -1.144173 -1.144173 -0.601260 -0.601260 -0.079770 -0.041268 -0.041268 0.000000 1.151951 -1.151951 1.723473 -1.723473 0.000000 0.186539 -0.186539
2611.111111 0.010000 -1.000000 1.000000 0.200000 12.580040 0.500000 0.000000 3048.000000 2.500000 626510.438463 -36.924766 -0.848797 -0.848797 -0.894323 -0.894323 -0.055427 -0.013637 -0.013637 0.000000 1.544483 -1.544483 2.490347 -2.490347 0.000000 0.128053 -0.128053
2611.111111 0.010000 -1.000000 1.000000 0.200000 6.043210 0.700000 0.000000 10668.000000 1.000000 626510.438463 -56.855368 -0.857756 -0.857756 -1.153735 -1.153735 -0.026235 -0.003519 -0.003519 0.000000 2.385828 -2.385828 4.227952 -4.227952 0.000000 0.656572 -0.656572
2611.111111 0.010000 -1.000000 1.000000 0.200000 4.230770 0.700000 0.000000 10668.000000 1.000000 468940.622865 -57.288336 -0.764125 -0.764125 -1.224534 -1.224534 -0.025490 -0.002490 -0.002490 0.000000 2.342380 -2.342380 4.191331 -4.191331 0.000000 0.654288 -0.654288
2611.111111 0.010000 -1.000000 1.000000 0.200000 9.058180 0.500000 0.000000 3048.000000 2.500000 468940.622865 -37.781842 -0.704406 -0.704406 -0.971260 -0.971260 -0.054833 -0.009663 -0.009663 0.000000 1.481531 -1.481531 2.441585 -2.441585 0.000000 0.127500 -0.127500
2611.111111 0.010000 -1.000000 1.000000 0.200000 18.303570 0.200000 0.000000 0.000000 1.000000 468940.622865 -23.615481 -0.784597 -0.784597 -0.682561 -0.682561 -0.082358 -0.029089 -0.029089 0.000000 1.128728 -1.128728 1.655839 -1.655839 0.000000 0.189705 -0.189705

sigma_fcs span_loc fcs_loc wing_frac nacelle_frac AoA Mach Beta h n W Re1 Re2 Re3 Re4 Re5 Re6 Re7 Re8 Im1 Im2 Im3 Im4 Im5 Im6 Im7 Im8
2611.111111 0.118889 -1.000000 1.000000 0.200000 25.615290 0.200000 0.000000 0.000000 1.000000 626510.438463 -14.311738 -1.152310 -1.152310 -0.600895 -0.600895 -0.079696 -0.041227 -0.041227 0.000000 1.176053 -1.176053 1.721754 -1.721754 0.000000 0.186545 -0.186545
2611.111111 0.118889 -1.000000 1.000000 0.200000 12.570570 0.500000 0.000000 3048.000000 2.500000 626510.438463 -23.613565 -0.837062 -0.837062 -0.894063 -0.894063 -0.055420 -0.013622 -0.013622 0.000000 1.549721 -1.549721 2.487723 -2.487723 0.000000 0.128045 -0.128045
2611.111111 0.118889 -1.000000 1.000000 0.200000 6.038380 0.700000 0.000000 10668.000000 1.000000 626510.438463 -30.170830 -0.837580 -0.837580 -1.154522 -1.154522 -0.026245 -0.003515 -0.003515 0.000000 2.376630 -2.376630 4.224228 -4.224228 0.000000 0.656544 -0.656544
2611.111111 0.118889 -1.000000 1.000000 0.200000 4.227180 0.700000 0.000000 10668.000000 1.000000 468940.622865 -30.492407 -1.225314 -1.225314 -0.746839 -0.746839 -0.025501 -0.002487 -0.002487 0.000000 4.187634 -4.187634 2.328237 -2.328237 0.000000 0.654247 -0.654247
2611.111111 0.118889 -1.000000 1.000000 0.200000 9.051230 0.500000 0.000000 3048.000000 2.500000 468940.622865 -24.277508 -0.693537 -0.693537 -0.971021 -0.971021 -0.054833 -0.009650 -0.009650 0.000000 1.481199 -1.481199 2.438994 -2.438994 0.000000 0.127486 -0.127486
2611.111111 0.118889 -1.000000 1.000000 0.200000 18.289720 0.200000 0.000000 0.000000 1.000000 468940.622865 -16.055087 -0.778634 -0.778634 -0.682237 -0.682237 -0.082287 -0.029052 -0.029052 0.000000 1.139763 -1.139763 1.654059 -1.654059 0.000000 0.189692 -0.189692

sigma_fcs span_loc fcs_loc wing_frac nacelle_frac AoA Mach Beta h n W Re1 Re2 Re3 Re4 Re5 Re6 Re7 Re8 Im1 Im2 Im3 Im4 Im5 Im6 Im7 Im8
2611.111111 0.227778 -1.000000 1.000000 0.200000 25.468020 0.200000 0.000000 0.000000 1.000000 626510.438463 -7.003792 -1.164016 -1.164016 -0.597766 -0.597766 -0.079629 -0.040921 -0.040921 0.000000 1.261213 -1.261213 1.707861 -1.707861 0.000000 0.186594 -0.186594
2611.111111 0.227778 -1.000000 1.000000 0.200000 12.501210 0.500000 0.000000 3048.000000 2.500000 626510.438463 -11.763890 -0.799771 -0.799771 -0.890239 -0.890239 -0.055554 -0.013506 -0.013506 0.000000 1.562909 -1.562909 2.466690 -2.466690 0.000000 0.127982 -0.127982
2611.111111 0.227778 -1.000000 1.000000 0.200000 6.003010 0.700000 0.000000 10668.000000 1.000000 626510.438463 -13.171938 -1.153631 -1.153631 -0.780076 -0.780076 -0.026359 -0.003485 -0.003485 0.000000 4.192684 -4.192684 2.350221 -2.350221 0.000000 0.656333 -0.656333
2611.111111 0.227778 -1.000000 1.000000 0.200000 4.200810 0.700000 0.000000 10668.000000 1.000000 468940.622865 -13.405034 -1.224382 -1.224382 -0.699676 -0.699676 -0.025623 -0.002464 -0.002464 0.000000 4.156001 -4.156001 2.289632 -2.289632 0.000000 0.653941 -0.653941
2611.111111 0.227778 -1.000000 1.000000 0.200000 9.000320 0.500000 0.000000 3048.000000 2.500000 468940.622865 -12.245153 -0.661434 -0.661434 -0.967205 -0.967205 -0.055004 -0.009552 -0.009552 0.000000 1.478766 -1.478766 2.418033 -2.418033 0.000000 0.127379 -0.127379
2611.111111 0.227778 -1.000000 1.000000 0.200000 18.188240 0.200000 0.000000 0.000000 1.000000 468940.622865 -8.376573 -0.755146 -0.755146 -0.679144 -0.679144 -0.082276 -0.028775 -0.028775 0.000000 1.171331 -1.171331 1.640044 -1.640044 0.000000 0.189592 -0.189592

sigma_fcs span_loc fcs_loc wing_frac nacelle_frac AoA Mach Beta h n W Re1 Re2 Re3 Re4 Re5 Re6 Re7 Re8 Im1 Im2 Im3 Im4 Im5 Im6 Im7 Im8
2611.111111 0.336667 -1.000000 1.000000 0.200000 25.321230 0.200000 0.000000 0.000000 1.000000 626510.438463 -3.342874 -1.115680 -1.115680 -0.592810 -0.592810 -0.079338 -0.040609 -0.040609 0.000000 1.465298 -1.465298 1.690345 -1.690345 0.000000 0.186641 -0.186641
2611.111111 0.336667 -1.000000 1.000000 0.200000 12.431900 0.500000 0.000000 3048.000000 2.500000 626510.438463 -6.317784 -0.884121 -0.884121 -0.728029 -0.728029 -0.055594 -0.013389 -0.013389 0.000000 2.440050 -2.440050 1.577322 -1.577322 0.000000 0.127916 -0.127916
2611.111111 0.336667 -1.000000 1.000000 0.200000 5.967650 0.700000 0.000000 10668.000000 1.000000 626510.438463 -6.806959 -1.147775 -1.147775 -0.680818 -0.680818 -0.026451 -0.003456 -0.003456 0.000000 4.148018 -4.148018 2.290395 -2.290395 0.000000 0.656111 -0.656111
2611.111111 0.336667 -1.000000 1.000000 0.200000 4.174440 0.700000 0.000000 10668.000000 1.000000 468940.622865 -6.972598 -1.218461 -1.218461 -0.621440 -0.621440 -0.025726 -0.002440 -0.002440 0.000000 4.111189 -4.111189 2.216946 -2.216946 0.000000 0.653619 -0.653619
2611.111111 0.336667 -1.000000 1.000000 0.200000 8.949420 0.500000 0.000000 3048.000000 2.500000 468940.622865 -6.688652 -0.960982 -0.960982 -0.605057 -0.605057 -0.055086 -0.009451 -0.009451 0.000000 2.391567 -2.391567 1.469447 -1.469447 0.000000 0.127267 -0.127267
2611.111111 0.336667 -1.000000 1.000000 0.200000 18.086930 0.200000 0.000000 0.000000 1.000000 468940.622865 -4.504030 -0.699584 -0.699584 -0.674828 -0.674828 -0.082013 -0.028488 -0.028488 0.000000 1.223172 -1.223172 1.622547 -1.622547 0.000000 0.189488 -0.189488

sigma_fcs span_loc fcs_loc wing_frac nacelle_frac AoA Mach Beta h n W Re1 Re2 Re3 Re4 Re5 Re6 Re7 Re8 Im1 Im2 Im3 Im4 Im5 Im6 Im7 Im8
2611.111111 0.445556 -1.000000 1.000000 0.200000 25.174890 0.200000 0.000000 0.000000 1.000000 626510.438463 -16.431045 -1.118904 -1.118904 -0.587293 -0.587293 -0.080300 -0.040292 -0.040292 0.000000 1.169563 -1.169563 1.671205 -1.671205 0.000000 0.186686 -0.186686
2611.111111 0.445556 -1.000000 1.000000 0.200000 12.362640 0.500000 0.000000 3048.000000 2.500000 626510.438463 -27.178053 -0.825953 -0.825953 -0.872928 -0.872928 -0.056133 -0.013269 -0.013269 0.000000 1.538401 -1.538401 2.409110 -2.409110 0.000000 0.127846 -0.127846
2611.111111 0.445556 -1.000000 1.000000 0.200000 5.932290 0.700000 0.000000 10668.000000 1.000000 626510.438463 -36.299041 -0.833425 -0.833425 -1.127196 -1.127196 -0.026662 -0.003426 -0.003426 0.000000 2.365069 -2.365069 4.087439 -4.087439 0.000000 0.655877 -0.655877
2611.111111 0.445556 -1.000000 1.000000 0.200000 4.148070 0.700000 0.000000 10668.000000 1.000000 468940.622865 -36.638384 -0.743593 -0.743593 -1.198237 -1.198237 -0.025937 -0.002415 -0.002415 0.000000 2.317857 -2.317857 4.050583 -4.050583 0.000000 0.653281 -0.653281
2611.111111 0.445556 -1.000000 1.000000 0.200000 8.898540 0.500000 0.000000 3048.000000 2.500000 468940.622865 -27.873352 -0.685767 -0.685767 -0.949965 -0.949965 -0.055636 -0.009347 -0.009347 0.000000 1.471166 -1.471166 2.360455 -2.360455 0.000000 0.127149 -0.127149
2611.111111 0.445556 -1.000000 1.000000 0.200000 17.985780 0.200000 0.000000 0.000000 1.000000 468940.622865 -18.219369 -0.763802 -0.763802 -0.668050 -0.668050 -0.083120 -0.028189 -0.028189 0.000000 1.131247 -1.131247 1.603741 -1.603741 0.000000 0.189380 -0.189380

sigma_fcs span_loc fcs_loc wing_frac nacelle_frac AoA Mach Beta h n W Re1 Re2 Re3 Re4 Re5 Re6 Re7 Re8 Im1 Im2 Im3 Im4 Im5 Im6 Im7 Im8
2611.111111 0.554444 -1.000000 1.000000 0.200000 25.028990 0.200000 0.000000 0.000000 1.000000 626510.438463 -8.337855 -1.119149 -1.119149 -0.579576 -0.579576 -0.080154 -0.039969 -0.039969 0.000000 1.228946 -1.228946 1.647923 -1.647923 0.000000 0.186729 -0.186729
2611.111111 0.554444 -1.000000 1.000000 0.200000 12.293430 0.500000 0.000000 3048.000000 2.500000 626510.438463 -13.664065 -0.787707 -0.787707 -0.860725 -0.860725 -0.056226 -0.013147 -0.013147 0.000000 1.539953 -1.539953 2.371725 -2.371725 0.000000 0.127772 -0.127772
2611.111111 0.554444 -1.000000 1.000000 0.200000 5.896930 0.700000 0.000000 10668.000000 1.000000 626510.438463 -15.549792 -1.107907 -1.107907 -0.773728 -0.773728 -0.026768 -0.003396 -0.003396 0.000000 4.013422 -4.013422 2.320506 -2.320506 0.000000 0.655630 -0.655630
2611.111111 0.554444 -1.000000 1.000000 0.200000 4.121700 0.700000 0.000000 10668.000000 1.000000 468940.622865 -15.791917 -1.179057 -1.179057 -0.692430 -0.692430 -0.026051 -0.002391 -0.002391 0.000000 3.976705 -3.976705 2.263355 -2.263355 0.000000 0.652924 -0.652924
2611.111111 0.554444 -1.000000 1.000000 0.200000 8.847670 0.500000 0.000000 3048.000000 2.500000 468940.622865 -14.159904 -0.652146 -0.652146 -0.937844 -0.937844 -0.055765 -0.009239 -0.009239 0.000000 1.460411 -1.460411 2.323297 -2.323297 0.000000 0.127026 -0.127026
2611.111111 0.554444 -1.000000 1.000000 0.200000 17.884780 0.200000 0.000000 0.000000 1.000000 468940.622865 -9.704532 -0.739128 -0.739128 -0.660287 -0.660287 -0.083006 -0.027879 -0.027879 0.000000 1.151703 -1.151703 1.580593 -1.580593 0.000000 0.189266 -0.189266

sigma_fcs span_loc fcs_loc wing_frac nacelle_frac AoA Mach Beta h n W Re1 Re2 Re3 Re4 Re5 Re6 Re7 Re8 Im1 Im2 Im3 Im4 Im5 Im6 Im7 Im8
2611.111111 0.663333 -1.000000 1.000000 0.200000 24.883520 0.200000 0.000000 0.000000 1.000000 626510.438463 -3.996649 -1.090762 -1.090762 -0.570325 -0.570325 -0.079777 -0.039639 -0.039639 0.000000 1.379093 -1.379093 1.621508 -1.621508 0.000000 0.186770 -0.186770
2611.111111 0.663333 -1.000000 1.000000 0.200000 12.224260 0.500000 0.000000 3048.000000 2.500000 626510.438463 -7.178350 -0.846517 -0.846517 -0.720418 -0.720418 -0.056222 -0.013022 -0.013022 0.000000 2.329300 -2.329300 1.543996 -1.543996 0.000000 0.127695 -0.127695
2611.111111 0.663333 -1.000000 1.000000 0.200000 5.861570 0.700000 0.000000 10668.000000 1.000000 626510.438463 -7.739502 -1.084574 -1.084574 -0.677503 -0.677503 -0.026850 -0.003366 -0.003366 0.000000 3.927779 -3.927779 2.248975 -2.248975 0.000000 0.655368 -0.655368
2611.111111 0.663333 -1.000000 1.000000 0.200000 4.095330 0.700000 0.000000 10668.000000 1.000000 468940.622865 -7.916382 -1.155792 -1.155792 -0.613752 -0.613752 -0.026144 -0.002366 -0.002366 0.000000 3.891189 -3.891189 2.179587 -2.179587 0.000000 0.652547 -0.652547
2611.111111 0.663333 -1.000000 1.000000 0.200000 8.796820 0.500000 0.000000 3048.000000 2.500000 468940.622865 -7.558143 -0.597107 -0.597107 -0.923648 -0.923648 -0.055800 -0.009126 -0.009126 0.000000 1.444134 -1.444134 2.281204 -2.281204 0.000000 0.126896 -0.126896
2611.111111 0.663333 -1.000000 1.000000 0.200000 17.783930 0.200000 0.000000 0.000000 1.000000 468940.622865 -5.152297 -0.689328 -0.689328 -0.651383 -0.651383 -0.082632 -0.027556 -0.027556 0.000000 1.190832 -1.190832 1.554316 -1.554316 0.000000 0.189146 -0.189146

sigma_fcs span_loc fcs_loc wing_frac nacelle_frac AoA Mach Beta h n W Re1 Re2 Re3 Re4 Re5 Re6 Re7 Re8 Im1 Im2 Im3 Im4 Im5 Im6 Im7 Im8
2611.111111 0.772222 -1.000000 1.000000 0.200000 24.738460 0.200000 0.000000 0.000000 1.000000 626510.438463 -2.230330 -0.871594 -0.871594 -0.559194 -0.559194 -0.079167 -0.039302 -0.039302 0.000000 1.564719 -1.564719 1.591475 -1.591475 0.000000 0.186808 -0.186808
2611.111111 0.772222 -1.000000 1.000000 0.200000 12.155140 0.500000 0.000000 3048.000000 2.500000 626510.438463 -4.233583 -0.830695 -0.830695 -0.617592 -0.617592 -0.056119 -0.012894 -0.012894 0.000000 2.282652 -2.282652 1.537825 -1.537825 0.000000 0.127613 -0.127613
2611.111111 0.772222 -1.000000 1.000000 0.200000 5.826210 0.700000 0.000000 10668.000000 1.000000 626510.438463 -4.526119 -1.056661 -1.056661 -0.556879 -0.556879 -0.026908 -0.003336 -0.003336 0.000000 3.832521 -3.832521 2.142995 -2.142995 0.000000 0.655091 -0.655091
2611.111111 0.772222 -1.000000 1.000000 0.200000 4.068960 0.700000 0.000000 10668.000000 1.000000 468940.622865 -4.639310 -1.128079 -1.128079 -0.518548 -0.518548 -0.026215 -0.002340 -0.002340 0.000000 3.795981 -3.795981 2.068011 -2.068011 0.000000 0.652149 -0.652149
2611.111111 0.772222 -1.000000 1.000000 0.200000 8.745970 0.500000 0.000000 3048.000000 2.500000 468940.622865 -4.517227 -0.521002 -0.521002 -0.907681 -0.907681 -0.055737 -0.009008 -0.009008 0.000000 1.416991 -1.416991 2.234813 -2.234813 0.000000 0.126760 -0.126760
2611.111111 0.772222 -1.000000 1.000000 0.200000 17.683220 0.200000 0.000000 0.000000 1.000000 468940.622865 -3.013460 -0.591548 -0.591548 -0.642245 -0.642245 -0.081997 -0.027219 -0.027219 0.000000 1.234090 -1.234090 1.525343 -1.525343 0.000000 0.189020 -0.189020

sigma_fcs span_loc fcs_loc wing_frac nacelle_frac AoA Mach Beta h n W Re1 Re2 Re3 Re4 Re5 Re6 Re7 Re8 Im1 Im2 Im3 Im4 Im5 Im6 Im7 Im8
2611.111111 0.881111 -1.000000 1.000000 0.200000 24.593820 0.200000 0.000000 0.000000 1.000000 626510.438463 -0.587907 -0.587907 -0.534933 -0.534933 -1.619734 -0.078328 -0.038956 -0.038956 1.568184 -1.568184 1.542343 -1.542343 0.000000 0.000000 0.186845 -0.186845
2611.111111 0.881111 -1.000000 1.000000 0.200000 12.086060 0.500000 0.000000 3048.000000 2.500000 626510.438463 -2.809505 -0.812911 -0.812911 -0.490187 -0.490187 -0.055913 -0.012762 -0.012762 0.000000 2.232658 -2.232658 1.498390 -1.498390 0.000000 0.127526 -0.127526
2611.111111 0.881111 -1.000000 1.000000 0.200000 5.790860 0.700000 0.000000 10668.000000 1.000000 626510.438463 -2.992806 -1.023748 -1.023748 -0.438172 -0.438172 -0.026941 -0.003306 -0.003306 0.000000 3.728037 -3.728037 2.003642 -2.003642 0.000000 0.654797 -0.654797
2611.111111 0.881111 -1.000000 1.000000 0.200000 4.042580 0.700000 0.000000 10668.000000 1.000000 468940.622865 -3.051017 -1.095539 -1.095539 -0.423974 -0.423974 -0.026263 -0.002314 -0.002314 0.000000 3.691685 -3.691685 1.934010 -1.934010 0.000000 0.651727 -0.651727
2611.111111 0.881111 -1.000000 1.000000 0.200000 8.695140 0.500000 0.000000 3048.000000 2.500000 468940.622865 -2.995471 -0.889888 -0.889888 -0.431179 -0.431179 -0.055575 -0.008886 -0.008886 0.000000 2.184826 -2.184826 1.370518 -1.370518 0.000000 0.126616 -0.126616
2611.111111 0.881111 -1.000000 1.000000 0.200000 17.582640 0.200000 0.000000 0.000000 1.000000 468940.622865 -2.021120 -0.632222 -0.632222 -0.450524 -0.450524 -0.081103 -0.026867 -0.026867 0.000000 1.495735 -1.495735 1.234281 -1.234281 0.000000 0.188887 -0.188887

sigma_fcs span_loc fcs_loc wing_frac nacelle_frac AoA Mach Beta h n W Re1 Re2 Re3 Re4 Re5 Re6 Re7 Re8 Im1 Im2 Im3 Im4 Im5 Im6 Im7 Im8
2611.111111 0.990000 -1.000000 1.000000 0.200000 24.449580 0.200000 0.000000 0.000000 1.000000 626510.438463 -0.360590 -0.360590 -0.541287 -0.541287 -1.316195 -0.077266 -0.038601 -0.038601 1.430634 -1.430634 1.532434 -1.532434 0.000000 0.000000 0.186878 -0.186878
2611.111111 0.990000 -1.000000 1.000000 0.200000 12.017030 0.500000 0.000000 3048.000000 2.500000 626510.438463 -2.057874 -0.792879 -0.792879 -0.368943 -0.368943 -0.055604 -0.012626 -0.012626 0.000000 2.179186 -2.179186 1.421188 -1.421188 0.000000 0.127434 -0.127434
2611.111111 0.990000 -1.000000 1.000000 0.200000 5.755500 0.700000 0.000000 10668.000000 1.000000 626510.438463 -0.987252 -0.987252 -0.341093 -0.341093 -2.154419 -0.026948 -0.003275 -0.003275 3.614848 -3.614848 1.848999 -1.848999 0.000000 0.000000 0.654484 -0.654484
2611.111111 0.990000 -1.000000 1.000000 0.200000 4.016200 0.700000 0.000000 10668.000000 1.000000 468940.622865 -1.059399 -1.059399 -0.343246 -0.343246 -2.176071 -0.026287 -0.002287 -0.002287 3.578838 -3.578838 1.790475 -1.790475 0.000000 0.000000 0.651280 -0.651280
2611.111111 0.990000 -1.000000 1.000000 0.200000 8.644320 0.500000 0.000000 3048.000000 2.500000 468940.622865 -2.164581 -0.870151 -0.870151 -0.342737 -0.342737 -0.055310 -0.008758 -0.008758 0.000000 2.131463 -2.131463 1.302724 -1.302724 0.000000 0.126464 -0.126464
2611.111111 0.990000 -1.000000 1.000000 0.200000 17.482210 0.200000 0.000000 0.000000 1.000000 468940.622865 -0.619680 -0.619680 -0.317635 -0.317635 -1.526244 -0.079958 -0.026498 -0.026498 1.463890 -1.463890 1.179765 -1.179765 0.000000 0.000000 0.188747 -0.188747

sigma_fcs span_loc fcs_loc wing_frac nacelle_frac AoA Mach Beta h n W Re1 Re2 Re3 Re4 Re5 Re6 Re7 Re8 Im1 Im2 Im3 Im4 Im5 Im6 Im7 Im8
2888.888889 0.010000 -1.000000 1.000000 0.200000 25.581420 0.200000 0.000000 0.000000 1.000000 626510.438463 -21.725641 -1.141823 -1.141823 -0.600699 -0.600699 -0.079867 -0.041158 -0.041158 0.000000 1.153072 -1.153072 1.719468 -1.719468 0.000000 0.186556 -0.186556
2888.888889 0.010000 -1.000000 1.000000 0.200000 12.554630 0.500000 0.000000 3048.000000 2.500000 626510.438463 -37.403136 -0.848861 -0.848861 -0.893713 -0.893713 -0.055526 -0.013596 -0.013596 0.000000 1.545276 -1.545276 2.484518 -2.484518 0.000000 0.128030 -0.128030
2888.888889 0.010000 -1.000000 1.000000 0.200000 6.030260 0.700000 0.000000 10668.000000 1.000000 626510.438463 -58.012580 -0.859704 -0.859704 -1.154643 -1.154643 -0.026289 -0.003508 -0.003508 0.000000 2.389473 -2.389473 4.221060 -4.221060 0.000000 0.656497 -0.656497
2888.888889 0.010000 -1.000000 1.000000 0.200000 4.221120 0.700000 0.000000 10668.000000 1.000000 468940.622865 -58.448929 -0.766176 -0.766176 -1.225444 -1.225444 -0.025545 -0.002482 -0.002482 0.000000 2.345945 -2.345945 4.184352 -4.184352 0.000000 0.654178 -0.654178
2888.888889 0.010000 -1.000000 1.000000 0.200000 9.039530 0.500000 0.000000 3048.000000 2.500000 468940.622865 -38.264228 -0.704773 -0.704773 -0.970646 -0.970646 -0.054943 -0.009628 -0.009628 0.000000 1.482229 -1.482229 2.435723 -2.435723 0.000000 0.127462 -0.127462
2888.888889 0.010000 -1.000000 1.000000 0.200000 18.266390 0.200000 0.000000 0.000000 1.000000 468940.622865 -23.874116 -0.783795 -0.783795 -0.681937 -0.681937 -0.082489 -0.028991 -0.028991 0.000000 1.129071 -1.129071 1.651801 -1.651801 0.000000 0.189669 -0.189669

sigma_fcs span_loc fcs_loc wing_frac nacelle_frac AoA Mach Beta h n W Re1 Re2 Re3 Re4 Re5 Re6 Re7 Re8 Im1 Im2 Im3 Im4 Im5 Im6 Im7 Im8
2888.888889 0.118889 -1.000000 1.000000 0.200000 25.563060 0.200000 0.000000 0.000000 1.000000 626510.438463 -14.936052 -1.148966 -1.148966 -0.600375 -0.600375 -0.079800 -0.041120 -0.041120 0.000000 1.174639 -1.174639 1.717899 -1.717899 0.000000 0.186562 -0.186562
2888.888889 0.118889 -1.000000 1.000000 0.200000 12.545990 0.500000 0.000000 3048.000000 2.500000 626510.438463 -24.682225 -0.838234 -0.838234 -0.893471 -0.893471 -0.055519 -0.013582 -0.013582 0.000000 1.549968 -1.549968 2.482122 -2.482122 0.000000 0.128023 -0.128023
2888.888889 0.118889 -1.000000 1.000000 0.200000 6.025850 0.700000 0.000000 10668.000000 1.000000 626510.438463 -31.956673 -0.841368 -0.841368 -1.155306 -1.155306 -0.026298 -0.003504 -0.003504 0.000000 2.381059 -2.381059 4.217661 -4.217661 0.000000 0.656471 -0.656471
2888.888889 0.118889 -1.000000 1.000000 0.200000 4.217830 0.700000 0.000000 10668.000000 1.000000 468940.622865 -32.285147 -1.226101 -1.226101 -0.750441 -0.750441 -0.025556 -0.002479 -0.002479 0.000000 4.180974 -4.180974 2.333049 -2.333049 0.000000 0.654140 -0.654140
2888.888889 0.118889 -1.000000 1.000000 0.200000 9.033190 0.500000 0.000000 3048.000000 2.500000 468940.622865 -25.359612 -0.694922 -0.694922 -0.970422 -0.970422 -0.054943 -0.009616 -0.009616 0.000000 1.481902 -1.481902 2.433352 -2.433352 0.000000 0.127448 -0.127448
2888.888889 0.118889 -1.000000 1.000000 0.200000 18.253740 0.200000 0.000000 0.000000 1.000000 468940.622865 -16.705471 -0.778388 -0.778388 -0.681644 -0.681644 -0.082424 -0.028957 -0.028957 0.000000 1.138978 -1.138978 1.650177 -1.650177 0.000000 0.189657 -0.189657

sigma_fcs span_loc fcs_loc wing_frac nacelle_frac AoA Mach Beta h n W Re1 Re2 Re3 Re4 Re5 Re6 Re7 Re8 Im1 Im2 Im3 Im4 Im5 Im6 Im7 Im8
2888.888889 0.227778 -1.000000 1.000000 0.200000 25.429200 0.200000 0.000000 0.000000 1.000000 626510.438463 -7.614062 -1.159827 -1.159827 -0.597592 -0.597592 -0.079742 -0.040841 -0.040841 0.000000 1.248822 -1.248822 1.705265 -1.705265 0.000000 0.186605 -0.186605
2888.888889 0.227778 -1.000000 1.000000 0.200000 12.482890 0.500000 0.000000 3048.000000 2.500000 626510.438463 -12.676043 -0.804839 -0.804839 -0.890027 -0.890027 -0.055643 -0.013477 -0.013477 0.000000 1.561875 -1.561875 2.462975 -2.462975 0.000000 0.127964 -0.127964
2888.888889 0.227778 -1.000000 1.000000 0.200000 5.993670 0.700000 0.000000 10668.000000 1.000000 626510.438463 -14.311024 -1.154468 -1.154468 -0.789386 -0.789386 -0.026402 -0.003478 -0.003478 0.000000 4.188957 -4.188957 2.357267 -2.357267 0.000000 0.656276 -0.656276
2888.888889 0.227778 -1.000000 1.000000 0.200000 4.193840 0.700000 0.000000 10668.000000 1.000000 468940.622865 -14.551149 -1.225236 -1.225236 -0.707607 -0.707607 -0.025668 -0.002457 -0.002457 0.000000 4.152183 -4.152183 2.298045 -2.298045 0.000000 0.653857 -0.653857
2888.888889 0.227778 -1.000000 1.000000 0.200000 8.986870 0.500000 0.000000 3048.000000 2.500000 468940.622865 -13.170792 -0.665986 -0.665986 -0.966990 -0.966990 -0.055101 -0.009528 -0.009528 0.000000 1.479737 -1.479737 2.414257 -2.414257 0.000000 0.127349 -0.127349
2888.888889 0.227778 -1.000000 1.000000 0.200000 18.161460 0.200000 0.000000 0.000000 1.000000 468940.622865 -9.007127 -0.757616 -0.757616 -0.678866 -0.678866 -0.082418 -0.028705 -0.028705 0.000000 1.167187 -1.167187 1.637434 -1.637434 0.000000 0.189563 -0.189563

sigma_fcs span_loc fcs_loc wing_frac nacelle_frac AoA Mach Beta h n W Re1 Re2 Re3 Re4 Re5 Re6 Re7 Re8 Im1 Im2 Im3 Im4 Im5 Im6 Im7 Im8
2888.888889 0.336667 -1.000000 1.000000 0.200000 25.295730 0.200000 0.000000 0.000000 1.000000 626510.438463 -3.738353 -1.133170 -1.133170 -0.593177 -0.593177 -0.079481 -0.040558 -0.040558 0.000000 1.424494 -1.424494 1.689428 -1.689428 0.000000 0.186646 -0.186646
2888.888889 0.336667 -1.000000 1.000000 0.200000 12.419840 0.500000 0.000000 3048.000000 2.500000 626510.438463 -6.912028 -0.884393 -0.884393 -0.741323 -0.741323 -0.055682 -0.013370 -0.013370 0.000000 2.438706 -2.438706 1.575718 -1.575718 0.000000 0.127903 -0.127903
2888.888889 0.336667 -1.000000 1.000000 0.200000 5.961500 0.700000 0.000000 10668.000000 1.000000 626510.438463 -7.463563 -1.149034 -1.149034 -0.699068 -0.699068 -0.026487 -0.003451 -0.003451 0.000000 4.148038 -4.148038 2.304148 -2.304148 0.000000 0.656071 -0.656071
2888.888889 0.336667 -1.000000 1.000000 0.200000 4.169850 0.700000 0.000000 10668.000000 1.000000 468940.622865 -7.639240 -1.219745 -1.219745 -0.635920 -0.635920 -0.025762 -0.002436 -0.002436 0.000000 4.111153 -4.111153 2.232224 -2.232224 0.000000 0.653561 -0.653561
2888.888889 0.336667 -1.000000 1.000000 0.200000 8.940570 0.500000 0.000000 3048.000000 2.500000 468940.622865 -7.297383 -0.615282 -0.615282 -0.961290 -0.961290 -0.055178 -0.009436 -0.009436 0.000000 1.471755 -1.471755 2.390140 -2.390140 0.000000 0.127246 -0.127246
2888.888889 0.336667 -1.000000 1.000000 0.200000 18.069320 0.200000 0.000000 0.000000 1.000000 468940.622865 -4.937896 -0.710287 -0.710287 -0.674871 -0.674871 -0.082183 -0.028443 -0.028443 0.000000 1.214068 -1.214068 1.621570 -1.621570 0.000000 0.189467 -0.189467

sigma_fcs span_loc fcs_loc wing_frac nacelle_frac AoA Mach Beta h n W Re1 Re2 Re3 Re4 Re5 Re6 Re7 Re8 Im1 Im2 Im3 Im4 Im5 Im6 Im7 Im8
2888.888889 0.445556 -1.000000 1.000000 0.200000 25.162640 0.200000 0.000000 0.000000 1.000000 626510.438463 -16.978835 -1.118960 -1.118960 -0.588099 -0.588099 -0.080355 -0.040270 -0.040270 0.000000 1.169009 -1.169009 1.671864 -1.671864 0.000000 0.186686 -0.186686
2888.888889 0.445556 -1.000000 1.000000 0.200000 12.356830 0.500000 0.000000 3048.000000 2.500000 626510.438463 -28.162557 -0.828242 -0.828242 -0.874426 -0.874426 -0.056172 -0.013261 -0.013261 0.000000 1.539877 -1.539877 2.410517 -2.410517 0.000000 0.127839 -0.127839
2888.888889 0.445556 -1.000000 1.000000 0.200000 5.929320 0.700000 0.000000 10668.000000 1.000000 626510.438463 -38.109350 -0.837818 -0.837818 -1.130834 -1.130834 -0.026680 -0.003424 -0.003424 0.000000 2.371010 -2.371010 4.093234 -4.093234 0.000000 0.655856 -0.655856
2888.888889 0.445556 -1.000000 1.000000 0.200000 4.145860 0.700000 0.000000 10668.000000 1.000000 468940.622865 -38.455952 -0.747726 -0.747726 -1.201855 -1.201855 -0.025954 -0.002414 -0.002414 0.000000 2.324044 -2.324044 4.056299 -4.056299 0.000000 0.653251 -0.653251
2888.888889 0.445556 -1.000000 1.000000 0.200000 8.894270 0.500000 0.000000 3048.000000 2.500000 468940.622865 -28.871306 -0.687958 -0.687958 -0.951451 -0.951451 -0.055679 -0.009341 -0.009341 0.000000 1.472936 -1.472936 2.361807 -2.361807 0.000000 0.127138 -0.127138
2888.888889 0.445556 -1.000000 1.000000 0.200000 17.977300 0.200000 0.000000 0.000000 1.000000 468940.622865 -18.795049 -0.764999 -0.764999 -0.668845 -0.668845 -0.083189 -0.028172 -0.028172 0.000000 1.131392 -1.131392 1.604338 -1.604338 0.000000 0.189367 -0.189367

sigma_fcs span_loc fcs_loc wing_frac nacelle_frac AoA Mach Beta h n W Re1 Re2 Re3 Re4 Re5 Re6 Re7 Re8 Im1 Im2 Im3 Im4 Im5 Im6 Im7 Im8
2888.888889 0.554444 -1.000000 1.000000 0.200000 25.029910 0.200000 0.000000 0.000000 1.000000 626510.438463 -8.970302 -1.119430 -1.119430 -0.581085 -0.581085 -0.080225 -0.039976 -0.039976 0.000000 1.221392 -1.221392 1.650685 -1.650685 0.000000 0.186725 -0.186725
2888.888889 0.554444 -1.000000 1.000000 0.200000 12.293860 0.500000 0.000000 3048.000000 2.500000 626510.438463 -14.644054 -0.793669 -0.793669 -0.863277 -0.863277 -0.056258 -0.013150 -0.013150 0.000000 1.541233 -1.541233 2.376491 -2.376491 0.000000 0.127772 -0.127772
2888.888889 0.554444 -1.000000 1.000000 0.200000 5.897150 0.700000 0.000000 10668.000000 1.000000 626510.438463 -16.830574 -1.113076 -1.113076 -0.783410 -0.783410 -0.026776 -0.003397 -0.003397 0.000000 4.025736 -4.025736 2.330361 -2.330361 0.000000 0.655631 -0.655631
2888.888889 0.554444 -1.000000 1.000000 0.200000 4.121870 0.700000 0.000000 10668.000000 1.000000 468940.622865 -17.079899 -1.184203 -1.184203 -0.700940 -0.700940 -0.026059 -0.002391 -0.002391 0.000000 3.988925 -3.988925 2.274261 -2.274261 0.000000 0.652926 -0.652926
2888.888889 0.554444 -1.000000 1.000000 0.200000 8.847990 0.500000 0.000000 3048.000000 2.500000 468940.622865 -15.154788 -0.657439 -0.657439 -0.940378 -0.940378 -0.055797 -0.009242 -0.009242 0.000000 1.463155 -1.463155 2.327980 -2.327980 0.000000 0.127026 -0.127026
2888.888889 0.554444 -1.000000 1.000000 0.200000 17.885420 0.200000 0.000000 0.000000 1.000000 468940.622865 -10.365909 -0.742886 -0.742886 -0.661770 -0.661770 -0.083088 -0.027890 -0.027890 0.000000 1.149740 -1.149740 1.583289 -1.583289 0.000000 0.189263 -0.189263

sigma_fcs span_loc fcs_loc wing_frac nacelle_frac AoA Mach Beta h n W Re1 Re2 Re3 Re4 Re5 Re6 Re7 Re8 Im1 Im2 Im3 Im4 Im5 Im6 Im7 Im8
2888.888889 0.663333 -1.000000 1.000000 0.200000 24.897530 0.200000 0.000000 0.000000 1.000000 626510.438463 -4.440154 -1.102238 -1.102238 -0.572674 -0.572674 -0.079885 -0.039677 -0.039677 0.000000 1.350849 -1.350849 1.626680 -1.626680 0.000000 0.186763 -0.186763
2888.888889 0.663333 -1.000000 1.000000 0.200000 12.230930 0.500000 0.000000 3048.000000 2.500000 626510.438463 -7.831919 -0.850192 -0.850192 -0.733390 -0.733390 -0.056256 -0.013036 -0.013036 0.000000 2.337834 -2.337834 1.545313 -1.545313 0.000000 0.127702 -0.127702
2888.888889 0.663333 -1.000000 1.000000 0.200000 5.864980 0.700000 0.000000 10668.000000 1.000000 626510.438463 -8.476057 -1.091448 -1.091448 -0.695295 -0.695295 -0.026851 -0.003370 -0.003370 0.000000 3.947330 -3.947330 2.265554 -2.265554 0.000000 0.655393 -0.655393
2888.888889 0.663333 -1.000000 1.000000 0.200000 4.097870 0.700000 0.000000 10668.000000 1.000000 468940.622865 -8.661979 -1.162646 -1.162646 -0.628436 -0.628436 -0.026144 -0.002369 -0.002369 0.000000 3.910655 -3.910655 2.197612 -2.197612 0.000000 0.652584 -0.652584
2888.888889 0.663333 -1.000000 1.000000 0.200000 8.801720 0.500000 0.000000 3048.000000 2.500000 468940.622865 -8.226047 -0.607532 -0.607532 -0.927322 -0.927322 -0.055830 -0.009140 -0.009140 0.000000 1.448587 -1.448587 2.289619 -2.289619 0.000000 0.126909 -0.126909
2888.888889 0.663333 -1.000000 1.000000 0.200000 17.793650 0.200000 0.000000 0.000000 1.000000 468940.622865 -5.625052 -0.699574 -0.699574 -0.653575 -0.653575 -0.082752 -0.027597 -0.027597 0.000000 1.185116 -1.185116 1.559420 -1.559420 0.000000 0.189155 -0.189155

sigma_fcs span_loc fcs_loc wing_frac nacelle_frac AoA Mach Beta h n W Re1 Re2 Re3 Re4 Re5 Re6 Re7 Re8 Im1 Im2 Im3 Im4 Im5 Im6 Im7 Im8
2888.888889 0.772222 -1.000000 1.000000 0.200000 24.765500 0.200000 0.000000 0.000000 1.000000 626510.438463 -2.437489 -0.930804 -0.930804 -0.562688 -0.562688 -0.079334 -0.039370 -0.039370 0.000000 1.543865 -1.543865 1.599601 -1.599601 0.000000 0.186799 -0.186799
2888.888889 0.772222 -1.000000 1.000000 0.200000 12.168040 0.500000 0.000000 3048.000000 2.500000 626510.438463 -4.646521 -0.835534 -0.835534 -0.641137 -0.641137 -0.056164 -0.012920 -0.012920 0.000000 2.295165 -2.295165 1.542760 -1.542760 0.000000 0.127628 -0.127628
2888.888889 0.772222 -1.000000 1.000000 0.200000 5.832810 0.700000 0.000000 10668.000000 1.000000 626510.438463 -4.968867 -1.065702 -1.065702 -0.582361 -0.582361 -0.026905 -0.003342 -0.003342 0.000000 3.859808 -3.859808 2.170311 -2.170311 0.000000 0.655143 -0.655143
2888.888889 0.772222 -1.000000 1.000000 0.200000 4.073880 0.700000 0.000000 10668.000000 1.000000 468940.622865 -5.093949 -1.137057 -1.137057 -0.538990 -0.538990 -0.026209 -0.002345 -0.002345 0.000000 3.823197 -3.823197 2.095404 -2.095404 0.000000 0.652224 -0.652224
2888.888889 0.772222 -1.000000 1.000000 0.200000 8.755460 0.500000 0.000000 3048.000000 2.500000 468940.622865 -4.949056 -0.538160 -0.538160 -0.912562 -0.912562 -0.055775 -0.009033 -0.009033 0.000000 1.425158 -1.425158 2.247225 -2.247225 0.000000 0.126785 -0.126785
2888.888889 0.772222 -1.000000 1.000000 0.200000 17.702000 0.200000 0.000000 0.000000 1.000000 468940.622865 -3.310927 -0.615670 -0.615670 -0.644921 -0.644921 -0.082179 -0.027291 -0.027291 0.000000 1.228514 -1.228514 1.532947 -1.532947 0.000000 0.189042 -0.189042

sigma_fcs span_loc fcs_loc wing_frac nacelle_frac AoA Mach Beta h n W Re1 Re2 Re3 Re4 Re5 Re6 Re7 Re8 Im1 Im2 Im3 Im4 Im5 Im6 Im7 Im8
2888.888889 0.881111 -1.000000 1.000000 0.200000 24.633820 0.200000 0.000000 0.000000 1.000000 626510.438463 -1.725293 -0.643336 -0.643336 -0.548456 -0.548456 -0.078576 -0.039056 -0.039056 0.000000 1.575664 -1.575664 1.564631 -1.564631 0.000000 0.186833 -0.186833
2888.888889 0.881111 -1.000000 1.000000 0.200000 12.105180 0.500000 0.000000 3048.000000 2.500000 626510.438463 -3.072136 -0.819161 -0.819161 -0.522455 -0.522455 -0.055980 -0.012800 -0.012800 0.000000 2.249294 -2.249294 1.513598 -1.513598 0.000000 0.127550 -0.127550
2888.888889 0.881111 -1.000000 1.000000 0.200000 5.800640 0.700000 0.000000 10668.000000 1.000000 626510.438463 -3.279239 -1.035362 -1.035362 -0.466406 -0.466406 -0.026935 -0.003314 -0.003314 0.000000 3.763773 -3.763773 2.043028 -2.043028 0.000000 0.654879 -0.654879
2888.888889 0.881111 -1.000000 1.000000 0.200000 4.049880 0.700000 0.000000 10668.000000 1.000000 468940.622865 -3.348921 -1.107042 -1.107042 -0.447120 -0.447120 -0.026253 -0.002322 -0.002322 0.000000 3.727316 -3.727316 1.971235 -1.971235 0.000000 0.651846 -0.651846
2888.888889 0.881111 -1.000000 1.000000 0.200000 8.709210 0.500000 0.000000 3048.000000 2.500000 468940.622865 -3.280822 -0.896132 -0.896132 -0.454268 -0.454268 -0.055631 -0.008922 -0.008922 0.000000 2.201417 -2.201417 1.385499 -1.385499 0.000000 0.126656 -0.126656
2888.888889 0.881111 -1.000000 1.000000 0.200000 17.610470 0.200000 0.000000 0.000000 1.000000 468940.622865 -2.198766 -0.635853 -0.635853 -0.486458 -0.486458 -0.081371 -0.026972 -0.026972 0.000000 1.505518 -1.505518 1.241198 -1.241198 0.000000 0.188923 -0.188923

sigma_fcs span_loc fcs_loc wing_frac nacelle_frac AoA Mach Beta h n W Re1 Re2 Re3 Re4 Re5 Re6 Re7 Re8 Im1 Im2 Im3 Im4 Im5 Im6 Im7 Im8
2888.888889 0.990000 -1.000000 1.000000 0.200000 24.502460 0.200000 0.000000 0.000000 1.000000 626510.438463 -0.411448 -0.411448 -0.547096 -0.547096 -1.390027 -0.077614 -0.038734 -0.038734 1.468354 -1.468354 1.546063 -1.546063 0.000000 0.000000 0.186865 -0.186865
2888.888889 0.990000 -1.000000 1.000000 0.200000 12.042360 0.500000 0.000000 3048.000000 2.500000 626510.438463 -2.235111 -0.800726 -0.800726 -0.402685 -0.402685 -0.055702 -0.012677 -0.012677 0.000000 2.200294 -2.200294 1.448332 -1.448332 0.000000 0.127468 -0.127468
2888.888889 0.990000 -1.000000 1.000000 0.200000 5.768480 0.700000 0.000000 10668.000000 1.000000 626510.438463 -1.001406 -1.001406 -0.367548 -0.367548 -2.355530 -0.026942 -0.003286 -0.003286 3.659565 -3.659565 1.897299 -1.897299 0.000000 0.000000 0.654601 -0.654601
2888.888889 0.990000 -1.000000 1.000000 0.200000 4.025880 0.700000 0.000000 10668.000000 1.000000 468940.622865 -1.073428 -1.073428 -2.385694 -0.365919 -0.365919 -0.026275 -0.002297 -0.002297 3.623415 -3.623415 0.000000 1.835331 -1.835331 0.000000 0.651447 -0.651447
2888.888889 0.990000 -1.000000 1.000000 0.200000 8.662970 0.500000 0.000000 3048.000000 2.500000 468940.622865 -2.361790 -0.877914 -0.877914 -0.368173 -0.368173 -0.055394 -0.008807 -0.008807 0.000000 2.152490 -2.152490 1.325866 -1.325866 0.000000 0.126521 -0.126521
2888.888889 0.990000 -1.000000 1.000000 0.200000 17.519050 0.200000 0.000000 0.000000 1.000000 468940.622865 -0.624496 -0.624496 -0.353797 -0.353797 -1.641451 -0.080334 -0.026638 -0.026638 1.476559 -1.476559 1.200802 -1.200802 0.000000 0.000000 0.188798 -0.188798

sigma_fcs span_loc fcs_loc wing_frac nacelle_frac AoA Mach Beta h n W Re1 Re2 Re3 Re4 Re5 Re6 Re7 Re8 Im1 Im2 Im3 Im4 Im5 Im6 Im7 Im8
3166.666667 0.010000 -1.000000 1.000000 0.200000 25.536340 0.200000 0.000000 0.000000 1.000000 626510.438463 -21.938677 -1.139882 -1.139882 -0.600237 -0.600237 -0.079948 -0.041065 -0.041065 0.000000 1.154012 -1.154012 1.716096 -1.716096 0.000000 0.186570 -0.186570
3166.666667 0.010000 -1.000000 1.000000 0.200000 12.533400 0.500000 0.000000 3048.000000 2.500000 626510.438463 -37.806819 -0.848924 -0.848924 -0.893219 -0.893219 -0.055608 -0.013561 -0.013561 0.000000 1.545950 -1.545950 2.479604 -2.479604 0.000000 0.128011 -0.128011
3166.666667 0.010000 -1.000000 1.000000 0.200000 6.019430 0.700000 0.000000 10668.000000 1.000000 626510.438463 -59.002792 -0.861361 -0.861361 -1.155442 -1.155442 -0.026334 -0.003499 -0.003499 0.000000 2.392560 -2.392560 4.215243 -4.215243 0.000000 0.656433 -0.656433
3166.666667 0.010000 -1.000000 1.000000 0.200000 4.213050 0.700000 0.000000 10668.000000 1.000000 468940.622865 -59.442028 -0.767918 -0.767918 -1.226244 -1.226244 -0.025592 -0.002475 -0.002475 0.000000 2.348961 -2.348961 4.178461 -4.178461 0.000000 0.654085 -0.654085
3166.666667 0.010000 -1.000000 1.000000 0.200000 9.023950 0.500000 0.000000 3048.000000 2.500000 468940.622865 -38.671285 -0.705088 -0.705088 -0.970148 -0.970148 -0.055035 -0.009599 -0.009599 0.000000 1.482821 -1.482821 2.430779 -2.430779 0.000000 0.127429 -0.127429
3166.666667 0.010000 -1.000000 1.000000 0.200000 18.235330 0.200000 0.000000 0.000000 1.000000 468940.622865 -24.091457 -0.783132 -0.783132 -0.681423 -0.681423 -0.082599 -0.028908 -0.028908 0.000000 1.129363 -1.129363 1.648399 -1.648399 0.000000 0.189638 -0.189638

sigma_fcs span_loc fcs_loc wing_frac nacelle_frac AoA Mach Beta h n W Re1 Re2 Re3 Re4 Re5 Re6 Re7 Re8 Im1 Im2 Im3 Im4 Im5 Im6 Im7 Im8
3166.666667 0.118889 -1.000000 1.000000 0.200000 25.519470 0.200000 0.000000 0.000000 1.000000 626510.438463 -15.487397 -1.146241 -1.146241 -0.599947 -0.599947 -0.079888 -0.041031 -0.041031 0.000000 1.173527 -1.173527 1.714653 -1.714653 0.000000 0.186576 -0.186576
3166.666667 0.118889 -1.000000 1.000000 0.200000 12.525460 0.500000 0.000000 3048.000000 2.500000 626510.438463 -25.636849 -0.839214 -0.839214 -0.892994 -0.892994 -0.055603 -0.013548 -0.013548 0.000000 1.550198 -1.550198 2.477401 -2.477401 0.000000 0.128004 -0.128004
3166.666667 0.118889 -1.000000 1.000000 0.200000 6.015380 0.700000 0.000000 10668.000000 1.000000 626510.438463 -33.595372 -0.844555 -0.844555 -1.156012 -1.156012 -0.026342 -0.003496 -0.003496 0.000000 2.384807 -2.384807 4.212121 -4.212121 0.000000 0.656408 -0.656408
3166.666667 0.118889 -1.000000 1.000000 0.200000 4.210030 0.700000 0.000000 10668.000000 1.000000 468940.622865 -33.930127 -1.226810 -1.226810 -0.753477 -0.753477 -0.025602 -0.002472 -0.002472 0.000000 4.175356 -4.175356 2.337111 -2.337111 0.000000 0.654049 -0.654049
3166.666667 0.118889 -1.000000 1.000000 0.200000 9.018120 0.500000 0.000000 3048.000000 2.500000 468940.622865 -26.326253 -0.696082 -0.696082 -0.969939 -0.969939 -0.055036 -0.009588 -0.009588 0.000000 1.482503 -1.482503 2.428597 -2.428597 0.000000 0.127416 -0.127416
3166.666667 0.118889 -1.000000 1.000000 0.200000 18.223710 0.200000 0.000000 0.000000 1.000000 468940.622865 -17.280247 -0.778187 -0.778187 -0.681157 -0.681157 -0.082540 -0.028877 -0.028877 0.000000 1.138352 -1.138352 1.646907 -1.646907 0.000000 0.189626 -0.189626

sigma_fcs span_loc fcs_loc wing_frac nacelle_frac AoA Mach Beta h n W Re1 Re2 Re3 Re4 Re5 Re6 Re7 Re8 Im1 Im2 Im3 Im4 Im5 Im6 Im7 Im8
3166.666667 0.227778 -1.000000 1.000000 0.200000 25.396790 0.200000 0.000000 0.000000 1.000000 626510.438463 -8.182475 -1.156272 -1.156272 -0.597441 -0.597441 -0.079837 -0.040775 -0.040775 0.000000 1.239214 -1.239214 1.703067 -1.703067 0.000000 0.186614 -0.186614
3166.666667 0.227778 -1.000000 1.000000 0.200000 12.467590 0.500000 0.000000 3048.000000 2.500000 626510.438463 -13.536244 -0.808977 -0.808977 -0.889864 -0.889864 -0.055718 -0.013452 -0.013452 0.000000 1.561043 -1.561043 2.459829 -2.459829 0.000000 0.127949 -0.127949
3166.666667 0.227778 -1.000000 1.000000 0.200000 5.985870 0.700000 0.000000 10668.000000 1.000000 626510.438463 -15.407360 -1.155229 -1.155229 -0.797129 -0.797129 -0.026439 -0.003471 -0.003471 0.000000 4.185795 -4.185795 2.363146 -2.363146 0.000000 0.656227 -0.656227
3166.666667 0.227778 -1.000000 1.000000 0.200000 4.188020 0.700000 0.000000 10668.000000 1.000000 468940.622865 -15.653809 -1.226010 -1.226010 -0.714244 -0.714244 -0.025706 -0.002452 -0.002452 0.000000 4.148944 -4.148944 2.305084 -2.305084 0.000000 0.653787 -0.653787
3166.666667 0.227778 -1.000000 1.000000 0.200000 8.975640 0.500000 0.000000 3048.000000 2.500000 468940.622865 -14.043481 -0.669743 -0.669743 -0.966823 -0.966823 -0.055182 -0.009507 -0.009507 0.000000 1.480549 -1.480549 2.411061 -2.411061 0.000000 0.127324 -0.127324
3166.666667 0.227778 -1.000000 1.000000 0.200000 18.139100 0.200000 0.000000 0.000000 1.000000 468940.622865 -9.595825 -0.759566 -0.759566 -0.678637 -0.678637 -0.082537 -0.028646 -0.028646 0.000000 1.163839 -1.163839 1.635221 -1.635221 0.000000 0.189539 -0.189539

sigma_fcs span_loc fcs_loc wing_frac nacelle_frac AoA Mach Beta h n W Re1 Re2 Re3 Re4 Re5 Re6 Re7 Re8 Im1 Im2 Im3 Im4 Im5 Im6 Im7 Im8
3166.666667 0.336667 -1.000000 1.000000 0.200000 25.274440 0.200000 0.000000 0.000000 1.000000 626510.438463 -4.132481 -1.142531 -1.142531 -0.593458 -0.593458 -0.079599 -0.040516 -0.040516 0.000000 1.391362 -1.391362 1.688601 -1.688601 0.000000 0.186651 -0.186651
3166.666667 0.336667 -1.000000 1.000000 0.200000 12.409770 0.500000 0.000000 3048.000000 2.500000 626510.438463 -7.489648 -0.884650 -0.884650 -0.752048 -0.752048 -0.055755 -0.013354 -0.013354 0.000000 2.437552 -2.437552 1.574184 -1.574184 0.000000 0.127893 -0.127893
3166.666667 0.336667 -1.000000 1.000000 0.200000 5.956350 0.700000 0.000000 10668.000000 1.000000 626510.438463 -8.109299 -1.150142 -1.150142 -0.714373 -0.714373 -0.026517 -0.003447 -0.003447 0.000000 4.148066 -4.148066 2.315357 -2.315357 0.000000 0.656037 -0.656037
3166.666667 0.336667 -1.000000 1.000000 0.200000 4.166020 0.700000 0.000000 10668.000000 1.000000 468940.622865 -8.293596 -1.220876 -1.220876 -0.648141 -0.648141 -0.025792 -0.002433 -0.002433 0.000000 4.111129 -4.111129 2.244914 -2.244914 0.000000 0.653512 -0.653512
3166.666667 0.336667 -1.000000 1.000000 0.200000 8.933170 0.500000 0.000000 3048.000000 2.500000 468940.622865 -7.887724 -0.623691 -0.623691 -0.961570 -0.961570 -0.055254 -0.009423 -0.009423 0.000000 1.473564 -1.473564 2.388915 -2.388915 0.000000 0.127229 -0.127229
3166.666667 0.336667 -1.000000 1.000000 0.200000 18.054600 0.200000 0.000000 0.000000 1.000000 468940.622865 -5.357985 -0.718473 -0.718473 -0.674937 -0.674937 -0.082325 -0.028406 -0.028406 0.000000 1.206448 -1.206448 1.620712 -1.620712 0.000000 0.189449 -0.189449

sigma_fcs span_loc fcs_loc wing_frac nacelle_frac AoA Mach Beta h n W Re1 Re2 Re3 Re4 Re5 Re6 Re7 Re8 Im1 Im2 Im3 Im4 Im5 Im6 Im7 Im8
3166.666667 0.445556 -1.000000 1.000000 0.200000 25.152390 0.200000 0.000000 0.000000 1.000000 626510.438463 -17.456091 -1.119009 -1.119009 -0.588764 -0.588764 -0.080401 -0.040252 -0.040252 0.000000 1.168567 -1.168567 1.672393 -1.672393 0.000000 0.186687 -0.186687
3166.666667 0.445556 -1.000000 1.000000 0.200000 12.351980 0.500000 0.000000 3048.000000 2.500000 626510.438463 -29.028731 -0.830139 -0.830139 -0.875666 -0.875666 -0.056204 -0.013254 -0.013254 0.000000 1.541101 -1.541101 2.411657 -2.411657 0.000000 0.127834 -0.127834
3166.666667 0.445556 -1.000000 1.000000 0.200000 5.926840 0.700000 0.000000 10668.000000 1.000000 626510.438463 -39.743676 -0.841480 -0.841480 -1.133865 -1.133865 -0.026694 -0.003422 -0.003422 0.000000 2.375951 -2.375951 4.098006 -4.098006 0.000000 0.655839 -0.655839
3166.666667 0.445556 -1.000000 1.000000 0.200000 4.144010 0.700000 0.000000 10668.000000 1.000000 468940.622865 -40.096785 -0.751175 -0.751175 -1.204868 -1.204868 -0.025969 -0.002412 -0.002412 0.000000 2.329189 -2.329189 4.061006 -4.061006 0.000000 0.653226 -0.653226
3166.666667 0.445556 -1.000000 1.000000 0.200000 8.890710 0.500000 0.000000 3048.000000 2.500000 468940.622865 -29.749291 -0.689776 -0.689776 -0.952680 -0.952680 -0.055714 -0.009336 -0.009336 0.000000 1.474402 -1.474402 2.362901 -2.362901 0.000000 0.127130 -0.127130
3166.666667 0.445556 -1.000000 1.000000 0.200000 17.970220 0.200000 0.000000 0.000000 1.000000 468940.622865 -19.296701 -0.765988 -0.765988 -0.669500 -0.669500 -0.083247 -0.028157 -0.028157 0.000000 1.131516 -1.131516 1.604814 -1.604814 0.000000 0.189357 -0.189357

sigma_fcs span_loc fcs_loc wing_frac nacelle_frac AoA Mach Beta h n W Re1 Re2 Re3 Re4 Re5 Re6 Re7 Re8 Im1 Im2 Im3 Im4 Im5 Im6 Im7 Im8
3166.666667 0.554444 -1.000000 1.000000 0.200000 25.030660 0.200000 0.000000 0.000000 1.000000 626510.438463 -9.554811 -1.119590 -1.119590 -0.582334 -0.582334 -0.080283 -0.039982 -0.039982 0.000000 1.215412 -1.215412 1.652968 -1.652968 0.000000 0.186722 -0.186722
3166.666667 0.554444 -1.000000 1.000000 0.200000 12.294220 0.500000 0.000000 3048.000000 2.500000 626510.438463 -15.560182 -0.798593 -0.798593 -0.865406 -0.865406 -0.056284 -0.013152 -0.013152 0.000000 1.542297 -1.542297 2.380436 -2.380436 0.000000 0.127772 -0.127772
3166.666667 0.554444 -1.000000 1.000000 0.200000 5.897330 0.700000 0.000000 10668.000000 1.000000 626510.438463 -18.054784 -1.117418 -1.117418 -0.791500 -0.791500 -0.026783 -0.003397 -0.003397 0.000000 4.035978 -4.035978 2.338578 -2.338578 0.000000 0.655631 -0.655631
3166.666667 0.554444 -1.000000 1.000000 0.200000 4.122000 0.700000 0.000000 10668.000000 1.000000 468940.622865 -18.310655 -1.188524 -1.188524 -0.708076 -0.708076 -0.026065 -0.002392 -0.002392 0.000000 3.999090 -3.999090 2.283372 -2.283372 0.000000 0.652927 -0.652927
3166.666667 0.554444 -1.000000 1.000000 0.200000 8.848250 0.500000 0.000000 3048.000000 2.500000 468940.622865 -16.084630 -0.661834 -0.661834 -0.942491 -0.942491 -0.055824 -0.009246 -0.009246 0.000000 1.465432 -1.465432 2.331858 -2.331858 0.000000 0.127026 -0.127026
3166.666667 0.554444 -1.000000 1.000000 0.200000 17.885940 0.200000 0.000000 0.000000 1.000000 468940.622865 -10.977746 -0.745949 -0.745949 -0.663003 -0.663003 -0.083156 -0.027899 -0.027899 0.000000 1.148144 -1.148144 1.585515 -1.585515 0.000000 0.189261 -0.189261

sigma_fcs span_loc fcs_loc wing_frac nacelle_frac AoA Mach Beta h n W Re1 Re2 Re3 Re4 Re5 Re6 Re7 Re8 Im1 Im2 Im3 Im4 Im5 Im6 Im7 Im8
3166.666667 0.663333 -1.000000 1.000000 0.200000 24.909220 0.200000 0.000000 0.000000 1.000000 626510.438463 -4.871398 -1.109221 -1.109221 -0.574620 -0.574620 -0.079973 -0.039707 -0.039707 0.000000 1.328408 -1.328408 1.630965 -1.630965 0.000000 0.186757 -0.186757
3166.666667 0.663333 -1.000000 1.000000 0.200000 12.236500 0.500000 0.000000 3048.000000 2.500000 626510.438463 -8.463735 -0.853284 -0.853284 -0.744014 -0.744014 -0.056284 -0.013048 -0.013048 0.000000 2.344938 -2.344938 1.546285 -1.546285 0.000000 0.127708 -0.127708
3166.666667 0.663333 -1.000000 1.000000 0.200000 5.867830 0.700000 0.000000 10668.000000 1.000000 626510.438463 -9.197678 -1.097261 -1.097261 -0.710282 -0.710282 -0.026852 -0.003372 -0.003372 0.000000 3.963702 -3.963702 2.279291 -2.279291 0.000000 0.655414 -0.655414
3166.666667 0.663333 -1.000000 1.000000 0.200000 4.099990 0.700000 0.000000 10668.000000 1.000000 468940.622865 -9.391461 -1.168441 -1.168441 -0.640873 -0.640873 -0.026143 -0.002371 -0.002371 0.000000 3.926950 -3.926950 2.212701 -2.212701 0.000000 0.652614 -0.652614
3166.666667 0.663333 -1.000000 1.000000 0.200000 8.805810 0.500000 0.000000 3048.000000 2.500000 468940.622865 -8.870703 -0.616187 -0.616187 -0.930409 -0.930409 -0.055855 -0.009152 -0.009152 0.000000 1.452230 -1.452230 2.296625 -2.296625 0.000000 0.126919 -0.126919
3166.666667 0.663333 -1.000000 1.000000 0.200000 17.801760 0.200000 0.000000 0.000000 1.000000 468940.622865 -6.079539 -0.707671 -0.707671 -0.655423 -0.655423 -0.082850 -0.027630 -0.027630 0.000000 1.180331 -1.180331 1.563648 -1.563648 0.000000 0.189162 -0.189162

sigma_fcs span_loc fcs_loc wing_frac nacelle_frac AoA Mach Beta h n W Re1 Re2 Re3 Re4 Re5 Re6 Re7 Re8 Im1 Im2 Im3 Im4 Im5 Im6 Im7 Im8
3166.666667 0.772222 -1.000000 1.000000 0.200000 24.788080 0.200000 0.000000 0.000000 1.000000 626510.438463 -2.658576 -0.978155 -0.978155 -0.565526 -0.565526 -0.079472 -0.039427 -0.039427 0.000000 1.518271 -1.518271 1.606255 -1.606255 0.000000 0.186790 -0.186790
3166.666667 0.772222 -1.000000 1.000000 0.200000 12.178800 0.500000 0.000000 3048.000000 2.500000 626510.438463 -5.055135 -0.839628 -0.839628 -0.660627 -0.660627 -0.056201 -0.012941 -0.012941 0.000000 2.305643 -2.305643 1.546067 -1.546067 0.000000 0.127640 -0.127640
3166.666667 0.772222 -1.000000 1.000000 0.200000 5.838320 0.700000 0.000000 10668.000000 1.000000 626510.438463 -5.408415 -1.073333 -1.073333 -0.604454 -0.604454 -0.026901 -0.003347 -0.003347 0.000000 3.882746 -3.882746 2.192904 -2.192904 0.000000 0.655186 -0.655186
3166.666667 0.772222 -1.000000 1.000000 0.200000 4.077990 0.700000 0.000000 10668.000000 1.000000 468940.622865 -5.544010 -1.144641 -1.144641 -0.556712 -0.556712 -0.026203 -0.002350 -0.002350 0.000000 3.846074 -3.846074 2.118418 -2.118418 0.000000 0.652287 -0.652287
3166.666667 0.772222 -1.000000 1.000000 0.200000 8.763380 0.500000 0.000000 3048.000000 2.500000 468940.622865 -5.373872 -0.552543 -0.552543 -0.916686 -0.916686 -0.055806 -0.009054 -0.009054 0.000000 1.431642 -1.431642 2.257607 -2.257607 0.000000 0.126806 -0.126806
3166.666667 0.772222 -1.000000 1.000000 0.200000 17.717680 0.200000 0.000000 0.000000 1.000000 468940.622865 -3.607315 -0.634853 -0.634853 -0.647243 -0.647243 -0.082328 -0.027350 -0.027350 0.000000 1.222560 -1.222560 1.539329 -1.539329 0.000000 0.189059 -0.189059

sigma_fcs span_loc fcs_loc wing_frac nacelle_frac AoA Mach Beta h n W Re1 Re2 Re3 Re4 Re5 Re6 Re7 Re8 Im1 Im2 Im3 Im4 Im5 Im6 Im7 Im8
3166.666667 0.881111 -1.000000 1.000000 0.200000 24.667220 0.200000 0.000000 0.000000 1.000000 626510.438463 -1.833341 -0.702089 -0.702089 -0.553929 -0.553929 -0.078780 -0.039139 -0.039139 0.000000 1.583105 -1.583105 1.576874 -1.576874 0.000000 0.186823 -0.186823
3166.666667 0.881111 -1.000000 1.000000 0.200000 12.121140 0.500000 0.000000 3048.000000 2.500000 626510.438463 -3.336052 -0.824428 -0.824428 -0.550475 -0.550475 -0.056034 -0.012832 -0.012832 0.000000 2.263259 -2.263259 1.524769 -1.524769 0.000000 0.127570 -0.127570
3166.666667 0.881111 -1.000000 1.000000 0.200000 5.808810 0.700000 0.000000 10668.000000 1.000000 626510.438463 -3.564772 -1.045191 -1.045191 -0.491935 -0.491935 -0.026930 -0.003322 -0.003322 0.000000 3.793853 -3.793853 2.076303 -2.076303 0.000000 0.654947 -0.654947
3166.666667 0.881111 -1.000000 1.000000 0.200000 4.055970 0.700000 0.000000 10668.000000 1.000000 468940.622865 -3.645288 -1.116780 -1.116780 -0.467863 -0.467863 -0.026244 -0.002328 -0.002328 0.000000 3.757312 -3.757312 2.002969 -2.002969 0.000000 0.651944 -0.651944
3166.666667 0.881111 -1.000000 1.000000 0.200000 8.720950 0.500000 0.000000 3048.000000 2.500000 468940.622865 -3.565135 -0.901408 -0.901408 -0.474215 -0.474215 -0.055676 -0.008953 -0.008953 0.000000 2.215333 -2.215333 1.397379 -1.397379 0.000000 0.126689 -0.126689
3166.666667 0.881111 -1.000000 1.000000 0.200000 17.633700 0.200000 0.000000 0.000000 1.000000 468940.622865 -2.379988 -0.638836 -0.638836 -0.517615 -0.517615 -0.081591 -0.027059 -0.027059 0.000000 1.513754 -1.513754 1.244139 -1.244139 0.000000 0.188952 -0.188952

sigma_fcs span_loc fcs_loc wing_frac nacelle_frac AoA Mach Beta h n W Re1 Re2 Re3 Re4 Re5 Re6 Re7 Re8 Im1 Im2 Im3 Im4 Im5 Im6 Im7 Im8
3166.666667 0.990000 -1.000000 1.000000 0.200000 24.546650 0.200000 0.000000 0.000000 1.000000 626510.438463 -0.460050 -0.460050 -0.553186 -0.553186 -1.462510 -0.077901 -0.038845 -0.038845 1.499072 -1.499072 1.557825 -1.557825 0.000000 0.000000 0.186854 -0.186854
3166.666667 0.990000 -1.000000 1.000000 0.200000 12.063500 0.500000 0.000000 3048.000000 2.500000 626510.438463 -2.413077 -0.807357 -0.807357 -0.433595 -0.433595 -0.055783 -0.012720 -0.012720 0.000000 2.218007 -2.218007 1.470148 -1.470148 0.000000 0.127496 -0.127496
3166.666667 0.990000 -1.000000 1.000000 0.200000 5.779310 0.700000 0.000000 10668.000000 1.000000 626510.438463 -1.013476 -1.013476 -2.555460 -0.392279 -0.392279 -0.026937 -0.003296 -0.003296 3.697285 -3.697285 0.000000 1.939250 -1.939250 0.000000 0.654696 -0.654696
3166.666667 0.990000 -1.000000 1.000000 0.200000 4.033960 0.700000 0.000000 10668.000000 1.000000 468940.622865 -1.085390 -1.085390 -2.594186 -0.386835 -0.386835 -0.026265 -0.002306 -0.002306 3.661018 -3.661018 0.000000 1.874354 -1.874354 0.000000 0.651583 -0.651583
3166.666667 0.990000 -1.000000 1.000000 0.200000 8.678530 0.500000 0.000000 3048.000000 2.500000 468940.622865 -2.559077 -0.884486 -0.884486 -0.391055 -0.391055 -0.055462 -0.008847 -0.008847 0.000000 2.170141 -2.170141 1.344819 -1.344819 0.000000 0.126567 -0.126567
3166.666667 0.990000 -1.000000 1.000000 0.200000 17.549810 0.200000 0.000000 0.000000 1.000000 468940.622865 -0.628544 -0.628544 -0.387385 -0.387385 -1.757840 -0.080644 -0.026754 -0.026754 1.487136 -1.487136 1.216758 -1.216758 0.000000 0.000000 0.188840 -0.188840

sigma_fcs span_loc fcs_loc wing_frac nacelle_frac AoA Mach Beta h n W Re1 Re2 Re3 Re4 Re5 Re6 Re7 Re8 Im1 Im2 Im3 Im4 Im5 Im6 Im7 Im8
3444.444444 0.010000 -1.000000 1.000000 0.200000 25.498140 0.200000 0.000000 0.000000 1.000000 626510.438463 -22.120218 -1.138253 -1.138253 -0.599851 -0.599851 -0.080018 -0.040987 -0.040987 0.000000 1.154813 -1.154813 1.713218 -1.713218 0.000000 0.186582 -0.186582
3444.444444 0.010000 -1.000000 1.000000 0.200000 12.515410 0.500000 0.000000 3048.000000 2.500000 626510.438463 -38.152038 -0.848985 -0.848985 -0.892810 -0.892810 -0.055678 -0.013532 -0.013532 0.000000 1.546529 -1.546529 2.475405 -2.475405 0.000000 0.127994 -0.127994
3444.444444 0.010000 -1.000000 1.000000 0.200000 6.010260 0.700000 0.000000 10668.000000 1.000000 626510.438463 -59.859724 -0.862788 -0.862788 -1.156149 -1.156149 -0.026372 -0.003492 -0.003492 0.000000 2.395208 -2.395208 4.210269 -4.210269 0.000000 0.656377 -0.656377
3444.444444 0.010000 -1.000000 1.000000 0.200000 4.206210 0.700000 0.000000 10668.000000 1.000000 468940.622865 -60.301455 -0.769417 -0.769417 -1.226951 -1.226951 -0.025632 -0.002469 -0.002469 0.000000 2.351547 -2.351547 4.173424 -4.173424 0.000000 0.654005 -0.654005
3444.444444 0.010000 -1.000000 1.000000 0.200000 9.010740 0.500000 0.000000 3048.000000 2.500000 468940.622865 -39.019382 -0.705362 -0.705362 -0.969736 -0.969736 -0.055114 -0.009575 -0.009575 0.000000 1.483329 -1.483329 2.426555 -2.426555 0.000000 0.127401 -0.127401
3444.444444 0.010000 -1.000000 1.000000 0.200000 18.209010 0.200000 0.000000 0.000000 1.000000 468940.622865 -24.276661 -0.782576 -0.782576 -0.680993 -0.680993 -0.082692 -0.028838 -0.028838 0.000000 1.129615 -1.129615 1.645494 -1.645494 0.000000 0.189611 -0.189611

sigma_fcs span_loc fcs_loc wing_frac nacelle_frac AoA Mach Beta h n W Re1 Re2 Re3 Re4 Re5 Re6 Re7 Re8 Im1 Im2 Im3 Im4 Im5 Im6 Im7 Im8
3444.444444 0.118889 -1.000000 1.000000 0.200000 25.482550 0.200000 0.000000 0.000000 1.000000 626510.438463 -15.977896 -1.143979 -1.143979 -0.599589 -0.599589 -0.079962 -0.040955 -0.040955 0.000000 1.172632 -1.172632 1.711884 -1.711884 0.000000 0.186587 -0.186587
3444.444444 0.118889 -1.000000 1.000000 0.200000 12.508060 0.500000 0.000000 3048.000000 2.500000 626510.438463 -26.494765 -0.840046 -0.840046 -0.892601 -0.892601 -0.055674 -0.013520 -0.013520 0.000000 1.550411 -1.550411 2.473368 -2.473368 0.000000 0.127988 -0.127988
3444.444444 0.118889 -1.000000 1.000000 0.200000 6.006510 0.700000 0.000000 10668.000000 1.000000 626510.438463 -35.104393 -0.847275 -0.847275 -1.156648 -1.156648 -0.026380 -0.003488 -0.003488 0.000000 2.388020 -2.388020 4.207386 -4.207386 0.000000 0.656354 -0.656354
3444.444444 0.118889 -1.000000 1.000000 0.200000 4.203410 0.700000 0.000000 10668.000000 1.000000 468940.622865 -35.444900 -0.756072 -0.756072 -1.227447 -1.227447 -0.025641 -0.002466 -0.002466 0.000000 2.340585 -2.340585 4.170553 -4.170553 0.000000 0.653972 -0.653972
3444.444444 0.118889 -1.000000 1.000000 0.200000 9.005340 0.500000 0.000000 3048.000000 2.500000 468940.622865 -27.194975 -0.697066 -0.697066 -0.969542 -0.969542 -0.055115 -0.009565 -0.009565 0.000000 1.483021 -1.483021 2.424534 -2.424534 0.000000 0.127389 -0.127389
3444.444444 0.118889 -1.000000 1.000000 0.200000 18.198260 0.200000 0.000000 0.000000 1.000000 468940.622865 -17.791878 -0.778020 -0.778020 -0.680751 -0.680751 -0.082639 -0.028810 -0.028810 0.000000 1.137842 -1.137842 1.644116 -1.644116 0.000000 0.189600 -0.189600

sigma_fcs span_loc fcs_loc wing_frac nacelle_frac AoA Mach Beta h n W Re1 Re2 Re3 Re4 Re5 Re6 Re7 Re8 Im1 Im2 Im3 Im4 Im5 Im6 Im7 Im8
3444.444444 0.227778 -1.000000 1.000000 0.200000 25.369330 0.200000 0.000000 0.000000 1.000000 626510.438463 -8.713238 -1.153246 -1.153246 -0.597311 -0.597311 -0.079917 -0.040719 -0.040719 0.000000 1.231555 -1.231555 1.701183 -1.701183 0.000000 0.186621 -0.186621
3444.444444 0.227778 -1.000000 1.000000 0.200000 12.454620 0.500000 0.000000 3048.000000 2.500000 626510.438463 -14.348679 -0.812420 -0.812420 -0.889735 -0.889735 -0.055781 -0.013431 -0.013431 0.000000 1.560363 -1.560363 2.457131 -2.457131 0.000000 0.127937 -0.127937
3444.444444 0.227778 -1.000000 1.000000 0.200000 5.979250 0.700000 0.000000 10668.000000 1.000000 626510.438463 -16.463142 -1.155918 -1.155918 -0.803671 -0.803671 -0.026470 -0.003466 -0.003466 0.000000 4.183076 -4.183076 2.368131 -2.368131 0.000000 0.656185 -0.656185
3444.444444 0.227778 -1.000000 1.000000 0.200000 4.183090 0.700000 0.000000 10668.000000 1.000000 468940.622865 -16.715361 -1.226707 -1.226707 -0.719880 -0.719880 -0.025738 -0.002448 -0.002448 0.000000 4.146159 -4.146159 2.311065 -2.311065 0.000000 0.653726 -0.653726
3444.444444 0.227778 -1.000000 1.000000 0.200000 8.966110 0.500000 0.000000 3048.000000 2.500000 468940.622865 -14.867557 -0.672897 -0.672897 -0.966691 -0.966691 -0.055252 -0.009490 -0.009490 0.000000 1.481240 -1.481240 2.408322 -2.408322 0.000000 0.127303 -0.127303
3444.444444 0.227778 -1.000000 1.000000 0.200000 18.120140 0.200000 0.000000 0.000000 1.000000 468940.622865 -10.146604 -0.761144 -0.761144 -0.678447 -0.678447 -0.082638 -0.028596 -0.028596 0.000000 1.161081 -1.161081 1.633323 -1.633323 0.000000 0.189518 -0.189518

sigma_fcs span_loc fcs_loc wing_frac nacelle_frac AoA Mach Beta h n W Re1 Re2 Re3 Re4 Re5 Re6 Re7 Re8 Im1 Im2 Im3 Im4 Im5 Im6 Im7 Im8
3444.444444 0.336667 -1.000000 1.000000 0.200000 25.256380 0.200000 0.000000 0.000000 1.000000 626510.438463 -4.519320 -1.147296 -1.147296 -0.593680 -0.593680 -0.079700 -0.040480 -0.040480 0.000000 1.364675 -1.364675 1.687862 -1.687862 0.000000 0.186654 -0.186654
3444.444444 0.336667 -1.000000 1.000000 0.200000 12.401230 0.500000 0.000000 3048.000000 2.500000 626510.438463 -8.050656 -0.884889 -0.884889 -0.760871 -0.760871 -0.055817 -0.013341 -0.013341 0.000000 2.436548 -2.436548 1.572774 -1.572774 0.000000 0.127884 -0.127884
3444.444444 0.336667 -1.000000 1.000000 0.200000 5.951990 0.700000 0.000000 10668.000000 1.000000 626510.438463 -8.743936 -1.151127 -1.151127 -0.727369 -0.727369 -0.026543 -0.003443 -0.003443 0.000000 4.148095 -4.148095 2.324672 -2.324672 0.000000 0.656008 -0.656008
3444.444444 0.336667 -1.000000 1.000000 0.200000 4.162770 0.700000 0.000000 10668.000000 1.000000 468940.622865 -8.935750 -1.221880 -1.221880 -0.658581 -0.658581 -0.025818 -0.002430 -0.002430 0.000000 4.111109 -4.111109 2.255628 -2.255628 0.000000 0.653470 -0.653470
3444.444444 0.336667 -1.000000 1.000000 0.200000 8.926890 0.500000 0.000000 3048.000000 2.500000 468940.622865 -8.460142 -0.630724 -0.630724 -0.961822 -0.961822 -0.055319 -0.009412 -0.009412 0.000000 1.475024 -1.475024 2.387853 -2.387853 0.000000 0.127214 -0.127214
3444.444444 0.336667 -1.000000 1.000000 0.200000 18.042130 0.200000 0.000000 0.000000 1.000000 468940.622865 -5.764044 -0.724907 -0.724907 -0.675010 -0.675010 -0.082444 -0.028374 -0.028374 0.000000 1.200027 -1.200027 1.619956 -1.619956 0.000000 0.189434 -0.189434

sigma_fcs span_loc fcs_loc wing_frac nacelle_frac AoA Mach Beta h n W Re1 Re2 Re3 Re4 Re5 Re6 Re7 Re8 Im1 Im2 Im3 Im4 Im5 Im6 Im7 Im8
3444.444444 0.445556 -1.000000 1.000000 0.200000 25.143700 0.200000 0.000000 0.000000 1.000000 626510.438463 -17.875615 -1.119053 -1.119053 -0.589321 -0.589321 -0.080439 -0.040236 -0.040236 0.000000 1.168207 -1.168207 1.672827 -1.672827 0.000000 0.186687 -0.186687
3444.444444 0.445556 -1.000000 1.000000 0.200000 12.347860 0.500000 0.000000 3048.000000 2.500000 626510.438463 -29.796696 -0.831737 -0.831737 -0.876709 -0.876709 -0.056232 -0.013249 -0.013249 0.000000 1.542132 -1.542132 2.412598 -2.412598 0.000000 0.127829 -0.127829
3444.444444 0.445556 -1.000000 1.000000 0.200000 5.924740 0.700000 0.000000 10668.000000 1.000000 626510.438463 -41.226494 -0.844581 -0.844581 -1.136429 -1.136429 -0.026706 -0.003420 -0.003420 0.000000 2.380126 -2.380126 4.102004 -4.102004 0.000000 0.655824 -0.655824
3444.444444 0.445556 -1.000000 1.000000 0.200000 4.142440 0.700000 0.000000 10668.000000 1.000000 468940.622865 -41.585475 -0.754096 -0.754096 -1.207417 -1.207417 -0.025981 -0.002411 -0.002411 0.000000 2.333536 -2.333536 4.064948 -4.064948 0.000000 0.653205 -0.653205
3444.444444 0.445556 -1.000000 1.000000 0.200000 8.887680 0.500000 0.000000 3048.000000 2.500000 468940.622865 -30.527714 -0.691307 -0.691307 -0.953713 -0.953713 -0.055744 -0.009332 -0.009332 0.000000 1.475636 -1.475636 2.363804 -2.363804 0.000000 0.127122 -0.127122
3444.444444 0.445556 -1.000000 1.000000 0.200000 17.964200 0.200000 0.000000 0.000000 1.000000 468940.622865 -19.737740 -0.766817 -0.766817 -0.670050 -0.670050 -0.083296 -0.028145 -0.028145 0.000000 1.131623 -1.131623 1.605203 -1.605203 0.000000 0.189348 -0.189348

sigma_fcs span_loc fcs_loc wing_frac nacelle_frac AoA Mach Beta h n W Re1 Re2 Re3 Re4 Re5 Re6 Re7 Re8 Im1 Im2 Im3 Im4 Im5 Im6 Im7 Im8
3444.444444 0.554444 -1.000000 1.000000 0.200000 25.031280 0.200000 0.000000 0.000000 1.000000 626510.438463 -10.096606 -1.119682 -1.119682 -0.583386 -0.583386 -0.080332 -0.039987 -0.039987 0.000000 1.210563 -1.210563 1.654888 -1.654888 0.000000 0.186720 -0.186720
3444.444444 0.554444 -1.000000 1.000000 0.200000 12.294520 0.500000 0.000000 3048.000000 2.500000 626510.438463 -16.418398 -0.802728 -0.802728 -0.867207 -0.867207 -0.056307 -0.013155 -0.013155 0.000000 1.543198 -1.543198 2.383757 -2.383757 0.000000 0.127772 -0.127772
3444.444444 0.554444 -1.000000 1.000000 0.200000 5.897490 0.700000 0.000000 10668.000000 1.000000 626510.438463 -19.225973 -1.121117 -1.121117 -0.798361 -0.798361 -0.026788 -0.003398 -0.003398 0.000000 4.044630 -4.044630 2.345535 -2.345535 0.000000 0.655632 -0.655632
3444.444444 0.554444 -1.000000 1.000000 0.200000 4.122120 0.700000 0.000000 10668.000000 1.000000 468940.622865 -19.487860 -1.192205 -1.192205 -0.714146 -0.714146 -0.026070 -0.002392 -0.002392 0.000000 4.007676 -4.007676 2.291098 -2.291098 0.000000 0.652928 -0.652928
3444.444444 0.554444 -1.000000 1.000000 0.200000 8.848470 0.500000 0.000000 3048.000000 2.500000 468940.622865 -16.955546 -0.665541 -0.665541 -0.944278 -0.944278 -0.055846 -0.009248 -0.009248 0.000000 1.467352 -1.467352 2.335122 -2.335122 0.000000 0.127026 -0.127026
3444.444444 0.554444 -1.000000 1.000000 0.200000 17.886370 0.200000 0.000000 0.000000 1.000000 468940.622865 -11.545332 -0.748495 -0.748495 -0.664043 -0.664043 -0.083214 -0.027906 -0.027906 0.000000 1.146823 -1.146823 1.587384 -1.587384 0.000000 0.189259 -0.189259

sigma_fcs span_loc fcs_loc wing_frac nacelle_frac AoA Mach Beta h n W Re1 Re2 Re3 Re4 Re5 Re6 Re7 Re8 Im1 Im2 Im3 Im4 Im5 Im6 Im7 Im8
3444.444444 0.663333 -1.000000 1.000000 0.200000 24.919120 0.200000 0.000000 0.000000 1.000000 626510.438463 -5.288098 -1.113606 -1.113606 -0.576259 -0.576259 -0.080048 -0.039733 -0.039733 0.000000 1.310395 -1.310395 1.634576 -1.634576 0.000000 0.186752 -0.186752
3444.444444 0.663333 -1.000000 1.000000 0.200000 12.241210 0.500000 0.000000 3048.000000 2.500000 626510.438463 -9.074370 -0.752869 -0.752869 -0.855922 -0.855922 -0.056307 -0.013058 -0.013058 0.000000 1.547032 -1.547032 2.350943 -2.350943 0.000000 0.127713 -0.127713
3444.444444 0.663333 -1.000000 1.000000 0.200000 5.870230 0.700000 0.000000 10668.000000 1.000000 626510.438463 -9.904414 -1.102244 -1.102244 -0.723067 -0.723067 -0.026852 -0.003375 -0.003375 0.000000 3.977608 -3.977608 2.290865 -2.290865 0.000000 0.655432 -0.655432
3444.444444 0.663333 -1.000000 1.000000 0.200000 4.101790 0.700000 0.000000 10668.000000 1.000000 468940.622865 -10.105139 -1.173408 -1.173408 -0.651537 -0.651537 -0.026143 -0.002373 -0.002373 0.000000 3.940789 -3.940789 2.225521 -2.225521 0.000000 0.652640 -0.652640
3444.444444 0.663333 -1.000000 1.000000 0.200000 8.809270 0.500000 0.000000 3048.000000 2.500000 468940.622865 -9.493030 -0.623486 -0.623486 -0.933039 -0.933039 -0.055876 -0.009162 -0.009162 0.000000 1.455267 -1.455267 2.302549 -2.302549 0.000000 0.126927 -0.126927
3444.444444 0.663333 -1.000000 1.000000 0.200000 17.808620 0.200000 0.000000 0.000000 1.000000 468940.622865 -6.516188 -0.714223 -0.714223 -0.656998 -0.656998 -0.082933 -0.027658 -0.027658 0.000000 1.176291 -1.176291 1.567210 -1.567210 0.000000 0.189168 -0.189168

sigma_fcs span_loc fcs_loc wing_frac nacelle_frac AoA Mach Beta h n W Re1 Re2 Re3 Re4 Re5 Re6 Re7 Re8 Im1 Im2 Im3 Im4 Im5 Im6 Im7 Im8
3444.444444 0.772222 -1.000000 1.000000 0.200000 24.807200 0.200000 0.000000 0.000000 1.000000 626510.438463 -2.891727 -1.014819 -1.014819 -0.567892 -0.567892 -0.079587 -0.039474 -0.039474 0.000000 1.490890 -1.490890 1.611827 -1.611827 0.000000 0.186783 -0.186783
3444.444444 0.772222 -1.000000 1.000000 0.200000 12.187920 0.500000 0.000000 3048.000000 2.500000 626510.438463 -5.458460 -0.843141 -0.843141 -0.676952 -0.676952 -0.056232 -0.012960 -0.012960 0.000000 2.314540 -2.314540 1.548326 -1.548326 0.000000 0.127651 -0.127651
3444.444444 0.772222 -1.000000 1.000000 0.200000 5.842980 0.700000 0.000000 10668.000000 1.000000 626510.438463 -5.844408 -1.079869 -1.079869 -0.623726 -0.623726 -0.026898 -0.003351 -0.003351 0.000000 3.902303 -3.902303 2.211864 -2.211864 0.000000 0.655223 -0.655223
3444.444444 0.772222 -1.000000 1.000000 0.200000 4.081460 0.700000 0.000000 10668.000000 1.000000 468940.622865 -5.989323 -1.151141 -1.151141 -0.572191 -0.572191 -0.026199 -0.002353 -0.002353 0.000000 3.865576 -3.865576 2.138017 -2.138017 0.000000 0.652339 -0.652339
3444.444444 0.772222 -1.000000 1.000000 0.200000 8.770080 0.500000 0.000000 3048.000000 2.500000 468940.622865 -5.791299 -0.564749 -0.564749 -0.920218 -0.920218 -0.055832 -0.009072 -0.009072 0.000000 1.436909 -1.436909 2.266415 -2.266415 0.000000 0.126824 -0.126824
3444.444444 0.772222 -1.000000 1.000000 0.200000 17.730960 0.200000 0.000000 0.000000 1.000000 468940.622865 -3.900971 -0.650301 -0.650301 -0.649272 -0.649272 -0.082453 -0.027400 -0.027400 0.000000 1.216735 -1.216735 1.544744 -1.544744 0.000000 0.189073 -0.189073

sigma_fcs span_loc fcs_loc wing_frac nacelle_frac AoA Mach Beta h n W Re1 Re2 Re3 Re4 Re5 Re6 Re7 Re8 Im1 Im2 Im3 Im4 Im5 Im6 Im7 Im8
3444.444444 0.881111 -1.000000 1.000000 0.200000 24.695540 0.200000 0.000000 0.000000 1.000000 626510.438463 -1.944994 -0.757592 -0.757592 -0.557708 -0.557708 -0.078951 -0.039209 -0.039209 0.000000 1.585523 -1.585523 1.585666 -1.585666 0.000000 0.186814 -0.186814
3444.444444 0.881111 -1.000000 1.000000 0.200000 12.134660 0.500000 0.000000 3048.000000 2.500000 626510.438463 -3.600660 -0.828934 -0.828934 -0.574822 -0.574822 -0.056079 -0.012859 -0.012859 0.000000 2.275151 -2.275151 1.533006 -1.533006 0.000000 0.127587 -0.127587
3444.444444 0.881111 -1.000000 1.000000 0.200000 5.815730 0.700000 0.000000 10668.000000 1.000000 626510.438463 -3.849466 -1.053618 -1.053618 -0.515029 -0.515029 -0.026925 -0.003328 -0.003328 0.000000 3.819530 -3.819530 2.104664 -2.104664 0.000000 0.655004 -0.655004
3444.444444 0.881111 -1.000000 1.000000 0.200000 4.061140 0.700000 0.000000 10668.000000 1.000000 468940.622865 -3.940124 -1.125133 -1.125133 -0.486502 -0.486502 -0.026236 -0.002333 -0.002333 0.000000 3.782920 -3.782920 2.030288 -2.030288 0.000000 0.652025 -0.652025
3444.444444 0.881111 -1.000000 1.000000 0.200000 8.730900 0.500000 0.000000 3048.000000 2.500000 468940.622865 -3.847960 -0.905930 -0.905930 -0.491534 -0.491534 -0.055713 -0.008978 -0.008978 0.000000 2.227174 -2.227174 1.406952 -1.406952 0.000000 0.126717 -0.126717
3444.444444 0.881111 -1.000000 1.000000 0.200000 17.653380 0.200000 0.000000 0.000000 1.000000 468940.622865 -2.564216 -0.641346 -0.641346 -0.544452 -0.544452 -0.081776 -0.027132 -0.027132 0.000000 1.520813 -1.520813 1.244315 -1.244315 0.000000 0.188976 -0.188976

sigma_fcs span_loc fcs_loc wing_frac nacelle_frac AoA Mach Beta h n W Re1 Re2 Re3 Re4 Re5 Re6 Re7 Re8 Im1 Im2 Im3 Im4 Im5 Im6 Im7 Im8
3444.444444 0.990000 -1.000000 1.000000 0.200000 24.584110 0.200000 0.000000 0.000000 1.000000 626510.438463 -0.504361 -0.504361 -0.561566 -0.561566 -1.534341 -0.078142 -0.038938 -0.038938 1.523934 -1.523934 1.567820 -1.567820 0.000000 0.000000 0.186844 -0.186844
3444.444444 0.990000 -1.000000 1.000000 0.200000 12.081420 0.500000 0.000000 3048.000000 2.500000 626510.438463 -2.591979 -0.813034 -0.813034 -0.461796 -0.461796 -0.055849 -0.012755 -0.012755 0.000000 2.233088 -2.233088 1.487677 -1.487677 0.000000 0.127519 -0.127519
3444.444444 0.990000 -1.000000 1.000000 0.200000 5.788480 0.700000 0.000000 10668.000000 1.000000 626510.438463 -1.023887 -1.023887 -2.754502 -0.415379 -0.415379 -0.026932 -0.003304 -0.003304 3.729540 -3.729540 0.000000 1.975897 -1.975897 0.000000 0.654776 -0.654776
3444.444444 0.990000 -1.000000 1.000000 0.200000 4.040810 0.700000 0.000000 10668.000000 1.000000 468940.622865 -1.095708 -1.095708 -2.801720 -0.406148 -0.406148 -0.026256 -0.002313 -0.002313 3.693173 -3.693173 0.000000 1.908542 -1.908542 0.000000 0.651697 -0.651697
3444.444444 0.990000 -1.000000 1.000000 0.200000 8.691720 0.500000 0.000000 3048.000000 2.500000 468940.622865 -2.756417 -0.890122 -0.890122 -0.411630 -0.411630 -0.055518 -0.008881 -0.008881 0.000000 2.185173 -2.185173 1.360464 -1.360464 0.000000 0.126606 -0.126606
3444.444444 0.990000 -1.000000 1.000000 0.200000 17.575890 0.200000 0.000000 0.000000 1.000000 468940.622865 -1.875811 -0.631979 -0.631979 -0.418373 -0.418373 -0.080905 -0.026852 -0.026852 0.000000 1.496100 -1.496100 1.228539 -1.228539 0.000000 0.188875 -0.188875

sigma_fcs span_loc fcs_loc wing_frac nacelle_frac AoA Mach Beta h n W Re1 Re2 Re3 Re4 Re5 Re6 Re7 Re8 Im1 Im2 Im3 Im4 Im5 Im6 Im7 Im8
3722.222222 0.010000 -1.000000 1.000000 0.200000 25.465360 0.200000 0.000000 0.000000 1.000000 626510.438463 -22.276766 -1.136866 -1.136866 -0.599524 -0.599524 -0.080078 -0.040920 -0.040920 0.000000 1.155503 -1.155503 1.710734 -1.710734 0.000000 0.186592 -0.186592
3722.222222 0.010000 -1.000000 1.000000 0.200000 12.499950 0.500000 0.000000 3048.000000 2.500000 626510.438463 -38.450636 -0.849044 -0.849044 -0.892468 -0.892468 -0.055739 -0.013507 -0.013507 0.000000 1.547033 -1.547033 2.471777 -2.471777 0.000000 0.127980 -0.127980
3722.222222 0.010000 -1.000000 1.000000 0.200000 6.002370 0.700000 0.000000 10668.000000 1.000000 626510.438463 -60.608591 -0.864030 -0.864030 -1.156778 -1.156778 -0.026405 -0.003485 -0.003485 0.000000 2.397504 -2.397504 4.205969 -4.205969 0.000000 0.656329 -0.656329
3722.222222 0.010000 -1.000000 1.000000 0.200000 4.200330 0.700000 0.000000 10668.000000 1.000000 468940.622865 -61.052499 -0.770720 -0.770720 -1.227581 -1.227581 -0.025667 -0.002464 -0.002464 0.000000 2.353789 -2.353789 4.169068 -4.169068 0.000000 0.653935 -0.653935
3722.222222 0.010000 -1.000000 1.000000 0.200000 8.999400 0.500000 0.000000 3048.000000 2.500000 468940.622865 -39.320462 -0.705603 -0.705603 -0.969392 -0.969392 -0.055182 -0.009554 -0.009554 0.000000 1.483770 -1.483770 2.422904 -2.422904 0.000000 0.127376 -0.127376
3722.222222 0.010000 -1.000000 1.000000 0.200000 18.186410 0.200000 0.000000 0.000000 1.000000 468940.622865 -24.436366 -0.782104 -0.782104 -0.680629 -0.680629 -0.082773 -0.028778 -0.028778 0.000000 1.129836 -1.129836 1.642985 -1.642985 0.000000 0.189587 -0.189587

sigma_fcs span_loc fcs_loc wing_frac nacelle_frac AoA Mach Beta h n W Re1 Re2 Re3 Re4 Re5 Re6 Re7 Re8 Im1 Im2 Im3 Im4 Im5 Im6 Im7 Im8
3722.222222 0.118889 -1.000000 1.000000 0.200000 25.450870 0.200000 0.000000 0.000000 1.000000 626510.438463 -16.417116 -1.142071 -1.142071 -0.599285 -0.599285 -0.080026 -0.040890 -0.040890 0.000000 1.171898 -1.171898 1.709493 -1.709493 0.000000 0.186596 -0.186596
3722.222222 0.118889 -1.000000 1.000000 0.200000 12.493120 0.500000 0.000000 3048.000000 2.500000 626510.438463 -27.269959 -0.840762 -0.840762 -0.892273 -0.892273 -0.055735 -0.013495 -0.013495 0.000000 1.550605 -1.550605 2.469883 -2.469883 0.000000 0.127973 -0.127973
3722.222222 0.118889 -1.000000 1.000000 0.200000 5.998890 0.700000 0.000000 10668.000000 1.000000 626510.438463 -36.498546 -0.849624 -0.849624 -1.157221 -1.157221 -0.026413 -0.003482 -0.003482 0.000000 2.390804 -2.390804 4.203291 -4.203291 0.000000 0.656308 -0.656308
3722.222222 0.118889 -1.000000 1.000000 0.200000 4.197730 0.700000 0.000000 10668.000000 1.000000 468940.622865 -36.844343 -0.758317 -0.758317 -1.228022 -1.228022 -0.025675 -0.002461 -0.002461 0.000000 2.343591 -2.343591 4.166400 -4.166400 0.000000 0.653904 -0.653904
3722.222222 0.118889 -1.000000 1.000000 0.200000 8.994380 0.500000 0.000000 3048.000000 2.500000 468940.622865 -27.979939 -0.697913 -0.697913 -0.969210 -0.969210 -0.055183 -0.009544 -0.009544 0.000000 1.483472 -1.483472 2.421024 -2.421024 0.000000 0.127365 -0.127365
3722.222222 0.118889 -1.000000 1.000000 0.200000 18.176410 0.200000 0.000000 0.000000 1.000000 468940.622865 -18.250230 -0.777879 -0.777879 -0.680406 -0.680406 -0.082724 -0.028751 -0.028751 0.000000 1.137419 -1.137419 1.641704 -1.641704 0.000000 0.189576 -0.189576

sigma_fcs span_loc fcs_loc wing_frac nacelle_frac AoA Mach Beta h n W Re1 Re2 Re3 Re4 Re5 Re6 Re7 Re8 Im1 Im2 Im3 Im4 Im5 Im6 Im7 Im8
3722.222222 0.227778 -1.000000 1.000000 0.200000 25.345760 0.200000 0.000000 0.000000 1.000000 626510.438463 -9.210023 -1.150655 -1.150655 -0.597198 -0.597198 -0.079986 -0.040671 -0.040671 0.000000 1.225312 -1.225312 1.699551 -1.699551 0.000000 0.186627 -0.186627
3722.222222 0.227778 -1.000000 1.000000 0.200000 12.443490 0.500000 0.000000 3048.000000 2.500000 626510.438463 -15.117137 -0.815331 -0.815331 -0.889631 -0.889631 -0.055836 -0.013413 -0.013413 0.000000 1.559797 -1.559797 2.454792 -2.454792 0.000000 0.127926 -0.127926
3722.222222 0.227778 -1.000000 1.000000 0.200000 5.973570 0.700000 0.000000 10668.000000 1.000000 626510.438463 -17.480464 -1.156541 -1.156541 -0.809272 -0.809272 -0.026497 -0.003461 -0.003461 0.000000 4.180713 -4.180713 2.372414 -2.372414 0.000000 0.656148 -0.656148
3722.222222 0.227778 -1.000000 1.000000 0.200000 4.178850 0.700000 0.000000 10668.000000 1.000000 468940.622865 -17.738004 -1.227336 -1.227336 -0.724727 -0.724727 -0.025765 -0.002444 -0.002444 0.000000 4.143740 -4.143740 2.316210 -2.316210 0.000000 0.653673 -0.653673
3722.222222 0.227778 -1.000000 1.000000 0.200000 8.957940 0.500000 0.000000 3048.000000 2.500000 468940.622865 -15.646917 -0.675582 -0.675582 -0.966584 -0.966584 -0.055311 -0.009475 -0.009475 0.000000 1.481834 -1.481834 2.405949 -2.405949 0.000000 0.127285 -0.127285
3722.222222 0.227778 -1.000000 1.000000 0.200000 18.103870 0.200000 0.000000 0.000000 1.000000 468940.622865 -10.662957 -0.762448 -0.762448 -0.678285 -0.678285 -0.082725 -0.028553 -0.028553 0.000000 1.158770 -1.158770 1.631678 -1.631678 0.000000 0.189499 -0.189499

sigma_fcs span_loc fcs_loc wing_frac nacelle_frac AoA Mach Beta h n W Re1 Re2 Re3 Re4 Re5 Re6 Re7 Re8 Im1 Im2 Im3 Im4 Im5 Im6 Im7 Im8
3722.222222 0.336667 -1.000000 1.000000 0.200000 25.240880 0.200000 0.000000 0.000000 1.000000 626510.438463 -4.895846 -1.149486 -1.149486 -0.593861 -0.593861 -0.079786 -0.040449 -0.040449 0.000000 1.343063 -1.343063 1.687202 -1.687202 0.000000 0.186657 -0.186657
3722.222222 0.336667 -1.000000 1.000000 0.200000 12.393890 0.500000 0.000000 3048.000000 2.500000 626510.438463 -8.595311 -0.885108 -0.885108 -0.768250 -0.768250 -0.055870 -0.013329 -0.013329 0.000000 2.435667 -2.435667 1.571499 -1.571499 0.000000 0.127876 -0.127876
3722.222222 0.336667 -1.000000 1.000000 0.200000 5.948250 0.700000 0.000000 10668.000000 1.000000 626510.438463 -9.367396 -1.152011 -1.152011 -0.738528 -0.738528 -0.026565 -0.003440 -0.003440 0.000000 4.148119 -4.148119 2.332541 -2.332541 0.000000 0.655983 -0.655983
3722.222222 0.336667 -1.000000 1.000000 0.200000 4.159970 0.700000 0.000000 10668.000000 1.000000 468940.622865 -9.565854 -1.222779 -1.222779 -0.667599 -0.667599 -0.025840 -0.002427 -0.002427 0.000000 4.111089 -4.111089 2.264797 -2.264797 0.000000 0.653434 -0.653434
3722.222222 0.336667 -1.000000 1.000000 0.200000 8.921500 0.500000 0.000000 3048.000000 2.500000 468940.622865 -9.015203 -0.636690 -0.636690 -0.962049 -0.962049 -0.055375 -0.009402 -0.009402 0.000000 1.476229 -1.476229 2.386922 -2.386922 0.000000 0.127201 -0.127201
3722.222222 0.336667 -1.000000 1.000000 0.200000 18.031410 0.200000 0.000000 0.000000 1.000000 468940.622865 -6.156209 -0.730081 -0.730081 -0.675082 -0.675082 -0.082547 -0.028347 -0.028347 0.000000 1.194570 -1.194570 1.619284 -1.619284 0.000000 0.189420 -0.189420

sigma_fcs span_loc fcs_loc wing_frac nacelle_frac AoA Mach Beta h n W Re1 Re2 Re3 Re4 Re5 Re6 Re7 Re8 Im1 Im2 Im3 Im4 Im5 Im6 Im7 Im8
3722.222222 0.445556 -1.000000 1.000000 0.200000 25.136230 0.200000 0.000000 0.000000 1.000000 626510.438463 -18.247289 -1.119092 -1.119092 -0.589795 -0.589795 -0.080472 -0.040222 -0.040222 0.000000 1.167908 -1.167908 1.673188 -1.673188 0.000000 0.186688 -0.186688
3722.222222 0.445556 -1.000000 1.000000 0.200000 12.344320 0.500000 0.000000 3048.000000 2.500000 626510.438463 -30.482258 -0.833101 -0.833101 -0.877598 -0.877598 -0.056256 -0.013244 -0.013244 0.000000 1.543012 -1.543012 2.413388 -2.413388 0.000000 0.127825 -0.127825
3722.222222 0.445556 -1.000000 1.000000 0.200000 5.922930 0.700000 0.000000 10668.000000 1.000000 626510.438463 -42.577943 -0.847239 -0.847239 -1.138626 -1.138626 -0.026717 -0.003419 -0.003419 0.000000 2.383700 -2.383700 4.105402 -4.105402 0.000000 0.655811 -0.655811
3722.222222 0.445556 -1.000000 1.000000 0.200000 4.141090 0.700000 0.000000 10668.000000 1.000000 468940.622865 -42.942251 -0.756602 -0.756602 -1.209602 -1.209602 -0.025992 -0.002410 -0.002410 0.000000 2.337258 -2.337258 4.068299 -4.068299 0.000000 0.653187 -0.653187
3722.222222 0.445556 -1.000000 1.000000 0.200000 8.885080 0.500000 0.000000 3048.000000 2.500000 468940.622865 -31.222599 -0.692616 -0.692616 -0.954595 -0.954595 -0.055770 -0.009328 -0.009328 0.000000 1.476689 -1.476689 2.364561 -2.364561 0.000000 0.127115 -0.127115
3722.222222 0.445556 -1.000000 1.000000 0.200000 17.959040 0.200000 0.000000 0.000000 1.000000 468940.622865 -20.128524 -0.767523 -0.767523 -0.670517 -0.670517 -0.083337 -0.028134 -0.028134 0.000000 1.131716 -1.131716 1.605525 -1.605525 0.000000 0.189340 -0.189340

sigma_fcs span_loc fcs_loc wing_frac nacelle_frac AoA Mach Beta h n W Re1 Re2 Re3 Re4 Re5 Re6 Re7 Re8 Im1 Im2 Im3 Im4 Im5 Im6 Im7 Im8
3722.222222 0.554444 -1.000000 1.000000 0.200000 25.031810 0.200000 0.000000 0.000000 1.000000 626510.438463 -10.600195 -1.119736 -1.119736 -0.584283 -0.584283 -0.080373 -0.039991 -0.039991 0.000000 1.206554 -1.206554 1.656524 -1.656524 0.000000 0.186718 -0.186718
3722.222222 0.554444 -1.000000 1.000000 0.200000 12.294770 0.500000 0.000000 3048.000000 2.500000 626510.438463 -17.223965 -0.806251 -0.806251 -0.868750 -0.868750 -0.056325 -0.013156 -0.013156 0.000000 1.543971 -1.543971 2.386589 -2.386589 0.000000 0.127772 -0.127772
3722.222222 0.554444 -1.000000 1.000000 0.200000 5.897610 0.700000 0.000000 10668.000000 1.000000 626510.438463 -20.347433 -1.124306 -1.124306 -0.804253 -0.804253 -0.026793 -0.003398 -0.003398 0.000000 4.052034 -4.052034 2.351503 -2.351503 0.000000 0.655633 -0.655633
3722.222222 0.554444 -1.000000 1.000000 0.200000 4.122210 0.700000 0.000000 10668.000000 1.000000 468940.622865 -20.614896 -1.195377 -1.195377 -0.719372 -0.719372 -0.026075 -0.002393 -0.002393 0.000000 4.015024 -4.015024 2.297733 -2.297733 0.000000 0.652929 -0.652929
3722.222222 0.554444 -1.000000 1.000000 0.200000 8.848660 0.500000 0.000000 3048.000000 2.500000 468940.622865 -17.772926 -0.668710 -0.668710 -0.945810 -0.945810 -0.055865 -0.009250 -0.009250 0.000000 1.468992 -1.468992 2.337907 -2.337907 0.000000 0.127026 -0.127026
3722.222222 0.554444 -1.000000 1.000000 0.200000 17.886730 0.200000 0.000000 0.000000 1.000000 468940.622865 -12.073253 -0.750646 -0.750646 -0.664933 -0.664933 -0.083262 -0.027913 -0.027913 0.000000 1.145712 -1.145712 1.588977 -1.588977 0.000000 0.189257 -0.189257

sigma_fcs span_loc fcs_loc wing_frac nacelle_frac AoA Mach Beta h n W Re1 Re2 Re3 Re4 Re5 Re6 Re7 Re8 Im1 Im2 Im3 Im4 Im5 Im6 Im7 Im8
3722.222222 0.663333 -1.000000 1.000000 0.200000 24.927600 0.200000 0.000000 0.000000 1.000000 626510.438463 -5.689506 -1.116440 -1.116440 -0.577660 -0.577660 -0.080111 -0.039756 -0.039756 0.000000 1.295733 -1.295733 1.637661 -1.637661 0.000000 0.186747 -0.186747
3722.222222 0.663333 -1.000000 1.000000 0.200000 12.245240 0.500000 0.000000 3048.000000 2.500000 626510.438463 -9.664543 -0.760363 -0.760363 -0.858197 -0.858197 -0.056327 -0.013067 -0.013067 0.000000 1.547627 -1.547627 2.356085 -2.356085 0.000000 0.127717 -0.127717
3722.222222 0.663333 -1.000000 1.000000 0.200000 5.872300 0.700000 0.000000 10668.000000 1.000000 626510.438463 -10.596433 -1.106564 -1.106564 -0.734095 -0.734095 -0.026853 -0.003376 -0.003376 0.000000 3.989564 -3.989564 2.300756 -2.300756 0.000000 0.655447 -0.655447
3722.222222 0.663333 -1.000000 1.000000 0.200000 4.103330 0.700000 0.000000 10668.000000 1.000000 468940.622865 -10.803371 -1.177713 -1.177713 -0.660780 -0.660780 -0.026142 -0.002375 -0.002375 0.000000 3.952685 -3.952685 2.236552 -2.236552 0.000000 0.652662 -0.652662
3722.222222 0.663333 -1.000000 1.000000 0.200000 8.812240 0.500000 0.000000 3048.000000 2.500000 468940.622865 -10.093985 -0.629723 -0.629723 -0.935305 -0.935305 -0.055893 -0.009170 -0.009170 0.000000 1.457842 -1.457842 2.307622 -2.307622 0.000000 0.126934 -0.126934
3722.222222 0.663333 -1.000000 1.000000 0.200000 17.814510 0.200000 0.000000 0.000000 1.000000 468940.622865 -6.935648 -0.719630 -0.719630 -0.658355 -0.658355 -0.083003 -0.027682 -0.027682 0.000000 1.172850 -1.172850 1.570250 -1.570250 0.000000 0.189173 -0.189173

sigma_fcs span_loc fcs_loc wing_frac nacelle_frac AoA Mach Beta h n W Re1 Re2 Re3 Re4 Re5 Re6 Re7 Re8 Im1 Im2 Im3 Im4 Im5 Im6 Im7 Im8
3722.222222 0.772222 -1.000000 1.000000 0.200000 24.823620 0.200000 0.000000 0.000000 1.000000 626510.438463 -3.133983 -1.042510 -1.042510 -0.569902 -0.569902 -0.079685 -0.039515 -0.039515 0.000000 1.463893 -1.463893 1.616570 -1.616570 0.000000 0.186777 -0.186777
3722.222222 0.772222 -1.000000 1.000000 0.200000 12.195740 0.500000 0.000000 3048.000000 2.500000 626510.438463 -5.855837 -0.846188 -0.846188 -0.690784 -0.690784 -0.056258 -0.012976 -0.012976 0.000000 2.322185 -2.322185 1.549898 -1.549898 0.000000 0.127660 -0.127660
3722.222222 0.772222 -1.000000 1.000000 0.200000 5.846980 0.700000 0.000000 10668.000000 1.000000 626510.438463 -6.276546 -1.085535 -1.085535 -0.640642 -0.640642 -0.026896 -0.003355 -0.003355 0.000000 3.919177 -3.919177 2.227985 -2.227985 0.000000 0.655254 -0.655254
3722.222222 0.772222 -1.000000 1.000000 0.200000 4.084450 0.700000 0.000000 10668.000000 1.000000 468940.622865 -6.429763 -1.156779 -1.156779 -0.585805 -0.585805 -0.026194 -0.002356 -0.002356 0.000000 3.882399 -3.882399 2.154904 -2.154904 0.000000 0.652384 -0.652384
3722.222222 0.772222 -1.000000 1.000000 0.200000 8.775840 0.500000 0.000000 3048.000000 2.500000 468940.622865 -6.201131 -0.575223 -0.575223 -0.923276 -0.923276 -0.055854 -0.009087 -0.009087 0.000000 1.441271 -1.441271 2.273981 -2.273981 0.000000 0.126839 -0.126839
3722.222222 0.772222 -1.000000 1.000000 0.200000 17.742360 0.200000 0.000000 0.000000 1.000000 468940.622865 -4.190734 -0.662914 -0.662914 -0.651055 -0.651055 -0.082560 -0.027443 -0.027443 0.000000 1.211269 -1.211269 1.549386 -1.549386 0.000000 0.189086 -0.189086

sigma_fcs span_loc fcs_loc wing_frac nacelle_frac AoA Mach Beta h n W Re1 Re2 Re3 Re4 Re5 Re6 Re7 Re8 Im1 Im2 Im3 Im4 Im5 Im6 Im7 Im8
3722.222222 0.881111 -1.000000 1.000000 0.200000 24.719840 0.200000 0.000000 0.000000 1.000000 626510.438463 -2.061170 -0.808763 -0.808763 -0.560682 -0.560682 -0.079096 -0.039269 -0.039269 0.000000 1.582622 -1.582622 1.592712 -1.592712 0.000000 0.186806 -0.186806
3722.222222 0.881111 -1.000000 1.000000 0.200000 12.146260 0.500000 0.000000 3048.000000 2.500000 626510.438463 -3.865355 -0.832838 -0.832838 -0.596027 -0.596027 -0.056117 -0.012882 -0.012882 0.000000 2.285401 -2.285401 1.539110 -1.539110 0.000000 0.127601 -0.127601
3722.222222 0.881111 -1.000000 1.000000 0.200000 5.821670 0.700000 0.000000 10668.000000 1.000000 626510.438463 -4.133298 -1.060925 -1.060925 -0.535940 -0.535940 -0.026921 -0.003333 -0.003333 0.000000 3.841713 -3.841713 2.129039 -2.129039 0.000000 0.655053 -0.655053
3722.222222 0.881111 -1.000000 1.000000 0.200000 4.065560 0.700000 0.000000 10668.000000 1.000000 468940.622865 -4.233392 -1.132379 -1.132379 -0.503299 -0.503299 -0.026230 -0.002338 -0.002338 0.000000 3.805044 -3.805044 2.054019 -2.054019 0.000000 0.652095 -0.652095
3722.222222 0.881111 -1.000000 1.000000 0.200000 8.739440 0.500000 0.000000 3048.000000 2.500000 468940.622865 -4.128905 -0.506658 -0.506658 -0.909852 -0.909852 -0.055745 -0.009000 -0.009000 0.000000 1.414786 -1.414786 2.237371 -2.237371 0.000000 0.126741 -0.126741
3722.222222 0.881111 -1.000000 1.000000 0.200000 17.670280 0.200000 0.000000 0.000000 1.000000 468940.622865 -2.750725 -0.643512 -0.643512 -0.567481 -0.567481 -0.081933 -0.027194 -0.027194 0.000000 1.526942 -1.526942 1.242652 -1.242652 0.000000 0.188996 -0.188996

sigma_fcs span_loc fcs_loc wing_frac nacelle_frac AoA Mach Beta h n W Re1 Re2 Re3 Re4 Re5 Re6 Re7 Re8 Im1 Im2 Im3 Im4 Im5 Im6 Im7 Im8
3722.222222 0.990000 -1.000000 1.000000 0.200000 24.616280 0.200000 0.000000 0.000000 1.000000 626510.438463 -1.606113 -0.578261 -0.578261 -0.538307 -0.538307 -0.078347 -0.039018 -0.039018 0.000000 1.572843 -1.572843 1.547128 -1.547128 0.000000 0.186835 -0.186835
3722.222222 0.990000 -1.000000 1.000000 0.200000 12.096800 0.500000 0.000000 3048.000000 2.500000 626510.438463 -2.771860 -0.817950 -0.817950 -0.487450 -0.487450 -0.055905 -0.012786 -0.012786 0.000000 2.246091 -2.246091 1.501760 -1.501760 0.000000 0.127539 -0.127539
3722.222222 0.990000 -1.000000 1.000000 0.200000 5.796350 0.700000 0.000000 10668.000000 1.000000 626510.438463 -2.952866 -1.032959 -1.032959 -0.436939 -0.436939 -0.026928 -0.003311 -0.003311 0.000000 3.757442 -3.757442 2.008080 -2.008080 0.000000 0.654843 -0.654843
3722.222222 0.990000 -1.000000 1.000000 0.200000 4.046680 0.700000 0.000000 10668.000000 1.000000 468940.622865 -3.008412 -1.104697 -1.104697 -0.423996 -0.423996 -0.026248 -0.002319 -0.002319 0.000000 3.720991 -3.720991 1.938687 -1.938687 0.000000 0.651793 -0.651793
3722.222222 0.990000 -1.000000 1.000000 0.200000 8.703040 0.500000 0.000000 3048.000000 2.500000 468940.622865 -2.953706 -0.895012 -0.895012 -0.430137 -0.430137 -0.055565 -0.008910 -0.008910 0.000000 2.198132 -2.198132 1.373480 -1.373480 0.000000 0.126638 -0.126638
3722.222222 0.990000 -1.000000 1.000000 0.200000 17.598270 0.200000 0.000000 0.000000 1.000000 468940.622865 -1.995584 -0.634918 -0.634918 -0.446788 -0.446788 -0.081126 -0.026935 -0.026935 0.000000 1.503800 -1.503800 1.236908 -1.236908 0.000000 0.188904 -0.188904

sigma_fcs span_loc fcs_loc wing_frac nacelle_frac AoA Mach Beta h n W Re1 Re2 Re3 Re4 Re5 Re6 Re7 Re8 Im1 Im2 Im3 Im4 Im5 Im6 Im7 Im8
4000.000000 0.010000 -1.000000 1.000000 0.200000 25.436930 0.200000 0.000000 0.000000 1.000000 626510.438463 -22.413150 -1.135671 -1.135671 -0.599243 -0.599243 -0.080130 -0.040861 -0.040861 0.000000 1.156103 -1.156103 1.708567 -1.708567 0.000000 0.186600 -0.186600
4000.000000 0.010000 -1.000000 1.000000 0.200000 12.486540 0.500000 0.000000 3048.000000 2.500000 626510.438463 -38.711461 -0.849099 -0.849099 -0.892177 -0.892177 -0.055792 -0.013485 -0.013485 0.000000 1.547474 -1.547474 2.468611 -2.468611 0.000000 0.127967 -0.127967
4000.000000 0.010000 -1.000000 1.000000 0.200000 5.995530 0.700000 0.000000 10668.000000 1.000000 626510.438463 -61.268623 -0.865120 -0.865120 -1.157341 -1.157341 -0.026434 -0.003479 -0.003479 0.000000 2.399514 -2.399514 4.202214 -4.202214 0.000000 0.656287 -0.656287
4000.000000 0.010000 -1.000000 1.000000 0.200000 4.195230 0.700000 0.000000 10668.000000 1.000000 468940.622865 -61.714450 -0.771864 -0.771864 -1.228144 -1.228144 -0.025697 -0.002459 -0.002459 0.000000 2.355751 -2.355751 4.165265 -4.165265 0.000000 0.653874 -0.653874
4000.000000 0.010000 -1.000000 1.000000 0.200000 8.989550 0.500000 0.000000 3048.000000 2.500000 468940.622865 -39.583450 -0.705815 -0.705815 -0.969099 -0.969099 -0.055241 -0.009535 -0.009535 0.000000 1.484156 -1.484156 2.419718 -2.419718 0.000000 0.127355 -0.127355
4000.000000 0.010000 -1.000000 1.000000 0.200000 18.166800 0.200000 0.000000 0.000000 1.000000 468940.622865 -24.575498 -0.781696 -0.781696 -0.680316 -0.680316 -0.082844 -0.028726 -0.028726 0.000000 1.130029 -1.130029 1.640796 -1.640796 0.000000 0.189566 -0.189566

sigma_fcs span_loc fcs_loc wing_frac nacelle_frac AoA Mach Beta h n W Re1 Re2 Re3 Re4 Re5 Re6 Re7 Re8 Im1 Im2 Im3 Im4 Im5 Im6 Im7 Im8
4000.000000 0.118889 -1.000000 1.000000 0.200000 25.423400 0.200000 0.000000 0.000000 1.000000 626510.438463 -16.812714 -1.140440 -1.140440 -0.599024 -0.599024 -0.080082 -0.040834 -0.040834 0.000000 1.171285 -1.171285 1.707409 -1.707409 0.000000 0.186604 -0.186604
4000.000000 0.118889 -1.000000 1.000000 0.200000 12.480160 0.500000 0.000000 3048.000000 2.500000 626510.438463 -27.973846 -0.841384 -0.841384 -0.891994 -0.891994 -0.055788 -0.013474 -0.013474 0.000000 1.550784 -1.550784 2.466842 -2.466842 0.000000 0.127961 -0.127961
4000.000000 0.118889 -1.000000 1.000000 0.200000 5.992280 0.700000 0.000000 10668.000000 1.000000 626510.438463 -37.790467 -0.851674 -0.851674 -1.157739 -1.157739 -0.026441 -0.003477 -0.003477 0.000000 2.393241 -2.393241 4.199716 -4.199716 0.000000 0.656266 -0.656266
4000.000000 0.118889 -1.000000 1.000000 0.200000 4.192800 0.700000 0.000000 10668.000000 1.000000 468940.622865 -38.141147 -0.760277 -0.760277 -1.228540 -1.228540 -0.025705 -0.002457 -0.002457 0.000000 2.346218 -2.346218 4.162775 -4.162775 0.000000 0.653844 -0.653844
4000.000000 0.118889 -1.000000 1.000000 0.200000 8.984860 0.500000 0.000000 3048.000000 2.500000 468940.622865 -28.692700 -0.698650 -0.698650 -0.968928 -0.968928 -0.055242 -0.009526 -0.009526 0.000000 1.483869 -1.483869 2.417960 -2.417960 0.000000 0.127344 -0.127344
4000.000000 0.118889 -1.000000 1.000000 0.200000 18.157460 0.200000 0.000000 0.000000 1.000000 468940.622865 -18.663215 -0.777759 -0.777759 -0.680110 -0.680110 -0.082798 -0.028701 -0.028701 0.000000 1.137062 -1.137062 1.639601 -1.639601 0.000000 0.189556 -0.189556

sigma_fcs span_loc fcs_loc wing_frac nacelle_frac AoA Mach Beta h n W Re1 Re2 Re3 Re4 Re5 Re6 Re7 Re8 Im1 Im2 Im3 Im4 Im5 Im6 Im7 Im8
4000.000000 0.227778 -1.000000 1.000000 0.200000 25.325320 0.200000 0.000000 0.000000 1.000000 626510.438463 -9.676040 -1.148417 -1.148417 -0.597098 -0.597098 -0.080045 -0.040629 -0.040629 0.000000 1.220127 -1.220127 1.698124 -1.698124 0.000000 0.186632 -0.186632
4000.000000 0.227778 -1.000000 1.000000 0.200000 12.433830 0.500000 0.000000 3048.000000 2.500000 626510.438463 -15.845039 -0.817825 -0.817825 -0.889546 -0.889546 -0.055883 -0.013397 -0.013397 0.000000 1.559321 -1.559321 2.452745 -2.452745 0.000000 0.127916 -0.127916
4000.000000 0.227778 -1.000000 1.000000 0.200000 5.968640 0.700000 0.000000 10668.000000 1.000000 626510.438463 -18.461311 -1.157104 -1.157104 -0.814122 -0.814122 -0.026520 -0.003457 -0.003457 0.000000 4.178640 -4.178640 2.376134 -2.376134 0.000000 0.656116 -0.656116
4000.000000 0.227778 -1.000000 1.000000 0.200000 4.175170 0.700000 0.000000 10668.000000 1.000000 468940.622865 -18.723802 -1.227904 -1.227904 -0.728941 -0.728941 -0.025789 -0.002441 -0.002441 0.000000 4.141619 -4.141619 2.320684 -2.320684 0.000000 0.653627 -0.653627
4000.000000 0.227778 -1.000000 1.000000 0.200000 8.950840 0.500000 0.000000 3048.000000 2.500000 468940.622865 -16.385069 -0.677897 -0.677897 -0.966496 -0.966496 -0.055363 -0.009461 -0.009461 0.000000 1.482352 -1.482352 2.403873 -2.403873 0.000000 0.127268 -0.127268
4000.000000 0.227778 -1.000000 1.000000 0.200000 18.089750 0.200000 0.000000 0.000000 1.000000 468940.622865 -11.147978 -0.763544 -0.763544 -0.678146 -0.678146 -0.082800 -0.028516 -0.028516 0.000000 1.156808 -1.156808 1.630238 -1.630238 0.000000 0.189483 -0.189483

sigma_fcs span_loc fcs_loc wing_frac nacelle_frac AoA Mach Beta h n W Re1 Re2 Re3 Re4 Re5 Re6 Re7 Re8 Im1 Im2 Im3 Im4 Im5 Im6 Im7 Im8
4000.000000 0.336667 -1.000000 1.000000 0.200000 25.227430 0.200000 0.000000 0.000000 1.000000 626510.438463 -5.260724 -1.150229 -1.150229 -0.594011 -0.594011 -0.079860 -0.040422 -0.040422 0.000000 1.325367 -1.325367 1.686613 -1.686613 0.000000 0.186660 -0.186660
4000.000000 0.336667 -1.000000 1.000000 0.200000 12.387530 0.500000 0.000000 3048.000000 2.500000 626510.438463 -9.124017 -0.885308 -0.885308 -0.774508 -0.774508 -0.055916 -0.013319 -0.013319 0.000000 2.434887 -2.434887 1.570355 -1.570355 0.000000 0.127869 -0.127869
4000.000000 0.336667 -1.000000 1.000000 0.200000 5.945000 0.700000 0.000000 10668.000000 1.000000 626510.438463 -9.979703 -1.152807 -1.152807 -0.748206 -0.748206 -0.026584 -0.003438 -0.003438 0.000000 4.148138 -4.148138 2.339281 -2.339281 0.000000 0.655961 -0.655961
4000.000000 0.336667 -1.000000 1.000000 0.200000 4.157550 0.700000 0.000000 10668.000000 1.000000 468940.622865 -10.184110 -1.223588 -1.223588 -0.675462 -0.675462 -0.025860 -0.002425 -0.002425 0.000000 4.111068 -4.111068 2.272736 -2.272736 0.000000 0.653403 -0.653403
4000.000000 0.336667 -1.000000 1.000000 0.200000 8.916820 0.500000 0.000000 3048.000000 2.500000 468940.622865 -9.553519 -0.641816 -0.641816 -0.962254 -0.962254 -0.055423 -0.009394 -0.009394 0.000000 1.477243 -1.477243 2.386100 -2.386100 0.000000 0.127190 -0.127190
4000.000000 0.336667 -1.000000 1.000000 0.200000 18.022120 0.200000 0.000000 0.000000 1.000000 468940.622865 -6.534828 -0.734324 -0.734324 -0.675151 -0.675151 -0.082636 -0.028324 -0.028324 0.000000 1.189892 -1.189892 1.618685 -1.618685 0.000000 0.189409 -0.189409

sigma_fcs span_loc fcs_loc wing_frac nacelle_frac AoA Mach Beta h n W Re1 Re2 Re3 Re4 Re5 Re6 Re7 Re8 Im1 Im2 Im3 Im4 Im5 Im6 Im7 Im8
4000.000000 0.445556 -1.000000 1.000000 0.200000 25.129750 0.200000 0.000000 0.000000 1.000000 626510.438463 -18.578858 -1.119127 -1.119127 -0.590202 -0.590202 -0.080501 -0.040210 -0.040210 0.000000 1.167656 -1.167656 1.673493 -1.673493 0.000000 0.186688 -0.186688
4000.000000 0.445556 -1.000000 1.000000 0.200000 12.341240 0.500000 0.000000 3048.000000 2.500000 626510.438463 -31.098003 -0.834279 -0.834279 -0.878365 -0.878365 -0.056276 -0.013239 -0.013239 0.000000 1.543774 -1.543774 2.414060 -2.414060 0.000000 0.127821 -0.127821
4000.000000 0.445556 -1.000000 1.000000 0.200000 5.921360 0.700000 0.000000 10668.000000 1.000000 626510.438463 -43.814741 -0.849545 -0.849545 -1.140530 -1.140530 -0.026726 -0.003418 -0.003418 0.000000 2.386794 -2.386794 4.108325 -4.108325 0.000000 0.655800 -0.655800
4000.000000 0.445556 -1.000000 1.000000 0.200000 4.139920 0.700000 0.000000 10668.000000 1.000000 468940.622865 -44.183906 -0.758775 -0.758775 -1.211495 -1.211495 -0.026001 -0.002409 -0.002409 0.000000 2.340479 -2.340479 4.071181 -4.071181 0.000000 0.653171 -0.653171
4000.000000 0.445556 -1.000000 1.000000 0.200000 8.882820 0.500000 0.000000 3048.000000 2.500000 468940.622865 -31.846710 -0.693747 -0.693747 -0.955355 -0.955355 -0.055792 -0.009325 -0.009325 0.000000 1.477599 -1.477599 2.365205 -2.365205 0.000000 0.127110 -0.127110
4000.000000 0.445556 -1.000000 1.000000 0.200000 17.954550 0.200000 0.000000 0.000000 1.000000 468940.622865 -20.477179 -0.768132 -0.768132 -0.670919 -0.670919 -0.083373 -0.028125 -0.028125 0.000000 1.131798 -1.131798 1.605797 -1.605797 0.000000 0.189333 -0.189333

sigma_fcs span_loc fcs_loc wing_frac nacelle_frac AoA Mach Beta h n W Re1 Re2 Re3 Re4 Re5 Re6 Re7 Re8 Im1 Im2 Im3 Im4 Im5 Im6 Im7 Im8
4000.000000 0.554444 -1.000000 1.000000 0.200000 25.032260 0.200000 0.000000 0.000000 1.000000 626510.438463 -11.069480 -1.119767 -1.119767 -0.585058 -0.585058 -0.080409 -0.039995 -0.039995 0.000000 1.203187 -1.203187 1.657934 -1.657934 0.000000 0.186716 -0.186716
4000.000000 0.554444 -1.000000 1.000000 0.200000 12.294980 0.500000 0.000000 3048.000000 2.500000 626510.438463 -17.981541 -0.809287 -0.809287 -0.870088 -0.870088 -0.056342 -0.013158 -0.013158 0.000000 1.544642 -1.544642 2.389034 -2.389034 0.000000 0.127772 -0.127772
4000.000000 0.554444 -1.000000 1.000000 0.200000 5.897720 0.700000 0.000000 10668.000000 1.000000 626510.438463 -21.422211 -0.809369 -0.809369 -1.127082 -1.127082 -0.026797 -0.003398 -0.003398 0.000000 2.356679 -2.356679 4.058442 -4.058442 0.000000 0.655633 -0.655633
4000.000000 0.554444 -1.000000 1.000000 0.200000 4.122290 0.700000 0.000000 10668.000000 1.000000 468940.622865 -21.694874 -1.198138 -1.198138 -0.723919 -0.723919 -0.026079 -0.002393 -0.002393 0.000000 4.021384 -4.021384 2.303494 -2.303494 0.000000 0.652930 -0.652930
4000.000000 0.554444 -1.000000 1.000000 0.200000 8.848810 0.500000 0.000000 3048.000000 2.500000 468940.622865 -18.541531 -0.671450 -0.671450 -0.947137 -0.947137 -0.055881 -0.009252 -0.009252 0.000000 1.470411 -1.470411 2.340312 -2.340312 0.000000 0.127026 -0.127026
4000.000000 0.554444 -1.000000 1.000000 0.200000 17.887050 0.200000 0.000000 0.000000 1.000000 468940.622865 -12.565495 -0.752486 -0.752486 -0.665702 -0.665702 -0.083304 -0.027918 -0.027918 0.000000 1.144765 -1.144765 1.590349 -1.590349 0.000000 0.189256 -0.189256

sigma_fcs span_loc fcs_loc wing_frac nacelle_frac AoA Mach Beta h n W Re1 Re2 Re3 Re4 Re5 Re6 Re7 Re8 Im1 Im2 Im3 Im4 Im5 Im6 Im7 Im8
4000.000000 0.663333 -1.000000 1.000000 0.200000 24.934960 0.200000 0.000000 0.000000 1.000000 626510.438463 -6.075650 -1.118316 -1.118316 -0.578871 -0.578871 -0.080166 -0.039775 -0.039775 0.000000 1.283626 -1.283626 1.640327 -1.640327 0.000000 0.186744 -0.186744
4000.000000 0.663333 -1.000000 1.000000 0.200000 12.248740 0.500000 0.000000 3048.000000 2.500000 626510.438463 -10.235042 -0.766785 -0.766785 -0.860180 -0.860180 -0.056343 -0.013074 -0.013074 0.000000 1.548113 -1.548113 2.360537 -2.360537 0.000000 0.127720 -0.127720
4000.000000 0.663333 -1.000000 1.000000 0.200000 5.874090 0.700000 0.000000 10668.000000 1.000000 626510.438463 -11.273979 -1.110346 -1.110346 -0.743701 -0.743701 -0.026853 -0.003378 -0.003378 0.000000 3.999951 -3.999951 2.309310 -2.309310 0.000000 0.655460 -0.655460
4000.000000 0.663333 -1.000000 1.000000 0.200000 4.104660 0.700000 0.000000 10668.000000 1.000000 468940.622865 -11.486543 -1.181480 -1.181480 -0.668865 -0.668865 -0.026142 -0.002376 -0.002376 0.000000 3.963019 -3.963019 2.246147 -2.246147 0.000000 0.652681 -0.652681
4000.000000 0.663333 -1.000000 1.000000 0.200000 8.814820 0.500000 0.000000 3048.000000 2.500000 468940.622865 -10.674523 -0.635114 -0.635114 -0.937279 -0.937279 -0.055908 -0.009177 -0.009177 0.000000 1.460055 -1.460055 2.312016 -2.312016 0.000000 0.126941 -0.126941
4000.000000 0.663333 -1.000000 1.000000 0.200000 17.819610 0.200000 0.000000 0.000000 1.000000 468940.622865 -7.338666 -0.724168 -0.724168 -0.659535 -0.659535 -0.083064 -0.027703 -0.027703 0.000000 1.169892 -1.169892 1.572875 -1.572875 0.000000 0.189177 -0.189177

sigma_fcs span_loc fcs_loc wing_frac nacelle_frac AoA Mach Beta h n W Re1 Re2 Re3 Re4 Re5 Re6 Re7 Re8 Im1 Im2 Im3 Im4 Im5 Im6 Im7 Im8
4000.000000 0.772222 -1.000000 1.000000 0.200000 24.837850 0.200000 0.000000 0.000000 1.000000 626510.438463 -3.382047 -1.063095 -1.063095 -0.571633 -0.571633 -0.079769 -0.039551 -0.039551 0.000000 1.438607 -1.438607 1.620661 -1.620661 0.000000 0.186772 -0.186772
4000.000000 0.772222 -1.000000 1.000000 0.200000 12.202520 0.500000 0.000000 3048.000000 2.500000 626510.438463 -6.246838 -0.848857 -0.848857 -0.702629 -0.702629 -0.056280 -0.012989 -0.012989 0.000000 2.328825 -2.328825 1.551010 -1.551010 0.000000 0.127667 -0.127667
4000.000000 0.772222 -1.000000 1.000000 0.200000 5.850450 0.700000 0.000000 10668.000000 1.000000 626510.438463 -6.704592 -1.090498 -1.090498 -0.655578 -0.655578 -0.026893 -0.003358 -0.003358 0.000000 3.933884 -3.933884 2.241850 -2.241850 0.000000 0.655281 -0.655281
4000.000000 0.772222 -1.000000 1.000000 0.200000 4.087030 0.700000 0.000000 10668.000000 1.000000 468940.622865 -6.865247 -1.161719 -1.161719 -0.597860 -0.597860 -0.026190 -0.002359 -0.002359 0.000000 3.897061 -3.897061 2.169606 -2.169606 0.000000 0.652423 -0.652423
4000.000000 0.772222 -1.000000 1.000000 0.200000 8.780820 0.500000 0.000000 3048.000000 2.500000 468940.622865 -6.603281 -0.584301 -0.584301 -0.925952 -0.925952 -0.055872 -0.009100 -0.009100 0.000000 1.444945 -1.444945 2.280548 -2.280548 0.000000 0.126852 -0.126852
4000.000000 0.772222 -1.000000 1.000000 0.200000 17.752240 0.200000 0.000000 0.000000 1.000000 468940.622865 -4.475825 -0.673351 -0.673351 -0.652631 -0.652631 -0.082652 -0.027480 -0.027480 0.000000 1.206246 -1.206246 1.553406 -1.553406 0.000000 0.189096 -0.189096

sigma_fcs span_loc fcs_loc wing_frac nacelle_frac AoA Mach Beta h n W Re1 Re2 Re3 Re4 Re5 Re6 Re7 Re8 Im1 Im2 Im3 Im4 Im5 Im6 Im7 Im8
4000.000000 0.881111 -1.000000 1.000000 0.200000 24.740930 0.200000 0.000000 0.000000 1.000000 626510.438463 -2.182568 -0.855166 -0.855166 -0.563148 -0.563148 -0.079221 -0.039321 -0.039321 0.000000 1.575075 -1.575075 1.598619 -1.598619 0.000000 0.186799 -0.186799
4000.000000 0.881111 -1.000000 1.000000 0.200000 12.156320 0.500000 0.000000 3048.000000 2.500000 626510.438463 -4.129579 -0.836257 -0.836257 -0.614559 -0.614559 -0.056150 -0.012902 -0.012902 0.000000 2.294329 -2.294329 1.543655 -1.543655 0.000000 0.127613 -0.127613
4000.000000 0.881111 -1.000000 1.000000 0.200000 5.826820 0.700000 0.000000 10668.000000 1.000000 626510.438463 -4.416195 -1.067324 -1.067324 -0.554904 -0.554904 -0.026917 -0.003338 -0.003338 0.000000 3.861074 -3.861074 2.150152 -2.150152 0.000000 0.655094 -0.655094
4000.000000 0.881111 -1.000000 1.000000 0.200000 4.069400 0.700000 0.000000 10668.000000 1.000000 468940.622865 -4.525035 -1.138727 -1.138727 -0.518483 -0.518483 -0.026224 -0.002342 -0.002342 0.000000 3.824355 -3.824355 2.074803 -2.074803 0.000000 0.652154 -0.652154
4000.000000 0.881111 -1.000000 1.000000 0.200000 8.746840 0.500000 0.000000 3048.000000 2.500000 468940.622865 -4.407649 -0.519940 -0.519940 -0.913288 -0.913288 -0.055771 -0.009019 -0.009019 0.000000 1.421287 -1.421287 2.246243 -2.246243 0.000000 0.126761 -0.126761
4000.000000 0.881111 -1.000000 1.000000 0.200000 17.684930 0.200000 0.000000 0.000000 1.000000 468940.622865 -2.938752 -0.587217 -0.587217 -0.645416 -0.645416 -0.082068 -0.027248 -0.027248 0.000000 1.239829 -1.239829 1.532313 -1.532313 0.000000 0.189014 -0.189014

sigma_fcs span_loc fcs_loc wing_frac nacelle_frac AoA Mach Beta h n W Re1 Re2 Re3 Re4 Re5 Re6 Re7 Re8 Im1 Im2 Im3 Im4 Im5 Im6 Im7 Im8
4000.000000 0.990000 -1.000000 1.000000 0.200000 24.644190 0.200000 0.000000 0.000000 1.000000 626510.438463 -1.678344 -0.614248 -0.614248 -0.550847 -0.550847 -0.078524 -0.039087 -0.039087 0.000000 1.574786 -1.574786 1.567564 -1.567564 0.000000 0.186827 -0.186827
4000.000000 0.990000 -1.000000 1.000000 0.200000 12.110140 0.500000 0.000000 3048.000000 2.500000 626510.438463 -2.952653 -0.822249 -0.822249 -0.510741 -0.510741 -0.055953 -0.012812 -0.012812 0.000000 2.257419 -2.257419 1.513075 -1.513075 0.000000 0.127556 -0.127556
4000.000000 0.990000 -1.000000 1.000000 0.200000 5.803180 0.700000 0.000000 10668.000000 1.000000 626510.438463 -3.150690 -1.040932 -1.040932 -0.457051 -0.457051 -0.026924 -0.003317 -0.003317 0.000000 3.781821 -3.781821 2.036480 -2.036480 0.000000 0.654900 -0.654900
4000.000000 0.990000 -1.000000 1.000000 0.200000 4.051770 0.700000 0.000000 10668.000000 1.000000 468940.622865 -3.214332 -1.112599 -1.112599 -0.440505 -0.440505 -0.026242 -0.002324 -0.002324 0.000000 3.745298 -3.745298 1.965422 -1.965422 0.000000 0.651876 -0.651876
4000.000000 0.990000 -1.000000 1.000000 0.200000 8.712860 0.500000 0.000000 3048.000000 2.500000 468940.622865 -3.150799 -0.899296 -0.899296 -0.446803 -0.446803 -0.055605 -0.008935 -0.008935 0.000000 2.209421 -2.209421 1.384395 -1.384395 0.000000 0.126666 -0.126666
4000.000000 0.990000 -1.000000 1.000000 0.200000 17.617680 0.200000 0.000000 0.000000 1.000000 468940.622865 -2.117230 -0.472705 -0.472705 -0.637453 -0.637453 -0.081317 -0.027007 -0.027007 0.000000 1.242519 -1.242519 1.510497 -1.510497 0.000000 0.188929 -0.188929

sigma_fcs span_loc fcs_loc wing_frac nacelle_frac AoA Mach Beta h n W Re1 Re2 Re3 Re4 Re5 Re6 Re7 Re8 Im1 Im2 Im3 Im4 Im5 Im6 Im7 Im8
1500.000000 -1.000000 -1.000000 1.000000 1.000000 27.317020 0.200000 0.000000 0.000000 1.000000 626510.438463 -10.923020 -1.215003 -1.215003 -0.595089 -0.595089 -0.076466 -0.044645 -0.044645 0.000000 1.112945 -1.112945 1.781537 -1.781537 0.000000 0.185764 -0.185764
1500.000000 -1.000000 -1.000000 1.000000 1.000000 13.359550 0.500000 0.000000 3048.000000 2.500000 626510.438463 -18.423189 -0.809116 -0.809116 -0.874409 -0.874409 -0.052382 -0.014919 -0.014919 0.000000 1.487035 -1.487035 2.559716 -2.559716 0.000000 0.128563 -0.128563
1500.000000 -1.000000 -1.000000 1.000000 1.000000 6.438860 0.700000 0.000000 10668.000000 1.000000 626510.438463 -22.247074 -1.060213 -1.060213 -0.747731 -0.747731 -0.024659 -0.003867 -0.003867 0.000000 4.202324 -4.202324 2.187363 -2.187363 0.000000 0.658326 -0.658326
1500.000000 -1.000000 -1.000000 1.000000 1.000000 4.525530 0.700000 0.000000 10668.000000 1.000000 468940.622865 -22.556111 -1.131564 -1.131564 -0.654069 -0.654069 -0.023859 -0.002762 -0.002762 0.000000 4.168864 -4.168864 2.143295 -2.143295 0.000000 0.656879 -0.656879
1500.000000 -1.000000 -1.000000 1.000000 1.000000 9.628630 0.500000 0.000000 3048.000000 2.500000 468940.622865 -19.065545 -0.657627 -0.657627 -0.951950 -0.951950 -0.051455 -0.010699 -0.010699 0.000000 1.423212 -1.423212 2.512578 -2.512578 0.000000 0.128416 -0.128416
1500.000000 -1.000000 -1.000000 1.000000 1.000000 19.450400 0.200000 0.000000 0.000000 1.000000 468940.622865 -12.706379 -0.785395 -0.785395 -0.678595 -0.678595 -0.077956 -0.031983 -0.031983 0.000000 1.107701 -1.107701 1.715501 -1.715501 0.000000 0.190472 -0.190472

sigma_fcs span_loc fcs_loc wing_frac nacelle_frac AoA Mach Beta h n W Re1 Re2 Re3 Re4 Re5 Re6 Re7 Re8 Im1 Im2 Im3 Im4 Im5 Im6 Im7 Im8
1777.777778 -1.000000 -1.000000 1.000000 1.000000 26.902260 0.200000 0.000000 0.000000 1.000000 626510.438463 -12.116183 -1.186863 -1.186863 -0.589615 -0.589615 -0.077035 -0.043790 -0.043790 0.000000 1.118002 -1.118002 1.757997 -1.757997 0.000000 0.186013 -0.186013
1777.777778 -1.000000 -1.000000 1.000000 1.000000 13.169440 0.500000 0.000000 3048.000000 2.500000 626510.438463 -20.270328 -0.807221 -0.807221 -0.866845 -0.866845 -0.052982 -0.014589 -0.014589 0.000000 1.489252 -1.489252 2.526423 -2.526423 0.000000 0.128471 -0.128471
1777.777778 -1.000000 -1.000000 1.000000 1.000000 6.342690 0.700000 0.000000 10668.000000 1.000000 626510.438463 -24.967977 -1.057425 -1.057425 -0.754937 -0.754937 -0.024990 -0.003776 -0.003776 0.000000 4.161721 -4.161721 2.203023 -2.203023 0.000000 0.657984 -0.657984
1777.777778 -1.000000 -1.000000 1.000000 1.000000 4.453920 0.700000 0.000000 10668.000000 1.000000 468940.622865 -25.284435 -1.128789 -1.128789 -0.662048 -0.662048 -0.024204 -0.002691 -0.002691 0.000000 4.127915 -4.127915 2.159366 -2.159366 0.000000 0.656363 -0.656363
1777.777778 -1.000000 -1.000000 1.000000 1.000000 9.489810 0.500000 0.000000 3048.000000 2.500000 468940.622865 -20.927538 -0.658400 -0.658400 -0.944282 -0.944282 -0.052126 -0.010430 -0.010430 0.000000 1.425898 -1.425898 2.479246 -2.479246 0.000000 0.128237 -0.128237
1777.777778 -1.000000 -1.000000 1.000000 1.000000 19.169580 0.200000 0.000000 0.000000 1.000000 468940.622865 -13.905060 -0.777276 -0.777276 -0.672424 -0.672424 -0.078740 -0.031239 -0.031239 0.000000 1.107301 -1.107301 1.692133 -1.692133 0.000000 0.190362 -0.190362

sigma_fcs span_loc fcs_loc wing_frac nacelle_frac AoA Mach Beta h n W Re1 Re2 Re3 Re4 Re5 Re6 Re7 Re8 Im1 Im2 Im3 Im4 Im5 Im6 Im7 Im8
2055.555556 -1.000000 -1.000000 1.000000 1.000000 26.650590 0.200000 0.000000 0.000000 1.000000 626510.438463 -13.096738 -1.172975 -1.172975 -0.588449 -0.588449 -0.077456 -0.043278 -0.043278 0.000000 1.122384 -1.122384 1.746720 -1.746720 0.000000 0.186147 -0.186147
2055.555556 -1.000000 -1.000000 1.000000 1.000000 13.053390 0.500000 0.000000 3048.000000 2.500000 626510.438463 -21.849100 -0.809348 -0.809348 -0.865996 -0.865996 -0.053392 -0.014394 -0.014394 0.000000 1.494118 -1.494118 2.511394 -2.511394 0.000000 0.128405 -0.128405
2055.555556 -1.000000 -1.000000 1.000000 1.000000 6.283870 0.700000 0.000000 10668.000000 1.000000 626510.438463 -27.401725 -1.062841 -1.062841 -0.764370 -0.764370 -0.025209 -0.003723 -0.003723 0.000000 4.150929 -4.150929 2.221602 -2.221602 0.000000 0.657753 -0.657753
2055.555556 -1.000000 -1.000000 1.000000 1.000000 4.410120 0.700000 0.000000 10668.000000 1.000000 468940.622865 -27.726042 -1.134172 -1.134172 -0.671758 -0.671758 -0.024430 -0.002649 -0.002649 0.000000 4.116794 -4.116794 2.178110 -2.178110 0.000000 0.656017 -0.656017
2055.555556 -1.000000 -1.000000 1.000000 1.000000 9.404970 0.500000 0.000000 3048.000000 2.500000 468940.622865 -22.522125 -0.661881 -0.661881 -0.943357 -0.943357 -0.052583 -0.010270 -0.010270 0.000000 1.430964 -1.430964 2.464086 -2.464086 0.000000 0.128115 -0.128115
2055.555556 -1.000000 -1.000000 1.000000 1.000000 18.998530 0.200000 0.000000 0.000000 1.000000 468940.622865 -14.905400 -0.774671 -0.774671 -0.670886 -0.670886 -0.079307 -0.030797 -0.030797 0.000000 1.108738 -1.108738 1.680791 -1.680791 0.000000 0.190273 -0.190273

sigma_fcs span_loc fcs_loc wing_frac nacelle_frac AoA Mach Beta h n W Re1 Re2 Re3 Re4 Re5 Re6 Re7 Re8 Im1 Im2 Im3 Im4 Im5 Im6 Im7 Im8
2333.333333 -1.000000 -1.000000 1.000000 1.000000 26.485060 0.200000 0.000000 0.000000 1.000000 626510.438463 -13.922371 -1.165526 -1.165526 -0.588922 -0.588922 -0.077773 -0.042945 -0.042945 0.000000 1.126053 -1.126053 1.741146 -1.741146 0.000000 0.186227 -0.186227
2333.333333 -1.000000 -1.000000 1.000000 1.000000 12.976770 0.500000 0.000000 3048.000000 2.500000 626510.438463 -23.215787 -0.812731 -0.812731 -0.867607 -0.867607 -0.053686 -0.014267 -0.014267 0.000000 1.499388 -1.499388 2.504694 -2.504694 0.000000 0.128358 -0.128358
2333.333333 -1.000000 -1.000000 1.000000 1.000000 6.245000 0.700000 0.000000 10668.000000 1.000000 626510.438463 -29.592542 -1.070678 -1.070678 -0.773762 -0.773762 -0.025361 -0.003688 -0.003688 0.000000 4.152394 -4.152394 2.239355 -2.239355 0.000000 0.657588 -0.657588
2333.333333 -1.000000 -1.000000 1.000000 1.000000 4.381160 0.700000 0.000000 10668.000000 1.000000 468940.622865 -29.924535 -1.141961 -1.141961 -0.681206 -0.681206 -0.024588 -0.002622 -0.002622 0.000000 4.117973 -4.117973 2.195935 -2.195935 0.000000 0.655774 -0.655774
2333.333333 -1.000000 -1.000000 1.000000 1.000000 9.348920 0.500000 0.000000 3048.000000 2.500000 468940.622865 -23.904052 -0.665999 -0.665999 -0.944908 -0.944908 -0.052909 -0.010168 -0.010168 0.000000 1.436335 -1.436335 2.457239 -2.457239 0.000000 0.128029 -0.128029
2333.333333 -1.000000 -1.000000 1.000000 1.000000 18.885750 0.200000 0.000000 0.000000 1.000000 468940.622865 -15.755107 -0.774317 -0.774317 -0.671137 -0.671137 -0.079731 -0.030512 -0.030512 0.000000 1.110646 -1.110646 1.675080 -1.675080 0.000000 0.190204 -0.190204

sigma_fcs span_loc fcs_loc wing_frac nacelle_frac AoA Mach Beta h n W Re1 Re2 Re3 Re4 Re5 Re6 Re7 Re8 Im1 Im2 Im3 Im4 Im5 Im6 Im7 Im8
2611.111111 -1.000000 -1.000000 1.000000 1.000000 26.349990 0.200000 0.000000 0.000000 1.000000 626510.438463 -14.635139 -1.159816 -1.159816 -0.589323 -0.589323 -0.078038 -0.042673 -0.042673 0.000000 1.129167 -1.129167 1.736324 -1.736324 0.000000 0.186289 -0.186289
2611.111111 -1.000000 -1.000000 1.000000 1.000000 12.914090 0.500000 0.000000 3048.000000 2.500000 626510.438463 -24.413320 -0.815575 -0.815575 -0.868990 -0.868990 -0.053930 -0.014164 -0.014164 0.000000 1.503802 -1.503802 2.498805 -2.498805 0.000000 0.128317 -0.128317
2611.111111 -1.000000 -1.000000 1.000000 1.000000 6.213180 0.700000 0.000000 10668.000000 1.000000 626510.438463 -31.576637 -0.781725 -0.781725 -1.077398 -1.077398 -0.025488 -0.003661 -0.003661 0.000000 2.254269 -2.254269 4.153174 -4.153174 0.000000 0.657447 -0.657447
2611.111111 -1.000000 -1.000000 1.000000 1.000000 4.357450 0.700000 0.000000 10668.000000 1.000000 468940.622865 -31.915544 -1.148642 -1.148642 -0.689213 -0.689213 -0.024719 -0.002600 -0.002600 0.000000 4.118511 -4.118511 2.210878 -2.210878 0.000000 0.655565 -0.655565
2611.111111 -1.000000 -1.000000 1.000000 1.000000 9.303030 0.500000 0.000000 3048.000000 2.500000 468940.622865 -25.114921 -0.669433 -0.669433 -0.946245 -0.946245 -0.053180 -0.010085 -0.010085 0.000000 1.440792 -1.440792 2.451225 -2.451225 0.000000 0.127955 -0.127955
2611.111111 -1.000000 -1.000000 1.000000 1.000000 18.793570 0.200000 0.000000 0.000000 1.000000 468940.622865 -16.489657 -0.774089 -0.774089 -0.671364 -0.671364 -0.080083 -0.030279 -0.030279 0.000000 1.112295 -1.112295 1.670135 -1.670135 0.000000 0.190142 -0.190142

sigma_fcs span_loc fcs_loc wing_frac nacelle_frac AoA Mach Beta h n W Re1 Re2 Re3 Re4 Re5 Re6 Re7 Re8 Im1 Im2 Im3 Im4 Im5 Im6 Im7 Im8
2888.888889 -1.000000 -1.000000 1.000000 1.000000 26.237790 0.200000 0.000000 0.000000 1.000000 626510.438463 -15.256804 -1.155314 -1.155314 -0.589673 -0.589673 -0.078261 -0.042448 -0.042448 0.000000 1.131833 -1.131833 1.732136 -1.732136 0.000000 0.186338 -0.186338
2888.888889 -1.000000 -1.000000 1.000000 1.000000 12.861910 0.500000 0.000000 3048.000000 2.500000 626510.438463 -25.471274 -0.818007 -0.818007 -0.870197 -0.870197 -0.054137 -0.014079 -0.014079 0.000000 1.507555 -1.507555 2.493631 -2.493631 0.000000 0.128281 -0.128281
2888.888889 -1.000000 -1.000000 1.000000 1.000000 6.186660 0.700000 0.000000 10668.000000 1.000000 626510.438463 -33.382022 -0.788574 -0.788574 -1.083235 -1.083235 -0.025595 -0.003638 -0.003638 0.000000 2.266989 -2.266989 4.153569 -4.153569 0.000000 0.657325 -0.657325
2888.888889 -1.000000 -1.000000 1.000000 1.000000 4.337690 0.700000 0.000000 10668.000000 1.000000 468940.622865 -33.727196 -1.154446 -1.154446 -0.696096 -0.696096 -0.024830 -0.002582 -0.002582 0.000000 4.118697 -4.118697 2.223601 -2.223601 0.000000 0.655385 -0.655385
2888.888889 -1.000000 -1.000000 1.000000 1.000000 9.264820 0.500000 0.000000 3048.000000 2.500000 468940.622865 -26.184649 -0.672346 -0.672346 -0.947415 -0.947415 -0.053409 -0.010016 -0.010016 0.000000 1.444557 -1.444557 2.445943 -2.445943 0.000000 0.127891 -0.127891
2888.888889 -1.000000 -1.000000 1.000000 1.000000 18.716880 0.200000 0.000000 0.000000 1.000000 468940.622865 -17.130968 -0.773947 -0.773947 -0.671575 -0.671575 -0.080379 -0.030085 -0.030085 0.000000 1.113730 -1.113730 1.665836 -1.665836 0.000000 0.190087 -0.190087

sigma_fcs span_loc fcs_loc wing_frac nacelle_frac AoA Mach Beta h n W Re1 Re2 Re3 Re4 Re5 Re6 Re7 Re8 Im1 Im2 Im3 Im4 Im5 Im6 Im7 Im8
3166.666667 -1.000000 -1.000000 1.000000 1.000000 26.143150 0.200000 0.000000 0.000000 1.000000 626510.438463 -15.803841 -1.151682 -1.151682 -0.589985 -0.589985 -0.078452 -0.042258 -0.042258 0.000000 1.134136 -1.134136 1.728476 -1.728476 0.000000 0.186377 -0.186377
3166.666667 -1.000000 -1.000000 1.000000 1.000000 12.817810 0.500000 0.000000 3048.000000 2.500000 626510.438463 -26.412714 -0.820115 -0.820115 -0.871264 -0.871264 -0.054313 -0.014007 -0.014007 0.000000 1.510787 -1.510787 2.489071 -2.489071 0.000000 0.128250 -0.128250
3166.666667 -1.000000 -1.000000 1.000000 1.000000 6.164250 0.700000 0.000000 10668.000000 1.000000 626510.438463 -35.031852 -1.088357 -1.088357 -0.794533 -0.794533 -0.025687 -0.003618 -0.003618 0.000000 4.153736 -4.153736 2.277973 -2.277973 0.000000 0.657218 -0.657218
3166.666667 -1.000000 -1.000000 1.000000 1.000000 4.320990 0.700000 0.000000 10668.000000 1.000000 468940.622865 -35.382738 -1.159539 -1.159539 -0.702081 -0.702081 -0.024924 -0.002567 -0.002567 0.000000 4.118682 -4.118682 2.234573 -2.234573 0.000000 0.655228 -0.655228
3166.666667 -1.000000 -1.000000 1.000000 1.000000 9.232520 0.500000 0.000000 3048.000000 2.500000 468940.622865 -27.136562 -0.674854 -0.674854 -0.948453 -0.948453 -0.053605 -0.009957 -0.009957 0.000000 1.447780 -1.447780 2.441288 -2.441288 0.000000 0.127836 -0.127836
3166.666667 -1.000000 -1.000000 1.000000 1.000000 18.652120 0.200000 0.000000 0.000000 1.000000 468940.622865 -17.695733 -0.773865 -0.773865 -0.671772 -0.671772 -0.080633 -0.029921 -0.029921 0.000000 1.114986 -1.114986 1.662074 -1.662074 0.000000 0.190038 -0.190038

sigma_fcs span_loc fcs_loc wing_frac nacelle_frac AoA Mach Beta h n W Re1 Re2 Re3 Re4 Re5 Re6 Re7 Re8 Im1 Im2 Im3 Im4 Im5 Im6 Im7 Im8
3444.444444 -1.000000 -1.000000 1.000000 1.000000 26.062270 0.200000 0.000000 0.000000 1.000000 626510.438463 -16.288962 -1.148695 -1.148695 -0.590265 -0.590265 -0.078617 -0.042096 -0.042096 0.000000 1.136143 -1.136143 1.725257 -1.725257 0.000000 0.186410 -0.186410
3444.444444 -1.000000 -1.000000 1.000000 1.000000 12.780070 0.500000 0.000000 3048.000000 2.500000 626510.438463 -27.255886 -0.821962 -0.821962 -0.872216 -0.872216 -0.054466 -0.013946 -0.013946 0.000000 1.513599 -1.513599 2.485032 -2.485032 0.000000 0.128222 -0.128222
3444.444444 -1.000000 -1.000000 1.000000 1.000000 6.145060 0.700000 0.000000 10668.000000 1.000000 626510.438463 -36.545437 -0.799768 -0.799768 -1.092888 -1.092888 -0.025766 -0.003602 -0.003602 0.000000 2.287558 -2.287558 4.153767 -4.153767 0.000000 0.657124 -0.657124
3444.444444 -1.000000 -1.000000 1.000000 1.000000 4.306690 0.700000 0.000000 10668.000000 1.000000 468940.622865 -36.901552 -0.707336 -0.707336 -1.164046 -1.164046 -0.025006 -0.002554 -0.002554 0.000000 2.244136 -2.244136 4.118554 -4.118554 0.000000 0.655089 -0.655089
3444.444444 -1.000000 -1.000000 1.000000 1.000000 9.204870 0.500000 0.000000 3048.000000 2.500000 468940.622865 -27.989113 -0.677037 -0.677037 -0.949379 -0.949379 -0.053774 -0.009907 -0.009907 0.000000 1.450573 -1.450573 2.437165 -2.437165 0.000000 0.127787 -0.127787
3444.444444 -1.000000 -1.000000 1.000000 1.000000 18.596730 0.200000 0.000000 0.000000 1.000000 468940.622865 -18.196885 -0.773824 -0.773824 -0.671956 -0.671956 -0.080853 -0.029781 -0.029781 0.000000 1.116094 -1.116094 1.658764 -1.658764 0.000000 0.189994 -0.189994

sigma_fcs span_loc fcs_loc wing_frac nacelle_frac AoA Mach Beta h n W Re1 Re2 Re3 Re4 Re5 Re6 Re7 Re8 Im1 Im2 Im3 Im4 Im5 Im6 Im7 Im8
3722.222222 -1.000000 -1.000000 1.000000 1.000000 25.992370 0.200000 0.000000 0.000000 1.000000 626510.438463 -16.722139 -1.146200 -1.146200 -0.590519 -0.590519 -0.078761 -0.041956 -0.041956 0.000000 1.137907 -1.137907 1.722406 -1.722406 0.000000 0.186437 -0.186437
3722.222222 -1.000000 -1.000000 1.000000 1.000000 12.747420 0.500000 0.000000 3048.000000 2.500000 626510.438463 -28.015417 -0.823594 -0.823594 -0.873070 -0.873070 -0.054599 -0.013893 -0.013893 0.000000 1.516068 -1.516068 2.481437 -2.481437 0.000000 0.128197 -0.128197
3722.222222 -1.000000 -1.000000 1.000000 1.000000 6.128450 0.700000 0.000000 10668.000000 1.000000 626510.438463 -37.939010 -0.804406 -0.804406 -1.096927 -1.096927 -0.025835 -0.003588 -0.003588 0.000000 2.295996 -2.295996 4.153715 -4.153715 0.000000 0.657040 -0.657040
3722.222222 -1.000000 -1.000000 1.000000 1.000000 4.294310 0.700000 0.000000 10668.000000 1.000000 468940.622865 -38.299932 -0.711989 -0.711989 -1.168064 -1.168064 -0.025078 -0.002543 -0.002543 0.000000 2.252549 -2.252549 4.118360 -4.118360 0.000000 0.654967 -0.654967
3722.222222 -1.000000 -1.000000 1.000000 1.000000 9.180930 0.500000 0.000000 3048.000000 2.500000 468940.622865 -28.757091 -0.678956 -0.678956 -0.950212 -0.950212 -0.053922 -0.009864 -0.009864 0.000000 1.453017 -1.453017 2.433495 -2.433495 0.000000 0.127743 -0.127743
3722.222222 -1.000000 -1.000000 1.000000 1.000000 18.548820 0.200000 0.000000 0.000000 1.000000 468940.622865 -18.644600 -0.773812 -0.773812 -0.672129 -0.672129 -0.081045 -0.029660 -0.029660 0.000000 1.117076 -1.117076 1.655830 -1.655830 0.000000 0.189954 -0.189954

sigma_fcs span_loc fcs_loc wing_frac nacelle_frac AoA Mach Beta h n W Re1 Re2 Re3 Re4 Re5 Re6 Re7 Re8 Im1 Im2 Im3 Im4 Im5 Im6 Im7 Im8
4000.000000 -1.000000 -1.000000 1.000000 1.000000 25.931380 0.200000 0.000000 0.000000 1.000000 626510.438463 -17.111304 -1.144086 -1.144086 -0.590751 -0.590751 -0.078888 -0.041833 -0.041833 0.000000 1.139468 -1.139468 1.719867 -1.719867 0.000000 0.186459 -0.186459
4000.000000 -1.000000 -1.000000 1.000000 1.000000 12.718890 0.500000 0.000000 3048.000000 2.500000 626510.438463 -28.703167 -0.825047 -0.825047 -0.873840 -0.873840 -0.054716 -0.013847 -0.013847 0.000000 1.518253 -1.518253 2.478219 -2.478219 0.000000 0.128174 -0.128174
4000.000000 -1.000000 -1.000000 1.000000 1.000000 6.113930 0.700000 0.000000 10668.000000 1.000000 626510.438463 -39.226320 -0.808545 -0.808545 -1.100550 -1.100550 -0.025896 -0.003576 -0.003576 0.000000 2.303484 -2.303484 4.153612 -4.153612 0.000000 0.656965 -0.656965
4000.000000 -1.000000 -1.000000 1.000000 1.000000 4.283490 0.700000 0.000000 10668.000000 1.000000 468940.622865 -39.591675 -0.716139 -0.716139 -1.171667 -1.171667 -0.025141 -0.002534 -0.002534 0.000000 2.260008 -2.260008 4.118131 -4.118131 0.000000 0.654857 -0.654857
4000.000000 -1.000000 -1.000000 1.000000 1.000000 9.160020 0.500000 0.000000 3048.000000 2.500000 468940.622865 -29.452490 -0.680657 -0.680657 -0.950965 -0.950965 -0.054053 -0.009827 -0.009827 0.000000 1.455174 -1.455174 2.430210 -2.430210 0.000000 0.127704 -0.127704
4000.000000 -1.000000 -1.000000 1.000000 1.000000 18.506980 0.200000 0.000000 0.000000 1.000000 468940.622865 -19.046993 -0.773820 -0.773820 -0.672291 -0.672291 -0.081213 -0.029554 -0.029554 0.000000 1.117953 -1.117953 1.653215 -1.653215 0.000000 0.189918 -0.189918
