 ---------------------------------------------------------------
Surface and Strip forces by surface

 Surface forces referred to Sref,Cref,Bref about Xmom,Ymom,Zmom
 Standard axis orientation,  X fwd, Z down         

  Surface # 1     main_wing_1                             
     # chordwise = 10   # spanwise = 50     First strip =  1
     Surface area =  12.146           ave. chord =  2.7353    
     CLsurf  =   0.058642     Clsurf  =  -0.004806
     CYsurf  =  -0.000031     Cmsurf  =  -0.036148
     CDsurf  =   0.001203     Cnsurf  =  -0.000151
     CDisurf =   0.000588     CDvsurf =   0.000000

  Forces referred to Ssurf, Cave about hinge axis thru LE
     cl_surf =   0.306173     cd_surf =   0.006281

 Strip Forces referred to strip area, chord
    j    xLE         yLE         zLE         Chord       Area        Dihedral   c cl        ai_ff       cl           clj         cd          cdv         cm_c/4     c.p.x/c      Dcj
     1   12.53      0.1059E-02   1.385       2.754      0.1166E-01   0.000      0.7472      0.1433E-01  0.2715       0.000      0.3899E-02   0.000     -0.3943E-02  0.2645       0.000    
     2   12.53      0.9524E-02   1.385       2.754      0.3494E-01   0.000      0.7472      0.1858E-01  0.2715       0.000      0.3899E-02   0.000     -0.3943E-02  0.2645       0.000    
     3   12.53      0.2642E-01   1.385       2.754      0.5808E-01 -0.6032E-12  0.7472      0.1892E-01  0.2715       0.000      0.3898E-02   0.000     -0.3942E-02  0.2645       0.000    
     4   12.53      0.5168E-01   1.385       2.754      0.8100E-01  0.4326E-12  0.7473      0.1902E-01  0.2715       0.000      0.3896E-02   0.000     -0.3937E-02  0.2645       0.000    
     5   12.53      0.8521E-01   1.385       2.754      0.1036       0.000      0.7474      0.1906E-01  0.2715       0.000      0.3891E-02   0.000     -0.3925E-02  0.2645       0.000    
     6   12.53      0.1269       1.385       2.754      0.1258       0.000      0.7476      0.1909E-01  0.2716       0.000      0.3881E-02   0.000     -0.3902E-02  0.2644       0.000    
     7   12.53      0.1765       1.385       2.754      0.1475       0.000      0.7479      0.1911E-01  0.2717       0.000      0.3864E-02   0.000     -0.3863E-02  0.2642       0.000    
     8   12.53      0.2339       1.385       2.754      0.1686      0.2079E-12  0.7484      0.1912E-01  0.2719       0.000      0.3838E-02   0.000     -0.3801E-02  0.2640       0.000    
     9   12.53      0.2988       1.385       2.754      0.1890     -0.3708E-12  0.7491      0.1912E-01  0.2721       0.000      0.3800E-02   0.000     -0.3711E-02  0.2636       0.000    
    10   12.53      0.3711       1.385       2.754      0.2087      0.3358E-12  0.7501      0.1913E-01  0.2725       0.000      0.3746E-02   0.000     -0.3585E-02  0.2632       0.000    
    11   12.53      0.4503       1.385       2.754      0.2276     -0.1540E-12  0.7514      0.1913E-01  0.2730       0.000      0.3674E-02   0.000     -0.3419E-02  0.2625       0.000    
    12   12.53      0.5363       1.385       2.754      0.2455       0.000      0.7530      0.1913E-01  0.2736       0.000      0.3578E-02   0.000     -0.3204E-02  0.2617       0.000    
    13   12.53      0.6285       1.385       2.754      0.2626       0.000      0.7551      0.1911E-01  0.2744       0.000      0.3457E-02   0.000     -0.2938E-02  0.2607       0.000    
    14   12.53      0.7268       1.385       2.754      0.2785       0.000      0.7576      0.1907E-01  0.2753       0.000      0.3305E-02   0.000     -0.2617E-02  0.2595       0.000    
    15   12.53      0.8307       1.385       2.754      0.2934       0.000      0.7605      0.1900E-01  0.2763       0.000      0.3118E-02   0.000     -0.2240E-02  0.2581       0.000    
    16   12.53      0.9398       1.385       2.754      0.3071       0.000      0.7638      0.1888E-01  0.2775       0.000      0.2892E-02   0.000     -0.1807E-02  0.2565       0.000    
    17   12.53       1.054       1.385       2.754      0.3196       0.000      0.7674      0.1869E-01  0.2789       0.000      0.2621E-02   0.000     -0.1322E-02  0.2547       0.000    
    18   12.53       1.172       1.385       2.754      0.3308       0.000      0.7714      0.1839E-01  0.2803       0.000      0.2296E-02   0.000     -0.7888E-03  0.2528       0.000    
    19   12.53       1.294       1.385       2.754      0.3408       0.000      0.7755      0.1791E-01  0.2819       0.000      0.1900E-02   0.000     -0.2123E-03  0.2508       0.000    
    20   12.53       1.419       1.385       2.754      0.3494       0.000      0.7797      0.1714E-01  0.2834       0.000      0.1398E-02   0.000      0.4061E-03  0.2486       0.000    
    21   12.53       1.547       1.385       2.754      0.3566       0.000      0.7839      0.1581E-01  0.2850       0.000      0.6998E-03   0.000      0.1074E-02  0.2462       0.000    
    22   12.53       1.697       1.385       2.753      0.4699       0.000      0.7882      0.1243E-01  0.2868       0.000     -0.6496E-03   0.000      0.1876E-02  0.2435       0.000    
    23   12.53       1.869       1.385       2.749      0.4750       0.000      0.7922     -0.4998E-02  0.2888       0.000     -0.5613E-02   0.000      0.2924E-02  0.2399       0.000    
    24   12.53       2.021       1.385       2.746      0.3596       0.000      0.5914      0.4610E-01  0.3720      0.1569      0.2666E-01   0.000      0.2473E-01  0.1835       1.601    
    25   12.53       2.152       1.385       2.744      0.3606       0.000      0.5585      0.4399E-01  0.3719      0.1686      0.2390E-01   0.000      0.2536E-01  0.1818       1.602    
    26   12.53       2.284       1.385       2.741      0.3603     -0.9679E-13  0.5442      0.4309E-01  0.3702      0.1719      0.2315E-01   0.000      0.2529E-01  0.1817       1.604    
    27   12.53       2.415       1.385       2.738      0.3585      0.9717E-13  0.5386      0.4676E-01  0.3688      0.1724      0.2289E-01   0.000      0.2511E-01  0.1819       1.605    
    28   12.54       2.546       1.385       2.736      0.3554       0.000      0.5398      0.4031E-01  0.3710      0.1740      0.2304E-01   0.000      0.2557E-01  0.1811       1.607    
    29   12.54       2.675       1.385       2.733      0.3508       0.000      0.5474      0.4299E-01  0.3742      0.1742      0.2350E-01   0.000      0.2608E-01  0.1803       1.608    
    30   12.54       2.802       1.385       2.731      0.3449       0.000      0.5639      0.4401E-01  0.3771      0.1709      0.2447E-01   0.000      0.2628E-01  0.1803       1.610    
    31   12.54       2.927       1.385       2.728      0.3376       0.000      0.5993      0.4613E-01  0.3784      0.1591      0.2779E-01   0.000      0.2585E-01  0.1817       1.611    
    32   12.54       3.058       1.385       2.726      0.3767       0.000      0.8058     -0.1245E-01  0.2965       0.000     -0.8469E-02   0.000      0.4230E-02  0.2357       0.000    
    33   12.54       3.195       1.385       2.723      0.3653       0.000      0.8054      0.8660E-02  0.2963       0.000     -0.2512E-02   0.000      0.3565E-02  0.2380       0.000    
    34   12.54       3.327       1.385       2.720      0.3526       0.000      0.8046      0.1299E-01  0.2962       0.000     -0.9259E-03   0.000      0.3109E-02  0.2395       0.000    
    35   12.54       3.454       1.385       2.718      0.3385       0.000      0.8035      0.1477E-01  0.2961       0.000     -0.1904E-03   0.000      0.2766E-02  0.2407       0.000    
    36   12.54       3.576       1.385       2.716      0.3231       0.000      0.8023      0.1566E-01  0.2959       0.000      0.2322E-03   0.000      0.2499E-02  0.2416       0.000    
    37   12.54       3.692       1.385       2.713      0.3065       0.000      0.8011      0.1617E-01  0.2956       0.000      0.5071E-03   0.000      0.2288E-02  0.2423       0.000    
    38   12.54       3.801       1.385       2.711      0.2887       0.000      0.7997      0.1647E-01  0.2954       0.000      0.7029E-03   0.000      0.2121E-02  0.2428       0.000    
    39   12.54       3.904       1.385       2.709      0.2698       0.000      0.7984      0.1666E-01  0.2951       0.000      0.8553E-03   0.000      0.1988E-02  0.2433       0.000    
    40   12.54       4.000       1.385       2.707      0.2498       0.000      0.7970      0.1680E-01  0.2948       0.000      0.9887E-03   0.000      0.1881E-02  0.2436       0.000    
    41   12.54       4.089       1.385       2.705      0.2290       0.000      0.7957      0.1695E-01  0.2945       0.000      0.1149E-02   0.000      0.1795E-02  0.2439       0.000    
    42   12.54       4.163       1.385       2.701      0.1721      0.1997E-12  0.7944      0.1689E-01  0.2945       0.000      0.1210E-02   0.000      0.1747E-02  0.2441       0.000    
    43   12.55       4.223       1.385       2.693      0.1531       0.000      0.7933      0.1664E-01  0.2949       0.000      0.1124E-02   0.000      0.1720E-02  0.2442       0.000    
    44   12.55       4.277       1.385       2.687      0.1336     -0.2559E-12  0.7922      0.1645E-01  0.2952       0.000      0.1097E-02   0.000      0.1699E-02  0.2442       0.000    
    45   12.55       4.323       1.385       2.681      0.1137       0.000      0.7913      0.1629E-01  0.2955       0.000      0.1079E-02   0.000      0.1684E-02  0.2443       0.000    
    46   12.55       4.361       1.385       2.676      0.9347E-01 -0.3643E-12  0.7905      0.1616E-01  0.2957       0.000      0.1066E-02   0.000      0.1673E-02  0.2443       0.000    
    47   12.55       4.392       1.385       2.672      0.7298E-01  0.4659E-12  0.7899      0.1606E-01  0.2959       0.000      0.1055E-02   0.000      0.1666E-02  0.2444       0.000    
    48   12.55       4.416       1.385       2.670      0.5228E-01   0.000      0.7894      0.1598E-01  0.2961       0.000      0.1044E-02   0.000      0.1662E-02  0.2444       0.000    
    49   12.55       4.432       1.385       2.668      0.3143E-01   0.000      0.7891      0.1593E-01  0.2961       0.000      0.1028E-02   0.000      0.1659E-02  0.2444       0.000    
    50   12.55       4.439       1.385       2.667      0.1049E-01   0.000      0.7889      0.1590E-01  0.2962       0.000      0.9797E-03   0.000      0.1658E-02  0.2444       0.000    

 Surface forces referred to Sref,Cref,Bref about Xmom,Ymom,Zmom
 Standard axis orientation,  X fwd, Z down         

  Surface # 2     main_wing_1 (YDUP)                      
     # chordwise = 10   # spanwise = 50     First strip = 51
     Surface area =  12.146           ave. chord =  2.7353    
     CLsurf  =   0.058552     Clsurf  =   0.004798
     CYsurf  =   0.000031     Cmsurf  =  -0.036107
     CDsurf  =   0.001198     Cnsurf  =   0.000151
     CDisurf =   0.000588     CDvsurf =   0.000000

  Forces referred to Ssurf, Cave about hinge axis thru LE
     cl_surf =   0.305702     cd_surf =   0.006255

 Strip Forces referred to strip area, chord
    j    xLE         yLE         zLE         Chord       Area        Dihedral   c cl        ai_ff       cl           clj         cd          cdv         cm_c/4     c.p.x/c      Dcj
    51   12.53     -0.1059E-02   1.385       2.754      0.1166E-01   0.000      0.7472      0.2388E-01  0.2715       0.000      0.3899E-02   0.000     -0.3943E-02  0.2645       0.000    
    52   12.53     -0.9524E-02   1.385       2.754      0.3494E-01   0.000      0.7472      0.1964E-01  0.2715       0.000      0.3899E-02   0.000     -0.3943E-02  0.2645       0.000    
    53   12.53     -0.2642E-01   1.385       2.754      0.5808E-01  0.6032E-12  0.7472      0.1929E-01  0.2715       0.000      0.3898E-02   0.000     -0.3942E-02  0.2645       0.000    
    54   12.53     -0.5168E-01   1.385       2.754      0.8100E-01 -0.4326E-12  0.7472      0.1920E-01  0.2715       0.000      0.3896E-02   0.000     -0.3936E-02  0.2645       0.000    
    55   12.53     -0.8521E-01   1.385       2.754      0.1036       0.000      0.7473      0.1915E-01  0.2715       0.000      0.3891E-02   0.000     -0.3924E-02  0.2645       0.000    
    56   12.53     -0.1269       1.385       2.754      0.1258       0.000      0.7475      0.1913E-01  0.2716       0.000      0.3882E-02   0.000     -0.3900E-02  0.2644       0.000    
    57   12.53     -0.1765       1.385       2.754      0.1475       0.000      0.7478      0.1912E-01  0.2717       0.000      0.3865E-02   0.000     -0.3860E-02  0.2642       0.000    
    58   12.53     -0.2339       1.385       2.754      0.1686     -0.2079E-12  0.7483      0.1912E-01  0.2719       0.000      0.3839E-02   0.000     -0.3798E-02  0.2640       0.000    
    59   12.53     -0.2988       1.385       2.754      0.1890      0.3708E-12  0.7490      0.1912E-01  0.2721       0.000      0.3800E-02   0.000     -0.3707E-02  0.2636       0.000    
    60   12.53     -0.3711       1.385       2.754      0.2087     -0.3358E-12  0.7500      0.1913E-01  0.2725       0.000      0.3746E-02   0.000     -0.3580E-02  0.2631       0.000    
    61   12.53     -0.4503       1.385       2.754      0.2276      0.1540E-12  0.7513      0.1913E-01  0.2730       0.000      0.3673E-02   0.000     -0.3413E-02  0.2625       0.000    
    62   12.53     -0.5363       1.385       2.754      0.2455       0.000      0.7529      0.1913E-01  0.2736       0.000      0.3577E-02   0.000     -0.3197E-02  0.2617       0.000    
    63   12.53     -0.6285       1.385       2.754      0.2626       0.000      0.7550      0.1911E-01  0.2743       0.000      0.3454E-02   0.000     -0.2930E-02  0.2607       0.000    
    64   12.53     -0.7268       1.385       2.754      0.2785       0.000      0.7574      0.1907E-01  0.2752       0.000      0.3302E-02   0.000     -0.2608E-02  0.2595       0.000    
    65   12.53     -0.8307       1.385       2.754      0.2934       0.000      0.7603      0.1901E-01  0.2763       0.000      0.3114E-02   0.000     -0.2229E-02  0.2581       0.000    
    66   12.53     -0.9398       1.385       2.754      0.3071       0.000      0.7636      0.1889E-01  0.2775       0.000      0.2888E-02   0.000     -0.1796E-02  0.2565       0.000    
    67   12.53      -1.054       1.385       2.754      0.3196       0.000      0.7672      0.1869E-01  0.2788       0.000      0.2616E-02   0.000     -0.1310E-02  0.2547       0.000    
    68   12.53      -1.172       1.385       2.754      0.3308       0.000      0.7711      0.1839E-01  0.2802       0.000      0.2291E-02   0.000     -0.7773E-03  0.2528       0.000    
    69   12.53      -1.294       1.385       2.754      0.3408       0.000      0.7752      0.1792E-01  0.2817       0.000      0.1895E-02   0.000     -0.2019E-03  0.2507       0.000    
    70   12.53      -1.419       1.385       2.754      0.3494       0.000      0.7793      0.1715E-01  0.2833       0.000      0.1394E-02   0.000      0.4138E-03  0.2485       0.000    
    71   12.53      -1.547       1.385       2.754      0.3566       0.000      0.7833      0.1582E-01  0.2848       0.000      0.6993E-03   0.000      0.1076E-02  0.2462       0.000    
    72   12.53      -1.697       1.385       2.753      0.4699       0.000      0.7874      0.1244E-01  0.2865       0.000     -0.6378E-03   0.000      0.1864E-02  0.2435       0.000    
    73   12.53      -1.869       1.385       2.749      0.4750       0.000      0.7909     -0.4981E-02  0.2884       0.000     -0.5534E-02   0.000      0.2878E-02  0.2400       0.000    
    74   12.53      -2.021       1.385       2.746      0.3596       0.000      0.5904      0.4609E-01  0.3711      0.1564      0.2658E-01   0.000      0.2460E-01  0.1837       1.601    
    75   12.53      -2.152       1.385       2.744      0.3606       0.000      0.5574      0.4398E-01  0.3705      0.1676      0.2379E-01   0.000      0.2508E-01  0.1823       1.602    
    76   12.53      -2.284       1.385       2.741      0.3603      0.9679E-13  0.5429      0.4313E-01  0.3678      0.1700      0.2299E-01   0.000      0.2478E-01  0.1826       1.604    
    77   12.53      -2.415       1.385       2.738      0.3585     -0.9717E-13  0.5372      0.4846E-01  0.3659      0.1699      0.2271E-01   0.000      0.2446E-01  0.1831       1.605    
    78   12.54      -2.546       1.385       2.736      0.3554       0.000      0.5385      0.3940E-01  0.3685      0.1720      0.2289E-01   0.000      0.2504E-01  0.1820       1.607    
    79   12.54      -2.675       1.385       2.733      0.3508       0.000      0.5463      0.4298E-01  0.3724      0.1728      0.2338E-01   0.000      0.2571E-01  0.1810       1.608    
    80   12.54      -2.802       1.385       2.731      0.3449       0.000      0.5630      0.4399E-01  0.3761      0.1702      0.2439E-01   0.000      0.2609E-01  0.1806       1.610    
    81   12.54      -2.927       1.385       2.728      0.3376       0.000      0.5985      0.4612E-01  0.3779      0.1588      0.2773E-01   0.000      0.2577E-01  0.1818       1.611    
    82   12.54      -3.058       1.385       2.726      0.3767       0.000      0.8049     -0.1243E-01  0.2962       0.000     -0.8421E-02   0.000      0.4210E-02  0.2358       0.000    
    83   12.54      -3.195       1.385       2.723      0.3653       0.000      0.8049      0.8673E-02  0.2961       0.000     -0.2514E-02   0.000      0.3569E-02  0.2379       0.000    
    84   12.54      -3.327       1.385       2.720      0.3526       0.000      0.8043      0.1301E-01  0.2961       0.000     -0.9377E-03   0.000      0.3124E-02  0.2395       0.000    
    85   12.54      -3.454       1.385       2.718      0.3385       0.000      0.8034      0.1478E-01  0.2960       0.000     -0.2043E-03   0.000      0.2784E-02  0.2406       0.000    
    86   12.54      -3.576       1.385       2.716      0.3231       0.000      0.8023      0.1567E-01  0.2958       0.000      0.2186E-03   0.000      0.2518E-02  0.2415       0.000    
    87   12.54      -3.692       1.385       2.713      0.3065       0.000      0.8010      0.1617E-01  0.2956       0.000      0.4946E-03   0.000      0.2307E-02  0.2422       0.000    
    88   12.54      -3.801       1.385       2.711      0.2887       0.000      0.7997      0.1647E-01  0.2954       0.000      0.6915E-03   0.000      0.2139E-02  0.2428       0.000    
    89   12.54      -3.904       1.385       2.709      0.2698       0.000      0.7984      0.1667E-01  0.2951       0.000      0.8450E-03   0.000      0.2005E-02  0.2432       0.000    
    90   12.54      -4.000       1.385       2.707      0.2498       0.000      0.7970      0.1681E-01  0.2948       0.000      0.9794E-03   0.000      0.1897E-02  0.2436       0.000    
    91   12.54      -4.089       1.385       2.705      0.2290       0.000      0.7957      0.1695E-01  0.2945       0.000      0.1141E-02   0.000      0.1810E-02  0.2439       0.000    
    92   12.54      -4.163       1.385       2.701      0.1721     -0.1997E-12  0.7945      0.1689E-01  0.2945       0.000      0.1203E-02   0.000      0.1761E-02  0.2440       0.000    
    93   12.55      -4.223       1.385       2.693      0.1531       0.000      0.7933      0.1664E-01  0.2949       0.000      0.1117E-02   0.000      0.1733E-02  0.2441       0.000    
    94   12.55      -4.277       1.385       2.687      0.1336      0.2559E-12  0.7923      0.1646E-01  0.2952       0.000      0.1090E-02   0.000      0.1712E-02  0.2442       0.000    
    95   12.55      -4.323       1.385       2.681      0.1137       0.000      0.7913      0.1630E-01  0.2955       0.000      0.1073E-02   0.000      0.1696E-02  0.2443       0.000    
    96   12.55      -4.361       1.385       2.676      0.9347E-01  0.3643E-12  0.7906      0.1617E-01  0.2958       0.000      0.1059E-02   0.000      0.1685E-02  0.2443       0.000    
    97   12.55      -4.392       1.385       2.672      0.7298E-01 -0.4659E-12  0.7899      0.1607E-01  0.2959       0.000      0.1049E-02   0.000      0.1677E-02  0.2443       0.000    
    98   12.55      -4.416       1.385       2.670      0.5228E-01   0.000      0.7894      0.1599E-01  0.2961       0.000      0.1038E-02   0.000      0.1673E-02  0.2444       0.000    
    99   12.55      -4.432       1.385       2.668      0.3143E-01   0.000      0.7891      0.1594E-01  0.2962       0.000      0.1023E-02   0.000      0.1670E-02  0.2444       0.000    
   100   12.55      -4.439       1.385       2.667      0.1049E-01   0.000      0.7889      0.1591E-01  0.2962       0.000      0.9739E-03   0.000      0.1669E-02  0.2444       0.000    

 Surface forces referred to Sref,Cref,Bref about Xmom,Ymom,Zmom
 Standard axis orientation,  X fwd, Z down         

  Surface # 3     main_wing_2                             
     # chordwise = 10   # spanwise = 50     First strip =101
     Surface area =  9.5433           ave. chord =  2.4245    
     CLsurf  =   0.049092     Clsurf  =  -0.011305
     CYsurf  =  -0.000157     Cmsurf  =  -0.029976
     CDsurf  =   0.000938     Cnsurf  =  -0.000353
     CDisurf =   0.000332     CDvsurf =   0.000000

  Forces referred to Ssurf, Cave about hinge axis thru LE
     cl_surf =   0.326215     cd_surf =   0.006231

 Strip Forces referred to strip area, chord
    j    xLE         yLE         zLE         Chord       Area        Dihedral   c cl        ai_ff       cl           clj         cd          cdv         cm_c/4     c.p.x/c      Dcj
   101   12.55       4.441       1.385       2.666      0.1017E-01   0.000      0.7889      0.1590E-01  0.2962       0.000      0.9835E-03   0.000      0.1658E-02  0.2444       0.000    
   102   12.55       4.449       1.385       2.665      0.3045E-01   0.000      0.7887      0.1587E-01  0.2963       0.000      0.1023E-02   0.000      0.1657E-02  0.2444       0.000    
   103   12.55       4.464       1.385       2.664      0.5057E-01 -0.6700E-12  0.7884      0.1582E-01  0.2963       0.000      0.1029E-02   0.000      0.1655E-02  0.2444       0.000    
   104   12.55       4.487       1.385       2.661      0.7045E-01  0.4805E-12  0.7879      0.1574E-01  0.2965       0.000      0.1025E-02   0.000      0.1653E-02  0.2444       0.000    
   105   12.56       4.517       1.385       2.657      0.8998E-01   0.000      0.7873      0.1564E-01  0.2966       0.000      0.1016E-02   0.000      0.1651E-02  0.2444       0.000    
   106   12.56       4.555       1.385       2.652      0.1091       0.000      0.7864      0.1550E-01  0.2969       0.000      0.1003E-02   0.000      0.1650E-02  0.2444       0.000    
   107   12.56       4.599       1.385       2.647      0.1276     -0.2639E-12  0.7855      0.1534E-01  0.2971       0.000      0.9865E-03   0.000      0.1653E-02  0.2444       0.000    
   108   12.56       4.651       1.385       2.641      0.1455      0.4618E-12  0.7843      0.1515E-01  0.2974       0.000      0.9646E-03   0.000      0.1660E-02  0.2444       0.000    
   109   12.56       4.709       1.385       2.633      0.1627     -0.4118E-12  0.7830      0.1492E-01  0.2977       0.000      0.9363E-03   0.000      0.1674E-02  0.2444       0.000    
   110   12.56       4.774       1.385       2.625      0.1791      0.3730E-12  0.7815      0.1466E-01  0.2980       0.000      0.8995E-03   0.000      0.1696E-02  0.2443       0.000    
   111   12.57       4.846       1.385       2.617      0.1947     -0.1710E-12  0.7799      0.1435E-01  0.2984       0.000      0.8518E-03   0.000      0.1731E-02  0.2442       0.000    
   112   12.57       4.923       1.385       2.607      0.2093       0.000      0.7781      0.1399E-01  0.2988       0.000      0.7892E-03   0.000      0.1780E-02  0.2440       0.000    
   113   12.57       5.006       1.385       2.597      0.2229       0.000      0.7762      0.1356E-01  0.2993       0.000      0.7065E-03   0.000      0.1848E-02  0.2438       0.000    
   114   12.57       5.095       1.385       2.586      0.2354      0.1397E-12  0.7740      0.1304E-01  0.2997       0.000      0.5954E-03   0.000      0.1940E-02  0.2435       0.000    
   115   12.58       5.188       1.385       2.575      0.2469     -0.1327E-12  0.7718      0.1239E-01  0.3002       0.000      0.4432E-03   0.000      0.2062E-02  0.2431       0.000    
   116   12.58       5.286       1.385       2.562      0.2572       0.000      0.7694      0.1155E-01  0.3007       0.000      0.2282E-03   0.000      0.2221E-02  0.2426       0.000    
   117   12.58       5.389       1.385       2.550      0.2664       0.000      0.7668      0.1039E-01  0.3012       0.000     -0.8894E-04   0.000      0.2429E-02  0.2419       0.000    
   118   12.59       5.495       1.385       2.537      0.2743       0.000      0.7641      0.8644E-02  0.3017       0.000     -0.5895E-03   0.000      0.2699E-02  0.2411       0.000    
   119   12.59       5.605       1.385       2.523      0.2811       0.000      0.7612      0.5641E-02  0.3022       0.000     -0.1473E-02   0.000      0.3054E-02  0.2399       0.000    
   120   12.59       5.718       1.385       2.509      0.2866      0.1114E-12  0.7582     -0.9981E-03  0.3027       0.000     -0.3389E-02   0.000      0.3536E-02  0.2383       0.000    
   121   12.60       5.833       1.385       2.495      0.2908     -0.1091E-12  0.7548     -0.3155E-01  0.3035       0.000     -0.1068E-01   0.000      0.4253E-02  0.2360       0.000    
   122   12.60       5.955       1.385       2.480      0.3158       0.000      0.5503      0.4485E-01  0.3943      0.1728      0.2894E-01   0.000      0.2807E-01  0.1788       1.772    
   123   12.60       6.084       1.385       2.464      0.3176     -0.9872E-13  0.5140      0.4224E-01  0.3941      0.1858      0.2580E-01   0.000      0.2877E-01  0.1770       1.784    
   124   12.61       6.213       1.385       2.449      0.3180      0.1959E-12  0.4957      0.4098E-01  0.3922      0.1900      0.2492E-01   0.000      0.2878E-01  0.1766       1.795    
   125   12.61       6.343       1.385       2.433      0.3172     -0.9756E-13  0.4858      0.4092E-01  0.3903      0.1909      0.2457E-01   0.000      0.2860E-01  0.1767       1.807    
   126   12.62       6.474       1.385       2.416      0.3151       0.000      0.4822      0.3984E-01  0.3913      0.1920      0.2463E-01   0.000      0.2890E-01  0.1761       1.819    
   127   12.62       6.604       1.385       2.400      0.3118       0.000      0.4849      0.4079E-01  0.3947      0.1930      0.2507E-01   0.000      0.2952E-01  0.1752       1.831    
   128   12.62       6.733       1.385       2.385      0.3073       0.000      0.4961      0.4198E-01  0.3982      0.1905      0.2603E-01   0.000      0.2984E-01  0.1751       1.843    
   129   12.63       6.862       1.385       2.369      0.3016       0.000      0.5251      0.4458E-01  0.4000      0.1787      0.2926E-01   0.000      0.2942E-01  0.1764       1.856    
   130   12.63       6.984       1.385       2.354      0.2744     -0.1091E-12  0.7161     -0.3554E-01  0.3052       0.000     -0.1039E-01   0.000      0.4438E-02  0.2355       0.000    
   131   12.63       7.099       1.385       2.340      0.2672      0.1114E-12  0.7119     -0.4113E-02  0.3049       0.000     -0.3385E-02   0.000      0.3654E-02  0.2380       0.000    
   132   12.64       7.212       1.385       2.326      0.2591       0.000      0.7076      0.2410E-02  0.3048       0.000     -0.1520E-02   0.000      0.3112E-02  0.2398       0.000    
   133   12.64       7.322       1.385       2.312      0.2501     -0.1176E-12  0.7034      0.5150E-02  0.3046       0.000     -0.6554E-03   0.000      0.2701E-02  0.2411       0.000    
   134   12.64       7.428       1.385       2.299      0.2402      0.1218E-12  0.6992      0.6588E-02  0.3045       0.000     -0.1636E-03   0.000      0.2378E-02  0.2422       0.000    
   135   12.65       7.531       1.385       2.287      0.2295       0.000      0.6951      0.7430E-02  0.3044       0.000      0.1487E-03   0.000      0.2121E-02  0.2430       0.000    
   136   12.65       7.629       1.385       2.274      0.2181       0.000      0.6912      0.7954E-02  0.3043       0.000      0.3603E-03   0.000      0.1915E-02  0.2437       0.000    
   137   12.65       7.722       1.385       2.263      0.2060       0.000      0.6875      0.8293E-02  0.3042       0.000      0.5097E-03   0.000      0.1752E-02  0.2442       0.000    
   138   12.66       7.811       1.385       2.252      0.1933       0.000      0.6839      0.8516E-02  0.3041       0.000      0.6180E-03   0.000      0.1622E-02  0.2447       0.000    
   139   12.66       7.894       1.385       2.242      0.1800       0.000      0.6805      0.8664E-02  0.3039       0.000      0.6979E-03   0.000      0.1521E-02  0.2450       0.000    
   140   12.66       7.971       1.385       2.232      0.1661       0.000      0.6774      0.8762E-02  0.3038       0.000      0.7572E-03   0.000      0.1442E-02  0.2453       0.000    
   141   12.66       8.043       1.385       2.224      0.1517       0.000      0.6745      0.8826E-02  0.3037       0.000      0.8014E-03   0.000      0.1382E-02  0.2454       0.000    
   142   12.67       8.108       1.385       2.216      0.1369       0.000      0.6719      0.8866E-02  0.3036       0.000      0.8341E-03   0.000      0.1337E-02  0.2456       0.000    
   143   12.67       8.166       1.385       2.208      0.1217       0.000      0.6695      0.8890E-02  0.3035       0.000      0.8581E-03   0.000      0.1305E-02  0.2457       0.000    
   144   12.67       8.218       1.385       2.202      0.1061       0.000      0.6674      0.8903E-02  0.3035       0.000      0.8753E-03   0.000      0.1282E-02  0.2458       0.000    
   145   12.67       8.262       1.385       2.197      0.9031E-01   0.000      0.6656      0.8908E-02  0.3034       0.000      0.8875E-03   0.000      0.1267E-02  0.2458       0.000    
   146   12.67       8.300       1.385       2.192      0.7423E-01   0.000      0.6641      0.8909E-02  0.3033       0.000      0.8957E-03   0.000      0.1258E-02  0.2459       0.000    
   147   12.67       8.330       1.385       2.188      0.5794E-01   0.000      0.6629      0.8907E-02  0.3033       0.000      0.9011E-03   0.000      0.1252E-02  0.2459       0.000    
   148   12.67       8.353       1.385       2.185      0.4150E-01   0.000      0.6619      0.8904E-02  0.3033       0.000      0.9045E-03   0.000      0.1249E-02  0.2459       0.000    
   149   12.67       8.368       1.385       2.184      0.2494E-01   0.000      0.6613      0.8901E-02  0.3032       0.000      0.9073E-03   0.000      0.1248E-02  0.2459       0.000    
   150   12.67       8.376       1.385       2.183      0.8321E-02   0.000      0.6610      0.8899E-02  0.3032       0.000      0.9041E-03   0.000      0.1247E-02  0.2459       0.000    

 Surface forces referred to Sref,Cref,Bref about Xmom,Ymom,Zmom
 Standard axis orientation,  X fwd, Z down         

  Surface # 4     main_wing_2 (YDUP)                      
     # chordwise = 10   # spanwise = 50     First strip =151
     Surface area =  9.5433           ave. chord =  2.4245    
     CLsurf  =   0.049096     Clsurf  =   0.011306
     CYsurf  =   0.000157     Cmsurf  =  -0.029977
     CDsurf  =   0.000937     Cnsurf  =   0.000353
     CDisurf =   0.000331     CDvsurf =   0.000000

  Forces referred to Ssurf, Cave about hinge axis thru LE
     cl_surf =   0.326240     cd_surf =   0.006229

 Strip Forces referred to strip area, chord
    j    xLE         yLE         zLE         Chord       Area        Dihedral   c cl        ai_ff       cl           clj         cd          cdv         cm_c/4     c.p.x/c      Dcj
   151   12.55      -4.441       1.385       2.666      0.1017E-01   0.000      0.7889      0.1590E-01  0.2962       0.000      0.9777E-03   0.000      0.1668E-02  0.2444       0.000    
   152   12.55      -4.449       1.385       2.665      0.3045E-01   0.000      0.7887      0.1588E-01  0.2963       0.000      0.1017E-02   0.000      0.1667E-02  0.2444       0.000    
   153   12.55      -4.464       1.385       2.664      0.5057E-01  0.6700E-12  0.7884      0.1582E-01  0.2964       0.000      0.1023E-02   0.000      0.1665E-02  0.2444       0.000    
   154   12.55      -4.487       1.385       2.661      0.7045E-01 -0.4805E-12  0.7879      0.1575E-01  0.2965       0.000      0.1019E-02   0.000      0.1663E-02  0.2444       0.000    
   155   12.56      -4.517       1.385       2.657      0.8998E-01   0.000      0.7873      0.1564E-01  0.2967       0.000      0.1011E-02   0.000      0.1660E-02  0.2444       0.000    
   156   12.56      -4.555       1.385       2.652      0.1091       0.000      0.7865      0.1551E-01  0.2969       0.000      0.9984E-03   0.000      0.1660E-02  0.2444       0.000    
   157   12.56      -4.599       1.385       2.647      0.1276      0.2639E-12  0.7855      0.1535E-01  0.2971       0.000      0.9818E-03   0.000      0.1662E-02  0.2444       0.000    
   158   12.56      -4.651       1.385       2.641      0.1455     -0.4618E-12  0.7844      0.1515E-01  0.2974       0.000      0.9602E-03   0.000      0.1668E-02  0.2444       0.000    
   159   12.56      -4.709       1.385       2.633      0.1627      0.4118E-12  0.7831      0.1493E-01  0.2977       0.000      0.9323E-03   0.000      0.1681E-02  0.2444       0.000    
   160   12.56      -4.774       1.385       2.625      0.1791     -0.3730E-12  0.7816      0.1466E-01  0.2981       0.000      0.8959E-03   0.000      0.1703E-02  0.2443       0.000    
   161   12.57      -4.846       1.385       2.617      0.1947      0.1710E-12  0.7799      0.1435E-01  0.2984       0.000      0.8486E-03   0.000      0.1737E-02  0.2442       0.000    
   162   12.57      -4.923       1.385       2.607      0.2093       0.000      0.7781      0.1399E-01  0.2988       0.000      0.7865E-03   0.000      0.1785E-02  0.2440       0.000    
   163   12.57      -5.006       1.385       2.597      0.2229       0.000      0.7762      0.1356E-01  0.2993       0.000      0.7042E-03   0.000      0.1852E-02  0.2438       0.000    
   164   12.57      -5.095       1.385       2.586      0.2354     -0.1397E-12  0.7741      0.1304E-01  0.2997       0.000      0.5938E-03   0.000      0.1943E-02  0.2435       0.000    
   165   12.58      -5.188       1.385       2.575      0.2469      0.1327E-12  0.7718      0.1239E-01  0.3002       0.000      0.4422E-03   0.000      0.2064E-02  0.2431       0.000    
   166   12.58      -5.286       1.385       2.562      0.2572       0.000      0.7694      0.1155E-01  0.3006       0.000      0.2280E-03   0.000      0.2223E-02  0.2426       0.000    
   167   12.58      -5.389       1.385       2.550      0.2664       0.000      0.7668      0.1039E-01  0.3011       0.000     -0.8824E-04   0.000      0.2429E-02  0.2419       0.000    
   168   12.59      -5.495       1.385       2.537      0.2743       0.000      0.7641      0.8645E-02  0.3017       0.000     -0.5877E-03   0.000      0.2698E-02  0.2411       0.000    
   169   12.59      -5.605       1.385       2.523      0.2811       0.000      0.7612      0.5642E-02  0.3022       0.000     -0.1470E-02   0.000      0.3052E-02  0.2399       0.000    
   170   12.59      -5.718       1.385       2.509      0.2866     -0.1114E-12  0.7581     -0.9975E-03  0.3027       0.000     -0.3384E-02   0.000      0.3532E-02  0.2383       0.000    
   171   12.60      -5.833       1.385       2.495      0.2908      0.1091E-12  0.7548     -0.3155E-01  0.3035       0.000     -0.1067E-01   0.000      0.4249E-02  0.2360       0.000    
   172   12.60      -5.955       1.385       2.480      0.3158       0.000      0.5503      0.4485E-01  0.3943      0.1728      0.2894E-01   0.000      0.2807E-01  0.1788       1.772    
   173   12.60      -6.084       1.385       2.464      0.3176      0.9872E-13  0.5140      0.4224E-01  0.3942      0.1859      0.2581E-01   0.000      0.2878E-01  0.1770       1.784    
   174   12.61      -6.213       1.385       2.449      0.3180     -0.1959E-12  0.4957      0.4096E-01  0.3923      0.1901      0.2493E-01   0.000      0.2881E-01  0.1766       1.795    
   175   12.61      -6.343       1.385       2.433      0.3172      0.9756E-13  0.4858      0.4003E-01  0.3905      0.1910      0.2458E-01   0.000      0.2865E-01  0.1766       1.807    
   176   12.62      -6.474       1.385       2.416      0.3151       0.000      0.4822      0.4073E-01  0.3912      0.1919      0.2462E-01   0.000      0.2886E-01  0.1762       1.819    
   177   12.62      -6.604       1.385       2.400      0.3118       0.000      0.4849      0.4080E-01  0.3947      0.1929      0.2506E-01   0.000      0.2949E-01  0.1753       1.831    
   178   12.62      -6.733       1.385       2.385      0.3073       0.000      0.4962      0.4198E-01  0.3982      0.1905      0.2604E-01   0.000      0.2984E-01  0.1751       1.843    
   179   12.63      -6.862       1.385       2.369      0.3016       0.000      0.5252      0.4458E-01  0.4001      0.1787      0.2927E-01   0.000      0.2943E-01  0.1764       1.856    
   180   12.63      -6.984       1.385       2.354      0.2744      0.1091E-12  0.7163     -0.3554E-01  0.3053       0.000     -0.1040E-01   0.000      0.4447E-02  0.2354       0.000    
   181   12.63      -7.099       1.385       2.340      0.2672     -0.1114E-12  0.7120     -0.4116E-02  0.3049       0.000     -0.3395E-02   0.000      0.3662E-02  0.2380       0.000    
   182   12.64      -7.212       1.385       2.326      0.2591       0.000      0.7078      0.2408E-02  0.3048       0.000     -0.1528E-02   0.000      0.3119E-02  0.2398       0.000    
   183   12.64      -7.322       1.385       2.312      0.2501      0.1176E-12  0.7035      0.5147E-02  0.3047       0.000     -0.6621E-03   0.000      0.2707E-02  0.2411       0.000    
   184   12.64      -7.428       1.385       2.299      0.2402     -0.1218E-12  0.6993      0.6585E-02  0.3046       0.000     -0.1690E-03   0.000      0.2382E-02  0.2422       0.000    
   185   12.65      -7.531       1.385       2.287      0.2295       0.000      0.6952      0.7427E-02  0.3045       0.000      0.1442E-03   0.000      0.2125E-02  0.2430       0.000    
   186   12.65      -7.629       1.385       2.274      0.2181       0.000      0.6913      0.7952E-02  0.3043       0.000      0.3565E-03   0.000      0.1919E-02  0.2437       0.000    
   187   12.65      -7.722       1.385       2.263      0.2060       0.000      0.6876      0.8290E-02  0.3042       0.000      0.5064E-03   0.000      0.1755E-02  0.2442       0.000    
   188   12.66      -7.811       1.385       2.252      0.1933       0.000      0.6840      0.8513E-02  0.3041       0.000      0.6151E-03   0.000      0.1625E-02  0.2447       0.000    
   189   12.66      -7.894       1.385       2.242      0.1800       0.000      0.6806      0.8661E-02  0.3040       0.000      0.6953E-03   0.000      0.1523E-02  0.2450       0.000    
   190   12.66      -7.971       1.385       2.232      0.1661       0.000      0.6775      0.8759E-02  0.3039       0.000      0.7550E-03   0.000      0.1443E-02  0.2452       0.000    
   191   12.66      -8.043       1.385       2.224      0.1517       0.000      0.6746      0.8823E-02  0.3038       0.000      0.7994E-03   0.000      0.1383E-02  0.2454       0.000    
   192   12.67      -8.108       1.385       2.216      0.1369       0.000      0.6720      0.8863E-02  0.3037       0.000      0.8323E-03   0.000      0.1338E-02  0.2456       0.000    
   193   12.67      -8.166       1.385       2.208      0.1217       0.000      0.6696      0.8887E-02  0.3036       0.000      0.8565E-03   0.000      0.1306E-02  0.2457       0.000    
   194   12.67      -8.218       1.385       2.202      0.1061       0.000      0.6675      0.8900E-02  0.3035       0.000      0.8739E-03   0.000      0.1283E-02  0.2458       0.000    
   195   12.67      -8.262       1.385       2.197      0.9031E-01   0.000      0.6657      0.8905E-02  0.3034       0.000      0.8861E-03   0.000      0.1268E-02  0.2458       0.000    
   196   12.67      -8.300       1.385       2.192      0.7423E-01   0.000      0.6641      0.8906E-02  0.3034       0.000      0.8945E-03   0.000      0.1258E-02  0.2459       0.000    
   197   12.67      -8.330       1.385       2.188      0.5794E-01   0.000      0.6629      0.8904E-02  0.3033       0.000      0.9000E-03   0.000      0.1252E-02  0.2459       0.000    
   198   12.67      -8.353       1.385       2.185      0.4150E-01   0.000      0.6620      0.8901E-02  0.3033       0.000      0.9035E-03   0.000      0.1249E-02  0.2459       0.000    
   199   12.67      -8.368       1.385       2.184      0.2494E-01   0.000      0.6614      0.8898E-02  0.3033       0.000      0.9062E-03   0.000      0.1248E-02  0.2459       0.000    
   200   12.67      -8.376       1.385       2.183      0.8321E-02   0.000      0.6611      0.8897E-02  0.3032       0.000      0.9030E-03   0.000      0.1247E-02  0.2459       0.000    

 Surface forces referred to Sref,Cref,Bref about Xmom,Ymom,Zmom
 Standard axis orientation,  X fwd, Z down         

  Surface # 5     main_wing_3                             
     # chordwise = 10   # spanwise = 50     First strip =201
     Surface area =  10.018           ave. chord =  1.8496    
     CLsurf  =   0.045549     Clsurf  =  -0.017559
     CYsurf  =  -0.000148     Cmsurf  =  -0.027882
     CDsurf  =   0.000926     Cnsurf  =  -0.000546
     CDisurf =   0.000390     CDvsurf =   0.000000

  Forces referred to Ssurf, Cave about hinge axis thru LE
     cl_surf =   0.288326     cd_surf =   0.005863

 Strip Forces referred to strip area, chord
    j    xLE         yLE         zLE         Chord       Area        Dihedral   c cl        ai_ff       cl           clj         cd          cdv         cm_c/4     c.p.x/c      Dcj
   201   12.67       8.378       1.385       2.182      0.1206E-01  0.2302E-11  0.6609      0.8899E-02  0.3032       0.000      0.9069E-03   0.000      0.1247E-02  0.2459       0.000    
   202   12.67       8.389       1.385       2.181      0.3612E-01 -0.7683E-12  0.6605      0.8897E-02  0.3032       0.000      0.9097E-03   0.000      0.1247E-02  0.2459       0.000    
   203   12.67       8.411       1.385       2.178      0.5996E-01   0.000      0.6596      0.8891E-02  0.3032       0.000      0.9113E-03   0.000      0.1247E-02  0.2459       0.000    
   204   12.68       8.444       1.385       2.174      0.8346E-01   0.000      0.6583      0.8881E-02  0.3031       0.000      0.9133E-03   0.000      0.1248E-02  0.2459       0.000    
   205   12.68       8.488       1.385       2.169      0.1065       0.000      0.6565      0.8864E-02  0.3031       0.000      0.9139E-03   0.000      0.1253E-02  0.2459       0.000    
   206   12.68       8.542       1.385       2.162      0.1289       0.000      0.6543      0.8836E-02  0.3030       0.000      0.9114E-03   0.000      0.1266E-02  0.2458       0.000    
   207   12.68       8.607       1.385       2.154      0.1505     -0.1821E-12  0.6516      0.8793E-02  0.3029       0.000      0.9036E-03   0.000      0.1289E-02  0.2457       0.000    
   208   12.68       8.682       1.385       2.145      0.1714      0.1593E-12  0.6486      0.8728E-02  0.3027       0.000      0.8876E-03   0.000      0.1327E-02  0.2456       0.000    
   209   12.69       8.767       1.385       2.135      0.1912      0.1420E-12  0.6451      0.8632E-02  0.3026       0.000      0.8592E-03   0.000      0.1387E-02  0.2454       0.000    
   210   12.69       8.861       1.385       2.123      0.2100     -0.2573E-12  0.6413      0.8488E-02  0.3024       0.000      0.8126E-03   0.000      0.1475E-02  0.2451       0.000    
   211   12.69       8.964       1.385       2.110      0.2276      0.1180E-12  0.6370      0.8269E-02  0.3023       0.000      0.7386E-03   0.000      0.1602E-02  0.2447       0.000    
   212   12.70       9.077       1.385       2.096      0.2440       0.000      0.6324      0.7927E-02  0.3021       0.000      0.6216E-03   0.000      0.1781E-02  0.2441       0.000    
   213   12.70       9.197       1.385       2.082      0.2590       0.000      0.6275      0.7364E-02  0.3018       0.000      0.4330E-03   0.000      0.2030E-02  0.2433       0.000    
   214   12.70       9.325       1.385       2.066      0.2727       0.000      0.6221      0.6371E-02  0.3016       0.000      0.1137E-03   0.000      0.2375E-02  0.2421       0.000    
   215   12.71       9.461       1.385       2.049      0.2849       0.000      0.6164      0.4404E-02  0.3012       0.000     -0.4814E-03   0.000      0.2861E-02  0.2405       0.000    
   216   12.71       9.603       1.385       2.032      0.2957       0.000      0.6103     -0.4755E-03  0.3009       0.000     -0.1835E-02   0.000      0.3560E-02  0.2382       0.000    
   217   12.72       9.752       1.385       2.013      0.3050       0.000      0.6038     -0.2474E-01  0.3006       0.000     -0.7154E-02   0.000      0.4650E-02  0.2345       0.000    
   218   12.72       9.897       1.385       1.996      0.2754     -0.9218E-13  0.4218      0.4442E-01  0.4131      0.2020      0.2968E-01   0.000      0.3476E-01  0.1659       2.203    
   219   12.72       10.04       1.385       1.978      0.2812       0.000      0.3875      0.4178E-01  0.4115      0.2158      0.2692E-01   0.000      0.3589E-01  0.1628       2.222    
   220   12.73       10.18       1.385       1.961      0.2858       0.000      0.3693      0.4066E-01  0.4073      0.2192      0.2601E-01   0.000      0.3602E-01  0.1616       2.242    
   221   12.73       10.33       1.385       1.943      0.2890      0.8553E-13  0.3589      0.4144E-01  0.4042      0.2198      0.2564E-01   0.000      0.3607E-01  0.1608       2.263    
   222   12.74       10.48       1.385       1.924      0.2909       0.000      0.3548      0.4055E-01  0.4056      0.2215      0.2578E-01   0.000      0.3684E-01  0.1592       2.284    
   223   12.74       10.63       1.385       1.905      0.2915     -0.8316E-13  0.3583      0.4159E-01  0.4092      0.2214      0.2643E-01   0.000      0.3767E-01  0.1579       2.307    
   224   12.75       10.78       1.385       1.887      0.2909      0.8250E-13  0.3770      0.4418E-01  0.4103      0.2107      0.2860E-01   0.000      0.3733E-01  0.1590       2.330    
   225   12.75       10.95       1.385       1.866      0.3233      0.7345E-13  0.5357     -0.1909E-01  0.2877       0.000     -0.5490E-02   0.000      0.5393E-02  0.2313       0.000    
   226   12.76       11.12       1.385       1.845      0.3196     -0.7345E-13  0.5241      0.3959E-02  0.2845       0.000     -0.8334E-03   0.000      0.4270E-02  0.2350       0.000    
   227   12.76       11.29       1.385       1.824      0.3147       0.000      0.5118      0.9091E-02  0.2810       0.000      0.4158E-03   0.000      0.3598E-02  0.2372       0.000    
   228   12.77       11.47       1.385       1.803      0.3086       0.000      0.4989      0.1156E-01  0.2770       0.000      0.1012E-02   0.000      0.3188E-02  0.2385       0.000    
   229   12.77       11.64       1.385       1.782      0.3014       0.000      0.4854      0.1316E-01  0.2727       0.000      0.1369E-02   0.000      0.2963E-02  0.2391       0.000    
   230   12.78       11.80       1.385       1.761      0.2931      0.7645E-13  0.4713      0.1443E-01  0.2679       0.000      0.1614E-02   0.000      0.2876E-02  0.2393       0.000    
   231   12.78       11.97       1.385       1.741      0.2839     -0.7802E-13  0.4567      0.1556E-01  0.2626       0.000      0.1798E-02   0.000      0.2898E-02  0.2390       0.000    
   232   12.79       12.13       1.385       1.721      0.2737       0.000      0.4414      0.1665E-01  0.2567       0.000      0.1945E-02   0.000      0.3007E-02  0.2383       0.000    
   233   12.79       12.29       1.385       1.702      0.2628       0.000      0.4255      0.1774E-01  0.2503       0.000      0.2068E-02   0.000      0.3189E-02  0.2373       0.000    
   234   12.80       12.44       1.385       1.683      0.2511       0.000      0.4089      0.1885E-01  0.2431       0.000      0.2171E-02   0.000      0.3430E-02  0.2359       0.000    
   235   12.80       12.58       1.385       1.665      0.2387       0.000      0.3914      0.2001E-01  0.2353       0.000      0.2260E-02   0.000      0.3720E-02  0.2342       0.000    
   236   12.81       12.73       1.385       1.648      0.2257       0.000      0.3731      0.2120E-01  0.2266       0.000      0.2333E-02   0.000      0.4049E-02  0.2321       0.000    
   237   12.81       12.86       1.385       1.632      0.2121       0.000      0.3539      0.2243E-01  0.2171       0.000      0.2391E-02   0.000      0.4404E-02  0.2297       0.000    
   238   12.82       12.99       1.385       1.616      0.1980       0.000      0.3337      0.2367E-01  0.2067       0.000      0.2431E-02   0.000      0.4770E-02  0.2269       0.000    
   239   12.82       13.10       1.385       1.601      0.1835       0.000      0.3125      0.2493E-01  0.1953       0.000      0.2452E-02   0.000      0.5128E-02  0.2237       0.000    
   240   12.82       13.21       1.385       1.588      0.1687       0.000      0.2902      0.2618E-01  0.1829       0.000      0.2450E-02   0.000      0.5453E-02  0.2202       0.000    
   241   12.83       13.32       1.385       1.575      0.1535       0.000      0.2668      0.2740E-01  0.1695       0.000      0.2423E-02   0.000      0.5717E-02  0.2163       0.000    
   242   12.83       13.41       1.385       1.564      0.1380       0.000      0.2423      0.2858E-01  0.1551       0.000      0.2366E-02   0.000      0.5887E-02  0.2120       0.000    
   243   12.83       13.49       1.385       1.554      0.1222       0.000      0.2168      0.2970E-01  0.1396       0.000      0.2278E-02   0.000      0.5928E-02  0.2075       0.000    
   244   12.83       13.57       1.385       1.545      0.1063       0.000      0.1903      0.3075E-01  0.1233       0.000      0.2153E-02   0.000      0.5805E-02  0.2029       0.000    
   245   12.84       13.63       1.385       1.537      0.9021E-01   0.000      0.1628      0.3171E-01  0.1060       0.000      0.1988E-02   0.000      0.5487E-02  0.1982       0.000    
   246   12.84       13.68       1.385       1.530      0.7398E-01   0.000      0.1345      0.3256E-01  0.8791E-01   0.000      0.1779E-02   0.000      0.4950E-02  0.1937       0.000    
   247   12.84       13.73       1.385       1.525      0.5765E-01   0.000      0.1054      0.3331E-01  0.6915E-01   0.000      0.1524E-02   0.000      0.4184E-02  0.1895       0.000    
   248   12.84       13.76       1.385       1.521      0.4123E-01   0.000      0.7576E-01  0.3393E-01  0.4982E-01   0.000      0.1204E-02   0.000      0.3194E-02  0.1859       0.000    
   249   12.84       13.78       1.385       1.518      0.2476E-01   0.000      0.4564E-01  0.3438E-01  0.3006E-01   0.000      0.7783E-03   0.000      0.2008E-02  0.1832       0.000    
   250   12.84       13.79       1.385       1.517      0.8257E-02   0.000      0.1525E-01  0.3461E-01  0.1005E-01   0.000      0.2522E-03   0.000      0.6851E-03  0.1818       0.000    

 Surface forces referred to Sref,Cref,Bref about Xmom,Ymom,Zmom
 Standard axis orientation,  X fwd, Z down         

  Surface # 6     main_wing_3 (YDUP)                      
     # chordwise = 10   # spanwise = 50     First strip =251
     Surface area =  10.018           ave. chord =  1.8496    
     CLsurf  =   0.045554     Clsurf  =   0.017562
     CYsurf  =   0.000148     Cmsurf  =  -0.027885
     CDsurf  =   0.000926     Cnsurf  =   0.000546
     CDisurf =   0.000390     CDvsurf =   0.000000

  Forces referred to Ssurf, Cave about hinge axis thru LE
     cl_surf =   0.288357     cd_surf =   0.005863

 Strip Forces referred to strip area, chord
    j    xLE         yLE         zLE         Chord       Area        Dihedral   c cl        ai_ff       cl           clj         cd          cdv         cm_c/4     c.p.x/c      Dcj
   251   12.67      -8.378       1.385       2.182      0.1206E-01 -0.2302E-11  0.6610      0.8896E-02  0.3033       0.000      0.9059E-03   0.000      0.1247E-02  0.2459       0.000    
   252   12.67      -8.389       1.385       2.181      0.3612E-01  0.7683E-12  0.6605      0.8894E-02  0.3032       0.000      0.9087E-03   0.000      0.1247E-02  0.2459       0.000    
   253   12.67      -8.411       1.385       2.178      0.5996E-01   0.000      0.6596      0.8889E-02  0.3032       0.000      0.9104E-03   0.000      0.1246E-02  0.2459       0.000    
   254   12.68      -8.444       1.385       2.174      0.8346E-01   0.000      0.6583      0.8878E-02  0.3031       0.000      0.9124E-03   0.000      0.1248E-02  0.2459       0.000    
   255   12.68      -8.488       1.385       2.169      0.1065       0.000      0.6565      0.8861E-02  0.3031       0.000      0.9132E-03   0.000      0.1253E-02  0.2459       0.000    
   256   12.68      -8.542       1.385       2.162      0.1289       0.000      0.6543      0.8833E-02  0.3030       0.000      0.9108E-03   0.000      0.1265E-02  0.2458       0.000    
   257   12.68      -8.607       1.385       2.154      0.1505      0.1821E-12  0.6517      0.8790E-02  0.3029       0.000      0.9032E-03   0.000      0.1288E-02  0.2457       0.000    
   258   12.68      -8.682       1.385       2.145      0.1714     -0.1593E-12  0.6486      0.8725E-02  0.3028       0.000      0.8874E-03   0.000      0.1326E-02  0.2456       0.000    
   259   12.69      -8.767       1.385       2.135      0.1912     -0.1420E-12  0.6451      0.8629E-02  0.3026       0.000      0.8592E-03   0.000      0.1386E-02  0.2454       0.000    
   260   12.69      -8.861       1.385       2.123      0.2100      0.2573E-12  0.6413      0.8485E-02  0.3024       0.000      0.8130E-03   0.000      0.1474E-02  0.2451       0.000    
   261   12.69      -8.964       1.385       2.110      0.2276     -0.1180E-12  0.6371      0.8266E-02  0.3023       0.000      0.7393E-03   0.000      0.1600E-02  0.2447       0.000    
   262   12.70      -9.077       1.385       2.096      0.2440       0.000      0.6324      0.7924E-02  0.3020       0.000      0.6228E-03   0.000      0.1778E-02  0.2441       0.000    
   263   12.70      -9.197       1.385       2.082      0.2590       0.000      0.6275      0.7361E-02  0.3018       0.000      0.4349E-03   0.000      0.2026E-02  0.2433       0.000    
   264   12.70      -9.325       1.385       2.066      0.2727       0.000      0.6221      0.6368E-02  0.3015       0.000      0.1165E-03   0.000      0.2371E-02  0.2421       0.000    
   265   12.71      -9.461       1.385       2.049      0.2849       0.000      0.6164      0.4400E-02  0.3012       0.000     -0.4772E-03   0.000      0.2855E-02  0.2405       0.000    
   266   12.71      -9.603       1.385       2.032      0.2957       0.000      0.6103     -0.4795E-03  0.3009       0.000     -0.1829E-02   0.000      0.3553E-02  0.2382       0.000    
   267   12.72      -9.752       1.385       2.013      0.3050       0.000      0.6037     -0.2475E-01  0.3006       0.000     -0.7144E-02   0.000      0.4642E-02  0.2346       0.000    
   268   12.72      -9.897       1.385       1.996      0.2754      0.9218E-13  0.4218      0.4442E-01  0.4131      0.2020      0.2968E-01   0.000      0.3475E-01  0.1659       2.203    
   269   12.72      -10.04       1.385       1.978      0.2812       0.000      0.3875      0.4178E-01  0.4115      0.2159      0.2692E-01   0.000      0.3589E-01  0.1628       2.222    
   270   12.73      -10.18       1.385       1.961      0.2858       0.000      0.3694      0.4062E-01  0.4075      0.2194      0.2602E-01   0.000      0.3606E-01  0.1615       2.242    
   271   12.73      -10.33       1.385       1.943      0.2890     -0.8553E-13  0.3589      0.3724E-01  0.4044      0.2199      0.2565E-01   0.000      0.3610E-01  0.1607       2.263    
   272   12.74      -10.48       1.385       1.924      0.2909       0.000      0.3548      0.4063E-01  0.4055      0.2214      0.2577E-01   0.000      0.3680E-01  0.1592       2.284    
   273   12.74      -10.63       1.385       1.905      0.2915      0.8316E-13  0.3583      0.4159E-01  0.4092      0.2214      0.2643E-01   0.000      0.3767E-01  0.1580       2.307    
   274   12.75      -10.78       1.385       1.887      0.2909     -0.8250E-13  0.3771      0.4418E-01  0.4104      0.2108      0.2861E-01   0.000      0.3734E-01  0.1590       2.330    
   275   12.75      -10.95       1.385       1.866      0.3233     -0.7345E-13  0.5359     -0.1909E-01  0.2878       0.000     -0.5505E-02   0.000      0.5402E-02  0.2312       0.000    
   276   12.76      -11.12       1.385       1.845      0.3196      0.7345E-13  0.5243      0.3953E-02  0.2846       0.000     -0.8423E-03   0.000      0.4277E-02  0.2350       0.000    
   277   12.76      -11.29       1.385       1.824      0.3147       0.000      0.5119      0.9085E-02  0.2811       0.000      0.4098E-03   0.000      0.3603E-02  0.2372       0.000    
   278   12.77      -11.47       1.385       1.803      0.3086       0.000      0.4990      0.1155E-01  0.2771       0.000      0.1007E-02   0.000      0.3191E-02  0.2385       0.000    
   279   12.77      -11.64       1.385       1.782      0.3014       0.000      0.4855      0.1316E-01  0.2728       0.000      0.1366E-02   0.000      0.2965E-02  0.2391       0.000    
   280   12.78      -11.80       1.385       1.761      0.2931     -0.7645E-13  0.4714      0.1443E-01  0.2680       0.000      0.1612E-02   0.000      0.2877E-02  0.2393       0.000    
   281   12.78      -11.97       1.385       1.741      0.2839      0.7802E-13  0.4568      0.1555E-01  0.2626       0.000      0.1796E-02   0.000      0.2898E-02  0.2390       0.000    
   282   12.79      -12.13       1.385       1.721      0.2737       0.000      0.4415      0.1664E-01  0.2568       0.000      0.1944E-02   0.000      0.3007E-02  0.2383       0.000    
   283   12.79      -12.29       1.385       1.702      0.2628       0.000      0.4256      0.1773E-01  0.2503       0.000      0.2066E-02   0.000      0.3189E-02  0.2373       0.000    
   284   12.80      -12.44       1.385       1.683      0.2511       0.000      0.4089      0.1885E-01  0.2432       0.000      0.2170E-02   0.000      0.3430E-02  0.2359       0.000    
   285   12.80      -12.58       1.385       1.665      0.2387       0.000      0.3915      0.2000E-01  0.2353       0.000      0.2259E-02   0.000      0.3720E-02  0.2342       0.000    
   286   12.81      -12.73       1.385       1.648      0.2257       0.000      0.3732      0.2120E-01  0.2266       0.000      0.2332E-02   0.000      0.4049E-02  0.2321       0.000    
   287   12.81      -12.86       1.385       1.632      0.2121       0.000      0.3540      0.2242E-01  0.2171       0.000      0.2390E-02   0.000      0.4404E-02  0.2297       0.000    
   288   12.82      -12.99       1.385       1.616      0.1980       0.000      0.3338      0.2367E-01  0.2067       0.000      0.2431E-02   0.000      0.4770E-02  0.2269       0.000    
   289   12.82      -13.10       1.385       1.601      0.1835       0.000      0.3125      0.2493E-01  0.1953       0.000      0.2452E-02   0.000      0.5128E-02  0.2237       0.000    
   290   12.82      -13.21       1.385       1.588      0.1687       0.000      0.2902      0.2618E-01  0.1829       0.000      0.2450E-02   0.000      0.5453E-02  0.2202       0.000    
   291   12.83      -13.32       1.385       1.575      0.1535       0.000      0.2668      0.2740E-01  0.1695       0.000      0.2423E-02   0.000      0.5717E-02  0.2163       0.000    
   292   12.83      -13.41       1.385       1.564      0.1380       0.000      0.2424      0.2858E-01  0.1551       0.000      0.2366E-02   0.000      0.5887E-02  0.2120       0.000    
   293   12.83      -13.49       1.385       1.554      0.1222       0.000      0.2168      0.2970E-01  0.1396       0.000      0.2278E-02   0.000      0.5928E-02  0.2075       0.000    
   294   12.83      -13.57       1.385       1.545      0.1063       0.000      0.1903      0.3075E-01  0.1233       0.000      0.2153E-02   0.000      0.5805E-02  0.2029       0.000    
   295   12.84      -13.63       1.385       1.537      0.9021E-01   0.000      0.1628      0.3170E-01  0.1060       0.000      0.1988E-02   0.000      0.5487E-02  0.1982       0.000    
   296   12.84      -13.68       1.385       1.530      0.7398E-01   0.000      0.1345      0.3256E-01  0.8792E-01   0.000      0.1779E-02   0.000      0.4950E-02  0.1937       0.000    
   297   12.84      -13.73       1.385       1.525      0.5765E-01   0.000      0.1054      0.3331E-01  0.6916E-01   0.000      0.1524E-02   0.000      0.4184E-02  0.1895       0.000    
   298   12.84      -13.76       1.385       1.521      0.4123E-01   0.000      0.7576E-01  0.3393E-01  0.4982E-01   0.000      0.1204E-02   0.000      0.3194E-02  0.1859       0.000    
   299   12.84      -13.78       1.385       1.518      0.2476E-01   0.000      0.4565E-01  0.3438E-01  0.3007E-01   0.000      0.7783E-03   0.000      0.2008E-02  0.1832       0.000    
   300   12.84      -13.79       1.385       1.517      0.8257E-02   0.000      0.1525E-01  0.3461E-01  0.1005E-01   0.000      0.2522E-03   0.000      0.6851E-03  0.1818       0.000    

 Surface forces referred to Sref,Cref,Bref about Xmom,Ymom,Zmom
 Standard axis orientation,  X fwd, Z down         

  Surface # 7     horizontal_stabilizer                   
     # chordwise = 10   # spanwise = 30     First strip =301
     Surface area =  10.840           ave. chord =  1.9008    
     CLsurf  =   0.030184     Clsurf  =  -0.002719
     CYsurf  =  -0.000069     Cmsurf  =  -0.166704
     CDsurf  =   0.000653     Cnsurf  =  -0.000051
     CDisurf =   0.000653     CDvsurf =   0.000000

  Forces referred to Ssurf, Cave about hinge axis thru LE
     cl_surf =   0.176586     cd_surf =   0.003822

 Strip Forces referred to strip area, chord
    j    xLE         yLE         zLE         Chord       Area        Dihedral   c cl        ai_ff       cl           clj         cd          cdv         cm_c/4     c.p.x/c      Dcj
   301   23.82      0.3908E-02   5.951       2.375      0.3710E-01   0.000      0.4157      0.2853E-01  0.1744       0.000      0.1590E-01   0.000     -0.1246E-02  0.2571       0.000    
   302   23.82      0.3510E-01   5.951       2.370      0.1107       0.000      0.4157      0.2848E-01  0.1753       0.000      0.5498E-02   0.000     -0.1178E-02  0.2567       0.000    
   303   23.83      0.9715E-01   5.951       2.360      0.1823       0.000      0.4157      0.2841E-01  0.1761       0.000      0.4814E-02   0.000     -0.9725E-03  0.2555       0.000    
   304   23.85      0.1894       5.951       2.345      0.2508       0.000      0.4154      0.2835E-01  0.1772       0.000      0.4563E-02   0.000     -0.6767E-03  0.2538       0.000    
   305   23.87      0.3108       5.951       2.324      0.3149      0.3756E-12  0.4150      0.2827E-01  0.1786       0.000      0.4398E-02   0.000     -0.3536E-03  0.2520       0.000    
   306   23.89      0.4600       5.951       2.299      0.3738       0.000      0.4142      0.2819E-01  0.1801       0.000      0.4277E-02   0.000     -0.4499E-04  0.2502       0.000    
   307   23.91      0.6354       5.951       2.270      0.4264     -0.2709E-12  0.4128      0.2809E-01  0.1819       0.000      0.4186E-02   0.000      0.2258E-03  0.2488       0.000    
   308   23.94      0.8351       5.951       2.237      0.4721       0.000      0.4109      0.2799E-01  0.1837       0.000      0.4116E-02   0.000      0.4493E-03  0.2476       0.000    
   309   23.97       1.057       5.951       2.200      0.5102      0.2194E-12  0.4081      0.2788E-01  0.1856       0.000      0.4062E-02   0.000      0.6261E-03  0.2466       0.000    
   310   24.01       1.298       5.951       2.160      0.5406     -0.4066E-12  0.4045      0.2776E-01  0.1873       0.000      0.4019E-02   0.000      0.7633E-03  0.2459       0.000    
   311   24.05       1.557       5.951       2.117      0.5628      0.3827E-12  0.3998      0.2766E-01  0.1890       0.000      0.3984E-02   0.000      0.8717E-03  0.2454       0.000    
   312   24.09       1.829       5.951       2.071      0.5771     -0.1826E-12  0.3941      0.2758E-01  0.1904       0.000      0.3952E-02   0.000      0.9637E-03  0.2449       0.000    
   313   24.13       2.113       5.951       2.024      0.5834       0.000      0.3873      0.2754E-01  0.1914       0.000      0.3923E-02   0.000      0.1052E-02  0.2445       0.000    
   314   24.17       2.405       5.951       1.975      0.5822       0.000      0.3793      0.2757E-01  0.1921       0.000      0.3895E-02   0.000      0.1147E-02  0.2440       0.000    
   315   24.22       2.702       5.951       1.926      0.5739     -0.1707E-12  0.3701      0.2768E-01  0.1923       0.000      0.3865E-02   0.000      0.1262E-02  0.2434       0.000    
   316   24.26       3.000       5.951       1.876      0.5591      0.1707E-12  0.3597      0.2789E-01  0.1918       0.000      0.3833E-02   0.000      0.1407E-02  0.2427       0.000    
   317   24.30       3.297       5.951       1.827      0.5384       0.000      0.3479      0.2824E-01  0.1906       0.000      0.3796E-02   0.000      0.1595E-02  0.2416       0.000    
   318   24.35       3.589       5.951       1.778      0.5125       0.000      0.3348      0.2874E-01  0.1884       0.000      0.3752E-02   0.000      0.1837E-02  0.2402       0.000    
   319   24.39       3.873       5.951       1.731      0.4822       0.000      0.3201      0.2941E-01  0.1851       0.000      0.3699E-02   0.000      0.2147E-02  0.2384       0.000    
   320   24.43       4.146       5.951       1.685      0.4481       0.000      0.3038      0.3027E-01  0.1803       0.000      0.3630E-02   0.000      0.2537E-02  0.2359       0.000    
   321   24.47       4.404       5.951       1.642      0.4110       0.000      0.2856      0.3132E-01  0.1740       0.000      0.3541E-02   0.000      0.3014E-02  0.2327       0.000    
   322   24.50       4.646       5.951       1.602      0.3715       0.000      0.2653      0.3254E-01  0.1657       0.000      0.3422E-02   0.000      0.3574E-02  0.2284       0.000    
   323   24.53       4.867       5.951       1.565      0.3302       0.000      0.2427      0.3389E-01  0.1552       0.000      0.3265E-02   0.000      0.4191E-02  0.2230       0.000    
   324   24.56       5.067       5.951       1.532      0.2876       0.000      0.2177      0.3531E-01  0.1422       0.000      0.3059E-02   0.000      0.4801E-02  0.2162       0.000    
   325   24.59       5.243       5.951       1.502      0.2442       0.000      0.1900      0.3673E-01  0.1265       0.000      0.2796E-02   0.000      0.5297E-02  0.2081       0.000    
   326   24.61       5.392       5.951       1.477      0.2002       0.000      0.1598      0.3807E-01  0.1082       0.000      0.2466E-02   0.000      0.5526E-02  0.1989       0.000    
   327   24.63       5.513       5.951       1.457      0.1558       0.000      0.1272      0.3927E-01  0.8731E-01   0.000      0.2064E-02   0.000      0.5317E-02  0.1891       0.000    
   328   24.64       5.605       5.951       1.442      0.1114       0.000      0.9252E-01  0.4027E-01  0.6418E-01   0.000      0.1587E-02   0.000      0.4522E-02  0.1795       0.000    
   329   24.65       5.667       5.951       1.431      0.6683E-01   0.000      0.5621E-01  0.4104E-01  0.3927E-01   0.000      0.1026E-02   0.000      0.3084E-02  0.1715       0.000    
   330   24.66       5.699       5.951       1.426      0.2228E-01   0.000      0.1886E-01  0.4148E-01  0.1322E-01   0.000      0.3072E-03   0.000      0.1100E-02  0.1669       0.000    

 Surface forces referred to Sref,Cref,Bref about Xmom,Ymom,Zmom
 Standard axis orientation,  X fwd, Z down         

  Surface # 8     horizontal_stabilizer (YDUP)            
     # chordwise = 10   # spanwise = 30     First strip =331
     Surface area =  10.840           ave. chord =  1.9008    
     CLsurf  =   0.030181     Clsurf  =   0.002719
     CYsurf  =   0.000069     Cmsurf  =  -0.166686
     CDsurf  =   0.000653     Cnsurf  =   0.000051
     CDisurf =   0.000653     CDvsurf =   0.000000

  Forces referred to Ssurf, Cave about hinge axis thru LE
     cl_surf =   0.176568     cd_surf =   0.003822

 Strip Forces referred to strip area, chord
    j    xLE         yLE         zLE         Chord       Area        Dihedral   c cl        ai_ff       cl           clj         cd          cdv         cm_c/4     c.p.x/c      Dcj
   331   23.82     -0.3908E-02   5.951       2.375      0.3710E-01   0.000      0.4157      0.2853E-01  0.1744       0.000      0.1592E-01   0.000     -0.1245E-02  0.2571       0.000    
   332   23.82     -0.3510E-01   5.951       2.370      0.1107       0.000      0.4157      0.2848E-01  0.1753       0.000      0.5499E-02   0.000     -0.1178E-02  0.2567       0.000    
   333   23.83     -0.9715E-01   5.951       2.360      0.1823       0.000      0.4156      0.2841E-01  0.1761       0.000      0.4814E-02   0.000     -0.9727E-03  0.2555       0.000    
   334   23.85     -0.1894       5.951       2.345      0.2508       0.000      0.4154      0.2835E-01  0.1772       0.000      0.4563E-02   0.000     -0.6770E-03  0.2538       0.000    
   335   23.87     -0.3108       5.951       2.324      0.3149     -0.3756E-12  0.4149      0.2827E-01  0.1785       0.000      0.4398E-02   0.000     -0.3538E-03  0.2520       0.000    
   336   23.89     -0.4600       5.951       2.299      0.3738       0.000      0.4141      0.2819E-01  0.1801       0.000      0.4277E-02   0.000     -0.4517E-04  0.2503       0.000    
   337   23.91     -0.6354       5.951       2.270      0.4264      0.2709E-12  0.4128      0.2809E-01  0.1819       0.000      0.4186E-02   0.000      0.2256E-03  0.2488       0.000    
   338   23.94     -0.8351       5.951       2.237      0.4721       0.000      0.4108      0.2799E-01  0.1837       0.000      0.4117E-02   0.000      0.4492E-03  0.2476       0.000    
   339   23.97      -1.057       5.951       2.200      0.5102     -0.2194E-12  0.4081      0.2788E-01  0.1855       0.000      0.4063E-02   0.000      0.6260E-03  0.2466       0.000    
   340   24.01      -1.298       5.951       2.160      0.5406      0.4066E-12  0.4044      0.2777E-01  0.1873       0.000      0.4020E-02   0.000      0.7632E-03  0.2459       0.000    
   341   24.05      -1.557       5.951       2.117      0.5628     -0.3827E-12  0.3998      0.2766E-01  0.1889       0.000      0.3984E-02   0.000      0.8717E-03  0.2454       0.000    
   342   24.09      -1.829       5.951       2.071      0.5771      0.1826E-12  0.3941      0.2758E-01  0.1903       0.000      0.3953E-02   0.000      0.9637E-03  0.2449       0.000    
   343   24.13      -2.113       5.951       2.024      0.5834       0.000      0.3873      0.2755E-01  0.1914       0.000      0.3924E-02   0.000      0.1052E-02  0.2445       0.000    
   344   24.17      -2.405       5.951       1.975      0.5822       0.000      0.3793      0.2757E-01  0.1921       0.000      0.3895E-02   0.000      0.1147E-02  0.2440       0.000    
   345   24.22      -2.702       5.951       1.926      0.5739      0.1707E-12  0.3701      0.2768E-01  0.1922       0.000      0.3865E-02   0.000      0.1262E-02  0.2434       0.000    
   346   24.26      -3.000       5.951       1.876      0.5591     -0.1707E-12  0.3597      0.2790E-01  0.1918       0.000      0.3833E-02   0.000      0.1407E-02  0.2427       0.000    
   347   24.30      -3.297       5.951       1.827      0.5384       0.000      0.3479      0.2824E-01  0.1905       0.000      0.3796E-02   0.000      0.1595E-02  0.2416       0.000    
   348   24.35      -3.589       5.951       1.778      0.5125       0.000      0.3348      0.2874E-01  0.1884       0.000      0.3753E-02   0.000      0.1837E-02  0.2402       0.000    
   349   24.39      -3.873       5.951       1.731      0.4822       0.000      0.3201      0.2942E-01  0.1850       0.000      0.3699E-02   0.000      0.2147E-02  0.2384       0.000    
   350   24.43      -4.146       5.951       1.685      0.4481       0.000      0.3038      0.3028E-01  0.1803       0.000      0.3630E-02   0.000      0.2537E-02  0.2359       0.000    
   351   24.47      -4.404       5.951       1.642      0.4110       0.000      0.2856      0.3132E-01  0.1740       0.000      0.3541E-02   0.000      0.3014E-02  0.2327       0.000    
   352   24.50      -4.646       5.951       1.602      0.3715       0.000      0.2653      0.3254E-01  0.1657       0.000      0.3422E-02   0.000      0.3574E-02  0.2284       0.000    
   353   24.53      -4.867       5.951       1.565      0.3302       0.000      0.2427      0.3389E-01  0.1552       0.000      0.3265E-02   0.000      0.4191E-02  0.2230       0.000    
   354   24.56      -5.067       5.951       1.532      0.2876       0.000      0.2177      0.3531E-01  0.1422       0.000      0.3059E-02   0.000      0.4801E-02  0.2162       0.000    
   355   24.59      -5.243       5.951       1.502      0.2442       0.000      0.1900      0.3673E-01  0.1265       0.000      0.2796E-02   0.000      0.5296E-02  0.2081       0.000    
   356   24.61      -5.392       5.951       1.477      0.2002       0.000      0.1598      0.3807E-01  0.1082       0.000      0.2466E-02   0.000      0.5526E-02  0.1989       0.000    
   357   24.63      -5.513       5.951       1.457      0.1558       0.000      0.1272      0.3927E-01  0.8731E-01   0.000      0.2064E-02   0.000      0.5317E-02  0.1891       0.000    
   358   24.64      -5.605       5.951       1.442      0.1114       0.000      0.9252E-01  0.4028E-01  0.6417E-01   0.000      0.1587E-02   0.000      0.4522E-02  0.1795       0.000    
   359   24.65      -5.667       5.951       1.431      0.6683E-01   0.000      0.5621E-01  0.4104E-01  0.3927E-01   0.000      0.1026E-02   0.000      0.3083E-02  0.1715       0.000    
   360   24.66      -5.699       5.951       1.426      0.2228E-01   0.000      0.1886E-01  0.4148E-01  0.1322E-01   0.000      0.3072E-03   0.000      0.1099E-02  0.1669       0.000    

 Surface forces referred to Sref,Cref,Bref about Xmom,Ymom,Zmom
 Standard axis orientation,  X fwd, Z down         

  Surface # 9     vertical_stabilizer                     
     # chordwise = 10   # spanwise = 30     First strip =361
     Surface area =  15.080           ave. chord =  3.0700    
     CLsurf  =   0.000000     Clsurf  =  -0.000000
     CYsurf  =  -0.000006     Cmsurf  =  -0.000000
     CDsurf  =  -0.000000     Cnsurf  =   0.000002
     CDisurf =  -0.000000     CDvsurf =   0.000000

  Forces referred to Ssurf, Cave about hinge axis thru LE
     cl_surf =   0.000000     cd_surf =  -0.000000

 Strip Forces referred to strip area, chord
    j    xLE         yLE         zLE         Chord       Area        Dihedral   c cl        ai_ff       cl           clj         cd          cdv         cm_c/4     c.p.x/c      Dcj
   361   20.77       0.000       1.055       3.833      0.1449       90.00      0.2241E-04 -0.1673E-04  0.5846E-05   0.000      0.2082E-10   0.000      0.4037E-06  0.1809       0.000    
   362   20.80       0.000       1.105       3.817      0.2360       90.00      0.4160E-04  0.4606E-03  0.1090E-04   0.000     -0.6208E-11   0.000      0.7995E-06  0.1766       0.000    
   363   20.85       0.000       1.178       3.794      0.3239       90.00      0.6200E-04  0.5621E-04  0.1634E-04   0.000     -0.7532E-10   0.000      0.1334E-05  0.1684       0.000    
   364   20.91       0.000       1.275       3.764      0.4072       90.00      0.8521E-04  0.1093E-03  0.2264E-04   0.000     -0.2503E-09   0.000      0.2118E-05  0.1565       0.000    
   365   20.98       0.000       1.394       3.726      0.4846       90.00      0.3956E-03 -0.5166E-03  0.1062E-03   0.000     -0.2522E-09   0.000      0.1010E-04  0.1549       0.000    
   366   21.07       0.000       1.535       3.682      0.5548       90.00      0.9496E-04 -0.1766E-04  0.2579E-04   0.000     -0.2438E-09   0.000      0.2013E-05  0.1719       0.000    
   367   21.17       0.000       1.695       3.632      0.6169       90.00      0.9613E-04 -0.3250E-05  0.2646E-04   0.000     -0.2482E-09   0.000      0.1917E-05  0.1775       0.000    
   368   21.28       0.000       1.874       3.576      0.6701       90.00      0.9501E-04 -0.2442E-05  0.2657E-04   0.000     -0.2224E-09   0.000      0.1709E-05  0.1857       0.000    
   369   21.40       0.000       2.070       3.515      0.7137       90.00      0.9278E-04 -0.2404E-05  0.2639E-04   0.000     -0.1997E-09   0.000      0.1499E-05  0.1932       0.000    
   370   21.53       0.000       2.280       3.450      0.7473       90.00      0.8981E-04 -0.2440E-05  0.2603E-04   0.000     -0.1802E-09   0.000      0.1300E-05  0.2001       0.000    
   371   21.67       0.000       2.502       3.380      0.7709       90.00      0.8630E-04 -0.2489E-05  0.2553E-04   0.000     -0.1627E-09   0.000      0.1114E-05  0.2064       0.000    
   372   21.82       0.000       2.735       3.307      0.7845       90.00      0.8243E-04 -0.2538E-05  0.2492E-04   0.000     -0.1465E-09   0.000      0.9382E-06  0.2124       0.000    
   373   21.97       0.000       2.976       3.232      0.7883       90.00      0.7836E-04 -0.2585E-05  0.2424E-04   0.000     -0.1316E-09   0.000      0.7733E-06  0.2181       0.000    
   374   22.12       0.000       3.222       3.155      0.7827       90.00      0.7426E-04 -0.2626E-05  0.2354E-04   0.000     -0.1181E-09   0.000      0.6187E-06  0.2237       0.000    
   375   22.28       0.000       3.472       3.077      0.7684       90.00      0.7030E-04 -0.2660E-05  0.2284E-04   0.000     -0.1062E-09   0.000      0.4737E-06  0.2293       0.000    
   376   22.43       0.000       3.721       2.999      0.7461       90.00      0.6658E-04 -0.2684E-05  0.2220E-04   0.000     -0.9582E-10   0.000      0.3376E-06  0.2348       0.000    
   377   22.59       0.000       3.968       2.922      0.7165       90.00      0.6320E-04 -0.2697E-05  0.2163E-04   0.000     -0.8696E-10   0.000      0.2100E-06  0.2403       0.000    
   378   22.74       0.000       4.211       2.846      0.6806       90.00      0.6023E-04 -0.2692E-05  0.2116E-04   0.000     -0.7954E-10   0.000      0.9099E-07  0.2457       0.000    
   379   22.88       0.000       4.446       2.773      0.6393       90.00      0.5768E-04 -0.2666E-05  0.2080E-04   0.000     -0.7344E-10   0.000     -0.1746E-07  0.2508       0.000    
   380   23.02       0.000       4.672       2.702      0.5934       90.00      0.5558E-04 -0.2613E-05  0.2057E-04   0.000     -0.6855E-10   0.000     -0.1114E-06  0.2554       0.000    
   381   23.16       0.000       4.885       2.636      0.5438       90.00      0.5389E-04 -0.2530E-05  0.2045E-04   0.000     -0.6477E-10   0.000     -0.1845E-06  0.2590       0.000    
   382   23.28       0.000       5.084       2.574      0.4912       90.00      0.5258E-04 -0.2417E-05  0.2043E-04   0.000     -0.6200E-10   0.000     -0.2288E-06  0.2612       0.000    
   383   23.39       0.000       5.266       2.517      0.4365       90.00      0.5158E-04 -0.2276E-05  0.2050E-04   0.000     -0.6017E-10   0.000     -0.2362E-06  0.2615       0.000    
   384   23.50       0.000       5.430       2.465      0.3801       90.00      0.5082E-04 -0.2112E-05  0.2062E-04   0.000     -0.5924E-10   0.000     -0.2014E-06  0.2598       0.000    
   385   23.59       0.000       5.574       2.420      0.3227       90.00      0.5023E-04 -0.1933E-05  0.2076E-04   0.000     -0.5922E-10   0.000     -0.1246E-06  0.2560       0.000    
   386   23.66       0.000       5.696       2.382      0.2645       90.00      0.4974E-04 -0.1749E-05  0.2088E-04   0.000     -0.6018E-10   0.000     -0.1435E-07  0.2507       0.000    
   387   23.72       0.000       5.796       2.351      0.2059       90.00      0.4925E-04 -0.1567E-05  0.2095E-04   0.000     -0.6073E-10   0.000      0.1144E-06  0.2445       0.000    
   388   23.77       0.000       5.871       2.327      0.1472       90.00      0.4840E-04 -0.1380E-05  0.2080E-04   0.000     -0.5258E-10   0.000      0.2385E-06  0.2385       0.000    
   389   23.80       0.000       5.922       2.311      0.8832E-01   90.00      0.4538E-04 -0.1214E-05  0.1963E-04   0.000      0.1154E-10   0.000      0.1818E-06  0.2407       0.000    
   390   23.82       0.000       5.948       2.303      0.2944E-01   90.00      0.2320E-04 -0.1168E-05  0.1007E-04   0.000      0.8340E-09   0.000     -0.1902E-05  0.4388       0.000    

 Surface forces referred to Sref,Cref,Bref about Xmom,Ymom,Zmom
 Standard axis orientation,  X fwd, Z down         

  Surface #10     fuselage_horizontal                     
     # chordwise = 10   # spanwise = 30     First strip =391
     Surface area =  65.503           ave. chord =  23.647    
     CLsurf  =   0.007633     Clsurf  =   0.000000
     CYsurf  =   0.000001     Cmsurf  =   0.050117
     CDsurf  =   0.000037     Cnsurf  =  -0.000000
     CDisurf =   0.000037     CDvsurf =   0.000000

  Forces referred to Ssurf, Cave about hinge axis thru LE
     cl_surf =   0.007390     cd_surf =   0.000036

 Strip Forces referred to strip area, chord
    j    xLE         yLE         zLE         Chord       Area        Dihedral   c cl        ai_ff       cl           clj         cd          cdv         cm_c/4     c.p.x/c      Dcj
   391   3.132      -1.339       0.000       15.61       1.441       0.000      0.6677E-01  0.4500E-01  0.4301E-02   0.000     -0.3266E-03   0.000      0.2423E-02 -0.3133       0.000    
   392   2.645      -1.247       0.000       17.73       1.637       0.000      0.1008      0.4981E-01  0.5704E-02   0.000     -0.2237E-03   0.000      0.2855E-02 -0.2505       0.000    
   393   2.159      -1.154       0.000       19.86       1.834       0.000      0.1262      0.5278E-01  0.6370E-02   0.000     -0.1173E-03   0.000      0.2920E-02 -0.2084       0.000    
   394   1.788      -1.062       0.000       21.39       1.975       0.000      0.1450      0.5406E-01  0.6789E-02   0.000     -0.3093E-04   0.000      0.3019E-02 -0.1948       0.000    
   395   1.533     -0.9695       0.000       22.32       2.061       0.000      0.1605      0.5417E-01  0.7197E-02   0.000      0.1443E-04   0.000      0.3149E-02 -0.1876       0.000    
   396   1.278     -0.8772       0.000       23.26       2.147       0.000      0.1730      0.5394E-01  0.7447E-02   0.000      0.3093E-05   0.000      0.3232E-02 -0.1840       0.000    
   397   1.058     -0.7848       0.000       24.08       2.223       0.000      0.1831      0.5334E-01  0.7614E-02   0.000      0.4873E-05   0.000      0.3301E-02 -0.1835       0.000    
   398  0.8733     -0.6925       0.000       24.78       2.288       0.000      0.1915      0.5300E-01  0.7738E-02   0.000      0.2068E-05   0.000      0.3354E-02 -0.1835       0.000    
   399  0.6887     -0.6002       0.000       25.49       2.353       0.000      0.1984      0.5247E-01  0.7794E-02   0.000     -0.1970E-04   0.000      0.3383E-02 -0.1840       0.000    
   400  0.5311     -0.5078       0.000       26.02       2.403       0.000      0.2039      0.5204E-01  0.7849E-02   0.000     -0.6652E-04   0.000      0.3414E-02 -0.1849       0.000    
   401  0.4004     -0.4155       0.000       26.38       2.436       0.000      0.2086      0.5181E-01  0.7917E-02   0.000      0.1710E-05   0.000      0.3446E-02 -0.1852       0.000    
   402  0.2697     -0.3232       0.000       26.74       2.469       0.000      0.2122      0.5159E-01  0.7950E-02   0.000     -0.5154E-04   0.000      0.3459E-02 -0.1851       0.000    
   403  0.1703     -0.2308       0.000       26.95       2.488       0.000      0.2149      0.5151E-01  0.7985E-02   0.000     -0.6444E-06   0.000      0.3476E-02 -0.1853       0.000    
   404  0.1022     -0.1385       0.000       27.02       2.495       0.000      0.2168      0.5151E-01  0.8024E-02   0.000      0.2179E-03   0.000      0.3495E-02 -0.1856       0.000    
   405  0.3407E-01 -0.4617E-01   0.000       27.09       2.501       0.000      0.2178      0.5147E-01  0.8009E-02   0.000      0.8067E-03   0.000      0.3499E-02 -0.1869       0.000    
   406  0.3407E-01  0.4617E-01   0.000       27.09       2.501       0.000      0.2178      0.5158E-01  0.8008E-02   0.000      0.8067E-03   0.000      0.3499E-02 -0.1869       0.000    
   407  0.1022      0.1385       0.000       27.02       2.495       0.000      0.2167      0.5154E-01  0.8022E-02   0.000      0.2178E-03   0.000      0.3496E-02 -0.1858       0.000    
   408  0.1703      0.2308       0.000       26.95       2.488       0.000      0.2148      0.5152E-01  0.7981E-02   0.000     -0.9291E-06   0.000      0.3477E-02 -0.1856       0.000    
   409  0.2697      0.3232       0.000       26.74       2.469       0.000      0.2121      0.5159E-01  0.7946E-02   0.000     -0.5192E-04   0.000      0.3460E-02 -0.1855       0.000    
   410  0.4004      0.4155       0.000       26.38       2.436       0.000      0.2084      0.5181E-01  0.7912E-02   0.000      0.1369E-05   0.000      0.3447E-02 -0.1856       0.000    
   411  0.5311      0.5078       0.000       26.02       2.403       0.000      0.2037      0.5204E-01  0.7844E-02   0.000     -0.6695E-04   0.000      0.3415E-02 -0.1853       0.000    
   412  0.6887      0.6002       0.000       25.49       2.353       0.000      0.1982      0.5247E-01  0.7788E-02   0.000     -0.2009E-04   0.000      0.3384E-02 -0.1845       0.000    
   413  0.8733      0.6925       0.000       24.78       2.288       0.000      0.1913      0.5300E-01  0.7732E-02   0.000      0.1701E-05   0.000      0.3356E-02 -0.1841       0.000    
   414   1.058      0.7848       0.000       24.08       2.223       0.000      0.1829      0.5334E-01  0.7607E-02   0.000      0.4510E-05   0.000      0.3302E-02 -0.1841       0.000    
   415   1.278      0.8772       0.000       23.26       2.147       0.000      0.1728      0.5395E-01  0.7441E-02   0.000      0.2755E-05   0.000      0.3234E-02 -0.1846       0.000    
   416   1.533      0.9695       0.000       22.32       2.061       0.000      0.1603      0.5417E-01  0.7190E-02   0.000      0.1414E-04   0.000      0.3151E-02 -0.1882       0.000    
   417   1.788       1.062       0.000       21.39       1.975       0.000      0.1448      0.5406E-01  0.6782E-02   0.000     -0.3114E-04   0.000      0.3021E-02 -0.1955       0.000    
   418   2.159       1.154       0.000       19.86       1.834       0.000      0.1261      0.5279E-01  0.6362E-02   0.000     -0.1174E-03   0.000      0.2922E-02 -0.2093       0.000    
   419   2.645       1.247       0.000       17.73       1.637       0.000      0.1007      0.4982E-01  0.5696E-02   0.000     -0.2239E-03   0.000      0.2857E-02 -0.2516       0.000    
   420   3.132       1.339       0.000       15.61       1.441       0.000      0.6666E-01  0.4501E-01  0.4294E-02   0.000     -0.3268E-03   0.000      0.2425E-02 -0.3147       0.000    

 Surface forces referred to Sref,Cref,Bref about Xmom,Ymom,Zmom
 Standard axis orientation,  X fwd, Z down         

  Surface #11     fuselage_vertical                       
     # chordwise = 10   # spanwise = 30     First strip =421
     Surface area =  65.103           ave. chord =  23.503    
     CLsurf  =   0.000000     Clsurf  =   0.000000
     CYsurf  =  -0.000003     Cmsurf  =  -0.000000
     CDsurf  =   0.000000     Cnsurf  =   0.000001
     CDisurf =   0.000000     CDvsurf =   0.000000

  Forces referred to Ssurf, Cave about hinge axis thru LE
     cl_surf =   0.000000     cd_surf =   0.000000

 Strip Forces referred to strip area, chord
    j    xLE         yLE         zLE         Chord       Area        Dihedral   c cl        ai_ff       cl           clj         cd          cdv         cm_c/4     c.p.x/c      Dcj
   421   2.856       0.000      -1.339       15.65       1.445       90.00     -0.1040E-05 -0.5929E-05 -0.6645E-07   0.000     -0.9665E-11   0.000     -0.5365E-06  -7.823       0.000    
   422   1.819       0.000      -1.247       17.87       1.650       90.00     -0.8197E-06 -0.5142E-05 -0.4587E-07   0.000     -0.6496E-11   0.000     -0.6744E-06  -14.45       0.000    
   423  0.7817       0.000      -1.154       20.09       1.855       90.00     -0.1138E-06 -0.4198E-05 -0.5664E-08   0.000      0.1373E-10   0.000     -0.7204E-06  -99.00       0.000    
   424  0.2207       0.000      -1.062       21.48       1.984       90.00     -0.9362E-05 -0.2971E-05 -0.4357E-06   0.000      0.3149E-10   0.000     -0.5039E-06 -0.9065       0.000    
   425  0.1361       0.000     -0.9695       22.06       2.037       90.00     -0.8690E-05 -0.2791E-05 -0.3940E-06   0.000      0.2051E-10   0.000     -0.5632E-06  -1.180       0.000    
   426  0.5142E-01   0.000     -0.8772       22.63       2.090       90.00     -0.7410E-05 -0.2493E-05 -0.3274E-06   0.000      0.2147E-10   0.000     -0.6165E-06  -1.633       0.000    
   427  0.1405E-01   0.000     -0.7848       23.10       2.133       90.00     -0.7115E-05 -0.2147E-05 -0.3080E-06   0.000      0.2309E-10   0.000     -0.6308E-06  -1.798       0.000    
   428  0.2395E-01   0.000     -0.6925       23.47       2.167       90.00     -0.4512E-05 -0.1931E-05 -0.1923E-06   0.000      0.2386E-10   0.000     -0.6869E-06  -3.322       0.000    
   429  0.3385E-01   0.000     -0.6002       23.83       2.200       90.00     -0.1095E-05 -0.1611E-05 -0.4594E-07   0.000      0.2355E-10   0.000     -0.7415E-06  -15.89       0.000    
   430  0.6640E-01   0.000     -0.5078       24.15       2.229       90.00      0.2571E-05 -0.1265E-05  0.1065E-06   0.000      0.2110E-10   0.000     -0.7851E-06   7.624       0.000    
   431  0.1216       0.000     -0.4155       24.41       2.254       90.00      0.8276E-05 -0.8652E-06  0.3391E-06   0.000      0.1679E-10   0.000     -0.8444E-06   2.740       0.000    
   432  0.1768       0.000     -0.3232       24.67       2.278       90.00      0.1577E-04 -0.8716E-07  0.6393E-06   0.000      0.1153E-10   0.000     -0.9045E-06   1.665       0.000    
   433  0.2450       0.000     -0.2308       24.90       2.299       90.00      0.2589E-04  0.2460E-05  0.1040E-05   0.000      0.6566E-11   0.000     -0.9777E-06   1.190       0.000    
   434  0.3263       0.000     -0.1385       25.09       2.317       90.00      0.4130E-04  0.1392E-04  0.1646E-05   0.000      0.4750E-11   0.000     -0.1076E-05  0.9038       0.000    
   435  0.4076       0.000     -0.4617E-01   25.29       2.335       90.00      0.6304E-04  0.5091E-04  0.2493E-05   0.000      0.1180E-10   0.000     -0.1204E-05  0.7331       0.000    
   436  0.5006       0.000      0.4617E-01   25.46       2.351       90.00      0.8817E-04 -0.5283E-04  0.3463E-05   0.000      0.2667E-10   0.000     -0.1368E-05  0.6452       0.000    
   437  0.6052       0.000      0.1385       25.61       2.365       90.00      0.1093E-03 -0.1586E-04  0.4269E-05   0.000      0.3480E-10   0.000     -0.1472E-05  0.5949       0.000    
   438  0.7098       0.000      0.2308       25.76       2.378       90.00      0.1193E-03 -0.4316E-05  0.4630E-05   0.000      0.1805E-10   0.000     -0.1473E-05  0.5681       0.000    
   439  0.8268       0.000      0.3232       25.85       2.387       90.00      0.1306E-03 -0.1621E-05  0.5051E-05   0.000      0.5279E-12   0.000     -0.1608E-05  0.5684       0.000    
   440  0.9561       0.000      0.4155       25.90       2.392       90.00      0.1389E-03 -0.9222E-06  0.5363E-05   0.000     -0.7420E-11   0.000     -0.1631E-05  0.5542       0.000    
   441   1.086       0.000      0.5078       25.95       2.396       90.00      0.1452E-03 -0.7087E-06  0.5596E-05   0.000     -0.2612E-10   0.000     -0.1636E-05  0.5423       0.000    
   442   1.230       0.000      0.6002       25.89       2.391       90.00      0.1598E-03 -0.7214E-06  0.6173E-05   0.000     -0.4512E-10   0.000     -0.2007E-05  0.5751       0.000    
   443   1.390       0.000      0.6925       25.73       2.376       90.00      0.1629E-03 -0.9435E-06  0.6331E-05   0.000     -0.2525E-10   0.000     -0.2006E-05  0.5669       0.000    
   444   1.549       0.000      0.7848       25.57       2.361       90.00      0.1635E-03 -0.1647E-05  0.6394E-05   0.000     -0.2376E-10   0.000     -0.1976E-05  0.5590       0.000    
   445   1.732       0.000      0.8772       25.39       2.344       90.00      0.1611E-03 -0.4673E-05  0.6344E-05   0.000     -0.4253E-10   0.000     -0.1904E-05  0.5501       0.000    
   446   1.938       0.000      0.9695       25.18       2.325       90.00      0.1500E-03 -0.3199E-04  0.5957E-05   0.000     -0.8113E-10   0.000     -0.1689E-05  0.5336       0.000    
   447   2.144       0.000       1.062       24.98       2.306       90.00      0.1254E-03 -0.7469E-04  0.5023E-05   0.000     -0.2326E-09   0.000     -0.1227E-05  0.4944       0.000    
   448   2.435       0.000       1.154       23.15       2.138       90.00      0.2465E-03  0.8507E-04  0.1065E-04   0.000      0.1622E-09   0.000     -0.6373E-05  0.8486       0.000    
   449   2.811       0.000       1.247       19.71       1.820       90.00      0.1730E-03  0.7045E-04  0.8778E-05   0.000      0.8782E-10   0.000     -0.5792E-05  0.9098       0.000    
   450   3.187       0.000       1.339       16.27       1.502       90.00     -0.2089E-03  0.1076E-03 -0.1284E-04   0.000      0.2333E-10   0.000      0.5533E-05  0.6808       0.000    

 Surface forces referred to Sref,Cref,Bref about Xmom,Ymom,Zmom
 Standard axis orientation,  X fwd, Z down         

  Surface #12     nacelle_horizontal                      
     # chordwise =  6   # spanwise = 11     First strip =451
     Surface area = 0.29196           ave. chord = 0.67898    
     CLsurf  =   0.000359     Clsurf  =  -0.000032
     CYsurf  =   0.000001     Cmsurf  =   0.000162
     CDsurf  =   0.000004     Cnsurf  =  -0.000001
     CDisurf =   0.000004     CDvsurf =   0.000000

  Forces referred to Ssurf, Cave about hinge axis thru LE
     cl_surf =   0.077868     cd_surf =   0.000952

 Strip Forces referred to strip area, chord
    j    xLE         yLE         zLE         Chord       Area        Dihedral   c cl        ai_ff       cl           clj         cd          cdv         cm_c/4     c.p.x/c      Dcj
   451   10.69       2.279       1.170      0.2370      0.1019E-01   0.000      0.3174E-01  0.8290E-01  0.1343       0.000     -0.3904E-02   0.000      0.5527E-02  0.2088       0.000    
   452   10.57       2.322       1.170      0.5579      0.2399E-01   0.000      0.4794E-01  0.9532E-01  0.8604E-01   0.000      0.8957E-04   0.000      0.6841E-02  0.1705       0.000    
   453   10.51       2.365       1.170      0.7369      0.3168E-01   0.000      0.5782E-01  0.9803E-01  0.7853E-01   0.000      0.8912E-03   0.000      0.6762E-02  0.1639       0.000    
   454   10.47       2.408       1.170      0.8771      0.3772E-01   0.000      0.6384E-01  0.9879E-01  0.7280E-01   0.000      0.1560E-02   0.000      0.6437E-02  0.1616       0.000    
   455   10.45       2.440       1.170      0.9628      0.2070E-01   0.000      0.6581E-01  0.9349E-01  0.6833E-01   0.000      0.2263E-02   0.000      0.6173E-02  0.1597       0.000    
   456   10.44       2.462       1.170       1.009      0.2170E-01   0.000      0.6597E-01  0.7091E-01  0.6535E-01   0.000      0.2187E-02   0.000      0.5980E-02  0.1585       0.000    
   457   10.44       2.494       1.170      0.9859      0.4240E-01   0.000      0.6501E-01  0.1185      0.6592E-01   0.000      0.1944E-02   0.000      0.6050E-02  0.1582       0.000    
   458   10.47       2.537       1.170      0.8772      0.3772E-01   0.000      0.6170E-01  0.1027      0.7036E-01   0.000      0.1490E-02   0.000      0.6408E-02  0.1589       0.000    
   459   10.51       2.580       1.170      0.7369      0.3168E-01   0.000      0.5606E-01  0.9956E-01  0.7614E-01   0.000      0.8756E-03   0.000      0.6831E-02  0.1603       0.000    
   460   10.57       2.623       1.170      0.5579      0.2399E-01   0.000      0.4680E-01  0.9653E-01  0.8399E-01   0.000      0.1404E-03   0.000      0.7027E-02  0.1663       0.000    
   461   10.69       2.666       1.170      0.2370      0.1019E-01   0.000      0.3152E-01  0.8476E-01  0.1333       0.000     -0.3480E-02   0.000      0.6172E-02  0.2037       0.000    

 Surface forces referred to Sref,Cref,Bref about Xmom,Ymom,Zmom
 Standard axis orientation,  X fwd, Z down         

  Surface #13     nacelle_horizontal (YDUP)               
     # chordwise =  6   # spanwise = 11     First strip =462
     Surface area = 0.29196           ave. chord = 0.67898    
     CLsurf  =   0.000233     Clsurf  =   0.000021
     CYsurf  =  -0.000000     Cmsurf  =   0.000106
     CDsurf  =   0.000003     Cnsurf  =   0.000001
     CDisurf =   0.000003     CDvsurf =   0.000000

  Forces referred to Ssurf, Cave about hinge axis thru LE
     cl_surf =   0.050522     cd_surf =   0.000587

 Strip Forces referred to strip area, chord
    j    xLE         yLE         zLE         Chord       Area        Dihedral   c cl        ai_ff       cl           clj         cd          cdv         cm_c/4     c.p.x/c      Dcj
   462   10.69      -2.279       1.170      0.2370      0.1019E-01   0.000      0.2334E-01  0.1300      0.9868E-01   0.000     -0.1827E-02   0.000      0.5340E-02  0.1959       0.000    
   463   10.57      -2.322       1.170      0.5579      0.2399E-01   0.000      0.3301E-01  0.1238      0.5925E-01   0.000      0.1612E-03   0.000      0.5543E-02  0.1564       0.000    
   464   10.51      -2.365       1.170      0.7369      0.3168E-01   0.000      0.3916E-01  0.1391      0.5319E-01   0.000      0.5499E-03   0.000      0.5147E-02  0.1532       0.000    
   465   10.47      -2.408       1.170      0.8771      0.3772E-01   0.000      0.4060E-01  0.1221      0.4630E-01   0.000      0.9644E-03   0.000      0.4455E-02  0.1538       0.000    
   466   10.45      -2.440       1.170      0.9628      0.2070E-01   0.000      0.3721E-01  0.1339E-01  0.3864E-01   0.000      0.1132E-02   0.000      0.3733E-02  0.1534       0.000    
   467   10.44      -2.462       1.170       1.009      0.2170E-01   0.000      0.3685E-01 -0.2781E-01  0.3652E-01   0.000      0.1023E-02   0.000      0.3568E-02  0.1523       0.000    
   468   10.44      -2.494       1.170      0.9859      0.4240E-01   0.000      0.3996E-01  0.1483      0.4053E-01   0.000      0.1056E-02   0.000      0.3985E-02  0.1517       0.000    
   469   10.47      -2.537       1.170      0.8772      0.3772E-01   0.000      0.3974E-01  0.1381      0.4532E-01   0.000      0.8730E-03   0.000      0.4501E-02  0.1507       0.000    
   470   10.51      -2.580       1.170      0.7369      0.3168E-01   0.000      0.3599E-01  0.1141      0.4888E-01   0.000      0.5746E-03   0.000      0.4972E-02  0.1483       0.000    
   471   10.57      -2.623       1.170      0.5579      0.2399E-01   0.000      0.3121E-01  0.1216      0.5600E-01   0.000      0.2306E-03   0.000      0.5546E-02  0.1510       0.000    
   472   10.69      -2.666       1.170      0.2370      0.1019E-01   0.000      0.2274E-01  0.1321      0.9614E-01   0.000     -0.1447E-02   0.000      0.5723E-02  0.1905       0.000    

 Surface forces referred to Sref,Cref,Bref about Xmom,Ymom,Zmom
 Standard axis orientation,  X fwd, Z down         

  Surface #14     nacelle_vertical                        
     # chordwise =  6   # spanwise = 11     First strip =473
     Surface area = 0.29196           ave. chord = 0.67898    
     CLsurf  =   0.000000     Clsurf  =   0.000000
     CYsurf  =  -0.000037     Cmsurf  =   0.000000
     CDsurf  =  -0.000000     Cnsurf  =  -0.000001
     CDisurf =  -0.000000     CDvsurf =   0.000000

  Forces referred to Ssurf, Cave about hinge axis thru LE
     cl_surf =   0.000020     cd_surf =  -0.000031

 Strip Forces referred to strip area, chord
    j    xLE         yLE         zLE         Chord       Area        Dihedral   c cl        ai_ff       cl           clj         cd          cdv         cm_c/4     c.p.x/c      Dcj
   473   10.69       2.472      0.9765      0.2370      0.1019E-01   90.00      0.1760E-02  0.2885E-02  0.7422E-02   0.000     -0.9011E-04   0.000      0.3330E-02 -0.1987       0.000    
   474   10.57       2.472       1.019      0.5579      0.2399E-01   90.00      0.2966E-02  0.3435E-02  0.5317E-02   0.000     -0.3029E-04   0.000      0.1384E-02 -0.1032E-01   0.000    
   475   10.51       2.472       1.062      0.7368      0.3168E-01   90.00      0.3062E-02  0.1751E-02  0.4156E-02   0.000     -0.1665E-04   0.000      0.9944E-03  0.1072E-01   0.000    
   476   10.47       2.472       1.106      0.8771      0.3772E-01   90.00      0.2083E-02 -0.1145E-01  0.2375E-02   0.000     -0.6499E-05   0.000      0.5784E-03  0.6431E-02   0.000    
   477   10.44       2.472       1.148      0.9859      0.4240E-01   90.00      0.2791E-02 -0.1320E-01  0.2831E-02   0.000     -0.7188E-05   0.000      0.5817E-03  0.4454E-01   0.000    
   478   10.44       2.472       1.181       1.009      0.2170E-01   90.00      0.7805E-02  0.5583E-02  0.7735E-02   0.000     -0.1198E-04   0.000      0.1981E-03  0.2244       0.000    
   479   10.45       2.472       1.202      0.9628      0.2070E-01   90.00      0.1082E-01  0.2990E-01  0.1123E-01   0.000     -0.1818E-04   0.000      0.2326E-03  0.2293       0.000    
   480   10.47       2.472       1.235      0.8771      0.3772E-01   90.00      0.1112E-01  0.1784E-01  0.1268E-01   0.000     -0.4284E-04   0.000      0.8726E-04  0.2431       0.000    
   481   10.51       2.472       1.277      0.7369      0.3168E-01   90.00      0.8849E-02  0.3491E-02  0.1201E-01   0.000     -0.4716E-04   0.000     -0.1184E-03  0.2599       0.000    
   482   10.57       2.472       1.321      0.5579      0.2399E-01   90.00      0.6970E-02 -0.7826E-03  0.1249E-01   0.000     -0.5494E-04   0.000     -0.4662E-03  0.2873       0.000    
   483   10.69       2.472       1.364      0.2370      0.1019E-01   90.00      0.5070E-02 -0.1209E-01  0.2139E-01   0.000     -0.1194E-03   0.000     -0.3311E-02  0.4048       0.000    

 Surface forces referred to Sref,Cref,Bref about Xmom,Ymom,Zmom
 Standard axis orientation,  X fwd, Z down         

  Surface #15     nacelle_vertical (YDUP)                 
     # chordwise =  6   # spanwise = 11     First strip =484
     Surface area = 0.29196           ave. chord = 0.67898    
     CLsurf  =   0.000000     Clsurf  =  -0.000000
     CYsurf  =   0.000024     Cmsurf  =   0.000000
     CDsurf  =  -0.000000     Cnsurf  =   0.000001
     CDisurf =  -0.000000     CDvsurf =   0.000000

  Forces referred to Ssurf, Cave about hinge axis thru LE
     cl_surf =   0.000014     cd_surf =  -0.000021

 Strip Forces referred to strip area, chord
    j    xLE         yLE         zLE         Chord       Area        Dihedral   c cl        ai_ff       cl           clj         cd          cdv         cm_c/4     c.p.x/c      Dcj
   484   10.69      -2.472      0.9765      0.2370      0.1019E-01  -90.00      0.1263E-02  0.8194E-02  0.5327E-02   0.000     -0.5763E-04   0.000      0.2530E-02 -0.2250       0.000    
   485   10.57      -2.472       1.019      0.5579      0.2399E-01  -90.00      0.1997E-02  0.7815E-02  0.3579E-02   0.000     -0.2064E-04   0.000      0.1022E-02 -0.3549E-01   0.000    
   486   10.51      -2.472       1.062      0.7368      0.3168E-01  -90.00      0.1892E-02  0.5915E-02  0.2568E-02   0.000     -0.1097E-04   0.000      0.6851E-03 -0.1682E-01   0.000    
   487   10.47      -2.472       1.106      0.8771      0.3772E-01  -90.00      0.6764E-03 -0.2146E-01  0.7712E-03   0.000     -0.2768E-05   0.000      0.2689E-03 -0.9864E-01   0.000    
   488   10.44      -2.472       1.148      0.9859      0.4240E-01  -90.00      0.7351E-03 -0.5122E-01  0.7456E-03   0.000     -0.2683E-05   0.000      0.2076E-03 -0.2840E-01   0.000    
   489   10.44      -2.472       1.181       1.009      0.2170E-01  -90.00      0.4593E-02  0.5550E-01  0.4552E-02   0.000     -0.9143E-05   0.000      0.1497E-03  0.2171       0.000    
   490   10.45      -2.472       1.202      0.9628      0.2070E-01  -90.00      0.7495E-02  0.6200E-01  0.7784E-02   0.000     -0.1677E-04   0.000      0.2062E-03  0.2235       0.000    
   491   10.47      -2.472       1.235      0.8771      0.3772E-01  -90.00      0.8095E-02  0.3555E-01  0.9229E-02   0.000     -0.3313E-04   0.000      0.1262E-03  0.2363       0.000    
   492   10.51      -2.472       1.277      0.7369      0.3168E-01  -90.00      0.6185E-02  0.6407E-02  0.8393E-02   0.000     -0.3331E-04   0.000     -0.6197E-05  0.2507       0.000    
   493   10.57      -2.472       1.321      0.5579      0.2399E-01  -90.00      0.4787E-02 -0.9536E-03  0.8580E-02   0.000     -0.3527E-04   0.000     -0.2126E-03  0.2748       0.000    
   494   10.69      -2.472       1.364      0.2370      0.1019E-01  -90.00      0.3707E-02 -0.1206E-01  0.1564E-01   0.000     -0.7437E-04   0.000     -0.2233E-02  0.3928       0.000    

 Surface forces referred to Sref,Cref,Bref about Xmom,Ymom,Zmom
 Standard axis orientation,  X fwd, Z down         

  Surface #16     nacelle_2_horizontal                    
     # chordwise =  6   # spanwise = 11     First strip =495
     Surface area = 0.29196           ave. chord = 0.67898    
     CLsurf  =   0.000346     Clsurf  =  -0.000080
     CYsurf  =   0.000000     Cmsurf  =   0.000138
     CDsurf  =   0.000005     Cnsurf  =  -0.000003
     CDisurf =   0.000005     CDvsurf =   0.000000

  Forces referred to Ssurf, Cave about hinge axis thru LE
     cl_surf =   0.075211     cd_surf =   0.001060

 Strip Forces referred to strip area, chord
    j    xLE         yLE         zLE         Chord       Area        Dihedral   c cl        ai_ff       cl           clj         cd          cdv         cm_c/4     c.p.x/c      Dcj
   495   10.82       6.215       1.170      0.2370      0.1019E-01   0.000      0.3091E-01  0.7956E-01  0.1307       0.000     -0.3249E-02   0.000      0.5672E-02  0.2066       0.000    
   496   10.70       6.258       1.170      0.5579      0.2399E-01   0.000      0.4632E-01  0.9164E-01  0.8312E-01   0.000      0.2875E-03   0.000      0.6640E-02  0.1701       0.000    
   497   10.64       6.301       1.170      0.7369      0.3168E-01   0.000      0.5571E-01  0.9401E-01  0.7565E-01   0.000      0.1007E-02   0.000      0.6484E-02  0.1643       0.000    
   498   10.59       6.344       1.170      0.8771      0.3772E-01   0.000      0.6128E-01  0.9320E-01  0.6987E-01   0.000      0.1609E-02   0.000      0.6109E-02  0.1626       0.000    
   499   10.57       6.376       1.170      0.9628      0.2070E-01   0.000      0.6314E-01  0.8662E-01  0.6555E-01   0.000      0.2238E-02   0.000      0.5817E-02  0.1613       0.000    
   500   10.56       6.398       1.170       1.009      0.2170E-01   0.000      0.6367E-01  0.6688E-01  0.6307E-01   0.000      0.2170E-02   0.000      0.5656E-02  0.1603       0.000    
   501   10.57       6.430       1.170      0.9859      0.4240E-01   0.000      0.6312E-01  0.1157      0.6401E-01   0.000      0.1965E-02   0.000      0.5768E-02  0.1599       0.000    
   502   10.59       6.473       1.170      0.8771      0.3772E-01   0.000      0.5995E-01  0.9964E-01  0.6836E-01   0.000      0.1555E-02   0.000      0.6090E-02  0.1609       0.000    
   503   10.64       6.516       1.170      0.7369      0.3168E-01   0.000      0.5425E-01  0.9486E-01  0.7368E-01   0.000      0.9869E-03   0.000      0.6465E-02  0.1623       0.000    
   504   10.70       6.559       1.170      0.5579      0.2399E-01   0.000      0.4516E-01  0.9148E-01  0.8104E-01   0.000      0.3111E-03   0.000      0.6633E-02  0.1681       0.000    
   505   10.82       6.602       1.170      0.2370      0.1019E-01   0.000      0.3024E-01  0.7961E-01  0.1279       0.000     -0.3026E-02   0.000      0.5705E-02  0.2054       0.000    

 Surface forces referred to Sref,Cref,Bref about Xmom,Ymom,Zmom
 Standard axis orientation,  X fwd, Z down         

  Surface #17     nacelle_2_vertical                      
     # chordwise =  6   # spanwise = 11     First strip =506
     Surface area = 0.29196           ave. chord = 0.67898    
     CLsurf  =  -0.000000     Clsurf  =  -0.000000
     CYsurf  =   0.000001     Cmsurf  =   0.000000
     CDsurf  =  -0.000000     Cnsurf  =   0.000000
     CDisurf =  -0.000000     CDvsurf =   0.000000

  Forces referred to Ssurf, Cave about hinge axis thru LE
     cl_surf =  -0.000000     cd_surf =  -0.000002

 Strip Forces referred to strip area, chord
    j    xLE         yLE         zLE         Chord       Area        Dihedral   c cl        ai_ff       cl           clj         cd          cdv         cm_c/4     c.p.x/c      Dcj
   506   10.82       6.409      0.9765      0.2370      0.1019E-01   90.00     -0.4910E-03  0.1272E-01 -0.2071E-02   0.000     -0.5154E-05   0.000     -0.8264E-03 -0.1490       0.000    
   507   10.70       6.409       1.019      0.5579      0.2399E-01   90.00     -0.1200E-02  0.1208E-01 -0.2150E-02   0.000     -0.2338E-05   0.000     -0.3916E-03  0.6788E-01   0.000    
   508   10.64       6.409       1.062      0.7368      0.3168E-01   90.00     -0.2074E-02  0.1027E-01 -0.2814E-02   0.000     -0.3281E-05   0.000     -0.4375E-03  0.9455E-01   0.000    
   509   10.59       6.409       1.106      0.8771      0.3772E-01   90.00     -0.3621E-02 -0.2735E-02 -0.4129E-02   0.000     -0.5205E-05   0.000     -0.6282E-03  0.9785E-01   0.000    
   510   10.57       6.409       1.148      0.9859      0.4240E-01   90.00     -0.3398E-02 -0.5792E-02 -0.3447E-02   0.000     -0.1029E-05   0.000     -0.4845E-03  0.1095       0.000    
   511   10.56       6.409       1.181       1.009      0.2170E-01   90.00      0.1651E-03  0.1772E-01  0.1636E-03   0.000      0.1083E-06   0.000      0.6470E-04 -0.1454       0.000    
   512   10.57       6.409       1.202      0.9628      0.2070E-01   90.00      0.3075E-02  0.3935E-01  0.3194E-02   0.000     -0.1790E-06   0.000      0.9054E-04  0.2217       0.000    
   513   10.59       6.409       1.235      0.8771      0.3772E-01   90.00      0.3488E-02  0.2753E-01  0.3977E-02   0.000     -0.3611E-05   0.000      0.2860E-04  0.2428       0.000    
   514   10.64       6.409       1.277      0.7369      0.3168E-01   90.00      0.1934E-02  0.1465E-01  0.2625E-02   0.000     -0.1959E-05   0.000     -0.3833E-04  0.2646       0.000    
   515   10.70       6.409       1.321      0.5579      0.2399E-01   90.00      0.1168E-02  0.1342E-01  0.2094E-02   0.000     -0.1243E-05   0.000     -0.9757E-04  0.2966       0.000    
   516   10.82       6.409       1.364      0.2370      0.1019E-01   90.00      0.7156E-03  0.1992E-01  0.3019E-02   0.000     -0.2143E-05   0.000     -0.4887E-03  0.4119       0.000    

 Surface forces referred to Sref,Cref,Bref about Xmom,Ymom,Zmom
 Standard axis orientation,  X fwd, Z down         

  Surface #18     nacelle_3_horizontal                    
     # chordwise =  6   # spanwise = 11     First strip =517
     Surface area = 0.29196           ave. chord = 0.67898    
     CLsurf  =   0.000331     Clsurf  =  -0.000124
     CYsurf  =   0.000000     Cmsurf  =   0.000105
     CDsurf  =   0.000005     Cnsurf  =  -0.000004
     CDisurf =   0.000005     CDvsurf =   0.000000

  Forces referred to Ssurf, Cave about hinge axis thru LE
     cl_surf =   0.071842     cd_surf =   0.001178

 Strip Forces referred to strip area, chord
    j    xLE         yLE         zLE         Chord       Area        Dihedral   c cl        ai_ff       cl           clj         cd          cdv         cm_c/4     c.p.x/c      Dcj
   517   11.01       10.15       1.170      0.2370      0.1019E-01   0.000      0.2963E-01  0.7695E-01  0.1253       0.000     -0.2636E-02   0.000      0.5464E-02  0.2064       0.000    
   518   10.89       10.19       1.170      0.5579      0.2399E-01   0.000      0.4431E-01  0.8842E-01  0.7951E-01   0.000      0.5001E-03   0.000      0.6351E-02  0.1701       0.000    
   519   10.83       10.24       1.170      0.7369      0.3168E-01   0.000      0.5322E-01  0.9059E-01  0.7227E-01   0.000      0.1138E-02   0.000      0.6201E-02  0.1642       0.000    
   520   10.79       10.28       1.170      0.8771      0.3772E-01   0.000      0.5845E-01  0.8943E-01  0.6664E-01   0.000      0.1665E-02   0.000      0.5853E-02  0.1622       0.000    
   521   10.77       10.31       1.170      0.9628      0.2070E-01   0.000      0.6018E-01  0.8280E-01  0.6248E-01   0.000      0.2219E-02   0.000      0.5579E-02  0.1607       0.000    
   522   10.76       10.33       1.170       1.009      0.2170E-01   0.000      0.6071E-01  0.6411E-01  0.6014E-01   0.000      0.2133E-02   0.000      0.5429E-02  0.1597       0.000    
   523   10.76       10.37       1.170      0.9859      0.4240E-01   0.000      0.6024E-01  0.1113      0.6108E-01   0.000      0.1964E-02   0.000      0.5532E-02  0.1594       0.000    
   524   10.79       10.41       1.170      0.8771      0.3772E-01   0.000      0.5726E-01  0.9616E-01  0.6528E-01   0.000      0.1616E-02   0.000      0.5820E-02  0.1608       0.000    
   525   10.83       10.45       1.170      0.7369      0.3168E-01   0.000      0.5185E-01  0.9167E-01  0.7040E-01   0.000      0.1121E-02   0.000      0.6155E-02  0.1626       0.000    
   526   10.89       10.50       1.170      0.5579      0.2399E-01   0.000      0.4319E-01  0.8857E-01  0.7749E-01   0.000      0.5281E-03   0.000      0.6309E-02  0.1686       0.000    
   527   11.01       10.54       1.170      0.2370      0.1019E-01   0.000      0.2895E-01  0.7751E-01  0.1224       0.000     -0.2427E-02   0.000      0.5417E-02  0.2057       0.000    

 Surface forces referred to Sref,Cref,Bref about Xmom,Ymom,Zmom
 Standard axis orientation,  X fwd, Z down         

  Surface #19     nacelle_3_vertical                      
     # chordwise =  6   # spanwise = 11     First strip =528
     Surface area = 0.29196           ave. chord = 0.67898    
     CLsurf  =  -0.000000     Clsurf  =  -0.000000
     CYsurf  =   0.000006     Cmsurf  =  -0.000000
     CDsurf  =  -0.000000     Cnsurf  =   0.000000
     CDisurf =  -0.000000     CDvsurf =   0.000000

  Forces referred to Ssurf, Cave about hinge axis thru LE
     cl_surf =  -0.000002     cd_surf =  -0.000003

 Strip Forces referred to strip area, chord
    j    xLE         yLE         zLE         Chord       Area        Dihedral   c cl        ai_ff       cl           clj         cd          cdv         cm_c/4     c.p.x/c      Dcj
   528   11.01       10.34      0.9765      0.2370      0.1019E-01   90.00     -0.7125E-03  0.1669E-01 -0.3006E-02   0.000     -0.1130E-04   0.000     -0.1207E-02 -0.1515       0.000    
   529   10.89       10.34       1.019      0.5579      0.2399E-01   90.00     -0.1638E-02  0.1568E-01 -0.2936E-02   0.000     -0.4475E-05   0.000     -0.5137E-03  0.7505E-01   0.000    
   530   10.83       10.34       1.062      0.7368      0.3168E-01   90.00     -0.2622E-02  0.1373E-01 -0.3559E-02   0.000     -0.5022E-05   0.000     -0.5043E-03  0.1083       0.000    
   531   10.79       10.34       1.106      0.8771      0.3772E-01   90.00     -0.4206E-02  0.1111E-02 -0.4795E-02   0.000     -0.6561E-05   0.000     -0.6511E-03  0.1142       0.000    
   532   10.76       10.34       1.148      0.9859      0.4240E-01   90.00     -0.4074E-02 -0.2131E-02 -0.4132E-02   0.000     -0.1704E-05   0.000     -0.4898E-03  0.1315       0.000    
   533   10.76       10.34       1.181       1.009      0.2170E-01   90.00     -0.7964E-03  0.2074E-01 -0.7892E-03   0.000     -0.4103E-07   0.000      0.1448E-03  0.4335       0.000    
   534   10.77       10.34       1.202      0.9628      0.2070E-01   90.00      0.2005E-02  0.4120E-01  0.2082E-02   0.000      0.1848E-06   0.000      0.1694E-03  0.1687       0.000    
   535   10.79       10.34       1.235      0.8771      0.3772E-01   90.00      0.2451E-02  0.2998E-01  0.2794E-02   0.000     -0.2112E-05   0.000      0.1175E-03  0.2079       0.000    
   536   10.83       10.34       1.277      0.7369      0.3168E-01   90.00      0.1103E-02  0.1764E-01  0.1497E-02   0.000     -0.8403E-06   0.000      0.5264E-04  0.2148       0.000    
   537   10.89       10.34       1.321      0.5579      0.2399E-01   90.00      0.5469E-03  0.1486E-01  0.9802E-03   0.000     -0.3382E-06   0.000     -0.1174E-05  0.2512       0.000    
   538   11.01       10.34       1.364      0.2370      0.1019E-01   90.00      0.3066E-03  0.8571E-02  0.1293E-02   0.000     -0.4167E-06   0.000     -0.1965E-03  0.4019       0.000    

 Surface forces referred to Sref,Cref,Bref about Xmom,Ymom,Zmom
 Standard axis orientation,  X fwd, Z down         

  Surface #20     nacelle_4_horizontal                    
     # chordwise =  6   # spanwise = 11     First strip =539
     Surface area = 0.29196           ave. chord = 0.67898    
     CLsurf  =   0.000233     Clsurf  =   0.000021
     CYsurf  =  -0.000000     Cmsurf  =   0.000106
     CDsurf  =   0.000003     Cnsurf  =   0.000001
     CDisurf =   0.000003     CDvsurf =   0.000000

  Forces referred to Ssurf, Cave about hinge axis thru LE
     cl_surf =   0.050522     cd_surf =   0.000587

 Strip Forces referred to strip area, chord
    j    xLE         yLE         zLE         Chord       Area        Dihedral   c cl        ai_ff       cl           clj         cd          cdv         cm_c/4     c.p.x/c      Dcj
   539   10.69      -2.666       1.170      0.2370      0.1019E-01   0.000      0.2274E-01  0.1321      0.9614E-01   0.000     -0.1447E-02   0.000      0.5723E-02  0.1905       0.000    
   540   10.57      -2.623       1.170      0.5579      0.2399E-01   0.000      0.3121E-01  0.1216      0.5600E-01   0.000      0.2306E-03   0.000      0.5546E-02  0.1510       0.000    
   541   10.51      -2.580       1.170      0.7369      0.3168E-01   0.000      0.3599E-01  0.1141      0.4888E-01   0.000      0.5746E-03   0.000      0.4972E-02  0.1483       0.000    
   542   10.47      -2.537       1.170      0.8771      0.3772E-01   0.000      0.3974E-01  0.1381      0.4532E-01   0.000      0.8730E-03   0.000      0.4501E-02  0.1507       0.000    
   543   10.44      -2.494       1.170      0.9860      0.4240E-01   0.000      0.3996E-01  0.1483      0.4053E-01   0.000      0.1056E-02   0.000      0.3985E-02  0.1517       0.000    
   544   10.44      -2.462       1.170       1.009      0.2170E-01   0.000      0.3685E-01 -0.2781E-01  0.3652E-01   0.000      0.1023E-02   0.000      0.3568E-02  0.1523       0.000    
   545   10.45      -2.440       1.170      0.9628      0.2070E-01   0.000      0.3721E-01  0.1339E-01  0.3864E-01   0.000      0.1132E-02   0.000      0.3733E-02  0.1534       0.000    
   546   10.47      -2.408       1.170      0.8772      0.3772E-01   0.000      0.4060E-01  0.1221      0.4630E-01   0.000      0.9644E-03   0.000      0.4455E-02  0.1538       0.000    
   547   10.51      -2.365       1.170      0.7369      0.3168E-01   0.000      0.3916E-01  0.1391      0.5319E-01   0.000      0.5499E-03   0.000      0.5147E-02  0.1532       0.000    
   548   10.57      -2.322       1.170      0.5579      0.2399E-01   0.000      0.3301E-01  0.1238      0.5925E-01   0.000      0.1612E-03   0.000      0.5543E-02  0.1564       0.000    
   549   10.69      -2.279       1.170      0.2370      0.1019E-01   0.000      0.2334E-01  0.1300      0.9868E-01   0.000     -0.1827E-02   0.000      0.5340E-02  0.1959       0.000    

 Surface forces referred to Sref,Cref,Bref about Xmom,Ymom,Zmom
 Standard axis orientation,  X fwd, Z down         

  Surface #21     nacelle_4_vertical                      
     # chordwise =  6   # spanwise = 11     First strip =550
     Surface area = 0.29196           ave. chord = 0.67898    
     CLsurf  =   0.000000     Clsurf  =  -0.000000
     CYsurf  =   0.000024     Cmsurf  =   0.000000
     CDsurf  =  -0.000000     Cnsurf  =   0.000001
     CDisurf =  -0.000000     CDvsurf =   0.000000

  Forces referred to Ssurf, Cave about hinge axis thru LE
     cl_surf =   0.000014     cd_surf =  -0.000021

 Strip Forces referred to strip area, chord
    j    xLE         yLE         zLE         Chord       Area        Dihedral   c cl        ai_ff       cl           clj         cd          cdv         cm_c/4     c.p.x/c      Dcj
   550   10.69      -2.472      0.9765      0.2370      0.1019E-01   90.00     -0.1263E-02 -0.8194E-02 -0.5327E-02   0.000     -0.5763E-04   0.000     -0.2530E-02 -0.2250       0.000    
   551   10.57      -2.472       1.019      0.5579      0.2399E-01   90.00     -0.1997E-02 -0.7815E-02 -0.3579E-02   0.000     -0.2064E-04   0.000     -0.1022E-02 -0.3549E-01   0.000    
   552   10.51      -2.472       1.062      0.7368      0.3168E-01   90.00     -0.1892E-02 -0.5915E-02 -0.2568E-02   0.000     -0.1097E-04   0.000     -0.6851E-03 -0.1682E-01   0.000    
   553   10.47      -2.472       1.106      0.8771      0.3772E-01   90.00     -0.6764E-03  0.2146E-01 -0.7712E-03   0.000     -0.2768E-05   0.000     -0.2689E-03 -0.9864E-01   0.000    
   554   10.44      -2.472       1.148      0.9859      0.4240E-01   90.00     -0.7351E-03  0.5122E-01 -0.7456E-03   0.000     -0.2683E-05   0.000     -0.2076E-03 -0.2840E-01   0.000    
   555   10.44      -2.472       1.181       1.009      0.2170E-01   90.00     -0.4593E-02 -0.5550E-01 -0.4552E-02   0.000     -0.9143E-05   0.000     -0.1497E-03  0.2171       0.000    
   556   10.45      -2.472       1.202      0.9628      0.2070E-01   90.00     -0.7495E-02 -0.6200E-01 -0.7784E-02   0.000     -0.1677E-04   0.000     -0.2062E-03  0.2235       0.000    
   557   10.47      -2.472       1.235      0.8771      0.3772E-01   90.00     -0.8095E-02 -0.3555E-01 -0.9229E-02   0.000     -0.3313E-04   0.000     -0.1262E-03  0.2363       0.000    
   558   10.51      -2.472       1.277      0.7369      0.3168E-01   90.00     -0.6185E-02 -0.6407E-02 -0.8393E-02   0.000     -0.3331E-04   0.000      0.6197E-05  0.2507       0.000    
   559   10.57      -2.472       1.321      0.5579      0.2399E-01   90.00     -0.4787E-02  0.9536E-03 -0.8580E-02   0.000     -0.3527E-04   0.000      0.2126E-03  0.2748       0.000    
   560   10.69      -2.472       1.364      0.2370      0.1019E-01   90.00     -0.3707E-02  0.1206E-01 -0.1564E-01   0.000     -0.7437E-04   0.000      0.2233E-02  0.3928       0.000    

 Surface forces referred to Sref,Cref,Bref about Xmom,Ymom,Zmom
 Standard axis orientation,  X fwd, Z down         

  Surface #22     nacelle_5_horizontal                    
     # chordwise =  6   # spanwise = 11     First strip =561
     Surface area = 0.29196           ave. chord = 0.67898    
     CLsurf  =   0.000346     Clsurf  =   0.000080
     CYsurf  =   0.000000     Cmsurf  =   0.000138
     CDsurf  =   0.000005     Cnsurf  =   0.000003
     CDisurf =   0.000005     CDvsurf =   0.000000

  Forces referred to Ssurf, Cave about hinge axis thru LE
     cl_surf =   0.075219     cd_surf =   0.001060

 Strip Forces referred to strip area, chord
    j    xLE         yLE         zLE         Chord       Area        Dihedral   c cl        ai_ff       cl           clj         cd          cdv         cm_c/4     c.p.x/c      Dcj
   561   10.82      -6.602       1.170      0.2370      0.1019E-01   0.000      0.3082E-01  0.7892E-01  0.1304       0.000     -0.3234E-02   0.000      0.5709E-02  0.2062       0.000    
   562   10.70      -6.559       1.170      0.5579      0.2399E-01   0.000      0.4620E-01  0.9104E-01  0.8291E-01   0.000      0.2870E-03   0.000      0.6665E-02  0.1696       0.000    
   563   10.64      -6.516       1.170      0.7369      0.3168E-01   0.000      0.5559E-01  0.9358E-01  0.7549E-01   0.000      0.1006E-02   0.000      0.6502E-02  0.1639       0.000    
   564   10.59      -6.473       1.170      0.8771      0.3772E-01   0.000      0.6118E-01  0.9305E-01  0.6977E-01   0.000      0.1607E-02   0.000      0.6117E-02  0.1623       0.000    
   565   10.57      -6.441       1.170      0.9628      0.2070E-01   0.000      0.6309E-01  0.8683E-01  0.6549E-01   0.000      0.2236E-02   0.000      0.5819E-02  0.1612       0.000    
   566   10.56      -6.419       1.170       1.009      0.2170E-01   0.000      0.6366E-01  0.6754E-01  0.6306E-01   0.000      0.2170E-02   0.000      0.5657E-02  0.1603       0.000    
   567   10.57      -6.387       1.170      0.9859      0.4240E-01   0.000      0.6317E-01  0.1153      0.6406E-01   0.000      0.1965E-02   0.000      0.5769E-02  0.1599       0.000    
   568   10.59      -6.344       1.170      0.8771      0.3772E-01   0.000      0.6005E-01  0.9980E-01  0.6848E-01   0.000      0.1556E-02   0.000      0.6083E-02  0.1612       0.000    
   569   10.64      -6.301       1.170      0.7369      0.3168E-01   0.000      0.5439E-01  0.9530E-01  0.7386E-01   0.000      0.9877E-03   0.000      0.6448E-02  0.1627       0.000    
   570   10.70      -6.258       1.170      0.5579      0.2399E-01   0.000      0.4529E-01  0.9208E-01  0.8127E-01   0.000      0.3111E-03   0.000      0.6610E-02  0.1687       0.000    
   571   10.82      -6.215       1.170      0.2370      0.1019E-01   0.000      0.3033E-01  0.8026E-01  0.1283       0.000     -0.3043E-02   0.000      0.5669E-02  0.2058       0.000    

 Surface forces referred to Sref,Cref,Bref about Xmom,Ymom,Zmom
 Standard axis orientation,  X fwd, Z down         

  Surface #23     nacelle_5_vertical                      
     # chordwise =  6   # spanwise = 11     First strip =572
     Surface area = 0.29196           ave. chord = 0.67898    
     CLsurf  =  -0.000000     Clsurf  =  -0.000000
     CYsurf  =   0.000001     Cmsurf  =  -0.000000
     CDsurf  =  -0.000000     Cnsurf  =   0.000000
     CDisurf =  -0.000000     CDvsurf =   0.000000

  Forces referred to Ssurf, Cave about hinge axis thru LE
     cl_surf =  -0.000001     cd_surf =  -0.000002

 Strip Forces referred to strip area, chord
    j    xLE         yLE         zLE         Chord       Area        Dihedral   c cl        ai_ff       cl           clj         cd          cdv         cm_c/4     c.p.x/c      Dcj
   572   10.82      -6.409      0.9765      0.2370      0.1019E-01   90.00     -0.4156E-03 -0.1159E-01 -0.1753E-02   0.000     -0.3896E-05   0.000     -0.7199E-03 -0.1606       0.000    
   573   10.70      -6.409       1.019      0.5579      0.2399E-01   90.00     -0.1051E-02 -0.1220E-01 -0.1883E-02   0.000     -0.2142E-05   0.000     -0.4006E-03  0.3729E-01   0.000    
   574   10.64      -6.409       1.062      0.7368      0.3168E-01   90.00     -0.1895E-02 -0.1410E-01 -0.2572E-02   0.000     -0.3351E-05   0.000     -0.4819E-03  0.6263E-01   0.000    
   575   10.59      -6.409       1.106      0.8771      0.3772E-01   90.00     -0.3444E-02 -0.2727E-01 -0.3926E-02   0.000     -0.5617E-05   0.000     -0.6966E-03  0.7258E-01   0.000    
   576   10.57      -6.409       1.148      0.9859      0.4240E-01   90.00     -0.3253E-02 -0.3067E-01 -0.3299E-02   0.000     -0.1338E-05   0.000     -0.5704E-03  0.7711E-01   0.000    
   577   10.56      -6.409       1.181       1.009      0.2170E-01   90.00      0.2242E-03 -0.6478E-02  0.2222E-03   0.000      0.4435E-07   0.000     -0.1950E-04  0.3378       0.000    
   578   10.57      -6.409       1.202      0.9628      0.2070E-01   90.00      0.3056E-02  0.1464E-01  0.3174E-02   0.000      0.4435E-07   0.000      0.1236E-04  0.2461       0.000    
   579   10.59      -6.409       1.235      0.8771      0.3772E-01   90.00      0.3374E-02  0.2347E-02  0.3846E-02   0.000     -0.2871E-05   0.000     -0.3959E-04  0.2603       0.000    
   580   10.64      -6.409       1.277      0.7369      0.3168E-01   90.00      0.1718E-02 -0.1110E-01  0.2331E-02   0.000     -0.1256E-05   0.000     -0.8718E-04  0.2874       0.000    
   581   10.70      -6.409       1.321      0.5579      0.2399E-01   90.00      0.8856E-03 -0.1397E-01  0.1587E-02   0.000     -0.5211E-06   0.000     -0.1127E-03  0.3210       0.000    
   582   10.82      -6.409       1.364      0.2370      0.1019E-01   90.00      0.4232E-03 -0.2360E-01  0.1785E-02   0.000     -0.5940E-06   0.000     -0.3206E-03  0.4296       0.000    

 Surface forces referred to Sref,Cref,Bref about Xmom,Ymom,Zmom
 Standard axis orientation,  X fwd, Z down         

  Surface #24     nacelle_6_horizontal                    
     # chordwise =  6   # spanwise = 11     First strip =583
     Surface area = 0.29196           ave. chord = 0.67898    
     CLsurf  =   0.000331     Clsurf  =   0.000124
     CYsurf  =   0.000000     Cmsurf  =   0.000105
     CDsurf  =   0.000005     Cnsurf  =   0.000004
     CDisurf =   0.000005     CDvsurf =   0.000000

  Forces referred to Ssurf, Cave about hinge axis thru LE
     cl_surf =   0.071817     cd_surf =   0.001177

 Strip Forces referred to strip area, chord
    j    xLE         yLE         zLE         Chord       Area        Dihedral   c cl        ai_ff       cl           clj         cd          cdv         cm_c/4     c.p.x/c      Dcj
   583   11.01      -10.54       1.170      0.2370      0.1019E-01   0.000      0.2949E-01  0.7686E-01  0.1247       0.000     -0.2605E-02   0.000      0.5421E-02  0.2065       0.000    
   584   10.89      -10.50       1.170      0.5579      0.2399E-01   0.000      0.4416E-01  0.8816E-01  0.7924E-01   0.000      0.5116E-03   0.000      0.6339E-02  0.1700       0.000    
   585   10.83      -10.45       1.170      0.7369      0.3168E-01   0.000      0.5309E-01  0.9047E-01  0.7209E-01   0.000      0.1143E-02   0.000      0.6191E-02  0.1641       0.000    
   586   10.79      -10.41       1.170      0.8771      0.3772E-01   0.000      0.5841E-01  0.8990E-01  0.6659E-01   0.000      0.1667E-02   0.000      0.5846E-02  0.1622       0.000    
   587   10.77      -10.38       1.170      0.9628      0.2070E-01   0.000      0.6019E-01  0.8401E-01  0.6249E-01   0.000      0.2220E-02   0.000      0.5576E-02  0.1608       0.000    
   588   10.76      -10.36       1.170       1.009      0.2170E-01   0.000      0.6069E-01  0.6531E-01  0.6012E-01   0.000      0.2132E-02   0.000      0.5430E-02  0.1597       0.000    
   589   10.76      -10.32       1.170      0.9859      0.4240E-01   0.000      0.6018E-01  0.1102      0.6102E-01   0.000      0.1960E-02   0.000      0.5539E-02  0.1592       0.000    
   590   10.79      -10.28       1.170      0.8771      0.3772E-01   0.000      0.5726E-01  0.9572E-01  0.6529E-01   0.000      0.1612E-02   0.000      0.5831E-02  0.1607       0.000    
   591   10.83      -10.24       1.170      0.7369      0.3168E-01   0.000      0.5194E-01  0.9182E-01  0.7053E-01   0.000      0.1115E-02   0.000      0.6168E-02  0.1626       0.000    
   592   10.89      -10.19       1.170      0.5579      0.2399E-01   0.000      0.4332E-01  0.8885E-01  0.7772E-01   0.000      0.5162E-03   0.000      0.6322E-02  0.1687       0.000    
   593   11.01      -10.15       1.170      0.2370      0.1019E-01   0.000      0.2907E-01  0.7762E-01  0.1229       0.000     -0.2455E-02   0.000      0.5461E-02  0.2056       0.000    

 Surface forces referred to Sref,Cref,Bref about Xmom,Ymom,Zmom
 Standard axis orientation,  X fwd, Z down         

  Surface #25     nacelle_6_vertical                      
     # chordwise =  6   # spanwise = 11     First strip =594
     Surface area = 0.29196           ave. chord = 0.67898    
     CLsurf  =   0.000000     Clsurf  =  -0.000000
     CYsurf  =  -0.000003     Cmsurf  =   0.000000
     CDsurf  =  -0.000000     Cnsurf  =  -0.000000
     CDisurf =  -0.000000     CDvsurf =   0.000000

  Forces referred to Ssurf, Cave about hinge axis thru LE
     cl_surf =   0.000001     cd_surf =  -0.000002

 Strip Forces referred to strip area, chord
    j    xLE         yLE         zLE         Chord       Area        Dihedral   c cl        ai_ff       cl           clj         cd          cdv         cm_c/4     c.p.x/c      Dcj
   594   11.01      -10.34      0.9765      0.2370      0.1019E-01   90.00     -0.1520E-03 -0.1561E-01 -0.6413E-03   0.000     -0.4811E-06   0.000     -0.2645E-03 -0.1624       0.000    
   595   10.89      -10.34       1.019      0.5579      0.2399E-01   90.00     -0.5145E-03 -0.1580E-01 -0.9222E-03   0.000     -0.5431E-06   0.000     -0.2396E-03 -0.9856E-02   0.000    
   596   10.83      -10.34       1.062      0.7368      0.3168E-01   90.00     -0.1174E-02 -0.1738E-01 -0.1593E-02   0.000     -0.1494E-05   0.000     -0.3710E-03  0.1706E-01   0.000    
   597   10.79      -10.34       1.106      0.8771      0.3772E-01   90.00     -0.2547E-02 -0.2970E-01 -0.2904E-02   0.000     -0.3411E-05   0.000     -0.6126E-03  0.3907E-01   0.000    
   598   10.76      -10.34       1.148      0.9859      0.4240E-01   90.00     -0.2285E-02 -0.3255E-01 -0.2317E-02   0.000     -0.5507E-06   0.000     -0.5209E-03  0.2519E-01   0.000    
   599   10.76      -10.34       1.181       1.009      0.2170E-01   90.00      0.1152E-02 -0.9996E-02  0.1141E-02   0.000     -0.7928E-07   0.000     -0.1004E-03  0.3380       0.000    
   600   10.77      -10.34       1.202      0.9628      0.2070E-01   90.00      0.3826E-02  0.1025E-01  0.3974E-02   0.000     -0.3110E-06   0.000     -0.6936E-04  0.2675       0.000    
   601   10.79      -10.34       1.235      0.8771      0.3772E-01   90.00      0.4083E-02 -0.1442E-02  0.4655E-02   0.000     -0.3782E-05   0.000     -0.1248E-03  0.2768       0.000    
   602   10.83      -10.34       1.277      0.7369      0.3168E-01   90.00      0.2373E-02 -0.1405E-01  0.3220E-02   0.000     -0.2151E-05   0.000     -0.1695E-03  0.3027       0.000    
   603   10.89      -10.34       1.321      0.5579      0.2399E-01   90.00      0.1407E-02 -0.1480E-01  0.2521E-02   0.000     -0.1336E-05   0.000     -0.1971E-03  0.3282       0.000    
   604   11.01      -10.34       1.364      0.2370      0.1019E-01   90.00      0.7771E-03 -0.9250E-02  0.3278E-02   0.000     -0.2159E-05   0.000     -0.5692E-03  0.4236       0.000    
