 ---------------------------------------------------------------
Surface and Strip forces by surface

 Surface forces referred to Sref,Cref,Bref about Xmom,Ymom,Zmom
 Standard axis orientation,  X fwd, Z down         

  Surface # 1     main_wing_1                             
     # chordwise = 10   # spanwise = 20     First strip =  1
     Surface area =  7.3376           ave. chord =  2.7025    
     CLsurf  =   0.035432     Clsurf  =  -0.001842
     CYsurf  =  -0.000008     Cmsurf  =  -0.022728
     CDsurf  =   0.000701     Cnsurf  =  -0.000051
     CDisurf =   0.000408     CDvsurf =   0.000000

  Forces referred to Ssurf, Cave about hinge axis thru LE
     cl_surf =   0.295813     cd_surf =   0.005856

 Strip Forces referred to strip area, chord
    j    xLE         yLE         zLE         Chord       Area        Dihedral   c cl        ai_ff       cl           clj         cd          cdv         cm_c/4     c.p.x/c      Dcj
     1   12.48      0.4298E-02   1.385       2.707      0.4647E-01   0.000      0.7362      0.1799E-01  0.2721       0.000      0.3845E-02   0.000     -0.3860E-02  0.2642       0.000    
     2   12.48      0.3852E-01   1.385       2.707      0.1383       0.000      0.7362      0.1859E-01  0.2721       0.000      0.3844E-02   0.000     -0.3857E-02  0.2642       0.000    
     3   12.48      0.1061       1.385       2.707      0.2266      0.1520E-12  0.7364      0.1864E-01  0.2722       0.000      0.3833E-02   0.000     -0.3834E-02  0.2641       0.000    
     4   12.48      0.2054       1.385       2.707      0.3094     -0.1113E-12  0.7371      0.1868E-01  0.2725       0.000      0.3800E-02   0.000     -0.3758E-02  0.2638       0.000    
     5   12.48      0.3340       1.385       2.707      0.3846      0.8954E-13  0.7385      0.1870E-01  0.2730       0.000      0.3725E-02   0.000     -0.3587E-02  0.2631       0.000    
     6   12.48      0.4887       1.385       2.707      0.4503     -0.7647E-13  0.7412      0.1873E-01  0.2740       0.000      0.3585E-02   0.000     -0.3278E-02  0.2620       0.000    
     7   12.48      0.6657       1.385       2.707      0.5050     -0.6820E-13  0.7452      0.1874E-01  0.2755       0.000      0.3357E-02   0.000     -0.2794E-02  0.2601       0.000    
     8   12.48      0.8607       1.385       2.707      0.5471      0.6294E-13  0.7508      0.1866E-01  0.2776       0.000      0.3016E-02   0.000     -0.2125E-02  0.2577       0.000    
     9   12.48       1.069       1.385       2.707      0.5759       0.000      0.7576      0.1836E-01  0.2801       0.000      0.2531E-02   0.000     -0.1285E-02  0.2546       0.000    
    10   12.48       1.285       1.385       2.707      0.5904       0.000      0.7651      0.1760E-01  0.2829       0.000      0.1836E-02   0.000     -0.3130E-03  0.2511       0.000    
    11   12.48       1.504       1.385       2.707      0.5904       0.000      0.7726      0.1542E-01  0.2858       0.000      0.6474E-03   0.000      0.7587E-03  0.2473       0.000    
    12   12.48       1.719       1.385       2.705      0.5713       0.000      0.7791      0.3266E-02  0.2886       0.000     -0.3263E-02   0.000      0.1972E-02  0.2432       0.000    
    13   12.48       1.917       1.385       2.701      0.4987     -0.6890E-13  0.5860      0.4325E-01  0.3421      0.1254      0.2163E-01   0.000      0.1649E-01  0.2018       1.019    
    14   12.48       2.095       1.385       2.697      0.4596      0.7466E-13  0.5678      0.4432E-01  0.3396      0.1293      0.2048E-01   0.000      0.1628E-01  0.2021       1.021    
    15   12.48       2.257       1.385       2.694      0.4094       0.000      0.5744      0.4188E-01  0.3442      0.1313      0.2103E-01   0.000      0.1734E-01  0.1996       1.022    
    16   12.48       2.398       1.385       2.691      0.3493       0.000      0.6042      0.4426E-01  0.3478      0.1237      0.2376E-01   0.000      0.1780E-01  0.1988       1.023    
    17   12.48       2.518       1.385       2.689      0.2941       0.000      0.7971     -0.1189E-01  0.2974       0.000     -0.9401E-02   0.000      0.4325E-02  0.2355       0.000    
    18   12.48       2.614       1.385       2.687      0.2153      0.1588E-12  0.7984      0.5623E-02  0.2978       0.000     -0.4389E-02   0.000      0.4201E-02  0.2359       0.000    
    19   12.48       2.678       1.385       2.686      0.1313     -0.2603E-12  0.7990      0.7914E-02  0.2981       0.000     -0.3627E-02   0.000      0.4201E-02  0.2359       0.000    
    20   12.48       2.711       1.385       2.685      0.4410E-01   0.000      0.7993      0.8196E-02  0.2983       0.000     -0.3591E-02   0.000      0.4222E-02  0.2358       0.000    

 Surface forces referred to Sref,Cref,Bref about Xmom,Ymom,Zmom
 Standard axis orientation,  X fwd, Z down         

  Surface # 2     main_wing_1 (YDUP)                      
     # chordwise = 10   # spanwise = 20     First strip = 21
     Surface area =  7.3376           ave. chord =  2.7025    
     CLsurf  =   0.035395     Clsurf  =   0.001839
     CYsurf  =   0.000008     Cmsurf  =  -0.022711
     CDsurf  =   0.000700     Cnsurf  =   0.000051
     CDisurf =   0.000408     CDvsurf =   0.000000

  Forces referred to Ssurf, Cave about hinge axis thru LE
     cl_surf =   0.295506     cd_surf =   0.005845

 Strip Forces referred to strip area, chord
    j    xLE         yLE         zLE         Chord       Area        Dihedral   c cl        ai_ff       cl           clj         cd          cdv         cm_c/4     c.p.x/c      Dcj
    21   12.48     -0.4298E-02   1.385       2.707      0.4647E-01   0.000      0.7362      0.1934E-01  0.2721       0.000      0.3845E-02   0.000     -0.3860E-02  0.2642       0.000    
    22   12.48     -0.3852E-01   1.385       2.707      0.1383       0.000      0.7362      0.1874E-01  0.2721       0.000      0.3844E-02   0.000     -0.3857E-02  0.2642       0.000    
    23   12.48     -0.1061       1.385       2.707      0.2266     -0.1520E-12  0.7364      0.1870E-01  0.2722       0.000      0.3834E-02   0.000     -0.3834E-02  0.2641       0.000    
    24   12.48     -0.2054       1.385       2.707      0.3094      0.1113E-12  0.7370      0.1869E-01  0.2724       0.000      0.3801E-02   0.000     -0.3758E-02  0.2638       0.000    
    25   12.48     -0.3340       1.385       2.707      0.3846     -0.8954E-13  0.7385      0.1871E-01  0.2730       0.000      0.3725E-02   0.000     -0.3586E-02  0.2631       0.000    
    26   12.48     -0.4887       1.385       2.707      0.4503      0.7647E-13  0.7411      0.1874E-01  0.2740       0.000      0.3585E-02   0.000     -0.3275E-02  0.2620       0.000    
    27   12.48     -0.6657       1.385       2.707      0.5050      0.6820E-13  0.7451      0.1875E-01  0.2755       0.000      0.3357E-02   0.000     -0.2791E-02  0.2601       0.000    
    28   12.48     -0.8607       1.385       2.707      0.5471     -0.6294E-13  0.7506      0.1867E-01  0.2775       0.000      0.3015E-02   0.000     -0.2121E-02  0.2576       0.000    
    29   12.48      -1.069       1.385       2.707      0.5759       0.000      0.7574      0.1837E-01  0.2800       0.000      0.2530E-02   0.000     -0.1281E-02  0.2546       0.000    
    30   12.48      -1.285       1.385       2.707      0.5904       0.000      0.7649      0.1761E-01  0.2828       0.000      0.1835E-02   0.000     -0.3108E-03  0.2511       0.000    
    31   12.48      -1.504       1.385       2.707      0.5904       0.000      0.7722      0.1543E-01  0.2856       0.000      0.6508E-03   0.000      0.7538E-03  0.2474       0.000    
    32   12.48      -1.719       1.385       2.705      0.5713       0.000      0.7783      0.3279E-02  0.2883       0.000     -0.3225E-02   0.000      0.1943E-02  0.2433       0.000    
    33   12.48      -1.917       1.385       2.701      0.4987      0.6890E-13  0.5853      0.4324E-01  0.3414      0.1250      0.2158E-01   0.000      0.1637E-01  0.2021       1.019    
    34   12.48      -2.095       1.385       2.697      0.4596     -0.7466E-13  0.5670      0.4488E-01  0.3379      0.1280      0.2039E-01   0.000      0.1592E-01  0.2029       1.021    
    35   12.48      -2.257       1.385       2.694      0.4094       0.000      0.5737      0.4190E-01  0.3431      0.1304      0.2096E-01   0.000      0.1710E-01  0.2001       1.022    
    36   12.48      -2.398       1.385       2.691      0.3493       0.000      0.6037      0.4425E-01  0.3474      0.1234      0.2372E-01   0.000      0.1774E-01  0.1989       1.023    
    37   12.48      -2.518       1.385       2.689      0.2941       0.000      0.7967     -0.1187E-01  0.2972       0.000     -0.9375E-02   0.000      0.4313E-02  0.2355       0.000    
    38   12.48      -2.614       1.385       2.687      0.2153     -0.1588E-12  0.7981      0.5635E-02  0.2977       0.000     -0.4394E-02   0.000      0.4204E-02  0.2359       0.000    
    39   12.48      -2.678       1.385       2.686      0.1313      0.2603E-12  0.7988      0.7925E-02  0.2980       0.000     -0.3638E-02   0.000      0.4209E-02  0.2359       0.000    
    40   12.48      -2.711       1.385       2.685      0.4410E-01   0.000      0.7991      0.8207E-02  0.2982       0.000     -0.3603E-02   0.000      0.4231E-02  0.2358       0.000    

 Surface forces referred to Sref,Cref,Bref about Xmom,Ymom,Zmom
 Standard axis orientation,  X fwd, Z down         

  Surface # 3     main_wing_2                             
     # chordwise = 10   # spanwise = 20     First strip = 41
     Surface area =  3.0652           ave. chord =  2.6736    
     CLsurf  =   0.016401     Clsurf  =  -0.001989
     CYsurf  =  -0.000008     Cmsurf  =  -0.010035
     CDsurf  =   0.000484     Cnsurf  =  -0.000044
     CDisurf =   0.000159     CDvsurf =   0.000000

  Forces referred to Ssurf, Cave about hinge axis thru LE
     cl_surf =   0.327785     cd_surf =   0.009671

 Strip Forces referred to strip area, chord
    j    xLE         yLE         zLE         Chord       Area        Dihedral   c cl        ai_ff       cl           clj         cd          cdv         cm_c/4     c.p.x/c      Dcj
    41   12.49       2.717       1.385       2.685      0.2044E-01 -0.1671E-11  0.7993      0.8198E-02  0.2983       0.000     -0.3560E-02   0.000      0.4225E-02  0.2358       0.000    
    42   12.49       2.732       1.385       2.685      0.6081E-01  0.5616E-12  0.7994      0.8133E-02  0.2984       0.000     -0.3573E-02   0.000      0.4240E-02  0.2358       0.000    
    43   12.49       2.762       1.385       2.684      0.9967E-01   0.000      0.7996      0.7709E-02  0.2985       0.000     -0.3725E-02   0.000      0.4276E-02  0.2357       0.000    
    44   12.49       2.806       1.385       2.683      0.1360     -0.2509E-12  0.7999      0.6221E-02  0.2987       0.000     -0.4268E-02   0.000      0.4351E-02  0.2354       0.000    
    45   12.49       2.863       1.385       2.682      0.1690      0.2019E-12  0.8000      0.1534E-02  0.2990       0.000     -0.5851E-02   0.000      0.4493E-02  0.2350       0.000    
    46   12.49       2.932       1.385       2.681      0.1978       0.000      0.8001     -0.2369E-01  0.2996       0.000     -0.1366E-01   0.000      0.4757E-02  0.2341       0.000    
    47   12.49       3.005       1.385       2.679      0.1942       0.000      0.6260      0.4563E-01  0.3511      0.1178      0.2756E-01   0.000      0.1829E-01  0.1979       1.028    
    48   12.49       3.081       1.385       2.678      0.2103      0.1620E-12  0.5944      0.4313E-01  0.3508      0.1291      0.2281E-01   0.000      0.1849E-01  0.1973       1.028    
    49   12.49       3.162       1.385       2.676      0.2212       0.000      0.5799      0.4190E-01  0.3494      0.1330      0.2165E-01   0.000      0.1834E-01  0.1975       1.029    
    50   12.49       3.246       1.385       2.674      0.2266     -0.1501E-12  0.5734      0.4285E-01  0.3479      0.1338      0.2124E-01   0.000      0.1807E-01  0.1980       1.029    
    51   12.49       3.331       1.385       2.673      0.2265       0.000      0.5734      0.3984E-01  0.3485      0.1342      0.2127E-01   0.000      0.1821E-01  0.1977       1.030    
    52   12.49       3.415       1.385       2.671      0.2208       0.000      0.5796      0.4179E-01  0.3503      0.1336      0.2171E-01   0.000      0.1853E-01  0.1971       1.031    
    53   12.49       3.496       1.385       2.669      0.2096       0.000      0.5939      0.4303E-01  0.3519      0.1297      0.2290E-01   0.000      0.1871E-01  0.1968       1.031    
    54   12.49       3.571       1.385       2.668      0.1934       0.000      0.6253      0.4554E-01  0.3524      0.1184      0.2773E-01   0.000      0.1853E-01  0.1974       1.032    
    55   12.49       3.645       1.385       2.666      0.1967       0.000      0.7992     -0.2514E-01  0.3009       0.000     -0.1373E-01   0.000      0.4958E-02  0.2335       0.000    
    56   12.49       3.714       1.385       2.665      0.1679       0.000      0.7989      0.2859E-03  0.3005       0.000     -0.5932E-02   0.000      0.4719E-02  0.2343       0.000    
    57   12.49       3.771       1.385       2.664      0.1350       0.000      0.7986      0.4905E-02  0.3004       0.000     -0.4342E-02   0.000      0.4604E-02  0.2347       0.000    
    58   12.49       3.815       1.385       2.663      0.9885E-01  0.3427E-12  0.7982      0.6318E-02  0.3003       0.000     -0.3792E-02   0.000      0.4553E-02  0.2348       0.000    
    59   12.49       3.845       1.385       2.662      0.6029E-01 -0.5619E-12  0.7979      0.6689E-02  0.3003       0.000     -0.3626E-02   0.000      0.4535E-02  0.2349       0.000    
    60   12.49       3.860       1.385       2.662      0.2026E-01   0.000      0.7978      0.6728E-02  0.3003       0.000     -0.3596E-02   0.000      0.4530E-02  0.2349       0.000    

 Surface forces referred to Sref,Cref,Bref about Xmom,Ymom,Zmom
 Standard axis orientation,  X fwd, Z down         

  Surface # 4     main_wing_2 (YDUP)                      
     # chordwise = 10   # spanwise = 20     First strip = 61
     Surface area =  3.0652           ave. chord =  2.6736    
     CLsurf  =   0.016400     Clsurf  =   0.001989
     CYsurf  =   0.000008     Cmsurf  =  -0.010034
     CDsurf  =   0.000484     Cnsurf  =   0.000044
     CDisurf =   0.000159     CDvsurf =   0.000000

  Forces referred to Ssurf, Cave about hinge axis thru LE
     cl_surf =   0.327769     cd_surf =   0.009667

 Strip Forces referred to strip area, chord
    j    xLE         yLE         zLE         Chord       Area        Dihedral   c cl        ai_ff       cl           clj         cd          cdv         cm_c/4     c.p.x/c      Dcj
    61   12.49      -2.717       1.385       2.685      0.2044E-01  0.1671E-11  0.7991      0.8208E-02  0.2982       0.000     -0.3571E-02   0.000      0.4235E-02  0.2358       0.000    
    62   12.49      -2.732       1.385       2.685      0.6081E-01 -0.5616E-12  0.7993      0.8144E-02  0.2983       0.000     -0.3585E-02   0.000      0.4250E-02  0.2358       0.000    
    63   12.49      -2.762       1.385       2.684      0.9967E-01   0.000      0.7995      0.7720E-02  0.2985       0.000     -0.3738E-02   0.000      0.4287E-02  0.2356       0.000    
    64   12.49      -2.806       1.385       2.683      0.1360      0.2509E-12  0.7997      0.6232E-02  0.2987       0.000     -0.4281E-02   0.000      0.4363E-02  0.2354       0.000    
    65   12.49      -2.863       1.385       2.682      0.1690     -0.2019E-12  0.7999      0.1546E-02  0.2990       0.000     -0.5865E-02   0.000      0.4505E-02  0.2349       0.000    
    66   12.49      -2.932       1.385       2.681      0.1978       0.000      0.8000     -0.2368E-01  0.2996       0.000     -0.1368E-01   0.000      0.4770E-02  0.2341       0.000    
    67   12.49      -3.005       1.385       2.679      0.1942       0.000      0.6259      0.4563E-01  0.3511      0.1178      0.2757E-01   0.000      0.1830E-01  0.1979       1.028    
    68   12.49      -3.081       1.385       2.678      0.2103     -0.1620E-12  0.5943      0.4313E-01  0.3508      0.1292      0.2281E-01   0.000      0.1850E-01  0.1973       1.028    
    69   12.49      -3.162       1.385       2.676      0.2212       0.000      0.5798      0.4190E-01  0.3494      0.1330      0.2165E-01   0.000      0.1835E-01  0.1975       1.029    
    70   12.49      -3.246       1.385       2.674      0.2266      0.1501E-12  0.5733      0.4285E-01  0.3479      0.1338      0.2124E-01   0.000      0.1808E-01  0.1980       1.029    
    71   12.49      -3.331       1.385       2.673      0.2265       0.000      0.5733      0.3984E-01  0.3485      0.1343      0.2127E-01   0.000      0.1822E-01  0.1977       1.030    
    72   12.49      -3.415       1.385       2.671      0.2208       0.000      0.5795      0.4179E-01  0.3503      0.1336      0.2171E-01   0.000      0.1855E-01  0.1971       1.031    
    73   12.49      -3.496       1.385       2.669      0.2096       0.000      0.5938      0.4303E-01  0.3519      0.1298      0.2290E-01   0.000      0.1872E-01  0.1968       1.031    
    74   12.49      -3.571       1.385       2.668      0.1934       0.000      0.6253      0.4554E-01  0.3524      0.1184      0.2773E-01   0.000      0.1854E-01  0.1974       1.032    
    75   12.49      -3.645       1.385       2.666      0.1967       0.000      0.7992     -0.2512E-01  0.3009       0.000     -0.1374E-01   0.000      0.4966E-02  0.2335       0.000    
    76   12.49      -3.714       1.385       2.665      0.1679       0.000      0.7989      0.2947E-03  0.3005       0.000     -0.5938E-02   0.000      0.4726E-02  0.2343       0.000    
    77   12.49      -3.771       1.385       2.664      0.1350       0.000      0.7986      0.4912E-02  0.3004       0.000     -0.4347E-02   0.000      0.4611E-02  0.2347       0.000    
    78   12.49      -3.815       1.385       2.663      0.9885E-01 -0.3427E-12  0.7982      0.6325E-02  0.3003       0.000     -0.3796E-02   0.000      0.4560E-02  0.2348       0.000    
    79   12.49      -3.845       1.385       2.662      0.6029E-01  0.5619E-12  0.7979      0.6696E-02  0.3003       0.000     -0.3630E-02   0.000      0.4542E-02  0.2349       0.000    
    80   12.49      -3.860       1.385       2.662      0.2026E-01   0.000      0.7978      0.6735E-02  0.3003       0.000     -0.3600E-02   0.000      0.4537E-02  0.2349       0.000    

 Surface forces referred to Sref,Cref,Bref about Xmom,Ymom,Zmom
 Standard axis orientation,  X fwd, Z down         

  Surface # 5     main_wing_3                             
     # chordwise = 10   # spanwise = 20     First strip = 81
     Surface area =  2.9927           ave. chord =  2.6103    
     CLsurf  =   0.016178     Clsurf  =  -0.002645
     CYsurf  =  -0.000044     Cmsurf  =  -0.009906
     CDsurf  =   0.000474     Cnsurf  =  -0.000055
     CDisurf =   0.000151     CDvsurf =   0.000000

  Forces referred to Ssurf, Cave about hinge axis thru LE
     cl_surf =   0.331165     cd_surf =   0.009712

 Strip Forces referred to strip area, chord
    j    xLE         yLE         zLE         Chord       Area        Dihedral   c cl        ai_ff       cl           clj         cd          cdv         cm_c/4     c.p.x/c      Dcj
    81   12.49       3.864       1.385       2.662      0.2214E-01   0.000      0.7978      0.6722E-02  0.3003       0.000     -0.3594E-02   0.000      0.4530E-02  0.2349       0.000    
    82   12.49       3.880       1.385       2.662      0.6588E-01   0.000      0.7976      0.6628E-02  0.3002       0.000     -0.3609E-02   0.000      0.4529E-02  0.2349       0.000    
    83   12.49       3.913       1.385       2.661      0.1080       0.000      0.7972      0.6086E-02  0.3002       0.000     -0.3767E-02   0.000      0.4538E-02  0.2349       0.000    
    84   12.49       3.961       1.385       2.660      0.1474       0.000      0.7967      0.4190E-02  0.3001       0.000     -0.4372E-02   0.000      0.4579E-02  0.2347       0.000    
    85   12.49       4.023       1.385       2.659      0.1831       0.000      0.7958     -0.2306E-02  0.3000       0.000     -0.6304E-02   0.000      0.4690E-02  0.2344       0.000    
    86   12.49       4.087       1.385       2.655      0.1513       0.000      0.7946     -0.3837E-01  0.3006       0.000     -0.1748E-01   0.000      0.4931E-02  0.2336       0.000    
    87   12.49       4.152       1.385       2.647      0.1918       0.000      0.6197      0.4534E-01  0.3529      0.1191      0.2764E-01   0.000      0.1857E-01  0.1974       1.040    
    88   12.50       4.228       1.385       2.638      0.2071       0.000      0.5874      0.4269E-01  0.3532      0.1308      0.2299E-01   0.000      0.1880E-01  0.1968       1.044    
    89   12.50       4.308       1.385       2.628      0.2172     -0.1539E-12  0.5717      0.4132E-01  0.3523      0.1350      0.2188E-01   0.000      0.1869E-01  0.1970       1.048    
    90   12.50       4.392       1.385       2.617      0.2218      0.1501E-12  0.5639      0.4074E-01  0.3514      0.1362      0.2151E-01   0.000      0.1849E-01  0.1974       1.052    
    91   12.50       4.477       1.385       2.607      0.2209       0.000      0.5624      0.4062E-01  0.3522      0.1367      0.2156E-01   0.000      0.1861E-01  0.1972       1.056    
    92   12.51       4.561       1.385       2.597      0.2146       0.000      0.5672      0.4112E-01  0.3547      0.1365      0.2205E-01   0.000      0.1901E-01  0.1964       1.060    
    93   12.51       4.642       1.385       2.587      0.2031       0.000      0.5802      0.4239E-01  0.3570      0.1330      0.2329E-01   0.000      0.1922E-01  0.1962       1.064    
    94   12.51       4.718       1.385       2.577      0.1868       0.000      0.6103      0.4505E-01  0.3581      0.1217      0.2826E-01   0.000      0.1907E-01  0.1968       1.068    
    95   12.51       4.791       1.385       2.568      0.1894       0.000      0.7806     -0.3110E-01  0.3051       0.000     -0.1374E-01   0.000      0.4997E-02  0.2336       0.000    
    96   12.52       4.860       1.385       2.560      0.1612       0.000      0.7793     -0.3895E-02  0.3052       0.000     -0.6116E-02   0.000      0.4743E-02  0.2345       0.000    
    97   12.52       4.917       1.385       2.553      0.1294       0.000      0.7780      0.9581E-03  0.3054       0.000     -0.4557E-02   0.000      0.4623E-02  0.2349       0.000    
    98   12.52       4.961       1.385       2.547      0.9455E-01   0.000      0.7770      0.2380E-02  0.3057       0.000     -0.4037E-02   0.000      0.4572E-02  0.2350       0.000    
    99   12.52       4.991       1.385       2.544      0.5760E-01   0.000      0.7763      0.2706E-02  0.3058       0.000     -0.3890E-02   0.000      0.4555E-02  0.2351       0.000    
   100   12.52       5.006       1.385       2.542      0.1934E-01   0.000      0.7760      0.2708E-02  0.3059       0.000     -0.3819E-02   0.000      0.4552E-02  0.2351       0.000    

 Surface forces referred to Sref,Cref,Bref about Xmom,Ymom,Zmom
 Standard axis orientation,  X fwd, Z down         

  Surface # 6     main_wing_3 (YDUP)                      
     # chordwise = 10   # spanwise = 20     First strip =101
     Surface area =  2.9927           ave. chord =  2.6103    
     CLsurf  =   0.016178     Clsurf  =   0.002645
     CYsurf  =   0.000044     Cmsurf  =  -0.009906
     CDsurf  =   0.000474     Cnsurf  =   0.000055
     CDisurf =   0.000151     CDvsurf =   0.000000

  Forces referred to Ssurf, Cave about hinge axis thru LE
     cl_surf =   0.331164     cd_surf =   0.009711

 Strip Forces referred to strip area, chord
    j    xLE         yLE         zLE         Chord       Area        Dihedral   c cl        ai_ff       cl           clj         cd          cdv         cm_c/4     c.p.x/c      Dcj
   101   12.49      -3.864       1.385       2.662      0.2214E-01   0.000      0.7978      0.6729E-02  0.3003       0.000     -0.3598E-02   0.000      0.4537E-02  0.2349       0.000    
   102   12.49      -3.880       1.385       2.662      0.6588E-01   0.000      0.7976      0.6635E-02  0.3002       0.000     -0.3613E-02   0.000      0.4535E-02  0.2349       0.000    
   103   12.49      -3.913       1.385       2.661      0.1080       0.000      0.7972      0.6093E-02  0.3002       0.000     -0.3771E-02   0.000      0.4544E-02  0.2349       0.000    
   104   12.49      -3.961       1.385       2.660      0.1474       0.000      0.7967      0.4197E-02  0.3001       0.000     -0.4375E-02   0.000      0.4586E-02  0.2347       0.000    
   105   12.49      -4.023       1.385       2.659      0.1831       0.000      0.7958     -0.2298E-02  0.3000       0.000     -0.6307E-02   0.000      0.4696E-02  0.2343       0.000    
   106   12.49      -4.087       1.385       2.655      0.1513       0.000      0.7946     -0.3836E-01  0.3006       0.000     -0.1748E-01   0.000      0.4937E-02  0.2336       0.000    
   107   12.49      -4.152       1.385       2.647      0.1918       0.000      0.6197      0.4534E-01  0.3529      0.1191      0.2764E-01   0.000      0.1858E-01  0.1974       1.040    
   108   12.50      -4.228       1.385       2.638      0.2071       0.000      0.5874      0.4269E-01  0.3532      0.1308      0.2299E-01   0.000      0.1880E-01  0.1968       1.044    
   109   12.50      -4.308       1.385       2.628      0.2172      0.1539E-12  0.5717      0.4132E-01  0.3523      0.1350      0.2188E-01   0.000      0.1869E-01  0.1969       1.048    
   110   12.50      -4.392       1.385       2.617      0.2218     -0.1501E-12  0.5639      0.4074E-01  0.3514      0.1362      0.2151E-01   0.000      0.1849E-01  0.1974       1.052    
   111   12.50      -4.477       1.385       2.607      0.2209       0.000      0.5624      0.4062E-01  0.3522      0.1367      0.2156E-01   0.000      0.1861E-01  0.1972       1.056    
   112   12.51      -4.561       1.385       2.597      0.2146       0.000      0.5672      0.4112E-01  0.3547      0.1365      0.2205E-01   0.000      0.1901E-01  0.1964       1.060    
   113   12.51      -4.642       1.385       2.587      0.2031       0.000      0.5802      0.4239E-01  0.3570      0.1330      0.2329E-01   0.000      0.1923E-01  0.1961       1.064    
   114   12.51      -4.718       1.385       2.577      0.1868       0.000      0.6103      0.4505E-01  0.3581      0.1217      0.2826E-01   0.000      0.1907E-01  0.1968       1.068    
   115   12.51      -4.791       1.385       2.568      0.1894       0.000      0.7806     -0.3109E-01  0.3051       0.000     -0.1374E-01   0.000      0.4999E-02  0.2336       0.000    
   116   12.52      -4.860       1.385       2.560      0.1612       0.000      0.7793     -0.3890E-02  0.3052       0.000     -0.6117E-02   0.000      0.4745E-02  0.2345       0.000    
   117   12.52      -4.917       1.385       2.553      0.1294       0.000      0.7780      0.9624E-03  0.3054       0.000     -0.4558E-02   0.000      0.4625E-02  0.2349       0.000    
   118   12.52      -4.961       1.385       2.547      0.9455E-01   0.000      0.7770      0.2384E-02  0.3057       0.000     -0.4038E-02   0.000      0.4574E-02  0.2350       0.000    
   119   12.52      -4.991       1.385       2.544      0.5760E-01   0.000      0.7763      0.2710E-02  0.3058       0.000     -0.3891E-02   0.000      0.4557E-02  0.2351       0.000    
   120   12.52      -5.006       1.385       2.542      0.1934E-01   0.000      0.7760      0.2712E-02  0.3059       0.000     -0.3820E-02   0.000      0.4554E-02  0.2351       0.000    

 Surface forces referred to Sref,Cref,Bref about Xmom,Ymom,Zmom
 Standard axis orientation,  X fwd, Z down         

  Surface # 7     main_wing_4                             
     # chordwise = 10   # spanwise = 20     First strip =121
     Surface area =  2.8333           ave. chord =  2.4711    
     CLsurf  =   0.015657     Clsurf  =  -0.003222
     CYsurf  =  -0.000048     Cmsurf  =  -0.009612
     CDsurf  =   0.000463     Cnsurf  =  -0.000067
     CDisurf =   0.000143     CDvsurf =   0.000000

  Forces referred to Ssurf, Cave about hinge axis thru LE
     cl_surf =   0.338531     cd_surf =   0.010016

 Strip Forces referred to strip area, chord
    j    xLE         yLE         zLE         Chord       Area        Dihedral   c cl        ai_ff       cl           clj         cd          cdv         cm_c/4     c.p.x/c      Dcj
   121   12.52       5.010       1.385       2.541      0.1935E-01 -0.1671E-11  0.7759      0.2693E-02  0.3059       0.000     -0.3821E-02   0.000      0.4552E-02  0.2351       0.000    
   122   12.52       5.025       1.385       2.539      0.5752E-01  0.5616E-12  0.7755      0.2564E-02  0.3060       0.000     -0.3905E-02   0.000      0.4553E-02  0.2351       0.000    
   123   12.52       5.055       1.385       2.536      0.9416E-01   0.000      0.7748      0.1985E-02  0.3062       0.000     -0.4083E-02   0.000      0.4566E-02  0.2351       0.000    
   124   12.52       5.099       1.385       2.530      0.1283     -0.2509E-12  0.7737      0.1669E-03  0.3064       0.000     -0.4659E-02   0.000      0.4612E-02  0.2349       0.000    
   125   12.53       5.156       1.385       2.523      0.1590      0.2019E-12  0.7722     -0.5320E-02  0.3068       0.000     -0.6334E-02   0.000      0.4727E-02  0.2346       0.000    
   126   12.53       5.225       1.385       2.515      0.1856       0.000      0.7702     -0.3430E-01  0.3074       0.000     -0.1446E-01   0.000      0.4982E-02  0.2338       0.000    
   127   12.53       5.298       1.385       2.506      0.1816       0.000      0.5963      0.4469E-01  0.3627      0.1251      0.2843E-01   0.000      0.1945E-01  0.1964       1.099    
   128   12.53       5.374       1.385       2.497      0.1961       0.000      0.5637      0.4181E-01  0.3627      0.1372      0.2375E-01   0.000      0.1970E-01  0.1957       1.103    
   129   12.53       5.455       1.385       2.487      0.2055      0.1539E-12  0.5477      0.4034E-01  0.3615      0.1415      0.2260E-01   0.000      0.1958E-01  0.1958       1.107    
   130   12.54       5.539       1.385       2.476      0.2098     -0.1501E-12  0.5395      0.4025E-01  0.3602      0.1426      0.2219E-01   0.000      0.1936E-01  0.1963       1.112    
   131   12.54       5.624       1.385       2.466      0.2090       0.000      0.5374      0.3905E-01  0.3609      0.1433      0.2223E-01   0.000      0.1952E-01  0.1959       1.117    
   132   12.54       5.708       1.385       2.456      0.2030       0.000      0.5416      0.4015E-01  0.3632      0.1429      0.2270E-01   0.000      0.1991E-01  0.1952       1.121    
   133   12.54       5.789       1.385       2.446      0.1921       0.000      0.5539      0.4157E-01  0.3653      0.1391      0.2393E-01   0.000      0.2012E-01  0.1949       1.126    
   134   12.55       5.864       1.385       2.436      0.1766       0.000      0.5828      0.4446E-01  0.3663      0.1274      0.2886E-01   0.000      0.1993E-01  0.1956       1.130    
   135   12.55       5.938       1.385       2.427      0.1791       0.000      0.7493     -0.3783E-01  0.3099       0.000     -0.1400E-01   0.000      0.5013E-02  0.2338       0.000    
   136   12.55       6.007       1.385       2.419      0.1524       0.000      0.7475     -0.8247E-02  0.3098       0.000     -0.6316E-02   0.000      0.4735E-02  0.2347       0.000    
   137   12.55       6.064       1.385       2.412      0.1223      0.2509E-12  0.7458     -0.2898E-02  0.3099       0.000     -0.4711E-02   0.000      0.4606E-02  0.2351       0.000    
   138   12.55       6.108       1.385       2.406      0.8936E-01 -0.3426E-12  0.7445     -0.1287E-02  0.3100       0.000     -0.4175E-02   0.000      0.4552E-02  0.2353       0.000    
   139   12.56       6.138       1.385       2.403      0.5443E-01   0.000      0.7436     -0.8831E-03  0.3101       0.000     -0.4035E-02   0.000      0.4535E-02  0.2354       0.000    
   140   12.56       6.153       1.385       2.401      0.1828E-01   0.000      0.7431     -0.8535E-03  0.3102       0.000     -0.4096E-02   0.000      0.4533E-02  0.2354       0.000    

 Surface forces referred to Sref,Cref,Bref about Xmom,Ymom,Zmom
 Standard axis orientation,  X fwd, Z down         

  Surface # 8     main_wing_4 (YDUP)                      
     # chordwise = 10   # spanwise = 20     First strip =141
     Surface area =  2.8333           ave. chord =  2.4711    
     CLsurf  =   0.015657     Clsurf  =   0.003221
     CYsurf  =   0.000048     Cmsurf  =  -0.009612
     CDsurf  =   0.000463     Cnsurf  =   0.000067
     CDisurf =   0.000143     CDvsurf =   0.000000

  Forces referred to Ssurf, Cave about hinge axis thru LE
     cl_surf =   0.338519     cd_surf =   0.010016

 Strip Forces referred to strip area, chord
    j    xLE         yLE         zLE         Chord       Area        Dihedral   c cl        ai_ff       cl           clj         cd          cdv         cm_c/4     c.p.x/c      Dcj
   141   12.52      -5.010       1.385       2.541      0.1935E-01  0.1671E-11  0.7759      0.2697E-02  0.3059       0.000     -0.3822E-02   0.000      0.4554E-02  0.2351       0.000    
   142   12.52      -5.025       1.385       2.539      0.5752E-01 -0.5616E-12  0.7755      0.2568E-02  0.3060       0.000     -0.3906E-02   0.000      0.4555E-02  0.2351       0.000    
   143   12.52      -5.055       1.385       2.536      0.9416E-01   0.000      0.7748      0.1989E-02  0.3062       0.000     -0.4083E-02   0.000      0.4567E-02  0.2351       0.000    
   144   12.52      -5.099       1.385       2.530      0.1283      0.2509E-12  0.7737      0.1707E-03  0.3064       0.000     -0.4659E-02   0.000      0.4613E-02  0.2349       0.000    
   145   12.53      -5.156       1.385       2.523      0.1590     -0.2019E-12  0.7722     -0.5316E-02  0.3068       0.000     -0.6334E-02   0.000      0.4728E-02  0.2346       0.000    
   146   12.53      -5.225       1.385       2.515      0.1856       0.000      0.7702     -0.3429E-01  0.3074       0.000     -0.1446E-01   0.000      0.4983E-02  0.2338       0.000    
   147   12.53      -5.298       1.385       2.506      0.1816       0.000      0.5963      0.4469E-01  0.3627      0.1251      0.2843E-01   0.000      0.1945E-01  0.1964       1.099    
   148   12.53      -5.374       1.385       2.497      0.1961       0.000      0.5637      0.4181E-01  0.3627      0.1372      0.2375E-01   0.000      0.1970E-01  0.1957       1.103    
   149   12.53      -5.455       1.385       2.487      0.2055     -0.1539E-12  0.5477      0.4034E-01  0.3615      0.1415      0.2260E-01   0.000      0.1958E-01  0.1958       1.107    
   150   12.54      -5.539       1.385       2.476      0.2098      0.1501E-12  0.5394      0.4025E-01  0.3602      0.1426      0.2219E-01   0.000      0.1936E-01  0.1963       1.112    
   151   12.54      -5.624       1.385       2.466      0.2090       0.000      0.5374      0.3905E-01  0.3609      0.1433      0.2222E-01   0.000      0.1951E-01  0.1959       1.117    
   152   12.54      -5.708       1.385       2.456      0.2030       0.000      0.5416      0.4015E-01  0.3632      0.1429      0.2270E-01   0.000      0.1991E-01  0.1952       1.121    
   153   12.54      -5.789       1.385       2.446      0.1921       0.000      0.5539      0.4157E-01  0.3653      0.1391      0.2393E-01   0.000      0.2012E-01  0.1949       1.126    
   154   12.55      -5.864       1.385       2.436      0.1766       0.000      0.5827      0.4446E-01  0.3663      0.1274      0.2885E-01   0.000      0.1993E-01  0.1956       1.130    
   155   12.55      -5.938       1.385       2.427      0.1791       0.000      0.7493     -0.3782E-01  0.3098       0.000     -0.1399E-01   0.000      0.5011E-02  0.2338       0.000    
   156   12.55      -6.007       1.385       2.419      0.1524       0.000      0.7474     -0.8244E-02  0.3098       0.000     -0.6313E-02   0.000      0.4733E-02  0.2347       0.000    
   157   12.55      -6.064       1.385       2.412      0.1223     -0.2509E-12  0.7458     -0.2896E-02  0.3099       0.000     -0.4707E-02   0.000      0.4603E-02  0.2351       0.000    
   158   12.55      -6.108       1.385       2.406      0.8936E-01  0.3426E-12  0.7445     -0.1285E-02  0.3100       0.000     -0.4171E-02   0.000      0.4549E-02  0.2353       0.000    
   159   12.56      -6.138       1.385       2.403      0.5443E-01   0.000      0.7435     -0.8813E-03  0.3101       0.000     -0.4031E-02   0.000      0.4532E-02  0.2354       0.000    
   160   12.56      -6.153       1.385       2.401      0.1828E-01   0.000      0.7431     -0.8518E-03  0.3101       0.000     -0.4091E-02   0.000      0.4529E-02  0.2354       0.000    

 Surface forces referred to Sref,Cref,Bref about Xmom,Ymom,Zmom
 Standard axis orientation,  X fwd, Z down         

  Surface # 9     main_wing_5                             
     # chordwise = 10   # spanwise = 20     First strip =161
     Surface area =  2.6715           ave. chord =  2.3301    
     CLsurf  =   0.014975     Clsurf  =  -0.003714
     CYsurf  =  -0.000046     Cmsurf  =  -0.009213
     CDsurf  =   0.000448     Cnsurf  =  -0.000077
     CDisurf =   0.000134     CDvsurf =   0.000000

  Forces referred to Ssurf, Cave about hinge axis thru LE
     cl_surf =   0.343403     cd_surf =   0.010267

 Strip Forces referred to strip area, chord
    j    xLE         yLE         zLE         Chord       Area        Dihedral   c cl        ai_ff       cl           clj         cd          cdv         cm_c/4     c.p.x/c      Dcj
   161   12.56       6.157       1.385       2.400      0.1827E-01 -0.1672E-11  0.7431     -0.8640E-03  0.3102       0.000     -0.4097E-02   0.000      0.4533E-02  0.2354       0.000    
   162   12.56       6.172       1.385       2.399      0.5431E-01  0.5619E-12  0.7426     -0.9766E-03  0.3102       0.000     -0.4044E-02   0.000      0.4534E-02  0.2354       0.000    
   163   12.56       6.202       1.385       2.395      0.8889E-01   0.000      0.7416     -0.1546E-02  0.3103       0.000     -0.4202E-02   0.000      0.4549E-02  0.2353       0.000    
   164   12.56       6.246       1.385       2.389      0.1211     -0.2510E-12  0.7402     -0.3416E-02  0.3105       0.000     -0.4774E-02   0.000      0.4600E-02  0.2352       0.000    
   165   12.56       6.303       1.385       2.382      0.1501      0.2020E-12  0.7384     -0.9171E-02  0.3107       0.000     -0.6463E-02   0.000      0.4728E-02  0.2348       0.000    
   166   12.56       6.371       1.385       2.374      0.1751       0.000      0.7360     -0.3987E-01  0.3112       0.000     -0.1454E-01   0.000      0.5011E-02  0.2339       0.000    
   167   12.56       6.445       1.385       2.365      0.1714       0.000      0.5659      0.4423E-01  0.3698      0.1308      0.2894E-01   0.000      0.2038E-01  0.1949       1.164    
   168   12.57       6.521       1.385       2.356      0.1850       0.000      0.5338      0.4118E-01  0.3695      0.1432      0.2429E-01   0.000      0.2067E-01  0.1941       1.169    
   169   12.57       6.601       1.385       2.346      0.1939       0.000      0.5177      0.3963E-01  0.3681      0.1477      0.2312E-01   0.000      0.2057E-01  0.1941       1.174    
   170   12.57       6.685       1.385       2.335      0.1979       0.000      0.5092      0.3941E-01  0.3666      0.1488      0.2269E-01   0.000      0.2036E-01  0.1945       1.179    
   171   12.58       6.770       1.385       2.325      0.1970       0.000      0.5068      0.3845E-01  0.3671      0.1494      0.2271E-01   0.000      0.2052E-01  0.1941       1.184    
   172   12.58       6.854       1.385       2.315      0.1913       0.000      0.5104      0.3950E-01  0.3693      0.1491      0.2318E-01   0.000      0.2094E-01  0.1933       1.190    
   173   12.58       6.935       1.385       2.305      0.1810       0.000      0.5219      0.4101E-01  0.3714      0.1452      0.2439E-01   0.000      0.2115E-01  0.1930       1.195    
   174   12.58       7.011       1.385       2.295      0.1664       0.000      0.5495      0.4406E-01  0.3722      0.1332      0.2921E-01   0.000      0.2095E-01  0.1937       1.200    
   175   12.58       7.084       1.385       2.286      0.1687       0.000      0.7107     -0.4231E-01  0.3120       0.000     -0.1393E-01   0.000      0.5088E-02  0.2337       0.000    
   176   12.59       7.153       1.385       2.278      0.1435       0.000      0.7084     -0.1108E-01  0.3118       0.000     -0.6313E-02   0.000      0.4785E-02  0.2347       0.000    
   177   12.59       7.210       1.385       2.271      0.1151       0.000      0.7064     -0.5358E-02  0.3118       0.000     -0.4683E-02   0.000      0.4645E-02  0.2351       0.000    
   178   12.59       7.254       1.385       2.265      0.8412E-01   0.000      0.7049     -0.3586E-02  0.3118       0.000     -0.4135E-02   0.000      0.4587E-02  0.2353       0.000    
   179   12.59       7.284       1.385       2.262      0.5123E-01   0.000      0.7038     -0.3107E-02  0.3118       0.000     -0.3981E-02   0.000      0.4570E-02  0.2353       0.000    
   180   12.59       7.299       1.385       2.260      0.1721E-01   0.000      0.7032     -0.3047E-02  0.3118       0.000     -0.3963E-02   0.000      0.4568E-02  0.2354       0.000    

 Surface forces referred to Sref,Cref,Bref about Xmom,Ymom,Zmom
 Standard axis orientation,  X fwd, Z down         

  Surface #10     main_wing_5 (YDUP)                      
     # chordwise = 10   # spanwise = 20     First strip =181
     Surface area =  2.6715           ave. chord =  2.3301    
     CLsurf  =   0.014976     Clsurf  =   0.003714
     CYsurf  =   0.000046     Cmsurf  =  -0.009213
     CDsurf  =   0.000448     Cnsurf  =   0.000077
     CDisurf =   0.000134     CDvsurf =   0.000000

  Forces referred to Ssurf, Cave about hinge axis thru LE
     cl_surf =   0.343407     cd_surf =   0.010267

 Strip Forces referred to strip area, chord
    j    xLE         yLE         zLE         Chord       Area        Dihedral   c cl        ai_ff       cl           clj         cd          cdv         cm_c/4     c.p.x/c      Dcj
   181   12.56      -6.157       1.385       2.400      0.1827E-01  0.1672E-11  0.7430     -0.8622E-03  0.3102       0.000     -0.4092E-02   0.000      0.4529E-02  0.2354       0.000    
   182   12.56      -6.172       1.385       2.399      0.5431E-01 -0.5619E-12  0.7425     -0.9749E-03  0.3102       0.000     -0.4039E-02   0.000      0.4530E-02  0.2354       0.000    
   183   12.56      -6.202       1.385       2.395      0.8889E-01   0.000      0.7416     -0.1545E-02  0.3103       0.000     -0.4196E-02   0.000      0.4545E-02  0.2354       0.000    
   184   12.56      -6.246       1.385       2.389      0.1211      0.2510E-12  0.7402     -0.3414E-02  0.3104       0.000     -0.4767E-02   0.000      0.4596E-02  0.2352       0.000    
   185   12.56      -6.303       1.385       2.382      0.1501     -0.2020E-12  0.7383     -0.9170E-02  0.3107       0.000     -0.6456E-02   0.000      0.4723E-02  0.2348       0.000    
   186   12.56      -6.371       1.385       2.374      0.1751       0.000      0.7360     -0.3987E-01  0.3112       0.000     -0.1453E-01   0.000      0.5006E-02  0.2339       0.000    
   187   12.56      -6.445       1.385       2.365      0.1714       0.000      0.5659      0.4423E-01  0.3697      0.1308      0.2893E-01   0.000      0.2037E-01  0.1949       1.164    
   188   12.57      -6.521       1.385       2.356      0.1850       0.000      0.5338      0.4118E-01  0.3695      0.1432      0.2429E-01   0.000      0.2067E-01  0.1941       1.169    
   189   12.57      -6.601       1.385       2.346      0.1939       0.000      0.5177      0.3962E-01  0.3681      0.1477      0.2312E-01   0.000      0.2059E-01  0.1941       1.174    
   190   12.57      -6.685       1.385       2.335      0.1979       0.000      0.5093      0.3862E-01  0.3667      0.1489      0.2269E-01   0.000      0.2039E-01  0.1944       1.179    
   191   12.58      -6.770       1.385       2.325      0.1970       0.000      0.5068      0.3924E-01  0.3670      0.1493      0.2271E-01   0.000      0.2049E-01  0.1942       1.184    
   192   12.58      -6.854       1.385       2.315      0.1913       0.000      0.5104      0.3951E-01  0.3692      0.1490      0.2318E-01   0.000      0.2093E-01  0.1933       1.190    
   193   12.58      -6.935       1.385       2.305      0.1810       0.000      0.5220      0.4101E-01  0.3714      0.1452      0.2439E-01   0.000      0.2115E-01  0.1930       1.195    
   194   12.58      -7.011       1.385       2.295      0.1664       0.000      0.5495      0.4406E-01  0.3722      0.1332      0.2921E-01   0.000      0.2095E-01  0.1937       1.200    
   195   12.58      -7.084       1.385       2.286      0.1687       0.000      0.7107     -0.4231E-01  0.3120       0.000     -0.1395E-01   0.000      0.5094E-02  0.2337       0.000    
   196   12.59      -7.153       1.385       2.278      0.1435       0.000      0.7085     -0.1108E-01  0.3118       0.000     -0.6322E-02   0.000      0.4791E-02  0.2346       0.000    
   197   12.59      -7.210       1.385       2.271      0.1151       0.000      0.7065     -0.5358E-02  0.3118       0.000     -0.4691E-02   0.000      0.4650E-02  0.2351       0.000    
   198   12.59      -7.254       1.385       2.265      0.8412E-01   0.000      0.7049     -0.3586E-02  0.3118       0.000     -0.4141E-02   0.000      0.4592E-02  0.2353       0.000    
   199   12.59      -7.284       1.385       2.262      0.5123E-01   0.000      0.7039     -0.3107E-02  0.3118       0.000     -0.3987E-02   0.000      0.4575E-02  0.2353       0.000    
   200   12.59      -7.299       1.385       2.260      0.1721E-01   0.000      0.7033     -0.3047E-02  0.3118       0.000     -0.3969E-02   0.000      0.4573E-02  0.2353       0.000    

 Surface forces referred to Sref,Cref,Bref about Xmom,Ymom,Zmom
 Standard axis orientation,  X fwd, Z down         

  Surface #11     main_wing_6                             
     # chordwise = 10   # spanwise = 20     First strip =201
     Surface area =  2.5099           ave. chord =  2.1892    
     CLsurf  =   0.014170     Clsurf  =  -0.004113
     CYsurf  =  -0.000043     Cmsurf  =  -0.008727
     CDsurf  =   0.000431     Cnsurf  =  -0.000085
     CDisurf =   0.000127     CDvsurf =   0.000000

  Forces referred to Ssurf, Cave about hinge axis thru LE
     cl_surf =   0.345849     cd_surf =   0.010521

 Strip Forces referred to strip area, chord
    j    xLE         yLE         zLE         Chord       Area        Dihedral   c cl        ai_ff       cl           clj         cd          cdv         cm_c/4     c.p.x/c      Dcj
   201   12.59       7.303       1.385       2.259      0.1719E-01 -0.1672E-11  0.7031     -0.3051E-02  0.3118       0.000     -0.3964E-02   0.000      0.4568E-02  0.2354       0.000    
   202   12.59       7.318       1.385       2.258      0.5112E-01  0.5619E-12  0.7026     -0.3139E-02  0.3118       0.000     -0.3982E-02   0.000      0.4570E-02  0.2353       0.000    
   203   12.59       7.348       1.385       2.254      0.8366E-01   0.000      0.7015     -0.3674E-02  0.3119       0.000     -0.4141E-02   0.000      0.4588E-02  0.2353       0.000    
   204   12.59       7.392       1.385       2.248      0.1140     -0.2510E-12  0.6998     -0.5529E-02  0.3119       0.000     -0.4704E-02   0.000      0.4646E-02  0.2351       0.000    
   205   12.60       7.449       1.385       2.241      0.1412      0.2020E-12  0.6976     -0.1137E-01  0.3120       0.000     -0.6383E-02   0.000      0.4789E-02  0.2347       0.000    
   206   12.60       7.518       1.385       2.233      0.1647       0.000      0.6949     -0.4289E-01  0.3124       0.000     -0.1429E-01   0.000      0.5104E-02  0.2337       0.000    
   207   12.60       7.591       1.385       2.224      0.1612       0.000      0.5303      0.4399E-01  0.3746      0.1365      0.2922E-01   0.000      0.2148E-01  0.1927       1.238    
   208   12.60       7.667       1.385       2.215      0.1739       0.000      0.4990      0.4086E-01  0.3742      0.1492      0.2466E-01   0.000      0.2183E-01  0.1917       1.243    
   209   12.61       7.748       1.385       2.205      0.1822     -0.1539E-12  0.4830      0.3927E-01  0.3726      0.1538      0.2349E-01   0.000      0.2177E-01  0.1916       1.249    
   210   12.61       7.832       1.385       2.194      0.1860      0.1501E-12  0.4744      0.3822E-01  0.3709      0.1550      0.2304E-01   0.000      0.2158E-01  0.1918       1.255    
   211   12.61       7.917       1.385       2.184      0.1851       0.000      0.4715      0.3897E-01  0.3709      0.1553      0.2304E-01   0.000      0.2169E-01  0.1915       1.261    
   212   12.61       8.001       1.385       2.174      0.1797       0.000      0.4745      0.3923E-01  0.3731      0.1551      0.2349E-01   0.000      0.2215E-01  0.1906       1.267    
   213   12.62       8.082       1.385       2.164      0.1699       0.000      0.4852      0.4077E-01  0.3752      0.1512      0.2467E-01   0.000      0.2239E-01  0.1903       1.273    
   214   12.62       8.157       1.385       2.154      0.1561       0.000      0.5111      0.4390E-01  0.3759      0.1390      0.2932E-01   0.000      0.2217E-01  0.1910       1.278    
   215   12.62       8.231       1.385       2.145      0.1583       0.000      0.6655     -0.4409E-01  0.3113       0.000     -0.1355E-01   0.000      0.5244E-02  0.2332       0.000    
   216   12.62       8.300       1.385       2.137      0.1347       0.000      0.6628     -0.1212E-01  0.3109       0.000     -0.6107E-02   0.000      0.4915E-02  0.2342       0.000    
   217   12.62       8.357       1.385       2.130      0.1080       0.000      0.6605     -0.6181E-02  0.3108       0.000     -0.4479E-02   0.000      0.4765E-02  0.2347       0.000    
   218   12.63       8.401       1.385       2.124      0.7889E-01  0.3426E-12  0.6586     -0.4298E-02  0.3106       0.000     -0.3926E-02   0.000      0.4704E-02  0.2349       0.000    
   219   12.63       8.431       1.385       2.121      0.4804E-01 -0.5616E-12  0.6573     -0.3756E-02  0.3106       0.000     -0.3759E-02   0.000      0.4686E-02  0.2349       0.000    
   220   12.63       8.446       1.385       2.119      0.1613E-01   0.000      0.6567     -0.3667E-02  0.3105       0.000     -0.3664E-02   0.000      0.4685E-02  0.2349       0.000    

 Surface forces referred to Sref,Cref,Bref about Xmom,Ymom,Zmom
 Standard axis orientation,  X fwd, Z down         

  Surface #12     main_wing_6 (YDUP)                      
     # chordwise = 10   # spanwise = 20     First strip =221
     Surface area =  2.5099           ave. chord =  2.1892    
     CLsurf  =   0.014171     Clsurf  =   0.004113
     CYsurf  =   0.000043     Cmsurf  =  -0.008728
     CDsurf  =   0.000431     Cnsurf  =   0.000085
     CDisurf =   0.000127     CDvsurf =   0.000000

  Forces referred to Ssurf, Cave about hinge axis thru LE
     cl_surf =   0.345872     cd_surf =   0.010520

 Strip Forces referred to strip area, chord
    j    xLE         yLE         zLE         Chord       Area        Dihedral   c cl        ai_ff       cl           clj         cd          cdv         cm_c/4     c.p.x/c      Dcj
   221   12.59      -7.303       1.385       2.259      0.1719E-01  0.1672E-11  0.7032     -0.3051E-02  0.3119       0.000     -0.3969E-02   0.000      0.4573E-02  0.2353       0.000    
   222   12.59      -7.318       1.385       2.258      0.5112E-01 -0.5619E-12  0.7027     -0.3139E-02  0.3119       0.000     -0.3988E-02   0.000      0.4575E-02  0.2353       0.000    
   223   12.59      -7.348       1.385       2.254      0.8366E-01   0.000      0.7015     -0.3674E-02  0.3119       0.000     -0.4146E-02   0.000      0.4592E-02  0.2353       0.000    
   224   12.59      -7.392       1.385       2.248      0.1140      0.2510E-12  0.6999     -0.5529E-02  0.3119       0.000     -0.4709E-02   0.000      0.4650E-02  0.2351       0.000    
   225   12.60      -7.449       1.385       2.241      0.1412     -0.2020E-12  0.6977     -0.1137E-01  0.3120       0.000     -0.6389E-02   0.000      0.4793E-02  0.2346       0.000    
   226   12.60      -7.518       1.385       2.233      0.1647       0.000      0.6950     -0.4289E-01  0.3124       0.000     -0.1430E-01   0.000      0.5108E-02  0.2337       0.000    
   227   12.60      -7.591       1.385       2.224      0.1612       0.000      0.5303      0.4399E-01  0.3747      0.1365      0.2922E-01   0.000      0.2149E-01  0.1927       1.238    
   228   12.60      -7.667       1.385       2.215      0.1739       0.000      0.4990      0.4086E-01  0.3743      0.1492      0.2466E-01   0.000      0.2184E-01  0.1917       1.243    
   229   12.61      -7.748       1.385       2.205      0.1822      0.1539E-12  0.4830      0.3927E-01  0.3726      0.1538      0.2349E-01   0.000      0.2177E-01  0.1916       1.249    
   230   12.61      -7.832       1.385       2.194      0.1860     -0.1501E-12  0.4744      0.3822E-01  0.3709      0.1550      0.2304E-01   0.000      0.2158E-01  0.1918       1.255    
   231   12.61      -7.917       1.385       2.184      0.1851       0.000      0.4715      0.3897E-01  0.3710      0.1553      0.2304E-01   0.000      0.2169E-01  0.1915       1.261    
   232   12.61      -8.001       1.385       2.174      0.1797       0.000      0.4745      0.3923E-01  0.3731      0.1551      0.2349E-01   0.000      0.2215E-01  0.1906       1.267    
   233   12.62      -8.082       1.385       2.164      0.1699       0.000      0.4852      0.4077E-01  0.3752      0.1512      0.2467E-01   0.000      0.2239E-01  0.1903       1.273    
   234   12.62      -8.157       1.385       2.154      0.1561       0.000      0.5111      0.4390E-01  0.3759      0.1390      0.2932E-01   0.000      0.2217E-01  0.1910       1.278    
   235   12.62      -8.231       1.385       2.145      0.1583       0.000      0.6655     -0.4410E-01  0.3114       0.000     -0.1355E-01   0.000      0.5245E-02  0.2332       0.000    
   236   12.62      -8.300       1.385       2.137      0.1347       0.000      0.6628     -0.1212E-01  0.3109       0.000     -0.6108E-02   0.000      0.4916E-02  0.2342       0.000    
   237   12.62      -8.357       1.385       2.130      0.1080       0.000      0.6605     -0.6182E-02  0.3108       0.000     -0.4480E-02   0.000      0.4766E-02  0.2347       0.000    
   238   12.63      -8.401       1.385       2.124      0.7889E-01 -0.3426E-12  0.6586     -0.4299E-02  0.3107       0.000     -0.3927E-02   0.000      0.4704E-02  0.2349       0.000    
   239   12.63      -8.431       1.385       2.121      0.4804E-01  0.5616E-12  0.6574     -0.3757E-02  0.3106       0.000     -0.3760E-02   0.000      0.4687E-02  0.2349       0.000    
   240   12.63      -8.446       1.385       2.119      0.1613E-01   0.000      0.6567     -0.3667E-02  0.3105       0.000     -0.3665E-02   0.000      0.4685E-02  0.2349       0.000    

 Surface forces referred to Sref,Cref,Bref about Xmom,Ymom,Zmom
 Standard axis orientation,  X fwd, Z down         

  Surface #13     main_wing_7                             
     # chordwise = 10   # spanwise = 20     First strip =241
     Surface area =  2.3483           ave. chord =  2.0482    
     CLsurf  =   0.013225     Clsurf  =  -0.004398
     CYsurf  =  -0.000039     Cmsurf  =  -0.008149
     CDsurf  =   0.000412     Cnsurf  =  -0.000088
     CDisurf =   0.000122     CDvsurf =   0.000000

  Forces referred to Ssurf, Cave about hinge axis thru LE
     cl_surf =   0.344997     cd_surf =   0.010755

 Strip Forces referred to strip area, chord
    j    xLE         yLE         zLE         Chord       Area        Dihedral   c cl        ai_ff       cl           clj         cd          cdv         cm_c/4     c.p.x/c      Dcj
   241   12.63       8.450       1.385       2.118      0.1612E-01 -0.1672E-11  0.6566     -0.3663E-02  0.3106       0.000     -0.3663E-02   0.000      0.4685E-02  0.2349       0.000    
   242   12.63       8.465       1.385       2.117      0.4793E-01  0.5619E-12  0.6559     -0.3721E-02  0.3105       0.000     -0.3751E-02   0.000      0.4688E-02  0.2349       0.000    
   243   12.63       8.495       1.385       2.113      0.7843E-01   0.000      0.6546     -0.4200E-02  0.3105       0.000     -0.3907E-02   0.000      0.4709E-02  0.2348       0.000    
   244   12.63       8.539       1.385       2.108      0.1068     -0.2510E-12  0.6527     -0.5979E-02  0.3104       0.000     -0.4449E-02   0.000      0.4776E-02  0.2346       0.000    
   245   12.63       8.596       1.385       2.101      0.1323      0.2020E-12  0.6502     -0.1173E-01  0.3103       0.000     -0.6083E-02   0.000      0.4936E-02  0.2341       0.000    
   246   12.63       8.664       1.385       2.092      0.1543       0.000      0.6470     -0.4311E-01  0.3104       0.000     -0.1368E-01   0.000      0.5285E-02  0.2330       0.000    
   247   12.64       8.738       1.385       2.083      0.1510       0.000      0.4894      0.4399E-01  0.3769      0.1422      0.2922E-01   0.000      0.2281E-01  0.1895       1.322    
   248   12.64       8.814       1.385       2.074      0.1629     -0.1620E-12  0.4591      0.4088E-01  0.3762      0.1551      0.2480E-01   0.000      0.2321E-01  0.1883       1.328    
   249   12.64       8.894       1.385       2.064      0.1706      0.1539E-12  0.4433      0.3932E-01  0.3742      0.1597      0.2364E-01   0.000      0.2317E-01  0.1881       1.334    
   250   12.64       8.978       1.385       2.053      0.1740      0.1501E-12  0.4345      0.3825E-01  0.3721      0.1608      0.2317E-01   0.000      0.2298E-01  0.1882       1.341    
   251   12.65       9.063       1.385       2.043      0.1732     -0.1501E-12  0.4311      0.3908E-01  0.3719      0.1611      0.2314E-01   0.000      0.2311E-01  0.1879       1.348    
   252   12.65       9.147       1.385       2.033      0.1680       0.000      0.4334      0.3932E-01  0.3738      0.1609      0.2357E-01   0.000      0.2359E-01  0.1869       1.354    
   253   12.65       9.228       1.385       2.023      0.1589       0.000      0.4428      0.4087E-01  0.3757      0.1570      0.2469E-01   0.000      0.2384E-01  0.1865       1.361    
   254   12.65       9.304       1.385       2.013      0.1459       0.000      0.4667      0.4397E-01  0.3761      0.1446      0.2908E-01   0.000      0.2359E-01  0.1873       1.367    
   255   12.66       9.378       1.385       2.004      0.1478     -0.1725E-12  0.6122     -0.4321E-01  0.3065       0.000     -0.1273E-01   0.000      0.5455E-02  0.2322       0.000    
   256   12.66       9.446       1.385       1.996      0.1257      0.2020E-12  0.6089     -0.1145E-01  0.3058       0.000     -0.5627E-02   0.000      0.5098E-02  0.2333       0.000    
   257   12.66       9.503       1.385       1.989      0.1008      0.2510E-12  0.6061     -0.5541E-02  0.3054       0.000     -0.4052E-02   0.000      0.4936E-02  0.2338       0.000    
   258   12.66       9.547       1.385       1.984      0.7363E-01 -0.3427E-12  0.6039     -0.3683E-02  0.3050       0.000     -0.3525E-02   0.000      0.4870E-02  0.2340       0.000    
   259   12.66       9.577       1.385       1.980      0.4483E-01   0.000      0.6023     -0.3171E-02  0.3048       0.000     -0.3384E-02   0.000      0.4851E-02  0.2341       0.000    
   260   12.66       9.592       1.385       1.978      0.1505E-01   0.000      0.6015     -0.3104E-02  0.3047       0.000     -0.3363E-02   0.000      0.4848E-02  0.2341       0.000    

 Surface forces referred to Sref,Cref,Bref about Xmom,Ymom,Zmom
 Standard axis orientation,  X fwd, Z down         

  Surface #14     main_wing_7 (YDUP)                      
     # chordwise = 10   # spanwise = 20     First strip =261
     Surface area =  2.3483           ave. chord =  2.0482    
     CLsurf  =   0.013225     Clsurf  =   0.004398
     CYsurf  =   0.000039     Cmsurf  =  -0.008149
     CDsurf  =   0.000412     Cnsurf  =   0.000088
     CDisurf =   0.000122     CDvsurf =   0.000000

  Forces referred to Ssurf, Cave about hinge axis thru LE
     cl_surf =   0.345007     cd_surf =   0.010755

 Strip Forces referred to strip area, chord
    j    xLE         yLE         zLE         Chord       Area        Dihedral   c cl        ai_ff       cl           clj         cd          cdv         cm_c/4     c.p.x/c      Dcj
   261   12.63      -8.450       1.385       2.118      0.1612E-01  0.1672E-11  0.6566     -0.3664E-02  0.3106       0.000     -0.3664E-02   0.000      0.4686E-02  0.2349       0.000    
   262   12.63      -8.465       1.385       2.117      0.4793E-01 -0.5619E-12  0.6560     -0.3722E-02  0.3105       0.000     -0.3753E-02   0.000      0.4689E-02  0.2349       0.000    
   263   12.63      -8.495       1.385       2.113      0.7843E-01   0.000      0.6547     -0.4201E-02  0.3105       0.000     -0.3908E-02   0.000      0.4710E-02  0.2348       0.000    
   264   12.63      -8.539       1.385       2.108      0.1068      0.2510E-12  0.6527     -0.5980E-02  0.3104       0.000     -0.4450E-02   0.000      0.4777E-02  0.2346       0.000    
   265   12.63      -8.596       1.385       2.101      0.1323     -0.2020E-12  0.6502     -0.1173E-01  0.3103       0.000     -0.6084E-02   0.000      0.4936E-02  0.2341       0.000    
   266   12.63      -8.664       1.385       2.092      0.1543       0.000      0.6471     -0.4311E-01  0.3104       0.000     -0.1369E-01   0.000      0.5286E-02  0.2330       0.000    
   267   12.64      -8.738       1.385       2.083      0.1510       0.000      0.4894      0.4399E-01  0.3769      0.1422      0.2922E-01   0.000      0.2281E-01  0.1895       1.322    
   268   12.64      -8.814       1.385       2.074      0.1629      0.1620E-12  0.4591      0.4088E-01  0.3762      0.1551      0.2481E-01   0.000      0.2321E-01  0.1883       1.328    
   269   12.64      -8.894       1.385       2.064      0.1706     -0.1539E-12  0.4433      0.3932E-01  0.3742      0.1597      0.2364E-01   0.000      0.2317E-01  0.1881       1.334    
   270   12.64      -8.978       1.385       2.053      0.1740     -0.1501E-12  0.4345      0.3825E-01  0.3721      0.1608      0.2317E-01   0.000      0.2298E-01  0.1882       1.341    
   271   12.65      -9.063       1.385       2.043      0.1732      0.1501E-12  0.4311      0.3908E-01  0.3719      0.1611      0.2315E-01   0.000      0.2311E-01  0.1879       1.348    
   272   12.65      -9.147       1.385       2.033      0.1680       0.000      0.4334      0.3932E-01  0.3738      0.1609      0.2357E-01   0.000      0.2359E-01  0.1869       1.354    
   273   12.65      -9.228       1.385       2.023      0.1589       0.000      0.4428      0.4087E-01  0.3757      0.1570      0.2469E-01   0.000      0.2384E-01  0.1865       1.361    
   274   12.65      -9.304       1.385       2.013      0.1459       0.000      0.4668      0.4397E-01  0.3761      0.1447      0.2908E-01   0.000      0.2359E-01  0.1873       1.367    
   275   12.66      -9.378       1.385       2.004      0.1478      0.1725E-12  0.6122     -0.4321E-01  0.3065       0.000     -0.1273E-01   0.000      0.5455E-02  0.2322       0.000    
   276   12.66      -9.446       1.385       1.996      0.1257     -0.2020E-12  0.6090     -0.1145E-01  0.3058       0.000     -0.5628E-02   0.000      0.5098E-02  0.2333       0.000    
   277   12.66      -9.503       1.385       1.989      0.1008     -0.2510E-12  0.6061     -0.5542E-02  0.3054       0.000     -0.4053E-02   0.000      0.4936E-02  0.2338       0.000    
   278   12.66      -9.547       1.385       1.984      0.7363E-01  0.3427E-12  0.6039     -0.3684E-02  0.3050       0.000     -0.3526E-02   0.000      0.4870E-02  0.2340       0.000    
   279   12.66      -9.577       1.385       1.980      0.4483E-01   0.000      0.6023     -0.3172E-02  0.3048       0.000     -0.3384E-02   0.000      0.4851E-02  0.2341       0.000    
   280   12.66      -9.592       1.385       1.978      0.1505E-01   0.000      0.6015     -0.3105E-02  0.3047       0.000     -0.3364E-02   0.000      0.4848E-02  0.2341       0.000    

 Surface forces referred to Sref,Cref,Bref about Xmom,Ymom,Zmom
 Standard axis orientation,  X fwd, Z down         

  Surface #15     main_wing_8                             
     # chordwise = 10   # spanwise = 20     First strip =281
     Surface area =  6.8719           ave. chord =  1.7343    
     CLsurf  =   0.029724     Clsurf  =  -0.012271
     CYsurf  =  -0.000101     Cmsurf  =  -0.018791
     CDsurf  =   0.000535     Cnsurf  =  -0.000420
     CDisurf =   0.000280     CDvsurf =   0.000000

  Forces referred to Ssurf, Cave about hinge axis thru LE
     cl_surf =   0.264973     cd_surf =   0.004765

 Strip Forces referred to strip area, chord
    j    xLE         yLE         zLE         Chord       Area        Dihedral   c cl        ai_ff       cl           clj         cd          cdv         cm_c/4     c.p.x/c      Dcj
   281   12.66       9.601       1.385       1.977      0.5690E-01   0.000      0.6012     -0.3125E-02  0.3047       0.000     -0.3384E-02   0.000      0.4850E-02  0.2341       0.000    
   282   12.66       9.659       1.385       1.970      0.1687       0.000      0.5982     -0.4393E-02  0.3043       0.000     -0.3675E-02   0.000      0.4889E-02  0.2339       0.000    
   283   12.67       9.772       1.385       1.956      0.2746       0.000      0.5922     -0.2063E-01  0.3036       0.000     -0.7256E-02   0.000      0.5218E-02  0.2328       0.000    
   284   12.67       9.930       1.385       1.937      0.3335     -0.7387E-13  0.4155      0.4131E-01  0.3742      0.1599      0.2478E-01   0.000      0.2472E-01  0.1839       1.422    
   285   12.68       10.12       1.385       1.913      0.4094      0.5943E-13  0.3853      0.3895E-01  0.3672      0.1660      0.2271E-01   0.000      0.2425E-01  0.1840       1.439    
   286   12.69       10.36       1.385       1.884      0.4722       0.000      0.3835      0.3978E-01  0.3707      0.1675      0.2326E-01   0.000      0.2545E-01  0.1814       1.461    
   287   12.69       10.61       1.385       1.853      0.4794       0.000      0.5406     -0.5948E-02  0.2923       0.000     -0.2985E-02   0.000      0.4259E-02  0.2354       0.000    
   288   12.70       10.88       1.385       1.819      0.5101       0.000      0.5214      0.8538E-02  0.2870       0.000      0.3607E-03   0.000      0.3100E-02  0.2392       0.000    
   289   12.71       11.17       1.385       1.784      0.5264      0.4311E-13  0.4998      0.1183E-01  0.2805       0.000      0.1210E-02   0.000      0.2575E-02  0.2408       0.000    
   290   12.72       11.47       1.385       1.747      0.5286     -0.4205E-13  0.4758      0.1383E-01  0.2726       0.000      0.1624E-02   0.000      0.2451E-02  0.2410       0.000    
   291   12.73       11.77       1.385       1.710      0.5173     -0.4205E-13  0.4491      0.1565E-01  0.2629       0.000      0.1896E-02   0.000      0.2620E-02  0.2400       0.000    
   292   12.74       12.07       1.385       1.673      0.4937      0.4311E-13  0.4196      0.1762E-01  0.2510       0.000      0.2106E-02   0.000      0.3018E-02  0.2380       0.000    
   293   12.75       12.36       1.385       1.637      0.4591       0.000      0.3866      0.1981E-01  0.2363       0.000      0.2275E-02   0.000      0.3604E-02  0.2347       0.000    
   294   12.76       12.63       1.385       1.604      0.4151       0.000      0.3496      0.2222E-01  0.2181       0.000      0.2399E-02   0.000      0.4328E-02  0.2302       0.000    
   295   12.76       12.88       1.385       1.574      0.3632       0.000      0.3081      0.2478E-01  0.1959       0.000      0.2459E-02   0.000      0.5092E-02  0.2240       0.000    
   296   12.77       13.09       1.385       1.548      0.3050       0.000      0.2616      0.2733E-01  0.1692       0.000      0.2426E-02   0.000      0.5718E-02  0.2162       0.000    
   297   12.77       13.27       1.385       1.526      0.2419       0.000      0.2102      0.2972E-01  0.1378       0.000      0.2269E-02   0.000      0.5929E-02  0.2070       0.000    
   298   12.78       13.41       1.385       1.509      0.1752       0.000      0.1541      0.3179E-01  0.1022       0.000      0.1950E-02   0.000      0.5405E-02  0.1971       0.000    
   299   12.78       13.50       1.385       1.497      0.1061       0.000      0.9420E-01  0.3341E-01  0.6292E-01   0.000      0.1430E-02   0.000      0.3904E-02  0.1880       0.000    
   300   12.78       13.55       1.385       1.491      0.3551E-01   0.000      0.3171E-01  0.3439E-01  0.2126E-01   0.000      0.5608E-03   0.000      0.1445E-02  0.1820       0.000    

 Surface forces referred to Sref,Cref,Bref about Xmom,Ymom,Zmom
 Standard axis orientation,  X fwd, Z down         

  Surface #16     main_wing_8 (YDUP)                      
     # chordwise = 10   # spanwise = 20     First strip =301
     Surface area =  6.8719           ave. chord =  1.7343    
     CLsurf  =   0.029724     Clsurf  =   0.012271
     CYsurf  =   0.000101     Cmsurf  =  -0.018791
     CDsurf  =   0.000535     Cnsurf  =   0.000420
     CDisurf =   0.000279     CDvsurf =   0.000000

  Forces referred to Ssurf, Cave about hinge axis thru LE
     cl_surf =   0.264977     cd_surf =   0.004765

 Strip Forces referred to strip area, chord
    j    xLE         yLE         zLE         Chord       Area        Dihedral   c cl        ai_ff       cl           clj         cd          cdv         cm_c/4     c.p.x/c      Dcj
   301   12.66      -9.601       1.385       1.977      0.5690E-01   0.000      0.6013     -0.3126E-02  0.3047       0.000     -0.3385E-02   0.000      0.4850E-02  0.2341       0.000    
   302   12.66      -9.659       1.385       1.970      0.1687       0.000      0.5983     -0.4394E-02  0.3043       0.000     -0.3675E-02   0.000      0.4889E-02  0.2339       0.000    
   303   12.67      -9.772       1.385       1.956      0.2746       0.000      0.5922     -0.2063E-01  0.3036       0.000     -0.7256E-02   0.000      0.5218E-02  0.2328       0.000    
   304   12.67      -9.930       1.385       1.937      0.3335      0.7387E-13  0.4156      0.4131E-01  0.3742      0.1599      0.2478E-01   0.000      0.2472E-01  0.1839       1.422    
   305   12.68      -10.12       1.385       1.913      0.4094     -0.5943E-13  0.3854      0.3895E-01  0.3672      0.1660      0.2271E-01   0.000      0.2425E-01  0.1840       1.439    
   306   12.69      -10.36       1.385       1.884      0.4722       0.000      0.3835      0.3978E-01  0.3707      0.1675      0.2326E-01   0.000      0.2545E-01  0.1814       1.461    
   307   12.69      -10.61       1.385       1.853      0.4794       0.000      0.5406     -0.5949E-02  0.2924       0.000     -0.2986E-02   0.000      0.4259E-02  0.2354       0.000    
   308   12.70      -10.88       1.385       1.819      0.5101       0.000      0.5214      0.8537E-02  0.2870       0.000      0.3605E-03   0.000      0.3099E-02  0.2392       0.000    
   309   12.71      -11.17       1.385       1.784      0.5264     -0.4311E-13  0.4998      0.1183E-01  0.2805       0.000      0.1210E-02   0.000      0.2575E-02  0.2408       0.000    
   310   12.72      -11.47       1.385       1.747      0.5286      0.4205E-13  0.4758      0.1383E-01  0.2726       0.000      0.1624E-02   0.000      0.2451E-02  0.2410       0.000    
   311   12.73      -11.77       1.385       1.710      0.5173      0.4205E-13  0.4491      0.1565E-01  0.2630       0.000      0.1896E-02   0.000      0.2620E-02  0.2400       0.000    
   312   12.74      -12.07       1.385       1.673      0.4937     -0.4311E-13  0.4196      0.1762E-01  0.2510       0.000      0.2106E-02   0.000      0.3018E-02  0.2380       0.000    
   313   12.75      -12.36       1.385       1.637      0.4591       0.000      0.3866      0.1981E-01  0.2363       0.000      0.2275E-02   0.000      0.3604E-02  0.2347       0.000    
   314   12.76      -12.63       1.385       1.604      0.4151       0.000      0.3496      0.2222E-01  0.2181       0.000      0.2399E-02   0.000      0.4328E-02  0.2302       0.000    
   315   12.76      -12.88       1.385       1.574      0.3632       0.000      0.3081      0.2478E-01  0.1959       0.000      0.2459E-02   0.000      0.5092E-02  0.2240       0.000    
   316   12.77      -13.09       1.385       1.548      0.3050       0.000      0.2616      0.2733E-01  0.1692       0.000      0.2426E-02   0.000      0.5718E-02  0.2162       0.000    
   317   12.77      -13.27       1.385       1.526      0.2419       0.000      0.2102      0.2972E-01  0.1378       0.000      0.2269E-02   0.000      0.5929E-02  0.2070       0.000    
   318   12.78      -13.41       1.385       1.509      0.1752       0.000      0.1541      0.3179E-01  0.1022       0.000      0.1950E-02   0.000      0.5405E-02  0.1971       0.000    
   319   12.78      -13.50       1.385       1.497      0.1061       0.000      0.9420E-01  0.3341E-01  0.6292E-01   0.000      0.1430E-02   0.000      0.3904E-02  0.1880       0.000    
   320   12.78      -13.55       1.385       1.491      0.3551E-01   0.000      0.3171E-01  0.3439E-01  0.2126E-01   0.000      0.5608E-03   0.000      0.1445E-02  0.1820       0.000    

 Surface forces referred to Sref,Cref,Bref about Xmom,Ymom,Zmom
 Standard axis orientation,  X fwd, Z down         

  Surface #17     horizontal_stabilizer                   
     # chordwise = 10   # spanwise = 30     First strip =321
     Surface area =  10.476           ave. chord =  1.8686    
     CLsurf  =   0.030079     Clsurf  =  -0.002708
     CYsurf  =  -0.000069     Cmsurf  =  -0.168638
     CDsurf  =   0.000655     Cnsurf  =  -0.000049
     CDisurf =   0.000655     CDvsurf =   0.000000

  Forces referred to Ssurf, Cave about hinge axis thru LE
     cl_surf =   0.175899     cd_surf =   0.003828

 Strip Forces referred to strip area, chord
    j    xLE         yLE         zLE         Chord       Area        Dihedral   c cl        ai_ff       cl           clj         cd          cdv         cm_c/4     c.p.x/c      Dcj
   321   23.74      0.3841E-02   5.819       2.335      0.3586E-01   0.000      0.4079      0.2859E-01  0.1741       0.000      0.1587E-01   0.000     -0.1233E-02  0.2571       0.000    
   322   23.74      0.3451E-01   5.819       2.330      0.1069       0.000      0.4079      0.2853E-01  0.1750       0.000      0.5493E-02   0.000     -0.1166E-02  0.2567       0.000    
   323   23.75      0.9551E-01   5.819       2.320      0.1762       0.000      0.4078      0.2847E-01  0.1758       0.000      0.4810E-02   0.000     -0.9601E-03  0.2555       0.000    
   324   23.76      0.1862       5.819       2.305      0.2423       0.000      0.4076      0.2840E-01  0.1768       0.000      0.4560E-02   0.000     -0.6649E-03  0.2538       0.000    
   325   23.78      0.3055       5.819       2.285      0.3043      0.3821E-12  0.4071      0.2833E-01  0.1782       0.000      0.4396E-02   0.000     -0.3424E-03  0.2519       0.000    
   326   23.80      0.4522       5.819       2.260      0.3612     -0.3185E-12  0.4063      0.2825E-01  0.1798       0.000      0.4276E-02   0.000     -0.3449E-04  0.2502       0.000    
   327   23.83      0.6247       5.819       2.232      0.4121       0.000      0.4050      0.2815E-01  0.1815       0.000      0.4185E-02   0.000      0.2356E-03  0.2487       0.000    
   328   23.86      0.8210       5.819       2.199      0.4562       0.000      0.4030      0.2805E-01  0.1833       0.000      0.4116E-02   0.000      0.4583E-03  0.2475       0.000    
   329   23.89       1.039       5.819       2.163      0.4931       0.000      0.4003      0.2794E-01  0.1851       0.000      0.4063E-02   0.000      0.6342E-03  0.2466       0.000    
   330   23.92       1.276       5.819       2.123      0.5224       0.000      0.3966      0.2783E-01  0.1869       0.000      0.4021E-02   0.000      0.7703E-03  0.2459       0.000    
   331   23.96       1.530       5.819       2.081      0.5439       0.000      0.3920      0.2773E-01  0.1885       0.000      0.3986E-02   0.000      0.8773E-03  0.2453       0.000    
   332   24.00       1.798       5.819       2.036      0.5577       0.000      0.3863      0.2766E-01  0.1898       0.000      0.3956E-02   0.000      0.9674E-03  0.2449       0.000    
   333   24.04       2.078       5.819       1.990      0.5638       0.000      0.3795      0.2762E-01  0.1908       0.000      0.3928E-02   0.000      0.1053E-02  0.2445       0.000    
   334   24.08       2.365       5.819       1.942      0.5627     -0.1756E-12  0.3716      0.2765E-01  0.1914       0.000      0.3901E-02   0.000      0.1146E-02  0.2440       0.000    
   335   24.13       2.656       5.819       1.893      0.5547       0.000      0.3624      0.2776E-01  0.1915       0.000      0.3873E-02   0.000      0.1258E-02  0.2434       0.000    
   336   24.17       2.950       5.819       1.844      0.5403      0.1737E-12  0.3521      0.2798E-01  0.1910       0.000      0.3843E-02   0.000      0.1399E-02  0.2427       0.000    
   337   24.21       3.241       5.819       1.796      0.5203       0.000      0.3404      0.2833E-01  0.1897       0.000      0.3808E-02   0.000      0.1583E-02  0.2417       0.000    
   338   24.26       3.528       5.819       1.748      0.4953       0.000      0.3274      0.2884E-01  0.1874       0.000      0.3765E-02   0.000      0.1821E-02  0.2403       0.000    
   339   24.30       3.808       5.819       1.701      0.4660       0.000      0.3130      0.2951E-01  0.1840       0.000      0.3713E-02   0.000      0.2127E-02  0.2384       0.000    
   340   24.34       4.076       5.819       1.657      0.4331       0.000      0.2969      0.3037E-01  0.1793       0.000      0.3645E-02   0.000      0.2513E-02  0.2360       0.000    
   341   24.37       4.330       5.819       1.614      0.3972       0.000      0.2790      0.3142E-01  0.1729       0.000      0.3555E-02   0.000      0.2985E-02  0.2327       0.000    
   342   24.41       4.567       5.819       1.575      0.3590       0.000      0.2592      0.3263E-01  0.1646       0.000      0.3436E-02   0.000      0.3540E-02  0.2285       0.000    
   343   24.44       4.785       5.819       1.538      0.3191       0.000      0.2371      0.3397E-01  0.1541       0.000      0.3278E-02   0.000      0.4152E-02  0.2231       0.000    
   344   24.47       4.981       5.819       1.506      0.2780       0.000      0.2125      0.3539E-01  0.1412       0.000      0.3071E-02   0.000      0.4757E-02  0.2163       0.000    
   345   24.49       5.154       5.819       1.477      0.2360       0.000      0.1855      0.3680E-01  0.1256       0.000      0.2805E-02   0.000      0.5249E-02  0.2082       0.000    
   346   24.52       5.300       5.819       1.452      0.1935       0.000      0.1560      0.3814E-01  0.1074       0.000      0.2473E-02   0.000      0.5478E-02  0.1990       0.000    
   347   24.53       5.420       5.819       1.433      0.1506       0.000      0.1242      0.3933E-01  0.8669E-01   0.000      0.2069E-02   0.000      0.5271E-02  0.1892       0.000    
   348   24.55       5.510       5.819       1.417      0.1076       0.000      0.9030E-01  0.4033E-01  0.6371E-01   0.000      0.1590E-02   0.000      0.4484E-02  0.1796       0.000    
   349   24.56       5.571       5.819       1.407      0.6459E-01   0.000      0.5486E-01  0.4109E-01  0.3899E-01   0.000      0.1027E-02   0.000      0.3057E-02  0.1716       0.000    
   350   24.56       5.602       5.819       1.402      0.2153E-01   0.000      0.1841E-01  0.4152E-01  0.1313E-01   0.000      0.3080E-03   0.000      0.1090E-02  0.1670       0.000    

 Surface forces referred to Sref,Cref,Bref about Xmom,Ymom,Zmom
 Standard axis orientation,  X fwd, Z down         

  Surface #18     horizontal_stabilizer (YDUP)            
     # chordwise = 10   # spanwise = 30     First strip =351
     Surface area =  10.476           ave. chord =  1.8686    
     CLsurf  =   0.030080     Clsurf  =   0.002708
     CYsurf  =   0.000069     Cmsurf  =  -0.168642
     CDsurf  =   0.000655     Cnsurf  =   0.000049
     CDisurf =   0.000655     CDvsurf =   0.000000

  Forces referred to Ssurf, Cave about hinge axis thru LE
     cl_surf =   0.175903     cd_surf =   0.003828

 Strip Forces referred to strip area, chord
    j    xLE         yLE         zLE         Chord       Area        Dihedral   c cl        ai_ff       cl           clj         cd          cdv         cm_c/4     c.p.x/c      Dcj
   351   23.74     -0.3841E-02   5.819       2.335      0.3586E-01   0.000      0.4079      0.2859E-01  0.1741       0.000      0.1586E-01   0.000     -0.1233E-02  0.2571       0.000    
   352   23.74     -0.3451E-01   5.819       2.330      0.1069       0.000      0.4079      0.2853E-01  0.1750       0.000      0.5492E-02   0.000     -0.1165E-02  0.2567       0.000    
   353   23.75     -0.9551E-01   5.819       2.320      0.1762       0.000      0.4078      0.2847E-01  0.1758       0.000      0.4810E-02   0.000     -0.9600E-03  0.2555       0.000    
   354   23.76     -0.1862       5.819       2.305      0.2423       0.000      0.4076      0.2840E-01  0.1769       0.000      0.4560E-02   0.000     -0.6649E-03  0.2538       0.000    
   355   23.78     -0.3055       5.819       2.285      0.3043     -0.3821E-12  0.4071      0.2833E-01  0.1782       0.000      0.4396E-02   0.000     -0.3423E-03  0.2519       0.000    
   356   23.80     -0.4522       5.819       2.260      0.3612      0.3185E-12  0.4063      0.2825E-01  0.1798       0.000      0.4276E-02   0.000     -0.3443E-04  0.2502       0.000    
   357   23.83     -0.6247       5.819       2.232      0.4121       0.000      0.4050      0.2815E-01  0.1815       0.000      0.4185E-02   0.000      0.2356E-03  0.2487       0.000    
   358   23.86     -0.8210       5.819       2.199      0.4562       0.000      0.4030      0.2805E-01  0.1833       0.000      0.4116E-02   0.000      0.4583E-03  0.2475       0.000    
   359   23.89      -1.039       5.819       2.163      0.4931       0.000      0.4003      0.2794E-01  0.1851       0.000      0.4063E-02   0.000      0.6342E-03  0.2466       0.000    
   360   23.92      -1.276       5.819       2.123      0.5224       0.000      0.3966      0.2783E-01  0.1869       0.000      0.4021E-02   0.000      0.7703E-03  0.2459       0.000    
   361   23.96      -1.530       5.819       2.081      0.5439       0.000      0.3920      0.2773E-01  0.1885       0.000      0.3986E-02   0.000      0.8773E-03  0.2453       0.000    
   362   24.00      -1.798       5.819       2.036      0.5577       0.000      0.3863      0.2766E-01  0.1898       0.000      0.3956E-02   0.000      0.9675E-03  0.2449       0.000    
   363   24.04      -2.078       5.819       1.990      0.5638       0.000      0.3795      0.2762E-01  0.1908       0.000      0.3928E-02   0.000      0.1053E-02  0.2445       0.000    
   364   24.08      -2.365       5.819       1.942      0.5627      0.1756E-12  0.3716      0.2765E-01  0.1914       0.000      0.3901E-02   0.000      0.1146E-02  0.2440       0.000    
   365   24.13      -2.656       5.819       1.893      0.5547       0.000      0.3625      0.2776E-01  0.1915       0.000      0.3873E-02   0.000      0.1258E-02  0.2434       0.000    
   366   24.17      -2.950       5.819       1.844      0.5403     -0.1737E-12  0.3521      0.2798E-01  0.1910       0.000      0.3843E-02   0.000      0.1400E-02  0.2427       0.000    
   367   24.21      -3.241       5.819       1.796      0.5203       0.000      0.3404      0.2833E-01  0.1897       0.000      0.3807E-02   0.000      0.1583E-02  0.2417       0.000    
   368   24.26      -3.528       5.819       1.748      0.4953       0.000      0.3275      0.2884E-01  0.1874       0.000      0.3765E-02   0.000      0.1821E-02  0.2403       0.000    
   369   24.30      -3.808       5.819       1.701      0.4660       0.000      0.3130      0.2951E-01  0.1840       0.000      0.3713E-02   0.000      0.2127E-02  0.2384       0.000    
   370   24.34      -4.076       5.819       1.657      0.4331       0.000      0.2969      0.3037E-01  0.1793       0.000      0.3645E-02   0.000      0.2513E-02  0.2360       0.000    
   371   24.37      -4.330       5.819       1.614      0.3972       0.000      0.2791      0.3141E-01  0.1729       0.000      0.3555E-02   0.000      0.2985E-02  0.2327       0.000    
   372   24.41      -4.567       5.819       1.575      0.3590       0.000      0.2592      0.3263E-01  0.1646       0.000      0.3436E-02   0.000      0.3540E-02  0.2285       0.000    
   373   24.44      -4.785       5.819       1.538      0.3191       0.000      0.2371      0.3397E-01  0.1541       0.000      0.3278E-02   0.000      0.4152E-02  0.2231       0.000    
   374   24.47      -4.981       5.819       1.506      0.2780       0.000      0.2126      0.3539E-01  0.1412       0.000      0.3071E-02   0.000      0.4757E-02  0.2163       0.000    
   375   24.49      -5.154       5.819       1.477      0.2360       0.000      0.1855      0.3680E-01  0.1257       0.000      0.2805E-02   0.000      0.5249E-02  0.2082       0.000    
   376   24.52      -5.300       5.819       1.452      0.1935       0.000      0.1560      0.3814E-01  0.1074       0.000      0.2473E-02   0.000      0.5478E-02  0.1990       0.000    
   377   24.53      -5.420       5.819       1.433      0.1506       0.000      0.1242      0.3933E-01  0.8669E-01   0.000      0.2069E-02   0.000      0.5271E-02  0.1892       0.000    
   378   24.55      -5.510       5.819       1.417      0.1076       0.000      0.9031E-01  0.4033E-01  0.6372E-01   0.000      0.1590E-02   0.000      0.4484E-02  0.1796       0.000    
   379   24.56      -5.571       5.819       1.407      0.6459E-01   0.000      0.5486E-01  0.4109E-01  0.3899E-01   0.000      0.1027E-02   0.000      0.3057E-02  0.1716       0.000    
   380   24.56      -5.602       5.819       1.402      0.2153E-01   0.000      0.1841E-01  0.4152E-01  0.1313E-01   0.000      0.3080E-03   0.000      0.1090E-02  0.1670       0.000    

 Surface forces referred to Sref,Cref,Bref about Xmom,Ymom,Zmom
 Standard axis orientation,  X fwd, Z down         

  Surface #19     vertical_stabilizer                     
     # chordwise = 10   # spanwise = 30     First strip =381
     Surface area =  14.282           ave. chord =  2.9877    
     CLsurf  =   0.000000     Clsurf  =   0.000000
     CYsurf  =  -0.000000     Cmsurf  =  -0.000000
     CDsurf  =  -0.000000     Cnsurf  =   0.000000
     CDisurf =  -0.000000     CDvsurf =   0.000000

  Forces referred to Ssurf, Cave about hinge axis thru LE
     cl_surf =   0.000000     cd_surf =  -0.000000

 Strip Forces referred to strip area, chord
    j    xLE         yLE         zLE         Chord       Area        Dihedral   c cl        ai_ff       cl           clj         cd          cdv         cm_c/4     c.p.x/c      Dcj
   381   20.77       0.000       1.054       3.730      0.1373       90.00      0.9575E-05 -0.9352E-05  0.2567E-05   0.000      0.3115E-11   0.000      0.3892E-06  0.9840E-01   0.000    
   382   20.80       0.000       1.103       3.715      0.2235       90.00      0.1771E-04  0.1808E-03  0.4766E-05   0.000     -0.7422E-11   0.000      0.7355E-06  0.9569E-01   0.000    
   383   20.85       0.000       1.174       3.692      0.3068       90.00      0.2646E-04  0.2842E-04  0.7166E-05   0.000     -0.2891E-10   0.000      0.1149E-05  0.8969E-01   0.000    
   384   20.90       0.000       1.269       3.663      0.3857       90.00      0.3845E-04  0.4059E-04  0.1050E-04   0.000     -0.6563E-10   0.000      0.1771E-05  0.8125E-01   0.000    
   385   20.98       0.000       1.385       3.626      0.4590       90.00      0.7937E-04  0.1929E-01  0.2189E-04   0.000     -0.8953E-10   0.000      0.3754E-05  0.7846E-01   0.000    
   386   21.06       0.000       1.522       3.584      0.5255       90.00      0.3645E-04 -0.4838E-06  0.1017E-04   0.000     -0.7017E-10   0.000      0.1736E-05  0.7927E-01   0.000    
   387   21.16       0.000       1.678       3.535      0.5843       90.00      0.2553E-04  0.2065E-05  0.7223E-05   0.000     -0.3641E-10   0.000      0.1170E-05  0.8798E-01   0.000    
   388   21.27       0.000       1.852       3.481      0.6346       90.00      0.1839E-04  0.8623E-06  0.5285E-05   0.000     -0.1635E-10   0.000      0.8054E-06  0.9760E-01   0.000    
   389   21.39       0.000       2.042       3.421      0.6759       90.00      0.1266E-04  0.4183E-06  0.3700E-05   0.000     -0.6932E-11   0.000      0.5410E-06  0.1038       0.000    
   390   21.51       0.000       2.246       3.357      0.7078       90.00      0.7926E-05  0.2653E-06  0.2361E-05   0.000     -0.2539E-11   0.000      0.3461E-06  0.1034       0.000    
   391   21.65       0.000       2.463       3.290      0.7301       90.00      0.4038E-05  0.2153E-06  0.1228E-05   0.000     -0.6502E-12   0.000      0.2035E-06  0.8421E-01   0.000    
   392   21.79       0.000       2.690       3.219      0.7430       90.00      0.9009E-06  0.2067E-06  0.2799E-06   0.000     -0.4343E-13   0.000      0.1020E-06 -0.1143       0.000    
   393   21.94       0.000       2.924       3.145      0.7466       90.00     -0.1571E-05  0.2170E-06 -0.4995E-06   0.000     -0.5884E-13   0.000      0.3295E-07  0.3160       0.000    
   394   22.08       0.000       3.164       3.071      0.7413       90.00     -0.3468E-05  0.2359E-06 -0.1129E-05   0.000     -0.3304E-12   0.000     -0.1065E-07  0.2406       0.000    
   395   22.24       0.000       3.406       2.995      0.7277       90.00     -0.4885E-05  0.2583E-06 -0.1631E-05   0.000     -0.6647E-12   0.000     -0.3498E-07  0.2286       0.000    
   396   22.39       0.000       3.649       2.919      0.7066       90.00     -0.5916E-05  0.2810E-06 -0.2027E-05   0.000     -0.9713E-12   0.000     -0.4527E-07  0.2277       0.000    
   397   22.54       0.000       3.890       2.844      0.6786       90.00     -0.6647E-05  0.3016E-06 -0.2337E-05   0.000     -0.1218E-11   0.000     -0.4583E-07  0.2304       0.000    
   398   22.68       0.000       4.126       2.770      0.6446       90.00     -0.7153E-05  0.3183E-06 -0.2582E-05   0.000     -0.1403E-11   0.000     -0.4018E-07  0.2344       0.000    
   399   22.83       0.000       4.355       2.698      0.6055       90.00     -0.7496E-05  0.3295E-06 -0.2778E-05   0.000     -0.1536E-11   0.000     -0.3124E-07  0.2388       0.000    
   400   22.96       0.000       4.574       2.630      0.5620       90.00     -0.7723E-05  0.3341E-06 -0.2937E-05   0.000     -0.1629E-11   0.000     -0.2157E-07  0.2427       0.000    
   401   23.09       0.000       4.782       2.565      0.5150       90.00     -0.7870E-05  0.3317E-06 -0.3068E-05   0.000     -0.1695E-11   0.000     -0.1348E-07  0.2456       0.000    
   402   23.21       0.000       4.975       2.505      0.4652       90.00     -0.7961E-05  0.3223E-06 -0.3178E-05   0.000     -0.1745E-11   0.000     -0.9077E-08  0.2471       0.000    
   403   23.32       0.000       5.153       2.449      0.4134       90.00     -0.8010E-05  0.3065E-06 -0.3271E-05   0.000     -0.1787E-11   0.000     -0.1012E-07  0.2469       0.000    
   404   23.42       0.000       5.312       2.399      0.3600       90.00     -0.8029E-05  0.2856E-06 -0.3346E-05   0.000     -0.1829E-11   0.000     -0.1769E-07  0.2447       0.000    
   405   23.51       0.000       5.452       2.355      0.3056       90.00     -0.8019E-05  0.2615E-06 -0.3405E-05   0.000     -0.1877E-11   0.000     -0.3183E-07  0.2407       0.000    
   406   23.58       0.000       5.571       2.318      0.2505       90.00     -0.7985E-05  0.2365E-06 -0.3445E-05   0.000     -0.1940E-11   0.000     -0.5116E-07  0.2351       0.000    
   407   23.64       0.000       5.668       2.288      0.1951       90.00     -0.7925E-05  0.2152E-06 -0.3464E-05   0.000     -0.1990E-11   0.000     -0.7317E-07  0.2289       0.000    
   408   23.69       0.000       5.742       2.265      0.1394       90.00     -0.7798E-05  0.2000E-06 -0.3443E-05   0.000     -0.1802E-11   0.000     -0.9393E-07  0.2227       0.000    
   409   23.72       0.000       5.791       2.250      0.8365E-01   90.00     -0.7341E-05  0.1804E-06 -0.3263E-05   0.000      0.9038E-13   0.000     -0.8295E-07  0.2246       0.000    
   410   23.74       0.000       5.816       2.242      0.2789E-01   90.00     -0.3945E-05  0.1583E-06 -0.1760E-05   0.000      0.2382E-10   0.000      0.2568E-06  0.3959       0.000    

 Surface forces referred to Sref,Cref,Bref about Xmom,Ymom,Zmom
 Standard axis orientation,  X fwd, Z down         

  Surface #20     fuselage_horizontal                     
     # chordwise = 10   # spanwise = 30     First strip =411
     Surface area =  65.503           ave. chord =  23.647    
     CLsurf  =   0.007955     Clsurf  =   0.000000
     CYsurf  =   0.000000     Cmsurf  =   0.052334
     CDsurf  =   0.000043     Cnsurf  =  -0.000000
     CDisurf =   0.000043     CDvsurf =   0.000000

  Forces referred to Ssurf, Cave about hinge axis thru LE
     cl_surf =   0.007439     cd_surf =   0.000040

 Strip Forces referred to strip area, chord
    j    xLE         yLE         zLE         Chord       Area        Dihedral   c cl        ai_ff       cl           clj         cd          cdv         cm_c/4     c.p.x/c      Dcj
   411   3.132      -1.339       0.000       15.61       1.441       0.000      0.6743E-01  0.4545E-01  0.4343E-02   0.000     -0.3246E-03   0.000      0.2389E-02 -0.3000       0.000    
   412   2.645      -1.247       0.000       17.73       1.637       0.000      0.1018      0.5026E-01  0.5759E-02   0.000     -0.2246E-03   0.000      0.2818E-02 -0.2393       0.000    
   413   2.159      -1.154       0.000       19.86       1.834       0.000      0.1273      0.5315E-01  0.6425E-02   0.000     -0.1283E-03   0.000      0.2887E-02 -0.1994       0.000    
   414   1.788      -1.062       0.000       21.39       1.975       0.000      0.1462      0.5427E-01  0.6845E-02   0.000     -0.4391E-04   0.000      0.2989E-02 -0.1867       0.000    
   415   1.533     -0.9695       0.000       22.32       2.061       0.000      0.1617      0.5433E-01  0.7251E-02   0.000      0.2108E-05   0.000      0.3121E-02 -0.1804       0.000    
   416   1.278     -0.8772       0.000       23.26       2.147       0.000      0.1742      0.5405E-01  0.7499E-02   0.000     -0.6141E-05   0.000      0.3204E-02 -0.1773       0.000    
   417   1.058     -0.7848       0.000       24.08       2.223       0.000      0.1843      0.5338E-01  0.7664E-02   0.000     -0.3138E-06   0.000      0.3274E-02 -0.1772       0.000    
   418  0.8733     -0.6925       0.000       24.78       2.288       0.000      0.1927      0.5300E-01  0.7786E-02   0.000      0.8502E-06   0.000      0.3328E-02 -0.1774       0.000    
   419  0.6887     -0.6002       0.000       25.49       2.353       0.000      0.1996      0.5244E-01  0.7841E-02   0.000     -0.1344E-04   0.000      0.3356E-02 -0.1780       0.000    
   420  0.5311     -0.5078       0.000       26.02       2.403       0.000      0.2051      0.5198E-01  0.7895E-02   0.000     -0.5054E-04   0.000      0.3387E-02 -0.1790       0.000    
   421  0.4004     -0.4155       0.000       26.38       2.436       0.000      0.2098      0.5173E-01  0.7962E-02   0.000      0.1494E-04   0.000      0.3419E-02 -0.1794       0.000    
   422  0.2697     -0.3232       0.000       26.74       2.469       0.000      0.2134      0.5150E-01  0.7994E-02   0.000     -0.2357E-04   0.000      0.3433E-02 -0.1794       0.000    
   423  0.1703     -0.2308       0.000       26.95       2.488       0.000      0.2161      0.5142E-01  0.8029E-02   0.000      0.3159E-04   0.000      0.3449E-02 -0.1796       0.000    
   424  0.1022     -0.1385       0.000       27.02       2.495       0.000      0.2180      0.5142E-01  0.8069E-02   0.000      0.2311E-03   0.000      0.3468E-02 -0.1799       0.000    
   425  0.3407E-01 -0.4617E-01   0.000       27.09       2.501       0.000      0.2190      0.5140E-01  0.8054E-02   0.000      0.8050E-03   0.000      0.3472E-02 -0.1811       0.000    
   426  0.3407E-01  0.4617E-01   0.000       27.09       2.501       0.000      0.2190      0.5145E-01  0.8054E-02   0.000      0.8051E-03   0.000      0.3472E-02 -0.1811       0.000    
   427  0.1022      0.1385       0.000       27.02       2.495       0.000      0.2180      0.5143E-01  0.8068E-02   0.000      0.2310E-03   0.000      0.3469E-02 -0.1800       0.000    
   428  0.1703      0.2308       0.000       26.95       2.488       0.000      0.2161      0.5143E-01  0.8027E-02   0.000      0.3146E-04   0.000      0.3450E-02 -0.1798       0.000    
   429  0.2697      0.3232       0.000       26.74       2.469       0.000      0.2134      0.5150E-01  0.7992E-02   0.000     -0.2376E-04   0.000      0.3433E-02 -0.1796       0.000    
   430  0.4004      0.4155       0.000       26.38       2.436       0.000      0.2097      0.5173E-01  0.7960E-02   0.000      0.1477E-04   0.000      0.3420E-02 -0.1796       0.000    
   431  0.5311      0.5078       0.000       26.02       2.403       0.000      0.2050      0.5198E-01  0.7893E-02   0.000     -0.5076E-04   0.000      0.3388E-02 -0.1792       0.000    
   432  0.6887      0.6002       0.000       25.49       2.353       0.000      0.1995      0.5244E-01  0.7838E-02   0.000     -0.1365E-04   0.000      0.3357E-02 -0.1783       0.000    
   433  0.8733      0.6925       0.000       24.78       2.288       0.000      0.1926      0.5300E-01  0.7783E-02   0.000      0.6623E-06   0.000      0.3329E-02 -0.1777       0.000    
   434   1.058      0.7848       0.000       24.08       2.223       0.000      0.1842      0.5338E-01  0.7660E-02   0.000     -0.4987E-06   0.000      0.3275E-02 -0.1775       0.000    
   435   1.278      0.8772       0.000       23.26       2.147       0.000      0.1741      0.5405E-01  0.7496E-02   0.000     -0.6309E-05   0.000      0.3205E-02 -0.1776       0.000    
   436   1.533      0.9695       0.000       22.32       2.061       0.000      0.1616      0.5433E-01  0.7248E-02   0.000      0.1973E-05   0.000      0.3122E-02 -0.1807       0.000    
   437   1.788       1.062       0.000       21.39       1.975       0.000      0.1461      0.5427E-01  0.6841E-02   0.000     -0.4400E-04   0.000      0.2990E-02 -0.1871       0.000    
   438   2.159       1.154       0.000       19.86       1.834       0.000      0.1272      0.5315E-01  0.6421E-02   0.000     -0.1284E-03   0.000      0.2888E-02 -0.1998       0.000    
   439   2.645       1.247       0.000       17.73       1.637       0.000      0.1017      0.5027E-01  0.5755E-02   0.000     -0.2247E-03   0.000      0.2819E-02 -0.2398       0.000    
   440   3.132       1.339       0.000       15.61       1.441       0.000      0.6739E-01  0.4545E-01  0.4341E-02   0.000     -0.3246E-03   0.000      0.2390E-02 -0.3006       0.000    

 Surface forces referred to Sref,Cref,Bref about Xmom,Ymom,Zmom
 Standard axis orientation,  X fwd, Z down         

  Surface #21     fuselage_vertical                       
     # chordwise = 10   # spanwise = 30     First strip =441
     Surface area =  65.103           ave. chord =  23.503    
     CLsurf  =   0.000000     Clsurf  =   0.000000
     CYsurf  =  -0.000002     Cmsurf  =  -0.000000
     CDsurf  =   0.000000     Cnsurf  =   0.000000
     CDisurf =   0.000000     CDvsurf =   0.000000

  Forces referred to Ssurf, Cave about hinge axis thru LE
     cl_surf =   0.000000     cd_surf =   0.000000

 Strip Forces referred to strip area, chord
    j    xLE         yLE         zLE         Chord       Area        Dihedral   c cl        ai_ff       cl           clj         cd          cdv         cm_c/4     c.p.x/c      Dcj
   441   2.856       0.000      -1.339       15.65       1.445       90.00      0.2371E-05 -0.1807E-05  0.1515E-06   0.000      0.3313E-12   0.000     -0.1307E-06   1.113       0.000    
   442   1.819       0.000      -1.247       17.87       1.650       90.00      0.3839E-05 -0.1309E-05  0.2148E-06   0.000      0.1136E-11   0.000     -0.1520E-06  0.9578       0.000    
   443  0.7817       0.000      -1.154       20.09       1.855       90.00      0.5079E-05 -0.8869E-06  0.2528E-06   0.000      0.3185E-11   0.000     -0.1484E-06  0.8369       0.000    
   444  0.2207       0.000      -1.062       21.48       1.984       90.00      0.8730E-05 -0.4968E-06  0.4063E-06   0.000      0.4983E-11   0.000     -0.2636E-06  0.8988       0.000    
   445  0.1361       0.000     -0.9695       22.06       2.037       90.00      0.1049E-04 -0.4264E-06  0.4758E-06   0.000      0.4799E-11   0.000     -0.2850E-06  0.8490       0.000    
   446  0.5142E-01   0.000     -0.8772       22.63       2.090       90.00      0.1234E-04 -0.3385E-06  0.5455E-06   0.000      0.5362E-11   0.000     -0.3023E-06  0.8042       0.000    
   447  0.1405E-01   0.000     -0.7848       23.10       2.133       90.00      0.1501E-04 -0.2514E-06  0.6496E-06   0.000      0.5841E-11   0.000     -0.3473E-06  0.7846       0.000    
   448  0.2395E-01   0.000     -0.6925       23.47       2.167       90.00      0.1729E-04 -0.1958E-06  0.7368E-06   0.000      0.6012E-11   0.000     -0.3669E-06  0.7481       0.000    
   449  0.3385E-01   0.000     -0.6002       23.83       2.200       90.00      0.1984E-04 -0.1238E-06  0.8326E-06   0.000      0.5689E-11   0.000     -0.3853E-06  0.7128       0.000    
   450  0.6640E-01   0.000     -0.5078       24.15       2.229       90.00      0.2326E-04 -0.4106E-07  0.9631E-06   0.000      0.4972E-11   0.000     -0.4247E-06  0.6910       0.000    
   451  0.1216       0.000     -0.4155       24.41       2.254       90.00      0.2675E-04  0.8679E-07  0.1096E-05   0.000      0.4139E-11   0.000     -0.4457E-06  0.6566       0.000    
   452  0.1768       0.000     -0.3232       24.67       2.278       90.00      0.3103E-04  0.4183E-06  0.1258E-05   0.000      0.3431E-11   0.000     -0.4669E-06  0.6212       0.000    
   453  0.2450       0.000     -0.2308       24.90       2.299       90.00      0.3708E-04  0.1679E-05  0.1489E-05   0.000      0.3536E-11   0.000     -0.5118E-06  0.5936       0.000    
   454  0.3263       0.000     -0.1385       25.09       2.317       90.00      0.4505E-04  0.7265E-05  0.1795E-05   0.000      0.5769E-11   0.000     -0.5494E-06  0.5560       0.000    
   455  0.4076       0.000     -0.4617E-01   25.29       2.335       90.00      0.5598E-04  0.2532E-04  0.2213E-05   0.000      0.1151E-10   0.000     -0.5989E-06  0.5206       0.000    
   456  0.5006       0.000      0.4617E-01   25.46       2.351       90.00      0.6883E-04 -0.2544E-04  0.2703E-05   0.000      0.1843E-10   0.000     -0.6777E-06  0.5007       0.000    
   457  0.6052       0.000      0.1385       25.61       2.365       90.00      0.7870E-04 -0.7398E-05  0.3073E-05   0.000      0.1955E-10   0.000     -0.7120E-06  0.4817       0.000    
   458  0.7098       0.000      0.2308       25.76       2.378       90.00      0.8229E-04 -0.1821E-05  0.3195E-05   0.000      0.1061E-10   0.000     -0.6904E-06  0.4661       0.000    
   459  0.8268       0.000      0.3232       25.85       2.387       90.00      0.8796E-04 -0.5714E-06  0.3402E-05   0.000      0.3111E-11   0.000     -0.7759E-06  0.4781       0.000    
   460  0.9561       0.000      0.4155       25.90       2.392       90.00      0.9133E-04 -0.2915E-06  0.3526E-05   0.000     -0.4809E-13   0.000     -0.7758E-06  0.4700       0.000    
   461   1.086       0.000      0.5078       25.95       2.396       90.00      0.9354E-04 -0.2481E-06  0.3605E-05   0.000     -0.7741E-11   0.000     -0.7670E-06  0.4627       0.000    
   462   1.230       0.000      0.6002       25.89       2.391       90.00      0.1019E-03 -0.3037E-06  0.3937E-05   0.000     -0.1441E-10   0.000     -0.1011E-05  0.5068       0.000    
   463   1.390       0.000      0.6925       25.73       2.376       90.00      0.1022E-03 -0.4610E-06  0.3972E-05   0.000     -0.7412E-11   0.000     -0.9981E-06  0.5013       0.000    
   464   1.549       0.000      0.7848       25.57       2.361       90.00      0.1011E-03 -0.8527E-06  0.3952E-05   0.000     -0.7066E-11   0.000     -0.9718E-06  0.4959       0.000    
   465   1.732       0.000      0.8772       25.39       2.344       90.00      0.9833E-04 -0.2234E-05  0.3873E-05   0.000     -0.1578E-10   0.000     -0.9292E-06  0.4899       0.000    
   466   1.938       0.000      0.9695       25.18       2.325       90.00      0.9143E-04 -0.1360E-04  0.3631E-05   0.000     -0.3445E-10   0.000     -0.8280E-06  0.4780       0.000    
   467   2.144       0.000       1.062       24.98       2.306       90.00      0.7823E-04 -0.3444E-04  0.3132E-05   0.000     -0.1084E-09   0.000     -0.6256E-06  0.4497       0.000    
   468   2.435       0.000       1.154       23.15       2.138       90.00      0.1350E-03  0.2525E-04  0.5833E-05   0.000      0.7927E-10   0.000     -0.3745E-05  0.8920       0.000    
   469   2.811       0.000       1.247       19.71       1.820       90.00      0.3767E-04  0.1313E-04  0.1911E-05   0.000      0.4417E-10   0.000     -0.2538E-05   1.578       0.000    
   470   3.187       0.000       1.339       16.27       1.502       90.00     -0.2394E-03  0.9847E-05 -0.1472E-04   0.000      0.8138E-11   0.000      0.6954E-05  0.7224       0.000    

 Surface forces referred to Sref,Cref,Bref about Xmom,Ymom,Zmom
 Standard axis orientation,  X fwd, Z down         

  Surface #22     nacelle_horizontal                      
     # chordwise =  6   # spanwise = 11     First strip =471
     Surface area = 0.11071           ave. chord = 0.41807    
     CLsurf  =   0.000141     Clsurf  =  -0.000011
     CYsurf  =   0.000000     Cmsurf  =   0.000067
     CDsurf  =   0.000002     Cnsurf  =  -0.000000
     CDisurf =   0.000002     CDvsurf =   0.000000

  Forces referred to Ssurf, Cave about hinge axis thru LE
     cl_surf =   0.078264     cd_surf =   0.000999

 Strip Forces referred to strip area, chord
    j    xLE         yLE         zLE         Chord       Area        Dihedral   c cl        ai_ff       cl           clj         cd          cdv         cm_c/4     c.p.x/c      Dcj
   471   10.56       2.023       1.253      0.1459      0.3868E-02   0.000      0.1982E-01  0.8388E-01  0.1362       0.000     -0.3912E-02   0.000      0.5523E-02  0.2094       0.000    
   472   10.49       2.049       1.253      0.3435      0.9070E-02   0.000      0.2974E-01  0.9477E-01  0.8668E-01   0.000      0.1735E-03   0.000      0.6997E-02  0.1693       0.000    
   473   10.45       2.076       1.253      0.4537      0.1202E-01   0.000      0.3573E-01  0.9636E-01  0.7880E-01   0.000      0.9685E-03   0.000      0.7016E-02  0.1610       0.000    
   474   10.42       2.102       1.253      0.5401      0.1431E-01   0.000      0.3937E-01  0.9690E-01  0.7291E-01   0.000      0.1617E-02   0.000      0.6752E-02  0.1574       0.000    
   475   10.41       2.122       1.253      0.5929      0.7855E-02   0.000      0.4054E-01  0.9200E-01  0.6836E-01   0.000      0.2315E-02   0.000      0.6511E-02  0.1547       0.000    
   476   10.40       2.135       1.253      0.6214      0.8233E-02   0.000      0.4055E-01  0.6912E-01  0.6524E-01   0.000      0.2208E-02   0.000      0.6322E-02  0.1531       0.000    
   477   10.41       2.155       1.253      0.6071      0.1609E-01   0.000      0.3991E-01  0.1142      0.6572E-01   0.000      0.1977E-02   0.000      0.6401E-02  0.1526       0.000    
   478   10.42       2.182       1.253      0.5401      0.1426E-01   0.000      0.3800E-01  0.1002      0.7037E-01   0.000      0.1543E-02   0.000      0.6774E-02  0.1537       0.000    
   479   10.45       2.208       1.253      0.4538      0.1202E-01   0.000      0.3474E-01  0.9887E-01  0.7662E-01   0.000      0.9405E-03   0.000      0.7208E-02  0.1559       0.000    
   480   10.49       2.235       1.253      0.3436      0.9104E-02   0.000      0.2921E-01  0.9709E-01  0.8513E-01   0.000      0.1971E-03   0.000      0.7386E-02  0.1632       0.000    
   481   10.56       2.261       1.253      0.1459      0.3868E-02   0.000      0.1992E-01  0.8690E-01  0.1368       0.000     -0.3586E-02   0.000      0.6502E-02  0.2025       0.000    

 Surface forces referred to Sref,Cref,Bref about Xmom,Ymom,Zmom
 Standard axis orientation,  X fwd, Z down         

  Surface #23     nacelle_horizontal (YDUP)               
     # chordwise =  6   # spanwise = 11     First strip =482
     Surface area = 0.11071           ave. chord = 0.41807    
     CLsurf  =   0.000088     Clsurf  =   0.000007
     CYsurf  =  -0.000000     Cmsurf  =   0.000042
     CDsurf  =   0.000001     Cnsurf  =   0.000000
     CDisurf =   0.000001     CDvsurf =   0.000000

  Forces referred to Ssurf, Cave about hinge axis thru LE
     cl_surf =   0.048431     cd_surf =   0.000588

 Strip Forces referred to strip area, chord
    j    xLE         yLE         zLE         Chord       Area        Dihedral   c cl        ai_ff       cl           clj         cd          cdv         cm_c/4     c.p.x/c      Dcj
   482   10.56      -2.023       1.253      0.1459      0.3868E-02   0.000      0.1397E-01  0.1321      0.9596E-01   0.000     -0.1550E-02   0.000      0.5273E-02  0.1950       0.000    
   483   10.49      -2.049       1.253      0.3435      0.9070E-02   0.000      0.1940E-01  0.1212      0.5655E-01   0.000      0.2656E-03   0.000      0.5542E-02  0.1520       0.000    
   484   10.45      -2.076       1.253      0.4537      0.1202E-01   0.000      0.2264E-01  0.1253      0.4992E-01   0.000      0.6113E-03   0.000      0.5171E-02  0.1464       0.000    
   485   10.42      -2.102       1.253      0.5401      0.1431E-01   0.000      0.2524E-01  0.1335      0.4674E-01   0.000      0.9267E-03   0.000      0.4862E-02  0.1460       0.000    
   486   10.41      -2.122       1.253      0.5929      0.7855E-02   0.000      0.2494E-01  0.8289E-01  0.4206E-01   0.000      0.1242E-02   0.000      0.4443E-02  0.1444       0.000    
   487   10.40      -2.135       1.253      0.6214      0.8233E-02   0.000      0.2246E-01  0.5165E-01  0.3614E-01   0.000      0.1101E-02   0.000      0.3866E-02  0.1430       0.000    
   488   10.41      -2.155       1.253      0.6071      0.1609E-01   0.000      0.1933E-01         NaN  0.3184E-01   0.000      0.8142E-03   0.000      0.3399E-02  0.1433       0.000    
   489   10.42      -2.182       1.253      0.5401      0.1426E-01   0.000      0.2210E-01  0.1258      0.4093E-01   0.000      0.8966E-03   0.000      0.4406E-02  0.1424       0.000    
   490   10.45      -2.208       1.253      0.4538      0.1202E-01   0.000      0.2230E-01  0.1277      0.4918E-01   0.000      0.5719E-03   0.000      0.5312E-02  0.1420       0.000    
   491   10.49      -2.235       1.253      0.3436      0.9104E-02   0.000      0.1939E-01  0.1242      0.5650E-01   0.000      0.2414E-03   0.000      0.5846E-02  0.1465       0.000    
   492   10.56      -2.261       1.253      0.1459      0.3868E-02   0.000      0.1426E-01  0.1353      0.9793E-01   0.000     -0.1487E-02   0.000      0.5972E-02  0.1890       0.000    

 Surface forces referred to Sref,Cref,Bref about Xmom,Ymom,Zmom
 Standard axis orientation,  X fwd, Z down         

  Surface #24     nacelle_vertical                        
     # chordwise =  6   # spanwise = 11     First strip =493
     Surface area = 0.11070           ave. chord = 0.41806    
     CLsurf  =   0.000000     Clsurf  =   0.000000
     CYsurf  =  -0.000020     Cmsurf  =   0.000000
     CDsurf  =  -0.000000     Cnsurf  =  -0.000001
     CDisurf =  -0.000000     CDvsurf =   0.000000

  Forces referred to Ssurf, Cave about hinge axis thru LE
     cl_surf =   0.000022     cd_surf =  -0.000055

 Strip Forces referred to strip area, chord
    j    xLE         yLE         zLE         Chord       Area        Dihedral   c cl        ai_ff       cl           clj         cd          cdv         cm_c/4     c.p.x/c      Dcj
   493   10.56       2.142       1.133      0.1459      0.3868E-02   90.00      0.1662E-02  0.6124E-03  0.1139E-01   0.000     -0.2019E-03   0.000      0.4994E-02 -0.1886       0.000    
   494   10.49       2.142       1.160      0.3435      0.9104E-02   90.00      0.2876E-02  0.1791E-02  0.8372E-02   0.000     -0.6686E-04   0.000      0.2031E-02  0.7362E-02   0.000    
   495   10.45       2.142       1.186      0.4537      0.1198E-01   90.00      0.3145E-02  0.1056E-03  0.6931E-02   0.000     -0.3867E-04   0.000      0.1480E-02  0.3645E-01   0.000    
   496   10.42       2.142       1.213      0.5401      0.1431E-01   90.00      0.2646E-02 -0.1315E-01  0.4899E-02   0.000     -0.1802E-04   0.000      0.9575E-03  0.5455E-01   0.000    
   497   10.41       2.142       1.239      0.6071      0.1609E-01   90.00      0.3125E-02 -0.1495E-01  0.5147E-02   0.000     -0.1640E-04   0.000      0.8963E-03  0.7585E-01   0.000    
   498   10.40       2.142       1.259      0.6214      0.8233E-02   90.00      0.6416E-02  0.2023E-02  0.1033E-01   0.000     -0.2192E-04   0.000      0.2038E-03  0.2303       0.000    
   499   10.41       2.142       1.272      0.5928      0.7855E-02   90.00      0.8215E-02  0.2626E-01  0.1386E-01   0.000     -0.2932E-04   0.000      0.2532E-03  0.2317       0.000    
   500   10.42       2.142       1.292      0.5401      0.1431E-01   90.00      0.8325E-02  0.1381E-01  0.1541E-01   0.000     -0.6365E-04   0.000      0.8978E-04  0.2442       0.000    
   501   10.45       2.142       1.319      0.4537      0.1198E-01   90.00      0.6766E-02 -0.1258E-02  0.1491E-01   0.000     -0.7268E-04   0.000     -0.1687E-03  0.2613       0.000    
   502   10.49       2.142       1.345      0.3436      0.9104E-02   90.00      0.5379E-02 -0.5101E-02  0.1566E-01   0.000     -0.8610E-04   0.000     -0.6056E-03  0.2887       0.000    
   503   10.56       2.142       1.372      0.1459      0.3868E-02   90.00      0.3917E-02 -0.3326E-02  0.2684E-01   0.000     -0.1868E-03   0.000     -0.4175E-02  0.4056       0.000    

 Surface forces referred to Sref,Cref,Bref about Xmom,Ymom,Zmom
 Standard axis orientation,  X fwd, Z down         

  Surface #25     nacelle_vertical (YDUP)                 
     # chordwise =  6   # spanwise = 11     First strip =504
     Surface area = 0.11070           ave. chord = 0.41806    
     CLsurf  =  -0.000000     Clsurf  =  -0.000000
     CYsurf  =   0.000013     Cmsurf  =   0.000000
     CDsurf  =  -0.000000     Cnsurf  =   0.000001
     CDisurf =  -0.000000     CDvsurf =   0.000000

  Forces referred to Ssurf, Cave about hinge axis thru LE
     cl_surf =  -0.000003     cd_surf =  -0.000038

 Strip Forces referred to strip area, chord
    j    xLE         yLE         zLE         Chord       Area        Dihedral   c cl        ai_ff       cl           clj         cd          cdv         cm_c/4     c.p.x/c      Dcj
   504   10.56      -2.142       1.133      0.1459      0.3868E-02  -90.00      0.1386E-02  0.7441E-02  0.9498E-02   0.000     -0.1669E-03   0.000      0.4337E-02 -0.2066       0.000    
   505   10.49      -2.142       1.160      0.3435      0.9104E-02  -90.00      0.2366E-02  0.5752E-02  0.6888E-02   0.000     -0.6002E-04   0.000      0.1746E-02 -0.3415E-02   0.000    
   506   10.45      -2.142       1.186      0.4537      0.1198E-01  -90.00      0.2790E-02  0.4234E-02  0.6149E-02   0.000     -0.4167E-04   0.000      0.1341E-02  0.3193E-01   0.000    
   507   10.42      -2.142       1.213      0.5401      0.1431E-01  -90.00      0.3112E-02  0.7725E-02  0.5763E-02   0.000     -0.3010E-04   0.000      0.1123E-02  0.5506E-01   0.000    
   508   10.41      -2.142       1.239      0.6071      0.1609E-01  -90.00      0.3186E-02  0.8728E-02  0.5248E-02   0.000     -0.2017E-04   0.000      0.9397E-03  0.7095E-01   0.000    
   509   10.40      -2.142       1.259      0.6214      0.8233E-02  -90.00      0.3450E-02 -0.1900E-01  0.5552E-02   0.000     -0.1608E-04   0.000      0.1512E-03  0.2228       0.000    
   510   10.41      -2.142       1.272      0.5928      0.7855E-02  -90.00      0.3445E-02 -0.1422E-01  0.5811E-02   0.000     -0.1549E-04   0.000      0.1592E-03  0.2226       0.000    
   511   10.42      -2.142       1.292      0.5401      0.1431E-01  -90.00      0.3807E-02  0.3692E-03  0.7049E-02   0.000     -0.2400E-04   0.000      0.1277E-03  0.2319       0.000    
   512   10.45      -2.142       1.319      0.4537      0.1198E-01  -90.00      0.3719E-02  0.1409E-02  0.8196E-02   0.000     -0.3564E-04   0.000      0.3420E-04  0.2458       0.000    
   513   10.49      -2.142       1.345      0.3436      0.9104E-02  -90.00      0.3193E-02 -0.2709E-02  0.9293E-02   0.000     -0.4515E-04   0.000     -0.1943E-03  0.2709       0.000    
   514   10.56      -2.142       1.372      0.1459      0.3868E-02  -90.00      0.2573E-02  0.2236E-02  0.1763E-01   0.000     -0.9638E-04   0.000     -0.2496E-02  0.3916       0.000    

 Surface forces referred to Sref,Cref,Bref about Xmom,Ymom,Zmom
 Standard axis orientation,  X fwd, Z down         

  Surface #26     nacelle_2_horizontal                    
     # chordwise =  6   # spanwise = 11     First strip =515
     Surface area = 0.11071           ave. chord = 0.41807    
     CLsurf  =   0.000140     Clsurf  =  -0.000017
     CYsurf  =   0.000000     Cmsurf  =   0.000067
     CDsurf  =   0.000001     Cnsurf  =  -0.000001
     CDisurf =   0.000001     CDvsurf =   0.000000

  Forces referred to Ssurf, Cave about hinge axis thru LE
     cl_surf =   0.077588     cd_surf =   0.000800

 Strip Forces referred to strip area, chord
    j    xLE         yLE         zLE         Chord       Area        Dihedral   c cl        ai_ff       cl           clj         cd          cdv         cm_c/4     c.p.x/c      Dcj
   515   10.57       3.169       1.253      0.1459      0.3868E-02   0.000      0.1983E-01  0.8518E-01  0.1363       0.000     -0.4347E-02   0.000      0.6630E-02  0.2014       0.000    
   516   10.49       3.196       1.253      0.3436      0.9070E-02   0.000      0.2945E-01  0.9434E-01  0.8586E-01   0.000     -0.1482E-03   0.000      0.7874E-02  0.1583       0.000    
   517   10.46       3.222       1.253      0.4537      0.1202E-01   0.000      0.3538E-01  0.9690E-01  0.7804E-01   0.000      0.7258E-03   0.000      0.7652E-02  0.1519       0.000    
   518   10.43       3.249       1.253      0.5401      0.1431E-01   0.000      0.3891E-01  0.9655E-01  0.7206E-01   0.000      0.1445E-02   0.000      0.7231E-02  0.1497       0.000    
   519   10.42       3.269       1.253      0.5928      0.7855E-02   0.000      0.4004E-01  0.9001E-01  0.6752E-01   0.000      0.2186E-02   0.000      0.6921E-02  0.1475       0.000    
   520   10.41       3.282       1.253      0.6214      0.8233E-02   0.000      0.4023E-01  0.6839E-01  0.6473E-01   0.000      0.2148E-02   0.000      0.6733E-02  0.1460       0.000    
   521   10.41       3.302       1.253      0.6071      0.1609E-01   0.000      0.3979E-01  0.1171      0.6553E-01   0.000      0.1882E-02   0.000      0.6837E-02  0.1457       0.000    
   522   10.43       3.328       1.253      0.5401      0.1426E-01   0.000      0.3787E-01  0.1020      0.7014E-01   0.000      0.1389E-02   0.000      0.7190E-02  0.1475       0.000    
   523   10.46       3.355       1.253      0.4537      0.1202E-01   0.000      0.3442E-01  0.9815E-01  0.7591E-01   0.000      0.7206E-03   0.000      0.7657E-02  0.1491       0.000    
   524   10.49       3.381       1.253      0.3436      0.9104E-02   0.000      0.2877E-01  0.9486E-01  0.8386E-01   0.000     -0.8843E-04   0.000      0.7950E-02  0.1552       0.000    
   525   10.57       3.408       1.253      0.1459      0.3868E-02   0.000      0.1956E-01  0.8619E-01  0.1344       0.000     -0.4003E-02   0.000      0.6927E-02  0.1985       0.000    

 Surface forces referred to Sref,Cref,Bref about Xmom,Ymom,Zmom
 Standard axis orientation,  X fwd, Z down         

  Surface #27     nacelle_2_vertical                      
     # chordwise =  6   # spanwise = 11     First strip =526
     Surface area = 0.11070           ave. chord = 0.41806    
     CLsurf  =   0.000000     Clsurf  =   0.000000
     CYsurf  =  -0.000006     Cmsurf  =   0.000000
     CDsurf  =  -0.000000     Cnsurf  =  -0.000000
     CDisurf =  -0.000000     CDvsurf =   0.000000

  Forces referred to Ssurf, Cave about hinge axis thru LE
     cl_surf =   0.000010     cd_surf =  -0.000008

 Strip Forces referred to strip area, chord
    j    xLE         yLE         zLE         Chord       Area        Dihedral   c cl        ai_ff       cl           clj         cd          cdv         cm_c/4     c.p.x/c      Dcj
   526   10.57       3.288       1.133      0.1459      0.3868E-02   90.00      0.3225E-03  0.5462E-02  0.2210E-02   0.000     -0.9053E-05   0.000      0.1034E-02 -0.2181       0.000    
   527   10.49       3.288       1.160      0.3435      0.9104E-02   90.00      0.4216E-03  0.5409E-02  0.1227E-02   0.000     -0.2610E-05   0.000      0.3840E-03 -0.6288E-01   0.000    
   528   10.46       3.288       1.186      0.4537      0.1198E-01   90.00      0.1529E-03  0.3664E-02  0.3370E-03   0.000     -0.7792E-06   0.000      0.1684E-03 -0.2499       0.000    
   529   10.43       3.288       1.213      0.5401      0.1431E-01   90.00     -0.6453E-03 -0.9489E-02 -0.1195E-02   0.000     -0.2294E-06   0.000     -0.1456E-03  0.1282       0.000    
   530   10.41       3.288       1.239      0.6071      0.1609E-01   90.00     -0.3713E-03 -0.1200E-01 -0.6116E-03   0.000     -0.1434E-07   0.000     -0.5826E-04  0.1547       0.000    
   531   10.41       3.288       1.259      0.6214      0.8233E-02   90.00      0.2236E-02  0.9472E-02  0.3599E-02   0.000     -0.2217E-05   0.000      0.1276E-03  0.2146       0.000    
   532   10.42       3.288       1.272      0.5928      0.7855E-02   90.00      0.4072E-02  0.3235E-01  0.6868E-02   0.000     -0.5341E-05   0.000      0.1930E-03  0.2219       0.000    
   533   10.43       3.288       1.292      0.5401      0.1431E-01   90.00      0.4292E-02  0.2033E-01  0.7947E-02   0.000     -0.1685E-04   0.000      0.1010E-03  0.2373       0.000    
   534   10.46       3.288       1.319      0.4537      0.1198E-01   90.00      0.3130E-02  0.6735E-02  0.6898E-02   0.000     -0.1572E-04   0.000     -0.4914E-04  0.2571       0.000    
   535   10.49       3.288       1.345      0.3436      0.9104E-02   90.00      0.2349E-02  0.3917E-02  0.6838E-02   0.000     -0.1637E-04   0.000     -0.2531E-03  0.2870       0.000    
   536   10.57       3.288       1.372      0.1459      0.3868E-02   90.00      0.1668E-02 -0.1347E-02  0.1143E-01   0.000     -0.3403E-04   0.000     -0.1795E-02  0.4071       0.000    

 Surface forces referred to Sref,Cref,Bref about Xmom,Ymom,Zmom
 Standard axis orientation,  X fwd, Z down         

  Surface #28     nacelle_3_horizontal                    
     # chordwise =  6   # spanwise = 11     First strip =537
     Surface area = 0.11070           ave. chord = 0.41806    
     CLsurf  =   0.000139     Clsurf  =  -0.000023
     CYsurf  =  -0.000000     Cmsurf  =   0.000064
     CDsurf  =   0.000002     Cnsurf  =  -0.000001
     CDisurf =   0.000002     CDvsurf =   0.000000

  Forces referred to Ssurf, Cave about hinge axis thru LE
     cl_surf =   0.076851     cd_surf =   0.000844

 Strip Forces referred to strip area, chord
    j    xLE         yLE         zLE         Chord       Area        Dihedral   c cl        ai_ff       cl           clj         cd          cdv         cm_c/4     c.p.x/c      Dcj
   537   10.59       4.316       1.253      0.1459      0.3868E-02   0.000      0.1930E-01  0.8460E-01  0.1326       0.000     -0.3889E-02   0.000      0.6612E-02  0.2002       0.000    
   538   10.52       4.342       1.253      0.3435      0.9104E-02   0.000      0.2852E-01  0.9352E-01  0.8314E-01   0.000     -0.3344E-04   0.000      0.7738E-02  0.1569       0.000    
   539   10.48       4.369       1.253      0.4537      0.1198E-01   0.000      0.3418E-01  0.9687E-01  0.7538E-01   0.000      0.7577E-03   0.000      0.7479E-02  0.1508       0.000    
   540   10.45       4.395       1.253      0.5401      0.1431E-01   0.000      0.3770E-01  0.1015      0.6981E-01   0.000      0.1419E-02   0.000      0.7057E-02  0.1489       0.000    
   541   10.44       4.422       1.253      0.6071      0.1609E-01   0.000      0.3957E-01  0.1166      0.6517E-01   0.000      0.1898E-02   0.000      0.6731E-02  0.1467       0.000    
   542   10.44       4.442       1.253      0.6214      0.8233E-02   0.000      0.3984E-01  0.6719E-01  0.6409E-01   0.000      0.2146E-02   0.000      0.6601E-02  0.1470       0.000    
   543   10.44       4.455       1.253      0.5928      0.7855E-02   0.000      0.3948E-01  0.8702E-01  0.6657E-01   0.000      0.2180E-02   0.000      0.6771E-02  0.1483       0.000    
   544   10.45       4.475       1.253      0.5401      0.1431E-01   0.000      0.3835E-01  0.9415E-01  0.7103E-01   0.000      0.1470E-02   0.000      0.7104E-02  0.1500       0.000    
   545   10.48       4.501       1.253      0.4538      0.1198E-01   0.000      0.3493E-01  0.9516E-01  0.7704E-01   0.000      0.7759E-03   0.000      0.7574E-02  0.1517       0.000    
   546   10.52       4.528       1.253      0.3436      0.9104E-02   0.000      0.2913E-01  0.9262E-01  0.8492E-01   0.000     -0.5614E-04   0.000      0.7861E-02  0.1574       0.000    
   547   10.59       4.554       1.253      0.1459      0.3868E-02   0.000      0.1971E-01  0.8382E-01  0.1354       0.000     -0.4084E-02   0.000      0.6747E-02  0.2002       0.000    

 Surface forces referred to Sref,Cref,Bref about Xmom,Ymom,Zmom
 Standard axis orientation,  X fwd, Z down         

  Surface #29     nacelle_3_vertical                      
     # chordwise =  6   # spanwise = 11     First strip =548
     Surface area = 0.11070           ave. chord = 0.41806    
     CLsurf  =  -0.000000     Clsurf  =   0.000000
     CYsurf  =  -0.000003     Cmsurf  =  -0.000000
     CDsurf  =  -0.000000     Cnsurf  =  -0.000000
     CDisurf =  -0.000000     CDvsurf =   0.000000

  Forces referred to Ssurf, Cave about hinge axis thru LE
     cl_surf =  -0.000004     cd_surf =  -0.000004

 Strip Forces referred to strip area, chord
    j    xLE         yLE         zLE         Chord       Area        Dihedral   c cl        ai_ff       cl           clj         cd          cdv         cm_c/4     c.p.x/c      Dcj
   548   10.59       4.435       1.133      0.1459      0.3868E-02   90.00      0.5029E-03  0.8744E-02  0.3446E-02   0.000     -0.1620E-04   0.000      0.1445E-02 -0.1693       0.000    
   549   10.52       4.435       1.160      0.3435      0.9104E-02   90.00      0.1109E-02  0.9628E-02  0.3229E-02   0.000     -0.7267E-05   0.000      0.7103E-03  0.3001E-01   0.000    
   550   10.48       4.435       1.186      0.4537      0.1198E-01   90.00      0.1747E-02  0.1164E-01  0.3851E-02   0.000     -0.8330E-05   0.000      0.7402E-03  0.5781E-01   0.000    
   551   10.45       4.435       1.213      0.5401      0.1431E-01   90.00      0.2782E-02  0.2507E-01  0.5150E-02   0.000     -0.1072E-04   0.000      0.9374E-03  0.6799E-01   0.000    
   552   10.44       4.435       1.239      0.6071      0.1609E-01   90.00      0.2704E-02  0.2867E-01  0.4453E-02   0.000     -0.3574E-05   0.000      0.7771E-03  0.7550E-01   0.000    
   553   10.44       4.435       1.259      0.6214      0.8233E-02   90.00      0.6535E-03  0.3385E-02  0.1052E-02   0.000     -0.4920E-06   0.000      0.1041E-04  0.2401       0.000    
   554   10.44       4.435       1.272      0.5928      0.7855E-02   90.00     -0.1134E-02 -0.1777E-01 -0.1912E-02   0.000      0.4864E-06   0.000     -0.5152E-04  0.2231       0.000    
   555   10.45       4.435       1.292      0.5401      0.1431E-01   90.00     -0.1354E-02 -0.5367E-02 -0.2507E-02   0.000     -0.1139E-05   0.000     -0.1447E-04  0.2442       0.000    
   556   10.48       4.435       1.319      0.4537      0.1198E-01   90.00     -0.3929E-03  0.8073E-02 -0.8659E-03   0.000     -0.1545E-06   0.000      0.3560E-04  0.2911       0.000    
   557   10.52       4.435       1.345      0.3436      0.9104E-02   90.00      0.1271E-04  0.1040E-01  0.3700E-04   0.000     -0.7999E-07   0.000      0.3283E-04 -0.6373       0.000    
   558   10.59       4.435       1.372      0.1459      0.3868E-02   90.00      0.1545E-03  0.1563E-01  0.1059E-02   0.000     -0.4789E-06   0.000     -0.1232E-03  0.3663       0.000    

 Surface forces referred to Sref,Cref,Bref about Xmom,Ymom,Zmom
 Standard axis orientation,  X fwd, Z down         

  Surface #30     nacelle_4_horizontal                    
     # chordwise =  6   # spanwise = 11     First strip =559
     Surface area = 0.11070           ave. chord = 0.41806    
     CLsurf  =   0.000138     Clsurf  =  -0.000028
     CYsurf  =   0.000000     Cmsurf  =   0.000061
     CDsurf  =   0.000002     Cnsurf  =  -0.000001
     CDisurf =   0.000002     CDvsurf =   0.000000

  Forces referred to Ssurf, Cave about hinge axis thru LE
     cl_surf =   0.076247     cd_surf =   0.000874

 Strip Forces referred to strip area, chord
    j    xLE         yLE         zLE         Chord       Area        Dihedral   c cl        ai_ff       cl           clj         cd          cdv         cm_c/4     c.p.x/c      Dcj
   559   10.65       5.462       1.253      0.1459      0.3868E-02   0.000      0.1954E-01  0.8211E-01  0.1343       0.000     -0.3983E-02   0.000      0.6620E-02  0.2007       0.000    
   560   10.58       5.489       1.253      0.3435      0.9104E-02   0.000      0.2894E-01  0.9098E-01  0.8436E-01   0.000     -0.1593E-04   0.000      0.7749E-02  0.1581       0.000    
   561   10.54       5.515       1.253      0.4537      0.1198E-01   0.000      0.3472E-01  0.9345E-01  0.7658E-01   0.000      0.8054E-03   0.000      0.7474E-02  0.1524       0.000    
   562   10.51       5.542       1.253      0.5401      0.1431E-01   0.000      0.3814E-01  0.9267E-01  0.7064E-01   0.000      0.1490E-02   0.000      0.7014E-02  0.1507       0.000    
   563   10.50       5.562       1.253      0.5929      0.7855E-02   0.000      0.3926E-01  0.8575E-01  0.6619E-01   0.000      0.2188E-02   0.000      0.6691E-02  0.1489       0.000    
   564   10.49       5.575       1.253      0.6214      0.8233E-02   0.000      0.3955E-01  0.6533E-01  0.6362E-01   0.000      0.2147E-02   0.000      0.6516E-02  0.1476       0.000    
   565   10.50       5.595       1.253      0.6071      0.1609E-01   0.000      0.3921E-01  0.1144      0.6457E-01   0.000      0.1903E-02   0.000      0.6638E-02  0.1472       0.000    
   566   10.51       5.621       1.253      0.5401      0.1431E-01   0.000      0.3731E-01  0.9904E-01  0.6909E-01   0.000      0.1438E-02   0.000      0.6990E-02  0.1488       0.000    
   567   10.54       5.648       1.253      0.4538      0.1198E-01   0.000      0.3383E-01  0.9436E-01  0.7461E-01   0.000      0.7952E-03   0.000      0.7462E-02  0.1500       0.000    
   568   10.58       5.674       1.253      0.3436      0.9104E-02   0.000      0.2825E-01  0.9092E-01  0.8235E-01   0.000      0.2475E-04   0.000      0.7767E-02  0.1557       0.000    
   569   10.65       5.701       1.253      0.1459      0.3868E-02   0.000      0.1919E-01  0.8264E-01  0.1319       0.000     -0.3735E-02   0.000      0.6670E-02  0.1994       0.000    

 Surface forces referred to Sref,Cref,Bref about Xmom,Ymom,Zmom
 Standard axis orientation,  X fwd, Z down         

  Surface #31     nacelle_4_vertical                      
     # chordwise =  6   # spanwise = 11     First strip =570
     Surface area = 0.11070           ave. chord = 0.41806    
     CLsurf  =   0.000000     Clsurf  =  -0.000000
     CYsurf  =  -0.000000     Cmsurf  =   0.000000
     CDsurf  =  -0.000000     Cnsurf  =  -0.000000
     CDisurf =  -0.000000     CDvsurf =   0.000000

  Forces referred to Ssurf, Cave about hinge axis thru LE
     cl_surf =   0.000001     cd_surf =  -0.000002

 Strip Forces referred to strip area, chord
    j    xLE         yLE         zLE         Chord       Area        Dihedral   c cl        ai_ff       cl           clj         cd          cdv         cm_c/4     c.p.x/c      Dcj
   570   10.65       5.581       1.133      0.1459      0.3868E-02   90.00     -0.2296E-03  0.1212E-01 -0.1573E-02   0.000     -0.2782E-05   0.000     -0.6182E-03 -0.1429       0.000    
   571   10.58       5.581       1.160      0.3435      0.9104E-02   90.00     -0.5924E-03  0.1165E-01 -0.1724E-02   0.000     -0.1444E-05   0.000     -0.3340E-03  0.5631E-01   0.000    
   572   10.54       5.581       1.186      0.4537      0.1198E-01   90.00     -0.1092E-02  0.9883E-02 -0.2406E-02   0.000     -0.2505E-05   0.000     -0.4183E-03  0.7611E-01   0.000    
   573   10.51       5.581       1.213      0.5401      0.1431E-01   90.00     -0.2024E-02 -0.3173E-02 -0.3747E-02   0.000     -0.4531E-05   0.000     -0.6453E-03  0.7777E-01   0.000    
   574   10.50       5.581       1.239      0.6071      0.1609E-01   90.00     -0.1861E-02 -0.6127E-02 -0.3065E-02   0.000     -0.6467E-06   0.000     -0.5059E-03  0.8495E-01   0.000    
   575   10.49       5.581       1.259      0.6214      0.8233E-02   90.00      0.3871E-03  0.1730E-01  0.6230E-03   0.000      0.1019E-06   0.000      0.4432E-04  0.1789       0.000    
   576   10.50       5.581       1.272      0.5928      0.7855E-02   90.00      0.2192E-02  0.3906E-01  0.3698E-02   0.000     -0.4762E-06   0.000      0.1028E-03  0.2222       0.000    
   577   10.51       5.581       1.292      0.5401      0.1431E-01   90.00      0.2435E-02  0.2713E-01  0.4508E-02   0.000     -0.4886E-05   0.000      0.4311E-04  0.2404       0.000    
   578   10.54       5.581       1.319      0.4537      0.1198E-01   90.00      0.1433E-02  0.1407E-01  0.3159E-02   0.000     -0.2990E-05   0.000     -0.4547E-04  0.2644       0.000    
   579   10.58       5.581       1.345      0.3436      0.9104E-02   90.00      0.9080E-03  0.1265E-01  0.2643E-02   0.000     -0.2128E-05   0.000     -0.1202E-03  0.2955       0.000    
   580   10.65       5.581       1.372      0.1459      0.3868E-02   90.00      0.5734E-03  0.1810E-01  0.3929E-02   0.000     -0.3768E-05   0.000     -0.6346E-03  0.4115       0.000    

 Surface forces referred to Sref,Cref,Bref about Xmom,Ymom,Zmom
 Standard axis orientation,  X fwd, Z down         

  Surface #32     nacelle_5_horizontal                    
     # chordwise =  6   # spanwise = 11     First strip =581
     Surface area = 0.11071           ave. chord = 0.41807    
     CLsurf  =   0.000137     Clsurf  =  -0.000034
     CYsurf  =   0.000000     Cmsurf  =   0.000057
     CDsurf  =   0.000002     Cnsurf  =  -0.000001
     CDisurf =   0.000002     CDvsurf =   0.000000

  Forces referred to Ssurf, Cave about hinge axis thru LE
     cl_surf =   0.075564     cd_surf =   0.000908

 Strip Forces referred to strip area, chord
    j    xLE         yLE         zLE         Chord       Area        Dihedral   c cl        ai_ff       cl           clj         cd          cdv         cm_c/4     c.p.x/c      Dcj
   581   10.71       6.609       1.253      0.1459      0.3868E-02   0.000      0.1940E-01  0.8059E-01  0.1333       0.000     -0.3834E-02   0.000      0.6573E-02  0.2007       0.000    
   582   10.63       6.635       1.253      0.3436      0.9104E-02   0.000      0.2868E-01  0.8914E-01  0.8361E-01   0.000      0.3994E-04   0.000      0.7698E-02  0.1579       0.000    
   583   10.59       6.662       1.253      0.4537      0.1202E-01   0.000      0.3441E-01  0.9156E-01  0.7588E-01   0.000      0.8481E-03   0.000      0.7421E-02  0.1522       0.000    
   584   10.57       6.688       1.253      0.5401      0.1426E-01   0.000      0.3779E-01  0.9081E-01  0.6999E-01   0.000      0.1508E-02   0.000      0.6937E-02  0.1509       0.000    
   585   10.55       6.708       1.253      0.5928      0.7855E-02 -0.9602E-12  0.3890E-01  0.8396E-01  0.6559E-01   0.000      0.2202E-02   0.000      0.6604E-02  0.1493       0.000    
   586   10.55       6.721       1.253      0.6214      0.8233E-02  0.9602E-12  0.3920E-01  0.6381E-01  0.6306E-01   0.000      0.2137E-02   0.000      0.6430E-02  0.1480       0.000    
   587   10.55       6.741       1.253      0.6071      0.1609E-01   0.000      0.3887E-01  0.1128      0.6401E-01   0.000      0.1910E-02   0.000      0.6552E-02  0.1476       0.000    
   588   10.57       6.768       1.253      0.5401      0.1431E-01   0.000      0.3698E-01  0.9733E-01  0.6848E-01   0.000      0.1457E-02   0.000      0.6913E-02  0.1490       0.000    
   589   10.59       6.794       1.253      0.4538      0.1202E-01   0.000      0.3351E-01  0.9250E-01  0.7391E-01   0.000      0.8366E-03   0.000      0.7398E-02  0.1499       0.000    
   590   10.63       6.821       1.253      0.3436      0.9070E-02   0.000      0.2798E-01  0.8913E-01  0.8155E-01   0.000      0.7544E-04   0.000      0.7691E-02  0.1557       0.000    
   591   10.71       6.847       1.253      0.1459      0.3868E-02   0.000      0.1903E-01  0.8118E-01  0.1307       0.000     -0.3590E-02   0.000      0.6581E-02  0.1997       0.000    

 Surface forces referred to Sref,Cref,Bref about Xmom,Ymom,Zmom
 Standard axis orientation,  X fwd, Z down         

  Surface #33     nacelle_5_vertical                      
     # chordwise =  6   # spanwise = 11     First strip =592
     Surface area = 0.11070           ave. chord = 0.41806    
     CLsurf  =  -0.000000     Clsurf  =  -0.000000
     CYsurf  =   0.000000     Cmsurf  =  -0.000000
     CDsurf  =  -0.000000     Cnsurf  =   0.000000
     CDisurf =  -0.000000     CDvsurf =   0.000000

  Forces referred to Ssurf, Cave about hinge axis thru LE
     cl_surf =  -0.000000     cd_surf =  -0.000003

 Strip Forces referred to strip area, chord
    j    xLE         yLE         zLE         Chord       Area        Dihedral   c cl        ai_ff       cl           clj         cd          cdv         cm_c/4     c.p.x/c      Dcj
   592   10.71       6.728       1.133      0.1459      0.3868E-02   90.00     -0.2976E-03  0.1323E-01 -0.2039E-02   0.000     -0.5016E-05   0.000     -0.8197E-03 -0.1520       0.000    
   593   10.63       6.728       1.160      0.3435      0.9104E-02   90.00     -0.7187E-03  0.1268E-01 -0.2092E-02   0.000     -0.2359E-05   0.000     -0.4183E-03  0.5003E-01   0.000    
   594   10.59       6.728       1.186      0.4537      0.1198E-01   90.00     -0.1246E-02  0.1088E-01 -0.2746E-02   0.000     -0.3426E-05   0.000     -0.4868E-03  0.7271E-01   0.000    
   595   10.57       6.728       1.213      0.5401      0.1431E-01   90.00     -0.2192E-02 -0.2139E-02 -0.4059E-02   0.000     -0.5500E-05   0.000     -0.7005E-03  0.7740E-01   0.000    
   596   10.55       6.728       1.239      0.6071      0.1609E-01   90.00     -0.2040E-02 -0.5108E-02 -0.3361E-02   0.000     -0.1005E-05   0.000     -0.5552E-03  0.8481E-01   0.000    
   597   10.55       6.728       1.259      0.6214      0.8233E-02   90.00      0.1565E-03  0.1842E-01  0.2519E-03   0.000      0.1078E-06   0.000      0.3765E-04  0.1006       0.000    
   598   10.55       6.728       1.272      0.5928      0.7855E-02   90.00      0.1953E-02  0.3995E-01  0.3294E-02   0.000     -0.1445E-06   0.000      0.9425E-04  0.2214       0.000    
   599   10.57       6.728       1.292      0.5401      0.1431E-01   90.00      0.2201E-02  0.2813E-01  0.4075E-02   0.000     -0.3901E-05   0.000      0.3987E-04  0.2402       0.000    
   600   10.59       6.728       1.319      0.4537      0.1198E-01   90.00      0.1224E-02  0.1517E-01  0.2697E-02   0.000     -0.2120E-05   0.000     -0.4181E-04  0.2655       0.000    
   601   10.63       6.728       1.345      0.3436      0.9104E-02   90.00      0.7305E-03  0.1398E-01  0.2126E-02   0.000     -0.1310E-05   0.000     -0.1007E-03  0.2974       0.000    
   602   10.71       6.728       1.372      0.1459      0.3868E-02   90.00      0.4395E-03  0.2169E-01  0.3011E-02   0.000     -0.2153E-05   0.000     -0.4913E-03  0.4132       0.000    

 Surface forces referred to Sref,Cref,Bref about Xmom,Ymom,Zmom
 Standard axis orientation,  X fwd, Z down         

  Surface #34     nacelle_6_horizontal                    
     # chordwise =  6   # spanwise = 11     First strip =603
     Surface area = 0.11071           ave. chord = 0.41807    
     CLsurf  =   0.000135     Clsurf  =  -0.000039
     CYsurf  =  -0.000000     Cmsurf  =   0.000053
     CDsurf  =   0.000002     Cnsurf  =  -0.000002
     CDisurf =   0.000002     CDvsurf =   0.000000

  Forces referred to Ssurf, Cave about hinge axis thru LE
     cl_surf =   0.074705     cd_surf =   0.000948

 Strip Forces referred to strip area, chord
    j    xLE         yLE         zLE         Chord       Area        Dihedral   c cl        ai_ff       cl           clj         cd          cdv         cm_c/4     c.p.x/c      Dcj
   603   10.76       7.755       1.253      0.1459      0.3868E-02   0.000      0.1885E-01  0.8025E-01  0.1295       0.000     -0.3436E-02   0.000      0.6488E-02  0.1999       0.000    
   604   10.69       7.782       1.253      0.3435      0.9104E-02   0.000      0.2773E-01  0.8819E-01  0.8082E-01   0.000      0.1362E-03   0.000      0.7590E-02  0.1561       0.000    
   605   10.65       7.808       1.253      0.4537      0.1202E-01   0.000      0.3319E-01  0.9136E-01  0.7320E-01   0.000      0.8738E-03   0.000      0.7297E-02  0.1503       0.000    
   606   10.62       7.835       1.253      0.5401      0.1426E-01   0.000      0.3660E-01  0.9595E-01  0.6778E-01   0.000      0.1480E-02   0.000      0.6814E-02  0.1495       0.000    
   607   10.61       7.861       1.253      0.6071      0.1609E-01   0.000      0.3845E-01  0.1109      0.6332E-01   0.000      0.1916E-02   0.000      0.6451E-02  0.1481       0.000    
   608   10.61       7.881       1.253      0.6214      0.8233E-02   0.000      0.3875E-01  0.6365E-01  0.6234E-01   0.000      0.2141E-02   0.000      0.6333E-02  0.1484       0.000    
   609   10.61       7.894       1.253      0.5928      0.7855E-02   0.000      0.3843E-01  0.8305E-01  0.6479E-01   0.000      0.2189E-02   0.000      0.6515E-02  0.1495       0.000    
   610   10.62       7.914       1.253      0.5401      0.1431E-01   0.000      0.3730E-01  0.8940E-01  0.6908E-01   0.000      0.1532E-02   0.000      0.6861E-02  0.1507       0.000    
   611   10.65       7.941       1.253      0.4538      0.1202E-01   0.000      0.3393E-01  0.8979E-01  0.7483E-01   0.000      0.8949E-03   0.000      0.7362E-02  0.1516       0.000    
   612   10.69       7.967       1.253      0.3436      0.9070E-02   0.000      0.2829E-01  0.8742E-01  0.8247E-01   0.000      0.1165E-03   0.000      0.7642E-02  0.1573       0.000    
   613   10.76       7.994       1.253      0.1459      0.3868E-02   0.000      0.1918E-01  0.7954E-01  0.1318       0.000     -0.3620E-02   0.000      0.6472E-02  0.2009       0.000    

 Surface forces referred to Sref,Cref,Bref about Xmom,Ymom,Zmom
 Standard axis orientation,  X fwd, Z down         

  Surface #35     nacelle_6_vertical                      
     # chordwise =  6   # spanwise = 11     First strip =614
     Surface area = 0.11070           ave. chord = 0.41806    
     CLsurf  =  -0.000000     Clsurf  =   0.000000
     CYsurf  =  -0.000000     Cmsurf  =  -0.000000
     CDsurf  =  -0.000000     Cnsurf  =  -0.000000
     CDisurf =  -0.000000     CDvsurf =   0.000000

  Forces referred to Ssurf, Cave about hinge axis thru LE
     cl_surf =  -0.000000     cd_surf =  -0.000002

 Strip Forces referred to strip area, chord
    j    xLE         yLE         zLE         Chord       Area        Dihedral   c cl        ai_ff       cl           clj         cd          cdv         cm_c/4     c.p.x/c      Dcj
   614   10.76       7.874       1.133      0.1459      0.3868E-02   90.00      0.2331E-03  0.1301E-01  0.1597E-02   0.000     -0.3144E-05   0.000      0.6485E-03 -0.1560       0.000    
   615   10.69       7.874       1.160      0.3435      0.9104E-02   90.00      0.6039E-03  0.1357E-01  0.1758E-02   0.000     -0.1822E-05   0.000      0.3688E-03  0.4023E-01   0.000    
   616   10.65       7.874       1.186      0.4537      0.1198E-01   90.00      0.1111E-02  0.1542E-01  0.2448E-02   0.000     -0.3044E-05   0.000      0.4580E-03  0.6289E-01   0.000    
   617   10.62       7.874       1.213      0.5401      0.1431E-01   90.00      0.2045E-02  0.2832E-01  0.3787E-02   0.000     -0.5299E-05   0.000      0.6860E-03  0.6887E-01   0.000    
   618   10.61       7.874       1.239      0.6071      0.1609E-01   90.00      0.1925E-02  0.3162E-01  0.3171E-02   0.000     -0.1158E-05   0.000      0.5565E-03  0.7451E-01   0.000    
   619   10.61       7.874       1.259      0.6214      0.8233E-02   90.00     -0.2056E-03  0.8019E-02 -0.3309E-03   0.000      0.7599E-07   0.000     -0.1189E-04  0.2141       0.000    
   620   10.61       7.874       1.272      0.5928      0.7855E-02   90.00     -0.1935E-02 -0.1283E-01 -0.3263E-02   0.000     -0.7179E-08   0.000     -0.7083E-04  0.2283       0.000    
   621   10.62       7.874       1.292      0.5401      0.1431E-01   90.00     -0.2132E-02 -0.8014E-03 -0.3948E-02   0.000     -0.3312E-05   0.000     -0.2181E-04  0.2445       0.000    
   622   10.65       7.874       1.319      0.4537      0.1198E-01   90.00     -0.1133E-02  0.1237E-01 -0.2497E-02   0.000     -0.1605E-05   0.000      0.5109E-04  0.2705       0.000    
   623   10.69       7.874       1.345      0.3436      0.9104E-02   90.00     -0.6270E-03  0.1548E-01 -0.1825E-02   0.000     -0.7940E-06   0.000      0.1025E-03  0.3061       0.000    
   624   10.76       7.874       1.372      0.1459      0.3868E-02   90.00     -0.3334E-03  0.2841E-01 -0.2284E-02   0.000     -0.1072E-05   0.000      0.3955E-03  0.4231       0.000    

 Surface forces referred to Sref,Cref,Bref about Xmom,Ymom,Zmom
 Standard axis orientation,  X fwd, Z down         

  Surface #36     nacelle_7_horizontal                    
     # chordwise =  6   # spanwise = 11     First strip =625
     Surface area = 0.11072           ave. chord = 0.41812    
     CLsurf  =   0.000133     Clsurf  =  -0.000044
     CYsurf  =  -0.000000     Cmsurf  =   0.000049
     CDsurf  =   0.000002     Cnsurf  =  -0.000002
     CDisurf =   0.000002     CDvsurf =   0.000000

  Forces referred to Ssurf, Cave about hinge axis thru LE
     cl_surf =   0.073443     cd_surf =   0.000998

 Strip Forces referred to strip area, chord
    j    xLE         yLE         zLE         Chord       Area        Dihedral   c cl        ai_ff       cl           clj         cd          cdv         cm_c/4     c.p.x/c      Dcj
   625   10.82       8.902       1.253      0.1459      0.3868E-02   0.000      0.1857E-01  0.7964E-01  0.1276       0.000     -0.3189E-02   0.000      0.6354E-02  0.2002       0.000    
   626   10.74       8.928       1.253      0.3436      0.9104E-02   0.000      0.2729E-01  0.8724E-01  0.7952E-01   0.000      0.2251E-03   0.000      0.7468E-02  0.1561       0.000    
   627   10.71       8.955       1.253      0.4537      0.1202E-01   0.000      0.3264E-01  0.9021E-01  0.7198E-01   0.000      0.9270E-03   0.000      0.7186E-02  0.1502       0.000    
   628   10.68       8.981       1.253      0.5401      0.1431E-01   0.000      0.3598E-01  0.9471E-01  0.6663E-01   0.000      0.1505E-02   0.000      0.6701E-02  0.1494       0.000    
   629   10.66       9.008       1.253      0.6071      0.1603E-01   0.000      0.3780E-01  0.1095      0.6224E-01   0.000      0.1918E-02   0.000      0.6327E-02  0.1483       0.000    
   630   10.66       9.028       1.253      0.6214      0.8233E-02   0.000      0.3809E-01  0.6316E-01  0.6128E-01   0.000      0.2130E-02   0.000      0.6211E-02  0.1486       0.000    
   631   10.67       9.041       1.253      0.5928      0.7855E-02   0.000      0.3777E-01  0.8221E-01  0.6369E-01   0.000      0.2183E-02   0.000      0.6395E-02  0.1496       0.000    
   632   10.68       9.061       1.253      0.5401      0.1431E-01   0.000      0.3666E-01  0.8832E-01  0.6789E-01   0.000      0.1556E-02   0.000      0.6745E-02  0.1506       0.000    
   633   10.71       9.087       1.253      0.4538      0.1202E-01   0.000      0.3334E-01  0.8866E-01  0.7353E-01   0.000      0.9494E-03   0.000      0.7245E-02  0.1515       0.000    
   634   10.74       9.114       1.253      0.3436      0.9104E-02   0.000      0.2781E-01  0.8648E-01  0.8105E-01   0.000      0.2154E-03   0.000      0.7512E-02  0.1573       0.000    
   635   10.82       9.140       1.253      0.1459      0.3853E-02   0.000      0.1885E-01  0.7889E-01  0.1295       0.000     -0.3359E-02   0.000      0.6302E-02  0.2013       0.000    

 Surface forces referred to Sref,Cref,Bref about Xmom,Ymom,Zmom
 Standard axis orientation,  X fwd, Z down         

  Surface #37     nacelle_7_vertical                      
     # chordwise =  6   # spanwise = 11     First strip =636
     Surface area = 0.11070           ave. chord = 0.41806    
     CLsurf  =  -0.000000     Clsurf  =   0.000000
     CYsurf  =   0.000000     Cmsurf  =   0.000000
     CDsurf  =  -0.000000     Cnsurf  =  -0.000000
     CDisurf =  -0.000000     CDvsurf =   0.000000

  Forces referred to Ssurf, Cave about hinge axis thru LE
     cl_surf =  -0.000000     cd_surf =  -0.000002

 Strip Forces referred to strip area, chord
    j    xLE         yLE         zLE         Chord       Area        Dihedral   c cl        ai_ff       cl           clj         cd          cdv         cm_c/4     c.p.x/c      Dcj
   636   10.82       9.021       1.133      0.1459      0.3868E-02   90.00      0.1956E-03  0.1419E-01  0.1340E-02   0.000     -0.2169E-05   0.000      0.5415E-03 -0.1540       0.000    
   637   10.74       9.021       1.160      0.3435      0.9104E-02   90.00      0.5316E-03  0.1468E-01  0.1547E-02   0.000     -0.1383E-05   0.000      0.3270E-03  0.3870E-01   0.000    
   638   10.71       9.021       1.186      0.4537      0.1198E-01   90.00      0.1017E-02  0.1648E-01  0.2241E-02   0.000     -0.2547E-05   0.000      0.4245E-03  0.6056E-01   0.000    
   639   10.68       9.021       1.213      0.5401      0.1431E-01   90.00      0.1930E-02  0.2917E-01  0.3574E-02   0.000     -0.4692E-05   0.000      0.6545E-03  0.6685E-01   0.000    
   640   10.66       9.021       1.239      0.6071      0.1609E-01   90.00      0.1809E-02  0.3241E-01  0.2980E-02   0.000     -0.9423E-06   0.000      0.5310E-03  0.7182E-01   0.000    
   641   10.66       9.021       1.259      0.6214      0.8233E-02   90.00     -0.3012E-03  0.9161E-02 -0.4848E-03   0.000      0.7611E-07   0.000     -0.8249E-05  0.2330       0.000    
   642   10.67       9.021       1.272      0.5928      0.7855E-02   90.00     -0.1999E-02 -0.1135E-01 -0.3372E-02   0.000     -0.9250E-07   0.000     -0.6625E-04  0.2304       0.000    
   643   10.68       9.021       1.292      0.5401      0.1431E-01   90.00     -0.2188E-02  0.5101E-03 -0.4052E-02   0.000     -0.3474E-05   0.000     -0.1711E-04  0.2458       0.000    
   644   10.71       9.021       1.319      0.4537      0.1198E-01   90.00     -0.1193E-02  0.1353E-01 -0.2630E-02   0.000     -0.1777E-05   0.000      0.5671E-04  0.2716       0.000    
   645   10.74       9.021       1.345      0.3436      0.9104E-02   90.00     -0.6794E-03  0.1684E-01 -0.1978E-02   0.000     -0.9512E-06   0.000      0.1117E-03  0.3065       0.000    
   646   10.82       9.021       1.372      0.1459      0.3868E-02   90.00     -0.3715E-03  0.3212E-01 -0.2545E-02   0.000     -0.1358E-05   0.000      0.4364E-03  0.4215       0.000    

 Surface forces referred to Sref,Cref,Bref about Xmom,Ymom,Zmom
 Standard axis orientation,  X fwd, Z down         

  Surface #38     nacelle_8_horizontal                    
     # chordwise =  6   # spanwise = 11     First strip =647
     Surface area = 0.11072           ave. chord = 0.41812    
     CLsurf  =   0.000133     Clsurf  =  -0.000050
     CYsurf  =   0.000000     Cmsurf  =   0.000045
     CDsurf  =   0.000002     Cnsurf  =  -0.000002
     CDisurf =   0.000002     CDvsurf =   0.000000

  Forces referred to Ssurf, Cave about hinge axis thru LE
     cl_surf =   0.073322     cd_surf =   0.001198

 Strip Forces referred to strip area, chord
    j    xLE         yLE         zLE         Chord       Area        Dihedral   c cl        ai_ff       cl           clj         cd          cdv         cm_c/4     c.p.x/c      Dcj
   647   10.88       10.05       1.253      0.1460      0.3868E-02   0.000      0.1878E-01  0.7635E-01  0.1290       0.000     -0.2811E-02   0.000      0.5553E-02  0.2070       0.000    
   648   10.80       10.07       1.253      0.3436      0.9104E-02   0.000      0.2794E-01  0.8712E-01  0.8141E-01   0.000      0.5149E-03   0.000      0.6544E-02  0.1696       0.000    
   649   10.76       10.10       1.253      0.4537      0.1202E-01   0.000      0.3344E-01  0.8906E-01  0.7373E-01   0.000      0.1167E-02   0.000      0.6437E-02  0.1627       0.000    
   650   10.74       10.13       1.253      0.5401      0.1431E-01   0.000      0.3663E-01  0.8816E-01  0.6783E-01   0.000      0.1702E-02   0.000      0.6105E-02  0.1600       0.000    
   651   10.72       10.15       1.253      0.5928      0.7826E-02 -0.9638E-12  0.3767E-01  0.8172E-01  0.6352E-01   0.000      0.2264E-02   0.000      0.5831E-02  0.1582       0.000    
   652   10.72       10.16       1.253      0.6214      0.8202E-02  0.9638E-12  0.3798E-01  0.6263E-01  0.6109E-01   0.000      0.2169E-02   0.000      0.5679E-02  0.1571       0.000    
   653   10.72       10.18       1.253      0.6071      0.1609E-01   0.000      0.3769E-01  0.1117      0.6206E-01   0.000      0.1998E-02   0.000      0.5779E-02  0.1569       0.000    
   654   10.74       10.21       1.253      0.5401      0.1431E-01   0.000      0.3589E-01  0.9714E-01  0.6646E-01   0.000      0.1655E-02   0.000      0.6039E-02  0.1591       0.000    
   655   10.76       10.23       1.253      0.4538      0.1202E-01   0.000      0.3260E-01  0.9334E-01  0.7189E-01   0.000      0.1157E-02   0.000      0.6334E-02  0.1619       0.000    
   656   10.80       10.26       1.253      0.3436      0.9104E-02   0.000      0.2726E-01  0.9098E-01  0.7941E-01   0.000      0.5561E-03   0.000      0.6428E-02  0.1691       0.000    
   657   10.88       10.29       1.253      0.1459      0.3853E-02   0.000      0.1834E-01  0.8040E-01  0.1260       0.000     -0.2577E-02   0.000      0.5443E-02  0.2068       0.000    

 Surface forces referred to Sref,Cref,Bref about Xmom,Ymom,Zmom
 Standard axis orientation,  X fwd, Z down         

  Surface #39     nacelle_8_vertical                      
     # chordwise =  6   # spanwise = 11     First strip =658
     Surface area = 0.11070           ave. chord = 0.41806    
     CLsurf  =  -0.000000     Clsurf  =  -0.000000
     CYsurf  =   0.000002     Cmsurf  =  -0.000000
     CDsurf  =  -0.000000     Cnsurf  =   0.000000
     CDisurf =  -0.000000     CDvsurf =   0.000000

  Forces referred to Ssurf, Cave about hinge axis thru LE
     cl_surf =  -0.000002     cd_surf =  -0.000003

 Strip Forces referred to strip area, chord
    j    xLE         yLE         zLE         Chord       Area        Dihedral   c cl        ai_ff       cl           clj         cd          cdv         cm_c/4     c.p.x/c      Dcj
   658   10.88       10.17       1.133      0.1459      0.3868E-02   90.00     -0.4559E-03  0.1708E-01 -0.3124E-02   0.000     -0.1186E-04   0.000     -0.1238E-02 -0.1462       0.000    
   659   10.80       10.17       1.160      0.3435      0.9104E-02   90.00     -0.1027E-02  0.1583E-01 -0.2988E-02   0.000     -0.4487E-05   0.000     -0.5147E-03  0.7776E-01   0.000    
   660   10.76       10.17       1.186      0.4537      0.1198E-01   90.00     -0.1614E-02  0.1371E-01 -0.3557E-02   0.000     -0.4949E-05   0.000     -0.5114E-03  0.1062       0.000    
   661   10.74       10.17       1.213      0.5401      0.1431E-01   90.00     -0.2567E-02  0.7860E-03 -0.4752E-02   0.000     -0.6443E-05   0.000     -0.6733E-03  0.1083       0.000    
   662   10.72       10.17       1.239      0.6071      0.1609E-01   90.00     -0.2449E-02 -0.2880E-02 -0.4033E-02   0.000     -0.1628E-05   0.000     -0.5249E-03  0.1199       0.000    
   663   10.72       10.17       1.259      0.6214      0.8233E-02   90.00     -0.3551E-03  0.2020E-01 -0.5715E-03   0.000      0.6352E-08   0.000      0.1099E-03  0.4424       0.000    
   664   10.72       10.17       1.272      0.5928      0.7855E-02   90.00      0.1410E-02  0.4057E-01  0.2379E-02   0.000      0.1518E-06   0.000      0.1416E-03  0.1905       0.000    
   665   10.74       10.17       1.292      0.5401      0.1431E-01   90.00      0.1680E-02  0.2822E-01  0.3111E-02   0.000     -0.2361E-05   0.000      0.9051E-04  0.2209       0.000    
   666   10.76       10.17       1.319      0.4537      0.1198E-01   90.00      0.8159E-03  0.1430E-01  0.1798E-02   0.000     -0.1053E-05   0.000      0.2813E-04  0.2344       0.000    
   667   10.80       10.17       1.345      0.3436      0.9104E-02   90.00      0.4357E-03  0.1003E-01  0.1268E-02   0.000     -0.5001E-06   0.000     -0.2200E-04  0.2673       0.000    
   668   10.88       10.17       1.372      0.1459      0.3868E-02   90.00      0.2530E-03  0.5181E-02  0.1734E-02   0.000     -0.7188E-06   0.000     -0.2696E-03  0.4055       0.000    

 Surface forces referred to Sref,Cref,Bref about Xmom,Ymom,Zmom
 Standard axis orientation,  X fwd, Z down         

  Surface #40     nacelle_9_horizontal                    
     # chordwise =  6   # spanwise = 11     First strip =669
     Surface area = 0.11071           ave. chord = 0.41807    
     CLsurf  =   0.000089     Clsurf  =   0.000007
     CYsurf  =   0.000000     Cmsurf  =   0.000042
     CDsurf  =   0.000001     Cnsurf  =   0.000000
     CDisurf =   0.000001     CDvsurf =   0.000000

  Forces referred to Ssurf, Cave about hinge axis thru LE
     cl_surf =   0.049067     cd_surf =   0.000605

 Strip Forces referred to strip area, chord
    j    xLE         yLE         zLE         Chord       Area        Dihedral   c cl        ai_ff       cl           clj         cd          cdv         cm_c/4     c.p.x/c      Dcj
   669   10.56      -2.261       1.253      0.1459      0.3868E-02   0.000      0.1441E-01  0.1353      0.9894E-01   0.000     -0.1524E-02   0.000      0.5968E-02  0.1897       0.000    
   670   10.49      -2.235       1.253      0.3435      0.9104E-02   0.000      0.1968E-01  0.1242      0.5736E-01   0.000      0.2565E-03   0.000      0.5850E-02  0.1480       0.000    
   671   10.45      -2.208       1.253      0.4537      0.1202E-01   0.000      0.2278E-01  0.1277      0.5025E-01   0.000      0.6126E-03   0.000      0.5328E-02  0.1440       0.000    
   672   10.42      -2.182       1.253      0.5401      0.1426E-01   0.000      0.2504E-01  0.1258      0.4637E-01   0.000      0.9309E-03   0.000      0.4871E-02  0.1449       0.000    
   673   10.41      -2.162       1.253      0.5929      0.7855E-02   0.000      0.2469E-01  0.6508E-01  0.4165E-01   0.000      0.1236E-02   0.000      0.4372E-02  0.1450       0.000    
   674   10.40      -2.149       1.253      0.6214      0.8233E-02   0.000      0.2278E-01  0.2166E-01  0.3665E-01   0.000      0.1123E-02   0.000      0.3858E-02  0.1448       0.000    
   675   10.41      -2.129       1.253      0.6071      0.1609E-01   0.000      0.2029E-01         NaN  0.3342E-01   0.000      0.8673E-03   0.000      0.3500E-02  0.1453       0.000    
   676   10.42      -2.102       1.253      0.5401      0.1431E-01   0.000      0.2297E-01  0.1335      0.4254E-01   0.000      0.9385E-03   0.000      0.4434E-02  0.1458       0.000    
   677   10.45      -2.076       1.253      0.4538      0.1202E-01   0.000      0.2265E-01  0.1253      0.4995E-01   0.000      0.5973E-03   0.000      0.5177E-02  0.1464       0.000    
   678   10.49      -2.049       1.253      0.3436      0.9070E-02   0.000      0.1944E-01  0.1212      0.5665E-01   0.000      0.2614E-03   0.000      0.5551E-02  0.1520       0.000    
   679   10.56      -2.023       1.253      0.1459      0.3868E-02   0.000      0.1400E-01  0.1321      0.9611E-01   0.000     -0.1557E-02   0.000      0.5274E-02  0.1951       0.000    

 Surface forces referred to Sref,Cref,Bref about Xmom,Ymom,Zmom
 Standard axis orientation,  X fwd, Z down         

  Surface #41     nacelle_9_vertical                      
     # chordwise =  6   # spanwise = 11     First strip =680
     Surface area = 0.11070           ave. chord = 0.41806    
     CLsurf  =  -0.000000     Clsurf  =  -0.000000
     CYsurf  =   0.000013     Cmsurf  =   0.000000
     CDsurf  =  -0.000000     Cnsurf  =   0.000001
     CDisurf =  -0.000000     CDvsurf =   0.000000

  Forces referred to Ssurf, Cave about hinge axis thru LE
     cl_surf =  -0.000003     cd_surf =  -0.000038

 Strip Forces referred to strip area, chord
    j    xLE         yLE         zLE         Chord       Area        Dihedral   c cl        ai_ff       cl           clj         cd          cdv         cm_c/4     c.p.x/c      Dcj
   680   10.56      -2.142       1.133      0.1459      0.3868E-02   90.00     -0.1386E-02 -0.7441E-02 -0.9498E-02   0.000     -0.1669E-03   0.000     -0.4337E-02 -0.2066       0.000    
   681   10.49      -2.142       1.160      0.3435      0.9104E-02   90.00     -0.2366E-02 -0.5752E-02 -0.6888E-02   0.000     -0.6002E-04   0.000     -0.1746E-02 -0.3415E-02   0.000    
   682   10.45      -2.142       1.186      0.4537      0.1198E-01   90.00     -0.2790E-02 -0.4234E-02 -0.6149E-02   0.000     -0.4167E-04   0.000     -0.1341E-02  0.3193E-01   0.000    
   683   10.42      -2.142       1.213      0.5401      0.1431E-01   90.00     -0.3112E-02 -0.7725E-02 -0.5763E-02   0.000     -0.3010E-04   0.000     -0.1123E-02  0.5506E-01   0.000    
   684   10.41      -2.142       1.239      0.6071      0.1609E-01   90.00     -0.3186E-02 -0.8728E-02 -0.5248E-02   0.000     -0.2017E-04   0.000     -0.9397E-03  0.7095E-01   0.000    
   685   10.40      -2.142       1.259      0.6214      0.8233E-02   90.00     -0.3450E-02  0.1900E-01 -0.5552E-02   0.000     -0.1608E-04   0.000     -0.1512E-03  0.2228       0.000    
   686   10.41      -2.142       1.272      0.5928      0.7855E-02   90.00     -0.3445E-02  0.1422E-01 -0.5811E-02   0.000     -0.1549E-04   0.000     -0.1592E-03  0.2226       0.000    
   687   10.42      -2.142       1.292      0.5401      0.1431E-01   90.00     -0.3807E-02 -0.3692E-03 -0.7049E-02   0.000     -0.2400E-04   0.000     -0.1277E-03  0.2319       0.000    
   688   10.45      -2.142       1.319      0.4537      0.1198E-01   90.00     -0.3719E-02 -0.1409E-02 -0.8196E-02   0.000     -0.3564E-04   0.000     -0.3420E-04  0.2458       0.000    
   689   10.49      -2.142       1.345      0.3436      0.9104E-02   90.00     -0.3193E-02  0.2709E-02 -0.9293E-02   0.000     -0.4515E-04   0.000      0.1943E-03  0.2709       0.000    
   690   10.56      -2.142       1.372      0.1459      0.3868E-02   90.00     -0.2573E-02 -0.2236E-02 -0.1763E-01   0.000     -0.9638E-04   0.000      0.2496E-02  0.3916       0.000    

 Surface forces referred to Sref,Cref,Bref about Xmom,Ymom,Zmom
 Standard axis orientation,  X fwd, Z down         

  Surface #42     nacelle_10_horizontal                   
     # chordwise =  6   # spanwise = 11     First strip =691
     Surface area = 0.11071           ave. chord = 0.41807    
     CLsurf  =   0.000140     Clsurf  =   0.000017
     CYsurf  =  -0.000000     Cmsurf  =   0.000067
     CDsurf  =   0.000001     Cnsurf  =   0.000001
     CDisurf =   0.000001     CDvsurf =   0.000000

  Forces referred to Ssurf, Cave about hinge axis thru LE
     cl_surf =   0.077619     cd_surf =   0.000798

 Strip Forces referred to strip area, chord
    j    xLE         yLE         zLE         Chord       Area        Dihedral   c cl        ai_ff       cl           clj         cd          cdv         cm_c/4     c.p.x/c      Dcj
   691   10.57      -3.408       1.253      0.1459      0.3868E-02   0.000      0.1957E-01  0.8620E-01  0.1345       0.000     -0.4010E-02   0.000      0.6931E-02  0.1985       0.000    
   692   10.49      -3.381       1.253      0.3436      0.9104E-02   0.000      0.2878E-01  0.9488E-01  0.8389E-01   0.000     -0.9104E-04   0.000      0.7955E-02  0.1552       0.000    
   693   10.46      -3.355       1.253      0.4537      0.1202E-01   0.000      0.3443E-01  0.9816E-01  0.7594E-01   0.000      0.7189E-03   0.000      0.7661E-02  0.1491       0.000    
   694   10.43      -3.328       1.253      0.5401      0.1426E-01   0.000      0.3788E-01  0.1020      0.7016E-01   0.000      0.1388E-02   0.000      0.7194E-02  0.1475       0.000    
   695   10.41      -3.302       1.253      0.6071      0.1609E-01   0.000      0.3980E-01  0.1172      0.6555E-01   0.000      0.1881E-02   0.000      0.6841E-02  0.1456       0.000    
   696   10.41      -3.282       1.253      0.6214      0.8233E-02   0.000      0.4025E-01  0.6838E-01  0.6475E-01   0.000      0.2148E-02   0.000      0.6737E-02  0.1460       0.000    
   697   10.42      -3.269       1.253      0.5928      0.7855E-02   0.000      0.4006E-01  0.9002E-01  0.6754E-01   0.000      0.2186E-02   0.000      0.6926E-02  0.1475       0.000    
   698   10.43      -3.249       1.253      0.5401      0.1431E-01   0.000      0.3893E-01  0.9656E-01  0.7209E-01   0.000      0.1444E-02   0.000      0.7236E-02  0.1496       0.000    
   699   10.46      -3.222       1.253      0.4537      0.1202E-01   0.000      0.3539E-01  0.9692E-01  0.7807E-01   0.000      0.7238E-03   0.000      0.7658E-02  0.1519       0.000    
   700   10.49      -3.196       1.253      0.3436      0.9070E-02   0.000      0.2947E-01  0.9436E-01  0.8590E-01   0.000     -0.1516E-03   0.000      0.7880E-02  0.1583       0.000    
   701   10.57      -3.169       1.253      0.1459      0.3868E-02   0.000      0.1984E-01  0.8520E-01  0.1364       0.000     -0.4357E-02   0.000      0.6637E-02  0.2013       0.000    

 Surface forces referred to Sref,Cref,Bref about Xmom,Ymom,Zmom
 Standard axis orientation,  X fwd, Z down         

  Surface #43     nacelle_10_vertical                     
     # chordwise =  6   # spanwise = 11     First strip =702
     Surface area = 0.11070           ave. chord = 0.41806    
     CLsurf  =   0.000000     Clsurf  =  -0.000000
     CYsurf  =   0.000006     Cmsurf  =   0.000000
     CDsurf  =  -0.000000     Cnsurf  =   0.000000
     CDisurf =  -0.000000     CDvsurf =   0.000000

  Forces referred to Ssurf, Cave about hinge axis thru LE
     cl_surf =   0.000010     cd_surf =  -0.000008

 Strip Forces referred to strip area, chord
    j    xLE         yLE         zLE         Chord       Area        Dihedral   c cl        ai_ff       cl           clj         cd          cdv         cm_c/4     c.p.x/c      Dcj
   702   10.57      -3.288       1.133      0.1459      0.3868E-02   90.00     -0.3191E-03 -0.5432E-02 -0.2187E-02   0.000     -0.8897E-05   0.000     -0.1025E-02 -0.2188       0.000    
   703   10.49      -3.288       1.160      0.3435      0.9104E-02   90.00     -0.4153E-03 -0.5372E-02 -0.1209E-02   0.000     -0.2568E-05   0.000     -0.3810E-03 -0.6515E-01   0.000    
   704   10.46      -3.288       1.186      0.4537      0.1198E-01   90.00     -0.1452E-03 -0.3625E-02 -0.3199E-03   0.000     -0.7637E-06   0.000     -0.1665E-03 -0.2703       0.000    
   705   10.43      -3.288       1.213      0.5401      0.1431E-01   90.00      0.6539E-03  0.9534E-02  0.1211E-02   0.000     -0.2320E-06   0.000      0.1470E-03  0.1285       0.000    
   706   10.41      -3.288       1.239      0.6071      0.1609E-01   90.00      0.3797E-03  0.1204E-01  0.6254E-03   0.000     -0.7100E-08   0.000      0.5920E-04  0.1553       0.000    
   707   10.41      -3.288       1.259      0.6214      0.8233E-02   90.00     -0.2228E-02 -0.9433E-02 -0.3586E-02   0.000     -0.2203E-05   0.000     -0.1286E-03  0.2141       0.000    
   708   10.42      -3.288       1.272      0.5928      0.7855E-02   90.00     -0.4065E-02 -0.3233E-01 -0.6858E-02   0.000     -0.5328E-05   0.000     -0.1942E-03  0.2217       0.000    
   709   10.43      -3.288       1.292      0.5401      0.1431E-01   90.00     -0.4287E-02 -0.2030E-01 -0.7937E-02   0.000     -0.1683E-04   0.000     -0.1022E-03  0.2371       0.000    
   710   10.46      -3.288       1.319      0.4537      0.1198E-01   90.00     -0.3126E-02 -0.6706E-02 -0.6889E-02   0.000     -0.1570E-04   0.000      0.4789E-04  0.2570       0.000    
   711   10.49      -3.288       1.345      0.3436      0.9104E-02   90.00     -0.2346E-02 -0.3892E-02 -0.6830E-02   0.000     -0.1634E-04   0.000      0.2519E-03  0.2869       0.000    
   712   10.57      -3.288       1.372      0.1459      0.3868E-02   90.00     -0.1667E-02  0.1381E-02 -0.1142E-01   0.000     -0.3399E-04   0.000      0.1793E-02  0.4070       0.000    

 Surface forces referred to Sref,Cref,Bref about Xmom,Ymom,Zmom
 Standard axis orientation,  X fwd, Z down         

  Surface #44     nacelle_11_horizontal                   
     # chordwise =  6   # spanwise = 11     First strip =713
     Surface area = 0.11070           ave. chord = 0.41806    
     CLsurf  =   0.000139     Clsurf  =   0.000023
     CYsurf  =   0.000000     Cmsurf  =   0.000064
     CDsurf  =   0.000002     Cnsurf  =   0.000001
     CDisurf =   0.000002     CDvsurf =   0.000000

  Forces referred to Ssurf, Cave about hinge axis thru LE
     cl_surf =   0.076856     cd_surf =   0.000843

 Strip Forces referred to strip area, chord
    j    xLE         yLE         zLE         Chord       Area        Dihedral   c cl        ai_ff       cl           clj         cd          cdv         cm_c/4     c.p.x/c      Dcj
   713   10.59      -4.554       1.253      0.1459      0.3868E-02   0.000      0.1971E-01  0.8382E-01  0.1354       0.000     -0.4086E-02   0.000      0.6748E-02  0.2002       0.000    
   714   10.52      -4.528       1.253      0.3435      0.9104E-02   0.000      0.2913E-01  0.9263E-01  0.8492E-01   0.000     -0.5667E-04   0.000      0.7862E-02  0.1574       0.000    
   715   10.48      -4.501       1.253      0.4537      0.1198E-01   0.000      0.3493E-01  0.9517E-01  0.7705E-01   0.000      0.7756E-03   0.000      0.7575E-02  0.1517       0.000    
   716   10.45      -4.475       1.253      0.5401      0.1431E-01   0.000      0.3835E-01  0.9415E-01  0.7103E-01   0.000      0.1470E-02   0.000      0.7105E-02  0.1500       0.000    
   717   10.44      -4.455       1.253      0.5929      0.7855E-02   0.000      0.3948E-01  0.8703E-01  0.6657E-01   0.000      0.2180E-02   0.000      0.6772E-02  0.1483       0.000    
   718   10.44      -4.442       1.253      0.6214      0.8233E-02   0.000      0.3984E-01  0.6719E-01  0.6409E-01   0.000      0.2146E-02   0.000      0.6602E-02  0.1470       0.000    
   719   10.44      -4.422       1.253      0.6071      0.1609E-01   0.000      0.3957E-01  0.1166      0.6517E-01   0.000      0.1898E-02   0.000      0.6731E-02  0.1467       0.000    
   720   10.45      -4.395       1.253      0.5401      0.1431E-01   0.000      0.3770E-01  0.1015      0.6982E-01   0.000      0.1418E-02   0.000      0.7058E-02  0.1489       0.000    
   721   10.48      -4.369       1.253      0.4538      0.1198E-01   0.000      0.3418E-01  0.9688E-01  0.7539E-01   0.000      0.7573E-03   0.000      0.7480E-02  0.1508       0.000    
   722   10.52      -4.342       1.253      0.3436      0.9104E-02   0.000      0.2853E-01  0.9352E-01  0.8315E-01   0.000     -0.3402E-04   0.000      0.7739E-02  0.1569       0.000    
   723   10.59      -4.316       1.253      0.1459      0.3868E-02   0.000      0.1931E-01  0.8461E-01  0.1327       0.000     -0.3890E-02   0.000      0.6613E-02  0.2002       0.000    

 Surface forces referred to Sref,Cref,Bref about Xmom,Ymom,Zmom
 Standard axis orientation,  X fwd, Z down         

  Surface #45     nacelle_11_vertical                     
     # chordwise =  6   # spanwise = 11     First strip =724
     Surface area = 0.11070           ave. chord = 0.41806    
     CLsurf  =  -0.000000     Clsurf  =  -0.000000
     CYsurf  =   0.000003     Cmsurf  =  -0.000000
     CDsurf  =  -0.000000     Cnsurf  =   0.000000
     CDisurf =  -0.000000     CDvsurf =   0.000000

  Forces referred to Ssurf, Cave about hinge axis thru LE
     cl_surf =  -0.000004     cd_surf =  -0.000004

 Strip Forces referred to strip area, chord
    j    xLE         yLE         zLE         Chord       Area        Dihedral   c cl        ai_ff       cl           clj         cd          cdv         cm_c/4     c.p.x/c      Dcj
   724   10.59      -4.435       1.133      0.1459      0.3868E-02   90.00     -0.5020E-03 -0.8746E-02 -0.3439E-02   0.000     -0.1614E-04   0.000     -0.1442E-02 -0.1693       0.000    
   725   10.52      -4.435       1.160      0.3435      0.9104E-02   90.00     -0.1108E-02 -0.9629E-02 -0.3224E-02   0.000     -0.7245E-05   0.000     -0.7094E-03  0.2995E-01   0.000    
   726   10.48      -4.435       1.186      0.4537      0.1198E-01   90.00     -0.1745E-02 -0.1164E-01 -0.3847E-02   0.000     -0.8312E-05   0.000     -0.7395E-03  0.5774E-01   0.000    
   727   10.45      -4.435       1.213      0.5401      0.1431E-01   90.00     -0.2779E-02 -0.2507E-01 -0.5146E-02   0.000     -0.1071E-04   0.000     -0.9370E-03  0.6792E-01   0.000    
   728   10.44      -4.435       1.239      0.6071      0.1609E-01   90.00     -0.2701E-02 -0.2867E-01 -0.4449E-02   0.000     -0.3567E-05   0.000     -0.7768E-03  0.7541E-01   0.000    
   729   10.44      -4.435       1.259      0.6214      0.8233E-02   90.00     -0.6504E-03 -0.3387E-02 -0.1047E-02   0.000     -0.4892E-06   0.000     -0.1062E-04  0.2399       0.000    
   730   10.44      -4.435       1.272      0.5928      0.7855E-02   90.00      0.1137E-02  0.1777E-01  0.1917E-02   0.000      0.4864E-06   0.000      0.5132E-04  0.2232       0.000    
   731   10.45      -4.435       1.292      0.5401      0.1431E-01   90.00      0.1357E-02  0.5366E-02  0.2513E-02   0.000     -0.1144E-05   0.000      0.1421E-04  0.2443       0.000    
   732   10.48      -4.435       1.319      0.4537      0.1198E-01   90.00      0.3955E-03 -0.8075E-02  0.8716E-03   0.000     -0.1560E-06   0.000     -0.3594E-04  0.2912       0.000    
   733   10.52      -4.435       1.345      0.3436      0.9104E-02   90.00     -0.1068E-04 -0.1041E-01 -0.3109E-04   0.000     -0.7852E-07   0.000     -0.3329E-04 -0.8206       0.000    
   734   10.59      -4.435       1.372      0.1459      0.3868E-02   90.00     -0.1531E-03 -0.1565E-01 -0.1049E-02   0.000     -0.4726E-06   0.000      0.1215E-03  0.3658       0.000    

 Surface forces referred to Sref,Cref,Bref about Xmom,Ymom,Zmom
 Standard axis orientation,  X fwd, Z down         

  Surface #46     nacelle_12_horizontal                   
     # chordwise =  6   # spanwise = 11     First strip =735
     Surface area = 0.11070           ave. chord = 0.41806    
     CLsurf  =   0.000138     Clsurf  =   0.000028
     CYsurf  =  -0.000000     Cmsurf  =   0.000061
     CDsurf  =   0.000002     Cnsurf  =   0.000001
     CDisurf =   0.000002     CDvsurf =   0.000000

  Forces referred to Ssurf, Cave about hinge axis thru LE
     cl_surf =   0.076248     cd_surf =   0.000874

 Strip Forces referred to strip area, chord
    j    xLE         yLE         zLE         Chord       Area        Dihedral   c cl        ai_ff       cl           clj         cd          cdv         cm_c/4     c.p.x/c      Dcj
   735   10.65      -5.701       1.253      0.1459      0.3868E-02   0.000      0.1919E-01  0.8264E-01  0.1319       0.000     -0.3735E-02   0.000      0.6670E-02  0.1994       0.000    
   736   10.58      -5.674       1.253      0.3435      0.9104E-02   0.000      0.2825E-01  0.9092E-01  0.8235E-01   0.000      0.2475E-04   0.000      0.7767E-02  0.1557       0.000    
   737   10.54      -5.648       1.253      0.4537      0.1198E-01   0.000      0.3383E-01  0.9436E-01  0.7461E-01   0.000      0.7952E-03   0.000      0.7462E-02  0.1500       0.000    
   738   10.51      -5.621       1.253      0.5401      0.1431E-01   0.000      0.3731E-01  0.9904E-01  0.6910E-01   0.000      0.1438E-02   0.000      0.6990E-02  0.1488       0.000    
   739   10.50      -5.595       1.253      0.6071      0.1609E-01   0.000      0.3921E-01  0.1144      0.6457E-01   0.000      0.1903E-02   0.000      0.6638E-02  0.1472       0.000    
   740   10.49      -5.575       1.253      0.6214      0.8233E-02   0.000      0.3955E-01  0.6532E-01  0.6362E-01   0.000      0.2147E-02   0.000      0.6516E-02  0.1476       0.000    
   741   10.50      -5.562       1.253      0.5928      0.7855E-02   0.000      0.3926E-01  0.8575E-01  0.6619E-01   0.000      0.2188E-02   0.000      0.6691E-02  0.1489       0.000    
   742   10.51      -5.542       1.253      0.5401      0.1431E-01   0.000      0.3814E-01  0.9267E-01  0.7064E-01   0.000      0.1490E-02   0.000      0.7014E-02  0.1507       0.000    
   743   10.54      -5.515       1.253      0.4538      0.1198E-01   0.000      0.3472E-01  0.9345E-01  0.7658E-01   0.000      0.8054E-03   0.000      0.7474E-02  0.1524       0.000    
   744   10.58      -5.489       1.253      0.3436      0.9104E-02   0.000      0.2894E-01  0.9098E-01  0.8436E-01   0.000     -0.1599E-04   0.000      0.7749E-02  0.1581       0.000    
   745   10.65      -5.462       1.253      0.1459      0.3868E-02   0.000      0.1954E-01  0.8211E-01  0.1343       0.000     -0.3983E-02   0.000      0.6620E-02  0.2007       0.000    

 Surface forces referred to Sref,Cref,Bref about Xmom,Ymom,Zmom
 Standard axis orientation,  X fwd, Z down         

  Surface #47     nacelle_12_vertical                     
     # chordwise =  6   # spanwise = 11     First strip =746
     Surface area = 0.11070           ave. chord = 0.41806    
     CLsurf  =   0.000000     Clsurf  =   0.000000
     CYsurf  =   0.000000     Cmsurf  =   0.000000
     CDsurf  =  -0.000000     Cnsurf  =   0.000000
     CDisurf =  -0.000000     CDvsurf =   0.000000

  Forces referred to Ssurf, Cave about hinge axis thru LE
     cl_surf =   0.000001     cd_surf =  -0.000002

 Strip Forces referred to strip area, chord
    j    xLE         yLE         zLE         Chord       Area        Dihedral   c cl        ai_ff       cl           clj         cd          cdv         cm_c/4     c.p.x/c      Dcj
   746   10.65      -5.581       1.133      0.1459      0.3868E-02   90.00      0.2310E-03 -0.1213E-01  0.1583E-02   0.000     -0.2816E-05   0.000      0.6219E-03 -0.1429       0.000    
   747   10.58      -5.581       1.160      0.3435      0.9104E-02   90.00      0.5951E-03 -0.1166E-01  0.1732E-02   0.000     -0.1457E-05   0.000      0.3352E-03  0.5650E-01   0.000    
   748   10.54      -5.581       1.186      0.4537      0.1198E-01   90.00      0.1095E-02 -0.9892E-02  0.2413E-02   0.000     -0.2519E-05   0.000      0.4191E-03  0.7634E-01   0.000    
   749   10.51      -5.581       1.213      0.5401      0.1431E-01   90.00      0.2027E-02  0.3163E-02  0.3754E-02   0.000     -0.4545E-05   0.000      0.6458E-03  0.7797E-01   0.000    
   750   10.50      -5.581       1.239      0.6071      0.1609E-01   90.00      0.1865E-02  0.6120E-02  0.3072E-02   0.000     -0.6515E-06   0.000      0.5063E-03  0.8522E-01   0.000    
   751   10.49      -5.581       1.259      0.6214      0.8233E-02   90.00     -0.3821E-03 -0.1731E-01 -0.6150E-03   0.000      0.1030E-06   0.000     -0.4492E-04  0.1770       0.000    
   752   10.50      -5.581       1.272      0.5928      0.7855E-02   90.00     -0.2188E-02 -0.3907E-01 -0.3690E-02   0.000     -0.4721E-06   0.000     -0.1035E-03  0.2220       0.000    
   753   10.51      -5.581       1.292      0.5401      0.1431E-01   90.00     -0.2430E-02 -0.2715E-01 -0.4499E-02   0.000     -0.4873E-05   0.000     -0.4384E-04  0.2403       0.000    
   754   10.54      -5.581       1.319      0.4537      0.1198E-01   90.00     -0.1429E-02 -0.1409E-01 -0.3150E-02   0.000     -0.2977E-05   0.000      0.4464E-04  0.2642       0.000    
   755   10.58      -5.581       1.345      0.3436      0.9104E-02   90.00     -0.9046E-03 -0.1266E-01 -0.2633E-02   0.000     -0.2115E-05   0.000      0.1193E-03  0.2953       0.000    
   756   10.65      -5.581       1.372      0.1459      0.3868E-02   90.00     -0.5711E-03 -0.1814E-01 -0.3913E-02   0.000     -0.3740E-05   0.000      0.6318E-03  0.4115       0.000    

 Surface forces referred to Sref,Cref,Bref about Xmom,Ymom,Zmom
 Standard axis orientation,  X fwd, Z down         

  Surface #48     nacelle_13_horizontal                   
     # chordwise =  6   # spanwise = 11     First strip =757
     Surface area = 0.11071           ave. chord = 0.41807    
     CLsurf  =   0.000137     Clsurf  =   0.000034
     CYsurf  =   0.000000     Cmsurf  =   0.000057
     CDsurf  =   0.000002     Cnsurf  =   0.000001
     CDisurf =   0.000002     CDvsurf =   0.000000

  Forces referred to Ssurf, Cave about hinge axis thru LE
     cl_surf =   0.075569     cd_surf =   0.000908

 Strip Forces referred to strip area, chord
    j    xLE         yLE         zLE         Chord       Area        Dihedral   c cl        ai_ff       cl           clj         cd          cdv         cm_c/4     c.p.x/c      Dcj
   757   10.71      -6.847       1.253      0.1459      0.3868E-02   0.000      0.1939E-01  0.8049E-01  0.1332       0.000     -0.3811E-02   0.000      0.6584E-02  0.2006       0.000    
   758   10.63      -6.821       1.253      0.3435      0.9070E-02   0.000      0.2862E-01  0.8870E-01  0.8343E-01   0.000      0.4560E-04   0.000      0.7728E-02  0.1574       0.000    
   759   10.59      -6.794       1.253      0.4537      0.1202E-01   0.000      0.3433E-01  0.9121E-01  0.7573E-01   0.000      0.8522E-03   0.000      0.7446E-02  0.1517       0.000    
   760   10.57      -6.768       1.253      0.5401      0.1431E-01   0.000      0.3774E-01  0.9071E-01  0.6990E-01   0.000      0.1509E-02   0.000      0.6949E-02  0.1506       0.000    
   761   10.55      -6.748       1.253      0.5928      0.7855E-02 -0.9602E-12  0.3887E-01  0.8414E-01  0.6554E-01   0.000      0.2198E-02   0.000      0.6608E-02  0.1492       0.000    
   762   10.55      -6.735       1.253      0.6214      0.8233E-02  0.9602E-12  0.3919E-01  0.6449E-01  0.6305E-01   0.000      0.2137E-02   0.000      0.6431E-02  0.1480       0.000    
   763   10.55      -6.715       1.253      0.6071      0.1609E-01   0.000      0.3890E-01  0.1124      0.6406E-01   0.000      0.1912E-02   0.000      0.6550E-02  0.1477       0.000    
   764   10.57      -6.688       1.253      0.5401      0.1426E-01   0.000      0.3703E-01  0.9746E-01  0.6858E-01   0.000      0.1456E-02   0.000      0.6901E-02  0.1494       0.000    
   765   10.59      -6.662       1.253      0.4538      0.1202E-01   0.000      0.3358E-01  0.9286E-01  0.7407E-01   0.000      0.8326E-03   0.000      0.7374E-02  0.1505       0.000    
   766   10.63      -6.635       1.253      0.3436      0.9104E-02   0.000      0.2804E-01  0.8957E-01  0.8174E-01   0.000      0.6965E-04   0.000      0.7660E-02  0.1563       0.000    
   767   10.71      -6.609       1.253      0.1459      0.3868E-02   0.000      0.1904E-01  0.8128E-01  0.1308       0.000     -0.3614E-02   0.000      0.6570E-02  0.1998       0.000    

 Surface forces referred to Sref,Cref,Bref about Xmom,Ymom,Zmom
 Standard axis orientation,  X fwd, Z down         

  Surface #49     nacelle_13_vertical                     
     # chordwise =  6   # spanwise = 11     First strip =768
     Surface area = 0.11070           ave. chord = 0.41806    
     CLsurf  =  -0.000000     Clsurf  =  -0.000000
     CYsurf  =   0.000001     Cmsurf  =  -0.000000
     CDsurf  =  -0.000000     Cnsurf  =   0.000000
     CDisurf =  -0.000000     CDvsurf =   0.000000

  Forces referred to Ssurf, Cave about hinge axis thru LE
     cl_surf =  -0.000001     cd_surf =  -0.000002

 Strip Forces referred to strip area, chord
    j    xLE         yLE         zLE         Chord       Area        Dihedral   c cl        ai_ff       cl           clj         cd          cdv         cm_c/4     c.p.x/c      Dcj
   768   10.71      -6.728       1.133      0.1459      0.3868E-02   90.00     -0.2764E-03 -0.1221E-01 -0.1894E-02   0.000     -0.4535E-05   0.000     -0.7750E-03 -0.1592       0.000    
   769   10.63      -6.728       1.160      0.3435      0.9104E-02   90.00     -0.6864E-03 -0.1285E-01 -0.1998E-02   0.000     -0.2436E-05   0.000     -0.4213E-03  0.3915E-01   0.000    
   770   10.59      -6.728       1.186      0.4537      0.1198E-01   90.00     -0.1216E-02 -0.1474E-01 -0.2680E-02   0.000     -0.3705E-05   0.000     -0.5019E-03  0.6273E-01   0.000    
   771   10.57      -6.728       1.213      0.5401      0.1431E-01   90.00     -0.2172E-02 -0.2782E-01 -0.4022E-02   0.000     -0.6081E-05   0.000     -0.7251E-03  0.6971E-01   0.000    
   772   10.55      -6.728       1.239      0.6071      0.1609E-01   90.00     -0.2056E-02 -0.3119E-01 -0.3387E-02   0.000     -0.1423E-05   0.000     -0.5912E-03  0.7544E-01   0.000    
   773   10.55      -6.728       1.259      0.6214      0.8233E-02   90.00      0.7860E-04 -0.7215E-02  0.1265E-03   0.000      0.5321E-07   0.000      0.1165E-04  0.1579       0.000    
   774   10.55      -6.728       1.272      0.5928      0.7855E-02   90.00      0.1830E-02  0.1384E-01  0.3086E-02   0.000      0.1246E-06   0.000      0.7127E-04  0.2269       0.000    
   775   10.57      -6.728       1.292      0.5401      0.1431E-01   90.00      0.2033E-02  0.1668E-02  0.3764E-02   0.000     -0.3003E-05   0.000      0.2422E-04  0.2436       0.000    
   776   10.59      -6.728       1.319      0.4537      0.1198E-01   90.00      0.1034E-02 -0.1162E-01  0.2279E-02   0.000     -0.1319E-05   0.000     -0.4669E-04  0.2705       0.000    
   777   10.63      -6.728       1.345      0.3436      0.9104E-02   90.00      0.5406E-03 -0.1456E-01  0.1574E-02   0.000     -0.5564E-06   0.000     -0.9073E-04  0.3077       0.000    
   778   10.71      -6.728       1.372      0.1459      0.3868E-02   90.00      0.2684E-03 -0.2548E-01  0.1839E-02   0.000     -0.6556E-06   0.000     -0.3257E-03  0.4271       0.000    

 Surface forces referred to Sref,Cref,Bref about Xmom,Ymom,Zmom
 Standard axis orientation,  X fwd, Z down         

  Surface #50     nacelle_14_horizontal                   
     # chordwise =  6   # spanwise = 11     First strip =779
     Surface area = 0.11071           ave. chord = 0.41807    
     CLsurf  =   0.000135     Clsurf  =   0.000039
     CYsurf  =   0.000000     Cmsurf  =   0.000053
     CDsurf  =   0.000002     Cnsurf  =   0.000002
     CDisurf =   0.000002     CDvsurf =   0.000000

  Forces referred to Ssurf, Cave about hinge axis thru LE
     cl_surf =   0.074707     cd_surf =   0.000948

 Strip Forces referred to strip area, chord
    j    xLE         yLE         zLE         Chord       Area        Dihedral   c cl        ai_ff       cl           clj         cd          cdv         cm_c/4     c.p.x/c      Dcj
   779   10.76      -7.994       1.253      0.1459      0.3868E-02   0.000      0.1918E-01  0.7954E-01  0.1318       0.000     -0.3620E-02   0.000      0.6472E-02  0.2009       0.000    
   780   10.69      -7.967       1.253      0.3435      0.9070E-02   0.000      0.2830E-01  0.8742E-01  0.8247E-01   0.000      0.1163E-03   0.000      0.7643E-02  0.1573       0.000    
   781   10.65      -7.941       1.253      0.4537      0.1202E-01   0.000      0.3393E-01  0.8980E-01  0.7483E-01   0.000      0.8947E-03   0.000      0.7362E-02  0.1516       0.000    
   782   10.62      -7.914       1.253      0.5401      0.1431E-01   0.000      0.3731E-01  0.8941E-01  0.6909E-01   0.000      0.1532E-02   0.000      0.6862E-02  0.1507       0.000    
   783   10.61      -7.894       1.253      0.5929      0.7855E-02   0.000      0.3843E-01  0.8306E-01  0.6479E-01   0.000      0.2189E-02   0.000      0.6515E-02  0.1495       0.000    
   784   10.61      -7.881       1.253      0.6214      0.8233E-02   0.000      0.3875E-01  0.6365E-01  0.6234E-01   0.000      0.2141E-02   0.000      0.6333E-02  0.1484       0.000    
   785   10.61      -7.861       1.253      0.6071      0.1609E-01   0.000      0.3845E-01  0.1109      0.6332E-01   0.000      0.1916E-02   0.000      0.6451E-02  0.1481       0.000    
   786   10.62      -7.835       1.253      0.5401      0.1426E-01   0.000      0.3660E-01  0.9595E-01  0.6778E-01   0.000      0.1480E-02   0.000      0.6815E-02  0.1495       0.000    
   787   10.65      -7.808       1.253      0.4538      0.1202E-01   0.000      0.3319E-01  0.9137E-01  0.7320E-01   0.000      0.8736E-03   0.000      0.7298E-02  0.1503       0.000    
   788   10.69      -7.782       1.253      0.3436      0.9104E-02   0.000      0.2773E-01  0.8820E-01  0.8082E-01   0.000      0.1359E-03   0.000      0.7590E-02  0.1561       0.000    
   789   10.76      -7.755       1.253      0.1459      0.3868E-02   0.000      0.1885E-01  0.8025E-01  0.1295       0.000     -0.3437E-02   0.000      0.6489E-02  0.1999       0.000    

 Surface forces referred to Sref,Cref,Bref about Xmom,Ymom,Zmom
 Standard axis orientation,  X fwd, Z down         

  Surface #51     nacelle_14_vertical                     
     # chordwise =  6   # spanwise = 11     First strip =790
     Surface area = 0.11070           ave. chord = 0.41806    
     CLsurf  =  -0.000000     Clsurf  =  -0.000000
     CYsurf  =   0.000000     Cmsurf  =  -0.000000
     CDsurf  =  -0.000000     Cnsurf  =   0.000000
     CDisurf =  -0.000000     CDvsurf =   0.000000

  Forces referred to Ssurf, Cave about hinge axis thru LE
     cl_surf =  -0.000000     cd_surf =  -0.000002

 Strip Forces referred to strip area, chord
    j    xLE         yLE         zLE         Chord       Area        Dihedral   c cl        ai_ff       cl           clj         cd          cdv         cm_c/4     c.p.x/c      Dcj
   790   10.76      -7.874       1.133      0.1459      0.3868E-02   90.00     -0.2318E-03 -0.1302E-01 -0.1588E-02   0.000     -0.3109E-05   0.000     -0.6449E-03 -0.1561       0.000    
   791   10.69      -7.874       1.160      0.3435      0.9104E-02   90.00     -0.6014E-03 -0.1358E-01 -0.1750E-02   0.000     -0.1807E-05   0.000     -0.3676E-03  0.4002E-01   0.000    
   792   10.65      -7.874       1.186      0.4537      0.1198E-01   90.00     -0.1107E-02 -0.1543E-01 -0.2441E-02   0.000     -0.3030E-05   0.000     -0.4572E-03  0.6266E-01   0.000    
   793   10.62      -7.874       1.213      0.5401      0.1431E-01   90.00     -0.2042E-02 -0.2833E-01 -0.3780E-02   0.000     -0.5285E-05   0.000     -0.6854E-03  0.6868E-01   0.000    
   794   10.61      -7.874       1.239      0.6071      0.1609E-01   90.00     -0.1921E-02 -0.3162E-01 -0.3164E-02   0.000     -0.1152E-05   0.000     -0.5561E-03  0.7426E-01   0.000    
   795   10.61      -7.874       1.259      0.6214      0.8233E-02   90.00      0.2104E-03 -0.8032E-02  0.3386E-03   0.000      0.7607E-07   0.000      0.1140E-04  0.2163       0.000    
   796   10.61      -7.874       1.272      0.5928      0.7855E-02   90.00      0.1939E-02  0.1282E-01  0.3271E-02   0.000     -0.9987E-08   0.000      0.7034E-04  0.2285       0.000    
   797   10.62      -7.874       1.292      0.5401      0.1431E-01   90.00      0.2137E-02  0.7901E-03  0.3956E-02   0.000     -0.3323E-05   0.000      0.2121E-04  0.2446       0.000    
   798   10.65      -7.874       1.319      0.4537      0.1198E-01   90.00      0.1137E-02 -0.1239E-01  0.2506E-02   0.000     -0.1614E-05   0.000     -0.5180E-04  0.2707       0.000    
   799   10.69      -7.874       1.345      0.3436      0.9104E-02   90.00      0.6303E-03 -0.1550E-01  0.1835E-02   0.000     -0.8020E-06   0.000     -0.1033E-03  0.3063       0.000    
   800   10.76      -7.874       1.372      0.1459      0.3868E-02   90.00      0.3357E-03 -0.2845E-01  0.2300E-02   0.000     -0.1088E-05   0.000     -0.3982E-03  0.4231       0.000    

 Surface forces referred to Sref,Cref,Bref about Xmom,Ymom,Zmom
 Standard axis orientation,  X fwd, Z down         

  Surface #52     nacelle_15_horizontal                   
     # chordwise =  6   # spanwise = 11     First strip =801
     Surface area = 0.11072           ave. chord = 0.41812    
     CLsurf  =   0.000133     Clsurf  =   0.000044
     CYsurf  =   0.000000     Cmsurf  =   0.000049
     CDsurf  =   0.000002     Cnsurf  =   0.000002
     CDisurf =   0.000002     CDvsurf =   0.000000

  Forces referred to Ssurf, Cave about hinge axis thru LE
     cl_surf =   0.073444     cd_surf =   0.000998

 Strip Forces referred to strip area, chord
    j    xLE         yLE         zLE         Chord       Area        Dihedral   c cl        ai_ff       cl           clj         cd          cdv         cm_c/4     c.p.x/c      Dcj
   801   10.82      -9.140       1.253      0.1459      0.3853E-02   0.000      0.1885E-01  0.7889E-01  0.1295       0.000     -0.3360E-02   0.000      0.6302E-02  0.2013       0.000    
   802   10.74      -9.114       1.253      0.3435      0.9104E-02   0.000      0.2781E-01  0.8648E-01  0.8105E-01   0.000      0.2154E-03   0.000      0.7512E-02  0.1573       0.000    
   803   10.71      -9.087       1.253      0.4537      0.1202E-01   0.000      0.3334E-01  0.8866E-01  0.7353E-01   0.000      0.9494E-03   0.000      0.7245E-02  0.1515       0.000    
   804   10.68      -9.061       1.253      0.5401      0.1431E-01   0.000      0.3666E-01  0.8833E-01  0.6789E-01   0.000      0.1556E-02   0.000      0.6745E-02  0.1506       0.000    
   805   10.67      -9.041       1.253      0.5928      0.7855E-02 -0.9602E-12  0.3777E-01  0.8221E-01  0.6369E-01   0.000      0.2183E-02   0.000      0.6395E-02  0.1496       0.000    
   806   10.66      -9.028       1.253      0.6214      0.8233E-02  0.9602E-12  0.3809E-01  0.6316E-01  0.6128E-01   0.000      0.2130E-02   0.000      0.6211E-02  0.1486       0.000    
   807   10.66      -9.008       1.253      0.6071      0.1603E-01   0.000      0.3780E-01  0.1095      0.6224E-01   0.000      0.1918E-02   0.000      0.6328E-02  0.1483       0.000    
   808   10.68      -8.981       1.253      0.5401      0.1431E-01   0.000      0.3598E-01  0.9471E-01  0.6663E-01   0.000      0.1505E-02   0.000      0.6701E-02  0.1494       0.000    
   809   10.71      -8.955       1.253      0.4538      0.1202E-01   0.000      0.3264E-01  0.9021E-01  0.7198E-01   0.000      0.9269E-03   0.000      0.7186E-02  0.1502       0.000    
   810   10.74      -8.928       1.253      0.3436      0.9104E-02   0.000      0.2729E-01  0.8724E-01  0.7952E-01   0.000      0.2250E-03   0.000      0.7469E-02  0.1561       0.000    
   811   10.82      -8.902       1.253      0.1459      0.3868E-02   0.000      0.1857E-01  0.7964E-01  0.1276       0.000     -0.3189E-02   0.000      0.6354E-02  0.2002       0.000    

 Surface forces referred to Sref,Cref,Bref about Xmom,Ymom,Zmom
 Standard axis orientation,  X fwd, Z down         

  Surface #53     nacelle_15_vertical                     
     # chordwise =  6   # spanwise = 11     First strip =812
     Surface area = 0.11070           ave. chord = 0.41806    
     CLsurf  =  -0.000000     Clsurf  =  -0.000000
     CYsurf  =  -0.000000     Cmsurf  =   0.000000
     CDsurf  =  -0.000000     Cnsurf  =   0.000000
     CDisurf =  -0.000000     CDvsurf =   0.000000

  Forces referred to Ssurf, Cave about hinge axis thru LE
     cl_surf =  -0.000000     cd_surf =  -0.000002

 Strip Forces referred to strip area, chord
    j    xLE         yLE         zLE         Chord       Area        Dihedral   c cl        ai_ff       cl           clj         cd          cdv         cm_c/4     c.p.x/c      Dcj
   812   10.82      -9.021       1.133      0.1459      0.3868E-02   90.00     -0.1953E-03 -0.1419E-01 -0.1338E-02   0.000     -0.2161E-05   0.000     -0.5405E-03 -0.1539       0.000    
   813   10.74      -9.021       1.160      0.3435      0.9104E-02   90.00     -0.5310E-03 -0.1468E-01 -0.1546E-02   0.000     -0.1379E-05   0.000     -0.3266E-03  0.3868E-01   0.000    
   814   10.71      -9.021       1.186      0.4537      0.1198E-01   90.00     -0.1016E-02 -0.1648E-01 -0.2239E-02   0.000     -0.2543E-05   0.000     -0.4242E-03  0.6053E-01   0.000    
   815   10.68      -9.021       1.213      0.5401      0.1431E-01   90.00     -0.1929E-02 -0.2917E-01 -0.3572E-02   0.000     -0.4688E-05   0.000     -0.6543E-03  0.6682E-01   0.000    
   816   10.66      -9.021       1.239      0.6071      0.1609E-01   90.00     -0.1808E-02 -0.3241E-01 -0.2979E-02   0.000     -0.9406E-06   0.000     -0.5309E-03  0.7178E-01   0.000    
   817   10.66      -9.021       1.259      0.6214      0.8233E-02   90.00      0.3025E-03 -0.9166E-02  0.4868E-03   0.000      0.7609E-07   0.000      0.8195E-05  0.2332       0.000    
   818   10.67      -9.021       1.272      0.5928      0.7855E-02   90.00      0.2000E-02  0.1135E-01  0.3374E-02   0.000     -0.9355E-07   0.000      0.6619E-04  0.2304       0.000    
   819   10.68      -9.021       1.292      0.5401      0.1431E-01   90.00      0.2189E-02 -0.5142E-03  0.4054E-02   0.000     -0.3478E-05   0.000      0.1703E-04  0.2458       0.000    
   820   10.71      -9.021       1.319      0.4537      0.1198E-01   90.00      0.1194E-02 -0.1353E-01  0.2632E-02   0.000     -0.1780E-05   0.000     -0.5683E-04  0.2716       0.000    
   821   10.74      -9.021       1.345      0.3436      0.9104E-02   90.00      0.6803E-03 -0.1685E-01  0.1980E-02   0.000     -0.9540E-06   0.000     -0.1119E-03  0.3065       0.000    
   822   10.82      -9.021       1.372      0.1459      0.3868E-02   90.00      0.3721E-03 -0.3213E-01  0.2550E-02   0.000     -0.1363E-05   0.000     -0.4372E-03  0.4215       0.000    

 Surface forces referred to Sref,Cref,Bref about Xmom,Ymom,Zmom
 Standard axis orientation,  X fwd, Z down         

  Surface #54     nacelle_16_horizontal                   
     # chordwise =  6   # spanwise = 11     First strip =823
     Surface area = 0.11072           ave. chord = 0.41812    
     CLsurf  =   0.000133     Clsurf  =   0.000050
     CYsurf  =  -0.000000     Cmsurf  =   0.000045
     CDsurf  =   0.000002     Cnsurf  =   0.000002
     CDisurf =   0.000002     CDvsurf =   0.000000

  Forces referred to Ssurf, Cave about hinge axis thru LE
     cl_surf =   0.073322     cd_surf =   0.001197

 Strip Forces referred to strip area, chord
    j    xLE         yLE         zLE         Chord       Area        Dihedral   c cl        ai_ff       cl           clj         cd          cdv         cm_c/4     c.p.x/c      Dcj
   823   10.88      -10.29       1.253      0.1459      0.3853E-02   0.000      0.1834E-01  0.8040E-01  0.1260       0.000     -0.2577E-02   0.000      0.5443E-02  0.2068       0.000    
   824   10.80      -10.26       1.253      0.3435      0.9104E-02   0.000      0.2726E-01  0.9099E-01  0.7941E-01   0.000      0.5561E-03   0.000      0.6428E-02  0.1691       0.000    
   825   10.76      -10.23       1.253      0.4537      0.1202E-01   0.000      0.3260E-01  0.9334E-01  0.7189E-01   0.000      0.1157E-02   0.000      0.6334E-02  0.1619       0.000    
   826   10.74      -10.21       1.253      0.5401      0.1431E-01   0.000      0.3589E-01  0.9714E-01  0.6646E-01   0.000      0.1655E-02   0.000      0.6039E-02  0.1591       0.000    
   827   10.72      -10.18       1.253      0.6071      0.1609E-01   0.000      0.3769E-01  0.1117      0.6206E-01   0.000      0.1998E-02   0.000      0.5779E-02  0.1569       0.000    
   828   10.72      -10.16       1.253      0.6214      0.8202E-02   0.000      0.3798E-01  0.6263E-01  0.6109E-01   0.000      0.2169E-02   0.000      0.5679E-02  0.1571       0.000    
   829   10.72      -10.15       1.253      0.5928      0.7826E-02   0.000      0.3767E-01  0.8172E-01  0.6352E-01   0.000      0.2264E-02   0.000      0.5831E-02  0.1582       0.000    
   830   10.74      -10.13       1.253      0.5401      0.1431E-01   0.000      0.3664E-01  0.8816E-01  0.6783E-01   0.000      0.1702E-02   0.000      0.6105E-02  0.1600       0.000    
   831   10.76      -10.10       1.253      0.4538      0.1202E-01   0.000      0.3344E-01  0.8906E-01  0.7373E-01   0.000      0.1167E-02   0.000      0.6437E-02  0.1627       0.000    
   832   10.80      -10.07       1.253      0.3436      0.9104E-02   0.000      0.2794E-01  0.8712E-01  0.8141E-01   0.000      0.5149E-03   0.000      0.6545E-02  0.1696       0.000    
   833   10.88      -10.05       1.253      0.1459      0.3868E-02   0.000      0.1878E-01  0.7635E-01  0.1290       0.000     -0.2811E-02   0.000      0.5553E-02  0.2070       0.000    

 Surface forces referred to Sref,Cref,Bref about Xmom,Ymom,Zmom
 Standard axis orientation,  X fwd, Z down         

  Surface #55     nacelle_16_vertical                     
     # chordwise =  6   # spanwise = 11     First strip =834
     Surface area = 0.11070           ave. chord = 0.41806    
     CLsurf  =  -0.000000     Clsurf  =   0.000000
     CYsurf  =  -0.000002     Cmsurf  =  -0.000000
     CDsurf  =  -0.000000     Cnsurf  =  -0.000000
     CDisurf =  -0.000000     CDvsurf =   0.000000

  Forces referred to Ssurf, Cave about hinge axis thru LE
     cl_surf =  -0.000002     cd_surf =  -0.000003

 Strip Forces referred to strip area, chord
    j    xLE         yLE         zLE         Chord       Area        Dihedral   c cl        ai_ff       cl           clj         cd          cdv         cm_c/4     c.p.x/c      Dcj
   834   10.88      -10.17       1.133      0.1459      0.3868E-02   90.00      0.4561E-03 -0.1708E-01  0.3125E-02   0.000     -0.1187E-04   0.000      0.1238E-02 -0.1462       0.000    
   835   10.80      -10.17       1.160      0.3435      0.9104E-02   90.00      0.1027E-02 -0.1583E-01  0.2989E-02   0.000     -0.4490E-05   0.000      0.5149E-03  0.7774E-01   0.000    
   836   10.76      -10.17       1.186      0.4537      0.1198E-01   90.00      0.1614E-02 -0.1371E-01  0.3558E-02   0.000     -0.4952E-05   0.000      0.5116E-03  0.1062       0.000    
   837   10.74      -10.17       1.213      0.5401      0.1431E-01   90.00      0.2567E-02 -0.7878E-03  0.4753E-02   0.000     -0.6446E-05   0.000      0.6734E-03  0.1083       0.000    
   838   10.72      -10.17       1.239      0.6071      0.1609E-01   90.00      0.2449E-02  0.2878E-02  0.4034E-02   0.000     -0.1629E-05   0.000      0.5250E-03  0.1199       0.000    
   839   10.72      -10.17       1.259      0.6214      0.8233E-02   90.00      0.3557E-03 -0.2020E-01  0.5724E-03   0.000      0.6051E-08   0.000     -0.1099E-03  0.4421       0.000    
   840   10.72      -10.17       1.272      0.5928      0.7855E-02   90.00     -0.1410E-02 -0.4057E-01 -0.2378E-02   0.000      0.1522E-06   0.000     -0.1416E-03  0.1904       0.000    
   841   10.74      -10.17       1.292      0.5401      0.1431E-01   90.00     -0.1680E-02 -0.2822E-01 -0.3110E-02   0.000     -0.2359E-05   0.000     -0.9053E-04  0.2209       0.000    
   842   10.76      -10.17       1.319      0.4537      0.1198E-01   90.00     -0.8153E-03 -0.1430E-01 -0.1797E-02   0.000     -0.1051E-05   0.000     -0.2816E-04  0.2343       0.000    
   843   10.80      -10.17       1.345      0.3436      0.9104E-02   90.00     -0.4353E-03 -0.1003E-01 -0.1267E-02   0.000     -0.4990E-06   0.000      0.2193E-04  0.2673       0.000    
   844   10.88      -10.17       1.372      0.1459      0.3868E-02   90.00     -0.2527E-03 -0.5182E-02 -0.1731E-02   0.000     -0.7169E-06   0.000      0.2692E-03  0.4055       0.000    
