 ---------------------------------------------------------------
Surface and Strip forces by surface

 Surface forces referred to Sref,Cref,Bref about Xmom,Ymom,Zmom
 Standard axis orientation,  X fwd, Z down         

  Surface # 1     main_wing_1                             
     # chordwise = 10   # spanwise = 20     First strip =  1
     Surface area =  7.4148           ave. chord =  2.7261    
     CLsurf  =   0.037395     Clsurf  =  -0.001958
     CYsurf  =  -0.000008     Cmsurf  =  -0.023339
     CDsurf  =   0.000871     Cnsurf  =  -0.000043
     CDisurf =   0.000398     CDvsurf =   0.000000

  Forces referred to Ssurf, Cave about hinge axis thru LE
     cl_surf =   0.314370     cd_surf =   0.007321

 Strip Forces referred to strip area, chord
    j    xLE         yLE         zLE         Chord       Area        Dihedral   c cl        ai_ff       cl           clj         cd          cdv         cm_c/4     c.p.x/c      Dcj
     1   12.51      0.4298E-02   1.385       2.731      0.4687E-01   0.000      0.7676      0.1644E-01  0.2813       0.000      0.3607E-02   0.000     -0.3938E-02  0.2640       0.000    
     2   12.51      0.3852E-01   1.385       2.731      0.1395       0.000      0.7677      0.1685E-01  0.2813       0.000      0.3605E-02   0.000     -0.3935E-02  0.2640       0.000    
     3   12.51      0.1061       1.385       2.731      0.2286      0.1520E-12  0.7679      0.1689E-01  0.2814       0.000      0.3592E-02   0.000     -0.3908E-02  0.2639       0.000    
     4   12.51      0.2054       1.385       2.731      0.3121     -0.1113E-12  0.7686      0.1690E-01  0.2817       0.000      0.3551E-02   0.000     -0.3821E-02  0.2636       0.000    
     5   12.51      0.3340       1.385       2.731      0.3880      0.8954E-13  0.7701      0.1688E-01  0.2822       0.000      0.3459E-02   0.000     -0.3625E-02  0.2628       0.000    
     6   12.51      0.4887       1.385       2.731      0.4543     -0.7647E-13  0.7729      0.1684E-01  0.2833       0.000      0.3287E-02   0.000     -0.3268E-02  0.2615       0.000    
     7   12.51      0.6657       1.385       2.731      0.5094       0.000      0.7772      0.1671E-01  0.2849       0.000      0.3000E-02   0.000     -0.2706E-02  0.2595       0.000    
     8   12.51      0.8607       1.385       2.731      0.5519       0.000      0.7832      0.1638E-01  0.2871       0.000      0.2554E-02   0.000     -0.1918E-02  0.2567       0.000    
     9   12.51       1.069       1.385       2.731      0.5809       0.000      0.7905      0.1563E-01  0.2898       0.000      0.1879E-02   0.000     -0.9070E-03  0.2531       0.000    
    10   12.51       1.285       1.385       2.731      0.5955       0.000      0.7988      0.1379E-01  0.2929       0.000      0.7722E-03   0.000      0.3122E-03  0.2489       0.000    
    11   12.51       1.504       1.385       2.731      0.5955       0.000      0.8073      0.7601E-02  0.2961       0.000     -0.1714E-02   0.000      0.1751E-02  0.2441       0.000    
    12   12.51       1.662       1.385       2.730      0.2678       0.000      0.8136     -0.3202E-01  0.2992       0.000     -0.1332E-01   0.000      0.3260E-02  0.2391       0.000    
    13   12.51       1.819       1.385       2.727      0.5838     -0.5941E-13  0.5914      0.4282E-01  0.3648      0.1482      0.2362E-01   0.000      0.2098E-01  0.1925       1.247    
    14   12.51       2.026       1.385       2.722      0.5380       0.000      0.5683      0.4075E-01  0.3643      0.1558      0.2231E-01   0.000      0.2152E-01  0.1909       1.248    
    15   12.51       2.213       1.385       2.719      0.4791      0.7219E-13  0.5678      0.4006E-01  0.3667      0.1581      0.2249E-01   0.000      0.2229E-01  0.1892       1.250    
    16   12.51       2.377       1.385       2.715      0.4087       0.000      0.5825      0.4145E-01  0.3716      0.1574      0.2363E-01   0.000      0.2330E-01  0.1873       1.252    
    17   12.52       2.513       1.385       2.713      0.3285       0.000      0.6197      0.4427E-01  0.3731      0.1450      0.2781E-01   0.000      0.2321E-01  0.1878       1.253    
    18   12.52       2.615       1.385       2.711      0.2239       0.000      0.8381     -0.3828E-01  0.3106       0.000     -0.1919E-01   0.000      0.6741E-02  0.2283       0.000    
    19   12.52       2.682       1.385       2.709      0.1365       0.000      0.8387     -0.1264E-01  0.3106       0.000     -0.1175E-01   0.000      0.6643E-02  0.2286       0.000    
    20   12.52       2.716       1.385       2.709      0.4587E-01   0.000      0.8390     -0.1059E-01  0.3107       0.000     -0.1130E-01   0.000      0.6663E-02  0.2286       0.000    

 Surface forces referred to Sref,Cref,Bref about Xmom,Ymom,Zmom
 Standard axis orientation,  X fwd, Z down         

  Surface # 2     main_wing_1 (YDUP)                      
     # chordwise = 10   # spanwise = 20     First strip = 21
     Surface area =  7.4148           ave. chord =  2.7261    
     CLsurf  =   0.037363     Clsurf  =   0.001956
     CYsurf  =   0.000008     Cmsurf  =  -0.023324
     CDsurf  =   0.000869     Cnsurf  =   0.000043
     CDisurf =   0.000398     CDvsurf =   0.000000

  Forces referred to Ssurf, Cave about hinge axis thru LE
     cl_surf =   0.314102     cd_surf =   0.007309

 Strip Forces referred to strip area, chord
    j    xLE         yLE         zLE         Chord       Area        Dihedral   c cl        ai_ff       cl           clj         cd          cdv         cm_c/4     c.p.x/c      Dcj
    21   12.51     -0.4298E-02   1.385       2.731      0.4687E-01   0.000      0.7676      0.1737E-01  0.2813       0.000      0.3607E-02   0.000     -0.3938E-02  0.2640       0.000    
    22   12.51     -0.3852E-01   1.385       2.731      0.1395       0.000      0.7677      0.1696E-01  0.2813       0.000      0.3605E-02   0.000     -0.3935E-02  0.2640       0.000    
    23   12.51     -0.1061       1.385       2.731      0.2286     -0.1520E-12  0.7679      0.1692E-01  0.2814       0.000      0.3592E-02   0.000     -0.3908E-02  0.2639       0.000    
    24   12.51     -0.2054       1.385       2.731      0.3121      0.1113E-12  0.7685      0.1691E-01  0.2817       0.000      0.3552E-02   0.000     -0.3820E-02  0.2636       0.000    
    25   12.51     -0.3340       1.385       2.731      0.3880     -0.8954E-13  0.7701      0.1689E-01  0.2822       0.000      0.3459E-02   0.000     -0.3623E-02  0.2628       0.000    
    26   12.51     -0.4887       1.385       2.731      0.4543      0.7647E-13  0.7728      0.1684E-01  0.2832       0.000      0.3287E-02   0.000     -0.3265E-02  0.2615       0.000    
    27   12.51     -0.6657       1.385       2.731      0.5094       0.000      0.7772      0.1671E-01  0.2848       0.000      0.2999E-02   0.000     -0.2703E-02  0.2595       0.000    
    28   12.51     -0.8607       1.385       2.731      0.5519       0.000      0.7831      0.1639E-01  0.2870       0.000      0.2553E-02   0.000     -0.1915E-02  0.2567       0.000    
    29   12.51      -1.069       1.385       2.731      0.5809       0.000      0.7904      0.1563E-01  0.2898       0.000      0.1877E-02   0.000     -0.9037E-03  0.2531       0.000    
    30   12.51      -1.285       1.385       2.731      0.5955       0.000      0.7986      0.1379E-01  0.2928       0.000      0.7718E-03   0.000      0.3131E-03  0.2489       0.000    
    31   12.51      -1.504       1.385       2.731      0.5955       0.000      0.8069      0.7608E-02  0.2960       0.000     -0.1707E-02   0.000      0.1744E-02  0.2441       0.000    
    32   12.51      -1.662       1.385       2.730      0.2678       0.000      0.8130     -0.3201E-01  0.2989       0.000     -0.1325E-01   0.000      0.3232E-02  0.2392       0.000    
    33   12.51      -1.819       1.385       2.727      0.5838      0.5941E-13  0.5909      0.4282E-01  0.3644      0.1480      0.2359E-01   0.000      0.2091E-01  0.1926       1.247    
    34   12.51      -2.026       1.385       2.722      0.5380       0.000      0.5677      0.4080E-01  0.3629      0.1546      0.2223E-01   0.000      0.2121E-01  0.1916       1.248    
    35   12.51      -2.213       1.385       2.719      0.4791     -0.7219E-13  0.5672      0.3984E-01  0.3656      0.1573      0.2243E-01   0.000      0.2206E-01  0.1897       1.250    
    36   12.51      -2.377       1.385       2.715      0.4087       0.000      0.5821      0.4144E-01  0.3713      0.1572      0.2360E-01   0.000      0.2324E-01  0.1874       1.252    
    37   12.52      -2.513       1.385       2.713      0.3285       0.000      0.6194      0.4427E-01  0.3730      0.1450      0.2780E-01   0.000      0.2320E-01  0.1878       1.253    
    38   12.52      -2.615       1.385       2.711      0.2239       0.000      0.8380     -0.3826E-01  0.3106       0.000     -0.1920E-01   0.000      0.6748E-02  0.2283       0.000    
    39   12.52      -2.682       1.385       2.709      0.1365       0.000      0.8386     -0.1263E-01  0.3106       0.000     -0.1176E-01   0.000      0.6653E-02  0.2286       0.000    
    40   12.52      -2.716       1.385       2.709      0.4587E-01   0.000      0.8389     -0.1058E-01  0.3107       0.000     -0.1132E-01   0.000      0.6674E-02  0.2285       0.000    

 Surface forces referred to Sref,Cref,Bref about Xmom,Ymom,Zmom
 Standard axis orientation,  X fwd, Z down         

  Surface # 3     main_wing_2                             
     # chordwise = 10   # spanwise = 20     First strip = 41
     Surface area =  3.1271           ave. chord =  2.6972    
     CLsurf  =   0.018006     Clsurf  =  -0.002174
     CYsurf  =  -0.000008     Cmsurf  =  -0.010539
     CDsurf  =   0.000710     Cnsurf  =  -0.000027
     CDisurf =   0.000187     CDvsurf =   0.000000

  Forces referred to Ssurf, Cave about hinge axis thru LE
     cl_surf =   0.358926     cd_surf =   0.014156

 Strip Forces referred to strip area, chord
    j    xLE         yLE         zLE         Chord       Area        Dihedral   c cl        ai_ff       cl           clj         cd          cdv         cm_c/4     c.p.x/c      Dcj
    41   12.52       2.721       1.385       2.709      0.1707E-01   0.000      0.8390     -0.1056E-01  0.3108       0.000     -0.1133E-01   0.000      0.6667E-02  0.2285       0.000    
    42   12.52       2.734       1.385       2.708      0.5078E-01   0.000      0.8391     -0.1078E-01  0.3108       0.000     -0.1128E-01   0.000      0.6686E-02  0.2285       0.000    
    43   12.52       2.759       1.385       2.708      0.8322E-01   0.000      0.8393     -0.1250E-01  0.3110       0.000     -0.1183E-01   0.000      0.6739E-02  0.2283       0.000    
    44   12.52       2.795       1.385       2.707      0.1136       0.000      0.8396     -0.1965E-01  0.3113       0.000     -0.1409E-01   0.000      0.6863E-02  0.2280       0.000    
    45   12.52       2.843       1.385       2.706      0.1411       0.000      0.8400     -0.6262E-01  0.3123       0.000     -0.2841E-01   0.000      0.7120E-02  0.2272       0.000    
    46   12.52       2.905       1.385       2.705      0.1962       0.000      0.6395      0.4544E-01  0.3751      0.1391      0.3241E-01   0.000      0.2361E-01  0.1871       1.256    
    47   12.52       2.982       1.385       2.703      0.2199       0.000      0.6020      0.4272E-01  0.3757      0.1533      0.2569E-01   0.000      0.2404E-01  0.1860       1.257    
    48   12.52       3.067       1.385       2.702      0.2381      0.1444E-12  0.5835      0.4111E-01  0.3754      0.1597      0.2405E-01   0.000      0.2425E-01  0.1854       1.258    
    49   12.52       3.158       1.385       2.700      0.2504     -0.1372E-12  0.5732      0.4019E-01  0.3740      0.1620      0.2334E-01   0.000      0.2409E-01  0.1856       1.259    
    50   12.52       3.252       1.385       2.698      0.2565       0.000      0.5682      0.4032E-01  0.3723      0.1620      0.2303E-01   0.000      0.2376E-01  0.1862       1.260    
    51   12.52       3.347       1.385       2.696      0.2564       0.000      0.5681      0.3932E-01  0.3728      0.1623      0.2306E-01   0.000      0.2387E-01  0.1860       1.261    
    52   12.52       3.441       1.385       2.694      0.2499       0.000      0.5728      0.4009E-01  0.3751      0.1627      0.2342E-01   0.000      0.2434E-01  0.1851       1.261    
    53   12.52       3.532       1.385       2.693      0.2373       0.000      0.5830      0.4096E-01  0.3768      0.1606      0.2418E-01   0.000      0.2457E-01  0.1848       1.262    
    54   12.52       3.617       1.385       2.691      0.2188       0.000      0.6014      0.4255E-01  0.3775      0.1543      0.2587E-01   0.000      0.2445E-01  0.1852       1.263    
    55   12.52       3.694       1.385       2.689      0.1950       0.000      0.6388      0.4529E-01  0.3773      0.1401      0.3274E-01   0.000      0.2409E-01  0.1861       1.264    
    56   12.52       3.757       1.385       2.688      0.1402       0.000      0.8397     -0.6560E-01  0.3143       0.000     -0.2871E-01   0.000      0.7544E-02  0.2260       0.000    
    57   12.52       3.804       1.385       2.687      0.1128       0.000      0.8392     -0.2183E-01  0.3135       0.000     -0.1437E-01   0.000      0.7326E-02  0.2266       0.000    
    58   12.52       3.840       1.385       2.686      0.8256E-01   0.000      0.8389     -0.1459E-01  0.3133       0.000     -0.1209E-01   0.000      0.7236E-02  0.2269       0.000    
    59   12.52       3.865       1.385       2.686      0.5036E-01   0.000      0.8386     -0.1287E-01  0.3133       0.000     -0.1149E-01   0.000      0.7207E-02  0.2270       0.000    
    60   12.52       3.878       1.385       2.686      0.1692E-01   0.000      0.8385     -0.1265E-01  0.3132       0.000     -0.1117E-01   0.000      0.7202E-02  0.2270       0.000    

 Surface forces referred to Sref,Cref,Bref about Xmom,Ymom,Zmom
 Standard axis orientation,  X fwd, Z down         

  Surface # 4     main_wing_2 (YDUP)                      
     # chordwise = 10   # spanwise = 20     First strip = 61
     Surface area =  3.1271           ave. chord =  2.6972    
     CLsurf  =   0.018007     Clsurf  =   0.002174
     CYsurf  =   0.000008     Cmsurf  =  -0.010539
     CDsurf  =   0.000710     Cnsurf  =   0.000027
     CDisurf =   0.000187     CDvsurf =   0.000000

  Forces referred to Ssurf, Cave about hinge axis thru LE
     cl_surf =   0.358937     cd_surf =   0.014153

 Strip Forces referred to strip area, chord
    j    xLE         yLE         zLE         Chord       Area        Dihedral   c cl        ai_ff       cl           clj         cd          cdv         cm_c/4     c.p.x/c      Dcj
    61   12.52      -2.721       1.385       2.709      0.1707E-01   0.000      0.8389     -0.1055E-01  0.3107       0.000     -0.1135E-01   0.000      0.6678E-02  0.2285       0.000    
    62   12.52      -2.734       1.385       2.708      0.5078E-01   0.000      0.8390     -0.1077E-01  0.3108       0.000     -0.1130E-01   0.000      0.6697E-02  0.2285       0.000    
    63   12.52      -2.759       1.385       2.708      0.8322E-01   0.000      0.8393     -0.1249E-01  0.3110       0.000     -0.1185E-01   0.000      0.6751E-02  0.2283       0.000    
    64   12.52      -2.795       1.385       2.707      0.1136       0.000      0.8396     -0.1964E-01  0.3113       0.000     -0.1411E-01   0.000      0.6876E-02  0.2279       0.000    
    65   12.52      -2.843       1.385       2.706      0.1411       0.000      0.8400     -0.6261E-01  0.3123       0.000     -0.2844E-01   0.000      0.7134E-02  0.2272       0.000    
    66   12.52      -2.905       1.385       2.705      0.1962       0.000      0.6394      0.4544E-01  0.3751      0.1391      0.3242E-01   0.000      0.2363E-01  0.1870       1.256    
    67   12.52      -2.982       1.385       2.703      0.2199       0.000      0.6019      0.4272E-01  0.3757      0.1533      0.2570E-01   0.000      0.2406E-01  0.1860       1.257    
    68   12.52      -3.067       1.385       2.702      0.2381     -0.1444E-12  0.5835      0.4111E-01  0.3754      0.1598      0.2405E-01   0.000      0.2426E-01  0.1854       1.258    
    69   12.52      -3.158       1.385       2.700      0.2504      0.1372E-12  0.5731      0.4019E-01  0.3741      0.1621      0.2335E-01   0.000      0.2411E-01  0.1856       1.259    
    70   12.52      -3.252       1.385       2.698      0.2565       0.000      0.5682      0.4032E-01  0.3723      0.1620      0.2303E-01   0.000      0.2377E-01  0.1862       1.260    
    71   12.52      -3.347       1.385       2.696      0.2564       0.000      0.5681      0.3932E-01  0.3728      0.1623      0.2306E-01   0.000      0.2389E-01  0.1859       1.261    
    72   12.52      -3.441       1.385       2.694      0.2499       0.000      0.5728      0.4009E-01  0.3751      0.1628      0.2342E-01   0.000      0.2435E-01  0.1851       1.261    
    73   12.52      -3.532       1.385       2.693      0.2373       0.000      0.5830      0.4096E-01  0.3769      0.1606      0.2418E-01   0.000      0.2458E-01  0.1848       1.262    
    74   12.52      -3.617       1.385       2.691      0.2188       0.000      0.6014      0.4255E-01  0.3775      0.1543      0.2587E-01   0.000      0.2446E-01  0.1852       1.263    
    75   12.52      -3.694       1.385       2.689      0.1950       0.000      0.6388      0.4529E-01  0.3773      0.1401      0.3274E-01   0.000      0.2410E-01  0.1861       1.264    
    76   12.52      -3.757       1.385       2.688      0.1402       0.000      0.8397     -0.6559E-01  0.3143       0.000     -0.2873E-01   0.000      0.7551E-02  0.2260       0.000    
    77   12.52      -3.804       1.385       2.687      0.1128       0.000      0.8393     -0.2182E-01  0.3135       0.000     -0.1438E-01   0.000      0.7333E-02  0.2266       0.000    
    78   12.52      -3.840       1.385       2.686      0.8256E-01   0.000      0.8389     -0.1459E-01  0.3133       0.000     -0.1209E-01   0.000      0.7243E-02  0.2269       0.000    
    79   12.52      -3.865       1.385       2.686      0.5036E-01   0.000      0.8387     -0.1287E-01  0.3133       0.000     -0.1149E-01   0.000      0.7214E-02  0.2270       0.000    
    80   12.52      -3.878       1.385       2.686      0.1692E-01   0.000      0.8386     -0.1264E-01  0.3132       0.000     -0.1117E-01   0.000      0.7209E-02  0.2270       0.000    

 Surface forces referred to Sref,Cref,Bref about Xmom,Ymom,Zmom
 Standard axis orientation,  X fwd, Z down         

  Surface # 5     main_wing_3                             
     # chordwise = 10   # spanwise = 20     First strip = 81
     Surface area =  3.0545           ave. chord =  2.6345    
     CLsurf  =   0.017798     Clsurf  =  -0.002902
     CYsurf  =  -0.000043     Cmsurf  =  -0.010425
     CDsurf  =   0.000707     Cnsurf  =  -0.000031
     CDisurf =   0.000184     CDvsurf =   0.000000

  Forces referred to Ssurf, Cave about hinge axis thru LE
     cl_surf =   0.363213     cd_surf =   0.014434

 Strip Forces referred to strip area, chord
    j    xLE         yLE         zLE         Chord       Area        Dihedral   c cl        ai_ff       cl           clj         cd          cdv         cm_c/4     c.p.x/c      Dcj
    81   12.52       3.881       1.385       2.686      0.1692E-01   0.000      0.8385     -0.1266E-01  0.3132       0.000     -0.1116E-01   0.000      0.7202E-02  0.2270       0.000    
    82   12.52       3.893       1.385       2.685      0.5035E-01   0.000      0.8384     -0.1293E-01  0.3132       0.000     -0.1146E-01   0.000      0.7203E-02  0.2270       0.000    
    83   12.52       3.918       1.385       2.685      0.8252E-01   0.000      0.8381     -0.1476E-01  0.3132       0.000     -0.1201E-01   0.000      0.7225E-02  0.2269       0.000    
    84   12.52       3.955       1.385       2.684      0.1126       0.000      0.8378     -0.2214E-01  0.3133       0.000     -0.1421E-01   0.000      0.7305E-02  0.2267       0.000    
    85   12.52       4.002       1.385       2.683      0.1399       0.000      0.8374     -0.6579E-01  0.3140       0.000     -0.2821E-01   0.000      0.7507E-02  0.2261       0.000    
    86   12.52       4.061       1.385       2.682      0.1762       0.000      0.6405      0.4542E-01  0.3770      0.1385      0.3370E-01   0.000      0.2406E-01  0.1862       1.267    
    87   12.52       4.135       1.385       2.676      0.2196       0.000      0.5999      0.4248E-01  0.3776      0.1538      0.2609E-01   0.000      0.2448E-01  0.1852       1.270    
    88   12.53       4.221       1.385       2.666      0.2370       0.000      0.5789      0.4067E-01  0.3781      0.1612      0.2435E-01   0.000      0.2474E-01  0.1846       1.275    
    89   12.53       4.312       1.385       2.655      0.2483       0.000      0.5665      0.3959E-01  0.3774      0.1643      0.2365E-01   0.000      0.2464E-01  0.1847       1.280    
    90   12.53       4.407       1.385       2.643      0.2535       0.000      0.5597      0.3913E-01  0.3763      0.1649      0.2336E-01   0.000      0.2436E-01  0.1853       1.286    
    91   12.54       4.503       1.385       2.631      0.2524       0.000      0.5577      0.3903E-01  0.3772      0.1656      0.2342E-01   0.000      0.2451E-01  0.1850       1.292    
    92   12.54       4.598       1.385       2.620      0.2451       0.000      0.5607      0.3928E-01  0.3803      0.1666      0.2383E-01   0.000      0.2506E-01  0.1841       1.297    
    93   12.54       4.690       1.385       2.608      0.2318      0.1431E-12  0.5693      0.4015E-01  0.3829      0.1650      0.2464E-01   0.000      0.2536E-01  0.1838       1.303    
    94   12.54       4.776       1.385       2.598      0.2131     -0.1551E-12  0.5863      0.4181E-01  0.3843      0.1589      0.2640E-01   0.000      0.2528E-01  0.1842       1.308    
    95   12.55       4.853       1.385       2.588      0.1893       0.000      0.6223      0.4474E-01  0.3848      0.1448      0.3343E-01   0.000      0.2496E-01  0.1852       1.313    
    96   12.55       4.916       1.385       2.580      0.1346       0.000      0.8200     -0.7500E-01  0.3197       0.000     -0.2886E-01   0.000      0.7745E-02  0.2258       0.000    
    97   12.55       4.963       1.385       2.575      0.1080       0.000      0.8188     -0.2785E-01  0.3192       0.000     -0.1483E-01   0.000      0.7518E-02  0.2265       0.000    
    98   12.55       5.000       1.385       2.570      0.7899E-01   0.000      0.8179     -0.2013E-01  0.3193       0.000     -0.1260E-01   0.000      0.7427E-02  0.2267       0.000    
    99   12.55       5.025       1.385       2.567      0.4813E-01   0.000      0.8173     -0.1835E-01  0.3194       0.000     -0.1206E-01   0.000      0.7401E-02  0.2268       0.000    
   100   12.55       5.037       1.385       2.566      0.1617E-01   0.000      0.8170     -0.1816E-01  0.3195       0.000     -0.1201E-01   0.000      0.7398E-02  0.2268       0.000    

 Surface forces referred to Sref,Cref,Bref about Xmom,Ymom,Zmom
 Standard axis orientation,  X fwd, Z down         

  Surface # 6     main_wing_3 (YDUP)                      
     # chordwise = 10   # spanwise = 20     First strip =101
     Surface area =  3.0545           ave. chord =  2.6345    
     CLsurf  =   0.017799     Clsurf  =   0.002903
     CYsurf  =   0.000043     Cmsurf  =  -0.010426
     CDsurf  =   0.000707     Cnsurf  =   0.000031
     CDisurf =   0.000184     CDvsurf =   0.000000

  Forces referred to Ssurf, Cave about hinge axis thru LE
     cl_surf =   0.363225     cd_surf =   0.014433

 Strip Forces referred to strip area, chord
    j    xLE         yLE         zLE         Chord       Area        Dihedral   c cl        ai_ff       cl           clj         cd          cdv         cm_c/4     c.p.x/c      Dcj
   101   12.52      -3.881       1.385       2.686      0.1692E-01   0.000      0.8385     -0.1265E-01  0.3132       0.000     -0.1117E-01   0.000      0.7209E-02  0.2270       0.000    
   102   12.52      -3.893       1.385       2.685      0.5035E-01   0.000      0.8384     -0.1293E-01  0.3132       0.000     -0.1147E-01   0.000      0.7210E-02  0.2270       0.000    
   103   12.52      -3.918       1.385       2.685      0.8252E-01   0.000      0.8382     -0.1476E-01  0.3132       0.000     -0.1202E-01   0.000      0.7232E-02  0.2269       0.000    
   104   12.52      -3.955       1.385       2.684      0.1126       0.000      0.8379     -0.2214E-01  0.3133       0.000     -0.1422E-01   0.000      0.7312E-02  0.2267       0.000    
   105   12.52      -4.002       1.385       2.683      0.1399       0.000      0.8374     -0.6579E-01  0.3140       0.000     -0.2822E-01   0.000      0.7514E-02  0.2261       0.000    
   106   12.52      -4.061       1.385       2.682      0.1762       0.000      0.6405      0.4542E-01  0.3770      0.1385      0.3370E-01   0.000      0.2407E-01  0.1861       1.267    
   107   12.52      -4.135       1.385       2.676      0.2196       0.000      0.5999      0.4248E-01  0.3777      0.1538      0.2609E-01   0.000      0.2448E-01  0.1852       1.270    
   108   12.53      -4.221       1.385       2.666      0.2370       0.000      0.5789      0.4067E-01  0.3781      0.1612      0.2435E-01   0.000      0.2474E-01  0.1846       1.275    
   109   12.53      -4.312       1.385       2.655      0.2483       0.000      0.5665      0.3959E-01  0.3775      0.1644      0.2365E-01   0.000      0.2464E-01  0.1847       1.280    
   110   12.53      -4.407       1.385       2.643      0.2535       0.000      0.5597      0.3913E-01  0.3763      0.1649      0.2336E-01   0.000      0.2437E-01  0.1853       1.286    
   111   12.54      -4.503       1.385       2.631      0.2524       0.000      0.5577      0.3904E-01  0.3773      0.1656      0.2342E-01   0.000      0.2451E-01  0.1850       1.292    
   112   12.54      -4.598       1.385       2.620      0.2451       0.000      0.5607      0.3928E-01  0.3803      0.1666      0.2383E-01   0.000      0.2506E-01  0.1841       1.297    
   113   12.54      -4.690       1.385       2.608      0.2318     -0.1431E-12  0.5693      0.4015E-01  0.3830      0.1650      0.2464E-01   0.000      0.2537E-01  0.1838       1.303    
   114   12.54      -4.776       1.385       2.598      0.2131      0.1551E-12  0.5863      0.4181E-01  0.3843      0.1589      0.2640E-01   0.000      0.2529E-01  0.1842       1.308    
   115   12.55      -4.853       1.385       2.588      0.1893       0.000      0.6223      0.4474E-01  0.3849      0.1448      0.3344E-01   0.000      0.2496E-01  0.1851       1.313    
   116   12.55      -4.916       1.385       2.580      0.1346       0.000      0.8200     -0.7500E-01  0.3197       0.000     -0.2887E-01   0.000      0.7748E-02  0.2258       0.000    
   117   12.55      -4.963       1.385       2.575      0.1080       0.000      0.8188     -0.2784E-01  0.3192       0.000     -0.1484E-01   0.000      0.7520E-02  0.2264       0.000    
   118   12.55      -5.000       1.385       2.570      0.7899E-01   0.000      0.8179     -0.2013E-01  0.3193       0.000     -0.1260E-01   0.000      0.7429E-02  0.2267       0.000    
   119   12.55      -5.025       1.385       2.567      0.4813E-01   0.000      0.8173     -0.1835E-01  0.3194       0.000     -0.1206E-01   0.000      0.7403E-02  0.2268       0.000    
   120   12.55      -5.037       1.385       2.566      0.1617E-01   0.000      0.8170     -0.1816E-01  0.3195       0.000     -0.1201E-01   0.000      0.7400E-02  0.2268       0.000    

 Surface forces referred to Sref,Cref,Bref about Xmom,Ymom,Zmom
 Standard axis orientation,  X fwd, Z down         

  Surface # 7     main_wing_4                             
     # chordwise = 10   # spanwise = 20     First strip =121
     Surface area =  2.8917           ave. chord =  2.4941    
     CLsurf  =   0.017275     Clsurf  =  -0.003549
     CYsurf  =  -0.000048     Cmsurf  =  -0.010155
     CDsurf  =   0.000687     Cnsurf  =  -0.000039
     CDisurf =   0.000168     CDvsurf =   0.000000

  Forces referred to Ssurf, Cave about hinge axis thru LE
     cl_surf =   0.372393     cd_surf =   0.014801

 Strip Forces referred to strip area, chord
    j    xLE         yLE         zLE         Chord       Area        Dihedral   c cl        ai_ff       cl           clj         cd          cdv         cm_c/4     c.p.x/c      Dcj
   121   12.55       5.040       1.385       2.565      0.1617E-01   0.000      0.8169     -0.1818E-01  0.3195       0.000     -0.1201E-01   0.000      0.7399E-02  0.2268       0.000    
   122   12.55       5.053       1.385       2.564      0.4810E-01   0.000      0.8166     -0.1853E-01  0.3196       0.000     -0.1210E-01   0.000      0.7403E-02  0.2268       0.000    
   123   12.55       5.078       1.385       2.561      0.7875E-01   0.000      0.8160     -0.2064E-01  0.3198       0.000     -0.1272E-01   0.000      0.7432E-02  0.2268       0.000    
   124   12.55       5.114       1.385       2.556      0.1073       0.000      0.8152     -0.2894E-01  0.3201       0.000     -0.1514E-01   0.000      0.7529E-02  0.2265       0.000    
   125   12.56       5.161       1.385       2.550      0.1331       0.000      0.8141     -0.7788E-01  0.3212       0.000     -0.3013E-01   0.000      0.7770E-02  0.2258       0.000    
   126   12.56       5.224       1.385       2.543      0.1844       0.000      0.6129      0.4452E-01  0.3882      0.1475      0.3353E-01   0.000      0.2531E-01  0.1848       1.337    
   127   12.56       5.301       1.385       2.533      0.2060       0.000      0.5744      0.4140E-01  0.3891      0.1626      0.2684E-01   0.000      0.2579E-01  0.1837       1.342    
   128   12.56       5.386       1.385       2.523      0.2223       0.000      0.5543      0.3953E-01  0.3892      0.1697      0.2519E-01   0.000      0.2604E-01  0.1831       1.347    
   129   12.57       5.477       1.385       2.512      0.2329      0.1372E-12  0.5421      0.3845E-01  0.3881      0.1725      0.2448E-01   0.000      0.2590E-01  0.1833       1.353    
   130   12.57       5.571       1.385       2.500      0.2377     -0.1338E-12  0.5352      0.3840E-01  0.3866      0.1728      0.2417E-01   0.000      0.2559E-01  0.1838       1.359    
   131   12.57       5.666       1.385       2.488      0.2366       0.000      0.5329      0.3752E-01  0.3875      0.1736      0.2422E-01   0.000      0.2580E-01  0.1834       1.366    
   132   12.57       5.760       1.385       2.477      0.2297       0.000      0.5354      0.3823E-01  0.3904      0.1745      0.2463E-01   0.000      0.2634E-01  0.1825       1.372    
   133   12.58       5.851       1.385       2.466      0.2172       0.000      0.5435      0.3922E-01  0.3927      0.1726      0.2543E-01   0.000      0.2662E-01  0.1822       1.378    
   134   12.58       5.936       1.385       2.455      0.1996       0.000      0.5597      0.4104E-01  0.3939      0.1662      0.2720E-01   0.000      0.2651E-01  0.1827       1.384    
   135   12.58       6.013       1.385       2.446      0.1774       0.000      0.5944      0.4420E-01  0.3942      0.1515      0.3425E-01   0.000      0.2614E-01  0.1837       1.390    
   136   12.58       6.075       1.385       2.438      0.1272      0.2439E-12  0.7874     -0.8433E-01  0.3250       0.000     -0.2916E-01   0.000      0.7898E-02  0.2257       0.000    
   137   12.59       6.123       1.385       2.432      0.1021     -0.3032E-12  0.7858     -0.3360E-01  0.3243       0.000     -0.1515E-01   0.000      0.7644E-02  0.2264       0.000    
   138   12.59       6.159       1.385       2.428      0.7461E-01   0.000      0.7846     -0.2522E-01  0.3243       0.000     -0.1286E-01   0.000      0.7543E-02  0.2267       0.000    
   139   12.59       6.184       1.385       2.425      0.4545E-01   0.000      0.7838     -0.2324E-01  0.3244       0.000     -0.1229E-01   0.000      0.7514E-02  0.2268       0.000    
   140   12.59       6.197       1.385       2.423      0.1527E-01   0.000      0.7834     -0.2299E-01  0.3244       0.000     -0.1221E-01   0.000      0.7510E-02  0.2268       0.000    

 Surface forces referred to Sref,Cref,Bref about Xmom,Ymom,Zmom
 Standard axis orientation,  X fwd, Z down         

  Surface # 8     main_wing_4 (YDUP)                      
     # chordwise = 10   # spanwise = 20     First strip =141
     Surface area =  2.8917           ave. chord =  2.4941    
     CLsurf  =   0.017276     Clsurf  =   0.003549
     CYsurf  =   0.000048     Cmsurf  =  -0.010155
     CDsurf  =   0.000687     Cnsurf  =   0.000039
     CDisurf =   0.000168     CDvsurf =   0.000000

  Forces referred to Ssurf, Cave about hinge axis thru LE
     cl_surf =   0.372395     cd_surf =   0.014801

 Strip Forces referred to strip area, chord
    j    xLE         yLE         zLE         Chord       Area        Dihedral   c cl        ai_ff       cl           clj         cd          cdv         cm_c/4     c.p.x/c      Dcj
   141   12.55      -5.040       1.385       2.565      0.1617E-01   0.000      0.8169     -0.1817E-01  0.3195       0.000     -0.1202E-01   0.000      0.7401E-02  0.2268       0.000    
   142   12.55      -5.053       1.385       2.564      0.4810E-01   0.000      0.8166     -0.1853E-01  0.3196       0.000     -0.1210E-01   0.000      0.7405E-02  0.2268       0.000    
   143   12.55      -5.078       1.385       2.561      0.7875E-01   0.000      0.8160     -0.2064E-01  0.3198       0.000     -0.1272E-01   0.000      0.7434E-02  0.2268       0.000    
   144   12.55      -5.114       1.385       2.556      0.1073       0.000      0.8152     -0.2893E-01  0.3201       0.000     -0.1514E-01   0.000      0.7532E-02  0.2265       0.000    
   145   12.56      -5.161       1.385       2.550      0.1331       0.000      0.8141     -0.7788E-01  0.3212       0.000     -0.3014E-01   0.000      0.7773E-02  0.2258       0.000    
   146   12.56      -5.224       1.385       2.543      0.1844       0.000      0.6129      0.4452E-01  0.3882      0.1475      0.3353E-01   0.000      0.2531E-01  0.1848       1.337    
   147   12.56      -5.301       1.385       2.533      0.2060       0.000      0.5744      0.4140E-01  0.3891      0.1626      0.2684E-01   0.000      0.2579E-01  0.1837       1.342    
   148   12.56      -5.386       1.385       2.523      0.2223       0.000      0.5543      0.3953E-01  0.3892      0.1697      0.2519E-01   0.000      0.2604E-01  0.1831       1.347    
   149   12.57      -5.477       1.385       2.512      0.2329     -0.1372E-12  0.5421      0.3845E-01  0.3881      0.1725      0.2448E-01   0.000      0.2590E-01  0.1833       1.353    
   150   12.57      -5.571       1.385       2.500      0.2377      0.1338E-12  0.5352      0.3840E-01  0.3866      0.1728      0.2417E-01   0.000      0.2559E-01  0.1838       1.359    
   151   12.57      -5.666       1.385       2.488      0.2366       0.000      0.5329      0.3752E-01  0.3875      0.1736      0.2422E-01   0.000      0.2580E-01  0.1834       1.366    
   152   12.57      -5.760       1.385       2.477      0.2297       0.000      0.5354      0.3823E-01  0.3904      0.1745      0.2463E-01   0.000      0.2634E-01  0.1825       1.372    
   153   12.58      -5.851       1.385       2.466      0.2172       0.000      0.5435      0.3922E-01  0.3927      0.1726      0.2543E-01   0.000      0.2662E-01  0.1822       1.378    
   154   12.58      -5.936       1.385       2.455      0.1996       0.000      0.5597      0.4104E-01  0.3939      0.1662      0.2720E-01   0.000      0.2651E-01  0.1827       1.384    
   155   12.58      -6.013       1.385       2.446      0.1774       0.000      0.5944      0.4420E-01  0.3942      0.1515      0.3425E-01   0.000      0.2615E-01  0.1837       1.390    
   156   12.58      -6.075       1.385       2.438      0.1272     -0.2439E-12  0.7874     -0.8433E-01  0.3250       0.000     -0.2916E-01   0.000      0.7899E-02  0.2257       0.000    
   157   12.59      -6.123       1.385       2.432      0.1021      0.3032E-12  0.7858     -0.3359E-01  0.3243       0.000     -0.1515E-01   0.000      0.7645E-02  0.2264       0.000    
   158   12.59      -6.159       1.385       2.428      0.7461E-01   0.000      0.7846     -0.2521E-01  0.3243       0.000     -0.1286E-01   0.000      0.7544E-02  0.2267       0.000    
   159   12.59      -6.184       1.385       2.425      0.4545E-01   0.000      0.7838     -0.2323E-01  0.3244       0.000     -0.1229E-01   0.000      0.7515E-02  0.2268       0.000    
   160   12.59      -6.197       1.385       2.423      0.1527E-01   0.000      0.7834     -0.2299E-01  0.3244       0.000     -0.1221E-01   0.000      0.7511E-02  0.2268       0.000    

 Surface forces referred to Sref,Cref,Bref about Xmom,Ymom,Zmom
 Standard axis orientation,  X fwd, Z down         

  Surface # 9     main_wing_5                             
     # chordwise = 10   # spanwise = 20     First strip =161
     Surface area =  2.7266           ave. chord =  2.3515    
     CLsurf  =   0.016580     Clsurf  =  -0.004109
     CYsurf  =  -0.000046     Cmsurf  =  -0.009775
     CDsurf  =   0.000667     Cnsurf  =  -0.000044
     CDisurf =   0.000159     CDvsurf =   0.000000

  Forces referred to Ssurf, Cave about hinge axis thru LE
     cl_surf =   0.379026     cd_surf =   0.015238

 Strip Forces referred to strip area, chord
    j    xLE         yLE         zLE         Chord       Area        Dihedral   c cl        ai_ff       cl           clj         cd          cdv         cm_c/4     c.p.x/c      Dcj
   161   12.59       6.200       1.385       2.423      0.1528E-01   0.000      0.7833     -0.2300E-01  0.3244       0.000     -0.1221E-01   0.000      0.7511E-02  0.2268       0.000    
   162   12.59       6.212       1.385       2.421      0.4542E-01   0.000      0.7829     -0.2334E-01  0.3245       0.000     -0.1232E-01   0.000      0.7515E-02  0.2268       0.000    
   163   12.59       6.237       1.385       2.418      0.7436E-01   0.000      0.7821     -0.2551E-01  0.3246       0.000     -0.1295E-01   0.000      0.7546E-02  0.2268       0.000    
   164   12.59       6.274       1.385       2.414      0.1013       0.000      0.7810     -0.3424E-01  0.3248       0.000     -0.1538E-01   0.000      0.7652E-02  0.2264       0.000    
   165   12.59       6.321       1.385       2.408      0.1257       0.000      0.7796     -0.8607E-01  0.3258       0.000     -0.3022E-01   0.000      0.7917E-02  0.2257       0.000    
   166   12.59       6.383       1.385       2.400      0.1741      0.1754E-12  0.5828      0.4405E-01  0.3968      0.1543      0.3419E-01   0.000      0.2652E-01  0.1832       1.416    
   167   12.60       6.460       1.385       2.391      0.1944     -0.1565E-12  0.5450      0.4075E-01  0.3975      0.1699      0.2752E-01   0.000      0.2707E-01  0.1819       1.422    
   168   12.60       6.545       1.385       2.380      0.2097      0.1444E-12  0.5249      0.3880E-01  0.3974      0.1772      0.2586E-01   0.000      0.2735E-01  0.1812       1.428    
   169   12.60       6.636       1.385       2.369      0.2197     -0.1372E-12  0.5125      0.3766E-01  0.3961      0.1801      0.2512E-01   0.000      0.2725E-01  0.1812       1.435    
   170   12.60       6.730       1.385       2.357      0.2241       0.000      0.5052      0.3693E-01  0.3944      0.1804      0.2479E-01   0.000      0.2696E-01  0.1816       1.442    
   171   12.61       6.826       1.385       2.346      0.2230       0.000      0.5025      0.3744E-01  0.3948      0.1809      0.2482E-01   0.000      0.2711E-01  0.1813       1.449    
   172   12.61       6.920       1.385       2.334      0.2164       0.000      0.5044      0.3754E-01  0.3977      0.1819      0.2521E-01   0.000      0.2770E-01  0.1803       1.456    
   173   12.61       7.010       1.385       2.323      0.2047       0.000      0.5117      0.3859E-01  0.4000      0.1800      0.2601E-01   0.000      0.2801E-01  0.1800       1.463    
   174   12.62       7.095       1.385       2.312      0.1880       0.000      0.5270      0.4051E-01  0.4011      0.1735      0.2775E-01   0.000      0.2789E-01  0.1805       1.470    
   175   12.62       7.173       1.385       2.303      0.1670       0.000      0.5602      0.4384E-01  0.4012      0.1583      0.3466E-01   0.000      0.2748E-01  0.1815       1.476    
   176   12.62       7.235       1.385       2.295      0.1198       0.000      0.7468     -0.9029E-01  0.3273       0.000     -0.2883E-01   0.000      0.8081E-02  0.2253       0.000    
   177   12.62       7.282       1.385       2.290      0.9614E-01   0.000      0.7448     -0.3714E-01  0.3265       0.000     -0.1510E-01   0.000      0.7804E-02  0.2261       0.000    
   178   12.62       7.319       1.385       2.285      0.7027E-01   0.000      0.7434     -0.2828E-01  0.3264       0.000     -0.1278E-01   0.000      0.7695E-02  0.2264       0.000    
   179   12.62       7.343       1.385       2.282      0.4281E-01   0.000      0.7424     -0.2613E-01  0.3264       0.000     -0.1223E-01   0.000      0.7665E-02  0.2265       0.000    
   180   12.62       7.356       1.385       2.280      0.1438E-01   0.000      0.7419     -0.2583E-01  0.3264       0.000     -0.1241E-01   0.000      0.7661E-02  0.2265       0.000    

 Surface forces referred to Sref,Cref,Bref about Xmom,Ymom,Zmom
 Standard axis orientation,  X fwd, Z down         

  Surface #10     main_wing_5 (YDUP)                      
     # chordwise = 10   # spanwise = 20     First strip =181
     Surface area =  2.7266           ave. chord =  2.3515    
     CLsurf  =   0.016579     Clsurf  =   0.004109
     CYsurf  =   0.000046     Cmsurf  =  -0.009775
     CDsurf  =   0.000667     Cnsurf  =   0.000044
     CDisurf =   0.000159     CDvsurf =   0.000000

  Forces referred to Ssurf, Cave about hinge axis thru LE
     cl_surf =   0.379016     cd_surf =   0.015238

 Strip Forces referred to strip area, chord
    j    xLE         yLE         zLE         Chord       Area        Dihedral   c cl        ai_ff       cl           clj         cd          cdv         cm_c/4     c.p.x/c      Dcj
   181   12.59      -6.200       1.385       2.423      0.1528E-01   0.000      0.7833     -0.2300E-01  0.3244       0.000     -0.1221E-01   0.000      0.7512E-02  0.2268       0.000    
   182   12.59      -6.212       1.385       2.421      0.4542E-01   0.000      0.7829     -0.2334E-01  0.3245       0.000     -0.1232E-01   0.000      0.7516E-02  0.2268       0.000    
   183   12.59      -6.237       1.385       2.418      0.7436E-01   0.000      0.7821     -0.2551E-01  0.3246       0.000     -0.1295E-01   0.000      0.7547E-02  0.2267       0.000    
   184   12.59      -6.274       1.385       2.414      0.1013       0.000      0.7810     -0.3423E-01  0.3248       0.000     -0.1538E-01   0.000      0.7653E-02  0.2264       0.000    
   185   12.59      -6.321       1.385       2.408      0.1257       0.000      0.7796     -0.8606E-01  0.3258       0.000     -0.3022E-01   0.000      0.7918E-02  0.2257       0.000    
   186   12.59      -6.383       1.385       2.400      0.1741     -0.1754E-12  0.5828      0.4405E-01  0.3968      0.1543      0.3419E-01   0.000      0.2653E-01  0.1832       1.416    
   187   12.60      -6.460       1.385       2.391      0.1944      0.1565E-12  0.5450      0.4075E-01  0.3975      0.1699      0.2752E-01   0.000      0.2707E-01  0.1819       1.422    
   188   12.60      -6.545       1.385       2.380      0.2097     -0.1444E-12  0.5249      0.3880E-01  0.3974      0.1772      0.2586E-01   0.000      0.2735E-01  0.1812       1.428    
   189   12.60      -6.636       1.385       2.369      0.2197      0.1372E-12  0.5125      0.3766E-01  0.3961      0.1801      0.2512E-01   0.000      0.2725E-01  0.1812       1.435    
   190   12.60      -6.730       1.385       2.357      0.2241       0.000      0.5052      0.3693E-01  0.3944      0.1804      0.2479E-01   0.000      0.2696E-01  0.1816       1.442    
   191   12.61      -6.826       1.385       2.346      0.2230       0.000      0.5025      0.3744E-01  0.3948      0.1809      0.2482E-01   0.000      0.2711E-01  0.1813       1.449    
   192   12.61      -6.920       1.385       2.334      0.2164       0.000      0.5044      0.3754E-01  0.3977      0.1819      0.2521E-01   0.000      0.2770E-01  0.1803       1.456    
   193   12.61      -7.010       1.385       2.323      0.2047       0.000      0.5117      0.3859E-01  0.4000      0.1800      0.2601E-01   0.000      0.2801E-01  0.1800       1.463    
   194   12.62      -7.095       1.385       2.312      0.1880       0.000      0.5270      0.4051E-01  0.4011      0.1735      0.2775E-01   0.000      0.2789E-01  0.1805       1.470    
   195   12.62      -7.173       1.385       2.303      0.1670       0.000      0.5601      0.4384E-01  0.4012      0.1583      0.3466E-01   0.000      0.2748E-01  0.1815       1.476    
   196   12.62      -7.235       1.385       2.295      0.1198       0.000      0.7467     -0.9028E-01  0.3273       0.000     -0.2883E-01   0.000      0.8081E-02  0.2253       0.000    
   197   12.62      -7.282       1.385       2.290      0.9614E-01   0.000      0.7448     -0.3714E-01  0.3265       0.000     -0.1509E-01   0.000      0.7804E-02  0.2261       0.000    
   198   12.62      -7.319       1.385       2.285      0.7027E-01   0.000      0.7433     -0.2827E-01  0.3264       0.000     -0.1278E-01   0.000      0.7695E-02  0.2264       0.000    
   199   12.62      -7.343       1.385       2.282      0.4281E-01   0.000      0.7423     -0.2613E-01  0.3264       0.000     -0.1222E-01   0.000      0.7664E-02  0.2265       0.000    
   200   12.62      -7.356       1.385       2.280      0.1438E-01   0.000      0.7419     -0.2583E-01  0.3264       0.000     -0.1240E-01   0.000      0.7661E-02  0.2265       0.000    

 Surface forces referred to Sref,Cref,Bref about Xmom,Ymom,Zmom
 Standard axis orientation,  X fwd, Z down         

  Surface #11     main_wing_6                             
     # chordwise = 10   # spanwise = 20     First strip =201
     Surface area =  2.5612           ave. chord =  2.2090    
     CLsurf  =   0.015733     Clsurf  =  -0.004566
     CYsurf  =  -0.000043     Cmsurf  =  -0.009297
     CDsurf  =   0.000643     Cnsurf  =  -0.000047
     CDisurf =   0.000151     CDvsurf =   0.000000

  Forces referred to Ssurf, Cave about hinge axis thru LE
     cl_surf =   0.382917     cd_surf =   0.015643

 Strip Forces referred to strip area, chord
    j    xLE         yLE         zLE         Chord       Area        Dihedral   c cl        ai_ff       cl           clj         cd          cdv         cm_c/4     c.p.x/c      Dcj
   201   12.62       7.359       1.385       2.280      0.1437E-01   0.000      0.7418     -0.2583E-01  0.3264       0.000     -0.1241E-01   0.000      0.7662E-02  0.2265       0.000    
   202   12.62       7.372       1.385       2.279      0.4272E-01   0.000      0.7413     -0.2614E-01  0.3264       0.000     -0.1224E-01   0.000      0.7667E-02  0.2265       0.000    
   203   12.62       7.397       1.385       2.276      0.6993E-01   0.000      0.7404     -0.2831E-01  0.3265       0.000     -0.1285E-01   0.000      0.7702E-02  0.2264       0.000    
   204   12.63       7.433       1.385       2.271      0.9530E-01   0.000      0.7390     -0.3720E-01  0.3267       0.000     -0.1526E-01   0.000      0.7818E-02  0.2261       0.000    
   205   12.63       7.480       1.385       2.265      0.1181       0.000      0.7373     -0.9045E-01  0.3275       0.000     -0.2970E-01   0.000      0.8110E-02  0.2252       0.000    
   206   12.63       7.543       1.385       2.258      0.1637       0.000      0.5469      0.4381E-01  0.4030      0.1611      0.3455E-01   0.000      0.2792E-01  0.1807       1.505    
   207   12.63       7.620       1.385       2.248      0.1828      0.1565E-12  0.5100      0.4044E-01  0.4036      0.1770      0.2800E-01   0.000      0.2852E-01  0.1793       1.512    
   208   12.63       7.705       1.385       2.238      0.1972     -0.1444E-12  0.4901      0.3845E-01  0.4032      0.1845      0.2633E-01   0.000      0.2885E-01  0.1785       1.519    
   209   12.64       7.795       1.385       2.226      0.2065       0.000      0.4777      0.3733E-01  0.4016      0.1873      0.2557E-01   0.000      0.2875E-01  0.1784       1.526    
   210   12.64       7.890       1.385       2.215      0.2106       0.000      0.4701      0.3715E-01  0.3994      0.1875      0.2521E-01   0.000      0.2844E-01  0.1788       1.534    
   211   12.64       7.985       1.385       2.203      0.2095       0.000      0.4669      0.3659E-01  0.3999      0.1882      0.2523E-01   0.000      0.2866E-01  0.1783       1.543    
   212   12.65       8.079       1.385       2.192      0.2032       0.000      0.4682      0.3727E-01  0.4025      0.1892      0.2560E-01   0.000      0.2926E-01  0.1773       1.551    
   213   12.65       8.170       1.385       2.180      0.1921       0.000      0.4746      0.3838E-01  0.4046      0.1873      0.2637E-01   0.000      0.2957E-01  0.1769       1.559    
   214   12.65       8.255       1.385       2.170      0.1765       0.000      0.4888      0.4035E-01  0.4055      0.1805      0.2804E-01   0.000      0.2943E-01  0.1774       1.566    
   215   12.65       8.332       1.385       2.161      0.1567       0.000      0.5199      0.4373E-01  0.4054      0.1651      0.3469E-01   0.000      0.2899E-01  0.1785       1.573    
   216   12.66       8.394       1.385       2.153      0.1124       0.000      0.6979     -0.9197E-01  0.3261       0.000     -0.2779E-01   0.000      0.8272E-02  0.2246       0.000    
   217   12.66       8.442       1.385       2.147      0.9015E-01   0.000      0.6956     -0.3800E-01  0.3252       0.000     -0.1455E-01   0.000      0.7964E-02  0.2255       0.000    
   218   12.66       8.478       1.385       2.143      0.6589E-01   0.000      0.6938     -0.2891E-01  0.3249       0.000     -0.1225E-01   0.000      0.7843E-02  0.2259       0.000    
   219   12.66       8.503       1.385       2.140      0.4014E-01   0.000      0.6927     -0.2665E-01  0.3248       0.000     -0.1166E-01   0.000      0.7807E-02  0.2260       0.000    
   220   12.66       8.515       1.385       2.138      0.1348E-01   0.000      0.6921     -0.2630E-01  0.3247       0.000     -0.1159E-01   0.000      0.7803E-02  0.2260       0.000    

 Surface forces referred to Sref,Cref,Bref about Xmom,Ymom,Zmom
 Standard axis orientation,  X fwd, Z down         

  Surface #12     main_wing_6 (YDUP)                      
     # chordwise = 10   # spanwise = 20     First strip =221
     Surface area =  2.5612           ave. chord =  2.2090    
     CLsurf  =   0.015732     Clsurf  =   0.004566
     CYsurf  =   0.000043     Cmsurf  =  -0.009296
     CDsurf  =   0.000643     Cnsurf  =   0.000047
     CDisurf =   0.000151     CDvsurf =   0.000000

  Forces referred to Ssurf, Cave about hinge axis thru LE
     cl_surf =   0.382883     cd_surf =   0.015642

 Strip Forces referred to strip area, chord
    j    xLE         yLE         zLE         Chord       Area        Dihedral   c cl        ai_ff       cl           clj         cd          cdv         cm_c/4     c.p.x/c      Dcj
   221   12.62      -7.359       1.385       2.280      0.1437E-01   0.000      0.7418     -0.2583E-01  0.3264       0.000     -0.1240E-01   0.000      0.7662E-02  0.2265       0.000    
   222   12.62      -7.372       1.385       2.279      0.4272E-01   0.000      0.7413     -0.2614E-01  0.3264       0.000     -0.1224E-01   0.000      0.7667E-02  0.2265       0.000    
   223   12.62      -7.397       1.385       2.276      0.6993E-01   0.000      0.7403     -0.2831E-01  0.3265       0.000     -0.1284E-01   0.000      0.7702E-02  0.2264       0.000    
   224   12.63      -7.433       1.385       2.271      0.9530E-01   0.000      0.7390     -0.3720E-01  0.3266       0.000     -0.1526E-01   0.000      0.7817E-02  0.2261       0.000    
   225   12.63      -7.480       1.385       2.265      0.1181       0.000      0.7373     -0.9044E-01  0.3275       0.000     -0.2969E-01   0.000      0.8110E-02  0.2252       0.000    
   226   12.63      -7.543       1.385       2.258      0.1637       0.000      0.5469      0.4382E-01  0.4030      0.1611      0.3455E-01   0.000      0.2792E-01  0.1807       1.505    
   227   12.63      -7.620       1.385       2.248      0.1828     -0.1565E-12  0.5100      0.4044E-01  0.4035      0.1770      0.2799E-01   0.000      0.2852E-01  0.1793       1.512    
   228   12.63      -7.705       1.385       2.238      0.1972      0.1444E-12  0.4901      0.3846E-01  0.4032      0.1845      0.2633E-01   0.000      0.2885E-01  0.1785       1.519    
   229   12.64      -7.795       1.385       2.226      0.2065       0.000      0.4776      0.3733E-01  0.4016      0.1873      0.2557E-01   0.000      0.2874E-01  0.1784       1.526    
   230   12.64      -7.890       1.385       2.215      0.2106       0.000      0.4701      0.3715E-01  0.3994      0.1874      0.2521E-01   0.000      0.2844E-01  0.1788       1.534    
   231   12.64      -7.985       1.385       2.203      0.2095       0.000      0.4669      0.3659E-01  0.3998      0.1882      0.2523E-01   0.000      0.2866E-01  0.1783       1.543    
   232   12.65      -8.079       1.385       2.192      0.2032       0.000      0.4681      0.3727E-01  0.4025      0.1892      0.2560E-01   0.000      0.2926E-01  0.1773       1.551    
   233   12.65      -8.170       1.385       2.180      0.1921       0.000      0.4746      0.3838E-01  0.4046      0.1872      0.2637E-01   0.000      0.2957E-01  0.1769       1.559    
   234   12.65      -8.255       1.385       2.170      0.1765       0.000      0.4887      0.4035E-01  0.4054      0.1805      0.2804E-01   0.000      0.2943E-01  0.1774       1.566    
   235   12.65      -8.332       1.385       2.161      0.1567       0.000      0.5198      0.4373E-01  0.4053      0.1651      0.3469E-01   0.000      0.2898E-01  0.1785       1.573    
   236   12.66      -8.394       1.385       2.153      0.1124       0.000      0.6978     -0.9196E-01  0.3260       0.000     -0.2778E-01   0.000      0.8268E-02  0.2246       0.000    
   237   12.66      -8.442       1.385       2.147      0.9015E-01   0.000      0.6954     -0.3800E-01  0.3251       0.000     -0.1454E-01   0.000      0.7960E-02  0.2255       0.000    
   238   12.66      -8.478       1.385       2.143      0.6589E-01   0.000      0.6937     -0.2891E-01  0.3249       0.000     -0.1224E-01   0.000      0.7838E-02  0.2259       0.000    
   239   12.66      -8.503       1.385       2.140      0.4014E-01   0.000      0.6925     -0.2665E-01  0.3247       0.000     -0.1165E-01   0.000      0.7802E-02  0.2260       0.000    
   240   12.66      -8.515       1.385       2.138      0.1348E-01   0.000      0.6919     -0.2630E-01  0.3247       0.000     -0.1158E-01   0.000      0.7797E-02  0.2260       0.000    

 Surface forces referred to Sref,Cref,Bref about Xmom,Ymom,Zmom
 Standard axis orientation,  X fwd, Z down         

  Surface #13     main_wing_7                             
     # chordwise = 10   # spanwise = 20     First strip =241
     Surface area =  2.3958           ave. chord =  2.0665    
     CLsurf  =   0.014718     Clsurf  =  -0.004895
     CYsurf  =  -0.000040     Cmsurf  =  -0.008711
     CDsurf  =   0.000615     Cnsurf  =  -0.000047
     CDisurf =   0.000147     CDvsurf =   0.000000

  Forces referred to Ssurf, Cave about hinge axis thru LE
     cl_surf =   0.382924     cd_surf =   0.016008

 Strip Forces referred to strip area, chord
    j    xLE         yLE         zLE         Chord       Area        Dihedral   c cl        ai_ff       cl           clj         cd          cdv         cm_c/4     c.p.x/c      Dcj
   241   12.66       8.519       1.385       2.138      0.1347E-01   0.000      0.6920     -0.2629E-01  0.3248       0.000     -0.1159E-01   0.000      0.7803E-02  0.2260       0.000    
   242   12.66       8.531       1.385       2.136      0.4005E-01   0.000      0.6914     -0.2655E-01  0.3247       0.000     -0.1166E-01   0.000      0.7808E-02  0.2260       0.000    
   243   12.66       8.556       1.385       2.133      0.6555E-01   0.000      0.6903     -0.2863E-01  0.3247       0.000     -0.1225E-01   0.000      0.7843E-02  0.2258       0.000    
   244   12.66       8.592       1.385       2.128      0.8931E-01   0.000      0.6886     -0.3739E-01  0.3247       0.000     -0.1459E-01   0.000      0.7966E-02  0.2255       0.000    
   245   12.66       8.640       1.385       2.123      0.1107       0.000      0.6865     -0.9029E-01  0.3253       0.000     -0.2827E-01   0.000      0.8281E-02  0.2245       0.000    
   246   12.66       8.702       1.385       2.115      0.1534       0.000      0.5049      0.4384E-01  0.4061      0.1677      0.3449E-01   0.000      0.2945E-01  0.1775       1.607    
   247   12.67       8.779       1.385       2.106      0.1712      0.1564E-12  0.4694      0.4050E-01  0.4064      0.1837      0.2817E-01   0.000      0.3011E-01  0.1759       1.614    
   248   12.67       8.864       1.385       2.095      0.1846     -0.1444E-12  0.4499      0.3856E-01  0.4057      0.1913      0.2652E-01   0.000      0.3047E-01  0.1749       1.622    
   249   12.67       8.955       1.385       2.084      0.1933       0.000      0.4375      0.3746E-01  0.4036      0.1940      0.2575E-01   0.000      0.3037E-01  0.1747       1.631    
   250   12.68       9.049       1.385       2.072      0.1970       0.000      0.4297      0.3728E-01  0.4010      0.1939      0.2536E-01   0.000      0.3005E-01  0.1751       1.640    
   251   12.68       9.144       1.385       2.061      0.1959       0.000      0.4259      0.3684E-01  0.4010      0.1946      0.2534E-01   0.000      0.3027E-01  0.1745       1.649    
   252   12.68       9.239       1.385       2.049      0.1900       0.000      0.4264      0.3750E-01  0.4034      0.1956      0.2568E-01   0.000      0.3088E-01  0.1734       1.659    
   253   12.68       9.329       1.385       2.038      0.1796       0.000      0.4318      0.3862E-01  0.4052      0.1936      0.2638E-01   0.000      0.3118E-01  0.1731       1.668    
   254   12.69       9.414       1.385       2.027      0.1649       0.000      0.4444      0.4058E-01  0.4057      0.1868      0.2794E-01   0.000      0.3100E-01  0.1736       1.676    
   255   12.69       9.491       1.385       2.018      0.1464       0.000      0.4729      0.4391E-01  0.4053      0.1713      0.3413E-01   0.000      0.3049E-01  0.1748       1.684    
   256   12.69       9.554       1.385       2.010      0.1048       0.000      0.6390     -0.8886E-01  0.3197       0.000     -0.2550E-01   0.000      0.8259E-02  0.2242       0.000    
   257   12.69       9.601       1.385       2.004      0.8411E-01   0.000      0.6362     -0.3588E-01  0.3185       0.000     -0.1314E-01   0.000      0.7897E-02  0.2252       0.000    
   258   12.69       9.637       1.385       2.000      0.6147E-01   0.000      0.6341     -0.2689E-01  0.3181       0.000     -0.1088E-01   0.000      0.7741E-02  0.2257       0.000    
   259   12.69       9.662       1.385       1.997      0.3744E-01   0.000      0.6327     -0.2462E-01  0.3178       0.000     -0.1026E-01   0.000      0.7682E-02  0.2258       0.000    
   260   12.69       9.675       1.385       1.995      0.1257E-01   0.000      0.6319     -0.2426E-01  0.3177       0.000     -0.1015E-01   0.000      0.7663E-02  0.2259       0.000    

 Surface forces referred to Sref,Cref,Bref about Xmom,Ymom,Zmom
 Standard axis orientation,  X fwd, Z down         

  Surface #14     main_wing_7 (YDUP)                      
     # chordwise = 10   # spanwise = 20     First strip =261
     Surface area =  2.3958           ave. chord =  2.0665    
     CLsurf  =   0.014716     Clsurf  =   0.004895
     CYsurf  =   0.000040     Cmsurf  =  -0.008710
     CDsurf  =   0.000615     Cnsurf  =   0.000047
     CDisurf =   0.000147     CDvsurf =   0.000000

  Forces referred to Ssurf, Cave about hinge axis thru LE
     cl_surf =   0.382882     cd_surf =   0.016007

 Strip Forces referred to strip area, chord
    j    xLE         yLE         zLE         Chord       Area        Dihedral   c cl        ai_ff       cl           clj         cd          cdv         cm_c/4     c.p.x/c      Dcj
   261   12.66      -8.519       1.385       2.138      0.1347E-01   0.000      0.6918     -0.2629E-01  0.3247       0.000     -0.1158E-01   0.000      0.7798E-02  0.2260       0.000    
   262   12.66      -8.531       1.385       2.136      0.4005E-01   0.000      0.6913     -0.2655E-01  0.3247       0.000     -0.1165E-01   0.000      0.7802E-02  0.2260       0.000    
   263   12.66      -8.556       1.385       2.133      0.6555E-01   0.000      0.6901     -0.2863E-01  0.3246       0.000     -0.1224E-01   0.000      0.7837E-02  0.2259       0.000    
   264   12.66      -8.592       1.385       2.128      0.8931E-01   0.000      0.6885     -0.3738E-01  0.3247       0.000     -0.1457E-01   0.000      0.7959E-02  0.2255       0.000    
   265   12.66      -8.640       1.385       2.123      0.1107       0.000      0.6864     -0.9028E-01  0.3253       0.000     -0.2824E-01   0.000      0.8274E-02  0.2246       0.000    
   266   12.66      -8.702       1.385       2.115      0.1534       0.000      0.5048      0.4385E-01  0.4060      0.1676      0.3449E-01   0.000      0.2944E-01  0.1775       1.607    
   267   12.67      -8.779       1.385       2.106      0.1712     -0.1564E-12  0.4693      0.4051E-01  0.4063      0.1837      0.2816E-01   0.000      0.3010E-01  0.1759       1.614    
   268   12.67      -8.864       1.385       2.095      0.1846      0.1444E-12  0.4498      0.3856E-01  0.4057      0.1912      0.2652E-01   0.000      0.3047E-01  0.1749       1.622    
   269   12.67      -8.955       1.385       2.084      0.1933       0.000      0.4374      0.3746E-01  0.4036      0.1940      0.2575E-01   0.000      0.3039E-01  0.1747       1.631    
   270   12.68      -9.049       1.385       2.072      0.1970       0.000      0.4296      0.3671E-01  0.4011      0.1941      0.2536E-01   0.000      0.3009E-01  0.1750       1.640    
   271   12.68      -9.144       1.385       2.061      0.1959       0.000      0.4259      0.3742E-01  0.4008      0.1944      0.2533E-01   0.000      0.3023E-01  0.1746       1.649    
   272   12.68      -9.239       1.385       2.049      0.1900       0.000      0.4264      0.3751E-01  0.4033      0.1955      0.2567E-01   0.000      0.3087E-01  0.1735       1.659    
   273   12.68      -9.329       1.385       2.038      0.1796       0.000      0.4317      0.3862E-01  0.4052      0.1936      0.2638E-01   0.000      0.3118E-01  0.1731       1.668    
   274   12.69      -9.414       1.385       2.027      0.1649       0.000      0.4443      0.4058E-01  0.4057      0.1868      0.2794E-01   0.000      0.3100E-01  0.1736       1.676    
   275   12.69      -9.491       1.385       2.018      0.1464       0.000      0.4728      0.4391E-01  0.4053      0.1713      0.3413E-01   0.000      0.3049E-01  0.1748       1.684    
   276   12.69      -9.554       1.385       2.010      0.1048       0.000      0.6390     -0.8885E-01  0.3196       0.000     -0.2550E-01   0.000      0.8260E-02  0.2242       0.000    
   277   12.69      -9.601       1.385       2.004      0.8411E-01   0.000      0.6362     -0.3588E-01  0.3185       0.000     -0.1314E-01   0.000      0.7897E-02  0.2252       0.000    
   278   12.69      -9.637       1.385       2.000      0.6147E-01   0.000      0.6341     -0.2688E-01  0.3180       0.000     -0.1088E-01   0.000      0.7740E-02  0.2257       0.000    
   279   12.69      -9.662       1.385       1.997      0.3744E-01   0.000      0.6327     -0.2462E-01  0.3178       0.000     -0.1025E-01   0.000      0.7681E-02  0.2258       0.000    
   280   12.69      -9.675       1.385       1.995      0.1257E-01   0.000      0.6318     -0.2426E-01  0.3176       0.000     -0.1014E-01   0.000      0.7661E-02  0.2259       0.000    

 Surface forces referred to Sref,Cref,Bref about Xmom,Ymom,Zmom
 Standard axis orientation,  X fwd, Z down         

  Surface #15     main_wing_8                             
     # chordwise = 10   # spanwise = 20     First strip =281
     Surface area =  6.9949           ave. chord =  1.7494    
     CLsurf  =   0.031432     Clsurf  =  -0.012935
     CYsurf  =  -0.000103     Cmsurf  =  -0.019420
     CDsurf  =   0.000725     Cnsurf  =  -0.000384
     CDisurf =   0.000313     CDvsurf =   0.000000

  Forces referred to Ssurf, Cave about hinge axis thru LE
     cl_surf =   0.280095     cd_surf =   0.006464

 Strip Forces referred to strip area, chord
    j    xLE         yLE         zLE         Chord       Area        Dihedral   c cl        ai_ff       cl           clj         cd          cdv         cm_c/4     c.p.x/c      Dcj
   281   12.69       9.686       1.385       1.994      0.7519E-01   0.000      0.6316     -0.2434E-01  0.3177       0.000     -0.1014E-01   0.000      0.7661E-02  0.2259       0.000    
   282   12.70       9.761       1.385       1.985      0.2227       0.000      0.6276     -0.3954E-01  0.3173       0.000     -0.1316E-01   0.000      0.7758E-02  0.2256       0.000    
   283   12.70       9.873       1.385       1.971      0.2047       0.000      0.4483      0.4330E-01  0.4043      0.1771      0.3104E-01   0.000      0.3086E-01  0.1737       1.724    
   284   12.70       9.996       1.385       1.956      0.2773       0.000      0.4082      0.3959E-01  0.4029      0.1945      0.2647E-01   0.000      0.3171E-01  0.1713       1.738    
   285   12.71       10.16       1.385       1.936      0.3412       0.000      0.3865      0.3799E-01  0.3975      0.1981      0.2510E-01   0.000      0.3136E-01  0.1711       1.755    
   286   12.72       10.35       1.385       1.913      0.3947       0.000      0.3765      0.3803E-01  0.3948      0.1982      0.2476E-01   0.000      0.3132E-01  0.1707       1.777    
   287   12.72       10.57       1.385       1.886      0.4363       0.000      0.3845      0.4045E-01  0.3969      0.1933      0.2578E-01   0.000      0.3156E-01  0.1705       1.802    
   288   12.73       10.83       1.385       1.853      0.5522       0.000      0.5517     -0.7975E-02  0.2983       0.000     -0.3390E-02   0.000      0.4945E-02  0.2334       0.000    
   289   12.74       11.14       1.385       1.815      0.5694     -0.4056E-13  0.5275      0.7391E-02  0.2910       0.000      0.1400E-03   0.000      0.3418E-02  0.2383       0.000    
   290   12.75       11.46       1.385       1.776      0.5712      0.3956E-13  0.5010      0.1117E-01  0.2824       0.000      0.1082E-02   0.000      0.2786E-02  0.2401       0.000    
   291   12.76       11.78       1.385       1.737      0.5584       0.000      0.4720      0.1358E-01  0.2721       0.000      0.1557E-02   0.000      0.2686E-02  0.2401       0.000    
   292   12.77       12.10       1.385       1.697      0.5324       0.000      0.4402      0.1583E-01  0.2596       0.000      0.1873E-02   0.000      0.2947E-02  0.2386       0.000    
   293   12.78       12.41       1.385       1.660      0.4946       0.000      0.4051      0.1821E-01  0.2443       0.000      0.2111E-02   0.000      0.3473E-02  0.2358       0.000    
   294   12.79       12.69       1.385       1.624      0.4468       0.000      0.3662      0.2079E-01  0.2256       0.000      0.2287E-02   0.000      0.4187E-02  0.2314       0.000    
   295   12.80       12.95       1.385       1.592      0.3906       0.000      0.3227      0.2352E-01  0.2028       0.000      0.2391E-02   0.000      0.4981E-02  0.2254       0.000    
   296   12.80       13.18       1.385       1.564      0.3277       0.000      0.2741      0.2624E-01  0.1754       0.000      0.2397E-02   0.000      0.5668E-02  0.2177       0.000    
   297   12.81       13.37       1.385       1.541      0.2597       0.000      0.2204      0.2880E-01  0.1431       0.000      0.2269E-02   0.000      0.5957E-02  0.2084       0.000    
   298   12.81       13.52       1.385       1.523      0.1880       0.000      0.1616      0.3101E-01  0.1062       0.000      0.1970E-02   0.000      0.5494E-02  0.1983       0.000    
   299   12.82       13.62       1.385       1.511      0.1138     -0.1689E-12  0.9885E-01  0.3275E-01  0.6545E-01   0.000      0.1457E-02   0.000      0.4005E-02  0.1888       0.000    
   300   12.82       13.67       1.385       1.504      0.3808E-01  0.5027E-12  0.3328E-01  0.3381E-01  0.2212E-01   0.000      0.5782E-03   0.000      0.1492E-02  0.1826       0.000    

 Surface forces referred to Sref,Cref,Bref about Xmom,Ymom,Zmom
 Standard axis orientation,  X fwd, Z down         

  Surface #16     main_wing_8 (YDUP)                      
     # chordwise = 10   # spanwise = 20     First strip =301
     Surface area =  6.9949           ave. chord =  1.7494    
     CLsurf  =   0.031430     Clsurf  =   0.012934
     CYsurf  =   0.000103     Cmsurf  =  -0.019419
     CDsurf  =   0.000725     Cnsurf  =   0.000384
     CDisurf =   0.000313     CDvsurf =   0.000000

  Forces referred to Ssurf, Cave about hinge axis thru LE
     cl_surf =   0.280075     cd_surf =   0.006463

 Strip Forces referred to strip area, chord
    j    xLE         yLE         zLE         Chord       Area        Dihedral   c cl        ai_ff       cl           clj         cd          cdv         cm_c/4     c.p.x/c      Dcj
   301   12.69      -9.686       1.385       1.994      0.7519E-01   0.000      0.6316     -0.2434E-01  0.3177       0.000     -0.1013E-01   0.000      0.7659E-02  0.2259       0.000    
   302   12.70      -9.761       1.385       1.985      0.2227       0.000      0.6275     -0.3953E-01  0.3173       0.000     -0.1315E-01   0.000      0.7755E-02  0.2256       0.000    
   303   12.70      -9.873       1.385       1.971      0.2047       0.000      0.4483      0.4330E-01  0.4042      0.1771      0.3104E-01   0.000      0.3086E-01  0.1737       1.724    
   304   12.70      -9.996       1.385       1.956      0.2773       0.000      0.4081      0.3959E-01  0.4029      0.1945      0.2647E-01   0.000      0.3171E-01  0.1713       1.738    
   305   12.71      -10.16       1.385       1.936      0.3412       0.000      0.3865      0.3796E-01  0.3976      0.1982      0.2510E-01   0.000      0.3138E-01  0.1711       1.755    
   306   12.72      -10.35       1.385       1.913      0.3947       0.000      0.3764      0.3808E-01  0.3946      0.1980      0.2475E-01   0.000      0.3128E-01  0.1707       1.777    
   307   12.72      -10.57       1.385       1.886      0.4363       0.000      0.3845      0.4045E-01  0.3969      0.1933      0.2578E-01   0.000      0.3156E-01  0.1705       1.802    
   308   12.73      -10.83       1.385       1.853      0.5522       0.000      0.5516     -0.7971E-02  0.2983       0.000     -0.3391E-02   0.000      0.4947E-02  0.2334       0.000    
   309   12.74      -11.14       1.385       1.815      0.5694      0.4056E-13  0.5275      0.7394E-02  0.2909       0.000      0.1396E-03   0.000      0.3419E-02  0.2382       0.000    
   310   12.75      -11.46       1.385       1.776      0.5712     -0.3956E-13  0.5009      0.1117E-01  0.2824       0.000      0.1082E-02   0.000      0.2787E-02  0.2401       0.000    
   311   12.76      -11.78       1.385       1.737      0.5584       0.000      0.4719      0.1358E-01  0.2721       0.000      0.1557E-02   0.000      0.2686E-02  0.2401       0.000    
   312   12.77      -12.10       1.385       1.697      0.5324       0.000      0.4402      0.1583E-01  0.2596       0.000      0.1873E-02   0.000      0.2948E-02  0.2386       0.000    
   313   12.78      -12.41       1.385       1.660      0.4946       0.000      0.4051      0.1821E-01  0.2443       0.000      0.2111E-02   0.000      0.3473E-02  0.2358       0.000    
   314   12.79      -12.69       1.385       1.624      0.4468       0.000      0.3662      0.2079E-01  0.2256       0.000      0.2287E-02   0.000      0.4187E-02  0.2314       0.000    
   315   12.80      -12.95       1.385       1.592      0.3906       0.000      0.3227      0.2352E-01  0.2028       0.000      0.2391E-02   0.000      0.4981E-02  0.2254       0.000    
   316   12.80      -13.18       1.385       1.564      0.3277       0.000      0.2741      0.2624E-01  0.1754       0.000      0.2397E-02   0.000      0.5669E-02  0.2177       0.000    
   317   12.81      -13.37       1.385       1.541      0.2597       0.000      0.2204      0.2880E-01  0.1431       0.000      0.2269E-02   0.000      0.5957E-02  0.2084       0.000    
   318   12.81      -13.52       1.385       1.523      0.1880       0.000      0.1616      0.3101E-01  0.1062       0.000      0.1970E-02   0.000      0.5494E-02  0.1983       0.000    
   319   12.82      -13.62       1.385       1.511      0.1138      0.1689E-12  0.9885E-01  0.3275E-01  0.6545E-01   0.000      0.1457E-02   0.000      0.4005E-02  0.1888       0.000    
   320   12.82      -13.67       1.385       1.504      0.3808E-01 -0.5027E-12  0.3328E-01  0.3381E-01  0.2212E-01   0.000      0.5782E-03   0.000      0.1492E-02  0.1826       0.000    

 Surface forces referred to Sref,Cref,Bref about Xmom,Ymom,Zmom
 Standard axis orientation,  X fwd, Z down         

  Surface #17     horizontal_stabilizer                   
     # chordwise = 10   # spanwise = 30     First strip =321
     Surface area =  10.665           ave. chord =  1.8855    
     CLsurf  =   0.029707     Clsurf  =  -0.002673
     CYsurf  =  -0.000070     Cmsurf  =  -0.165236
     CDsurf  =   0.000659     Cnsurf  =  -0.000047
     CDisurf =   0.000659     CDvsurf =   0.000000

  Forces referred to Ssurf, Cave about hinge axis thru LE
     cl_surf =   0.173622     cd_surf =   0.003850

 Strip Forces referred to strip area, chord
    j    xLE         yLE         zLE         Chord       Area        Dihedral   c cl        ai_ff       cl           clj         cd          cdv         cm_c/4     c.p.x/c      Dcj
   321   23.78      0.3876E-02   5.886       2.356      0.3651E-01   0.000      0.4069      0.2877E-01  0.1721       0.000      0.1561E-01   0.000     -0.1216E-02  0.2571       0.000    
   322   23.78      0.3482E-01   5.886       2.351      0.1089       0.000      0.4069      0.2872E-01  0.1730       0.000      0.5471E-02   0.000     -0.1149E-02  0.2566       0.000    
   323   23.79      0.9637E-01   5.886       2.341      0.1794      0.6642E-12  0.4068      0.2866E-01  0.1738       0.000      0.4805E-02   0.000     -0.9464E-03  0.2554       0.000    
   324   23.81      0.1879       5.886       2.326      0.2467     -0.9593E-12  0.4066      0.2859E-01  0.1748       0.000      0.4561E-02   0.000     -0.6546E-03  0.2537       0.000    
   325   23.82      0.3083       5.886       2.306      0.3099      0.3786E-12  0.4061      0.2852E-01  0.1762       0.000      0.4402E-02   0.000     -0.3358E-03  0.2519       0.000    
   326   23.85      0.4563       5.886       2.281      0.3678       0.000      0.4053      0.2843E-01  0.1777       0.000      0.4285E-02   0.000     -0.3165E-04  0.2502       0.000    
   327   23.87      0.6303       5.886       2.252      0.4195       0.000      0.4040      0.2834E-01  0.1794       0.000      0.4198E-02   0.000      0.2350E-03  0.2487       0.000    
   328   23.90      0.8284       5.886       2.219      0.4645     -0.2431E-12  0.4020      0.2824E-01  0.1812       0.000      0.4131E-02   0.000      0.4546E-03  0.2475       0.000    
   329   23.93       1.048       5.886       2.182      0.5020      0.4424E-12  0.3992      0.2814E-01  0.1830       0.000      0.4081E-02   0.000      0.6277E-03  0.2466       0.000    
   330   23.97       1.288       5.886       2.142      0.5319     -0.2050E-12  0.3955      0.2803E-01  0.1847       0.000      0.4041E-02   0.000      0.7611E-03  0.2459       0.000    
   331   24.01       1.544       5.886       2.100      0.5538       0.000      0.3908      0.2793E-01  0.1862       0.000      0.4009E-02   0.000      0.8655E-03  0.2454       0.000    
   332   24.05       1.815       5.886       2.054      0.5678       0.000      0.3851      0.2786E-01  0.1875       0.000      0.3981E-02   0.000      0.9531E-03  0.2449       0.000    
   333   24.09       2.096       5.886       2.008      0.5740       0.000      0.3782      0.2783E-01  0.1884       0.000      0.3956E-02   0.000      0.1036E-02  0.2445       0.000    
   334   24.13       2.386       5.886       1.959      0.5729       0.000      0.3702      0.2786E-01  0.1890       0.000      0.3931E-02   0.000      0.1126E-02  0.2440       0.000    
   335   24.17       2.680       5.886       1.910      0.5647     -0.1721E-12  0.3609      0.2798E-01  0.1890       0.000      0.3905E-02   0.000      0.1234E-02  0.2435       0.000    
   336   24.22       2.976       5.886       1.861      0.5501      0.1721E-12  0.3505      0.2820E-01  0.1884       0.000      0.3876E-02   0.000      0.1372E-02  0.2427       0.000    
   337   24.26       3.271       5.886       1.812      0.5297       0.000      0.3388      0.2855E-01  0.1871       0.000      0.3842E-02   0.000      0.1552E-02  0.2417       0.000    
   338   24.30       3.560       5.886       1.763      0.5043       0.000      0.3258      0.2905E-01  0.1848       0.000      0.3800E-02   0.000      0.1785E-02  0.2403       0.000    
   339   24.34       3.842       5.886       1.717      0.4744       0.000      0.3113      0.2972E-01  0.1814       0.000      0.3747E-02   0.000      0.2086E-02  0.2385       0.000    
   340   24.38       4.112       5.886       1.671      0.4409       0.000      0.2953      0.3057E-01  0.1767       0.000      0.3678E-02   0.000      0.2465E-02  0.2361       0.000    
   341   24.42       4.369       5.886       1.629      0.4044       0.000      0.2774      0.3160E-01  0.1704       0.000      0.3587E-02   0.000      0.2929E-02  0.2328       0.000    
   342   24.46       4.608       5.886       1.589      0.3655       0.000      0.2576      0.3280E-01  0.1622       0.000      0.3465E-02   0.000      0.3476E-02  0.2286       0.000    
   343   24.49       4.828       5.886       1.552      0.3249       0.000      0.2356      0.3413E-01  0.1518       0.000      0.3304E-02   0.000      0.4078E-02  0.2231       0.000    
   344   24.52       5.026       5.886       1.519      0.2830       0.000      0.2112      0.3552E-01  0.1391       0.000      0.3092E-02   0.000      0.4674E-02  0.2164       0.000    
   345   24.54       5.200       5.886       1.490      0.2403       0.000      0.1844      0.3692E-01  0.1237       0.000      0.2822E-02   0.000      0.5159E-02  0.2083       0.000    
   346   24.56       5.348       5.886       1.465      0.1970       0.000      0.1550      0.3823E-01  0.1058       0.000      0.2485E-02   0.000      0.5385E-02  0.1991       0.000    
   347   24.58       5.469       5.886       1.445      0.1533       0.000      0.1234      0.3941E-01  0.8536E-01   0.000      0.2077E-02   0.000      0.5182E-02  0.1893       0.000    
   348   24.60       5.560       5.886       1.430      0.1096       0.000      0.8972E-01  0.4039E-01  0.6274E-01   0.000      0.1593E-02   0.000      0.4409E-02  0.1797       0.000    
   349   24.60       5.622       5.886       1.420      0.6576E-01   0.000      0.5451E-01  0.4115E-01  0.3839E-01   0.000      0.1027E-02   0.000      0.3006E-02  0.1717       0.000    
   350   24.61       5.653       5.886       1.415      0.2192E-01   0.000      0.1829E-01  0.4158E-01  0.1293E-01   0.000      0.3094E-03   0.000      0.1072E-02  0.1671       0.000    

 Surface forces referred to Sref,Cref,Bref about Xmom,Ymom,Zmom
 Standard axis orientation,  X fwd, Z down         

  Surface #18     horizontal_stabilizer (YDUP)            
     # chordwise = 10   # spanwise = 30     First strip =351
     Surface area =  10.665           ave. chord =  1.8855    
     CLsurf  =   0.029706     Clsurf  =   0.002673
     CYsurf  =   0.000070     Cmsurf  =  -0.165233
     CDsurf  =   0.000659     Cnsurf  =   0.000047
     CDisurf =   0.000659     CDvsurf =   0.000000

  Forces referred to Ssurf, Cave about hinge axis thru LE
     cl_surf =   0.173619     cd_surf =   0.003850

 Strip Forces referred to strip area, chord
    j    xLE         yLE         zLE         Chord       Area        Dihedral   c cl        ai_ff       cl           clj         cd          cdv         cm_c/4     c.p.x/c      Dcj
   351   23.78     -0.3876E-02   5.886       2.356      0.3651E-01   0.000      0.4069      0.2877E-01  0.1721       0.000      0.1561E-01   0.000     -0.1216E-02  0.2571       0.000    
   352   23.78     -0.3482E-01   5.886       2.351      0.1089       0.000      0.4069      0.2872E-01  0.1730       0.000      0.5471E-02   0.000     -0.1149E-02  0.2566       0.000    
   353   23.79     -0.9637E-01   5.886       2.341      0.1794     -0.6642E-12  0.4068      0.2866E-01  0.1738       0.000      0.4805E-02   0.000     -0.9464E-03  0.2554       0.000    
   354   23.81     -0.1879       5.886       2.326      0.2467      0.9593E-12  0.4066      0.2859E-01  0.1748       0.000      0.4561E-02   0.000     -0.6546E-03  0.2537       0.000    
   355   23.82     -0.3083       5.886       2.306      0.3099     -0.3786E-12  0.4061      0.2852E-01  0.1762       0.000      0.4402E-02   0.000     -0.3359E-03  0.2519       0.000    
   356   23.85     -0.4563       5.886       2.281      0.3678       0.000      0.4053      0.2843E-01  0.1777       0.000      0.4285E-02   0.000     -0.3166E-04  0.2502       0.000    
   357   23.87     -0.6303       5.886       2.252      0.4195       0.000      0.4040      0.2834E-01  0.1794       0.000      0.4198E-02   0.000      0.2349E-03  0.2487       0.000    
   358   23.90     -0.8284       5.886       2.219      0.4645      0.2431E-12  0.4020      0.2824E-01  0.1812       0.000      0.4131E-02   0.000      0.4546E-03  0.2475       0.000    
   359   23.93      -1.048       5.886       2.182      0.5020     -0.4424E-12  0.3992      0.2814E-01  0.1830       0.000      0.4081E-02   0.000      0.6277E-03  0.2466       0.000    
   360   23.97      -1.288       5.886       2.142      0.5319      0.2050E-12  0.3955      0.2803E-01  0.1847       0.000      0.4041E-02   0.000      0.7611E-03  0.2459       0.000    
   361   24.01      -1.544       5.886       2.100      0.5538       0.000      0.3908      0.2793E-01  0.1862       0.000      0.4009E-02   0.000      0.8655E-03  0.2454       0.000    
   362   24.05      -1.815       5.886       2.054      0.5678       0.000      0.3851      0.2786E-01  0.1875       0.000      0.3981E-02   0.000      0.9531E-03  0.2449       0.000    
   363   24.09      -2.096       5.886       2.008      0.5740       0.000      0.3782      0.2783E-01  0.1884       0.000      0.3956E-02   0.000      0.1036E-02  0.2445       0.000    
   364   24.13      -2.386       5.886       1.959      0.5729       0.000      0.3701      0.2786E-01  0.1890       0.000      0.3931E-02   0.000      0.1126E-02  0.2440       0.000    
   365   24.17      -2.680       5.886       1.910      0.5647      0.1721E-12  0.3609      0.2798E-01  0.1890       0.000      0.3905E-02   0.000      0.1234E-02  0.2435       0.000    
   366   24.22      -2.976       5.886       1.861      0.5501     -0.1721E-12  0.3505      0.2820E-01  0.1884       0.000      0.3876E-02   0.000      0.1372E-02  0.2427       0.000    
   367   24.26      -3.271       5.886       1.812      0.5297       0.000      0.3388      0.2855E-01  0.1871       0.000      0.3842E-02   0.000      0.1552E-02  0.2417       0.000    
   368   24.30      -3.560       5.886       1.763      0.5043       0.000      0.3258      0.2905E-01  0.1848       0.000      0.3800E-02   0.000      0.1785E-02  0.2403       0.000    
   369   24.34      -3.842       5.886       1.717      0.4744       0.000      0.3113      0.2972E-01  0.1814       0.000      0.3747E-02   0.000      0.2086E-02  0.2385       0.000    
   370   24.38      -4.112       5.886       1.671      0.4409       0.000      0.2953      0.3057E-01  0.1767       0.000      0.3678E-02   0.000      0.2465E-02  0.2361       0.000    
   371   24.42      -4.369       5.886       1.629      0.4044       0.000      0.2774      0.3160E-01  0.1704       0.000      0.3587E-02   0.000      0.2929E-02  0.2328       0.000    
   372   24.46      -4.608       5.886       1.589      0.3655       0.000      0.2576      0.3280E-01  0.1622       0.000      0.3465E-02   0.000      0.3476E-02  0.2286       0.000    
   373   24.49      -4.828       5.886       1.552      0.3249       0.000      0.2356      0.3413E-01  0.1518       0.000      0.3304E-02   0.000      0.4078E-02  0.2231       0.000    
   374   24.52      -5.026       5.886       1.519      0.2830       0.000      0.2112      0.3552E-01  0.1391       0.000      0.3092E-02   0.000      0.4674E-02  0.2164       0.000    
   375   24.54      -5.200       5.886       1.490      0.2403       0.000      0.1844      0.3692E-01  0.1237       0.000      0.2822E-02   0.000      0.5159E-02  0.2083       0.000    
   376   24.56      -5.348       5.886       1.465      0.1970       0.000      0.1550      0.3823E-01  0.1058       0.000      0.2485E-02   0.000      0.5385E-02  0.1991       0.000    
   377   24.58      -5.469       5.886       1.445      0.1533       0.000      0.1234      0.3941E-01  0.8536E-01   0.000      0.2077E-02   0.000      0.5182E-02  0.1893       0.000    
   378   24.60      -5.560       5.886       1.430      0.1096       0.000      0.8972E-01  0.4039E-01  0.6274E-01   0.000      0.1593E-02   0.000      0.4409E-02  0.1797       0.000    
   379   24.60      -5.622       5.886       1.420      0.6576E-01   0.000      0.5451E-01  0.4115E-01  0.3839E-01   0.000      0.1027E-02   0.000      0.3006E-02  0.1717       0.000    
   380   24.61      -5.653       5.886       1.415      0.2192E-01   0.000      0.1829E-01  0.4158E-01  0.1293E-01   0.000      0.3094E-03   0.000      0.1072E-02  0.1671       0.000    

 Surface forces referred to Sref,Cref,Bref about Xmom,Ymom,Zmom
 Standard axis orientation,  X fwd, Z down         

  Surface #19     vertical_stabilizer                     
     # chordwise = 10   # spanwise = 30     First strip =381
     Surface area =  14.685           ave. chord =  3.0296    
     CLsurf  =   0.000000     Clsurf  =  -0.000000
     CYsurf  =  -0.000001     Cmsurf  =  -0.000000
     CDsurf  =  -0.000000     Cnsurf  =   0.000000
     CDisurf =  -0.000000     CDvsurf =   0.000000

  Forces referred to Ssurf, Cave about hinge axis thru LE
     cl_surf =   0.000000     cd_surf =  -0.000000

 Strip Forces referred to strip area, chord
    j    xLE         yLE         zLE         Chord       Area        Dihedral   c cl        ai_ff       cl           clj         cd          cdv         cm_c/4     c.p.x/c      Dcj
   381   20.77       0.000       1.054       3.782      0.1411       90.00      0.8020E-05 -0.6991E-05  0.2121E-05   0.000      0.2199E-11   0.000      0.2450E-06  0.1345       0.000    
   382   20.80       0.000       1.104       3.767      0.2298       90.00      0.1487E-04  0.1604E-03  0.3949E-05   0.000     -0.3367E-11   0.000      0.4671E-06  0.1317       0.000    
   383   20.85       0.000       1.176       3.744      0.3154       90.00      0.2237E-04  0.2233E-04  0.5975E-05   0.000     -0.1489E-10   0.000      0.7411E-06  0.1260       0.000    
   384   20.91       0.000       1.272       3.714      0.3966       90.00      0.3317E-04  0.3410E-04  0.8930E-05   0.000     -0.3500E-10   0.000      0.1181E-05  0.1178       0.000    
   385   20.98       0.000       1.390       3.677      0.4719       90.00      0.7023E-04 -0.4134E-03  0.1910E-04   0.000     -0.4975E-10   0.000      0.2596E-05  0.1141       0.000    
   386   21.07       0.000       1.528       3.634      0.5403       90.00      0.3364E-04 -0.6021E-06  0.9257E-05   0.000     -0.4259E-10   0.000      0.1163E-05  0.1244       0.000    
   387   21.16       0.000       1.687       3.585      0.6008       90.00      0.2650E-04  0.8962E-06  0.7393E-05   0.000     -0.2601E-10   0.000      0.7962E-06  0.1423       0.000    
   388   21.27       0.000       1.863       3.529      0.6526       90.00      0.2249E-04  0.1321E-06  0.6373E-05   0.000     -0.1538E-10   0.000      0.5652E-06  0.1613       0.000    
   389   21.39       0.000       2.056       3.469      0.6950       90.00      0.1946E-04 -0.1624E-06  0.5608E-05   0.000     -0.9800E-11   0.000      0.4019E-06  0.1783       0.000    
   390   21.52       0.000       2.263       3.404      0.7278       90.00      0.1703E-04 -0.2790E-06  0.5003E-05   0.000     -0.6685E-11   0.000      0.2853E-06  0.1930       0.000    
   391   21.66       0.000       2.483       3.336      0.7508       90.00      0.1507E-04 -0.3326E-06  0.4517E-05   0.000     -0.4844E-11   0.000      0.2024E-06  0.2052       0.000    
   392   21.80       0.000       2.713       3.264      0.7640       90.00      0.1346E-04 -0.3601E-06  0.4125E-05   0.000     -0.3698E-11   0.000      0.1435E-06  0.2152       0.000    
   393   21.95       0.000       2.951       3.190      0.7676       90.00      0.1214E-04 -0.3750E-06  0.3805E-05   0.000     -0.2947E-11   0.000      0.1013E-06  0.2234       0.000    
   394   22.10       0.000       3.194       3.114      0.7622       90.00      0.1103E-04 -0.3828E-06  0.3541E-05   0.000     -0.2427E-11   0.000      0.7004E-07  0.2302       0.000    
   395   22.26       0.000       3.440       3.037      0.7483       90.00      0.1008E-04 -0.3863E-06  0.3321E-05   0.000     -0.2046E-11   0.000      0.4560E-07  0.2363       0.000    
   396   22.41       0.000       3.686       2.960      0.7266       90.00      0.9280E-05 -0.3867E-06  0.3135E-05   0.000     -0.1754E-11   0.000      0.2519E-07  0.2420       0.000    
   397   22.56       0.000       3.930       2.884      0.6978       90.00      0.8594E-05 -0.3847E-06  0.2981E-05   0.000     -0.1523E-11   0.000      0.7107E-08  0.2476       0.000    
   398   22.71       0.000       4.169       2.809      0.6628       90.00      0.8015E-05 -0.3802E-06  0.2853E-05   0.000     -0.1337E-11   0.000     -0.9511E-08  0.2533       0.000    
   399   22.85       0.000       4.401       2.736      0.6226       90.00      0.7532E-05 -0.3729E-06  0.2753E-05   0.000     -0.1187E-11   0.000     -0.2485E-07  0.2590       0.000    
   400   22.99       0.000       4.624       2.667      0.5779       90.00      0.7140E-05 -0.3623E-06  0.2678E-05   0.000     -0.1066E-11   0.000     -0.3852E-07  0.2644       0.000    
   401   23.12       0.000       4.834       2.601      0.5295       90.00      0.6830E-05 -0.3481E-06  0.2626E-05   0.000     -0.9710E-12   0.000     -0.4969E-07  0.2689       0.000    
   402   23.25       0.000       5.030       2.540      0.4784       90.00      0.6592E-05 -0.3302E-06  0.2595E-05   0.000     -0.8987E-12   0.000     -0.5719E-07  0.2720       0.000    
   403   23.36       0.000       5.210       2.483      0.4251       90.00      0.6414E-05 -0.3088E-06  0.2583E-05   0.000     -0.8468E-12   0.000     -0.5985E-07  0.2732       0.000    
   404   23.46       0.000       5.372       2.433      0.3702       90.00      0.6284E-05 -0.2848E-06  0.2583E-05   0.000     -0.8135E-12   0.000     -0.5686E-07  0.2720       0.000    
   405   23.55       0.000       5.514       2.388      0.3142       90.00      0.6189E-05 -0.2591E-06  0.2591E-05   0.000     -0.7981E-12   0.000     -0.4813E-07  0.2686       0.000    
   406   23.62       0.000       5.635       2.351      0.2576       90.00      0.6117E-05 -0.2330E-06  0.2602E-05   0.000     -0.8012E-12   0.000     -0.3474E-07  0.2634       0.000    
   407   23.68       0.000       5.733       2.320      0.2006       90.00      0.6054E-05 -0.2084E-06  0.2609E-05   0.000     -0.7990E-12   0.000     -0.1859E-07  0.2571       0.000    
   408   23.73       0.000       5.808       2.297      0.1433       90.00      0.5956E-05 -0.1843E-06  0.2593E-05   0.000     -0.6475E-12   0.000     -0.2604E-08  0.2510       0.000    
   409   23.76       0.000       5.858       2.281      0.8601E-01   90.00      0.5622E-05 -0.1595E-06  0.2465E-05   0.000      0.3869E-12   0.000     -0.7996E-08  0.2532       0.000    
   410   23.78       0.000       5.883       2.273      0.2867E-01   90.00      0.3260E-05 -0.1449E-06  0.1434E-05   0.000      0.1320E-10   0.000     -0.2358E-06  0.4144       0.000    

 Surface forces referred to Sref,Cref,Bref about Xmom,Ymom,Zmom
 Standard axis orientation,  X fwd, Z down         

  Surface #20     fuselage_horizontal                     
     # chordwise = 10   # spanwise = 30     First strip =411
     Surface area =  65.503           ave. chord =  23.647    
     CLsurf  =   0.007875     Clsurf  =   0.000000
     CYsurf  =   0.000000     Cmsurf  =   0.051438
     CDsurf  =   0.000039     Cnsurf  =  -0.000000
     CDisurf =   0.000039     CDvsurf =   0.000000

  Forces referred to Ssurf, Cave about hinge axis thru LE
     cl_surf =   0.007494     cd_surf =   0.000037

 Strip Forces referred to strip area, chord
    j    xLE         yLE         zLE         Chord       Area        Dihedral   c cl        ai_ff       cl           clj         cd          cdv         cm_c/4     c.p.x/c      Dcj
   411   3.132      -1.339       0.000       15.61       1.441       0.000      0.6745E-01  0.4419E-01  0.4345E-02   0.000     -0.3258E-03   0.000      0.2428E-02 -0.3088       0.000    
   412   2.645      -1.247       0.000       17.73       1.637       0.000      0.1020      0.4921E-01  0.5771E-02   0.000     -0.2205E-03   0.000      0.2858E-02 -0.2452       0.000    
   413   2.159      -1.154       0.000       19.86       1.834       0.000      0.1278      0.5235E-01  0.6452E-02   0.000     -0.1154E-03   0.000      0.2919E-02 -0.2025       0.000    
   414   1.788      -1.062       0.000       21.39       1.975       0.000      0.1467      0.5378E-01  0.6870E-02   0.000     -0.3101E-04   0.000      0.3018E-02 -0.1893       0.000    
   415   1.533     -0.9695       0.000       22.32       2.061       0.000      0.1625      0.5391E-01  0.7288E-02   0.000      0.1419E-04   0.000      0.3146E-02 -0.1817       0.000    
   416   1.278     -0.8772       0.000       23.26       2.147       0.000      0.1752      0.5370E-01  0.7544E-02   0.000      0.2647E-05   0.000      0.3226E-02 -0.1777       0.000    
   417   1.058     -0.7848       0.000       24.08       2.223       0.000      0.1855      0.5312E-01  0.7716E-02   0.000      0.4700E-05   0.000      0.3293E-02 -0.1768       0.000    
   418  0.8733     -0.6925       0.000       24.78       2.288       0.000      0.1941      0.5279E-01  0.7844E-02   0.000      0.2222E-05   0.000      0.3346E-02 -0.1765       0.000    
   419  0.6887     -0.6002       0.000       25.49       2.353       0.000      0.2012      0.5227E-01  0.7904E-02   0.000     -0.1947E-04   0.000      0.3372E-02 -0.1766       0.000    
   420  0.5311     -0.5078       0.000       26.02       2.403       0.000      0.2068      0.5185E-01  0.7962E-02   0.000     -0.6619E-04   0.000      0.3402E-02 -0.1772       0.000    
   421  0.4004     -0.4155       0.000       26.38       2.436       0.000      0.2116      0.5162E-01  0.8033E-02   0.000      0.3537E-05   0.000      0.3433E-02 -0.1773       0.000    
   422  0.2697     -0.3232       0.000       26.74       2.469       0.000      0.2153      0.5140E-01  0.8068E-02   0.000     -0.5003E-04   0.000      0.3446E-02 -0.1771       0.000    
   423  0.1703     -0.2308       0.000       26.95       2.488       0.000      0.2181      0.5132E-01  0.8105E-02   0.000      0.1296E-05   0.000      0.3462E-02 -0.1771       0.000    
   424  0.1022     -0.1385       0.000       27.02       2.495       0.000      0.2201      0.5132E-01  0.8145E-02   0.000      0.2224E-03   0.000      0.3480E-02 -0.1773       0.000    
   425  0.3407E-01 -0.4617E-01   0.000       27.09       2.501       0.000      0.2211      0.5130E-01  0.8131E-02   0.000      0.8171E-03   0.000      0.3484E-02 -0.1784       0.000    
   426  0.3407E-01  0.4617E-01   0.000       27.09       2.501       0.000      0.2211      0.5134E-01  0.8131E-02   0.000      0.8171E-03   0.000      0.3484E-02 -0.1784       0.000    
   427  0.1022      0.1385       0.000       27.02       2.495       0.000      0.2201      0.5133E-01  0.8145E-02   0.000      0.2223E-03   0.000      0.3480E-02 -0.1773       0.000    
   428  0.1703      0.2308       0.000       26.95       2.488       0.000      0.2181      0.5133E-01  0.8103E-02   0.000      0.1180E-05   0.000      0.3462E-02 -0.1772       0.000    
   429  0.2697      0.3232       0.000       26.74       2.469       0.000      0.2153      0.5140E-01  0.8066E-02   0.000     -0.5019E-04   0.000      0.3446E-02 -0.1772       0.000    
   430  0.4004      0.4155       0.000       26.38       2.436       0.000      0.2116      0.5162E-01  0.8031E-02   0.000      0.3397E-05   0.000      0.3433E-02 -0.1775       0.000    
   431  0.5311      0.5078       0.000       26.02       2.403       0.000      0.2067      0.5185E-01  0.7960E-02   0.000     -0.6638E-04   0.000      0.3402E-02 -0.1774       0.000    
   432  0.6887      0.6002       0.000       25.49       2.353       0.000      0.2011      0.5227E-01  0.7902E-02   0.000     -0.1963E-04   0.000      0.3373E-02 -0.1768       0.000    
   433  0.8733      0.6925       0.000       24.78       2.288       0.000      0.1941      0.5279E-01  0.7842E-02   0.000      0.2073E-05   0.000      0.3346E-02 -0.1767       0.000    
   434   1.058      0.7848       0.000       24.08       2.223       0.000      0.1855      0.5312E-01  0.7713E-02   0.000      0.4555E-05   0.000      0.3294E-02 -0.1771       0.000    
   435   1.278      0.8772       0.000       23.26       2.147       0.000      0.1752      0.5370E-01  0.7542E-02   0.000      0.2517E-05   0.000      0.3227E-02 -0.1779       0.000    
   436   1.533      0.9695       0.000       22.32       2.061       0.000      0.1624      0.5391E-01  0.7285E-02   0.000      0.1409E-04   0.000      0.3147E-02 -0.1819       0.000    
   437   1.788       1.062       0.000       21.39       1.975       0.000      0.1467      0.5378E-01  0.6868E-02   0.000     -0.3107E-04   0.000      0.3019E-02 -0.1896       0.000    
   438   2.159       1.154       0.000       19.86       1.834       0.000      0.1278      0.5235E-01  0.6449E-02   0.000     -0.1155E-03   0.000      0.2920E-02 -0.2028       0.000    
   439   2.645       1.247       0.000       17.73       1.637       0.000      0.1019      0.4921E-01  0.5768E-02   0.000     -0.2206E-03   0.000      0.2858E-02 -0.2456       0.000    
   440   3.132       1.339       0.000       15.61       1.441       0.000      0.6741E-01  0.4419E-01  0.4342E-02   0.000     -0.3258E-03   0.000      0.2429E-02 -0.3093       0.000    

 Surface forces referred to Sref,Cref,Bref about Xmom,Ymom,Zmom
 Standard axis orientation,  X fwd, Z down         

  Surface #21     fuselage_vertical                       
     # chordwise = 10   # spanwise = 30     First strip =441
     Surface area =  65.103           ave. chord =  23.503    
     CLsurf  =   0.000000     Clsurf  =   0.000000
     CYsurf  =  -0.000001     Cmsurf  =  -0.000000
     CDsurf  =   0.000000     Cnsurf  =   0.000000
     CDisurf =   0.000000     CDvsurf =   0.000000

  Forces referred to Ssurf, Cave about hinge axis thru LE
     cl_surf =   0.000000     cd_surf =   0.000000

 Strip Forces referred to strip area, chord
    j    xLE         yLE         zLE         Chord       Area        Dihedral   c cl        ai_ff       cl           clj         cd          cdv         cm_c/4     c.p.x/c      Dcj
   441   2.856       0.000      -1.339       15.65       1.445       90.00      0.6884E-06 -0.1859E-05  0.4398E-07   0.000     -0.8603E-12   0.000     -0.1645E-06   3.991       0.000    
   442   1.819       0.000      -1.247       17.87       1.650       90.00      0.1282E-05 -0.1494E-05  0.7172E-07   0.000     -0.3442E-12   0.000     -0.2028E-06   3.078       0.000    
   443  0.7817       0.000      -1.154       20.09       1.855       90.00      0.1880E-05 -0.1136E-05  0.9356E-07   0.000      0.2068E-11   0.000     -0.2120E-06   2.516       0.000    
   444  0.2207       0.000      -1.062       21.48       1.984       90.00      0.1176E-05 -0.7464E-06  0.5475E-07   0.000      0.4247E-11   0.000     -0.2080E-06   4.049       0.000    
   445  0.1361       0.000     -0.9695       22.06       2.037       90.00      0.1905E-05 -0.6828E-06  0.8635E-07   0.000      0.3309E-11   0.000     -0.2286E-06   2.897       0.000    
   446  0.5142E-01   0.000     -0.8772       22.63       2.090       90.00      0.2785E-05 -0.5917E-06  0.1231E-06   0.000      0.3622E-11   0.000     -0.2463E-06   2.252       0.000    
   447  0.1405E-01   0.000     -0.7848       23.10       2.133       90.00      0.3719E-05 -0.4939E-06  0.1610E-06   0.000      0.3947E-11   0.000     -0.2653E-06   1.898       0.000    
   448  0.2395E-01   0.000     -0.6925       23.47       2.167       90.00      0.5021E-05 -0.4328E-06  0.2140E-06   0.000      0.4073E-11   0.000     -0.2845E-06   1.580       0.000    
   449  0.3385E-01   0.000     -0.6002       23.83       2.200       90.00      0.6592E-05 -0.3473E-06  0.2766E-06   0.000      0.3926E-11   0.000     -0.3030E-06   1.345       0.000    
   450  0.6640E-01   0.000     -0.5078       24.15       2.229       90.00      0.8503E-05 -0.2531E-06  0.3522E-06   0.000      0.3440E-11   0.000     -0.3264E-06   1.177       0.000    
   451  0.1216       0.000     -0.4155       24.41       2.254       90.00      0.1090E-04 -0.1307E-06  0.4466E-06   0.000      0.2727E-11   0.000     -0.3471E-06   1.027       0.000    
   452  0.1768       0.000     -0.3232       24.67       2.278       90.00      0.1397E-04  0.1442E-06  0.5663E-06   0.000      0.1950E-11   0.000     -0.3683E-06  0.9003       0.000    
   453  0.2450       0.000     -0.2308       24.90       2.299       90.00      0.1821E-04  0.1123E-05  0.7314E-06   0.000      0.1430E-11   0.000     -0.4005E-06  0.7976       0.000    
   454  0.3263       0.000     -0.1385       25.09       2.317       90.00      0.2429E-04  0.5492E-05  0.9678E-06   0.000      0.1821E-11   0.000     -0.4365E-06  0.7010       0.000    
   455  0.4076       0.000     -0.4617E-01   25.29       2.335       90.00      0.3277E-04  0.1962E-04  0.1296E-05   0.000      0.3978E-11   0.000     -0.4837E-06  0.6234       0.000    
   456  0.5006       0.000      0.4617E-01   25.46       2.351       90.00      0.4264E-04 -0.2005E-04  0.1674E-05   0.000      0.7041E-11   0.000     -0.5489E-06  0.5778       0.000    
   457  0.6052       0.000      0.1385       25.61       2.365       90.00      0.5065E-04 -0.5936E-05  0.1978E-05   0.000      0.7902E-11   0.000     -0.5848E-06  0.5457       0.000    
   458  0.7098       0.000      0.2308       25.76       2.378       90.00      0.5382E-04 -0.1559E-05  0.2089E-05   0.000      0.3625E-11   0.000     -0.5747E-06  0.5250       0.000    
   459  0.8268       0.000      0.3232       25.85       2.387       90.00      0.5815E-04 -0.5647E-06  0.2249E-05   0.000     -0.1803E-12   0.000     -0.6312E-06  0.5306       0.000    
   460  0.9561       0.000      0.4155       25.90       2.392       90.00      0.6128E-04 -0.3323E-06  0.2366E-05   0.000     -0.1554E-11   0.000     -0.6360E-06  0.5188       0.000    
   461   1.086       0.000      0.5078       25.95       2.396       90.00      0.6359E-04 -0.2875E-06  0.2451E-05   0.000     -0.5084E-11   0.000     -0.6334E-06  0.5084       0.000    
   462   1.230       0.000      0.6002       25.89       2.391       90.00      0.6977E-04 -0.3287E-06  0.2695E-05   0.000     -0.8287E-11   0.000     -0.7968E-06  0.5457       0.000    
   463   1.390       0.000      0.6925       25.73       2.376       90.00      0.7070E-04 -0.4564E-06  0.2748E-05   0.000     -0.4137E-11   0.000     -0.7916E-06  0.5381       0.000    
   464   1.549       0.000      0.7848       25.57       2.361       90.00      0.7058E-04 -0.7788E-06  0.2760E-05   0.000     -0.3704E-11   0.000     -0.7749E-06  0.5308       0.000    
   465   1.732       0.000      0.8772       25.39       2.344       90.00      0.6921E-04 -0.1943E-05  0.2726E-05   0.000     -0.7793E-11   0.000     -0.7439E-06  0.5229       0.000    
   466   1.938       0.000      0.9695       25.18       2.325       90.00      0.6453E-04 -0.1158E-04  0.2562E-05   0.000     -0.1661E-10   0.000     -0.6626E-06  0.5086       0.000    
   467   2.144       0.000       1.062       24.98       2.306       90.00      0.5479E-04 -0.2751E-04  0.2194E-05   0.000     -0.5102E-10   0.000     -0.4955E-06  0.4759       0.000    
   468   2.435       0.000       1.154       23.15       2.138       90.00      0.8615E-04  0.2366E-04  0.3721E-05   0.000      0.3759E-10   0.000     -0.2507E-05  0.9237       0.000    
   469   2.811       0.000       1.247       19.71       1.820       90.00      0.1374E-04  0.1296E-04  0.6969E-06   0.000      0.1940E-10   0.000     -0.1519E-05   2.430       0.000    
   470   3.187       0.000       1.339       16.27       1.502       90.00     -0.2012E-03  0.2064E-04 -0.1237E-04   0.000      0.3458E-11   0.000      0.5949E-05  0.7310       0.000    

 Surface forces referred to Sref,Cref,Bref about Xmom,Ymom,Zmom
 Standard axis orientation,  X fwd, Z down         

  Surface #22     nacelle_horizontal                      
     # chordwise =  6   # spanwise = 11     First strip =471
     Surface area = 0.11003           ave. chord = 0.41677    
     CLsurf  =   0.000140     Clsurf  =  -0.000011
     CYsurf  =  -0.000000     Cmsurf  =   0.000068
     CDsurf  =   0.000002     Cnsurf  =  -0.000000
     CDisurf =   0.000002     CDvsurf =   0.000000

  Forces referred to Ssurf, Cave about hinge axis thru LE
     cl_surf =   0.079484     cd_surf =   0.000882

 Strip Forces referred to strip area, chord
    j    xLE         yLE         zLE         Chord       Area        Dihedral   c cl        ai_ff       cl           clj         cd          cdv         cm_c/4     c.p.x/c      Dcj
   471   10.58       2.021       1.253      0.1455      0.3841E-02   0.000      0.1977E-01  0.8886E-01  0.1363       0.000     -0.4075E-02   0.000      0.5769E-02  0.2077       0.000    
   472   10.51       2.048       1.253      0.3425      0.9041E-02   0.000      0.2948E-01  0.9943E-01  0.8620E-01   0.000      0.4337E-04   0.000      0.7373E-02  0.1645       0.000    
   473   10.47       2.074       1.253      0.4523      0.1194E-01   0.000      0.3529E-01  0.1019      0.7809E-01   0.000      0.8282E-03   0.000      0.7442E-02  0.1547       0.000    
   474   10.44       2.101       1.253      0.5384      0.1421E-01   0.000      0.3900E-01  0.1082      0.7245E-01   0.000      0.1479E-02   0.000      0.7206E-02  0.1505       0.000    
   475   10.43       2.127       1.253      0.6052      0.1598E-01   0.000      0.4089E-01  0.1252      0.6756E-01   0.000      0.1959E-02   0.000      0.6942E-02  0.1472       0.000    
   476   10.42       2.147       1.253      0.6194      0.8176E-02   0.000      0.4087E-01  0.6851E-01  0.6596E-01   0.000      0.2173E-02   0.000      0.6776E-02  0.1473       0.000    
   477   10.43       2.160       1.253      0.5910      0.7801E-02   0.000      0.4024E-01  0.8669E-01  0.6806E-01   0.000      0.2231E-02   0.000      0.6932E-02  0.1481       0.000    
   478   10.44       2.180       1.253      0.5384      0.1421E-01   0.000      0.3917E-01  0.9626E-01  0.7277E-01   0.000      0.1509E-02   0.000      0.7311E-02  0.1495       0.000    
   479   10.47       2.206       1.253      0.4523      0.1194E-01   0.000      0.3597E-01  0.1001      0.7959E-01   0.000      0.8243E-03   0.000      0.7751E-02  0.1526       0.000    
   480   10.51       2.233       1.253      0.3425      0.9041E-02   0.000      0.3025E-01  0.9921E-01  0.8846E-01   0.000     -0.1229E-04   0.000      0.7869E-02  0.1610       0.000    
   481   10.58       2.259       1.253      0.1455      0.3841E-02   0.000      0.2063E-01  0.8946E-01  0.1422       0.000     -0.4224E-02   0.000      0.6824E-02  0.2020       0.000    

 Surface forces referred to Sref,Cref,Bref about Xmom,Ymom,Zmom
 Standard axis orientation,  X fwd, Z down         

  Surface #23     nacelle_horizontal (YDUP)               
     # chordwise =  6   # spanwise = 11     First strip =482
     Surface area = 0.11003           ave. chord = 0.41677    
     CLsurf  =   0.000088     Clsurf  =   0.000007
     CYsurf  =   0.000000     Cmsurf  =   0.000042
     CDsurf  =   0.000001     Cnsurf  =   0.000000
     CDisurf =   0.000001     CDvsurf =   0.000000

  Forces referred to Ssurf, Cave about hinge axis thru LE
     cl_surf =   0.049605     cd_surf =   0.000524

 Strip Forces referred to strip area, chord
    j    xLE         yLE         zLE         Chord       Area        Dihedral   c cl        ai_ff       cl           clj         cd          cdv         cm_c/4     c.p.x/c      Dcj
   482   10.58      -2.021       1.253      0.1455      0.3841E-02   0.000      0.1420E-01  0.1376      0.9779E-01   0.000     -0.1778E-02   0.000      0.5485E-02  0.1939       0.000    
   483   10.51      -2.048       1.253      0.3425      0.9041E-02   0.000      0.1965E-01  0.1259      0.5744E-01   0.000      0.1584E-03   0.000      0.5870E-02  0.1478       0.000    
   484   10.47      -2.074       1.253      0.4523      0.1194E-01   0.000      0.2282E-01  0.1299      0.5049E-01   0.000      0.5113E-03   0.000      0.5522E-02  0.1406       0.000    
   485   10.44      -2.101       1.253      0.5384      0.1421E-01   0.000      0.2310E-01  0.1383      0.4293E-01   0.000      0.8820E-03   0.000      0.4751E-02  0.1393       0.000    
   486   10.43      -2.127       1.253      0.6052      0.1598E-01   0.000      0.2039E-01         NaN  0.3370E-01   0.000      0.8277E-03   0.000      0.3753E-02  0.1386       0.000    
   487   10.42      -2.147       1.253      0.6194      0.8176E-02   0.000      0.2288E-01  0.2385E-01  0.3693E-01   0.000      0.1089E-02   0.000      0.4148E-02  0.1377       0.000    
   488   10.43      -2.160       1.253      0.5910      0.7801E-02   0.000      0.2480E-01  0.6758E-01  0.4196E-01   0.000      0.1192E-02   0.000      0.4708E-02  0.1378       0.000    
   489   10.44      -2.180       1.253      0.5384      0.1421E-01   0.000      0.2517E-01  0.1293      0.4676E-01   0.000      0.8598E-03   0.000      0.5242E-02  0.1379       0.000    
   490   10.47      -2.206       1.253      0.4523      0.1194E-01   0.000      0.2294E-01  0.1307      0.5075E-01   0.000      0.5198E-03   0.000      0.5700E-02  0.1377       0.000    
   491   10.51      -2.233       1.253      0.3425      0.9041E-02   0.000      0.1986E-01  0.1271      0.5806E-01   0.000      0.1429E-03   0.000      0.6196E-02  0.1433       0.000    
   492   10.58      -2.259       1.253      0.1455      0.3841E-02   0.000      0.1461E-01  0.1402      0.1007       0.000     -0.1746E-02   0.000      0.6229E-02  0.1881       0.000    

 Surface forces referred to Sref,Cref,Bref about Xmom,Ymom,Zmom
 Standard axis orientation,  X fwd, Z down         

  Surface #24     nacelle_vertical                        
     # chordwise =  6   # spanwise = 11     First strip =493
     Surface area = 0.11003           ave. chord = 0.41677    
     CLsurf  =  -0.000000     Clsurf  =   0.000000
     CYsurf  =  -0.000022     Cmsurf  =  -0.000000
     CDsurf  =  -0.000000     Cnsurf  =  -0.000001
     CDisurf =  -0.000000     CDvsurf =   0.000000

  Forces referred to Ssurf, Cave about hinge axis thru LE
     cl_surf =  -0.000036     cd_surf =  -0.000074

 Strip Forces referred to strip area, chord
    j    xLE         yLE         zLE         Chord       Area        Dihedral   c cl        ai_ff       cl           clj         cd          cdv         cm_c/4     c.p.x/c      Dcj
   493   10.58       2.140       1.134      0.1455      0.3841E-02   90.00      0.2397E-02 -0.1502E-02  0.1648E-01   0.000     -0.3881E-03   0.000      0.7016E-02 -0.1758       0.000    
   494   10.51       2.140       1.161      0.3424      0.9041E-02   90.00      0.4621E-02  0.1505E-02  0.1349E-01   0.000     -0.1392E-03   0.000      0.2965E-02  0.3027E-01   0.000    
   495   10.47       2.140       1.187      0.4523      0.1194E-01   90.00      0.6068E-02  0.3850E-02  0.1342E-01   0.000     -0.1066E-03   0.000      0.2506E-02  0.6319E-01   0.000    
   496   10.44       2.140       1.213      0.5384      0.1421E-01   90.00      0.7582E-02  0.1788E-01  0.1408E-01   0.000     -0.8625E-04   0.000      0.2409E-02  0.7895E-01   0.000    
   497   10.43       2.140       1.240      0.6052      0.1598E-01   90.00      0.7810E-02  0.2297E-01  0.1290E-01   0.000     -0.4584E-04   0.000      0.2048E-02  0.9129E-01   0.000    
   498   10.42       2.140       1.260      0.6194      0.8176E-02   90.00      0.6643E-02 -0.9629E-02  0.1073E-01   0.000     -0.2674E-04   0.000      0.4569E-04  0.2457       0.000    
   499   10.43       2.140       1.273      0.5910      0.7801E-02   90.00      0.4739E-02 -0.2940E-01  0.8018E-02   0.000     -0.1682E-04   0.000     -0.8785E-05  0.2511       0.000    
   500   10.44       2.140       1.293      0.5384      0.1421E-01   90.00      0.4342E-02 -0.1672E-01  0.8065E-02   0.000     -0.1968E-04   0.000     -0.6502E-04  0.2581       0.000    
   501   10.47       2.140       1.319      0.4523      0.1194E-01   90.00      0.4751E-02 -0.4431E-02  0.1050E-01   0.000     -0.3786E-04   0.000     -0.1673E-03  0.2659       0.000    
   502   10.51       2.140       1.345      0.3425      0.9041E-02   90.00      0.4290E-02 -0.5635E-02  0.1253E-01   0.000     -0.5831E-04   0.000     -0.4992E-03  0.2898       0.000    
   503   10.58       2.140       1.372      0.1455      0.3841E-02   90.00      0.3314E-02 -0.8971E-02  0.2278E-01   0.000     -0.1384E-03   0.000     -0.3529E-02  0.4049       0.000    

 Surface forces referred to Sref,Cref,Bref about Xmom,Ymom,Zmom
 Standard axis orientation,  X fwd, Z down         

  Surface #25     nacelle_vertical (YDUP)                 
     # chordwise =  6   # spanwise = 11     First strip =504
     Surface area = 0.11003           ave. chord = 0.41677    
     CLsurf  =  -0.000000     Clsurf  =  -0.000000
     CYsurf  =   0.000013     Cmsurf  =  -0.000000
     CDsurf  =  -0.000000     Cnsurf  =   0.000001
     CDisurf =  -0.000000     CDvsurf =   0.000000

  Forces referred to Ssurf, Cave about hinge axis thru LE
     cl_surf =  -0.000004     cd_surf =  -0.000042

 Strip Forces referred to strip area, chord
    j    xLE         yLE         zLE         Chord       Area        Dihedral   c cl        ai_ff       cl           clj         cd          cdv         cm_c/4     c.p.x/c      Dcj
   504   10.58      -2.140       1.134      0.1455      0.3841E-02  -90.00      0.1484E-02  0.6744E-02  0.1020E-01   0.000     -0.1878E-03   0.000      0.4613E-02 -0.2021       0.000    
   505   10.51      -2.140       1.161      0.3424      0.9041E-02  -90.00      0.2555E-02  0.5539E-02  0.7462E-02   0.000     -0.6611E-04   0.000      0.1800E-02  0.8794E-02   0.000    
   506   10.47      -2.140       1.187      0.4523      0.1194E-01  -90.00      0.3022E-02  0.4059E-02  0.6681E-02   0.000     -0.4523E-04   0.000      0.1353E-02  0.4748E-01   0.000    
   507   10.44      -2.140       1.213      0.5384      0.1421E-01  -90.00      0.3364E-02  0.7759E-02  0.6248E-02   0.000     -0.3228E-04   0.000      0.1117E-02  0.7128E-01   0.000    
   508   10.43      -2.140       1.240      0.6052      0.1598E-01  -90.00      0.3444E-02  0.8942E-02  0.5690E-02   0.000     -0.2157E-04   0.000      0.9224E-03  0.8791E-01   0.000    
   509   10.42      -2.140       1.260      0.6194      0.8176E-02  -90.00      0.3708E-02 -0.1998E-01  0.5986E-02   0.000     -0.1733E-04   0.000      0.9132E-04  0.2347       0.000    
   510   10.43      -2.140       1.273      0.5910      0.7801E-02  -90.00      0.3696E-02 -0.1480E-01  0.6255E-02   0.000     -0.1642E-04   0.000      0.1004E-03  0.2339       0.000    
   511   10.44      -2.140       1.293      0.5384      0.1421E-01  -90.00      0.4071E-02  0.1214E-02  0.7561E-02   0.000     -0.2554E-04   0.000      0.5739E-04  0.2424       0.000    
   512   10.47      -2.140       1.319      0.4523      0.1194E-01  -90.00      0.3939E-02  0.2520E-02  0.8710E-02   0.000     -0.3795E-04   0.000     -0.3519E-04  0.2540       0.000    
   513   10.51      -2.140       1.345      0.3425      0.9041E-02  -90.00      0.3345E-02 -0.3182E-02  0.9769E-02   0.000     -0.4807E-04   0.000     -0.2610E-03  0.2767       0.000    
   514   10.58      -2.140       1.372      0.1455      0.3841E-02  -90.00      0.2659E-02 -0.5065E-02  0.1828E-01   0.000     -0.1028E-03   0.000     -0.2628E-02  0.3938       0.000    

 Surface forces referred to Sref,Cref,Bref about Xmom,Ymom,Zmom
 Standard axis orientation,  X fwd, Z down         

  Surface #26     nacelle_2_horizontal                    
     # chordwise =  6   # spanwise = 11     First strip =515
     Surface area = 0.11003           ave. chord = 0.41677    
     CLsurf  =   0.000139     Clsurf  =  -0.000017
     CYsurf  =  -0.000000     Cmsurf  =   0.000067
     CDsurf  =   0.000001     Cnsurf  =  -0.000001
     CDisurf =   0.000001     CDvsurf =   0.000000

  Forces referred to Ssurf, Cave about hinge axis thru LE
     cl_surf =   0.078776     cd_surf =   0.000573

 Strip Forces referred to strip area, chord
    j    xLE         yLE         zLE         Chord       Area        Dihedral   c cl        ai_ff       cl           clj         cd          cdv         cm_c/4     c.p.x/c      Dcj
   515   10.59       3.181       1.253      0.1455      0.3841E-02   0.000      0.1981E-01  0.8963E-01  0.1366       0.000     -0.4754E-02   0.000      0.7185E-02  0.1974       0.000    
   516   10.52       3.207       1.253      0.3424      0.9041E-02   0.000      0.2914E-01  0.9658E-01  0.8523E-01   0.000     -0.4404E-03   0.000      0.8595E-02  0.1492       0.000    
   517   10.48       3.234       1.253      0.4523      0.1194E-01   0.000      0.3490E-01  0.9971E-01  0.7724E-01   0.000      0.4627E-03   0.000      0.8351E-02  0.1419       0.000    
   518   10.45       3.260       1.253      0.5384      0.1421E-01   0.000      0.3852E-01  0.1048      0.7157E-01   0.000      0.1214E-02   0.000      0.7890E-02  0.1398       0.000    
   519   10.44       3.286       1.253      0.6052      0.1598E-01   0.000      0.4042E-01  0.1204      0.6678E-01   0.000      0.1792E-02   0.000      0.7511E-02  0.1375       0.000    
   520   10.43       3.306       1.253      0.6194      0.8176E-02   0.000      0.4062E-01  0.6882E-01  0.6555E-01   0.000      0.2095E-02   0.000      0.7353E-02  0.1378       0.000    
   521   10.44       3.319       1.253      0.5910      0.7801E-02   0.000      0.4019E-01  0.8865E-01  0.6799E-01   0.000      0.2078E-02   0.000      0.7542E-02  0.1391       0.000    
   522   10.45       3.339       1.253      0.5384      0.1421E-01   0.000      0.3906E-01  0.9654E-01  0.7258E-01   0.000      0.1263E-02   0.000      0.7933E-02  0.1407       0.000    
   523   10.48       3.366       1.253      0.4523      0.1194E-01   0.000      0.3564E-01  0.9833E-01  0.7888E-01   0.000      0.4772E-03   0.000      0.8465E-02  0.1427       0.000    
   524   10.52       3.392       1.253      0.3425      0.9041E-02   0.000      0.2979E-01  0.9629E-01  0.8713E-01   0.000     -0.4659E-03   0.000      0.8756E-02  0.1495       0.000    
   525   10.59       3.418       1.253      0.1455      0.3841E-02   0.000      0.2031E-01  0.8936E-01  0.1400       0.000     -0.4912E-02   0.000      0.7501E-02  0.1964       0.000    

 Surface forces referred to Sref,Cref,Bref about Xmom,Ymom,Zmom
 Standard axis orientation,  X fwd, Z down         

  Surface #27     nacelle_2_vertical                      
     # chordwise =  6   # spanwise = 11     First strip =526
     Surface area = 0.11003           ave. chord = 0.41677    
     CLsurf  =  -0.000000     Clsurf  =   0.000000
     CYsurf  =  -0.000007     Cmsurf  =  -0.000000
     CDsurf  =  -0.000000     Cnsurf  =  -0.000000
     CDisurf =  -0.000000     CDvsurf =   0.000000

  Forces referred to Ssurf, Cave about hinge axis thru LE
     cl_surf =  -0.000010     cd_surf =  -0.000012

 Strip Forces referred to strip area, chord
    j    xLE         yLE         zLE         Chord       Area        Dihedral   c cl        ai_ff       cl           clj         cd          cdv         cm_c/4     c.p.x/c      Dcj
   526   10.59       3.300       1.134      0.1455      0.3841E-02   90.00      0.9230E-03  0.4011E-02  0.6344E-02   0.000     -0.5796E-04   0.000      0.2722E-02 -0.1791       0.000    
   527   10.52       3.300       1.161      0.3424      0.9041E-02   90.00      0.1879E-02  0.5186E-02  0.5488E-02   0.000     -0.2362E-04   0.000      0.1276E-02  0.1755E-01   0.000    
   528   10.48       3.300       1.187      0.4523      0.1194E-01   90.00      0.2700E-02  0.7232E-02  0.5968E-02   0.000     -0.2231E-04   0.000      0.1218E-02  0.4599E-01   0.000    
   529   10.45       3.300       1.213      0.5384      0.1421E-01   90.00      0.3855E-02  0.2104E-01  0.7160E-02   0.000     -0.2357E-04   0.000      0.1375E-02  0.5789E-01   0.000    
   530   10.44       3.300       1.240      0.6052      0.1598E-01   90.00      0.3850E-02  0.2505E-01  0.6362E-02   0.000     -0.9947E-05   0.000      0.1165E-02  0.6695E-01   0.000    
   531   10.43       3.300       1.260      0.6194      0.8176E-02   90.00      0.1998E-02 -0.2463E-02  0.3226E-02   0.000     -0.3267E-05   0.000      0.6874E-04  0.2287       0.000    
   532   10.44       3.300       1.273      0.5910      0.7801E-02   90.00      0.1735E-03 -0.2363E-01  0.2935E-03   0.000     -0.3870E-06   0.000     -0.1550E-04  0.3028       0.000    
   533   10.45       3.300       1.293      0.5384      0.1421E-01   90.00     -0.7027E-04 -0.1087E-01 -0.1305E-03   0.000     -0.1613E-06   0.000     -0.3333E-05  0.2245       0.000    
   534   10.48       3.300       1.319      0.4523      0.1194E-01   90.00      0.8032E-03  0.2608E-02  0.1776E-02   0.000     -0.1703E-05   0.000      0.2001E-04  0.2387       0.000    
   535   10.52       3.300       1.345      0.3425      0.9041E-02   90.00      0.1034E-02  0.3923E-02  0.3020E-02   0.000     -0.4369E-05   0.000     -0.6845E-04  0.2727       0.000    
   536   10.59       3.300       1.372      0.1455      0.3841E-02   90.00      0.9312E-03  0.1286E-02  0.6400E-02   0.000     -0.1204E-04   0.000     -0.9589E-03  0.3998       0.000    

 Surface forces referred to Sref,Cref,Bref about Xmom,Ymom,Zmom
 Standard axis orientation,  X fwd, Z down         

  Surface #28     nacelle_3_horizontal                    
     # chordwise =  6   # spanwise = 11     First strip =537
     Surface area = 0.11003           ave. chord = 0.41677    
     CLsurf  =   0.000138     Clsurf  =  -0.000022
     CYsurf  =  -0.000000     Cmsurf  =   0.000065
     CDsurf  =   0.000001     Cnsurf  =  -0.000001
     CDisurf =   0.000001     CDvsurf =   0.000000

  Forces referred to Ssurf, Cave about hinge axis thru LE
     cl_surf =   0.078112     cd_surf =   0.000618

 Strip Forces referred to strip area, chord
    j    xLE         yLE         zLE         Chord       Area        Dihedral   c cl        ai_ff       cl           clj         cd          cdv         cm_c/4     c.p.x/c      Dcj
   537   10.61       4.340       1.253      0.1455      0.3841E-02   0.000      0.1969E-01  0.8852E-01  0.1358       0.000     -0.4536E-02   0.000      0.7199E-02  0.1970       0.000    
   538   10.54       4.367       1.253      0.3425      0.9041E-02   0.000      0.2891E-01  0.9551E-01  0.8454E-01   0.000     -0.3667E-03   0.000      0.8492E-02  0.1495       0.000    
   539   10.50       4.393       1.253      0.4523      0.1194E-01   0.000      0.3459E-01  0.9851E-01  0.7655E-01   0.000      0.5136E-03   0.000      0.8234E-02  0.1424       0.000    
   540   10.48       4.419       1.253      0.5384      0.1421E-01   0.000      0.3813E-01  0.1031      0.7085E-01   0.000      0.1244E-02   0.000      0.7761E-02  0.1405       0.000    
   541   10.46       4.446       1.253      0.6052      0.1598E-01   0.000      0.4002E-01  0.1184      0.6612E-01   0.000      0.1799E-02   0.000      0.7380E-02  0.1384       0.000    
   542   10.46       4.466       1.253      0.6194      0.8176E-02   0.000      0.4029E-01  0.6817E-01  0.6502E-01   0.000      0.2087E-02   0.000      0.7241E-02  0.1386       0.000    
   543   10.46       4.479       1.253      0.5910      0.7801E-02   0.000      0.3993E-01  0.8836E-01  0.6755E-01   0.000      0.2097E-02   0.000      0.7441E-02  0.1398       0.000    
   544   10.48       4.499       1.253      0.5384      0.1421E-01   0.000      0.3880E-01  0.9564E-01  0.7209E-01   0.000      0.1295E-02   0.000      0.7825E-02  0.1415       0.000    
   545   10.50       4.525       1.253      0.4523      0.1194E-01   0.000      0.3536E-01  0.9682E-01  0.7825E-01   0.000      0.5258E-03   0.000      0.8354E-02  0.1432       0.000    
   546   10.54       4.551       1.253      0.3425      0.9041E-02   0.000      0.2953E-01  0.9471E-01  0.8637E-01   0.000     -0.4020E-03   0.000      0.8643E-02  0.1499       0.000    
   547   10.61       4.578       1.253      0.1455      0.3841E-02   0.000      0.2011E-01  0.8798E-01  0.1387       0.000     -0.4772E-02   0.000      0.7343E-02  0.1970       0.000    

 Surface forces referred to Sref,Cref,Bref about Xmom,Ymom,Zmom
 Standard axis orientation,  X fwd, Z down         

  Surface #29     nacelle_3_vertical                      
     # chordwise =  6   # spanwise = 11     First strip =548
     Surface area = 0.11003           ave. chord = 0.41677    
     CLsurf  =  -0.000000     Clsurf  =   0.000000
     CYsurf  =  -0.000003     Cmsurf  =  -0.000000
     CDsurf  =  -0.000000     Cnsurf  =  -0.000000
     CDisurf =  -0.000000     CDvsurf =   0.000000

  Forces referred to Ssurf, Cave about hinge axis thru LE
     cl_surf =  -0.000004     cd_surf =  -0.000004

 Strip Forces referred to strip area, chord
    j    xLE         yLE         zLE         Chord       Area        Dihedral   c cl        ai_ff       cl           clj         cd          cdv         cm_c/4     c.p.x/c      Dcj
   548   10.61       4.459       1.134      0.1455      0.3841E-02   90.00      0.4873E-03  0.8219E-02  0.3349E-02   0.000     -0.1539E-04   0.000      0.1413E-02 -0.1719       0.000    
   549   10.54       4.459       1.161      0.3424      0.9041E-02   90.00      0.1084E-02  0.9094E-02  0.3165E-02   0.000     -0.7092E-05   0.000      0.7017E-03  0.2833E-01   0.000    
   550   10.50       4.459       1.187      0.4523      0.1194E-01   90.00      0.1722E-02  0.1113E-01  0.3808E-02   0.000     -0.8342E-05   0.000      0.7437E-03  0.5471E-01   0.000    
   551   10.48       4.459       1.213      0.5384      0.1421E-01   90.00      0.2765E-02  0.2480E-01  0.5135E-02   0.000     -0.1114E-04   0.000      0.9620E-03  0.6265E-01   0.000    
   552   10.46       4.459       1.240      0.6052      0.1598E-01   90.00      0.2684E-02  0.2845E-01  0.4435E-02   0.000     -0.3593E-05   0.000      0.7956E-03  0.7062E-01   0.000    
   553   10.46       4.459       1.260      0.6194      0.8176E-02   90.00      0.6038E-03  0.2826E-02  0.9748E-03   0.000     -0.4439E-06   0.000     -0.3363E-05  0.2534       0.000    
   554   10.46       4.459       1.273      0.5910      0.7801E-02   90.00     -0.1206E-02 -0.1872E-01 -0.2040E-02   0.000      0.5522E-06   0.000     -0.8741E-04  0.2072       0.000    
   555   10.48       4.459       1.293      0.5384      0.1421E-01   90.00     -0.1426E-02 -0.6103E-02 -0.2649E-02   0.000     -0.1444E-05   0.000     -0.5208E-04  0.2303       0.000    
   556   10.50       4.459       1.319      0.4523      0.1194E-01   90.00     -0.4465E-03  0.7658E-02 -0.9872E-03   0.000     -0.2336E-06   0.000      0.1517E-04  0.2654       0.000    
   557   10.54       4.459       1.345      0.3425      0.9041E-02   90.00     -0.2942E-04  0.1032E-01 -0.8591E-04   0.000     -0.4373E-07   0.000      0.2581E-04  0.5505       0.000    
   558   10.61       4.459       1.372      0.1455      0.3841E-02   90.00      0.1239E-03  0.1628E-01  0.8518E-03   0.000     -0.3383E-06   0.000     -0.9552E-04  0.3621       0.000    

 Surface forces referred to Sref,Cref,Bref about Xmom,Ymom,Zmom
 Standard axis orientation,  X fwd, Z down         

  Surface #30     nacelle_4_horizontal                    
     # chordwise =  6   # spanwise = 11     First strip =559
     Surface area = 0.11003           ave. chord = 0.41677    
     CLsurf  =   0.000137     Clsurf  =  -0.000028
     CYsurf  =   0.000000     Cmsurf  =   0.000061
     CDsurf  =   0.000001     Cnsurf  =  -0.000001
     CDisurf =   0.000001     CDvsurf =   0.000000

  Forces referred to Ssurf, Cave about hinge axis thru LE
     cl_surf =   0.077552     cd_surf =   0.000646

 Strip Forces referred to strip area, chord
    j    xLE         yLE         zLE         Chord       Area        Dihedral   c cl        ai_ff       cl           clj         cd          cdv         cm_c/4     c.p.x/c      Dcj
   559   10.67       5.500       1.253      0.1455      0.3841E-02   0.000      0.1995E-01  0.8631E-01  0.1376       0.000     -0.4678E-02   0.000      0.7231E-02  0.1974       0.000    
   560   10.60       5.526       1.253      0.3425      0.9041E-02   0.000      0.2935E-01  0.9309E-01  0.8583E-01   0.000     -0.3658E-03   0.000      0.8555E-02  0.1503       0.000    
   561   10.56       5.552       1.253      0.4523      0.1194E-01   0.000      0.3516E-01  0.9519E-01  0.7781E-01   0.000      0.5490E-03   0.000      0.8270E-02  0.1437       0.000    
   562   10.53       5.579       1.253      0.5384      0.1421E-01   0.000      0.3861E-01  0.9422E-01  0.7174E-01   0.000      0.1315E-02   0.000      0.7748E-02  0.1420       0.000    
   563   10.52       5.599       1.253      0.5910      0.7801E-02   0.000      0.3973E-01  0.8710E-01  0.6720E-01   0.000      0.2108E-02   0.000      0.7374E-02  0.1403       0.000    
   564   10.52       5.612       1.253      0.6194      0.8176E-02   0.000      0.4002E-01  0.6632E-01  0.6459E-01   0.000      0.2091E-02   0.000      0.7171E-02  0.1390       0.000    
   565   10.52       5.632       1.253      0.6052      0.1598E-01   0.000      0.3968E-01  0.1165      0.6557E-01   0.000      0.1807E-02   0.000      0.7308E-02  0.1385       0.000    
   566   10.53       5.658       1.253      0.5384      0.1421E-01   0.000      0.3777E-01  0.1008      0.7018E-01   0.000      0.1266E-02   0.000      0.7721E-02  0.1400       0.000    
   567   10.56       5.684       1.253      0.4523      0.1194E-01   0.000      0.3426E-01  0.9618E-01  0.7583E-01   0.000      0.5459E-03   0.000      0.8257E-02  0.1411       0.000    
   568   10.60       5.711       1.253      0.3425      0.9041E-02   0.000      0.2866E-01  0.9314E-01  0.8381E-01   0.000     -0.3154E-03   0.000      0.8578E-02  0.1477       0.000    
   569   10.67       5.737       1.253      0.1455      0.3841E-02   0.000      0.1960E-01  0.8707E-01  0.1351       0.000     -0.4421E-02   0.000      0.7271E-02  0.1962       0.000    

 Surface forces referred to Sref,Cref,Bref about Xmom,Ymom,Zmom
 Standard axis orientation,  X fwd, Z down         

  Surface #31     nacelle_4_vertical                      
     # chordwise =  6   # spanwise = 11     First strip =570
     Surface area = 0.11003           ave. chord = 0.41677    
     CLsurf  =   0.000000     Clsurf  =  -0.000000
     CYsurf  =  -0.000000     Cmsurf  =   0.000000
     CDsurf  =  -0.000000     Cnsurf  =   0.000000
     CDisurf =  -0.000000     CDvsurf =   0.000000

  Forces referred to Ssurf, Cave about hinge axis thru LE
     cl_surf =   0.000000     cd_surf =  -0.000003

 Strip Forces referred to strip area, chord
    j    xLE         yLE         zLE         Chord       Area        Dihedral   c cl        ai_ff       cl           clj         cd          cdv         cm_c/4     c.p.x/c      Dcj
   570   10.67       5.618       1.134      0.1455      0.3841E-02   90.00     -0.2676E-03  0.1173E-01 -0.1839E-02   0.000     -0.3985E-05   0.000     -0.7384E-03 -0.1515       0.000    
   571   10.60       5.618       1.161      0.3424      0.9041E-02   90.00     -0.6604E-03  0.1123E-01 -0.1928E-02   0.000     -0.1957E-05   0.000     -0.3940E-03  0.4567E-01   0.000    
   572   10.56       5.618       1.187      0.4523      0.1194E-01   90.00     -0.1176E-02  0.9443E-02 -0.2599E-02   0.000     -0.3116E-05   0.000     -0.4783E-03  0.6599E-01   0.000    
   573   10.53       5.618       1.213      0.5384      0.1421E-01   90.00     -0.2122E-02 -0.3859E-02 -0.3941E-02   0.000     -0.5393E-05   0.000     -0.7192E-03  0.6752E-01   0.000    
   574   10.52       5.618       1.240      0.6052      0.1598E-01   90.00     -0.1958E-02 -0.6876E-02 -0.3235E-02   0.000     -0.8254E-06   0.000     -0.5684E-03  0.7433E-01   0.000    
   575   10.52       5.618       1.260      0.6194      0.8176E-02   90.00      0.3008E-03  0.1705E-01  0.4856E-03   0.000      0.1260E-06   0.000      0.4534E-04  0.1566       0.000    
   576   10.52       5.618       1.273      0.5910      0.7801E-02   90.00      0.2135E-02  0.3918E-01  0.3612E-02   0.000     -0.3822E-06   0.000      0.1269E-03  0.2149       0.000    
   577   10.53       5.618       1.293      0.5384      0.1421E-01   90.00      0.2384E-02  0.2705E-01  0.4427E-02   0.000     -0.5031E-05   0.000      0.7213E-04  0.2337       0.000    
   578   10.56       5.618       1.319      0.4523      0.1194E-01   90.00      0.1379E-02  0.1381E-01  0.3049E-02   0.000     -0.2951E-05   0.000     -0.2593E-04  0.2585       0.000    
   579   10.60       5.618       1.345      0.3425      0.9041E-02   90.00      0.8654E-03  0.1260E-01  0.2527E-02   0.000     -0.2034E-05   0.000     -0.1043E-03  0.2913       0.000    
   580   10.67       5.618       1.372      0.1455      0.3841E-02   90.00      0.5474E-03  0.1916E-01  0.3762E-02   0.000     -0.3539E-05   0.000     -0.6069E-03  0.4113       0.000    

 Surface forces referred to Sref,Cref,Bref about Xmom,Ymom,Zmom
 Standard axis orientation,  X fwd, Z down         

  Surface #32     nacelle_5_horizontal                    
     # chordwise =  6   # spanwise = 11     First strip =581
     Surface area = 0.10997           ave. chord = 0.41670    
     CLsurf  =   0.000136     Clsurf  =  -0.000034
     CYsurf  =  -0.000000     Cmsurf  =   0.000057
     CDsurf  =   0.000001     Cnsurf  =  -0.000001
     CDisurf =   0.000001     CDvsurf =   0.000000

  Forces referred to Ssurf, Cave about hinge axis thru LE
     cl_surf =   0.076851     cd_surf =   0.000686

 Strip Forces referred to strip area, chord
    j    xLE         yLE         zLE         Chord       Area        Dihedral   c cl        ai_ff       cl           clj         cd          cdv         cm_c/4     c.p.x/c      Dcj
   581   10.73       6.659       1.253      0.1455      0.3841E-02   0.000      0.1944E-01  0.8572E-01  0.1340       0.000     -0.4278E-02   0.000      0.7163E-02  0.1966       0.000    
   582   10.65       6.685       1.253      0.3424      0.9041E-02   0.000      0.2843E-01  0.9182E-01  0.8315E-01   0.000     -0.2607E-03   0.000      0.8472E-02  0.1481       0.000    
   583   10.62       6.712       1.253      0.4523      0.1194E-01   0.000      0.3399E-01  0.9472E-01  0.7522E-01   0.000      0.5850E-03   0.000      0.8163E-02  0.1415       0.000    
   584   10.59       6.738       1.253      0.5384      0.1421E-01   0.000      0.3747E-01  0.9926E-01  0.6961E-01   0.000      0.1291E-02   0.000      0.7635E-02  0.1403       0.000    
   585   10.57       6.765       1.253      0.6052      0.1592E-01   0.000      0.3934E-01  0.1145      0.6500E-01   0.000      0.1820E-02   0.000      0.7222E-02  0.1389       0.000    
   586   10.57       6.784       1.253      0.6194      0.8176E-02   0.000      0.3965E-01  0.6566E-01  0.6399E-01   0.000      0.2103E-02   0.000      0.7091E-02  0.1392       0.000    
   587   10.58       6.798       1.253      0.5910      0.7801E-02   0.000      0.3933E-01  0.8574E-01  0.6653E-01   0.000      0.2103E-02   0.000      0.7303E-02  0.1402       0.000    
   588   10.59       6.817       1.253      0.5384      0.1421E-01   0.000      0.3820E-01  0.9245E-01  0.7097E-01   0.000      0.1343E-02   0.000      0.7700E-02  0.1415       0.000    
   589   10.62       6.844       1.253      0.4523      0.1194E-01   0.000      0.3477E-01  0.9308E-01  0.7694E-01   0.000      0.5996E-03   0.000      0.8262E-02  0.1426       0.000    
   590   10.65       6.870       1.253      0.3424      0.9041E-02   0.000      0.2904E-01  0.9105E-01  0.8494E-01   0.000     -0.2898E-03   0.000      0.8571E-02  0.1491       0.000    
   591   10.73       6.897       1.253      0.1455      0.3841E-02   0.000      0.1981E-01  0.8516E-01  0.1366       0.000     -0.4514E-02   0.000      0.7175E-02  0.1975       0.000    

 Surface forces referred to Sref,Cref,Bref about Xmom,Ymom,Zmom
 Standard axis orientation,  X fwd, Z down         

  Surface #33     nacelle_5_vertical                      
     # chordwise =  6   # spanwise = 11     First strip =592
     Surface area = 0.11003           ave. chord = 0.41677    
     CLsurf  =  -0.000000     Clsurf  =   0.000000
     CYsurf  =  -0.000000     Cmsurf  =  -0.000000
     CDsurf  =  -0.000000     Cnsurf  =  -0.000000
     CDisurf =  -0.000000     CDvsurf =   0.000000

  Forces referred to Ssurf, Cave about hinge axis thru LE
     cl_surf =  -0.000001     cd_surf =  -0.000002

 Strip Forces referred to strip area, chord
    j    xLE         yLE         zLE         Chord       Area        Dihedral   c cl        ai_ff       cl           clj         cd          cdv         cm_c/4     c.p.x/c      Dcj
   592   10.73       6.778       1.134      0.1455      0.3841E-02   90.00      0.2530E-03  0.1213E-01  0.1739E-02   0.000     -0.3864E-05   0.000      0.7171E-03 -0.1625       0.000    
   593   10.65       6.778       1.161      0.3424      0.9041E-02   90.00      0.6441E-03  0.1273E-01  0.1881E-02   0.000     -0.2246E-05   0.000      0.4097E-03  0.3216E-01   0.000    
   594   10.62       6.778       1.187      0.4523      0.1194E-01   90.00      0.1170E-02  0.1465E-01  0.2588E-02   0.000     -0.3657E-05   0.000      0.5050E-03  0.5485E-01   0.000    
   595   10.59       6.778       1.213      0.5384      0.1421E-01   90.00      0.2131E-02  0.2797E-01  0.3959E-02   0.000     -0.6293E-05   0.000      0.7547E-03  0.5935E-01   0.000    
   596   10.57       6.778       1.240      0.6052      0.1598E-01   90.00      0.2011E-02  0.3137E-01  0.3322E-02   0.000     -0.1469E-05   0.000      0.6128E-03  0.6555E-01   0.000    
   597   10.57       6.778       1.260      0.6194      0.8176E-02   90.00     -0.1634E-03  0.7099E-02 -0.2637E-03   0.000      0.8015E-07   0.000     -0.1673E-04  0.1866       0.000    
   598   10.58       6.778       1.273      0.5910      0.7801E-02   90.00     -0.1940E-02 -0.1438E-01 -0.3282E-02   0.000      0.9756E-07   0.000     -0.1003E-03  0.2194       0.000    
   599   10.59       6.778       1.293      0.5384      0.1421E-01   90.00     -0.2141E-02 -0.1981E-02 -0.3977E-02   0.000     -0.3524E-05   0.000     -0.5275E-04  0.2367       0.000    
   600   10.62       6.778       1.319      0.4523      0.1194E-01   90.00     -0.1115E-02  0.1168E-01 -0.2466E-02   0.000     -0.1626E-05   0.000      0.3474E-04  0.2641       0.000    
   601   10.65       6.778       1.345      0.3425      0.9041E-02   90.00     -0.6010E-03  0.1504E-01 -0.1755E-02   0.000     -0.7386E-06   0.000      0.9368E-04  0.3034       0.000    
   602   10.73       6.778       1.372      0.1455      0.3841E-02   90.00     -0.3074E-03  0.2805E-01 -0.2113E-02   0.000     -0.9052E-06   0.000      0.3712E-03  0.4257       0.000    

 Surface forces referred to Sref,Cref,Bref about Xmom,Ymom,Zmom
 Standard axis orientation,  X fwd, Z down         

  Surface #34     nacelle_6_horizontal                    
     # chordwise =  6   # spanwise = 11     First strip =603
     Surface area = 0.10999           ave. chord = 0.41680    
     CLsurf  =   0.000134     Clsurf  =  -0.000039
     CYsurf  =   0.000000     Cmsurf  =   0.000053
     CDsurf  =   0.000001     Cnsurf  =  -0.000002
     CDisurf =   0.000001     CDvsurf =   0.000000

  Forces referred to Ssurf, Cave about hinge axis thru LE
     cl_surf =   0.075915     cd_surf =   0.000737

 Strip Forces referred to strip area, chord
    j    xLE         yLE         zLE         Chord       Area        Dihedral   c cl        ai_ff       cl           clj         cd          cdv         cm_c/4     c.p.x/c      Dcj
   603   10.79       7.819       1.253      0.1455      0.3841E-02   0.000      0.1961E-01  0.8418E-01  0.1352       0.000     -0.4315E-02   0.000      0.7080E-02  0.1976       0.000    
   604   10.71       7.845       1.253      0.3425      0.9041E-02   0.000      0.2875E-01  0.9010E-01  0.8407E-01   0.000     -0.2156E-03   0.000      0.8449E-02  0.1495       0.000    
   605   10.67       7.871       1.253      0.4523      0.1194E-01   0.000      0.3440E-01  0.9193E-01  0.7612E-01   0.000      0.6500E-03   0.000      0.8152E-02  0.1429       0.000    
   606   10.65       7.898       1.253      0.5384      0.1421E-01   0.000      0.3776E-01  0.9108E-01  0.7017E-01   0.000      0.1373E-02   0.000      0.7595E-02  0.1418       0.000    
   607   10.63       7.918       1.253      0.5910      0.7801E-02 -0.9638E-12  0.3887E-01  0.8418E-01  0.6575E-01   0.000      0.2109E-02   0.000      0.7199E-02  0.1405       0.000    
   608   10.63       7.931       1.253      0.6194      0.8176E-02  0.9638E-12  0.3918E-01  0.6412E-01  0.6323E-01   0.000      0.2101E-02   0.000      0.6989E-02  0.1395       0.000    
   609   10.63       7.950       1.253      0.6052      0.1598E-01   0.000      0.3886E-01  0.1135      0.6420E-01   0.000      0.1829E-02   0.000      0.7125E-02  0.1390       0.000    
   610   10.65       7.977       1.253      0.5384      0.1421E-01   0.000      0.3696E-01  0.9784E-01  0.6867E-01   0.000      0.1324E-02   0.000      0.7561E-02  0.1399       0.000    
   611   10.67       8.003       1.253      0.4523      0.1194E-01   0.000      0.3350E-01  0.9298E-01  0.7413E-01   0.000      0.6464E-03   0.000      0.8119E-02  0.1405       0.000    
   612   10.71       8.030       1.253      0.3425      0.9006E-02   0.000      0.2804E-01  0.9027E-01  0.8199E-01   0.000     -0.1683E-03   0.000      0.8424E-02  0.1473       0.000    
   613   10.79       8.056       1.253      0.1455      0.3841E-02   0.000      0.1923E-01  0.8503E-01  0.1325       0.000     -0.4056E-02   0.000      0.7040E-02  0.1969       0.000    

 Surface forces referred to Sref,Cref,Bref about Xmom,Ymom,Zmom
 Standard axis orientation,  X fwd, Z down         

  Surface #35     nacelle_6_vertical                      
     # chordwise =  6   # spanwise = 11     First strip =614
     Surface area = 0.11003           ave. chord = 0.41677    
     CLsurf  =  -0.000000     Clsurf  =  -0.000000
     CYsurf  =   0.000001     Cmsurf  =  -0.000000
     CDsurf  =  -0.000000     Cnsurf  =   0.000000
     CDisurf =  -0.000000     CDvsurf =   0.000000

  Forces referred to Ssurf, Cave about hinge axis thru LE
     cl_surf =  -0.000001     cd_surf =  -0.000003

 Strip Forces referred to strip area, chord
    j    xLE         yLE         zLE         Chord       Area        Dihedral   c cl        ai_ff       cl           clj         cd          cdv         cm_c/4     c.p.x/c      Dcj
   614   10.79       7.937       1.134      0.1455      0.3841E-02   90.00     -0.3787E-03  0.1428E-01 -0.2602E-02   0.000     -0.8552E-05   0.000     -0.1064E-02 -0.1589       0.000    
   615   10.71       7.937       1.161      0.3424      0.9041E-02   90.00     -0.8651E-03  0.1362E-01 -0.2526E-02   0.000     -0.3706E-05   0.000     -0.5238E-03  0.4265E-01   0.000    
   616   10.67       7.937       1.187      0.4523      0.1194E-01   90.00     -0.1420E-02  0.1183E-01 -0.3139E-02   0.000     -0.4723E-05   0.000     -0.5769E-03  0.6621E-01   0.000    
   617   10.65       7.937       1.213      0.5384      0.1421E-01   90.00     -0.2374E-02 -0.1211E-02 -0.4409E-02   0.000     -0.6881E-05   0.000     -0.7955E-03  0.6958E-01   0.000    
   618   10.63       7.937       1.240      0.6052      0.1598E-01   90.00     -0.2235E-02 -0.4282E-02 -0.3692E-02   0.000     -0.1526E-05   0.000     -0.6330E-03  0.7856E-01   0.000    
   619   10.63       7.937       1.260      0.6194      0.8176E-02   90.00     -0.8224E-04  0.1943E-01 -0.1328E-03   0.000      0.7094E-07   0.000      0.4348E-04  0.5774       0.000    
   620   10.63       7.937       1.273      0.5910      0.7801E-02   90.00      0.1717E-02  0.4097E-01  0.2905E-02   0.000      0.4891E-07   0.000      0.1233E-03  0.2075       0.000    
   621   10.65       7.937       1.293      0.5384      0.1421E-01   90.00      0.1972E-02  0.2910E-01  0.3663E-02   0.000     -0.3405E-05   0.000      0.7656E-04  0.2291       0.000    
   622   10.67       7.937       1.319      0.4523      0.1194E-01   90.00      0.1026E-02  0.1632E-01  0.2268E-02   0.000     -0.1636E-05   0.000     -0.8987E-05  0.2540       0.000    
   623   10.71       7.937       1.345      0.3425      0.9041E-02   90.00      0.5778E-03  0.1585E-01  0.1687E-02   0.000     -0.8693E-06   0.000     -0.6441E-04  0.2882       0.000    
   624   10.79       7.937       1.372      0.1455      0.3841E-02   90.00      0.3374E-03  0.2831E-01  0.2319E-02   0.000     -0.1306E-05   0.000     -0.3751E-03  0.4118       0.000    

 Surface forces referred to Sref,Cref,Bref about Xmom,Ymom,Zmom
 Standard axis orientation,  X fwd, Z down         

  Surface #36     nacelle_7_horizontal                    
     # chordwise =  6   # spanwise = 11     First strip =625
     Surface area = 0.11003           ave. chord = 0.41677    
     CLsurf  =   0.000132     Clsurf  =  -0.000044
     CYsurf  =   0.000000     Cmsurf  =   0.000049
     CDsurf  =   0.000001     Cnsurf  =  -0.000002
     CDisurf =   0.000001     CDvsurf =   0.000000

  Forces referred to Ssurf, Cave about hinge axis thru LE
     cl_surf =   0.074553     cd_surf =   0.000810

 Strip Forces referred to strip area, chord
    j    xLE         yLE         zLE         Chord       Area        Dihedral   c cl        ai_ff       cl           clj         cd          cdv         cm_c/4     c.p.x/c      Dcj
   625   10.84       8.978       1.253      0.1455      0.3841E-02   0.000      0.1930E-01  0.8362E-01  0.1330       0.000     -0.4000E-02   0.000      0.6912E-02  0.1980       0.000    
   626   10.77       9.004       1.253      0.3425      0.9041E-02   0.000      0.2825E-01  0.8921E-01  0.8262E-01   0.000     -0.9151E-04   0.000      0.8291E-02  0.1496       0.000    
   627   10.73       9.031       1.253      0.4523      0.1194E-01   0.000      0.3377E-01  0.9079E-01  0.7474E-01   0.000      0.7293E-03   0.000      0.8010E-02  0.1428       0.000    
   628   10.70       9.057       1.253      0.5384      0.1421E-01   0.000      0.3707E-01  0.8992E-01  0.6887E-01   0.000      0.1414E-02   0.000      0.7449E-02  0.1418       0.000    
   629   10.69       9.077       1.253      0.5910      0.7801E-02   0.000      0.3816E-01  0.8318E-01  0.6454E-01   0.000      0.2112E-02   0.000      0.7049E-02  0.1408       0.000    
   630   10.69       9.090       1.253      0.6194      0.8176E-02   0.000      0.3847E-01  0.6357E-01  0.6208E-01   0.000      0.2096E-02   0.000      0.6837E-02  0.1399       0.000    
   631   10.69       9.110       1.253      0.6052      0.1598E-01   0.000      0.3816E-01  0.1122      0.6304E-01   0.000      0.1841E-02   0.000      0.6971E-02  0.1394       0.000    
   632   10.70       9.136       1.253      0.5384      0.1421E-01   0.000      0.3628E-01  0.9664E-01  0.6740E-01   0.000      0.1367E-02   0.000      0.7412E-02  0.1400       0.000    
   633   10.73       9.163       1.253      0.4523      0.1194E-01   0.000      0.3288E-01  0.9182E-01  0.7277E-01   0.000      0.7259E-03   0.000      0.7968E-02  0.1405       0.000    
   634   10.77       9.189       1.253      0.3425      0.9041E-02   0.000      0.2754E-01  0.8941E-01  0.8054E-01   0.000     -0.3690E-04   0.000      0.8251E-02  0.1475       0.000    
   635   10.84       9.215       1.253      0.1455      0.3841E-02   0.000      0.1889E-01  0.8442E-01  0.1302       0.000     -0.3728E-02   0.000      0.6835E-02  0.1975       0.000    

 Surface forces referred to Sref,Cref,Bref about Xmom,Ymom,Zmom
 Standard axis orientation,  X fwd, Z down         

  Surface #37     nacelle_7_vertical                      
     # chordwise =  6   # spanwise = 11     First strip =636
     Surface area = 0.11003           ave. chord = 0.41677    
     CLsurf  =  -0.000000     Clsurf  =  -0.000000
     CYsurf  =   0.000001     Cmsurf  =  -0.000000
     CDsurf  =  -0.000000     Cnsurf  =   0.000000
     CDisurf =  -0.000000     CDvsurf =   0.000000

  Forces referred to Ssurf, Cave about hinge axis thru LE
     cl_surf =  -0.000002     cd_surf =  -0.000003

 Strip Forces referred to strip area, chord
    j    xLE         yLE         zLE         Chord       Area        Dihedral   c cl        ai_ff       cl           clj         cd          cdv         cm_c/4     c.p.x/c      Dcj
   636   10.84       9.097       1.134      0.1455      0.3841E-02   90.00     -0.4118E-03  0.1596E-01 -0.2830E-02   0.000     -0.1018E-04   0.000     -0.1156E-02 -0.1586       0.000    
   637   10.77       9.097       1.161      0.3424      0.9041E-02   90.00     -0.9270E-03  0.1522E-01 -0.2707E-02   0.000     -0.4245E-05   0.000     -0.5514E-03  0.4632E-01   0.000    
   638   10.73       9.097       1.187      0.4523      0.1194E-01   90.00     -0.1490E-02  0.1342E-01 -0.3294E-02   0.000     -0.5117E-05   0.000     -0.5914E-03  0.7047E-01   0.000    
   639   10.70       9.097       1.213      0.5384      0.1421E-01   90.00     -0.2436E-02  0.6138E-03 -0.4525E-02   0.000     -0.7115E-05   0.000     -0.7989E-03  0.7345E-01   0.000    
   640   10.69       9.097       1.240      0.6052      0.1598E-01   90.00     -0.2305E-02 -0.2422E-02 -0.3808E-02   0.000     -0.1674E-05   0.000     -0.6346E-03  0.8335E-01   0.000    
   641   10.69       9.097       1.260      0.6194      0.8176E-02   90.00     -0.2049E-03  0.2089E-01 -0.3309E-03   0.000      0.3023E-07   0.000      0.5314E-04  0.4106       0.000    
   642   10.69       9.097       1.273      0.5910      0.7801E-02   90.00      0.1566E-02  0.4203E-01  0.2650E-02   0.000      0.1351E-06   0.000      0.1307E-03  0.2007       0.000    
   643   10.70       9.097       1.293      0.5384      0.1421E-01   90.00      0.1825E-02  0.3042E-01  0.3390E-02   0.000     -0.2957E-05   0.000      0.8716E-04  0.2243       0.000    
   644   10.73       9.097       1.319      0.4523      0.1194E-01   90.00      0.9131E-03  0.1798E-01  0.2019E-02   0.000     -0.1337E-05   0.000      0.5551E-05  0.2473       0.000    
   645   10.77       9.097       1.345      0.3425      0.9041E-02   90.00      0.4945E-03  0.1794E-01  0.1444E-02   0.000     -0.6493E-06   0.000     -0.4521E-04  0.2813       0.000    
   646   10.84       9.097       1.372      0.1455      0.3841E-02   90.00      0.2829E-03  0.3391E-01  0.1945E-02   0.000     -0.9227E-06   0.000     -0.3103E-03  0.4096       0.000    

 Surface forces referred to Sref,Cref,Bref about Xmom,Ymom,Zmom
 Standard axis orientation,  X fwd, Z down         

  Surface #38     nacelle_8_horizontal                    
     # chordwise =  6   # spanwise = 11     First strip =647
     Surface area = 0.11003           ave. chord = 0.41677    
     CLsurf  =   0.000130     Clsurf  =  -0.000049
     CYsurf  =   0.000000     Cmsurf  =   0.000045
     CDsurf  =   0.000002     Cnsurf  =  -0.000002
     CDisurf =   0.000002     CDvsurf =   0.000000

  Forces referred to Ssurf, Cave about hinge axis thru LE
     cl_surf =   0.073704     cd_surf =   0.001092

 Strip Forces referred to strip area, chord
    j    xLE         yLE         zLE         Chord       Area        Dihedral   c cl        ai_ff       cl           clj         cd          cdv         cm_c/4     c.p.x/c      Dcj
   647   10.90       10.14       1.253      0.1455      0.3841E-02   0.000      0.1891E-01  0.8110E-01  0.1303       0.000     -0.3106E-02   0.000      0.5877E-02  0.2049       0.000    
   648   10.83       10.16       1.253      0.3425      0.9041E-02   0.000      0.2799E-01  0.9120E-01  0.8183E-01   0.000      0.3550E-03   0.000      0.7022E-02  0.1642       0.000    
   649   10.79       10.19       1.253      0.4523      0.1194E-01   0.000      0.3342E-01  0.9267E-01  0.7395E-01   0.000      0.1041E-02   0.000      0.6958E-02  0.1559       0.000    
   650   10.76       10.22       1.253      0.5384      0.1421E-01   0.000      0.3657E-01  0.9063E-01  0.6794E-01   0.000      0.1608E-02   0.000      0.6623E-02  0.1525       0.000    
   651   10.75       10.24       1.253      0.5910      0.7801E-02   0.000      0.3760E-01  0.8297E-01  0.6360E-01   0.000      0.2202E-02   0.000      0.6324E-02  0.1506       0.000    
   652   10.74       10.25       1.253      0.6194      0.8176E-02   0.000      0.3793E-01  0.6335E-01  0.6121E-01   0.000      0.2133E-02   0.000      0.6151E-02  0.1495       0.000    
   653   10.75       10.27       1.253      0.6052      0.1598E-01   0.000      0.3769E-01  0.1127      0.6225E-01   0.000      0.1943E-02   0.000      0.6246E-02  0.1497       0.000    
   654   10.76       10.30       1.253      0.5384      0.1421E-01   0.000      0.3595E-01  0.9748E-01  0.6677E-01   0.000      0.1572E-02   0.000      0.6506E-02  0.1526       0.000    
   655   10.79       10.32       1.253      0.4523      0.1194E-01   0.000      0.3271E-01  0.9365E-01  0.7237E-01   0.000      0.1052E-02   0.000      0.6774E-02  0.1564       0.000    
   656   10.83       10.35       1.253      0.3425      0.9041E-02   0.000      0.2743E-01  0.9190E-01  0.8020E-01   0.000      0.4268E-03   0.000      0.6795E-02  0.1653       0.000    
   657   10.90       10.37       1.253      0.1455      0.3841E-02   0.000      0.1855E-01  0.8208E-01  0.1278       0.000     -0.2833E-02   0.000      0.5658E-02  0.2057       0.000    

 Surface forces referred to Sref,Cref,Bref about Xmom,Ymom,Zmom
 Standard axis orientation,  X fwd, Z down         

  Surface #39     nacelle_8_vertical                      
     # chordwise =  6   # spanwise = 11     First strip =658
     Surface area = 0.11003           ave. chord = 0.41677    
     CLsurf  =  -0.000000     Clsurf  =  -0.000000
     CYsurf  =   0.000004     Cmsurf  =  -0.000000
     CDsurf  =  -0.000000     Cnsurf  =   0.000000
     CDisurf =  -0.000000     CDvsurf =   0.000000

  Forces referred to Ssurf, Cave about hinge axis thru LE
     cl_surf =  -0.000004     cd_surf =  -0.000004

 Strip Forces referred to strip area, chord
    j    xLE         yLE         zLE         Chord       Area        Dihedral   c cl        ai_ff       cl           clj         cd          cdv         cm_c/4     c.p.x/c      Dcj
   658   10.90       10.26       1.134      0.1455      0.3841E-02   90.00     -0.6202E-03  0.2009E-01 -0.4262E-02   0.000     -0.2105E-04   0.000     -0.1646E-02 -0.1362       0.000    
   659   10.83       10.26       1.161      0.3424      0.9041E-02   90.00     -0.1379E-02  0.1838E-01 -0.4026E-02   0.000     -0.7102E-05   0.000     -0.5901E-03  0.1035       0.000    
   660   10.79       10.26       1.187      0.4523      0.1194E-01   90.00     -0.2075E-02  0.1631E-01 -0.4588E-02   0.000     -0.6860E-05   0.000     -0.5233E-03  0.1359       0.000    
   661   10.76       10.26       1.213      0.5384      0.1421E-01   90.00     -0.3089E-02  0.3621E-02 -0.5737E-02   0.000     -0.7973E-05   0.000     -0.6633E-03  0.1344       0.000    
   662   10.75       10.26       1.240      0.6052      0.1598E-01   90.00     -0.2998E-02  0.6312E-03 -0.4954E-02   0.000     -0.2272E-05   0.000     -0.4858E-03  0.1519       0.000    
   663   10.74       10.26       1.260      0.6194      0.8176E-02   90.00     -0.9659E-03  0.2533E-01 -0.1559E-02   0.000     -0.3726E-06   0.000      0.2792E-03  0.4290       0.000    
   664   10.75       10.26       1.273      0.5910      0.7801E-02   90.00      0.8255E-03  0.4632E-01  0.1397E-02   0.000      0.3631E-06   0.000      0.3290E-03  0.1446E-01   0.000    
   665   10.76       10.26       1.293      0.5384      0.1421E-01   90.00      0.1153E-02  0.3609E-01  0.2142E-02   0.000     -0.1962E-05   0.000      0.2900E-03  0.1146       0.000    
   666   10.79       10.26       1.319      0.4523      0.1194E-01   90.00      0.3959E-03  0.2707E-01  0.8754E-03   0.000     -0.7018E-06   0.000      0.2152E-03  0.4183E-02   0.000    
   667   10.83       10.26       1.345      0.3425      0.9041E-02   90.00      0.1497E-03  0.3483E-01  0.4371E-03   0.000     -0.2311E-06   0.000      0.1447E-03 -0.8100E-01   0.000    
   668   10.90       10.26       1.372      0.1455      0.3841E-02   90.00      0.1078E-03  0.7020E-01  0.7411E-03   0.000     -0.2474E-06   0.000     -0.5045E-04  0.3181       0.000    

 Surface forces referred to Sref,Cref,Bref about Xmom,Ymom,Zmom
 Standard axis orientation,  X fwd, Z down         

  Surface #40     nacelle_9_horizontal                    
     # chordwise =  6   # spanwise = 11     First strip =669
     Surface area = 0.11003           ave. chord = 0.41677    
     CLsurf  =   0.000086     Clsurf  =   0.000007
     CYsurf  =  -0.000000     Cmsurf  =   0.000042
     CDsurf  =   0.000001     Cnsurf  =   0.000000
     CDisurf =   0.000001     CDvsurf =   0.000000

  Forces referred to Ssurf, Cave about hinge axis thru LE
     cl_surf =   0.048969     cd_surf =   0.000507

 Strip Forces referred to strip area, chord
    j    xLE         yLE         zLE         Chord       Area        Dihedral   c cl        ai_ff       cl           clj         cd          cdv         cm_c/4     c.p.x/c      Dcj
   669   10.58      -2.259       1.253      0.1455      0.3841E-02   0.000      0.1447E-01  0.1402      0.9965E-01   0.000     -0.1707E-02   0.000      0.6233E-02  0.1875       0.000    
   670   10.51      -2.233       1.253      0.3425      0.9041E-02   0.000      0.1956E-01  0.1271      0.5719E-01   0.000      0.1284E-03   0.000      0.6193E-02  0.1417       0.000    
   671   10.47      -2.206       1.253      0.4523      0.1194E-01   0.000      0.2245E-01  0.1307      0.4968E-01   0.000      0.4794E-03   0.000      0.5684E-02  0.1356       0.000    
   672   10.44      -2.180       1.253      0.5384      0.1421E-01   0.000      0.2223E-01  0.1293      0.4130E-01   0.000      0.8371E-03   0.000      0.4750E-02  0.1350       0.000    
   673   10.43      -2.153       1.253      0.6052      0.1598E-01   0.000      0.1941E-01         NaN  0.3208E-01   0.000      0.7729E-03   0.000      0.3667E-02  0.1357       0.000    
   674   10.42      -2.134       1.253      0.6194      0.8176E-02   0.000      0.2256E-01  0.5630E-01  0.3642E-01   0.000      0.1068E-02   0.000      0.4156E-02  0.1359       0.000    
   675   10.43      -2.120       1.253      0.5910      0.7801E-02   0.000      0.2508E-01  0.8739E-01  0.4242E-01   0.000      0.1201E-02   0.000      0.4770E-02  0.1376       0.000    
   676   10.44      -2.101       1.253      0.5384      0.1421E-01   0.000      0.2538E-01  0.1383      0.4717E-01   0.000      0.8586E-03   0.000      0.5216E-02  0.1394       0.000    
   677   10.47      -2.074       1.253      0.4523      0.1194E-01   0.000      0.2281E-01  0.1299      0.5047E-01   0.000      0.5254E-03   0.000      0.5521E-02  0.1406       0.000    
   678   10.51      -2.048       1.253      0.3425      0.9041E-02   0.000      0.1961E-01  0.1259      0.5733E-01   0.000      0.1625E-03   0.000      0.5865E-02  0.1477       0.000    
   679   10.58      -2.021       1.253      0.1455      0.3841E-02   0.000      0.1418E-01  0.1376      0.9765E-01   0.000     -0.1770E-02   0.000      0.5485E-02  0.1938       0.000    

 Surface forces referred to Sref,Cref,Bref about Xmom,Ymom,Zmom
 Standard axis orientation,  X fwd, Z down         

  Surface #41     nacelle_9_vertical                      
     # chordwise =  6   # spanwise = 11     First strip =680
     Surface area = 0.11003           ave. chord = 0.41677    
     CLsurf  =  -0.000000     Clsurf  =  -0.000000
     CYsurf  =   0.000013     Cmsurf  =  -0.000000
     CDsurf  =  -0.000000     Cnsurf  =   0.000001
     CDisurf =  -0.000000     CDvsurf =   0.000000

  Forces referred to Ssurf, Cave about hinge axis thru LE
     cl_surf =  -0.000004     cd_surf =  -0.000042

 Strip Forces referred to strip area, chord
    j    xLE         yLE         zLE         Chord       Area        Dihedral   c cl        ai_ff       cl           clj         cd          cdv         cm_c/4     c.p.x/c      Dcj
   680   10.58      -2.140       1.134      0.1455      0.3841E-02   90.00     -0.1484E-02 -0.6744E-02 -0.1020E-01   0.000     -0.1878E-03   0.000     -0.4613E-02 -0.2021       0.000    
   681   10.51      -2.140       1.161      0.3424      0.9041E-02   90.00     -0.2555E-02 -0.5539E-02 -0.7462E-02   0.000     -0.6611E-04   0.000     -0.1800E-02  0.8794E-02   0.000    
   682   10.47      -2.140       1.187      0.4523      0.1194E-01   90.00     -0.3022E-02 -0.4059E-02 -0.6681E-02   0.000     -0.4523E-04   0.000     -0.1353E-02  0.4748E-01   0.000    
   683   10.44      -2.140       1.213      0.5384      0.1421E-01   90.00     -0.3364E-02 -0.7759E-02 -0.6248E-02   0.000     -0.3228E-04   0.000     -0.1117E-02  0.7128E-01   0.000    
   684   10.43      -2.140       1.240      0.6052      0.1598E-01   90.00     -0.3444E-02 -0.8942E-02 -0.5690E-02   0.000     -0.2157E-04   0.000     -0.9224E-03  0.8791E-01   0.000    
   685   10.42      -2.140       1.260      0.6194      0.8176E-02   90.00     -0.3708E-02  0.1998E-01 -0.5986E-02   0.000     -0.1733E-04   0.000     -0.9132E-04  0.2347       0.000    
   686   10.43      -2.140       1.273      0.5910      0.7801E-02   90.00     -0.3696E-02  0.1480E-01 -0.6255E-02   0.000     -0.1642E-04   0.000     -0.1004E-03  0.2339       0.000    
   687   10.44      -2.140       1.293      0.5384      0.1421E-01   90.00     -0.4071E-02 -0.1214E-02 -0.7561E-02   0.000     -0.2554E-04   0.000     -0.5739E-04  0.2424       0.000    
   688   10.47      -2.140       1.319      0.4523      0.1194E-01   90.00     -0.3939E-02 -0.2520E-02 -0.8710E-02   0.000     -0.3795E-04   0.000      0.3519E-04  0.2540       0.000    
   689   10.51      -2.140       1.345      0.3425      0.9041E-02   90.00     -0.3345E-02  0.3182E-02 -0.9769E-02   0.000     -0.4807E-04   0.000      0.2610E-03  0.2767       0.000    
   690   10.58      -2.140       1.372      0.1455      0.3841E-02   90.00     -0.2659E-02  0.5065E-02 -0.1828E-01   0.000     -0.1028E-03   0.000      0.2628E-02  0.3938       0.000    

 Surface forces referred to Sref,Cref,Bref about Xmom,Ymom,Zmom
 Standard axis orientation,  X fwd, Z down         

  Surface #42     nacelle_10_horizontal                   
     # chordwise =  6   # spanwise = 11     First strip =691
     Surface area = 0.11003           ave. chord = 0.41677    
     CLsurf  =   0.000139     Clsurf  =   0.000017
     CYsurf  =   0.000000     Cmsurf  =   0.000067
     CDsurf  =   0.000001     Cnsurf  =   0.000001
     CDisurf =   0.000001     CDvsurf =   0.000000

  Forces referred to Ssurf, Cave about hinge axis thru LE
     cl_surf =   0.078804     cd_surf =   0.000571

 Strip Forces referred to strip area, chord
    j    xLE         yLE         zLE         Chord       Area        Dihedral   c cl        ai_ff       cl           clj         cd          cdv         cm_c/4     c.p.x/c      Dcj
   691   10.59      -3.418       1.253      0.1455      0.3841E-02   0.000      0.2032E-01  0.8938E-01  0.1401       0.000     -0.4920E-02   0.000      0.7505E-02  0.1964       0.000    
   692   10.52      -3.392       1.253      0.3425      0.9041E-02   0.000      0.2980E-01  0.9630E-01  0.8715E-01   0.000     -0.4688E-03   0.000      0.8761E-02  0.1495       0.000    
   693   10.48      -3.366       1.253      0.4523      0.1194E-01   0.000      0.3565E-01  0.9835E-01  0.7890E-01   0.000      0.4752E-03   0.000      0.8470E-02  0.1427       0.000    
   694   10.45      -3.339       1.253      0.5384      0.1421E-01   0.000      0.3907E-01  0.9656E-01  0.7261E-01   0.000      0.1262E-02   0.000      0.7938E-02  0.1407       0.000    
   695   10.44      -3.319       1.253      0.5910      0.7801E-02   0.000      0.4020E-01  0.8867E-01  0.6801E-01   0.000      0.2078E-02   0.000      0.7546E-02  0.1390       0.000    
   696   10.43      -3.306       1.253      0.6194      0.8176E-02   0.000      0.4063E-01  0.6884E-01  0.6558E-01   0.000      0.2095E-02   0.000      0.7357E-02  0.1378       0.000    
   697   10.44      -3.286       1.253      0.6052      0.1598E-01   0.000      0.4043E-01  0.1204      0.6681E-01   0.000      0.1791E-02   0.000      0.7516E-02  0.1375       0.000    
   698   10.45      -3.260       1.253      0.5384      0.1421E-01   0.000      0.3853E-01  0.1048      0.7160E-01   0.000      0.1213E-02   0.000      0.7895E-02  0.1397       0.000    
   699   10.48      -3.234       1.253      0.4523      0.1194E-01   0.000      0.3491E-01  0.9972E-01  0.7727E-01   0.000      0.4605E-03   0.000      0.8357E-02  0.1418       0.000    
   700   10.52      -3.207       1.253      0.3425      0.9041E-02   0.000      0.2915E-01  0.9659E-01  0.8527E-01   0.000     -0.4440E-03   0.000      0.8602E-02  0.1491       0.000    
   701   10.59      -3.181       1.253      0.1455      0.3841E-02   0.000      0.1982E-01  0.8966E-01  0.1367       0.000     -0.4764E-02   0.000      0.7191E-02  0.1974       0.000    

 Surface forces referred to Sref,Cref,Bref about Xmom,Ymom,Zmom
 Standard axis orientation,  X fwd, Z down         

  Surface #43     nacelle_10_vertical                     
     # chordwise =  6   # spanwise = 11     First strip =702
     Surface area = 0.11003           ave. chord = 0.41677    
     CLsurf  =  -0.000000     Clsurf  =  -0.000000
     CYsurf  =   0.000007     Cmsurf  =  -0.000000
     CDsurf  =  -0.000000     Cnsurf  =   0.000000
     CDisurf =  -0.000000     CDvsurf =   0.000000

  Forces referred to Ssurf, Cave about hinge axis thru LE
     cl_surf =  -0.000010     cd_surf =  -0.000012

 Strip Forces referred to strip area, chord
    j    xLE         yLE         zLE         Chord       Area        Dihedral   c cl        ai_ff       cl           clj         cd          cdv         cm_c/4     c.p.x/c      Dcj
   702   10.59      -3.300       1.134      0.1455      0.3841E-02   90.00     -0.9207E-03 -0.3990E-02 -0.6328E-02   0.000     -0.5769E-04   0.000     -0.2716E-02 -0.1792       0.000    
   703   10.52      -3.300       1.161      0.3424      0.9041E-02   90.00     -0.1875E-02 -0.5159E-02 -0.5476E-02   0.000     -0.2354E-04   0.000     -0.1274E-02  0.1733E-01   0.000    
   704   10.48      -3.300       1.187      0.4523      0.1194E-01   90.00     -0.2695E-02 -0.7205E-02 -0.5958E-02   0.000     -0.2227E-04   0.000     -0.1217E-02  0.4575E-01   0.000    
   705   10.45      -3.300       1.213      0.5384      0.1421E-01   90.00     -0.3850E-02 -0.2101E-01 -0.7151E-02   0.000     -0.2355E-04   0.000     -0.1375E-02  0.5768E-01   0.000    
   706   10.44      -3.300       1.240      0.6052      0.1598E-01   90.00     -0.3846E-02 -0.2503E-01 -0.6354E-02   0.000     -0.9935E-05   0.000     -0.1165E-02  0.6672E-01   0.000    
   707   10.43      -3.300       1.260      0.6194      0.8176E-02   90.00     -0.1993E-02  0.2496E-02 -0.3217E-02   0.000     -0.3258E-05   0.000     -0.6956E-04  0.2284       0.000    
   708   10.44      -3.300       1.273      0.5910      0.7801E-02   90.00     -0.1682E-03  0.2367E-01 -0.2846E-03   0.000     -0.3831E-06   0.000      0.1479E-04  0.3020       0.000    
   709   10.45      -3.300       1.293      0.5384      0.1421E-01   90.00      0.7472E-04  0.1090E-01  0.1388E-03   0.000     -0.1603E-06   0.000      0.2555E-05  0.2316       0.000    
   710   10.48      -3.300       1.319      0.4523      0.1194E-01   90.00     -0.8003E-03 -0.2589E-02 -0.1770E-02   0.000     -0.1698E-05   0.000     -0.2086E-04  0.2382       0.000    
   711   10.52      -3.300       1.345      0.3425      0.9041E-02   90.00     -0.1033E-02 -0.3908E-02 -0.3015E-02   0.000     -0.4365E-05   0.000      0.6765E-04  0.2724       0.000    
   712   10.59      -3.300       1.372      0.1455      0.3841E-02   90.00     -0.9308E-03 -0.1273E-02 -0.6397E-02   0.000     -0.1204E-04   0.000      0.9581E-03  0.3998       0.000    

 Surface forces referred to Sref,Cref,Bref about Xmom,Ymom,Zmom
 Standard axis orientation,  X fwd, Z down         

  Surface #44     nacelle_11_horizontal                   
     # chordwise =  6   # spanwise = 11     First strip =713
     Surface area = 0.11003           ave. chord = 0.41677    
     CLsurf  =   0.000138     Clsurf  =   0.000022
     CYsurf  =   0.000000     Cmsurf  =   0.000065
     CDsurf  =   0.000001     Cnsurf  =   0.000001
     CDisurf =   0.000001     CDvsurf =   0.000000

  Forces referred to Ssurf, Cave about hinge axis thru LE
     cl_surf =   0.078117     cd_surf =   0.000617

 Strip Forces referred to strip area, chord
    j    xLE         yLE         zLE         Chord       Area        Dihedral   c cl        ai_ff       cl           clj         cd          cdv         cm_c/4     c.p.x/c      Dcj
   713   10.61      -4.578       1.253      0.1455      0.3841E-02   0.000      0.2011E-01  0.8798E-01  0.1387       0.000     -0.4774E-02   0.000      0.7344E-02  0.1970       0.000    
   714   10.54      -4.551       1.253      0.3425      0.9041E-02   0.000      0.2953E-01  0.9471E-01  0.8638E-01   0.000     -0.4026E-03   0.000      0.8644E-02  0.1499       0.000    
   715   10.50      -4.525       1.253      0.4523      0.1194E-01   0.000      0.3536E-01  0.9683E-01  0.7825E-01   0.000      0.5253E-03   0.000      0.8355E-02  0.1432       0.000    
   716   10.48      -4.499       1.253      0.5384      0.1421E-01   0.000      0.3880E-01  0.9564E-01  0.7210E-01   0.000      0.1295E-02   0.000      0.7826E-02  0.1414       0.000    
   717   10.46      -4.479       1.253      0.5910      0.7801E-02   0.000      0.3993E-01  0.8837E-01  0.6755E-01   0.000      0.2097E-02   0.000      0.7442E-02  0.1398       0.000    
   718   10.46      -4.466       1.253      0.6194      0.8176E-02   0.000      0.4029E-01  0.6818E-01  0.6503E-01   0.000      0.2087E-02   0.000      0.7242E-02  0.1386       0.000    
   719   10.46      -4.446       1.253      0.6052      0.1598E-01   0.000      0.4002E-01  0.1184      0.6613E-01   0.000      0.1799E-02   0.000      0.7381E-02  0.1384       0.000    
   720   10.48      -4.419       1.253      0.5384      0.1421E-01   0.000      0.3813E-01  0.1031      0.7085E-01   0.000      0.1243E-02   0.000      0.7762E-02  0.1404       0.000    
   721   10.50      -4.393       1.253      0.4523      0.1194E-01   0.000      0.3459E-01  0.9851E-01  0.7655E-01   0.000      0.5132E-03   0.000      0.8235E-02  0.1424       0.000    
   722   10.54      -4.367       1.253      0.3425      0.9041E-02   0.000      0.2891E-01  0.9552E-01  0.8455E-01   0.000     -0.3674E-03   0.000      0.8494E-02  0.1495       0.000    
   723   10.61      -4.340       1.253      0.1455      0.3841E-02   0.000      0.1969E-01  0.8852E-01  0.1358       0.000     -0.4538E-02   0.000      0.7201E-02  0.1970       0.000    

 Surface forces referred to Sref,Cref,Bref about Xmom,Ymom,Zmom
 Standard axis orientation,  X fwd, Z down         

  Surface #45     nacelle_11_vertical                     
     # chordwise =  6   # spanwise = 11     First strip =724
     Surface area = 0.11003           ave. chord = 0.41677    
     CLsurf  =  -0.000000     Clsurf  =  -0.000000
     CYsurf  =   0.000003     Cmsurf  =  -0.000000
     CDsurf  =  -0.000000     Cnsurf  =   0.000000
     CDisurf =  -0.000000     CDvsurf =   0.000000

  Forces referred to Ssurf, Cave about hinge axis thru LE
     cl_surf =  -0.000004     cd_surf =  -0.000004

 Strip Forces referred to strip area, chord
    j    xLE         yLE         zLE         Chord       Area        Dihedral   c cl        ai_ff       cl           clj         cd          cdv         cm_c/4     c.p.x/c      Dcj
   724   10.61      -4.459       1.134      0.1455      0.3841E-02   90.00     -0.4867E-03 -0.8223E-02 -0.3345E-02   0.000     -0.1535E-04   0.000     -0.1411E-02 -0.1719       0.000    
   725   10.54      -4.459       1.161      0.3424      0.9041E-02   90.00     -0.1083E-02 -0.9097E-02 -0.3162E-02   0.000     -0.7078E-05   0.000     -0.7011E-03  0.2828E-01   0.000    
   726   10.50      -4.459       1.187      0.4523      0.1194E-01   90.00     -0.1721E-02 -0.1113E-01 -0.3805E-02   0.000     -0.8330E-05   0.000     -0.7433E-03  0.5465E-01   0.000    
   727   10.48      -4.459       1.213      0.5384      0.1421E-01   90.00     -0.2763E-02 -0.2480E-01 -0.5132E-02   0.000     -0.1113E-04   0.000     -0.9618E-03  0.6259E-01   0.000    
   728   10.46      -4.459       1.240      0.6052      0.1598E-01   90.00     -0.2683E-02 -0.2845E-01 -0.4432E-02   0.000     -0.3589E-05   0.000     -0.7954E-03  0.7055E-01   0.000    
   729   10.46      -4.459       1.260      0.6194      0.8176E-02   90.00     -0.6018E-03 -0.2829E-02 -0.9716E-03   0.000     -0.4422E-06   0.000      0.3210E-05  0.2533       0.000    
   730   10.46      -4.459       1.273      0.5910      0.7801E-02   90.00      0.1208E-02  0.1872E-01  0.2043E-02   0.000      0.5522E-06   0.000      0.8728E-04  0.2073       0.000    
   731   10.48      -4.459       1.293      0.5384      0.1421E-01   90.00      0.1428E-02  0.6101E-02  0.2652E-02   0.000     -0.1447E-05   0.000      0.5191E-04  0.2304       0.000    
   732   10.50      -4.459       1.319      0.4523      0.1194E-01   90.00      0.4481E-03 -0.7662E-02  0.9907E-03   0.000     -0.2348E-06   0.000     -0.1539E-04  0.2655       0.000    
   733   10.54      -4.459       1.345      0.3425      0.9041E-02   90.00      0.3061E-04 -0.1033E-01  0.8940E-04   0.000     -0.4320E-07   0.000     -0.2610E-04  0.5420       0.000    
   734   10.61      -4.459       1.372      0.1455      0.3841E-02   90.00     -0.1231E-03 -0.1630E-01 -0.8464E-03   0.000     -0.3354E-06   0.000      0.9458E-04  0.3618       0.000    

 Surface forces referred to Sref,Cref,Bref about Xmom,Ymom,Zmom
 Standard axis orientation,  X fwd, Z down         

  Surface #46     nacelle_12_horizontal                   
     # chordwise =  6   # spanwise = 11     First strip =735
     Surface area = 0.11003           ave. chord = 0.41677    
     CLsurf  =   0.000137     Clsurf  =   0.000028
     CYsurf  =  -0.000000     Cmsurf  =   0.000061
     CDsurf  =   0.000001     Cnsurf  =   0.000001
     CDisurf =   0.000001     CDvsurf =   0.000000

  Forces referred to Ssurf, Cave about hinge axis thru LE
     cl_surf =   0.077554     cd_surf =   0.000646

 Strip Forces referred to strip area, chord
    j    xLE         yLE         zLE         Chord       Area        Dihedral   c cl        ai_ff       cl           clj         cd          cdv         cm_c/4     c.p.x/c      Dcj
   735   10.67      -5.737       1.253      0.1455      0.3841E-02   0.000      0.1960E-01  0.8708E-01  0.1351       0.000     -0.4422E-02   0.000      0.7271E-02  0.1962       0.000    
   736   10.60      -5.711       1.253      0.3425      0.9041E-02   0.000      0.2866E-01  0.9314E-01  0.8381E-01   0.000     -0.3156E-03   0.000      0.8578E-02  0.1476       0.000    
   737   10.56      -5.684       1.253      0.4523      0.1194E-01   0.000      0.3426E-01  0.9619E-01  0.7583E-01   0.000      0.5458E-03   0.000      0.8257E-02  0.1411       0.000    
   738   10.53      -5.658       1.253      0.5384      0.1421E-01   0.000      0.3777E-01  0.1008      0.7018E-01   0.000      0.1266E-02   0.000      0.7721E-02  0.1400       0.000    
   739   10.52      -5.632       1.253      0.6052      0.1598E-01   0.000      0.3968E-01  0.1165      0.6557E-01   0.000      0.1807E-02   0.000      0.7308E-02  0.1385       0.000    
   740   10.52      -5.612       1.253      0.6194      0.8176E-02   0.000      0.4002E-01  0.6633E-01  0.6460E-01   0.000      0.2091E-02   0.000      0.7172E-02  0.1390       0.000    
   741   10.52      -5.599       1.253      0.5910      0.7801E-02   0.000      0.3973E-01  0.8711E-01  0.6721E-01   0.000      0.2107E-02   0.000      0.7374E-02  0.1403       0.000    
   742   10.53      -5.579       1.253      0.5384      0.1421E-01   0.000      0.3861E-01  0.9423E-01  0.7174E-01   0.000      0.1315E-02   0.000      0.7748E-02  0.1420       0.000    
   743   10.56      -5.552       1.253      0.4523      0.1194E-01   0.000      0.3516E-01  0.9519E-01  0.7781E-01   0.000      0.5488E-03   0.000      0.8270E-02  0.1437       0.000    
   744   10.60      -5.526       1.253      0.3425      0.9041E-02   0.000      0.2935E-01  0.9309E-01  0.8583E-01   0.000     -0.3660E-03   0.000      0.8556E-02  0.1503       0.000    
   745   10.67      -5.500       1.253      0.1455      0.3841E-02   0.000      0.1995E-01  0.8631E-01  0.1376       0.000     -0.4679E-02   0.000      0.7232E-02  0.1974       0.000    

 Surface forces referred to Sref,Cref,Bref about Xmom,Ymom,Zmom
 Standard axis orientation,  X fwd, Z down         

  Surface #47     nacelle_12_vertical                     
     # chordwise =  6   # spanwise = 11     First strip =746
     Surface area = 0.11003           ave. chord = 0.41677    
     CLsurf  =   0.000000     Clsurf  =   0.000000
     CYsurf  =   0.000000     Cmsurf  =   0.000000
     CDsurf  =  -0.000000     Cnsurf  =  -0.000000
     CDisurf =  -0.000000     CDvsurf =   0.000000

  Forces referred to Ssurf, Cave about hinge axis thru LE
     cl_surf =   0.000000     cd_surf =  -0.000003

 Strip Forces referred to strip area, chord
    j    xLE         yLE         zLE         Chord       Area        Dihedral   c cl        ai_ff       cl           clj         cd          cdv         cm_c/4     c.p.x/c      Dcj
   746   10.67      -5.618       1.134      0.1455      0.3841E-02   90.00      0.2680E-03 -0.1174E-01  0.1842E-02   0.000     -0.3998E-05   0.000      0.7396E-03 -0.1516       0.000    
   747   10.60      -5.618       1.161      0.3424      0.9041E-02   90.00      0.6611E-03 -0.1124E-01  0.1931E-02   0.000     -0.1963E-05   0.000      0.3945E-03  0.4568E-01   0.000    
   748   10.56      -5.618       1.187      0.4523      0.1194E-01   90.00      0.1177E-02 -0.9449E-02  0.2602E-02   0.000     -0.3121E-05   0.000      0.4787E-03  0.6601E-01   0.000    
   749   10.53      -5.618       1.213      0.5384      0.1421E-01   90.00      0.2123E-02  0.3854E-02  0.3943E-02   0.000     -0.5398E-05   0.000      0.7195E-03  0.6754E-01   0.000    
   750   10.52      -5.618       1.240      0.6052      0.1598E-01   90.00      0.1959E-02  0.6872E-02  0.3237E-02   0.000     -0.8274E-06   0.000      0.5686E-03  0.7436E-01   0.000    
   751   10.52      -5.618       1.260      0.6194      0.8176E-02   90.00     -0.2994E-03 -0.1706E-01 -0.4834E-03   0.000      0.1262E-06   0.000     -0.4541E-04  0.1561       0.000    
   752   10.52      -5.618       1.273      0.5910      0.7801E-02   90.00     -0.2134E-02 -0.3919E-01 -0.3610E-02   0.000     -0.3807E-06   0.000     -0.1270E-03  0.2148       0.000    
   753   10.53      -5.618       1.293      0.5384      0.1421E-01   90.00     -0.2382E-02 -0.2706E-01 -0.4425E-02   0.000     -0.5027E-05   0.000     -0.7223E-04  0.2337       0.000    
   754   10.56      -5.618       1.319      0.4523      0.1194E-01   90.00     -0.1378E-02 -0.1382E-01 -0.3047E-02   0.000     -0.2947E-05   0.000      0.2581E-04  0.2585       0.000    
   755   10.60      -5.618       1.345      0.3425      0.9041E-02   90.00     -0.8645E-03 -0.1261E-01 -0.2524E-02   0.000     -0.2030E-05   0.000      0.1041E-03  0.2912       0.000    
   756   10.67      -5.618       1.372      0.1455      0.3841E-02   90.00     -0.5468E-03 -0.1918E-01 -0.3758E-02   0.000     -0.3531E-05   0.000      0.6062E-03  0.4113       0.000    

 Surface forces referred to Sref,Cref,Bref about Xmom,Ymom,Zmom
 Standard axis orientation,  X fwd, Z down         

  Surface #48     nacelle_13_horizontal                   
     # chordwise =  6   # spanwise = 11     First strip =757
     Surface area = 0.10997           ave. chord = 0.41670    
     CLsurf  =   0.000136     Clsurf  =   0.000034
     CYsurf  =   0.000000     Cmsurf  =   0.000057
     CDsurf  =   0.000001     Cnsurf  =   0.000001
     CDisurf =   0.000001     CDvsurf =   0.000000

  Forces referred to Ssurf, Cave about hinge axis thru LE
     cl_surf =   0.076851     cd_surf =   0.000686

 Strip Forces referred to strip area, chord
    j    xLE         yLE         zLE         Chord       Area        Dihedral   c cl        ai_ff       cl           clj         cd          cdv         cm_c/4     c.p.x/c      Dcj
   757   10.73      -6.897       1.253      0.1455      0.3841E-02   0.000      0.1981E-01  0.8516E-01  0.1366       0.000     -0.4514E-02   0.000      0.7175E-02  0.1975       0.000    
   758   10.65      -6.870       1.253      0.3424      0.9041E-02   0.000      0.2904E-01  0.9105E-01  0.8494E-01   0.000     -0.2898E-03   0.000      0.8571E-02  0.1491       0.000    
   759   10.62      -6.844       1.253      0.4523      0.1194E-01   0.000      0.3477E-01  0.9308E-01  0.7694E-01   0.000      0.5996E-03   0.000      0.8262E-02  0.1426       0.000    
   760   10.59      -6.817       1.253      0.5384      0.1421E-01   0.000      0.3820E-01  0.9245E-01  0.7097E-01   0.000      0.1343E-02   0.000      0.7700E-02  0.1415       0.000    
   761   10.58      -6.798       1.253      0.5910      0.7801E-02   0.000      0.3933E-01  0.8574E-01  0.6653E-01   0.000      0.2103E-02   0.000      0.7303E-02  0.1402       0.000    
   762   10.57      -6.784       1.253      0.6194      0.8176E-02   0.000      0.3965E-01  0.6566E-01  0.6399E-01   0.000      0.2103E-02   0.000      0.7091E-02  0.1392       0.000    
   763   10.57      -6.765       1.253      0.6052      0.1592E-01   0.000      0.3934E-01  0.1145      0.6500E-01   0.000      0.1820E-02   0.000      0.7222E-02  0.1389       0.000    
   764   10.59      -6.738       1.253      0.5384      0.1421E-01   0.000      0.3747E-01  0.9926E-01  0.6961E-01   0.000      0.1291E-02   0.000      0.7635E-02  0.1403       0.000    
   765   10.62      -6.712       1.253      0.4523      0.1194E-01   0.000      0.3399E-01  0.9472E-01  0.7522E-01   0.000      0.5850E-03   0.000      0.8163E-02  0.1415       0.000    
   766   10.65      -6.685       1.253      0.3424      0.9041E-02   0.000      0.2843E-01  0.9182E-01  0.8315E-01   0.000     -0.2607E-03   0.000      0.8472E-02  0.1481       0.000    
   767   10.73      -6.659       1.253      0.1455      0.3841E-02   0.000      0.1944E-01  0.8572E-01  0.1340       0.000     -0.4278E-02   0.000      0.7163E-02  0.1966       0.000    

 Surface forces referred to Sref,Cref,Bref about Xmom,Ymom,Zmom
 Standard axis orientation,  X fwd, Z down         

  Surface #49     nacelle_13_vertical                     
     # chordwise =  6   # spanwise = 11     First strip =768
     Surface area = 0.11003           ave. chord = 0.41677    
     CLsurf  =  -0.000000     Clsurf  =  -0.000000
     CYsurf  =   0.000000     Cmsurf  =  -0.000000
     CDsurf  =  -0.000000     Cnsurf  =   0.000000
     CDisurf =  -0.000000     CDvsurf =   0.000000

  Forces referred to Ssurf, Cave about hinge axis thru LE
     cl_surf =  -0.000001     cd_surf =  -0.000002

 Strip Forces referred to strip area, chord
    j    xLE         yLE         zLE         Chord       Area        Dihedral   c cl        ai_ff       cl           clj         cd          cdv         cm_c/4     c.p.x/c      Dcj
   768   10.73      -6.778       1.134      0.1455      0.3841E-02   90.00     -0.2525E-03 -0.1214E-01 -0.1735E-02   0.000     -0.3849E-05   0.000     -0.7158E-03 -0.1625       0.000    
   769   10.65      -6.778       1.161      0.3424      0.9041E-02   90.00     -0.6432E-03 -0.1274E-01 -0.1878E-02   0.000     -0.2239E-05   0.000     -0.4092E-03  0.3212E-01   0.000    
   770   10.62      -6.778       1.187      0.4523      0.1194E-01   90.00     -0.1169E-02 -0.1465E-01 -0.2585E-02   0.000     -0.3651E-05   0.000     -0.5047E-03  0.5480E-01   0.000    
   771   10.59      -6.778       1.213      0.5384      0.1421E-01   90.00     -0.2130E-02 -0.2798E-01 -0.3956E-02   0.000     -0.6286E-05   0.000     -0.7544E-03  0.5931E-01   0.000    
   772   10.57      -6.778       1.240      0.6052      0.1598E-01   90.00     -0.2009E-02 -0.3138E-01 -0.3320E-02   0.000     -0.1466E-05   0.000     -0.6126E-03  0.6548E-01   0.000    
   773   10.57      -6.778       1.260      0.6194      0.8176E-02   90.00      0.1650E-03 -0.7109E-02  0.2664E-03   0.000      0.8040E-07   0.000      0.1663E-04  0.1876       0.000    
   774   10.58      -6.778       1.273      0.5910      0.7801E-02   90.00      0.1941E-02  0.1438E-01  0.3285E-02   0.000      0.9635E-07   0.000      0.1002E-03  0.2195       0.000    
   775   10.59      -6.778       1.293      0.5384      0.1421E-01   90.00      0.2143E-02  0.1972E-02  0.3980E-02   0.000     -0.3529E-05   0.000      0.5261E-04  0.2368       0.000    
   776   10.62      -6.778       1.319      0.4523      0.1194E-01   90.00      0.1117E-02 -0.1169E-01  0.2469E-02   0.000     -0.1630E-05   0.000     -0.3491E-04  0.2641       0.000    
   777   10.65      -6.778       1.345      0.3425      0.9041E-02   90.00      0.6021E-03 -0.1505E-01  0.1758E-02   0.000     -0.7416E-06   0.000     -0.9392E-04  0.3034       0.000    
   778   10.73      -6.778       1.372      0.1455      0.3841E-02   90.00      0.3082E-03 -0.2808E-01  0.2118E-02   0.000     -0.9105E-06   0.000     -0.3722E-03  0.4257       0.000    

 Surface forces referred to Sref,Cref,Bref about Xmom,Ymom,Zmom
 Standard axis orientation,  X fwd, Z down         

  Surface #50     nacelle_14_horizontal                   
     # chordwise =  6   # spanwise = 11     First strip =779
     Surface area = 0.10999           ave. chord = 0.41680    
     CLsurf  =   0.000134     Clsurf  =   0.000039
     CYsurf  =  -0.000000     Cmsurf  =   0.000053
     CDsurf  =   0.000001     Cnsurf  =   0.000002
     CDisurf =   0.000001     CDvsurf =   0.000000

  Forces referred to Ssurf, Cave about hinge axis thru LE
     cl_surf =   0.075914     cd_surf =   0.000737

 Strip Forces referred to strip area, chord
    j    xLE         yLE         zLE         Chord       Area        Dihedral   c cl        ai_ff       cl           clj         cd          cdv         cm_c/4     c.p.x/c      Dcj
   779   10.79      -8.056       1.253      0.1455      0.3841E-02   0.000      0.1923E-01  0.8502E-01  0.1325       0.000     -0.4055E-02   0.000      0.7039E-02  0.1969       0.000    
   780   10.71      -8.030       1.253      0.3424      0.9006E-02   0.000      0.2804E-01  0.9027E-01  0.8199E-01   0.000     -0.1680E-03   0.000      0.8423E-02  0.1473       0.000    
   781   10.67      -8.003       1.253      0.4523      0.1194E-01   0.000      0.3350E-01  0.9297E-01  0.7413E-01   0.000      0.6466E-03   0.000      0.8118E-02  0.1405       0.000    
   782   10.65      -7.977       1.253      0.5384      0.1421E-01   0.000      0.3696E-01  0.9784E-01  0.6867E-01   0.000      0.1324E-02   0.000      0.7560E-02  0.1399       0.000    
   783   10.63      -7.950       1.253      0.6052      0.1598E-01   0.000      0.3886E-01  0.1135      0.6420E-01   0.000      0.1829E-02   0.000      0.7125E-02  0.1390       0.000    
   784   10.63      -7.931       1.253      0.6194      0.8176E-02   0.000      0.3918E-01  0.6411E-01  0.6323E-01   0.000      0.2101E-02   0.000      0.6989E-02  0.1395       0.000    
   785   10.63      -7.918       1.253      0.5910      0.7801E-02   0.000      0.3887E-01  0.8418E-01  0.6575E-01   0.000      0.2109E-02   0.000      0.7198E-02  0.1405       0.000    
   786   10.65      -7.898       1.253      0.5384      0.1421E-01   0.000      0.3776E-01  0.9108E-01  0.7016E-01   0.000      0.1373E-02   0.000      0.7594E-02  0.1418       0.000    
   787   10.67      -7.871       1.253      0.4523      0.1194E-01   0.000      0.3439E-01  0.9193E-01  0.7611E-01   0.000      0.6501E-03   0.000      0.8152E-02  0.1429       0.000    
   788   10.71      -7.845       1.253      0.3425      0.9041E-02   0.000      0.2874E-01  0.9010E-01  0.8406E-01   0.000     -0.2153E-03   0.000      0.8448E-02  0.1495       0.000    
   789   10.79      -7.819       1.253      0.1455      0.3841E-02   0.000      0.1961E-01  0.8418E-01  0.1352       0.000     -0.4314E-02   0.000      0.7080E-02  0.1976       0.000    

 Surface forces referred to Sref,Cref,Bref about Xmom,Ymom,Zmom
 Standard axis orientation,  X fwd, Z down         

  Surface #51     nacelle_14_vertical                     
     # chordwise =  6   # spanwise = 11     First strip =790
     Surface area = 0.11003           ave. chord = 0.41677    
     CLsurf  =  -0.000000     Clsurf  =   0.000000
     CYsurf  =  -0.000001     Cmsurf  =  -0.000000
     CDsurf  =  -0.000000     Cnsurf  =  -0.000000
     CDisurf =  -0.000000     CDvsurf =   0.000000

  Forces referred to Ssurf, Cave about hinge axis thru LE
     cl_surf =  -0.000001     cd_surf =  -0.000003

 Strip Forces referred to strip area, chord
    j    xLE         yLE         zLE         Chord       Area        Dihedral   c cl        ai_ff       cl           clj         cd          cdv         cm_c/4     c.p.x/c      Dcj
   790   10.79      -7.937       1.134      0.1455      0.3841E-02   90.00      0.3800E-03 -0.1430E-01  0.2612E-02   0.000     -0.8612E-05   0.000      0.1068E-02 -0.1589       0.000    
   791   10.71      -7.937       1.161      0.3424      0.9041E-02   90.00      0.8678E-03 -0.1364E-01  0.2534E-02   0.000     -0.3727E-05   0.000      0.5249E-03  0.4285E-01   0.000    
   792   10.67      -7.937       1.187      0.4523      0.1194E-01   90.00      0.1423E-02 -0.1184E-01  0.3147E-02   0.000     -0.4741E-05   0.000      0.5776E-03  0.6645E-01   0.000    
   793   10.65      -7.937       1.213      0.5384      0.1421E-01   90.00      0.2378E-02  0.1195E-02  0.4417E-02   0.000     -0.6897E-05   0.000      0.7959E-03  0.6980E-01   0.000    
   794   10.63      -7.937       1.240      0.6052      0.1598E-01   90.00      0.2239E-02  0.4267E-02  0.3700E-02   0.000     -0.1533E-05   0.000      0.6333E-03  0.7883E-01   0.000    
   795   10.63      -7.937       1.260      0.6194      0.8176E-02   90.00      0.8735E-04 -0.1945E-01  0.1410E-03   0.000      0.6989E-07   0.000     -0.4416E-04  0.5631       0.000    
   796   10.63      -7.937       1.273      0.5910      0.7801E-02   90.00     -0.1712E-02 -0.4098E-01 -0.2896E-02   0.000      0.5167E-07   0.000     -0.1240E-03  0.2072       0.000    
   797   10.65      -7.937       1.293      0.5384      0.1421E-01   90.00     -0.1967E-02 -0.2912E-01 -0.3654E-02   0.000     -0.3393E-05   0.000     -0.7736E-04  0.2288       0.000    
   798   10.67      -7.937       1.319      0.4523      0.1194E-01   90.00     -0.1022E-02 -0.1634E-01 -0.2259E-02   0.000     -0.1626E-05   0.000      0.8090E-05  0.2536       0.000    
   799   10.71      -7.937       1.345      0.3425      0.9041E-02   90.00     -0.5744E-03 -0.1588E-01 -0.1677E-02   0.000     -0.8609E-06   0.000      0.6338E-04  0.2878       0.000    
   800   10.79      -7.937       1.372      0.1455      0.3841E-02   90.00     -0.3350E-03 -0.2837E-01 -0.2302E-02   0.000     -0.1289E-05   0.000      0.3722E-03  0.4117       0.000    

 Surface forces referred to Sref,Cref,Bref about Xmom,Ymom,Zmom
 Standard axis orientation,  X fwd, Z down         

  Surface #52     nacelle_15_horizontal                   
     # chordwise =  6   # spanwise = 11     First strip =801
     Surface area = 0.11003           ave. chord = 0.41677    
     CLsurf  =   0.000132     Clsurf  =   0.000044
     CYsurf  =   0.000000     Cmsurf  =   0.000049
     CDsurf  =   0.000001     Cnsurf  =   0.000002
     CDisurf =   0.000001     CDvsurf =   0.000000

  Forces referred to Ssurf, Cave about hinge axis thru LE
     cl_surf =   0.074542     cd_surf =   0.000810

 Strip Forces referred to strip area, chord
    j    xLE         yLE         zLE         Chord       Area        Dihedral   c cl        ai_ff       cl           clj         cd          cdv         cm_c/4     c.p.x/c      Dcj
   801   10.84      -9.215       1.253      0.1455      0.3841E-02   0.000      0.1925E-01  0.8375E-01  0.1327       0.000     -0.3949E-02   0.000      0.6841E-02  0.1984       0.000    
   802   10.77      -9.189       1.253      0.3425      0.9041E-02   0.000      0.2817E-01  0.8898E-01  0.8238E-01   0.000     -0.6899E-04   0.000      0.8296E-02  0.1493       0.000    
   803   10.73      -9.163       1.253      0.4523      0.1194E-01   0.000      0.3369E-01  0.9053E-01  0.7454E-01   0.000      0.7388E-03   0.000      0.8025E-02  0.1423       0.000    
   804   10.70      -9.136       1.253      0.5384      0.1421E-01   0.000      0.3702E-01  0.9010E-01  0.6878E-01   0.000      0.1417E-02   0.000      0.7458E-02  0.1416       0.000    
   805   10.69      -9.117       1.253      0.5910      0.7801E-02   0.000      0.3814E-01  0.8391E-01  0.6451E-01   0.000      0.2112E-02   0.000      0.7054E-02  0.1407       0.000    
   806   10.69      -9.103       1.253      0.6194      0.8176E-02   0.000      0.3846E-01  0.6454E-01  0.6206E-01   0.000      0.2095E-02   0.000      0.6838E-02  0.1398       0.000    
   807   10.69      -9.084       1.253      0.6052      0.1598E-01   0.000      0.3815E-01  0.1114      0.6303E-01   0.000      0.1839E-02   0.000      0.6967E-02  0.1395       0.000    
   808   10.70      -9.057       1.253      0.5384      0.1421E-01   0.000      0.3632E-01  0.9646E-01  0.6748E-01   0.000      0.1364E-02   0.000      0.7402E-02  0.1403       0.000    
   809   10.73      -9.031       1.253      0.4523      0.1194E-01   0.000      0.3296E-01  0.9207E-01  0.7294E-01   0.000      0.7169E-03   0.000      0.7951E-02  0.1410       0.000    
   810   10.77      -9.004       1.253      0.3425      0.9041E-02   0.000      0.2762E-01  0.8963E-01  0.8076E-01   0.000     -0.5820E-04   0.000      0.8245E-02  0.1479       0.000    
   811   10.84      -8.978       1.253      0.1455      0.3841E-02   0.000      0.1894E-01  0.8429E-01  0.1306       0.000     -0.3774E-02   0.000      0.6904E-02  0.1971       0.000    

 Surface forces referred to Sref,Cref,Bref about Xmom,Ymom,Zmom
 Standard axis orientation,  X fwd, Z down         

  Surface #53     nacelle_15_vertical                     
     # chordwise =  6   # spanwise = 11     First strip =812
     Surface area = 0.11003           ave. chord = 0.41677    
     CLsurf  =   0.000000     Clsurf  =  -0.000000
     CYsurf  =  -0.000000     Cmsurf  =   0.000000
     CDsurf  =  -0.000000     Cnsurf  =  -0.000000
     CDisurf =  -0.000000     CDvsurf =   0.000000

  Forces referred to Ssurf, Cave about hinge axis thru LE
     cl_surf =   0.000000     cd_surf =  -0.000002

 Strip Forces referred to strip area, chord
    j    xLE         yLE         zLE         Chord       Area        Dihedral   c cl        ai_ff       cl           clj         cd          cdv         cm_c/4     c.p.x/c      Dcj
   812   10.84      -9.097       1.134      0.1455      0.3841E-02   90.00     -0.1560E-03 -0.1506E-01 -0.1072E-02   0.000     -0.1411E-05   0.000     -0.4404E-03 -0.1607       0.000    
   813   10.77      -9.097       1.161      0.3424      0.9041E-02   90.00     -0.4564E-03 -0.1545E-01 -0.1333E-02   0.000     -0.1107E-05   0.000     -0.3046E-03  0.2145E-01   0.000    
   814   10.73      -9.097       1.187      0.4523      0.1194E-01   90.00     -0.9290E-03 -0.1727E-01 -0.2054E-02   0.000     -0.2363E-05   0.000     -0.4236E-03  0.4376E-01   0.000    
   815   10.70      -9.097       1.213      0.5384      0.1421E-01   90.00     -0.1843E-02 -0.3018E-01 -0.3422E-02   0.000     -0.4745E-05   0.000     -0.6817E-03  0.5079E-01   0.000    
   816   10.69      -9.097       1.240      0.6052      0.1598E-01   90.00     -0.1712E-02 -0.3341E-01 -0.2829E-02   0.000     -0.9184E-06   0.000     -0.5540E-03  0.5418E-01   0.000    
   817   10.69      -9.097       1.260      0.6194      0.8176E-02   90.00      0.4326E-03 -0.9917E-02  0.6985E-03   0.000      0.7612E-07   0.000      0.7329E-06  0.2490       0.000    
   818   10.69      -9.097       1.273      0.5910      0.7801E-02   90.00      0.2147E-02  0.1094E-01  0.3633E-02   0.000     -0.1446E-06   0.000      0.8121E-04  0.2276       0.000    
   819   10.70      -9.097       1.293      0.5384      0.1421E-01   90.00      0.2332E-02 -0.1108E-02  0.4331E-02   0.000     -0.4062E-05   0.000      0.3155E-04  0.2427       0.000    
   820   10.73      -9.097       1.319      0.4523      0.1194E-01   90.00      0.1302E-02 -0.1456E-01  0.2878E-02   0.000     -0.2147E-05   0.000     -0.5873E-04  0.2704       0.000    
   821   10.77      -9.097       1.345      0.3425      0.9041E-02   90.00      0.7568E-03 -0.1861E-01  0.2210E-02   0.000     -0.1200E-05   0.000     -0.1269E-03  0.3074       0.000    
   822   10.84      -9.097       1.372      0.1455      0.3841E-02   90.00      0.4180E-03 -0.3798E-01  0.2873E-02   0.000     -0.1749E-05   0.000     -0.4960E-03  0.4226       0.000    

 Surface forces referred to Sref,Cref,Bref about Xmom,Ymom,Zmom
 Standard axis orientation,  X fwd, Z down         

  Surface #54     nacelle_16_horizontal                   
     # chordwise =  6   # spanwise = 11     First strip =823
     Surface area = 0.11003           ave. chord = 0.41677    
     CLsurf  =   0.000130     Clsurf  =   0.000049
     CYsurf  =   0.000000     Cmsurf  =   0.000045
     CDsurf  =   0.000002     Cnsurf  =   0.000002
     CDisurf =   0.000002     CDvsurf =   0.000000

  Forces referred to Ssurf, Cave about hinge axis thru LE
     cl_surf =   0.073684     cd_surf =   0.001091

 Strip Forces referred to strip area, chord
    j    xLE         yLE         zLE         Chord       Area        Dihedral   c cl        ai_ff       cl           clj         cd          cdv         cm_c/4     c.p.x/c      Dcj
   823   10.90      -10.37       1.253      0.1455      0.3841E-02   0.000      0.1889E-01  0.8124E-01  0.1302       0.000     -0.3028E-02   0.000      0.5661E-02  0.2065       0.000    
   824   10.83      -10.35       1.253      0.3425      0.9041E-02   0.000      0.2805E-01  0.9132E-01  0.8199E-01   0.000      0.4059E-03   0.000      0.6828E-02  0.1667       0.000    
   825   10.79      -10.32       1.253      0.4523      0.1194E-01   0.000      0.3350E-01  0.9227E-01  0.7411E-01   0.000      0.1072E-02   0.000      0.6814E-02  0.1581       0.000    
   826   10.76      -10.30       1.253      0.5384      0.1421E-01   0.000      0.3668E-01  0.9095E-01  0.6813E-01   0.000      0.1625E-02   0.000      0.6532E-02  0.1541       0.000    
   827   10.75      -10.28       1.253      0.5910      0.7801E-02   0.000      0.3770E-01  0.8485E-01  0.6377E-01   0.000      0.2210E-02   0.000      0.6278E-02  0.1516       0.000    
   828   10.74      -10.26       1.253      0.6194      0.8176E-02   0.000      0.3794E-01  0.6567E-01  0.6122E-01   0.000      0.2133E-02   0.000      0.6142E-02  0.1497       0.000    
   829   10.75      -10.24       1.253      0.6052      0.1598E-01   0.000      0.3758E-01  0.1106      0.6208E-01   0.000      0.1934E-02   0.000      0.6282E-02  0.1488       0.000    
   830   10.76      -10.22       1.253      0.5384      0.1421E-01   0.000      0.3583E-01  0.9705E-01  0.6655E-01   0.000      0.1555E-02   0.000      0.6596E-02  0.1509       0.000    
   831   10.79      -10.19       1.253      0.4523      0.1194E-01   0.000      0.3263E-01  0.9394E-01  0.7218E-01   0.000      0.1021E-02   0.000      0.6917E-02  0.1542       0.000    
   832   10.83      -10.16       1.253      0.3425      0.9041E-02   0.000      0.2737E-01  0.9167E-01  0.8002E-01   0.000      0.3770E-03   0.000      0.6988E-02  0.1627       0.000    
   833   10.90      -10.14       1.253      0.1455      0.3841E-02   0.000      0.1857E-01  0.8184E-01  0.1279       0.000     -0.2909E-02   0.000      0.5872E-02  0.2041       0.000    

 Surface forces referred to Sref,Cref,Bref about Xmom,Ymom,Zmom
 Standard axis orientation,  X fwd, Z down         

  Surface #55     nacelle_16_vertical                     
     # chordwise =  6   # spanwise = 11     First strip =834
     Surface area = 0.11003           ave. chord = 0.41677    
     CLsurf  =   0.000000     Clsurf  =   0.000000
     CYsurf  =  -0.000003     Cmsurf  =   0.000000
     CDsurf  =  -0.000000     Cnsurf  =  -0.000000
     CDisurf =  -0.000000     CDvsurf =   0.000000

  Forces referred to Ssurf, Cave about hinge axis thru LE
     cl_surf =   0.000001     cd_surf =  -0.000002

 Strip Forces referred to strip area, chord
    j    xLE         yLE         zLE         Chord       Area        Dihedral   c cl        ai_ff       cl           clj         cd          cdv         cm_c/4     c.p.x/c      Dcj
   834   10.90      -10.26       1.134      0.1455      0.3841E-02   90.00      0.6596E-04 -0.1911E-01  0.4533E-03   0.000     -0.1430E-06   0.000      0.1143E-03 -0.2178E-02   0.000    
   835   10.83      -10.26       1.161      0.3424      0.9041E-02   90.00      0.1181E-04 -0.1863E-01  0.3450E-04   0.000     -0.6684E-07   0.000     -0.2035E-03   6.148       0.000    
   836   10.79      -10.26       1.187      0.4523      0.1194E-01   90.00     -0.3222E-03 -0.2016E-01 -0.7123E-03   0.000     -0.9079E-06   0.000     -0.4088E-03 -0.3239       0.000    
   837   10.76      -10.26       1.213      0.5384      0.1421E-01   90.00     -0.1155E-02 -0.3286E-01 -0.2145E-02   0.000     -0.2987E-05   0.000     -0.6962E-03 -0.7454E-01   0.000    
   838   10.75      -10.26       1.240      0.6052      0.1598E-01   90.00     -0.9863E-03 -0.3592E-01 -0.1630E-02   0.000     -0.5097E-06   0.000     -0.6104E-03 -0.1246       0.000    
   839   10.74      -10.26       1.260      0.6194      0.8176E-02   90.00      0.1179E-02 -0.1464E-01  0.1904E-02   0.000     -0.5299E-06   0.000     -0.2275E-03  0.3695       0.000    
   840   10.75      -10.26       1.273      0.5910      0.7801E-02   90.00      0.2823E-02  0.5718E-02  0.4777E-02   0.000     -0.4299E-06   0.000     -0.1776E-03  0.2872       0.000    
   841   10.76      -10.26       1.293      0.5384      0.1421E-01   90.00      0.2942E-02 -0.7257E-02  0.5464E-02   0.000     -0.4372E-05   0.000     -0.2458E-03  0.2950       0.000    
   842   10.79      -10.26       1.319      0.4523      0.1194E-01   90.00      0.1784E-02 -0.2374E-01  0.3945E-02   0.000     -0.2552E-05   0.000     -0.3088E-03  0.3283       0.000    
   843   10.83      -10.26       1.345      0.3425      0.9041E-02   90.00      0.1079E-02 -0.3542E-01  0.3152E-02   0.000     -0.1637E-05   0.000     -0.3380E-03  0.3572       0.000    
   844   10.90      -10.26       1.372      0.1455      0.3841E-02   90.00      0.5754E-03 -0.7303E-01  0.3955E-02   0.000     -0.2835E-05   0.000     -0.7361E-03  0.4361       0.000    
