 ---------------------------------------------------------------
Surface and Strip forces by surface

 Surface forces referred to Sref,Cref,Bref about Xmom,Ymom,Zmom
 Standard axis orientation,  X fwd, Z down         

  Surface # 1     main_wing_1                             
     # chordwise = 10   # spanwise = 20     First strip =  1
     Surface area =  8.2939           ave. chord =  2.7376    
     CLsurf  =   0.041949     Clsurf  =  -0.002431
     CYsurf  =  -0.000010     Cmsurf  =  -0.025817
     CDsurf  =   0.001022     Cnsurf  =  -0.000054
     CDisurf =   0.000450     CDvsurf =   0.000000

  Forces referred to Ssurf, Cave about hinge axis thru LE
     cl_surf =   0.318417     cd_surf =   0.007760

 Strip Forces referred to strip area, chord
    j    xLE         yLE         zLE         Chord       Area        Dihedral   c cl        ai_ff       cl           clj         cd          cdv         cm_c/4     c.p.x/c      Dcj
     1   12.53      0.4970E-02   1.385       2.744      0.5447E-01   0.000      0.7689      0.1713E-01  0.2804       0.000      0.3641E-02   0.000     -0.3957E-02  0.2641       0.000    
     2   12.53      0.4455E-01   1.385       2.744      0.1621       0.000      0.7690      0.1717E-01  0.2804       0.000      0.3639E-02   0.000     -0.3953E-02  0.2641       0.000    
     3   12.53      0.1227       1.385       2.744      0.2657       0.000      0.7692      0.1717E-01  0.2805       0.000      0.3622E-02   0.000     -0.3917E-02  0.2640       0.000    
     4   12.53      0.2376       1.385       2.744      0.3628      0.9624E-13  0.7701      0.1716E-01  0.2808       0.000      0.3568E-02   0.000     -0.3801E-02  0.2635       0.000    
     5   12.53      0.3863       1.385       2.744      0.4509     -0.1549E-12  0.7721      0.1713E-01  0.2816       0.000      0.3445E-02   0.000     -0.3538E-02  0.2626       0.000    
     6   12.53      0.5652       1.385       2.744      0.5279      0.6613E-13  0.7758      0.1703E-01  0.2829       0.000      0.3212E-02   0.000     -0.3062E-02  0.2608       0.000    
     7   12.53      0.7699       1.385       2.744      0.5920       0.000      0.7813      0.1678E-01  0.2850       0.000      0.2818E-02   0.000     -0.2323E-02  0.2582       0.000    
     8   12.53      0.9953       1.385       2.744      0.6414       0.000      0.7887      0.1614E-01  0.2877       0.000      0.2189E-02   0.000     -0.1302E-02  0.2545       0.000    
     9   12.53       1.236       1.385       2.744      0.6751       0.000      0.7977      0.1452E-01  0.2910       0.000      0.1140E-02   0.000     -0.9309E-05  0.2500       0.000    
    10   12.53       1.486       1.385       2.744      0.6921       0.000      0.8072      0.8855E-02  0.2946       0.000     -0.1186E-02   0.000      0.1561E-02  0.2447       0.000    
    11   12.53       1.669       1.385       2.743      0.3108       0.000      0.8144     -0.2790E-01  0.2979       0.000     -0.1184E-01   0.000      0.3222E-02  0.2392       0.000    
    12   12.53       1.843       1.385       2.740      0.6346       0.000      0.5850      0.4340E-01  0.3733      0.1601      0.2440E-01   0.000      0.2345E-01  0.1872       1.426    
    13   12.53       2.069       1.385       2.735      0.6020       0.000      0.5602      0.4132E-01  0.3731      0.1686      0.2305E-01   0.000      0.2413E-01  0.1853       1.428    
    14   12.53       2.281       1.385       2.731      0.5547       0.000      0.5587      0.3920E-01  0.3746      0.1703      0.2312E-01   0.000      0.2461E-01  0.1843       1.430    
    15   12.53       2.474       1.385       2.727      0.4940       0.000      0.5732      0.4186E-01  0.3800      0.1701      0.2405E-01   0.000      0.2557E-01  0.1827       1.432    
    16   12.53       2.643       1.385       2.724      0.4214       0.000      0.6112      0.4448E-01  0.3817      0.1576      0.2715E-01   0.000      0.2524E-01  0.1839       1.434    
    17   12.53       2.788       1.385       2.721      0.3660       0.000      0.8383     -0.1866E-01  0.3091       0.000     -0.1148E-01   0.000      0.5913E-02  0.2309       0.000    
    18   12.53       2.905       1.385       2.719      0.2678       0.000      0.8384      0.1298E-02  0.3091       0.000     -0.5746E-02   0.000      0.5579E-02  0.2319       0.000    
    19   12.53       2.984       1.385       2.717      0.1633     -0.2117E-12  0.8384      0.3902E-02  0.3093       0.000     -0.4830E-02   0.000      0.5511E-02  0.2322       0.000    
    20   12.53       3.025       1.385       2.716      0.5486E-01  0.6299E-12  0.8385      0.4189E-02  0.3094       0.000     -0.4757E-02   0.000      0.5516E-02  0.2322       0.000    

 Surface forces referred to Sref,Cref,Bref about Xmom,Ymom,Zmom
 Standard axis orientation,  X fwd, Z down         

  Surface # 2     main_wing_1 (YDUP)                      
     # chordwise = 10   # spanwise = 20     First strip = 21
     Surface area =  8.2939           ave. chord =  2.7376    
     CLsurf  =   0.041919     Clsurf  =   0.002429
     CYsurf  =   0.000010     Cmsurf  =  -0.025805
     CDsurf  =   0.001020     Cnsurf  =   0.000054
     CDisurf =   0.000449     CDvsurf =   0.000000

  Forces referred to Ssurf, Cave about hinge axis thru LE
     cl_surf =   0.318195     cd_surf =   0.007742

 Strip Forces referred to strip area, chord
    j    xLE         yLE         zLE         Chord       Area        Dihedral   c cl        ai_ff       cl           clj         cd          cdv         cm_c/4     c.p.x/c      Dcj
    21   12.53     -0.4970E-02   1.385       2.744      0.5447E-01   0.000      0.7689      0.1719E-01  0.2804       0.000      0.3641E-02   0.000     -0.3957E-02  0.2641       0.000    
    22   12.53     -0.4455E-01   1.385       2.744      0.1621       0.000      0.7690      0.1714E-01  0.2804       0.000      0.3638E-02   0.000     -0.3953E-02  0.2641       0.000    
    23   12.53     -0.1227       1.385       2.744      0.2657       0.000      0.7693      0.1714E-01  0.2805       0.000      0.3621E-02   0.000     -0.3916E-02  0.2640       0.000    
    24   12.53     -0.2376       1.385       2.744      0.3628     -0.9624E-13  0.7702      0.1713E-01  0.2808       0.000      0.3566E-02   0.000     -0.3798E-02  0.2635       0.000    
    25   12.53     -0.3863       1.385       2.744      0.4509      0.1549E-12  0.7722      0.1711E-01  0.2816       0.000      0.3442E-02   0.000     -0.3534E-02  0.2626       0.000    
    26   12.53     -0.5652       1.385       2.744      0.5279     -0.6613E-13  0.7758      0.1702E-01  0.2829       0.000      0.3208E-02   0.000     -0.3057E-02  0.2608       0.000    
    27   12.53     -0.7699       1.385       2.744      0.5920       0.000      0.7813      0.1677E-01  0.2850       0.000      0.2814E-02   0.000     -0.2317E-02  0.2581       0.000    
    28   12.53     -0.9953       1.385       2.744      0.6414       0.000      0.7888      0.1614E-01  0.2877       0.000      0.2184E-02   0.000     -0.1295E-02  0.2545       0.000    
    29   12.53      -1.236       1.385       2.744      0.6751       0.000      0.7977      0.1451E-01  0.2910       0.000      0.1134E-02   0.000     -0.2240E-05  0.2500       0.000    
    30   12.53      -1.486       1.385       2.744      0.6921       0.000      0.8071      0.8849E-02  0.2946       0.000     -0.1191E-02   0.000      0.1563E-02  0.2447       0.000    
    31   12.53      -1.669       1.385       2.743      0.3108       0.000      0.8140     -0.2791E-01  0.2978       0.000     -0.1180E-01   0.000      0.3204E-02  0.2392       0.000    
    32   12.53      -1.843       1.385       2.740      0.6346       0.000      0.5847      0.4340E-01  0.3730      0.1599      0.2438E-01   0.000      0.2339E-01  0.1873       1.426    
    33   12.53      -2.069       1.385       2.735      0.6020       0.000      0.5597      0.4133E-01  0.3718      0.1674      0.2297E-01   0.000      0.2381E-01  0.1860       1.428    
    34   12.53      -2.281       1.385       2.731      0.5547       0.000      0.5582      0.3852E-01  0.3733      0.1692      0.2304E-01   0.000      0.2431E-01  0.1849       1.430    
    35   12.53      -2.474       1.385       2.727      0.4940       0.000      0.5730      0.4184E-01  0.3797      0.1699      0.2403E-01   0.000      0.2551E-01  0.1828       1.432    
    36   12.53      -2.643       1.385       2.724      0.4214       0.000      0.6112      0.4448E-01  0.3817      0.1576      0.2716E-01   0.000      0.2524E-01  0.1839       1.434    
    37   12.53      -2.788       1.385       2.721      0.3660       0.000      0.8385     -0.1866E-01  0.3092       0.000     -0.1152E-01   0.000      0.5935E-02  0.2308       0.000    
    38   12.53      -2.905       1.385       2.719      0.2678       0.000      0.8387      0.1296E-02  0.3092       0.000     -0.5778E-02   0.000      0.5604E-02  0.2319       0.000    
    39   12.53      -2.984       1.385       2.717      0.1633      0.2117E-12  0.8388      0.3899E-02  0.3094       0.000     -0.4860E-02   0.000      0.5536E-02  0.2321       0.000    
    40   12.53      -3.025       1.385       2.716      0.5486E-01 -0.6299E-12  0.8388      0.4187E-02  0.3095       0.000     -0.4786E-02   0.000      0.5540E-02  0.2321       0.000    

 Surface forces referred to Sref,Cref,Bref about Xmom,Ymom,Zmom
 Standard axis orientation,  X fwd, Z down         

  Surface # 3     main_wing_2                             
     # chordwise = 10   # spanwise = 20     First strip = 41
     Surface area =  4.3522           ave. chord =  2.6912    
     CLsurf  =   0.024540     Clsurf  =  -0.003426
     CYsurf  =  -0.000030     Cmsurf  =  -0.014367
     CDsurf  =   0.000840     Cnsurf  =  -0.000058
     CDisurf =   0.000234     CDvsurf =   0.000000

  Forces referred to Ssurf, Cave about hinge axis thru LE
     cl_surf =   0.354985     cd_surf =   0.012148

 Strip Forces referred to strip area, chord
    j    xLE         yLE         zLE         Chord       Area        Dihedral   c cl        ai_ff       cl           clj         cd          cdv         cm_c/4     c.p.x/c      Dcj
    41   12.53       3.032       1.385       2.716      0.2541E-01 -0.1360E-11  0.8385      0.4181E-02  0.3094       0.000     -0.4729E-02   0.000      0.5518E-02  0.2322       0.000    
    42   12.53       3.051       1.385       2.716      0.7559E-01  0.4571E-12  0.8385      0.4081E-02  0.3094       0.000     -0.4757E-02   0.000      0.5529E-02  0.2321       0.000    
    43   12.53       3.087       1.385       2.715      0.1239       0.000      0.8385      0.3524E-02  0.3095       0.000     -0.4943E-02   0.000      0.5566E-02  0.2320       0.000    
    44   12.53       3.142       1.385       2.714      0.1691       0.000      0.8386      0.1650E-02  0.3097       0.000     -0.5601E-02   0.000      0.5662E-02  0.2317       0.000    
    45   12.53       3.212       1.385       2.713      0.2100       0.000      0.8386     -0.4172E-02  0.3100       0.000     -0.7548E-02   0.000      0.5873E-02  0.2311       0.000    
    46   12.53       3.296       1.385       2.711      0.2458       0.000      0.8387     -0.3557E-01  0.3107       0.000     -0.1661E-01   0.000      0.6313E-02  0.2297       0.000    
    47   12.53       3.399       1.385       2.709      0.3122       0.000      0.6214      0.4498E-01  0.3839      0.1549      0.2909E-01   0.000      0.2558E-01  0.1834       1.442    
    48   12.54       3.519       1.385       2.707      0.3380       0.000      0.5838      0.4233E-01  0.3839      0.1685      0.2510E-01   0.000      0.2615E-01  0.1819       1.443    
    49   12.54       3.648       1.385       2.704      0.3554       0.000      0.5663      0.4094E-01  0.3822      0.1731      0.2404E-01   0.000      0.2615E-01  0.1816       1.444    
    50   12.54       3.782       1.385       2.701      0.3640       0.000      0.5584      0.4066E-01  0.3792      0.1727      0.2358E-01   0.000      0.2563E-01  0.1824       1.446    
    51   12.54       3.917       1.385       2.699      0.3637       0.000      0.5584      0.4044E-01  0.3796      0.1730      0.2362E-01   0.000      0.2575E-01  0.1822       1.447    
    52   12.54       4.050       1.385       2.696      0.3544       0.000      0.5663      0.4101E-01  0.3825      0.1728      0.2411E-01   0.000      0.2628E-01  0.1813       1.449    
    53   12.54       4.173       1.385       2.688      0.3051       0.000      0.5836      0.4246E-01  0.3844      0.1675      0.2534E-01   0.000      0.2627E-01  0.1817       1.453    
    54   12.54       4.282       1.385       2.674      0.2802       0.000      0.6194      0.4507E-01  0.3856      0.1543      0.2988E-01   0.000      0.2583E-01  0.1830       1.461    
    55   12.55       4.380       1.385       2.662      0.2414       0.000      0.8276     -0.3774E-01  0.3121       0.000     -0.1593E-01   0.000      0.6366E-02  0.2296       0.000    
    56   12.55       4.465       1.385       2.652      0.2053       0.000      0.8257     -0.6804E-02  0.3122       0.000     -0.7412E-02   0.000      0.5947E-02  0.2310       0.000    
    57   12.55       4.535       1.385       2.643      0.1647       0.000      0.8241     -0.1329E-02  0.3125       0.000     -0.5583E-02   0.000      0.5755E-02  0.2316       0.000    
    58   12.55       4.589       1.385       2.637      0.1203       0.000      0.8230      0.2449E-03  0.3128       0.000     -0.4984E-02   0.000      0.5677E-02  0.2319       0.000    
    59   12.55       4.626       1.385       2.632      0.7326E-01   0.000      0.8222      0.5777E-03  0.3131       0.000     -0.4829E-02   0.000      0.5654E-02  0.2319       0.000    
    60   12.55       4.644       1.385       2.630      0.2460E-01   0.000      0.8218      0.5581E-03  0.3132       0.000     -0.4816E-02   0.000      0.5651E-02  0.2320       0.000    

 Surface forces referred to Sref,Cref,Bref about Xmom,Ymom,Zmom
 Standard axis orientation,  X fwd, Z down         

  Surface # 4     main_wing_2 (YDUP)                      
     # chordwise = 10   # spanwise = 20     First strip = 61
     Surface area =  4.3522           ave. chord =  2.6912    
     CLsurf  =   0.024543     Clsurf  =   0.003427
     CYsurf  =   0.000030     Cmsurf  =  -0.014368
     CDsurf  =   0.000840     Cnsurf  =   0.000058
     CDisurf =   0.000234     CDvsurf =   0.000000

  Forces referred to Ssurf, Cave about hinge axis thru LE
     cl_surf =   0.355030     cd_surf =   0.012144

 Strip Forces referred to strip area, chord
    j    xLE         yLE         zLE         Chord       Area        Dihedral   c cl        ai_ff       cl           clj         cd          cdv         cm_c/4     c.p.x/c      Dcj
    61   12.53      -3.032       1.385       2.716      0.2541E-01  0.1360E-11  0.8388      0.4179E-02  0.3095       0.000     -0.4758E-02   0.000      0.5542E-02  0.2321       0.000    
    62   12.53      -3.051       1.385       2.716      0.7559E-01 -0.4571E-12  0.8388      0.4079E-02  0.3095       0.000     -0.4786E-02   0.000      0.5553E-02  0.2321       0.000    
    63   12.53      -3.087       1.385       2.715      0.1239       0.000      0.8389      0.3522E-02  0.3096       0.000     -0.4971E-02   0.000      0.5590E-02  0.2319       0.000    
    64   12.53      -3.142       1.385       2.714      0.1691       0.000      0.8389      0.1649E-02  0.3098       0.000     -0.5629E-02   0.000      0.5686E-02  0.2316       0.000    
    65   12.53      -3.212       1.385       2.713      0.2100       0.000      0.8389     -0.4174E-02  0.3101       0.000     -0.7578E-02   0.000      0.5896E-02  0.2310       0.000    
    66   12.53      -3.296       1.385       2.711      0.2458       0.000      0.8390     -0.3557E-01  0.3108       0.000     -0.1665E-01   0.000      0.6335E-02  0.2296       0.000    
    67   12.53      -3.399       1.385       2.709      0.3122       0.000      0.6215      0.4498E-01  0.3840      0.1549      0.2911E-01   0.000      0.2560E-01  0.1833       1.442    
    68   12.54      -3.519       1.385       2.707      0.3380       0.000      0.5839      0.4233E-01  0.3840      0.1685      0.2511E-01   0.000      0.2617E-01  0.1818       1.443    
    69   12.54      -3.648       1.385       2.704      0.3554       0.000      0.5663      0.4094E-01  0.3822      0.1731      0.2404E-01   0.000      0.2615E-01  0.1816       1.444    
    70   12.54      -3.782       1.385       2.701      0.3640       0.000      0.5585      0.4121E-01  0.3791      0.1726      0.2358E-01   0.000      0.2559E-01  0.1825       1.446    
    71   12.54      -3.917       1.385       2.699      0.3637       0.000      0.5584      0.4025E-01  0.3797      0.1731      0.2362E-01   0.000      0.2578E-01  0.1821       1.447    
    72   12.54      -4.050       1.385       2.696      0.3544       0.000      0.5663      0.4101E-01  0.3826      0.1728      0.2412E-01   0.000      0.2629E-01  0.1813       1.449    
    73   12.54      -4.173       1.385       2.688      0.3051       0.000      0.5836      0.4246E-01  0.3844      0.1675      0.2534E-01   0.000      0.2627E-01  0.1817       1.453    
    74   12.54      -4.282       1.385       2.674      0.2802       0.000      0.6194      0.4507E-01  0.3856      0.1543      0.2988E-01   0.000      0.2582E-01  0.1830       1.461    
    75   12.55      -4.380       1.385       2.662      0.2414       0.000      0.8276     -0.3774E-01  0.3121       0.000     -0.1592E-01   0.000      0.6365E-02  0.2296       0.000    
    76   12.55      -4.465       1.385       2.652      0.2053       0.000      0.8257     -0.6803E-02  0.3122       0.000     -0.7409E-02   0.000      0.5946E-02  0.2310       0.000    
    77   12.55      -4.535       1.385       2.643      0.1647       0.000      0.8241     -0.1328E-02  0.3125       0.000     -0.5581E-02   0.000      0.5755E-02  0.2316       0.000    
    78   12.55      -4.589       1.385       2.637      0.1203       0.000      0.8230      0.2463E-03  0.3128       0.000     -0.4983E-02   0.000      0.5676E-02  0.2319       0.000    
    79   12.55      -4.626       1.385       2.632      0.7326E-01   0.000      0.8222      0.5793E-03  0.3131       0.000     -0.4828E-02   0.000      0.5654E-02  0.2319       0.000    
    80   12.55      -4.644       1.385       2.630      0.2460E-01   0.000      0.8218      0.5597E-03  0.3132       0.000     -0.4816E-02   0.000      0.5651E-02  0.2320       0.000    

 Surface forces referred to Sref,Cref,Bref about Xmom,Ymom,Zmom
 Standard axis orientation,  X fwd, Z down         

  Surface # 5     main_wing_3                             
     # chordwise = 10   # spanwise = 20     First strip = 81
     Surface area =  4.0918           ave. chord =  2.5300    
     CLsurf  =   0.023710     Clsurf  =  -0.004702
     CYsurf  =  -0.000067     Cmsurf  =  -0.013935
     CDsurf  =   0.000815     Cnsurf  =  -0.000076
     CDisurf =   0.000214     CDvsurf =   0.000000

  Forces referred to Ssurf, Cave about hinge axis thru LE
     cl_surf =   0.364807     cd_surf =   0.012537

 Strip Forces referred to strip area, chord
    j    xLE         yLE         zLE         Chord       Area        Dihedral   c cl        ai_ff       cl           clj         cd          cdv         cm_c/4     c.p.x/c      Dcj
    81   12.55       4.649       1.385       2.629      0.2460E-01 -0.1360E-11  0.8217      0.5340E-03  0.3132       0.000     -0.4819E-02   0.000      0.5652E-02  0.2320       0.000    
    82   12.56       4.668       1.385       2.627      0.7314E-01  0.4569E-12  0.8213      0.3617E-03  0.3134       0.000     -0.4856E-02   0.000      0.5656E-02  0.2320       0.000    
    83   12.56       4.705       1.385       2.622      0.1197       0.000      0.8205     -0.3580E-03  0.3136       0.000     -0.5065E-02   0.000      0.5681E-02  0.2319       0.000    
    84   12.56       4.759       1.385       2.616      0.1630     -0.2042E-12  0.8194     -0.2551E-02  0.3140       0.000     -0.5760E-02   0.000      0.5766E-02  0.2316       0.000    
    85   12.56       4.829       1.385       2.607      0.2019      0.1643E-12  0.8180     -0.9079E-02  0.3146       0.000     -0.7794E-02   0.000      0.5971E-02  0.2310       0.000    
    86   12.56       4.913       1.385       2.597      0.2355       0.000      0.8163     -0.4351E-01  0.3157       0.000     -0.1713E-01   0.000      0.6425E-02  0.2296       0.000    
    87   12.57       5.015       1.385       2.584      0.2914       0.000      0.6003      0.4434E-01  0.3931      0.1611      0.2999E-01   0.000      0.2664E-01  0.1822       1.511    
    88   12.57       5.133       1.385       2.570      0.3140       0.000      0.5612      0.4138E-01  0.3940      0.1759      0.2599E-01   0.000      0.2737E-01  0.1805       1.520    
    89   12.57       5.259       1.385       2.554      0.3285     -0.9893E-13  0.5417      0.3977E-01  0.3934      0.1816      0.2496E-01   0.000      0.2753E-01  0.1800       1.529    
    90   12.58       5.389       1.385       2.538      0.3346      0.9649E-13  0.5313      0.3939E-01  0.3912      0.1822      0.2454E-01   0.000      0.2713E-01  0.1806       1.539    
    91   12.58       5.522       1.385       2.522      0.3325       0.000      0.5282      0.3881E-01  0.3925      0.1834      0.2462E-01   0.000      0.2742E-01  0.1802       1.549    
    92   12.59       5.652       1.385       2.506      0.3222     -0.9893E-13  0.5325      0.3951E-01  0.3967      0.1844      0.2517E-01   0.000      0.2813E-01  0.1791       1.559    
    93   12.59       5.778       1.385       2.490      0.3043      0.1041E-12  0.5464      0.4100E-01  0.3992      0.1801      0.2633E-01   0.000      0.2820E-01  0.1794       1.568    
    94   12.59       5.896       1.385       2.476      0.2792       0.000      0.5800      0.4396E-01  0.4002      0.1662      0.3052E-01   0.000      0.2766E-01  0.1809       1.578    
    95   12.60       5.998       1.385       2.463      0.2233       0.000      0.7856     -0.4935E-01  0.3203       0.000     -0.1685E-01   0.000      0.6523E-02  0.2296       0.000    
    96   12.60       6.082       1.385       2.453      0.1899       0.000      0.7827     -0.1366E-01  0.3199       0.000     -0.7905E-02   0.000      0.6028E-02  0.2312       0.000    
    97   12.60       6.152       1.385       2.444      0.1523       0.000      0.7803     -0.7241E-02  0.3200       0.000     -0.5935E-02   0.000      0.5800E-02  0.2319       0.000    
    98   12.60       6.206       1.385       2.438      0.1112       0.000      0.7786     -0.5313E-02  0.3201       0.000     -0.5281E-02   0.000      0.5705E-02  0.2322       0.000    
    99   12.60       6.243       1.385       2.433      0.6772E-01   0.000      0.7774     -0.4833E-02  0.3202       0.000     -0.5100E-02   0.000      0.5676E-02  0.2323       0.000    
   100   12.60       6.262       1.385       2.431      0.2274E-01   0.000      0.7768     -0.4801E-02  0.3203       0.000     -0.5078E-02   0.000      0.5671E-02  0.2323       0.000    

 Surface forces referred to Sref,Cref,Bref about Xmom,Ymom,Zmom
 Standard axis orientation,  X fwd, Z down         

  Surface # 6     main_wing_3 (YDUP)                      
     # chordwise = 10   # spanwise = 20     First strip =101
     Surface area =  4.0918           ave. chord =  2.5300    
     CLsurf  =   0.023709     Clsurf  =   0.004702
     CYsurf  =   0.000067     Cmsurf  =  -0.013934
     CDsurf  =   0.000815     Cnsurf  =   0.000076
     CDisurf =   0.000214     CDvsurf =   0.000000

  Forces referred to Ssurf, Cave about hinge axis thru LE
     cl_surf =   0.364793     cd_surf =   0.012537

 Strip Forces referred to strip area, chord
    j    xLE         yLE         zLE         Chord       Area        Dihedral   c cl        ai_ff       cl           clj         cd          cdv         cm_c/4     c.p.x/c      Dcj
   101   12.55      -4.649       1.385       2.629      0.2460E-01  0.1360E-11  0.8217      0.5357E-03  0.3132       0.000     -0.4818E-02   0.000      0.5652E-02  0.2320       0.000    
   102   12.56      -4.668       1.385       2.627      0.7314E-01 -0.4569E-12  0.8213      0.3635E-03  0.3133       0.000     -0.4855E-02   0.000      0.5656E-02  0.2320       0.000    
   103   12.56      -4.705       1.385       2.622      0.1197       0.000      0.8205     -0.3560E-03  0.3136       0.000     -0.5064E-02   0.000      0.5682E-02  0.2319       0.000    
   104   12.56      -4.759       1.385       2.616      0.1630      0.2042E-12  0.8194     -0.2548E-02  0.3140       0.000     -0.5760E-02   0.000      0.5766E-02  0.2316       0.000    
   105   12.56      -4.829       1.385       2.607      0.2019     -0.1643E-12  0.8180     -0.9076E-02  0.3146       0.000     -0.7793E-02   0.000      0.5971E-02  0.2310       0.000    
   106   12.56      -4.913       1.385       2.597      0.2355       0.000      0.8163     -0.4351E-01  0.3157       0.000     -0.1713E-01   0.000      0.6426E-02  0.2296       0.000    
   107   12.57      -5.015       1.385       2.584      0.2914       0.000      0.6003      0.4434E-01  0.3931      0.1611      0.2999E-01   0.000      0.2664E-01  0.1822       1.511    
   108   12.57      -5.133       1.385       2.570      0.3140       0.000      0.5612      0.4138E-01  0.3940      0.1759      0.2599E-01   0.000      0.2738E-01  0.1805       1.520    
   109   12.57      -5.259       1.385       2.554      0.3285      0.9893E-13  0.5416      0.3977E-01  0.3934      0.1816      0.2496E-01   0.000      0.2753E-01  0.1800       1.529    
   110   12.58      -5.389       1.385       2.538      0.3346     -0.9649E-13  0.5313      0.3939E-01  0.3912      0.1822      0.2454E-01   0.000      0.2713E-01  0.1806       1.539    
   111   12.58      -5.522       1.385       2.522      0.3325       0.000      0.5282      0.3881E-01  0.3925      0.1834      0.2462E-01   0.000      0.2742E-01  0.1801       1.549    
   112   12.59      -5.652       1.385       2.506      0.3222      0.9893E-13  0.5325      0.3951E-01  0.3966      0.1844      0.2517E-01   0.000      0.2813E-01  0.1791       1.559    
   113   12.59      -5.778       1.385       2.490      0.3043     -0.1041E-12  0.5464      0.4100E-01  0.3992      0.1801      0.2633E-01   0.000      0.2820E-01  0.1794       1.568    
   114   12.59      -5.896       1.385       2.476      0.2792       0.000      0.5799      0.4396E-01  0.4002      0.1662      0.3051E-01   0.000      0.2767E-01  0.1809       1.578    
   115   12.60      -5.998       1.385       2.463      0.2233       0.000      0.7856     -0.4933E-01  0.3202       0.000     -0.1685E-01   0.000      0.6524E-02  0.2296       0.000    
   116   12.60      -6.082       1.385       2.453      0.1899       0.000      0.7826     -0.1365E-01  0.3199       0.000     -0.7903E-02   0.000      0.6029E-02  0.2312       0.000    
   117   12.60      -6.152       1.385       2.444      0.1523       0.000      0.7803     -0.7233E-02  0.3200       0.000     -0.5934E-02   0.000      0.5801E-02  0.2319       0.000    
   118   12.60      -6.206       1.385       2.438      0.1112       0.000      0.7785     -0.5304E-02  0.3201       0.000     -0.5280E-02   0.000      0.5706E-02  0.2322       0.000    
   119   12.60      -6.243       1.385       2.433      0.6772E-01   0.000      0.7773     -0.4824E-02  0.3202       0.000     -0.5098E-02   0.000      0.5677E-02  0.2323       0.000    
   120   12.60      -6.262       1.385       2.431      0.2274E-01   0.000      0.7767     -0.4792E-02  0.3202       0.000     -0.5076E-02   0.000      0.5673E-02  0.2323       0.000    

 Surface forces referred to Sref,Cref,Bref about Xmom,Ymom,Zmom
 Standard axis orientation,  X fwd, Z down         

  Surface # 7     main_wing_4                             
     # chordwise = 10   # spanwise = 20     First strip =121
     Surface area =  3.7700           ave. chord =  2.3312    
     CLsurf  =   0.022363     Clsurf  =  -0.005749
     CYsurf  =  -0.000062     Cmsurf  =  -0.013193
     CDsurf  =   0.000782     Cnsurf  =  -0.000092
     CDisurf =   0.000196     CDvsurf =   0.000000

  Forces referred to Ssurf, Cave about hinge axis thru LE
     cl_surf =   0.373443     cd_surf =   0.013051

 Strip Forces referred to strip area, chord
    j    xLE         yLE         zLE         Chord       Area        Dihedral   c cl        ai_ff       cl           clj         cd          cdv         cm_c/4     c.p.x/c      Dcj
   121   12.60       6.266       1.385       2.430      0.2273E-01 -0.1360E-11  0.7767     -0.4814E-02  0.3203       0.000     -0.5079E-02   0.000      0.5672E-02  0.2323       0.000    
   122   12.60       6.285       1.385       2.428      0.6758E-01  0.4571E-12  0.7761     -0.4952E-02  0.3203       0.000     -0.5105E-02   0.000      0.5675E-02  0.2323       0.000    
   123   12.61       6.322       1.385       2.423      0.1106       0.000      0.7749     -0.5642E-02  0.3205       0.000     -0.5300E-02   0.000      0.5701E-02  0.2322       0.000    
   124   12.61       6.376       1.385       2.417      0.1506       0.000      0.7733     -0.7903E-02  0.3207       0.000     -0.5983E-02   0.000      0.5794E-02  0.2319       0.000    
   125   12.61       6.446       1.385       2.408      0.1865       0.000      0.7711     -0.1485E-01  0.3211       0.000     -0.8034E-02   0.000      0.6023E-02  0.2312       0.000    
   126   12.61       6.530       1.385       2.398      0.2174       0.000      0.7687     -0.5210E-01  0.3219       0.000     -0.1738E-01   0.000      0.6537E-02  0.2297       0.000    
   127   12.62       6.632       1.385       2.385      0.2690       0.000      0.5590      0.4367E-01  0.4056      0.1715      0.3096E-01   0.000      0.2851E-01  0.1797       1.637    
   128   12.62       6.750       1.385       2.371      0.2897       0.000      0.5204      0.4048E-01  0.4062      0.1870      0.2697E-01   0.000      0.2936E-01  0.1777       1.647    
   129   12.62       6.876       1.385       2.355      0.3029     -0.9893E-13  0.5006      0.3878E-01  0.4052      0.1929      0.2589E-01   0.000      0.2959E-01  0.1770       1.658    
   130   12.63       7.007       1.385       2.339      0.3084      0.9649E-13  0.4897      0.3831E-01  0.4025      0.1934      0.2543E-01   0.000      0.2920E-01  0.1774       1.670    
   131   12.63       7.139       1.385       2.323      0.3063       0.000      0.4858      0.3791E-01  0.4034      0.1946      0.2548E-01   0.000      0.2951E-01  0.1768       1.681    
   132   12.64       7.269       1.385       2.307      0.2967       0.000      0.4890      0.3863E-01  0.4074      0.1957      0.2601E-01   0.000      0.3028E-01  0.1757       1.693    
   133   12.64       7.395       1.385       2.292      0.2800       0.000      0.5013      0.4027E-01  0.4097      0.1913      0.2715E-01   0.000      0.3034E-01  0.1759       1.704    
   134   12.64       7.513       1.385       2.277      0.2568       0.000      0.5325      0.4345E-01  0.4104      0.1769      0.3121E-01   0.000      0.2975E-01  0.1775       1.715    
   135   12.65       7.615       1.385       2.265      0.2053     -0.1403E-12  0.7282     -0.5543E-01  0.3229       0.000     -0.1669E-01   0.000      0.6695E-02  0.2293       0.000    
   136   12.65       7.699       1.385       2.254      0.1745      0.1643E-12  0.7245     -0.1725E-01  0.3223       0.000     -0.7804E-02   0.000      0.6139E-02  0.2309       0.000    
   137   12.65       7.769       1.385       2.246      0.1399       0.000      0.7216     -0.1025E-01  0.3221       0.000     -0.5811E-02   0.000      0.5885E-02  0.2317       0.000    
   138   12.65       7.823       1.385       2.239      0.1022       0.000      0.7193     -0.8050E-02  0.3220       0.000     -0.5143E-02   0.000      0.5780E-02  0.2320       0.000    
   139   12.65       7.860       1.385       2.234      0.6219E-01   0.000      0.7178     -0.7436E-02  0.3220       0.000     -0.4952E-02   0.000      0.5749E-02  0.2321       0.000    
   140   12.65       7.879       1.385       2.232      0.2088E-01   0.000      0.7171     -0.7345E-02  0.3219       0.000     -0.4924E-02   0.000      0.5744E-02  0.2322       0.000    

 Surface forces referred to Sref,Cref,Bref about Xmom,Ymom,Zmom
 Standard axis orientation,  X fwd, Z down         

  Surface # 8     main_wing_4 (YDUP)                      
     # chordwise = 10   # spanwise = 20     First strip =141
     Surface area =  3.7700           ave. chord =  2.3312    
     CLsurf  =   0.022359     Clsurf  =   0.005748
     CYsurf  =   0.000062     Cmsurf  =  -0.013190
     CDsurf  =   0.000781     Cnsurf  =   0.000092
     CDisurf =   0.000196     CDvsurf =   0.000000

  Forces referred to Ssurf, Cave about hinge axis thru LE
     cl_surf =   0.373379     cd_surf =   0.013050

 Strip Forces referred to strip area, chord
    j    xLE         yLE         zLE         Chord       Area        Dihedral   c cl        ai_ff       cl           clj         cd          cdv         cm_c/4     c.p.x/c      Dcj
   141   12.60      -6.266       1.385       2.430      0.2273E-01  0.1360E-11  0.7766     -0.4805E-02  0.3203       0.000     -0.5077E-02   0.000      0.5673E-02  0.2323       0.000    
   142   12.60      -6.285       1.385       2.428      0.6758E-01 -0.4571E-12  0.7760     -0.4942E-02  0.3203       0.000     -0.5104E-02   0.000      0.5676E-02  0.2323       0.000    
   143   12.61      -6.322       1.385       2.423      0.1106       0.000      0.7749     -0.5633E-02  0.3204       0.000     -0.5298E-02   0.000      0.5703E-02  0.2322       0.000    
   144   12.61      -6.376       1.385       2.417      0.1506       0.000      0.7732     -0.7892E-02  0.3207       0.000     -0.5981E-02   0.000      0.5795E-02  0.2319       0.000    
   145   12.61      -6.446       1.385       2.408      0.1865       0.000      0.7710     -0.1484E-01  0.3210       0.000     -0.8031E-02   0.000      0.6025E-02  0.2312       0.000    
   146   12.61      -6.530       1.385       2.398      0.2174       0.000      0.7686     -0.5208E-01  0.3219       0.000     -0.1738E-01   0.000      0.6538E-02  0.2297       0.000    
   147   12.62      -6.632       1.385       2.385      0.2690       0.000      0.5589      0.4367E-01  0.4055      0.1715      0.3096E-01   0.000      0.2851E-01  0.1797       1.637    
   148   12.62      -6.750       1.385       2.371      0.2897       0.000      0.5203      0.4049E-01  0.4061      0.1870      0.2696E-01   0.000      0.2937E-01  0.1777       1.647    
   149   12.62      -6.876       1.385       2.355      0.3029      0.9893E-13  0.5006      0.3879E-01  0.4051      0.1929      0.2589E-01   0.000      0.2959E-01  0.1770       1.658    
   150   12.63      -7.007       1.385       2.339      0.3084     -0.9649E-13  0.4896      0.3832E-01  0.4024      0.1934      0.2543E-01   0.000      0.2920E-01  0.1774       1.670    
   151   12.63      -7.139       1.385       2.323      0.3063       0.000      0.4857      0.3791E-01  0.4033      0.1945      0.2548E-01   0.000      0.2951E-01  0.1768       1.681    
   152   12.64      -7.269       1.385       2.307      0.2967       0.000      0.4889      0.3863E-01  0.4073      0.1957      0.2601E-01   0.000      0.3028E-01  0.1757       1.693    
   153   12.64      -7.395       1.385       2.292      0.2800       0.000      0.5012      0.4027E-01  0.4097      0.1912      0.2714E-01   0.000      0.3035E-01  0.1759       1.704    
   154   12.64      -7.513       1.385       2.277      0.2568       0.000      0.5324      0.4345E-01  0.4103      0.1768      0.3120E-01   0.000      0.2975E-01  0.1775       1.715    
   155   12.65      -7.615       1.385       2.265      0.2053      0.1403E-12  0.7280     -0.5539E-01  0.3228       0.000     -0.1667E-01   0.000      0.6696E-02  0.2293       0.000    
   156   12.65      -7.699       1.385       2.254      0.1745     -0.1643E-12  0.7243     -0.1723E-01  0.3222       0.000     -0.7797E-02   0.000      0.6140E-02  0.2309       0.000    
   157   12.65      -7.769       1.385       2.246      0.1399       0.000      0.7213     -0.1023E-01  0.3220       0.000     -0.5804E-02   0.000      0.5886E-02  0.2317       0.000    
   158   12.65      -7.823       1.385       2.239      0.1022       0.000      0.7191     -0.8030E-02  0.3219       0.000     -0.5137E-02   0.000      0.5781E-02  0.2320       0.000    
   159   12.65      -7.860       1.385       2.234      0.6219E-01   0.000      0.7176     -0.7415E-02  0.3219       0.000     -0.4945E-02   0.000      0.5750E-02  0.2321       0.000    
   160   12.65      -7.879       1.385       2.232      0.2088E-01   0.000      0.7168     -0.7325E-02  0.3218       0.000     -0.4917E-02   0.000      0.5746E-02  0.2321       0.000    

 Surface forces referred to Sref,Cref,Bref about Xmom,Ymom,Zmom
 Standard axis orientation,  X fwd, Z down         

  Surface # 9     main_wing_5                             
     # chordwise = 10   # spanwise = 20     First strip =161
     Surface area =  3.4487           ave. chord =  2.1324    
     CLsurf  =   0.020646     Clsurf  =  -0.006521
     CYsurf  =  -0.000057     Cmsurf  =  -0.012206
     CDsurf  =   0.000742     Cnsurf  =  -0.000100
     CDisurf =   0.000183     CDvsurf =   0.000000

  Forces referred to Ssurf, Cave about hinge axis thru LE
     cl_surf =   0.376888     cd_surf =   0.013550

 Strip Forces referred to strip area, chord
    j    xLE         yLE         zLE         Chord       Area        Dihedral   c cl        ai_ff       cl           clj         cd          cdv         cm_c/4     c.p.x/c      Dcj
   161   12.65       7.884       1.385       2.232      0.2088E-01 -0.1360E-11  0.7169     -0.7345E-02  0.3220       0.000     -0.4923E-02   0.000      0.5745E-02  0.2322       0.000    
   162   12.65       7.902       1.385       2.229      0.6207E-01  0.4569E-12  0.7162     -0.7431E-02  0.3220       0.000     -0.4942E-02   0.000      0.5749E-02  0.2321       0.000    
   163   12.66       7.939       1.385       2.225      0.1015       0.000      0.7147     -0.8038E-02  0.3220       0.000     -0.5120E-02   0.000      0.5781E-02  0.2320       0.000    
   164   12.66       7.993       1.385       2.218      0.1382       0.000      0.7126     -0.1022E-01  0.3220       0.000     -0.5772E-02   0.000      0.5888E-02  0.2317       0.000    
   165   12.66       8.063       1.385       2.209      0.1711       0.000      0.7099     -0.1717E-01  0.3221       0.000     -0.7772E-02   0.000      0.6150E-02  0.2309       0.000    
   166   12.66       8.148       1.385       2.199      0.1994       0.000      0.7067     -0.5513E-01  0.3227       0.000     -0.1683E-01   0.000      0.6733E-02  0.2291       0.000    
   167   12.67       8.250       1.385       2.187      0.2466       0.000      0.5074      0.4346E-01  0.4138      0.1821      0.3149E-01   0.000      0.3078E-01  0.1756       1.786    
   168   12.67       8.367       1.385       2.172      0.2654       0.000      0.4700      0.4023E-01  0.4141      0.1980      0.2758E-01   0.000      0.3177E-01  0.1733       1.798    
   169   12.67       8.493       1.385       2.157      0.2773     -0.9893E-13  0.4504      0.3854E-01  0.4126      0.2040      0.2649E-01   0.000      0.3208E-01  0.1722       1.811    
   170   12.68       8.624       1.385       2.141      0.2822      0.9649E-13  0.4390      0.3807E-01  0.4092      0.2044      0.2598E-01   0.000      0.3172E-01  0.1725       1.825    
   171   12.68       8.756       1.385       2.124      0.2801       0.000      0.4342      0.3777E-01  0.4096      0.2055      0.2599E-01   0.000      0.3206E-01  0.1717       1.839    
   172   12.68       8.887       1.385       2.108      0.2711       0.000      0.4361      0.3852E-01  0.4134      0.2068      0.2649E-01   0.000      0.3289E-01  0.1704       1.853    
   173   12.69       9.013       1.385       2.093      0.2557       0.000      0.4465      0.4020E-01  0.4154      0.2023      0.2755E-01   0.000      0.3296E-01  0.1707       1.866    
   174   12.69       9.130       1.385       2.078      0.2344       0.000      0.4745      0.4342E-01  0.4156      0.1876      0.3137E-01   0.000      0.3229E-01  0.1723       1.879    
   175   12.70       9.232       1.385       2.066      0.1873       0.000      0.6560     -0.5553E-01  0.3188       0.000     -0.1564E-01   0.000      0.6964E-02  0.2282       0.000    
   176   12.70       9.317       1.385       2.055      0.1592       0.000      0.6513     -0.1705E-01  0.3177       0.000     -0.7137E-02   0.000      0.6337E-02  0.2301       0.000    
   177   12.70       9.387       1.385       2.047      0.1275       0.000      0.6476     -0.9884E-02  0.3171       0.000     -0.5190E-02   0.000      0.6048E-02  0.2309       0.000    
   178   12.70       9.441       1.385       2.040      0.9308E-01   0.000      0.6448     -0.7585E-02  0.3167       0.000     -0.4531E-02   0.000      0.5925E-02  0.2313       0.000    
   179   12.70       9.478       1.385       2.036      0.5666E-01   0.000      0.6429     -0.6910E-02  0.3165       0.000     -0.4333E-02   0.000      0.5886E-02  0.2314       0.000    
   180   12.70       9.496       1.385       2.033      0.1902E-01   0.000      0.6418     -0.6793E-02  0.3163       0.000     -0.4299E-02   0.000      0.5878E-02  0.2314       0.000    

 Surface forces referred to Sref,Cref,Bref about Xmom,Ymom,Zmom
 Standard axis orientation,  X fwd, Z down         

  Surface #10     main_wing_5 (YDUP)                      
     # chordwise = 10   # spanwise = 20     First strip =181
     Surface area =  3.4487           ave. chord =  2.1324    
     CLsurf  =   0.020636     Clsurf  =   0.006518
     CYsurf  =   0.000057     Cmsurf  =  -0.012200
     CDsurf  =   0.000742     Cnsurf  =   0.000100
     CDisurf =   0.000184     CDvsurf =   0.000000

  Forces referred to Ssurf, Cave about hinge axis thru LE
     cl_surf =   0.376699     cd_surf =   0.013548

 Strip Forces referred to strip area, chord
    j    xLE         yLE         zLE         Chord       Area        Dihedral   c cl        ai_ff       cl           clj         cd          cdv         cm_c/4     c.p.x/c      Dcj
   181   12.65      -7.884       1.385       2.232      0.2088E-01  0.1360E-11  0.7167     -0.7324E-02  0.3219       0.000     -0.4916E-02   0.000      0.5746E-02  0.2321       0.000    
   182   12.65      -7.902       1.385       2.229      0.6207E-01 -0.4569E-12  0.7159     -0.7411E-02  0.3219       0.000     -0.4935E-02   0.000      0.5750E-02  0.2321       0.000    
   183   12.66      -7.939       1.385       2.225      0.1015       0.000      0.7145     -0.8017E-02  0.3219       0.000     -0.5112E-02   0.000      0.5782E-02  0.2320       0.000    
   184   12.66      -7.993       1.385       2.218      0.1382       0.000      0.7123     -0.1019E-01  0.3219       0.000     -0.5764E-02   0.000      0.5889E-02  0.2317       0.000    
   185   12.66      -8.063       1.385       2.209      0.1711       0.000      0.7096     -0.1715E-01  0.3220       0.000     -0.7762E-02   0.000      0.6150E-02  0.2309       0.000    
   186   12.66      -8.148       1.385       2.199      0.1994       0.000      0.7064     -0.5509E-01  0.3226       0.000     -0.1681E-01   0.000      0.6734E-02  0.2291       0.000    
   187   12.67      -8.250       1.385       2.187      0.2466       0.000      0.5072      0.4346E-01  0.4137      0.1820      0.3147E-01   0.000      0.3078E-01  0.1756       1.786    
   188   12.67      -8.367       1.385       2.172      0.2654       0.000      0.4698      0.4024E-01  0.4140      0.1980      0.2757E-01   0.000      0.3177E-01  0.1732       1.798    
   189   12.67      -8.493       1.385       2.157      0.2773      0.9893E-13  0.4501      0.3855E-01  0.4124      0.2040      0.2648E-01   0.000      0.3208E-01  0.1722       1.811    
   190   12.68      -8.624       1.385       2.141      0.2822     -0.9649E-13  0.4388      0.3807E-01  0.4090      0.2043      0.2597E-01   0.000      0.3171E-01  0.1725       1.825    
   191   12.68      -8.756       1.385       2.124      0.2801       0.000      0.4340      0.3778E-01  0.4095      0.2054      0.2598E-01   0.000      0.3206E-01  0.1717       1.839    
   192   12.68      -8.887       1.385       2.108      0.2711       0.000      0.4358      0.3852E-01  0.4132      0.2068      0.2647E-01   0.000      0.3288E-01  0.1704       1.853    
   193   12.69      -9.013       1.385       2.093      0.2557       0.000      0.4461      0.4021E-01  0.4152      0.2023      0.2753E-01   0.000      0.3295E-01  0.1706       1.866    
   194   12.69      -9.130       1.385       2.078      0.2344       0.000      0.4741      0.4343E-01  0.4153      0.1875      0.3134E-01   0.000      0.3228E-01  0.1723       1.879    
   195   12.70      -9.232       1.385       2.066      0.1873       0.000      0.6555     -0.5547E-01  0.3186       0.000     -0.1560E-01   0.000      0.6956E-02  0.2282       0.000    
   196   12.70      -9.317       1.385       2.055      0.1592       0.000      0.6508     -0.1701E-01  0.3174       0.000     -0.7110E-02   0.000      0.6328E-02  0.2301       0.000    
   197   12.70      -9.387       1.385       2.047      0.1275       0.000      0.6470     -0.9849E-02  0.3168       0.000     -0.5164E-02   0.000      0.6037E-02  0.2309       0.000    
   198   12.70      -9.441       1.385       2.040      0.9308E-01   0.000      0.6441     -0.7550E-02  0.3164       0.000     -0.4503E-02   0.000      0.5913E-02  0.2313       0.000    
   199   12.70      -9.478       1.385       2.036      0.5666E-01   0.000      0.6422     -0.6875E-02  0.3161       0.000     -0.4304E-02   0.000      0.5873E-02  0.2314       0.000    
   200   12.70      -9.496       1.385       2.033      0.1902E-01   0.000      0.6411     -0.6758E-02  0.3160       0.000     -0.4270E-02   0.000      0.5864E-02  0.2314       0.000    

 Surface forces referred to Sref,Cref,Bref about Xmom,Ymom,Zmom
 Standard axis orientation,  X fwd, Z down         

  Surface #11     main_wing_6                             
     # chordwise = 10   # spanwise = 20     First strip =201
     Surface area =  7.5216           ave. chord =  1.7721    
     CLsurf  =   0.034413     Clsurf  =  -0.013994
     CYsurf  =  -0.000109     Cmsurf  =  -0.020999
     CDsurf  =   0.000829     Cnsurf  =  -0.000400
     CDisurf =   0.000330     CDvsurf =   0.000000

  Forces referred to Ssurf, Cave about hinge axis thru LE
     cl_surf =   0.288036     cd_surf =   0.006938

 Strip Forces referred to strip area, chord
    j    xLE         yLE         zLE         Chord       Area        Dihedral   c cl        ai_ff       cl           clj         cd          cdv         cm_c/4     c.p.x/c      Dcj
   201   12.70       9.507       1.385       2.032      0.7189E-01   0.000      0.6415     -0.6792E-02  0.3164       0.000     -0.4292E-02   0.000      0.5880E-02  0.2314       0.000    
   202   12.71       9.578       1.385       2.023      0.2130       0.000      0.6379     -0.8076E-02  0.3160       0.000     -0.4601E-02   0.000      0.5935E-02  0.2312       0.000    
   203   12.71       9.717       1.385       2.006      0.3462       0.000      0.6310     -0.2564E-01  0.3154       0.000     -0.8493E-02   0.000      0.6465E-02  0.2295       0.000    
   204   12.72       9.899       1.385       1.984      0.3688       0.000      0.4276      0.4219E-01  0.4155      0.2002      0.2893E-01   0.000      0.3388E-01  0.1685       1.969    
   205   12.72       10.11       1.385       1.958      0.4524       0.000      0.3878      0.3893E-01  0.4126      0.2148      0.2639E-01   0.000      0.3506E-01  0.1650       1.995    
   206   12.73       10.36       1.385       1.927      0.5213       0.000      0.3689      0.3821E-01  0.4050      0.2138      0.2556E-01   0.000      0.3450E-01  0.1648       2.027    
   207   12.74       10.65       1.385       1.892      0.5738       0.000      0.3721      0.4038E-01  0.4101      0.2136      0.2653E-01   0.000      0.3576E-01  0.1628       2.065    
   208   12.75       10.95       1.385       1.855      0.5438     -0.4339E-13  0.5498     -0.1055E-01  0.2970       0.000     -0.3876E-02   0.000      0.5301E-02  0.2322       0.000    
   209   12.76       11.25       1.385       1.818      0.5609      0.4123E-13  0.5254      0.7117E-02  0.2894       0.000      0.4988E-04   0.000      0.3643E-02  0.2374       0.000    
   210   12.77       11.56       1.385       1.779      0.5629       0.000      0.4990      0.1128E-01  0.2808       0.000      0.1068E-02   0.000      0.2946E-02  0.2395       0.000    
   211   12.78       11.88       1.385       1.740      0.5505       0.000      0.4701      0.1382E-01  0.2704       0.000      0.1567E-02   0.000      0.2809E-02  0.2396       0.000    
   212   12.79       12.19       1.385       1.702      0.5251       0.000      0.4384      0.1611E-01  0.2578       0.000      0.1890E-02   0.000      0.3049E-02  0.2382       0.000    
   213   12.80       12.49       1.385       1.665      0.4880       0.000      0.4034      0.1850E-01  0.2425       0.000      0.2128E-02   0.000      0.3562E-02  0.2353       0.000    
   214   12.80       12.78       1.385       1.630      0.4410       0.000      0.3645      0.2107E-01  0.2238       0.000      0.2300E-02   0.000      0.4262E-02  0.2310       0.000    
   215   12.81       13.03       1.385       1.598      0.3857       0.000      0.3211      0.2376E-01  0.2010       0.000      0.2398E-02   0.000      0.5037E-02  0.2249       0.000    
   216   12.82       13.26       1.385       1.571      0.3237       0.000      0.2726      0.2645E-01  0.1737       0.000      0.2396E-02   0.000      0.5697E-02  0.2172       0.000    
   217   12.82       13.44       1.385       1.548      0.2566       0.000      0.2190      0.2896E-01  0.1416       0.000      0.2263E-02   0.000      0.5954E-02  0.2079       0.000    
   218   12.83       13.59       1.385       1.530      0.1858       0.000      0.1606      0.3113E-01  0.1050       0.000      0.1960E-02   0.000      0.5466E-02  0.1980       0.000    
   219   12.83       13.69       1.385       1.518      0.1125       0.000      0.9819E-01  0.3284E-01  0.6469E-01   0.000      0.1447E-02   0.000      0.3970E-02  0.1886       0.000    
   220   12.83       13.74       1.385       1.512      0.3764E-01   0.000      0.3305E-01  0.3387E-01  0.2186E-01   0.000      0.5721E-03   0.000      0.1475E-02  0.1825       0.000    

 Surface forces referred to Sref,Cref,Bref about Xmom,Ymom,Zmom
 Standard axis orientation,  X fwd, Z down         

  Surface #12     main_wing_6 (YDUP)                      
     # chordwise = 10   # spanwise = 20     First strip =221
     Surface area =  7.5216           ave. chord =  1.7721    
     CLsurf  =   0.034378     Clsurf  =   0.013980
     CYsurf  =   0.000109     Cmsurf  =  -0.020979
     CDsurf  =   0.000828     Cnsurf  =   0.000399
     CDisurf =   0.000331     CDvsurf =   0.000000

  Forces referred to Ssurf, Cave about hinge axis thru LE
     cl_surf =   0.287744     cd_surf =   0.006934

 Strip Forces referred to strip area, chord
    j    xLE         yLE         zLE         Chord       Area        Dihedral   c cl        ai_ff       cl           clj         cd          cdv         cm_c/4     c.p.x/c      Dcj
   221   12.70      -9.507       1.385       2.032      0.7189E-01   0.000      0.6408     -0.6757E-02  0.3160       0.000     -0.4262E-02   0.000      0.5865E-02  0.2314       0.000    
   222   12.71      -9.578       1.385       2.023      0.2130       0.000      0.6372     -0.8039E-02  0.3156       0.000     -0.4566E-02   0.000      0.5918E-02  0.2313       0.000    
   223   12.71      -9.717       1.385       2.006      0.3462       0.000      0.6302     -0.2559E-01  0.3150       0.000     -0.8433E-02   0.000      0.6438E-02  0.2296       0.000    
   224   12.72      -9.899       1.385       1.984      0.3688       0.000      0.4271      0.4220E-01  0.4150      0.2000      0.2888E-01   0.000      0.3384E-01  0.1685       1.969    
   225   12.72      -10.11       1.385       1.958      0.4524       0.000      0.3873      0.3894E-01  0.4120      0.2144      0.2634E-01   0.000      0.3499E-01  0.1651       1.995    
   226   12.73      -10.36       1.385       1.927      0.5213       0.000      0.3684      0.3886E-01  0.4040      0.2131      0.2550E-01   0.000      0.3433E-01  0.1650       2.027    
   227   12.74      -10.65       1.385       1.892      0.5738       0.000      0.3717      0.4039E-01  0.4096      0.2134      0.2649E-01   0.000      0.3572E-01  0.1628       2.065    
   228   12.75      -10.95       1.385       1.855      0.5438      0.4339E-13  0.5492     -0.1050E-01  0.2967       0.000     -0.3846E-02   0.000      0.5289E-02  0.2322       0.000    
   229   12.76      -11.25       1.385       1.818      0.5609     -0.4123E-13  0.5250      0.7148E-02  0.2892       0.000      0.6178E-04   0.000      0.3640E-02  0.2374       0.000    
   230   12.77      -11.56       1.385       1.779      0.5629       0.000      0.4986      0.1131E-01  0.2806       0.000      0.1075E-02   0.000      0.2947E-02  0.2395       0.000    
   231   12.78      -11.88       1.385       1.740      0.5505       0.000      0.4698      0.1385E-01  0.2702       0.000      0.1571E-02   0.000      0.2812E-02  0.2396       0.000    
   232   12.79      -12.19       1.385       1.702      0.5251       0.000      0.4381      0.1613E-01  0.2577       0.000      0.1893E-02   0.000      0.3052E-02  0.2382       0.000    
   233   12.80      -12.49       1.385       1.665      0.4880       0.000      0.4032      0.1852E-01  0.2424       0.000      0.2130E-02   0.000      0.3564E-02  0.2353       0.000    
   234   12.80      -12.78       1.385       1.630      0.4410       0.000      0.3643      0.2108E-01  0.2237       0.000      0.2302E-02   0.000      0.4264E-02  0.2309       0.000    
   235   12.81      -13.03       1.385       1.598      0.3857       0.000      0.3209      0.2378E-01  0.2009       0.000      0.2399E-02   0.000      0.5039E-02  0.2249       0.000    
   236   12.82      -13.26       1.385       1.571      0.3237       0.000      0.2725      0.2646E-01  0.1736       0.000      0.2397E-02   0.000      0.5698E-02  0.2172       0.000    
   237   12.82      -13.44       1.385       1.548      0.2566       0.000      0.2190      0.2897E-01  0.1415       0.000      0.2263E-02   0.000      0.5955E-02  0.2079       0.000    
   238   12.83      -13.59       1.385       1.530      0.1858       0.000      0.1606      0.3114E-01  0.1050       0.000      0.1960E-02   0.000      0.5466E-02  0.1979       0.000    
   239   12.83      -13.69       1.385       1.518      0.1125       0.000      0.9816E-01  0.3285E-01  0.6467E-01   0.000      0.1447E-02   0.000      0.3970E-02  0.1886       0.000    
   240   12.83      -13.74       1.385       1.512      0.3764E-01   0.000      0.3305E-01  0.3388E-01  0.2186E-01   0.000      0.5720E-03   0.000      0.1475E-02  0.1825       0.000    

 Surface forces referred to Sref,Cref,Bref about Xmom,Ymom,Zmom
 Standard axis orientation,  X fwd, Z down         

  Surface #13     horizontal_stabilizer                   
     # chordwise = 10   # spanwise = 30     First strip =241
     Surface area =  10.771           ave. chord =  1.8948    
     CLsurf  =   0.029782     Clsurf  =  -0.002681
     CYsurf  =  -0.000070     Cmsurf  =  -0.164943
     CDsurf  =   0.000658     Cnsurf  =  -0.000048
     CDisurf =   0.000658     CDvsurf =   0.000000

  Forces referred to Ssurf, Cave about hinge axis thru LE
     cl_surf =   0.174081     cd_surf =   0.003846

 Strip Forces referred to strip area, chord
    j    xLE         yLE         zLE         Chord       Area        Dihedral   c cl        ai_ff       cl           clj         cd          cdv         cm_c/4     c.p.x/c      Dcj
   241   23.80      0.3895E-02   5.924       2.368      0.3687E-01   0.000      0.4096      0.2873E-01  0.1724       0.000      0.1563E-01   0.000     -0.1223E-02  0.2571       0.000    
   242   23.81      0.3499E-01   5.924       2.363      0.1100       0.000      0.4096      0.2868E-01  0.1733       0.000      0.5475E-02   0.000     -0.1156E-02  0.2567       0.000    
   243   23.82      0.9685E-01   5.924       2.352      0.1811       0.000      0.4095      0.2862E-01  0.1741       0.000      0.4807E-02   0.000     -0.9524E-03  0.2555       0.000    
   244   23.83      0.1888       5.924       2.337      0.2492       0.000      0.4093      0.2855E-01  0.1752       0.000      0.4562E-02   0.000     -0.6601E-03  0.2538       0.000    
   245   23.85      0.3098       5.924       2.317      0.3129       0.000      0.4089      0.2848E-01  0.1765       0.000      0.4402E-02   0.000     -0.3408E-03  0.2519       0.000    
   246   23.87      0.4585       5.924       2.292      0.3714       0.000      0.4080      0.2839E-01  0.1780       0.000      0.4285E-02   0.000     -0.3602E-04  0.2502       0.000    
   247   23.90      0.6334       5.924       2.263      0.4237      0.2718E-12  0.4067      0.2830E-01  0.1797       0.000      0.4197E-02   0.000      0.2312E-03  0.2487       0.000    
   248   23.93      0.8325       5.924       2.230      0.4691     -0.2419E-12  0.4047      0.2820E-01  0.1815       0.000      0.4130E-02   0.000      0.4514E-03  0.2475       0.000    
   249   23.96       1.054       5.924       2.193      0.5070       0.000      0.4019      0.2809E-01  0.1833       0.000      0.4079E-02   0.000      0.6251E-03  0.2466       0.000    
   250   23.99       1.294       5.924       2.153      0.5371       0.000      0.3982      0.2798E-01  0.1850       0.000      0.4039E-02   0.000      0.7592E-03  0.2459       0.000    
   251   24.03       1.552       5.924       2.110      0.5593     -0.1920E-12  0.3936      0.2789E-01  0.1866       0.000      0.4006E-02   0.000      0.8645E-03  0.2454       0.000    
   252   24.07       1.824       5.924       2.065      0.5734      0.1832E-12  0.3878      0.2781E-01  0.1879       0.000      0.3978E-02   0.000      0.9530E-03  0.2449       0.000    
   253   24.11       2.107       5.924       2.017      0.5797       0.000      0.3809      0.2778E-01  0.1889       0.000      0.3952E-02   0.000      0.1037E-02  0.2445       0.000    
   254   24.15       2.398       5.924       1.969      0.5785       0.000      0.3729      0.2781E-01  0.1895       0.000      0.3926E-02   0.000      0.1128E-02  0.2440       0.000    
   255   24.20       2.693       5.924       1.920      0.5703     -0.1713E-12  0.3637      0.2793E-01  0.1895       0.000      0.3899E-02   0.000      0.1238E-02  0.2435       0.000    
   256   24.24       2.991       5.924       1.870      0.5556      0.1713E-12  0.3532      0.2814E-01  0.1890       0.000      0.3869E-02   0.000      0.1378E-02  0.2427       0.000    
   257   24.29       3.287       5.924       1.821      0.5350       0.000      0.3415      0.2849E-01  0.1876       0.000      0.3835E-02   0.000      0.1559E-02  0.2417       0.000    
   258   24.33       3.578       5.924       1.772      0.5093       0.000      0.3284      0.2899E-01  0.1854       0.000      0.3793E-02   0.000      0.1794E-02  0.2403       0.000    
   259   24.37       3.861       5.924       1.725      0.4791       0.000      0.3139      0.2966E-01  0.1820       0.000      0.3739E-02   0.000      0.2096E-02  0.2385       0.000    
   260   24.41       4.133       5.924       1.680      0.4453       0.000      0.2978      0.3051E-01  0.1773       0.000      0.3670E-02   0.000      0.2478E-02  0.2360       0.000    
   261   24.45       4.390       5.924       1.637      0.4084       0.000      0.2798      0.3155E-01  0.1710       0.000      0.3579E-02   0.000      0.2945E-02  0.2328       0.000    
   262   24.48       4.631       5.924       1.597      0.3692       0.000      0.2599      0.3275E-01  0.1628       0.000      0.3458E-02   0.000      0.3494E-02  0.2285       0.000    
   263   24.52       4.852       5.924       1.560      0.3281       0.000      0.2377      0.3408E-01  0.1524       0.000      0.3297E-02   0.000      0.4099E-02  0.2231       0.000    
   264   24.54       5.051       5.924       1.527      0.2858       0.000      0.2131      0.3548E-01  0.1396       0.000      0.3087E-02   0.000      0.4698E-02  0.2164       0.000    
   265   24.57       5.226       5.924       1.498      0.2426       0.000      0.1860      0.3688E-01  0.1242       0.000      0.2817E-02   0.000      0.5185E-02  0.2083       0.000    
   266   24.59       5.375       5.924       1.473      0.1989       0.000      0.1564      0.3820E-01  0.1062       0.000      0.2482E-02   0.000      0.5411E-02  0.1991       0.000    
   267   24.61       5.496       5.924       1.453      0.1549       0.000      0.1245      0.3938E-01  0.8571E-01   0.000      0.2075E-02   0.000      0.5207E-02  0.1892       0.000    
   268   24.62       5.588       5.924       1.437      0.1107       0.000      0.9054E-01  0.4037E-01  0.6300E-01   0.000      0.1592E-02   0.000      0.4430E-02  0.1797       0.000    
   269   24.63       5.649       5.924       1.427      0.6641E-01   0.000      0.5500E-01  0.4112E-01  0.3855E-01   0.000      0.1027E-02   0.000      0.3021E-02  0.1716       0.000    
   270   24.64       5.681       5.924       1.422      0.2214E-01   0.000      0.1845E-01  0.4155E-01  0.1298E-01   0.000      0.3090E-03   0.000      0.1077E-02  0.1670       0.000    

 Surface forces referred to Sref,Cref,Bref about Xmom,Ymom,Zmom
 Standard axis orientation,  X fwd, Z down         

  Surface #14     horizontal_stabilizer (YDUP)            
     # chordwise = 10   # spanwise = 30     First strip =271
     Surface area =  10.771           ave. chord =  1.8948    
     CLsurf  =   0.029778     Clsurf  =   0.002681
     CYsurf  =   0.000070     Cmsurf  =  -0.164921
     CDsurf  =   0.000658     Cnsurf  =   0.000048
     CDisurf =   0.000658     CDvsurf =   0.000000

  Forces referred to Ssurf, Cave about hinge axis thru LE
     cl_surf =   0.174058     cd_surf =   0.003846

 Strip Forces referred to strip area, chord
    j    xLE         yLE         zLE         Chord       Area        Dihedral   c cl        ai_ff       cl           clj         cd          cdv         cm_c/4     c.p.x/c      Dcj
   271   23.80     -0.3895E-02   5.924       2.368      0.3687E-01   0.000      0.4096      0.2873E-01  0.1724       0.000      0.1566E-01   0.000     -0.1222E-02  0.2571       0.000    
   272   23.81     -0.3499E-01   5.924       2.363      0.1100       0.000      0.4096      0.2868E-01  0.1733       0.000      0.5476E-02   0.000     -0.1156E-02  0.2567       0.000    
   273   23.82     -0.9685E-01   5.924       2.352      0.1811       0.000      0.4095      0.2862E-01  0.1741       0.000      0.4807E-02   0.000     -0.9526E-03  0.2555       0.000    
   274   23.83     -0.1888       5.924       2.337      0.2492       0.000      0.4093      0.2855E-01  0.1751       0.000      0.4562E-02   0.000     -0.6604E-03  0.2538       0.000    
   275   23.85     -0.3098       5.924       2.317      0.3129       0.000      0.4088      0.2848E-01  0.1765       0.000      0.4402E-02   0.000     -0.3410E-03  0.2519       0.000    
   276   23.87     -0.4585       5.924       2.292      0.3714       0.000      0.4080      0.2840E-01  0.1780       0.000      0.4285E-02   0.000     -0.3623E-04  0.2502       0.000    
   277   23.90     -0.6334       5.924       2.263      0.4237     -0.2718E-12  0.4066      0.2830E-01  0.1797       0.000      0.4197E-02   0.000      0.2310E-03  0.2487       0.000    
   278   23.93     -0.8325       5.924       2.230      0.4691      0.2419E-12  0.4046      0.2820E-01  0.1815       0.000      0.4131E-02   0.000      0.4512E-03  0.2475       0.000    
   279   23.96      -1.054       5.924       2.193      0.5070       0.000      0.4019      0.2810E-01  0.1833       0.000      0.4079E-02   0.000      0.6249E-03  0.2466       0.000    
   280   23.99      -1.294       5.924       2.153      0.5371       0.000      0.3982      0.2799E-01  0.1850       0.000      0.4039E-02   0.000      0.7591E-03  0.2459       0.000    
   281   24.03      -1.552       5.924       2.110      0.5593      0.1920E-12  0.3935      0.2789E-01  0.1866       0.000      0.4007E-02   0.000      0.8643E-03  0.2454       0.000    
   282   24.07      -1.824       5.924       2.065      0.5734     -0.1832E-12  0.3878      0.2782E-01  0.1879       0.000      0.3978E-02   0.000      0.9528E-03  0.2449       0.000    
   283   24.11      -2.107       5.924       2.017      0.5797       0.000      0.3809      0.2778E-01  0.1889       0.000      0.3952E-02   0.000      0.1037E-02  0.2445       0.000    
   284   24.15      -2.398       5.924       1.969      0.5785       0.000      0.3729      0.2781E-01  0.1894       0.000      0.3927E-02   0.000      0.1128E-02  0.2440       0.000    
   285   24.20      -2.693       5.924       1.920      0.5703      0.1713E-12  0.3636      0.2793E-01  0.1895       0.000      0.3900E-02   0.000      0.1238E-02  0.2435       0.000    
   286   24.24      -2.991       5.924       1.870      0.5556     -0.1713E-12  0.3532      0.2815E-01  0.1889       0.000      0.3870E-02   0.000      0.1377E-02  0.2427       0.000    
   287   24.29      -3.287       5.924       1.821      0.5350       0.000      0.3415      0.2850E-01  0.1876       0.000      0.3835E-02   0.000      0.1559E-02  0.2417       0.000    
   288   24.33      -3.578       5.924       1.772      0.5093       0.000      0.3284      0.2900E-01  0.1854       0.000      0.3793E-02   0.000      0.1794E-02  0.2403       0.000    
   289   24.37      -3.861       5.924       1.725      0.4791       0.000      0.3139      0.2967E-01  0.1820       0.000      0.3740E-02   0.000      0.2096E-02  0.2385       0.000    
   290   24.41      -4.133       5.924       1.680      0.4453       0.000      0.2977      0.3052E-01  0.1773       0.000      0.3671E-02   0.000      0.2477E-02  0.2360       0.000    
   291   24.45      -4.390       5.924       1.637      0.4084       0.000      0.2798      0.3155E-01  0.1710       0.000      0.3579E-02   0.000      0.2945E-02  0.2328       0.000    
   292   24.48      -4.631       5.924       1.597      0.3692       0.000      0.2598      0.3275E-01  0.1628       0.000      0.3458E-02   0.000      0.3494E-02  0.2285       0.000    
   293   24.52      -4.852       5.924       1.560      0.3281       0.000      0.2377      0.3408E-01  0.1524       0.000      0.3297E-02   0.000      0.4099E-02  0.2231       0.000    
   294   24.54      -5.051       5.924       1.527      0.2858       0.000      0.2131      0.3548E-01  0.1396       0.000      0.3087E-02   0.000      0.4698E-02  0.2164       0.000    
   295   24.57      -5.226       5.924       1.498      0.2426       0.000      0.1860      0.3688E-01  0.1242       0.000      0.2817E-02   0.000      0.5185E-02  0.2083       0.000    
   296   24.59      -5.375       5.924       1.473      0.1989       0.000      0.1564      0.3820E-01  0.1062       0.000      0.2482E-02   0.000      0.5411E-02  0.1991       0.000    
   297   24.61      -5.496       5.924       1.453      0.1549       0.000      0.1245      0.3938E-01  0.8571E-01   0.000      0.2075E-02   0.000      0.5207E-02  0.1892       0.000    
   298   24.62      -5.588       5.924       1.437      0.1107       0.000      0.9053E-01  0.4037E-01  0.6299E-01   0.000      0.1592E-02   0.000      0.4430E-02  0.1797       0.000    
   299   24.63      -5.649       5.924       1.427      0.6641E-01   0.000      0.5500E-01  0.4113E-01  0.3854E-01   0.000      0.1027E-02   0.000      0.3021E-02  0.1716       0.000    
   300   24.64      -5.681       5.924       1.422      0.2214E-01   0.000      0.1845E-01  0.4155E-01  0.1298E-01   0.000      0.3090E-03   0.000      0.1077E-02  0.1670       0.000    

 Surface forces referred to Sref,Cref,Bref about Xmom,Ymom,Zmom
 Standard axis orientation,  X fwd, Z down         

  Surface #15     vertical_stabilizer                     
     # chordwise = 10   # spanwise = 30     First strip =301
     Surface area =  14.918           ave. chord =  3.0534    
     CLsurf  =   0.000000     Clsurf  =  -0.000000
     CYsurf  =  -0.000006     Cmsurf  =  -0.000000
     CDsurf  =  -0.000000     Cnsurf  =   0.000002
     CDisurf =  -0.000000     CDvsurf =   0.000000

  Forces referred to Ssurf, Cave about hinge axis thru LE
     cl_surf =   0.000000     cd_surf =  -0.000000

 Strip Forces referred to strip area, chord
    j    xLE         yLE         zLE         Chord       Area        Dihedral   c cl        ai_ff       cl           clj         cd          cdv         cm_c/4     c.p.x/c      Dcj
   301   20.77       0.000       1.055       3.812      0.1434       90.00      0.1207E-04 -0.7749E-05  0.3166E-05   0.000      0.7752E-11   0.000     -0.1356E-06  0.2928       0.000    
   302   20.80       0.000       1.104       3.796      0.2335       90.00      0.2283E-04  0.1057E-03  0.6013E-05   0.000      0.7538E-11   0.000     -0.2187E-06  0.2864       0.000    
   303   20.85       0.000       1.177       3.773      0.3204       90.00      0.3567E-04  0.1516E-05  0.9452E-05   0.000      0.5467E-11   0.000     -0.2341E-06  0.2748       0.000    
   304   20.91       0.000       1.274       3.743      0.4028       90.00      0.5661E-04 -0.6356E-05  0.1512E-04   0.000     -0.3984E-11   0.000     -0.7082E-07  0.2547       0.000    
   305   20.98       0.000       1.392       3.706      0.4794       90.00      0.1237E-03 -0.3498E-04  0.3338E-04   0.000     -0.3329E-10   0.000      0.8319E-06  0.2251       0.000    
   306   21.07       0.000       1.532       3.663      0.5489       90.00      0.8479E-04 -0.7645E-05  0.2315E-04   0.000     -0.8877E-10   0.000      0.8391E-06  0.2138       0.000    
   307   21.17       0.000       1.692       3.613      0.6103       90.00      0.8694E-04 -0.3947E-05  0.2406E-04   0.000     -0.1429E-09   0.000      0.1066E-05  0.2057       0.000    
   308   21.28       0.000       1.870       3.557      0.6629       90.00      0.9302E-04 -0.3084E-05  0.2615E-04   0.000     -0.1829E-09   0.000      0.1254E-05  0.2020       0.000    
   309   21.40       0.000       2.064       3.496      0.7060       90.00      0.9752E-04 -0.2882E-05  0.2789E-04   0.000     -0.2100E-09   0.000      0.1360E-05  0.2013       0.000    
   310   21.53       0.000       2.273       3.431      0.7393       90.00      0.9980E-04 -0.2867E-05  0.2909E-04   0.000     -0.2249E-09   0.000      0.1387E-05  0.2023       0.000    
   311   21.67       0.000       2.494       3.362      0.7626       90.00      0.9998E-04 -0.2913E-05  0.2974E-04   0.000     -0.2288E-09   0.000      0.1347E-05  0.2047       0.000    
   312   21.81       0.000       2.726       3.290      0.7760       90.00      0.9838E-04 -0.2978E-05  0.2991E-04   0.000     -0.2234E-09   0.000      0.1253E-05  0.2081       0.000    
   313   21.96       0.000       2.966       3.215      0.7798       90.00      0.9539E-04 -0.3045E-05  0.2967E-04   0.000     -0.2112E-09   0.000      0.1118E-05  0.2123       0.000    
   314   22.11       0.000       3.211       3.138      0.7743       90.00      0.9145E-04 -0.3106E-05  0.2914E-04   0.000     -0.1948E-09   0.000      0.9559E-06  0.2172       0.000    
   315   22.27       0.000       3.459       3.061      0.7601       90.00      0.8696E-04 -0.3157E-05  0.2841E-04   0.000     -0.1765E-09   0.000      0.7764E-06  0.2227       0.000    
   316   22.42       0.000       3.707       2.983      0.7380       90.00      0.8230E-04 -0.3195E-05  0.2759E-04   0.000     -0.1581E-09   0.000      0.5887E-06  0.2287       0.000    
   317   22.58       0.000       3.953       2.906      0.7088       90.00      0.7775E-04 -0.3217E-05  0.2675E-04   0.000     -0.1409E-09   0.000      0.3999E-06  0.2351       0.000    
   318   22.73       0.000       4.194       2.831      0.6733       90.00      0.7353E-04 -0.3216E-05  0.2598E-04   0.000     -0.1255E-09   0.000      0.2159E-06  0.2417       0.000    
   319   22.87       0.000       4.428       2.758      0.6324       90.00      0.6980E-04 -0.3188E-05  0.2531E-04   0.000     -0.1122E-09   0.000      0.4297E-07  0.2483       0.000    
   320   23.01       0.000       4.652       2.688      0.5870       90.00      0.6663E-04 -0.3126E-05  0.2479E-04   0.000     -0.1012E-09   0.000     -0.1114E-06  0.2545       0.000    
   321   23.14       0.000       4.864       2.621      0.5379       90.00      0.6405E-04 -0.3026E-05  0.2443E-04   0.000     -0.9239E-10   0.000     -0.2377E-06  0.2597       0.000    
   322   23.27       0.000       5.062       2.560      0.4859       90.00      0.6202E-04 -0.2889E-05  0.2423E-04   0.000     -0.8560E-10   0.000     -0.3249E-06  0.2634       0.000    
   323   23.38       0.000       5.243       2.503      0.4318       90.00      0.6048E-04 -0.2717E-05  0.2417E-04   0.000     -0.8070E-10   0.000     -0.3625E-06  0.2650       0.000    
   324   23.48       0.000       5.406       2.452      0.3760       90.00      0.5934E-04 -0.2518E-05  0.2420E-04   0.000     -0.7754E-10   0.000     -0.3436E-06  0.2642       0.000    
   325   23.57       0.000       5.550       2.407      0.3192       90.00      0.5849E-04 -0.2300E-05  0.2430E-04   0.000     -0.7606E-10   0.000     -0.2684E-06  0.2610       0.000    
   326   23.65       0.000       5.671       2.369      0.2617       90.00      0.5782E-04 -0.2075E-05  0.2441E-04   0.000     -0.7629E-10   0.000     -0.1475E-06  0.2560       0.000    
   327   23.71       0.000       5.770       2.338      0.2037       90.00      0.5722E-04 -0.1858E-05  0.2447E-04   0.000     -0.7617E-10   0.000      0.4705E-09  0.2500       0.000    
   328   23.75       0.000       5.845       2.315      0.1456       90.00      0.5626E-04 -0.1637E-05  0.2430E-04   0.000     -0.6367E-10   0.000      0.1471E-06  0.2439       0.000    
   329   23.79       0.000       5.896       2.299      0.8738E-01   90.00      0.5293E-04 -0.1427E-05  0.2302E-04   0.000      0.2565E-10   0.000      0.8958E-07  0.2461       0.000    
   330   23.80       0.000       5.921       2.291      0.2913E-01   90.00      0.2897E-04 -0.1329E-05  0.1264E-04   0.000      0.1151E-08   0.000     -0.2185E-05  0.4228       0.000    

 Surface forces referred to Sref,Cref,Bref about Xmom,Ymom,Zmom
 Standard axis orientation,  X fwd, Z down         

  Surface #16     fuselage_horizontal                     
     # chordwise = 10   # spanwise = 30     First strip =331
     Surface area =  65.503           ave. chord =  23.647    
     CLsurf  =   0.007760     Clsurf  =   0.000000
     CYsurf  =   0.000000     Cmsurf  =   0.050782
     CDsurf  =   0.000037     Cnsurf  =  -0.000000
     CDisurf =   0.000037     CDvsurf =   0.000000

  Forces referred to Ssurf, Cave about hinge axis thru LE
     cl_surf =   0.007459     cd_surf =   0.000035

 Strip Forces referred to strip area, chord
    j    xLE         yLE         zLE         Chord       Area        Dihedral   c cl        ai_ff       cl           clj         cd          cdv         cm_c/4     c.p.x/c      Dcj
   331   3.132      -1.339       0.000       15.61       1.441       0.000      0.6709E-01  0.4422E-01  0.4321E-02   0.000     -0.3268E-03   0.000      0.2438E-02 -0.3142       0.000    
   332   2.645      -1.247       0.000       17.73       1.637       0.000      0.1014      0.4921E-01  0.5740E-02   0.000     -0.2216E-03   0.000      0.2869E-02 -0.2498       0.000    
   333   2.159      -1.154       0.000       19.86       1.834       0.000      0.1272      0.5235E-01  0.6418E-02   0.000     -0.1137E-03   0.000      0.2930E-02 -0.2065       0.000    
   334   1.788      -1.062       0.000       21.39       1.975       0.000      0.1460      0.5380E-01  0.6837E-02   0.000     -0.2816E-04   0.000      0.3028E-02 -0.1929       0.000    
   335   1.533     -0.9695       0.000       22.32       2.061       0.000      0.1617      0.5393E-01  0.7253E-02   0.000      0.1710E-04   0.000      0.3155E-02 -0.1850       0.000    
   336   1.278     -0.8772       0.000       23.26       2.147       0.000      0.1744      0.5372E-01  0.7509E-02   0.000      0.4912E-05   0.000      0.3236E-02 -0.1809       0.000    
   337   1.058     -0.7848       0.000       24.08       2.223       0.000      0.1847      0.5315E-01  0.7680E-02   0.000      0.5928E-05   0.000      0.3303E-02 -0.1801       0.000    
   338  0.8733     -0.6925       0.000       24.78       2.288       0.000      0.1932      0.5281E-01  0.7808E-02   0.000      0.2343E-05   0.000      0.3355E-02 -0.1797       0.000    
   339  0.6887     -0.6002       0.000       25.49       2.353       0.000      0.2002      0.5228E-01  0.7868E-02   0.000     -0.2146E-04   0.000      0.3382E-02 -0.1799       0.000    
   340  0.5311     -0.5078       0.000       26.02       2.403       0.000      0.2058      0.5185E-01  0.7925E-02   0.000     -0.7099E-04   0.000      0.3412E-02 -0.1805       0.000    
   341  0.4004     -0.4155       0.000       26.38       2.436       0.000      0.2106      0.5161E-01  0.7996E-02   0.000     -0.7392E-06   0.000      0.3443E-02 -0.1806       0.000    
   342  0.2697     -0.3232       0.000       26.74       2.469       0.000      0.2143      0.5139E-01  0.8031E-02   0.000     -0.5850E-04   0.000      0.3456E-02 -0.1804       0.000    
   343  0.1703     -0.2308       0.000       26.95       2.488       0.000      0.2171      0.5130E-01  0.8067E-02   0.000     -0.8480E-05   0.000      0.3472E-02 -0.1804       0.000    
   344  0.1022     -0.1385       0.000       27.02       2.495       0.000      0.2190      0.5129E-01  0.8107E-02   0.000      0.2177E-03   0.000      0.3491E-02 -0.1806       0.000    
   345  0.3407E-01 -0.4617E-01   0.000       27.09       2.501       0.000      0.2201      0.5128E-01  0.8093E-02   0.000      0.8160E-03   0.000      0.3494E-02 -0.1818       0.000    
   346  0.3407E-01  0.4617E-01   0.000       27.09       2.501       0.000      0.2200      0.5131E-01  0.8092E-02   0.000      0.8160E-03   0.000      0.3494E-02 -0.1818       0.000    
   347  0.1022      0.1385       0.000       27.02       2.495       0.000      0.2190      0.5130E-01  0.8106E-02   0.000      0.2176E-03   0.000      0.3491E-02 -0.1807       0.000    
   348  0.1703      0.2308       0.000       26.95       2.488       0.000      0.2171      0.5131E-01  0.8066E-02   0.000     -0.8578E-05   0.000      0.3473E-02 -0.1805       0.000    
   349  0.2697      0.3232       0.000       26.74       2.469       0.000      0.2143      0.5139E-01  0.8029E-02   0.000     -0.5862E-04   0.000      0.3457E-02 -0.1805       0.000    
   350  0.4004      0.4155       0.000       26.38       2.436       0.000      0.2106      0.5161E-01  0.7994E-02   0.000     -0.8506E-06   0.000      0.3444E-02 -0.1808       0.000    
   351  0.5311      0.5078       0.000       26.02       2.403       0.000      0.2058      0.5186E-01  0.7924E-02   0.000     -0.7112E-04   0.000      0.3412E-02 -0.1807       0.000    
   352  0.6887      0.6002       0.000       25.49       2.353       0.000      0.2002      0.5228E-01  0.7866E-02   0.000     -0.2159E-04   0.000      0.3383E-02 -0.1800       0.000    
   353  0.8733      0.6925       0.000       24.78       2.288       0.000      0.1932      0.5281E-01  0.7806E-02   0.000      0.2225E-05   0.000      0.3356E-02 -0.1799       0.000    
   354   1.058      0.7848       0.000       24.08       2.223       0.000      0.1846      0.5315E-01  0.7678E-02   0.000      0.5814E-05   0.000      0.3304E-02 -0.1803       0.000    
   355   1.278      0.8772       0.000       23.26       2.147       0.000      0.1744      0.5372E-01  0.7507E-02   0.000      0.4806E-05   0.000      0.3237E-02 -0.1811       0.000    
   356   1.533      0.9695       0.000       22.32       2.061       0.000      0.1617      0.5393E-01  0.7251E-02   0.000      0.1701E-04   0.000      0.3156E-02 -0.1852       0.000    
   357   1.788       1.062       0.000       21.39       1.975       0.000      0.1460      0.5380E-01  0.6835E-02   0.000     -0.2822E-04   0.000      0.3028E-02 -0.1931       0.000    
   358   2.159       1.154       0.000       19.86       1.834       0.000      0.1271      0.5236E-01  0.6416E-02   0.000     -0.1138E-03   0.000      0.2930E-02 -0.2067       0.000    
   359   2.645       1.247       0.000       17.73       1.637       0.000      0.1014      0.4922E-01  0.5737E-02   0.000     -0.2217E-03   0.000      0.2870E-02 -0.2502       0.000    
   360   3.132       1.339       0.000       15.61       1.441       0.000      0.6705E-01  0.4423E-01  0.4319E-02   0.000     -0.3269E-03   0.000      0.2439E-02 -0.3147       0.000    

 Surface forces referred to Sref,Cref,Bref about Xmom,Ymom,Zmom
 Standard axis orientation,  X fwd, Z down         

  Surface #17     fuselage_vertical                       
     # chordwise = 10   # spanwise = 30     First strip =361
     Surface area =  65.103           ave. chord =  23.503    
     CLsurf  =  -0.000000     Clsurf  =  -0.000000
     CYsurf  =   0.000001     Cmsurf  =  -0.000000
     CDsurf  =   0.000000     Cnsurf  =   0.000000
     CDisurf =   0.000000     CDvsurf =   0.000000

  Forces referred to Ssurf, Cave about hinge axis thru LE
     cl_surf =  -0.000000     cd_surf =   0.000000

 Strip Forces referred to strip area, chord
    j    xLE         yLE         zLE         Chord       Area        Dihedral   c cl        ai_ff       cl           clj         cd          cdv         cm_c/4     c.p.x/c      Dcj
   361   2.856       0.000      -1.339       15.65       1.445       90.00     -0.5713E-05 -0.4033E-05 -0.3649E-06   0.000     -0.4196E-11   0.000     -0.4243E-06 -0.9127       0.000    
   362   1.819       0.000      -1.247       17.87       1.650       90.00     -0.8230E-05 -0.4058E-05 -0.4605E-06   0.000     -0.2709E-11   0.000     -0.5590E-06 -0.9639       0.000    
   363  0.7817       0.000      -1.154       20.09       1.855       90.00     -0.9718E-05 -0.3675E-05 -0.4837E-06   0.000      0.9162E-11   0.000     -0.6274E-06  -1.047       0.000    
   364  0.2207       0.000      -1.062       21.48       1.984       90.00     -0.2829E-04 -0.2826E-05 -0.1317E-05   0.000      0.1959E-10   0.000     -0.1442E-06  0.1404       0.000    
   365  0.1361       0.000     -0.9695       22.06       2.037       90.00     -0.3092E-04 -0.2715E-05 -0.1402E-05   0.000      0.1148E-10   0.000     -0.1808E-06  0.1210       0.000    
   366  0.5142E-01   0.000     -0.8772       22.63       2.090       90.00     -0.3297E-04 -0.2485E-05 -0.1457E-05   0.000      0.1076E-10   0.000     -0.2174E-06  0.1008       0.000    
   367  0.1405E-01   0.000     -0.7848       23.10       2.133       90.00     -0.3787E-04 -0.2198E-05 -0.1639E-05   0.000      0.1054E-10   0.000     -0.1519E-06  0.1573       0.000    
   368  0.2395E-01   0.000     -0.6925       23.47       2.167       90.00     -0.3912E-04 -0.2021E-05 -0.1667E-05   0.000      0.1021E-10   0.000     -0.1875E-06  0.1375       0.000    
   369  0.3385E-01   0.000     -0.6002       23.83       2.200       90.00     -0.3986E-04 -0.1748E-05 -0.1672E-05   0.000      0.1005E-10   0.000     -0.2242E-06  0.1159       0.000    
   370  0.6640E-01   0.000     -0.5078       24.15       2.229       90.00     -0.4198E-04 -0.1470E-05 -0.1739E-05   0.000      0.9355E-11   0.000     -0.2062E-06  0.1314       0.000    
   371  0.1216       0.000     -0.4155       24.41       2.254       90.00     -0.4162E-04 -0.1216E-05 -0.1705E-05   0.000      0.7972E-11   0.000     -0.2444E-06  0.1067       0.000    
   372  0.1768       0.000     -0.3232       24.67       2.278       90.00     -0.4050E-04 -0.8799E-06 -0.1642E-05   0.000      0.6063E-11   0.000     -0.2839E-06  0.7712E-01   0.000    
   373  0.2450       0.000     -0.2308       24.90       2.299       90.00     -0.3949E-04 -0.1040E-06 -0.1586E-05   0.000      0.3397E-11   0.000     -0.2946E-06  0.6425E-01   0.000    
   374  0.3263       0.000     -0.1385       25.09       2.317       90.00     -0.3540E-04  0.3574E-05 -0.1411E-05   0.000     -0.1765E-12   0.000     -0.3545E-06 -0.1352E-02   0.000    
   375  0.4076       0.000     -0.4617E-01   25.29       2.335       90.00     -0.2898E-04  0.1546E-04 -0.1146E-05   0.000     -0.3754E-11   0.000     -0.4322E-06 -0.1272       0.000    
   376  0.5006       0.000      0.4617E-01   25.46       2.351       90.00     -0.2204E-04 -0.1764E-04 -0.8654E-06   0.000     -0.6089E-11   0.000     -0.4986E-06 -0.3262       0.000    
   377  0.6052       0.000      0.1385       25.61       2.365       90.00     -0.1422E-04 -0.5766E-05 -0.5552E-06   0.000     -0.6097E-11   0.000     -0.5728E-06 -0.7816       0.000    
   378  0.7098       0.000      0.2308       25.76       2.378       90.00     -0.8279E-05 -0.1988E-05 -0.3214E-06   0.000     -0.6010E-11   0.000     -0.6190E-06  -1.676       0.000    
   379  0.8268       0.000      0.3232       25.85       2.387       90.00     -0.4425E-05 -0.1045E-05 -0.1712E-06   0.000     -0.6661E-11   0.000     -0.6263E-06  -3.409       0.000    
   380  0.9561       0.000      0.4155       25.90       2.392       90.00      0.3032E-06 -0.7588E-06  0.1171E-07   0.000     -0.6959E-11   0.000     -0.6571E-06   56.38       0.000    
   381   1.086       0.000      0.5078       25.95       2.396       90.00      0.4733E-05 -0.6437E-06  0.1824E-06   0.000     -0.8890E-11   0.000     -0.6799E-06   3.977       0.000    
   382   1.230       0.000      0.6002       25.89       2.391       90.00      0.7849E-05 -0.6449E-06  0.3032E-06   0.000     -0.1164E-10   0.000     -0.6815E-06   2.498       0.000    
   383   1.390       0.000      0.6925       25.73       2.376       90.00      0.1199E-04 -0.7589E-06  0.4661E-06   0.000     -0.6929E-11   0.000     -0.7062E-06   1.765       0.000    
   384   1.549       0.000      0.7848       25.57       2.361       90.00      0.1551E-04 -0.1124E-05  0.6065E-06   0.000     -0.5626E-11   0.000     -0.7166E-06   1.431       0.000    
   385   1.732       0.000      0.8772       25.39       2.344       90.00      0.1789E-04 -0.2745E-05  0.7047E-06   0.000     -0.6413E-11   0.000     -0.7031E-06   1.248       0.000    
   386   1.938       0.000      0.9695       25.18       2.325       90.00      0.1682E-04 -0.1745E-04  0.6678E-06   0.000     -0.7223E-11   0.000     -0.6128E-06   1.168       0.000    
   387   2.144       0.000       1.062       24.98       2.306       90.00      0.9132E-05 -0.4326E-04  0.3656E-06   0.000     -0.4503E-11   0.000     -0.3746E-06   1.274       0.000    
   388   2.435       0.000       1.154       23.15       2.138       90.00     -0.2110E-04  0.3924E-04 -0.9116E-06   0.000      0.4533E-11   0.000      0.2286E-06  0.5007       0.000    
   389   2.811       0.000       1.247       19.71       1.820       90.00     -0.2101E-04  0.2826E-04 -0.1066E-05   0.000      0.3016E-12   0.000      0.3819E-06  0.6083       0.000    
   390   3.187       0.000       1.339       16.27       1.502       90.00     -0.7063E-04  0.1434E-03 -0.4342E-05   0.000      0.3840E-12   0.000      0.2393E-05  0.8012       0.000    

 Surface forces referred to Sref,Cref,Bref about Xmom,Ymom,Zmom
 Standard axis orientation,  X fwd, Z down         

  Surface #18     nacelle_horizontal                      
     # chordwise =  6   # spanwise = 11     First strip =391
     Surface area = 0.14625           ave. chord = 0.48062    
     CLsurf  =   0.000183     Clsurf  =  -0.000015
     CYsurf  =   0.000000     Cmsurf  =   0.000087
     CDsurf  =   0.000002     Cnsurf  =  -0.000001
     CDisurf =   0.000002     CDvsurf =   0.000000

  Forces referred to Ssurf, Cave about hinge axis thru LE
     cl_surf =   0.078640     cd_surf =   0.000898

 Strip Forces referred to strip area, chord
    j    xLE         yLE         zLE         Chord       Area        Dihedral   c cl        ai_ff       cl           clj         cd          cdv         cm_c/4     c.p.x/c      Dcj
   391   10.62       2.084       1.233      0.1677      0.5100E-02   0.000      0.2300E-01  0.8922E-01  0.1375       0.000     -0.4214E-02   0.000      0.5752E-02  0.2082       0.000    
   392   10.53       2.114       1.233      0.3948      0.1200E-01   0.000      0.3442E-01  0.9986E-01  0.8728E-01   0.000      0.3338E-04   0.000      0.7366E-02  0.1656       0.000    
   393   10.49       2.145       1.233      0.5215      0.1591E-01   0.000      0.4128E-01  0.1015      0.7922E-01   0.000      0.8544E-03   0.000      0.7408E-02  0.1565       0.000    
   394   10.46       2.175       1.233      0.6208      0.1887E-01   0.000      0.4543E-01  0.1020      0.7320E-01   0.000      0.1533E-02   0.000      0.7130E-02  0.1526       0.000    
   395   10.44       2.198       1.233      0.6814      0.1039E-01   0.000      0.4676E-01  0.9685E-01  0.6861E-01   0.000      0.2260E-02   0.000      0.6869E-02  0.1499       0.000    
   396   10.44       2.213       1.233      0.7141      0.1089E-01   0.000      0.4677E-01  0.7368E-01  0.6547E-01   0.000      0.2174E-02   0.000      0.6669E-02  0.1481       0.000    
   397   10.44       2.236       1.233      0.6978      0.2121E-01   0.000      0.4602E-01  0.1186      0.6594E-01   0.000      0.1921E-02   0.000      0.6757E-02  0.1475       0.000    
   398   10.46       2.267       1.233      0.6208      0.1887E-01   0.000      0.4383E-01  0.1036      0.7062E-01   0.000      0.1459E-02   0.000      0.7144E-02  0.1488       0.000    
   399   10.49       2.297       1.233      0.5215      0.1591E-01   0.000      0.4008E-01  0.1016      0.7692E-01   0.000      0.8318E-03   0.000      0.7573E-02  0.1516       0.000    
   400   10.53       2.327       1.233      0.3949      0.1200E-01   0.000      0.3373E-01  0.9982E-01  0.8555E-01   0.000      0.6608E-04   0.000      0.7706E-02  0.1599       0.000    
   401   10.62       2.358       1.233      0.1677      0.5100E-02   0.000      0.2306E-01  0.9057E-01  0.1379       0.000     -0.3834E-02   0.000      0.6679E-02  0.2016       0.000    

 Surface forces referred to Sref,Cref,Bref about Xmom,Ymom,Zmom
 Standard axis orientation,  X fwd, Z down         

  Surface #19     nacelle_horizontal (YDUP)               
     # chordwise =  6   # spanwise = 11     First strip =402
     Surface area = 0.14625           ave. chord = 0.48062    
     CLsurf  =   0.000117     Clsurf  =   0.000009
     CYsurf  =  -0.000000     Cmsurf  =   0.000056
     CDsurf  =   0.000001     Cnsurf  =   0.000000
     CDisurf =   0.000001     CDvsurf =   0.000000

  Forces referred to Ssurf, Cave about hinge axis thru LE
     cl_surf =   0.050418     cd_surf =   0.000535

 Strip Forces referred to strip area, chord
    j    xLE         yLE         zLE         Chord       Area        Dihedral   c cl        ai_ff       cl           clj         cd          cdv         cm_c/4     c.p.x/c      Dcj
   402   10.62      -2.084       1.233      0.1677      0.5100E-02   0.000      0.1673E-01  0.1377      0.9995E-01   0.000     -0.1952E-02   0.000      0.5531E-02  0.1947       0.000    
   403   10.53      -2.114       1.233      0.3948      0.1200E-01   0.000      0.2341E-01  0.1281      0.5935E-01   0.000      0.1159E-03   0.000      0.5950E-02  0.1497       0.000    
   404   10.49      -2.145       1.233      0.5215      0.1591E-01   0.000      0.2758E-01  0.1417      0.5293E-01   0.000      0.5028E-03   0.000      0.5632E-02  0.1436       0.000    
   405   10.46      -2.175       1.233      0.6208      0.1887E-01   0.000      0.2850E-01  0.1246      0.4593E-01   0.000      0.9198E-03   0.000      0.4939E-02  0.1425       0.000    
   406   10.44      -2.198       1.233      0.6814      0.1039E-01   0.000      0.2610E-01  0.1887E-01  0.3830E-01   0.000      0.1098E-02   0.000      0.4160E-02  0.1414       0.000    
   407   10.44      -2.213       1.233      0.7141      0.1089E-01   0.000      0.2577E-01 -0.2138E-01  0.3608E-01   0.000      0.9865E-03   0.000      0.3982E-02  0.1396       0.000    
   408   10.44      -2.236       1.233      0.6978      0.2121E-01   0.000      0.2788E-01  0.1448      0.3995E-01   0.000      0.1011E-02   0.000      0.4450E-02  0.1386       0.000    
   409   10.46      -2.267       1.233      0.6208      0.1887E-01   0.000      0.2786E-01  0.1374      0.4490E-01   0.000      0.8254E-03   0.000      0.5017E-02  0.1383       0.000    
   410   10.49      -2.297       1.233      0.5215      0.1591E-01   0.000      0.2544E-01  0.1157      0.4883E-01   0.000      0.5282E-03   0.000      0.5502E-02  0.1373       0.000    
   411   10.53      -2.327       1.233      0.3949      0.1200E-01   0.000      0.2228E-01  0.1250      0.5649E-01   0.000      0.1749E-03   0.000      0.6061E-02  0.1427       0.000    
   412   10.62      -2.358       1.233      0.1677      0.5100E-02   0.000      0.1650E-01  0.1401      0.9858E-01   0.000     -0.1615E-02   0.000      0.6124E-02  0.1879       0.000    

 Surface forces referred to Sref,Cref,Bref about Xmom,Ymom,Zmom
 Standard axis orientation,  X fwd, Z down         

  Surface #20     nacelle_vertical                        
     # chordwise =  6   # spanwise = 11     First strip =413
     Surface area = 0.14626           ave. chord = 0.48047    
     CLsurf  =   0.000000     Clsurf  =   0.000000
     CYsurf  =  -0.000025     Cmsurf  =   0.000000
     CDsurf  =  -0.000000     Cnsurf  =  -0.000001
     CDisurf =  -0.000000     CDvsurf =   0.000000

  Forces referred to Ssurf, Cave about hinge axis thru LE
     cl_surf =   0.000021     cd_surf =  -0.000052

 Strip Forces referred to strip area, chord
    j    xLE         yLE         zLE         Chord       Area        Dihedral   c cl        ai_ff       cl           clj         cd          cdv         cm_c/4     c.p.x/c      Dcj
   413   10.62       2.221       1.096      0.1677      0.5116E-02   90.00      0.1863E-02  0.9865E-03  0.1111E-01   0.000     -0.1895E-03   0.000      0.4845E-02 -0.1862       0.000    
   414   10.53       2.221       1.126      0.3948      0.1200E-01   90.00      0.3229E-02  0.2322E-02  0.8177E-02   0.000     -0.6180E-04   0.000      0.1938E-02  0.1301E-01   0.000    
   415   10.49       2.221       1.157      0.5215      0.1591E-01   90.00      0.3535E-02  0.7806E-03  0.6778E-02   0.000     -0.3507E-04   0.000      0.1376E-02  0.4704E-01   0.000    
   416   10.46       2.221       1.187      0.6208      0.1887E-01   90.00      0.2949E-02 -0.1240E-01  0.4751E-02   0.000     -0.1573E-04   0.000      0.8487E-03  0.7137E-01   0.000    
   417   10.44       2.221       1.218      0.6978      0.2121E-01   90.00      0.3519E-02 -0.1357E-01  0.5043E-02   0.000     -0.1484E-04   0.000      0.7974E-03  0.9189E-01   0.000    
   418   10.44       2.221       1.240      0.7141      0.1089E-01   90.00      0.7279E-02  0.3765E-02  0.1019E-01   0.000     -0.2058E-04   0.000      0.1525E-03  0.2350       0.000    
   419   10.44       2.221       1.256      0.6814      0.1039E-01   90.00      0.9355E-02  0.2848E-01  0.1373E-01   0.000     -0.2755E-04   0.000      0.2163E-03  0.2342       0.000    
   420   10.46       2.221       1.279      0.6208      0.1887E-01   90.00      0.9478E-02  0.1683E-01  0.1527E-01   0.000     -0.6109E-04   0.000      0.5338E-04  0.2465       0.000    
   421   10.49       2.221       1.309      0.5215      0.1585E-01   90.00      0.7663E-02  0.3227E-02  0.1469E-01   0.000     -0.6944E-04   0.000     -0.1921E-03  0.2631       0.000    
   422   10.53       2.221       1.339      0.3948      0.1204E-01   90.00      0.6062E-02  0.1204E-02  0.1535E-01   0.000     -0.8194E-04   0.000     -0.6111E-03  0.2898       0.000    
   423   10.62       2.221       1.370      0.1677      0.5100E-02   90.00      0.4393E-02  0.1168E-02  0.2619E-01   0.000     -0.1780E-03   0.000     -0.4100E-02  0.4065       0.000    

 Surface forces referred to Sref,Cref,Bref about Xmom,Ymom,Zmom
 Standard axis orientation,  X fwd, Z down         

  Surface #21     nacelle_vertical (YDUP)                 
     # chordwise =  6   # spanwise = 11     First strip =424
     Surface area = 0.14626           ave. chord = 0.48047    
     CLsurf  =   0.000000     Clsurf  =  -0.000000
     CYsurf  =   0.000016     Cmsurf  =   0.000000
     CDsurf  =  -0.000000     Cnsurf  =   0.000001
     CDisurf =  -0.000000     CDvsurf =   0.000000

  Forces referred to Ssurf, Cave about hinge axis thru LE
     cl_surf =   0.000015     cd_surf =  -0.000034

 Strip Forces referred to strip area, chord
    j    xLE         yLE         zLE         Chord       Area        Dihedral   c cl        ai_ff       cl           clj         cd          cdv         cm_c/4     c.p.x/c      Dcj
   424   10.62      -2.221       1.096      0.1677      0.5116E-02  -90.00      0.1335E-02  0.8288E-02  0.7959E-02   0.000     -0.1207E-03   0.000      0.3670E-02 -0.2111       0.000    
   425   10.53      -2.221       1.126      0.3948      0.1200E-01  -90.00      0.2165E-02  0.7832E-02  0.5484E-02   0.000     -0.4146E-04   0.000      0.1418E-02 -0.8648E-02   0.000    
   426   10.49      -2.221       1.157      0.5215      0.1591E-01  -90.00      0.2215E-02  0.5532E-02  0.4247E-02   0.000     -0.2299E-04   0.000      0.9443E-03  0.2764E-01   0.000    
   427   10.46      -2.221       1.187      0.6208      0.1887E-01  -90.00      0.1430E-02 -0.2096E-01  0.2303E-02   0.000     -0.8095E-05   0.000      0.4415E-03  0.5833E-01   0.000    
   428   10.44      -2.221       1.218      0.6978      0.2121E-01  -90.00      0.1473E-02 -0.4994E-01  0.2111E-02   0.000     -0.7159E-05   0.000      0.3307E-03  0.9340E-01   0.000    
   429   10.44      -2.221       1.240      0.7141      0.1089E-01  -90.00      0.4184E-02  0.4952E-01  0.5858E-02   0.000     -0.1504E-04   0.000      0.1388E-03  0.2263       0.000    
   430   10.44      -2.221       1.256      0.6814      0.1039E-01  -90.00      0.6178E-02  0.5691E-01  0.9067E-02   0.000     -0.2422E-04   0.000      0.2268E-03  0.2250       0.000    
   431   10.46      -2.221       1.279      0.6208      0.1887E-01  -90.00      0.6654E-02  0.3476E-01  0.1072E-01   0.000     -0.4565E-04   0.000      0.1373E-03  0.2372       0.000    
   432   10.49      -2.221       1.309      0.5215      0.1585E-01  -90.00      0.5255E-02  0.7665E-02  0.1008E-01   0.000     -0.4840E-04   0.000     -0.2518E-04  0.2525       0.000    
   433   10.53      -2.221       1.339      0.3948      0.1204E-01  -90.00      0.4114E-02  0.2884E-02  0.1042E-01   0.000     -0.5234E-04   0.000     -0.2739E-03  0.2763       0.000    
   434   10.62      -2.221       1.370      0.1677      0.5100E-02  -90.00      0.3184E-02  0.6418E-02  0.1898E-01   0.000     -0.1091E-03   0.000     -0.2731E-02  0.3939       0.000    

 Surface forces referred to Sref,Cref,Bref about Xmom,Ymom,Zmom
 Standard axis orientation,  X fwd, Z down         

  Surface #22     nacelle_2_horizontal                    
     # chordwise =  6   # spanwise = 11     First strip =435
     Surface area = 0.14624           ave. chord = 0.48041    
     CLsurf  =   0.000181     Clsurf  =  -0.000025
     CYsurf  =  -0.000000     Cmsurf  =   0.000086
     CDsurf  =   0.000002     Cnsurf  =  -0.000001
     CDisurf =   0.000002     CDvsurf =   0.000000

  Forces referred to Ssurf, Cave about hinge axis thru LE
     cl_surf =   0.078105     cd_surf =   0.000766

 Strip Forces referred to strip area, chord
    j    xLE         yLE         zLE         Chord       Area        Dihedral   c cl        ai_ff       cl           clj         cd          cdv         cm_c/4     c.p.x/c      Dcj
   435   10.63       3.701       1.233      0.1678      0.5116E-02   0.000      0.2262E-01  0.8891E-01  0.1353       0.000     -0.4109E-02   0.000      0.6542E-02  0.2016       0.000    
   436   10.54       3.732       1.233      0.3949      0.1200E-01   0.000      0.3337E-01  0.9756E-01  0.8464E-01   0.000     -0.1304E-03   0.000      0.7868E-02  0.1570       0.000    
   437   10.50       3.762       1.233      0.5215      0.1585E-01   0.000      0.3988E-01  0.9985E-01  0.7654E-01   0.000      0.6699E-03   0.000      0.7756E-02  0.1487       0.000    
   438   10.47       3.793       1.233      0.6208      0.1893E-01   0.000      0.4395E-01  0.1043      0.7082E-01   0.000      0.1348E-02   0.000      0.7375E-02  0.1459       0.000    
   439   10.45       3.823       1.233      0.6978      0.2121E-01   0.000      0.4613E-01  0.1200      0.6611E-01   0.000      0.1854E-02   0.000      0.7014E-02  0.1439       0.000    
   440   10.45       3.846       1.233      0.7141      0.1085E-01   0.000      0.4642E-01  0.6950E-01  0.6498E-01   0.000      0.2119E-02   0.000      0.6864E-02  0.1444       0.000    
   441   10.45       3.861       1.233      0.6814      0.1036E-01   0.000      0.4598E-01  0.8936E-01  0.6747E-01   0.000      0.2139E-02   0.000      0.7043E-02  0.1456       0.000    
   442   10.47       3.884       1.233      0.6208      0.1893E-01   0.000      0.4470E-01  0.9686E-01  0.7203E-01   0.000      0.1403E-02   0.000      0.7390E-02  0.1474       0.000    
   443   10.50       3.914       1.233      0.5215      0.1585E-01   0.000      0.4080E-01  0.9871E-01  0.7832E-01   0.000      0.6937E-03   0.000      0.7809E-02  0.1503       0.000    
   444   10.54       3.945       1.233      0.3949      0.1200E-01   0.000      0.3415E-01  0.9730E-01  0.8661E-01   0.000     -0.1449E-03   0.000      0.7942E-02  0.1583       0.000    
   445   10.63       3.975       1.233      0.1677      0.5116E-02   0.000      0.2314E-01  0.8827E-01  0.1384       0.000     -0.4273E-02   0.000      0.6717E-02  0.2015       0.000    

 Surface forces referred to Sref,Cref,Bref about Xmom,Ymom,Zmom
 Standard axis orientation,  X fwd, Z down         

  Surface #23     nacelle_2_vertical                      
     # chordwise =  6   # spanwise = 11     First strip =446
     Surface area = 0.14626           ave. chord = 0.48047    
     CLsurf  =  -0.000000     Clsurf  =   0.000000
     CYsurf  =  -0.000006     Cmsurf  =  -0.000000
     CDsurf  =  -0.000000     Cnsurf  =  -0.000000
     CDisurf =  -0.000000     CDvsurf =   0.000000

  Forces referred to Ssurf, Cave about hinge axis thru LE
     cl_surf =  -0.000006     cd_surf =  -0.000007

 Strip Forces referred to strip area, chord
    j    xLE         yLE         zLE         Chord       Area        Dihedral   c cl        ai_ff       cl           clj         cd          cdv         cm_c/4     c.p.x/c      Dcj
   446   10.63       3.838       1.096      0.1677      0.5116E-02   90.00      0.7730E-03  0.6351E-02  0.4608E-02   0.000     -0.2980E-04   0.000      0.1956E-02 -0.1745       0.000    
   447   10.54       3.838       1.126      0.3948      0.1200E-01   90.00      0.1637E-02  0.7347E-02  0.4146E-02   0.000     -0.1271E-04   0.000      0.9399E-03  0.2331E-01   0.000    
   448   10.50       3.838       1.157      0.5215      0.1591E-01   90.00      0.2465E-02  0.9365E-02  0.4726E-02   0.000     -0.1312E-04   0.000      0.9332E-03  0.5256E-01   0.000    
   449   10.47       3.838       1.187      0.6208      0.1887E-01   90.00      0.3721E-02  0.2303E-01  0.5994E-02   0.000     -0.1532E-04   0.000      0.1120E-02  0.6309E-01   0.000    
   450   10.45       3.838       1.218      0.6978      0.2121E-01   90.00      0.3669E-02  0.2675E-01  0.5258E-02   0.000     -0.5807E-05   0.000      0.9407E-03  0.7110E-01   0.000    
   451   10.45       3.838       1.240      0.7141      0.1089E-01   90.00      0.1390E-02  0.6124E-03  0.1947E-02   0.000     -0.1341E-05   0.000      0.3991E-04  0.2295       0.000    
   452   10.45       3.838       1.256      0.6814      0.1039E-01   90.00     -0.6948E-03 -0.2082E-01 -0.1020E-02   0.000      0.3572E-06   0.000     -0.2651E-04  0.2240       0.000    
   453   10.47       3.838       1.279      0.6208      0.1887E-01   90.00     -0.9491E-03 -0.8167E-02 -0.1529E-02   0.000     -0.3268E-06   0.000      0.5184E-05  0.2534       0.000    
   454   10.50       3.838       1.309      0.5215      0.1585E-01   90.00      0.1193E-03  0.5098E-02  0.2287E-03   0.000     -0.2128E-06   0.000      0.4432E-04  0.5622E-01   0.000    
   455   10.54       3.838       1.339      0.3948      0.1204E-01   90.00      0.5049E-03  0.6514E-02  0.1279E-02   0.000     -0.1086E-05   0.000      0.5848E-05  0.2454       0.000    
   456   10.63       3.838       1.370      0.1677      0.5100E-02   90.00      0.5543E-03  0.6072E-02  0.3305E-02   0.000     -0.3483E-05   0.000     -0.4650E-03  0.3907       0.000    

 Surface forces referred to Sref,Cref,Bref about Xmom,Ymom,Zmom
 Standard axis orientation,  X fwd, Z down         

  Surface #24     nacelle_3_horizontal                    
     # chordwise =  6   # spanwise = 11     First strip =457
     Surface area = 0.14624           ave. chord = 0.48058    
     CLsurf  =   0.000179     Clsurf  =  -0.000035
     CYsurf  =   0.000000     Cmsurf  =   0.000079
     CDsurf  =   0.000002     Cnsurf  =  -0.000001
     CDisurf =   0.000002     CDvsurf =   0.000000

  Forces referred to Ssurf, Cave about hinge axis thru LE
     cl_surf =   0.076880     cd_surf =   0.000802

 Strip Forces referred to strip area, chord
    j    xLE         yLE         zLE         Chord       Area        Dihedral   c cl        ai_ff       cl           clj         cd          cdv         cm_c/4     c.p.x/c      Dcj
   457   10.70       5.319       1.233      0.1677      0.5100E-02   0.000      0.2273E-01  0.8598E-01  0.1359       0.000     -0.4116E-02   0.000      0.6531E-02  0.2019       0.000    
   458   10.61       5.349       1.233      0.3949      0.1204E-01   0.000      0.3364E-01  0.9483E-01  0.8532E-01   0.000     -0.9009E-04   0.000      0.7818E-02  0.1584       0.000    
   459   10.57       5.379       1.233      0.5215      0.1585E-01   0.000      0.4025E-01  0.9623E-01  0.7724E-01   0.000      0.7243E-03   0.000      0.7694E-02  0.1504       0.000    
   460   10.54       5.410       1.233      0.6208      0.1887E-01   0.000      0.4413E-01  0.9485E-01  0.7111E-01   0.000      0.1417E-02   0.000      0.7292E-02  0.1475       0.000    
   461   10.52       5.433       1.233      0.6814      0.1039E-01   0.000      0.4540E-01  0.8787E-01  0.6661E-01   0.000      0.2135E-02   0.000      0.6958E-02  0.1455       0.000    
   462   10.52       5.448       1.233      0.7141      0.1089E-01   0.000      0.4573E-01  0.6744E-01  0.6402E-01   0.000      0.2108E-02   0.000      0.6769E-02  0.1443       0.000    
   463   10.52       5.471       1.233      0.6977      0.2121E-01   0.000      0.4533E-01  0.1169      0.6496E-01   0.000      0.1849E-02   0.000      0.6897E-02  0.1438       0.000    
   464   10.54       5.501       1.233      0.6208      0.1887E-01   0.000      0.4315E-01  0.1013      0.6954E-01   0.000      0.1363E-02   0.000      0.7266E-02  0.1455       0.000    
   465   10.57       5.532       1.233      0.5215      0.1591E-01   0.000      0.3921E-01  0.9731E-01  0.7525E-01   0.000      0.7161E-03   0.000      0.7671E-02  0.1481       0.000    
   466   10.61       5.562       1.233      0.3949      0.1200E-01   0.000      0.3282E-01  0.9495E-01  0.8325E-01   0.000     -0.5537E-04   0.000      0.7812E-02  0.1562       0.000    
   467   10.70       5.592       1.233      0.1677      0.5100E-02   0.000      0.2230E-01  0.8649E-01  0.1333       0.000     -0.3862E-02   0.000      0.6582E-02  0.2006       0.000    

 Surface forces referred to Sref,Cref,Bref about Xmom,Ymom,Zmom
 Standard axis orientation,  X fwd, Z down         

  Surface #25     nacelle_3_vertical                      
     # chordwise =  6   # spanwise = 11     First strip =468
     Surface area = 0.14626           ave. chord = 0.48047    
     CLsurf  =   0.000000     Clsurf  =  -0.000000
     CYsurf  =  -0.000000     Cmsurf  =   0.000000
     CDsurf  =  -0.000000     Cnsurf  =  -0.000000
     CDisurf =  -0.000000     CDvsurf =   0.000000

  Forces referred to Ssurf, Cave about hinge axis thru LE
     cl_surf =   0.000001     cd_surf =  -0.000003

 Strip Forces referred to strip area, chord
    j    xLE         yLE         zLE         Chord       Area        Dihedral   c cl        ai_ff       cl           clj         cd          cdv         cm_c/4     c.p.x/c      Dcj
   468   10.70       5.455       1.096      0.1677      0.5116E-02   90.00     -0.2775E-03  0.1154E-01 -0.1654E-02   0.000     -0.3114E-05   0.000     -0.6522E-03 -0.1442       0.000    
   469   10.61       5.455       1.126      0.3948      0.1200E-01   90.00     -0.7081E-03  0.1102E-01 -0.1793E-02   0.000     -0.1578E-05   0.000     -0.3447E-03  0.5777E-01   0.000    
   470   10.57       5.455       1.157      0.5215      0.1591E-01   90.00     -0.1290E-02  0.9227E-02 -0.2473E-02   0.000     -0.2639E-05   0.000     -0.4261E-03  0.7773E-01   0.000    
   471   10.54       5.455       1.187      0.6208      0.1887E-01   90.00     -0.2365E-02 -0.3986E-02 -0.3811E-02   0.000     -0.4751E-05   0.000     -0.6613E-03  0.7646E-01   0.000    
   472   10.52       5.455       1.218      0.6978      0.2121E-01   90.00     -0.2161E-02 -0.6741E-02 -0.3096E-02   0.000     -0.6841E-06   0.000     -0.5139E-03  0.8402E-01   0.000    
   473   10.52       5.455       1.240      0.7141      0.1089E-01   90.00      0.4383E-03  0.1664E-01  0.6137E-03   0.000      0.1132E-06   0.000      0.5397E-04  0.1621       0.000    
   474   10.52       5.455       1.256      0.6814      0.1039E-01   90.00      0.2531E-02  0.3860E-01  0.3714E-02   0.000     -0.4873E-06   0.000      0.1211E-03  0.2174       0.000    
   475   10.54       5.455       1.279      0.6208      0.1887E-01   90.00      0.2816E-02  0.2668E-01  0.4537E-02   0.000     -0.5049E-05   0.000      0.6081E-04  0.2366       0.000    
   476   10.57       5.455       1.309      0.5215      0.1585E-01   90.00      0.1665E-02  0.1370E-01  0.3193E-02   0.000     -0.3112E-05   0.000     -0.3059E-04  0.2596       0.000    
   477   10.61       5.455       1.339      0.3948      0.1204E-01   90.00      0.1064E-02  0.1284E-01  0.2695E-02   0.000     -0.2252E-05   0.000     -0.1111E-03  0.2912       0.000    
   478   10.70       5.455       1.370      0.1677      0.5100E-02   90.00      0.6816E-03  0.2094E-01  0.4063E-02   0.000     -0.4060E-05   0.000     -0.6526E-03  0.4106       0.000    

 Surface forces referred to Sref,Cref,Bref about Xmom,Ymom,Zmom
 Standard axis orientation,  X fwd, Z down         

  Surface #26     nacelle_4_horizontal                    
     # chordwise =  6   # spanwise = 11     First strip =479
     Surface area = 0.14626           ave. chord = 0.48048    
     CLsurf  =   0.000176     Clsurf  =  -0.000045
     CYsurf  =   0.000000     Cmsurf  =   0.000072
     CDsurf  =   0.000002     Cnsurf  =  -0.000002
     CDisurf =   0.000002     CDvsurf =   0.000000

  Forces referred to Ssurf, Cave about hinge axis thru LE
     cl_surf =   0.075959     cd_surf =   0.000849

 Strip Forces referred to strip area, chord
    j    xLE         yLE         zLE         Chord       Area        Dihedral   c cl        ai_ff       cl           clj         cd          cdv         cm_c/4     c.p.x/c      Dcj
   479   10.78       6.936       1.233      0.1678      0.5116E-02   0.000      0.2249E-01  0.8392E-01  0.1345       0.000     -0.3889E-02   0.000      0.6467E-02  0.2019       0.000    
   480   10.69       6.966       1.233      0.3949      0.1200E-01   0.000      0.3324E-01  0.9262E-01  0.8429E-01   0.000     -0.1602E-04   0.000      0.7703E-02  0.1586       0.000    
   481   10.65       6.997       1.233      0.5215      0.1585E-01   0.000      0.3975E-01  0.9405E-01  0.7628E-01   0.000      0.7773E-03   0.000      0.7575E-02  0.1507       0.000    
   482   10.62       7.027       1.233      0.6208      0.1893E-01   0.000      0.4358E-01  0.9261E-01  0.7023E-01   0.000      0.1443E-02   0.000      0.7171E-02  0.1479       0.000    
   483   10.60       7.050       1.233      0.6814      0.1036E-01   0.000      0.4483E-01  0.8557E-01  0.6578E-01   0.000      0.2142E-02   0.000      0.6836E-02  0.1461       0.000    
   484   10.60       7.065       1.233      0.7141      0.1085E-01   0.000      0.4518E-01  0.6542E-01  0.6324E-01   0.000      0.2110E-02   0.000      0.6651E-02  0.1448       0.000    
   485   10.60       7.088       1.233      0.6978      0.2121E-01   0.000      0.4480E-01  0.1147      0.6420E-01   0.000      0.1861E-02   0.000      0.6781E-02  0.1444       0.000    
   486   10.62       7.118       1.233      0.6208      0.1893E-01   0.000      0.4265E-01  0.9924E-01  0.6873E-01   0.000      0.1391E-02   0.000      0.7146E-02  0.1460       0.000    
   487   10.65       7.149       1.233      0.5215      0.1585E-01   0.000      0.3873E-01  0.9514E-01  0.7434E-01   0.000      0.7642E-03   0.000      0.7549E-02  0.1484       0.000    
   488   10.69       7.179       1.233      0.3949      0.1204E-01   0.000      0.3243E-01  0.9277E-01  0.8224E-01   0.000      0.2210E-04   0.000      0.7699E-02  0.1564       0.000    
   489   10.78       7.210       1.233      0.1677      0.5100E-02   0.000      0.2202E-01  0.8446E-01  0.1316       0.000     -0.3668E-02   0.000      0.6467E-02  0.2009       0.000    

 Surface forces referred to Sref,Cref,Bref about Xmom,Ymom,Zmom
 Standard axis orientation,  X fwd, Z down         

  Surface #27     nacelle_4_vertical                      
     # chordwise =  6   # spanwise = 11     First strip =490
     Surface area = 0.14626           ave. chord = 0.48047    
     CLsurf  =  -0.000000     Clsurf  =  -0.000000
     CYsurf  =   0.000001     Cmsurf  =  -0.000000
     CDsurf  =  -0.000000     Cnsurf  =   0.000000
     CDisurf =  -0.000000     CDvsurf =   0.000000

  Forces referred to Ssurf, Cave about hinge axis thru LE
     cl_surf =  -0.000001     cd_surf =  -0.000003

 Strip Forces referred to strip area, chord
    j    xLE         yLE         zLE         Chord       Area        Dihedral   c cl        ai_ff       cl           clj         cd          cdv         cm_c/4     c.p.x/c      Dcj
   490   10.78       7.073       1.096      0.1677      0.5116E-02   90.00     -0.3849E-03  0.1331E-01 -0.2295E-02   0.000     -0.6509E-05   0.000     -0.9290E-03 -0.1549       0.000    
   491   10.69       7.073       1.126      0.3948      0.1200E-01   90.00     -0.9060E-03  0.1268E-01 -0.2295E-02   0.000     -0.2929E-05   0.000     -0.4583E-03  0.5025E-01   0.000    
   492   10.65       7.073       1.157      0.5215      0.1591E-01   90.00     -0.1529E-02  0.1088E-01 -0.2932E-02   0.000     -0.3948E-05   0.000     -0.5144E-03  0.7457E-01   0.000    
   493   10.62       7.073       1.187      0.6208      0.1887E-01   90.00     -0.2623E-02 -0.2183E-02 -0.4226E-02   0.000     -0.6110E-05   0.000     -0.7311E-03  0.7699E-01   0.000    
   494   10.60       7.073       1.218      0.6978      0.2121E-01   90.00     -0.2455E-02 -0.5191E-02 -0.3518E-02   0.000     -0.1267E-05   0.000     -0.5806E-03  0.8498E-01   0.000    
   495   10.60       7.073       1.240      0.7141      0.1089E-01   90.00      0.5860E-04  0.1851E-01  0.8206E-04   0.000      0.1006E-06   0.000      0.4647E-04 -0.3163       0.000    
   496   10.60       7.073       1.256      0.6814      0.1039E-01   90.00      0.2130E-02  0.4014E-01  0.3127E-02   0.000     -0.6782E-07   0.000      0.1111E-03  0.2145       0.000    
   497   10.62       7.073       1.279      0.6208      0.1887E-01   90.00      0.2409E-02  0.2818E-01  0.3881E-02   0.000     -0.3622E-05   0.000      0.5707E-04  0.2353       0.000    
   498   10.65       7.073       1.309      0.5215      0.1585E-01   90.00      0.1305E-02  0.1555E-01  0.2503E-02   0.000     -0.1862E-05   0.000     -0.2418E-04  0.2597       0.000    
   499   10.69       7.073       1.339      0.3948      0.1204E-01   90.00      0.7660E-03  0.1540E-01  0.1940E-02   0.000     -0.1091E-05   0.000     -0.8331E-04  0.2929       0.000    
   500   10.78       7.073       1.370      0.1677      0.5100E-02   90.00      0.4591E-03  0.2841E-01  0.2737E-02   0.000     -0.1770E-05   0.000     -0.4458E-03  0.4129       0.000    

 Surface forces referred to Sref,Cref,Bref about Xmom,Ymom,Zmom
 Standard axis orientation,  X fwd, Z down         

  Surface #28     nacelle_5_horizontal                    
     # chordwise =  6   # spanwise = 11     First strip =501
     Surface area = 0.14624           ave. chord = 0.48058    
     CLsurf  =   0.000173     Clsurf  =  -0.000055
     CYsurf  =   0.000000     Cmsurf  =   0.000065
     CDsurf  =   0.000002     Cnsurf  =  -0.000002
     CDisurf =   0.000002     CDvsurf =   0.000000

  Forces referred to Ssurf, Cave about hinge axis thru LE
     cl_surf =   0.074456     cd_surf =   0.000911

 Strip Forces referred to strip area, chord
    j    xLE         yLE         zLE         Chord       Area        Dihedral   c cl        ai_ff       cl           clj         cd          cdv         cm_c/4     c.p.x/c      Dcj
   501   10.86       8.553       1.233      0.1677      0.5100E-02   0.000      0.2206E-01  0.8253E-01  0.1318       0.000     -0.3605E-02   0.000      0.6325E-02  0.2020       0.000    
   502   10.77       8.583       1.233      0.3948      0.1204E-01   0.000      0.3260E-01  0.9101E-01  0.8268E-01   0.000      0.9207E-04   0.000      0.7551E-02  0.1587       0.000    
   503   10.73       8.614       1.233      0.5215      0.1585E-01   0.000      0.3899E-01  0.9243E-01  0.7482E-01   0.000      0.8442E-03   0.000      0.7411E-02  0.1510       0.000    
   504   10.70       8.644       1.233      0.6208      0.1887E-01   0.000      0.4273E-01  0.9099E-01  0.6885E-01   0.000      0.1477E-02   0.000      0.7005E-02  0.1483       0.000    
   505   10.68       8.667       1.233      0.6814      0.1039E-01   0.000      0.4395E-01  0.8405E-01  0.6448E-01   0.000      0.2144E-02   0.000      0.6677E-02  0.1464       0.000    
   506   10.68       8.682       1.233      0.7141      0.1089E-01   0.000      0.4429E-01  0.6445E-01  0.6200E-01   0.000      0.2091E-02   0.000      0.6498E-02  0.1452       0.000    
   507   10.68       8.705       1.233      0.6977      0.2121E-01   0.000      0.4393E-01  0.1128      0.6294E-01   0.000      0.1867E-02   0.000      0.6625E-02  0.1448       0.000    
   508   10.70       8.736       1.233      0.6208      0.1887E-01   0.000      0.4181E-01  0.9762E-01  0.6737E-01   0.000      0.1426E-02   0.000      0.6976E-02  0.1464       0.000    
   509   10.73       8.766       1.233      0.5215      0.1591E-01   0.000      0.3796E-01  0.9352E-01  0.7285E-01   0.000      0.8345E-03   0.000      0.7373E-02  0.1488       0.000    
   510   10.77       8.796       1.233      0.3949      0.1200E-01   0.000      0.3176E-01  0.9117E-01  0.8055E-01   0.000      0.1255E-03   0.000      0.7515E-02  0.1567       0.000    
   511   10.86       8.827       1.233      0.1677      0.5100E-02   0.000      0.2157E-01  0.8310E-01  0.1290       0.000     -0.3361E-02   0.000      0.6294E-02  0.2012       0.000    

 Surface forces referred to Sref,Cref,Bref about Xmom,Ymom,Zmom
 Standard axis orientation,  X fwd, Z down         

  Surface #29     nacelle_5_vertical                      
     # chordwise =  6   # spanwise = 11     First strip =512
     Surface area = 0.14626           ave. chord = 0.48047    
     CLsurf  =  -0.000000     Clsurf  =  -0.000000
     CYsurf  =   0.000002     Cmsurf  =  -0.000000
     CDsurf  =  -0.000000     Cnsurf  =   0.000000
     CDisurf =  -0.000000     CDvsurf =   0.000000

  Forces referred to Ssurf, Cave about hinge axis thru LE
     cl_surf =  -0.000002     cd_surf =  -0.000003

 Strip Forces referred to strip area, chord
    j    xLE         yLE         zLE         Chord       Area        Dihedral   c cl        ai_ff       cl           clj         cd          cdv         cm_c/4     c.p.x/c      Dcj
   512   10.86       8.690       1.096      0.1677      0.5116E-02   90.00     -0.4421E-03  0.1482E-01 -0.2635E-02   0.000     -0.8798E-05   0.000     -0.1073E-02 -0.1570       0.000    
   513   10.77       8.690       1.126      0.3948      0.1200E-01   90.00     -0.1010E-02  0.1410E-01 -0.2558E-02   0.000     -0.3756E-05   0.000     -0.5118E-03  0.4994E-01   0.000    
   514   10.73       8.690       1.157      0.5215      0.1591E-01   90.00     -0.1649E-02  0.1230E-01 -0.3163E-02   0.000     -0.4632E-05   0.000     -0.5506E-03  0.7590E-01   0.000    
   515   10.70       8.690       1.187      0.6208      0.1887E-01   90.00     -0.2735E-02 -0.5404E-03 -0.4406E-02   0.000     -0.6638E-05   0.000     -0.7523E-03  0.7927E-01   0.000    
   516   10.68       8.690       1.218      0.6978      0.2121E-01   90.00     -0.2565E-02 -0.3323E-02 -0.3676E-02   0.000     -0.1498E-05   0.000     -0.5963E-03  0.8777E-01   0.000    
   517   10.68       8.690       1.240      0.7141      0.1089E-01   90.00     -0.1333E-03  0.1971E-01 -0.1867E-03   0.000      0.5464E-07   0.000      0.4909E-04  0.5130       0.000    
   518   10.68       8.690       1.256      0.6814      0.1039E-01   90.00      0.1900E-02  0.4083E-01  0.2789E-02   0.000      0.9263E-07   0.000      0.1106E-03  0.2104       0.000    
   519   10.70       8.690       1.279      0.6208      0.1887E-01   90.00      0.2194E-02  0.2934E-01  0.3534E-02   0.000     -0.2985E-05   0.000      0.6086E-04  0.2328       0.000    
   520   10.73       8.690       1.309      0.5215      0.1585E-01   90.00      0.1133E-02  0.1711E-01  0.2172E-02   0.000     -0.1403E-05   0.000     -0.1494E-04  0.2569       0.000    
   521   10.77       8.690       1.339      0.3948      0.1204E-01   90.00      0.6314E-03  0.1762E-01  0.1599E-02   0.000     -0.7221E-06   0.000     -0.6592E-04  0.2912       0.000    
   522   10.86       8.690       1.370      0.1677      0.5100E-02   90.00      0.3638E-03  0.3540E-01  0.2169E-02   0.000     -0.1090E-05   0.000     -0.3539E-03  0.4132       0.000    

 Surface forces referred to Sref,Cref,Bref about Xmom,Ymom,Zmom
 Standard axis orientation,  X fwd, Z down         

  Surface #30     nacelle_6_horizontal                    
     # chordwise =  6   # spanwise = 11     First strip =523
     Surface area = 0.14626           ave. chord = 0.48047    
     CLsurf  =   0.000171     Clsurf  =  -0.000064
     CYsurf  =   0.000000     Cmsurf  =   0.000058
     CDsurf  =   0.000003     Cnsurf  =  -0.000002
     CDisurf =   0.000003     CDvsurf =   0.000000

  Forces referred to Ssurf, Cave about hinge axis thru LE
     cl_surf =   0.073769     cd_surf =   0.001156

 Strip Forces referred to strip area, chord
    j    xLE         yLE         zLE         Chord       Area        Dihedral   c cl        ai_ff       cl           clj         cd          cdv         cm_c/4     c.p.x/c      Dcj
   523   10.94       10.17       1.233      0.1677      0.5116E-02   0.000      0.2173E-01  0.8325E-01  0.1298       0.000     -0.2944E-02   0.000      0.5680E-02  0.2063       0.000    
   524   10.85       10.20       1.233      0.3948      0.1200E-01   0.000      0.3227E-01  0.9296E-01  0.8181E-01   0.000      0.4459E-03   0.000      0.6721E-02  0.1678       0.000    
   525   10.81       10.23       1.233      0.5215      0.1591E-01   0.000      0.3860E-01  0.9316E-01  0.7407E-01   0.000      0.1118E-02   0.000      0.6633E-02  0.1605       0.000    
   526   10.78       10.26       1.233      0.6208      0.1887E-01   0.000      0.4229E-01  0.9019E-01  0.6813E-01   0.000      0.1668E-02   0.000      0.6300E-02  0.1575       0.000    
   527   10.76       10.28       1.233      0.6814      0.1036E-01   0.000      0.4350E-01  0.8238E-01  0.6381E-01   0.000      0.2246E-02   0.000      0.6018E-02  0.1557       0.000    
   528   10.75       10.30       1.233      0.7141      0.1085E-01   0.000      0.4387E-01  0.6270E-01  0.6140E-01   0.000      0.2159E-02   0.000      0.5858E-02  0.1546       0.000    
   529   10.76       10.32       1.233      0.6977      0.2128E-01   0.000      0.4356E-01  0.1117      0.6241E-01   0.000      0.1981E-02   0.000      0.5956E-02  0.1546       0.000    
   530   10.78       10.35       1.233      0.6208      0.1887E-01   0.000      0.4151E-01  0.9699E-01  0.6688E-01   0.000      0.1628E-02   0.000      0.6213E-02  0.1571       0.000    
   531   10.81       10.38       1.233      0.5215      0.1585E-01   0.000      0.3774E-01  0.9350E-01  0.7241E-01   0.000      0.1117E-02   0.000      0.6497E-02  0.1603       0.000    
   532   10.85       10.41       1.233      0.3949      0.1204E-01   0.000      0.3160E-01  0.9162E-01  0.8010E-01   0.000      0.5031E-03   0.000      0.6567E-02  0.1680       0.000    
   533   10.94       10.44       1.233      0.1677      0.5100E-02   0.000      0.2129E-01  0.8116E-01  0.1272       0.000     -0.2717E-02   0.000      0.5525E-02  0.2066       0.000    

 Surface forces referred to Sref,Cref,Bref about Xmom,Ymom,Zmom
 Standard axis orientation,  X fwd, Z down         

  Surface #31     nacelle_6_vertical                      
     # chordwise =  6   # spanwise = 11     First strip =534
     Surface area = 0.14626           ave. chord = 0.48047    
     CLsurf  =  -0.000000     Clsurf  =  -0.000000
     CYsurf  =   0.000003     Cmsurf  =  -0.000000
     CDsurf  =  -0.000000     Cnsurf  =   0.000000
     CDisurf =  -0.000000     CDvsurf =   0.000000

  Forces referred to Ssurf, Cave about hinge axis thru LE
     cl_surf =  -0.000003     cd_surf =  -0.000003

 Strip Forces referred to strip area, chord
    j    xLE         yLE         zLE         Chord       Area        Dihedral   c cl        ai_ff       cl           clj         cd          cdv         cm_c/4     c.p.x/c      Dcj
   534   10.94       10.31       1.096      0.1677      0.5116E-02   90.00     -0.6096E-03  0.1891E-01 -0.3634E-02   0.000     -0.1555E-04   0.000     -0.1418E-02 -0.1401       0.000    
   535   10.85       10.31       1.126      0.3948      0.1200E-01   90.00     -0.1356E-02  0.1772E-01 -0.3435E-02   0.000     -0.5507E-05   0.000     -0.5508E-03  0.8966E-01   0.000    
   536   10.81       10.31       1.157      0.5215      0.1591E-01   90.00     -0.2084E-02  0.1593E-01 -0.3995E-02   0.000     -0.5683E-05   0.000     -0.5202E-03  0.1198       0.000    
   537   10.78       10.31       1.187      0.6208      0.1887E-01   90.00     -0.3210E-02  0.3349E-02 -0.5172E-02   0.000     -0.7060E-05   0.000     -0.6765E-03  0.1192       0.000    
   538   10.76       10.31       1.218      0.6978      0.2121E-01   90.00     -0.3079E-02  0.4398E-03 -0.4413E-02   0.000     -0.1842E-05   0.000     -0.5121E-03  0.1340       0.000    
   539   10.75       10.31       1.240      0.7141      0.1089E-01   90.00     -0.6977E-03  0.2465E-01 -0.9770E-03   0.000     -0.8728E-07   0.000      0.1760E-03  0.4302       0.000    
   540   10.76       10.31       1.256      0.6814      0.1039E-01   90.00      0.1350E-02  0.4546E-01  0.1981E-02   0.000      0.2165E-06   0.000      0.2130E-03  0.1425       0.000    
   541   10.78       10.31       1.279      0.6208      0.1887E-01   90.00      0.1683E-02  0.3390E-01  0.2711E-02   0.000     -0.2216E-05   0.000      0.1639E-03  0.1895       0.000    
   542   10.81       10.31       1.309      0.5215      0.1585E-01   90.00      0.7314E-03  0.2075E-01  0.1403E-02   0.000     -0.9036E-06   0.000      0.9742E-04  0.1805       0.000    
   543   10.85       10.31       1.339      0.3948      0.1204E-01   90.00      0.3513E-03  0.1606E-01  0.8898E-03   0.000     -0.3705E-06   0.000      0.4372E-04  0.2009       0.000    
   544   10.94       10.31       1.370      0.1677      0.5100E-02   90.00      0.2060E-03  0.8038E-02  0.1228E-02   0.000     -0.4442E-06   0.000     -0.1628E-03  0.3826       0.000    

 Surface forces referred to Sref,Cref,Bref about Xmom,Ymom,Zmom
 Standard axis orientation,  X fwd, Z down         

  Surface #32     nacelle_7_horizontal                    
     # chordwise =  6   # spanwise = 11     First strip =545
     Surface area = 0.14625           ave. chord = 0.48062    
     CLsurf  =   0.000117     Clsurf  =   0.000009
     CYsurf  =  -0.000000     Cmsurf  =   0.000056
     CDsurf  =   0.000001     Cnsurf  =   0.000000
     CDisurf =   0.000001     CDvsurf =   0.000000

  Forces referred to Ssurf, Cave about hinge axis thru LE
     cl_surf =   0.050418     cd_surf =   0.000535

 Strip Forces referred to strip area, chord
    j    xLE         yLE         zLE         Chord       Area        Dihedral   c cl        ai_ff       cl           clj         cd          cdv         cm_c/4     c.p.x/c      Dcj
   545   10.62      -2.358       1.233      0.1677      0.5100E-02   0.000      0.1650E-01  0.1401      0.9858E-01   0.000     -0.1615E-02   0.000      0.6124E-02  0.1879       0.000    
   546   10.53      -2.327       1.233      0.3948      0.1200E-01   0.000      0.2228E-01  0.1250      0.5649E-01   0.000      0.1749E-03   0.000      0.6061E-02  0.1427       0.000    
   547   10.49      -2.297       1.233      0.5215      0.1591E-01   0.000      0.2544E-01  0.1157      0.4883E-01   0.000      0.5282E-03   0.000      0.5502E-02  0.1373       0.000    
   548   10.46      -2.267       1.233      0.6208      0.1887E-01   0.000      0.2786E-01  0.1374      0.4490E-01   0.000      0.8254E-03   0.000      0.5017E-02  0.1383       0.000    
   549   10.44      -2.236       1.233      0.6978      0.2121E-01   0.000      0.2788E-01  0.1448      0.3995E-01   0.000      0.1011E-02   0.000      0.4450E-02  0.1386       0.000    
   550   10.44      -2.213       1.233      0.7141      0.1089E-01   0.000      0.2577E-01 -0.2138E-01  0.3608E-01   0.000      0.9865E-03   0.000      0.3982E-02  0.1396       0.000    
   551   10.44      -2.198       1.233      0.6814      0.1039E-01   0.000      0.2610E-01  0.1887E-01  0.3830E-01   0.000      0.1098E-02   0.000      0.4160E-02  0.1414       0.000    
   552   10.46      -2.175       1.233      0.6208      0.1887E-01   0.000      0.2850E-01  0.1246      0.4593E-01   0.000      0.9198E-03   0.000      0.4939E-02  0.1425       0.000    
   553   10.49      -2.145       1.233      0.5215      0.1591E-01   0.000      0.2758E-01  0.1417      0.5293E-01   0.000      0.5028E-03   0.000      0.5632E-02  0.1436       0.000    
   554   10.53      -2.114       1.233      0.3949      0.1200E-01   0.000      0.2341E-01  0.1281      0.5935E-01   0.000      0.1159E-03   0.000      0.5950E-02  0.1497       0.000    
   555   10.62      -2.084       1.233      0.1677      0.5100E-02   0.000      0.1673E-01  0.1377      0.9995E-01   0.000     -0.1952E-02   0.000      0.5531E-02  0.1947       0.000    

 Surface forces referred to Sref,Cref,Bref about Xmom,Ymom,Zmom
 Standard axis orientation,  X fwd, Z down         

  Surface #33     nacelle_7_vertical                      
     # chordwise =  6   # spanwise = 11     First strip =556
     Surface area = 0.14626           ave. chord = 0.48047    
     CLsurf  =   0.000000     Clsurf  =  -0.000000
     CYsurf  =   0.000016     Cmsurf  =   0.000000
     CDsurf  =  -0.000000     Cnsurf  =   0.000001
     CDisurf =  -0.000000     CDvsurf =   0.000000

  Forces referred to Ssurf, Cave about hinge axis thru LE
     cl_surf =   0.000015     cd_surf =  -0.000034

 Strip Forces referred to strip area, chord
    j    xLE         yLE         zLE         Chord       Area        Dihedral   c cl        ai_ff       cl           clj         cd          cdv         cm_c/4     c.p.x/c      Dcj
   556   10.62      -2.221       1.096      0.1677      0.5116E-02   90.00     -0.1335E-02 -0.8288E-02 -0.7959E-02   0.000     -0.1207E-03   0.000     -0.3670E-02 -0.2111       0.000    
   557   10.53      -2.221       1.126      0.3948      0.1200E-01   90.00     -0.2165E-02 -0.7832E-02 -0.5484E-02   0.000     -0.4146E-04   0.000     -0.1418E-02 -0.8648E-02   0.000    
   558   10.49      -2.221       1.157      0.5215      0.1591E-01   90.00     -0.2215E-02 -0.5532E-02 -0.4247E-02   0.000     -0.2299E-04   0.000     -0.9443E-03  0.2764E-01   0.000    
   559   10.46      -2.221       1.187      0.6208      0.1887E-01   90.00     -0.1430E-02  0.2096E-01 -0.2303E-02   0.000     -0.8095E-05   0.000     -0.4415E-03  0.5833E-01   0.000    
   560   10.44      -2.221       1.218      0.6978      0.2121E-01   90.00     -0.1473E-02  0.4994E-01 -0.2111E-02   0.000     -0.7159E-05   0.000     -0.3307E-03  0.9340E-01   0.000    
   561   10.44      -2.221       1.240      0.7141      0.1089E-01   90.00     -0.4184E-02 -0.4952E-01 -0.5858E-02   0.000     -0.1504E-04   0.000     -0.1388E-03  0.2263       0.000    
   562   10.44      -2.221       1.256      0.6814      0.1039E-01   90.00     -0.6178E-02 -0.5691E-01 -0.9067E-02   0.000     -0.2422E-04   0.000     -0.2268E-03  0.2250       0.000    
   563   10.46      -2.221       1.279      0.6208      0.1887E-01   90.00     -0.6654E-02 -0.3476E-01 -0.1072E-01   0.000     -0.4565E-04   0.000     -0.1373E-03  0.2372       0.000    
   564   10.49      -2.221       1.309      0.5215      0.1585E-01   90.00     -0.5255E-02 -0.7665E-02 -0.1008E-01   0.000     -0.4840E-04   0.000      0.2518E-04  0.2525       0.000    
   565   10.53      -2.221       1.339      0.3948      0.1204E-01   90.00     -0.4114E-02 -0.2884E-02 -0.1042E-01   0.000     -0.5234E-04   0.000      0.2739E-03  0.2763       0.000    
   566   10.62      -2.221       1.370      0.1677      0.5100E-02   90.00     -0.3184E-02 -0.6418E-02 -0.1898E-01   0.000     -0.1091E-03   0.000      0.2731E-02  0.3939       0.000    

 Surface forces referred to Sref,Cref,Bref about Xmom,Ymom,Zmom
 Standard axis orientation,  X fwd, Z down         

  Surface #34     nacelle_8_horizontal                    
     # chordwise =  6   # spanwise = 11     First strip =567
     Surface area = 0.14624           ave. chord = 0.48041    
     CLsurf  =   0.000181     Clsurf  =   0.000025
     CYsurf  =  -0.000000     Cmsurf  =   0.000086
     CDsurf  =   0.000002     Cnsurf  =   0.000001
     CDisurf =   0.000002     CDvsurf =   0.000000

  Forces referred to Ssurf, Cave about hinge axis thru LE
     cl_surf =   0.078108     cd_surf =   0.000765

 Strip Forces referred to strip area, chord
    j    xLE         yLE         zLE         Chord       Area        Dihedral   c cl        ai_ff       cl           clj         cd          cdv         cm_c/4     c.p.x/c      Dcj
   567   10.63      -3.975       1.233      0.1678      0.5116E-02   0.000      0.2272E-01  0.8899E-01  0.1358       0.000     -0.4034E-02   0.000      0.6710E-02  0.2006       0.000    
   568   10.54      -3.945       1.233      0.3949      0.1200E-01   0.000      0.3340E-01  0.9779E-01  0.8470E-01   0.000     -0.1083E-03   0.000      0.7899E-02  0.1567       0.000    
   569   10.50      -3.914       1.233      0.5215      0.1585E-01   0.000      0.3984E-01  0.1001      0.7646E-01   0.000      0.6822E-03   0.000      0.7756E-02  0.1486       0.000    
   570   10.47      -3.884       1.233      0.6208      0.1893E-01   0.000      0.4380E-01  0.1037      0.7058E-01   0.000      0.1351E-02   0.000      0.7351E-02  0.1458       0.000    
   571   10.45      -3.853       1.233      0.6978      0.2121E-01   0.000      0.4599E-01  0.1192      0.6591E-01   0.000      0.1849E-02   0.000      0.6985E-02  0.1440       0.000    
   572   10.45      -3.831       1.233      0.7141      0.1085E-01   0.000      0.4645E-01  0.6940E-01  0.6502E-01   0.000      0.2121E-02   0.000      0.6870E-02  0.1443       0.000    
   573   10.45      -3.815       1.233      0.6814      0.1036E-01   0.000      0.4616E-01  0.9065E-01  0.6773E-01   0.000      0.2148E-02   0.000      0.7074E-02  0.1455       0.000    
   574   10.47      -3.793       1.233      0.6208      0.1893E-01   0.000      0.4486E-01  0.9740E-01  0.7229E-01   0.000      0.1401E-02   0.000      0.7412E-02  0.1475       0.000    
   575   10.50      -3.762       1.233      0.5215      0.1585E-01   0.000      0.4086E-01  0.9846E-01  0.7843E-01   0.000      0.6808E-03   0.000      0.7807E-02  0.1505       0.000    
   576   10.54      -3.732       1.233      0.3949      0.1200E-01   0.000      0.3414E-01  0.9706E-01  0.8660E-01   0.000     -0.1690E-03   0.000      0.7910E-02  0.1587       0.000    
   577   10.63      -3.701       1.233      0.1677      0.5116E-02   0.000      0.2306E-01  0.8818E-01  0.1379       0.000     -0.4357E-02   0.000      0.6547E-02  0.2025       0.000    

 Surface forces referred to Sref,Cref,Bref about Xmom,Ymom,Zmom
 Standard axis orientation,  X fwd, Z down         

  Surface #35     nacelle_8_vertical                      
     # chordwise =  6   # spanwise = 11     First strip =578
     Surface area = 0.14626           ave. chord = 0.48047    
     CLsurf  =   0.000000     Clsurf  =  -0.000000
     CYsurf  =   0.000005     Cmsurf  =   0.000000
     CDsurf  =  -0.000000     Cnsurf  =   0.000000
     CDisurf =  -0.000000     CDvsurf =   0.000000

  Forces referred to Ssurf, Cave about hinge axis thru LE
     cl_surf =   0.000006     cd_surf =  -0.000004

 Strip Forces referred to strip area, chord
    j    xLE         yLE         zLE         Chord       Area        Dihedral   c cl        ai_ff       cl           clj         cd          cdv         cm_c/4     c.p.x/c      Dcj
   578   10.63      -3.838       1.096      0.1677      0.5116E-02   90.00     -0.8562E-04 -0.7418E-02 -0.5104E-03   0.000     -0.8480E-06   0.000     -0.2949E-03 -0.3277       0.000    
   579   10.54      -3.838       1.126      0.3948      0.1200E-01   90.00      0.3956E-04 -0.7148E-02  0.1002E-03   0.000     -0.1603E-06   0.000     -0.6560E-04  0.9047       0.000    
   580   10.50      -3.838       1.157      0.5215      0.1591E-01   90.00      0.4692E-03 -0.5357E-02  0.8997E-03   0.000     -0.2025E-06   0.000      0.9379E-04  0.1458       0.000    
   581   10.47      -3.838       1.187      0.6208      0.1887E-01   90.00      0.1466E-02  0.8023E-02  0.2361E-02   0.000     -0.1301E-05   0.000      0.3795E-03  0.8931E-01   0.000    
   582   10.45      -3.838       1.218      0.6978      0.2121E-01   90.00      0.1200E-02  0.1081E-01  0.1719E-02   0.000      0.3250E-06   0.000      0.2645E-03  0.9614E-01   0.000    
   583   10.45      -3.838       1.240      0.7141      0.1089E-01   90.00     -0.1659E-02 -0.1218E-01 -0.2323E-02   0.000     -0.6985E-06   0.000     -0.9889E-04  0.2074       0.000    
   584   10.45      -3.838       1.256      0.6814      0.1039E-01   90.00     -0.3786E-02 -0.3484E-01 -0.5556E-02   0.000     -0.2801E-05   0.000     -0.1701E-03  0.2194       0.000    
   585   10.47      -3.838       1.279      0.6208      0.1887E-01   90.00     -0.4045E-02 -0.2243E-01 -0.6517E-02   0.000     -0.1112E-04   0.000     -0.9138E-04  0.2360       0.000    
   586   10.50      -3.838       1.309      0.5215      0.1585E-01   90.00     -0.2776E-02 -0.8640E-02 -0.5323E-02   0.000     -0.9249E-05   0.000      0.3260E-04  0.2561       0.000    
   587   10.54      -3.838       1.339      0.3948      0.1204E-01   90.00     -0.2002E-02 -0.5818E-02 -0.5070E-02   0.000     -0.8829E-05   0.000      0.1844E-03  0.2864       0.000    
   588   10.63      -3.838       1.370      0.1677      0.5100E-02   90.00     -0.1390E-02 -0.3007E-02 -0.8286E-02   0.000     -0.1774E-04   0.000      0.1304E-02  0.4074       0.000    

 Surface forces referred to Sref,Cref,Bref about Xmom,Ymom,Zmom
 Standard axis orientation,  X fwd, Z down         

  Surface #36     nacelle_9_horizontal                    
     # chordwise =  6   # spanwise = 11     First strip =589
     Surface area = 0.14624           ave. chord = 0.48058    
     CLsurf  =   0.000179     Clsurf  =   0.000035
     CYsurf  =  -0.000000     Cmsurf  =   0.000079
     CDsurf  =   0.000002     Cnsurf  =   0.000001
     CDisurf =   0.000002     CDvsurf =   0.000000

  Forces referred to Ssurf, Cave about hinge axis thru LE
     cl_surf =   0.076881     cd_surf =   0.000802

 Strip Forces referred to strip area, chord
    j    xLE         yLE         zLE         Chord       Area        Dihedral   c cl        ai_ff       cl           clj         cd          cdv         cm_c/4     c.p.x/c      Dcj
   589   10.70      -5.592       1.233      0.1677      0.5100E-02   0.000      0.2230E-01  0.8649E-01  0.1333       0.000     -0.3862E-02   0.000      0.6582E-02  0.2006       0.000    
   590   10.61      -5.562       1.233      0.3948      0.1200E-01   0.000      0.3282E-01  0.9495E-01  0.8325E-01   0.000     -0.5547E-04   0.000      0.7812E-02  0.1562       0.000    
   591   10.57      -5.532       1.233      0.5215      0.1591E-01   0.000      0.3921E-01  0.9731E-01  0.7525E-01   0.000      0.7160E-03   0.000      0.7671E-02  0.1481       0.000    
   592   10.54      -5.501       1.233      0.6208      0.1887E-01   0.000      0.4315E-01  0.1013      0.6954E-01   0.000      0.1363E-02   0.000      0.7266E-02  0.1455       0.000    
   593   10.52      -5.471       1.233      0.6978      0.2121E-01   0.000      0.4533E-01  0.1169      0.6496E-01   0.000      0.1849E-02   0.000      0.6898E-02  0.1438       0.000    
   594   10.52      -5.448       1.233      0.7141      0.1089E-01   0.000      0.4573E-01  0.6744E-01  0.6402E-01   0.000      0.2108E-02   0.000      0.6769E-02  0.1443       0.000    
   595   10.52      -5.433       1.233      0.6814      0.1039E-01   0.000      0.4540E-01  0.8787E-01  0.6661E-01   0.000      0.2135E-02   0.000      0.6958E-02  0.1455       0.000    
   596   10.54      -5.410       1.233      0.6208      0.1887E-01   0.000      0.4413E-01  0.9485E-01  0.7112E-01   0.000      0.1417E-02   0.000      0.7292E-02  0.1475       0.000    
   597   10.57      -5.379       1.233      0.5215      0.1585E-01   0.000      0.4025E-01  0.9623E-01  0.7724E-01   0.000      0.7242E-03   0.000      0.7694E-02  0.1504       0.000    
   598   10.61      -5.349       1.233      0.3949      0.1204E-01   0.000      0.3364E-01  0.9483E-01  0.8533E-01   0.000     -0.9023E-04   0.000      0.7818E-02  0.1584       0.000    
   599   10.70      -5.319       1.233      0.1677      0.5100E-02   0.000      0.2273E-01  0.8598E-01  0.1359       0.000     -0.4117E-02   0.000      0.6531E-02  0.2019       0.000    

 Surface forces referred to Sref,Cref,Bref about Xmom,Ymom,Zmom
 Standard axis orientation,  X fwd, Z down         

  Surface #37     nacelle_9_vertical                      
     # chordwise =  6   # spanwise = 11     First strip =600
     Surface area = 0.14626           ave. chord = 0.48047    
     CLsurf  =   0.000000     Clsurf  =   0.000000
     CYsurf  =   0.000000     Cmsurf  =   0.000000
     CDsurf  =  -0.000000     Cnsurf  =   0.000000
     CDisurf =  -0.000000     CDvsurf =   0.000000

  Forces referred to Ssurf, Cave about hinge axis thru LE
     cl_surf =   0.000001     cd_surf =  -0.000003

 Strip Forces referred to strip area, chord
    j    xLE         yLE         zLE         Chord       Area        Dihedral   c cl        ai_ff       cl           clj         cd          cdv         cm_c/4     c.p.x/c      Dcj
   600   10.70      -5.455       1.096      0.1677      0.5116E-02   90.00      0.2773E-03 -0.1155E-01  0.1653E-02   0.000     -0.3109E-05   0.000      0.6518E-03 -0.1443       0.000    
   601   10.61      -5.455       1.126      0.3948      0.1200E-01   90.00      0.7076E-03 -0.1103E-01  0.1792E-02   0.000     -0.1576E-05   0.000      0.3446E-03  0.5770E-01   0.000    
   602   10.57      -5.455       1.157      0.5215      0.1591E-01   90.00      0.1289E-02 -0.9237E-02  0.2472E-02   0.000     -0.2637E-05   0.000      0.4260E-03  0.7766E-01   0.000    
   603   10.54      -5.455       1.187      0.6208      0.1887E-01   90.00      0.2365E-02  0.3976E-02  0.3809E-02   0.000     -0.4749E-05   0.000      0.6613E-03  0.7641E-01   0.000    
   604   10.52      -5.455       1.218      0.6978      0.2121E-01   90.00      0.2160E-02  0.6730E-02  0.3095E-02   0.000     -0.6834E-06   0.000      0.5139E-03  0.8395E-01   0.000    
   605   10.52      -5.455       1.240      0.7141      0.1089E-01   90.00     -0.4395E-03 -0.1665E-01 -0.6155E-03   0.000      0.1130E-06   0.000     -0.5380E-04  0.1626       0.000    
   606   10.52      -5.455       1.256      0.6814      0.1039E-01   90.00     -0.2532E-02 -0.3861E-01 -0.3716E-02   0.000     -0.4880E-06   0.000     -0.1209E-03  0.2175       0.000    
   607   10.54      -5.455       1.279      0.6208      0.1887E-01   90.00     -0.2818E-02 -0.2669E-01 -0.4539E-02   0.000     -0.5052E-05   0.000     -0.6061E-04  0.2366       0.000    
   608   10.57      -5.455       1.309      0.5215      0.1585E-01   90.00     -0.1666E-02 -0.1371E-01 -0.3195E-02   0.000     -0.3115E-05   0.000      0.3083E-04  0.2596       0.000    
   609   10.61      -5.455       1.339      0.3948      0.1204E-01   90.00     -0.1065E-02 -0.1286E-01 -0.2698E-02   0.000     -0.2256E-05   0.000      0.1114E-03  0.2913       0.000    
   610   10.70      -5.455       1.370      0.1677      0.5100E-02   90.00     -0.6823E-03 -0.2097E-01 -0.4068E-02   0.000     -0.4069E-05   0.000      0.6534E-03  0.4106       0.000    

 Surface forces referred to Sref,Cref,Bref about Xmom,Ymom,Zmom
 Standard axis orientation,  X fwd, Z down         

  Surface #38     nacelle_10_horizontal                   
     # chordwise =  6   # spanwise = 11     First strip =611
     Surface area = 0.14626           ave. chord = 0.48048    
     CLsurf  =   0.000176     Clsurf  =   0.000045
     CYsurf  =  -0.000000     Cmsurf  =   0.000072
     CDsurf  =   0.000002     Cnsurf  =   0.000002
     CDisurf =   0.000002     CDvsurf =   0.000000

  Forces referred to Ssurf, Cave about hinge axis thru LE
     cl_surf =   0.075955     cd_surf =   0.000849

 Strip Forces referred to strip area, chord
    j    xLE         yLE         zLE         Chord       Area        Dihedral   c cl        ai_ff       cl           clj         cd          cdv         cm_c/4     c.p.x/c      Dcj
   611   10.78      -7.210       1.233      0.1678      0.5100E-02   0.000      0.2202E-01  0.8446E-01  0.1316       0.000     -0.3667E-02   0.000      0.6467E-02  0.2009       0.000    
   612   10.69      -7.179       1.233      0.3949      0.1204E-01   0.000      0.3243E-01  0.9277E-01  0.8223E-01   0.000      0.2240E-04   0.000      0.7699E-02  0.1564       0.000    
   613   10.65      -7.149       1.233      0.5215      0.1585E-01   0.000      0.3873E-01  0.9514E-01  0.7433E-01   0.000      0.7644E-03   0.000      0.7548E-02  0.1485       0.000    
   614   10.62      -7.118       1.233      0.6208      0.1893E-01   0.000      0.4265E-01  0.9924E-01  0.6873E-01   0.000      0.1391E-02   0.000      0.7145E-02  0.1460       0.000    
   615   10.60      -7.088       1.233      0.6978      0.2121E-01   0.000      0.4480E-01  0.1147      0.6420E-01   0.000      0.1861E-02   0.000      0.6780E-02  0.1444       0.000    
   616   10.60      -7.065       1.233      0.7141      0.1085E-01   0.000      0.4517E-01  0.6542E-01  0.6324E-01   0.000      0.2110E-02   0.000      0.6650E-02  0.1448       0.000    
   617   10.60      -7.050       1.233      0.6814      0.1036E-01   0.000      0.4483E-01  0.8557E-01  0.6577E-01   0.000      0.2142E-02   0.000      0.6836E-02  0.1461       0.000    
   618   10.62      -7.027       1.233      0.6208      0.1893E-01   0.000      0.4358E-01  0.9261E-01  0.7023E-01   0.000      0.1443E-02   0.000      0.7171E-02  0.1479       0.000    
   619   10.65      -6.997       1.233      0.5215      0.1585E-01   0.000      0.3975E-01  0.9405E-01  0.7628E-01   0.000      0.7774E-03   0.000      0.7574E-02  0.1507       0.000    
   620   10.69      -6.966       1.233      0.3949      0.1200E-01   0.000      0.3323E-01  0.9262E-01  0.8428E-01   0.000     -0.1573E-04   0.000      0.7702E-02  0.1586       0.000    
   621   10.78      -6.936       1.233      0.1677      0.5116E-02   0.000      0.2249E-01  0.8392E-01  0.1344       0.000     -0.3888E-02   0.000      0.6467E-02  0.2019       0.000    

 Surface forces referred to Sref,Cref,Bref about Xmom,Ymom,Zmom
 Standard axis orientation,  X fwd, Z down         

  Surface #39     nacelle_10_vertical                     
     # chordwise =  6   # spanwise = 11     First strip =622
     Surface area = 0.14626           ave. chord = 0.48047    
     CLsurf  =  -0.000000     Clsurf  =   0.000000
     CYsurf  =  -0.000001     Cmsurf  =  -0.000000
     CDsurf  =  -0.000000     Cnsurf  =  -0.000000
     CDisurf =  -0.000000     CDvsurf =   0.000000

  Forces referred to Ssurf, Cave about hinge axis thru LE
     cl_surf =  -0.000001     cd_surf =  -0.000003

 Strip Forces referred to strip area, chord
    j    xLE         yLE         zLE         Chord       Area        Dihedral   c cl        ai_ff       cl           clj         cd          cdv         cm_c/4     c.p.x/c      Dcj
   622   10.78      -7.073       1.096      0.1677      0.5116E-02   90.00      0.3853E-03 -0.1333E-01  0.2297E-02   0.000     -0.6522E-05   0.000      0.9299E-03 -0.1549       0.000    
   623   10.69      -7.073       1.126      0.3948      0.1200E-01   90.00      0.9067E-03 -0.1270E-01  0.2296E-02   0.000     -0.2934E-05   0.000      0.4586E-03  0.5027E-01   0.000    
   624   10.65      -7.073       1.157      0.5215      0.1591E-01   90.00      0.1530E-02 -0.1090E-01  0.2934E-02   0.000     -0.3952E-05   0.000      0.5146E-03  0.7460E-01   0.000    
   625   10.62      -7.073       1.187      0.6208      0.1887E-01   90.00      0.2624E-02  0.2159E-02  0.4227E-02   0.000     -0.6114E-05   0.000      0.7312E-03  0.7702E-01   0.000    
   626   10.60      -7.073       1.218      0.6978      0.2121E-01   90.00      0.2456E-02  0.5168E-02  0.3519E-02   0.000     -0.1269E-05   0.000      0.5807E-03  0.8502E-01   0.000    
   627   10.60      -7.073       1.240      0.7141      0.1089E-01   90.00     -0.5746E-04 -0.1854E-01 -0.8046E-04   0.000      0.1005E-06   0.000     -0.4655E-04 -0.3286       0.000    
   628   10.60      -7.073       1.256      0.6814      0.1039E-01   90.00     -0.2129E-02 -0.4016E-01 -0.3125E-02   0.000     -0.6703E-07   0.000     -0.1111E-03  0.2144       0.000    
   629   10.62      -7.073       1.279      0.6208      0.1887E-01   90.00     -0.2408E-02 -0.2820E-01 -0.3879E-02   0.000     -0.3619E-05   0.000     -0.5716E-04  0.2353       0.000    
   630   10.65      -7.073       1.309      0.5215      0.1585E-01   90.00     -0.1304E-02 -0.1557E-01 -0.2501E-02   0.000     -0.1860E-05   0.000      0.2407E-04  0.2596       0.000    
   631   10.69      -7.073       1.339      0.3948      0.1204E-01   90.00     -0.7653E-03 -0.1543E-01 -0.1938E-02   0.000     -0.1089E-05   0.000      0.8317E-04  0.2929       0.000    
   632   10.78      -7.073       1.370      0.1677      0.5100E-02   90.00     -0.4586E-03 -0.2848E-01 -0.2734E-02   0.000     -0.1767E-05   0.000      0.4453E-03  0.4129       0.000    

 Surface forces referred to Sref,Cref,Bref about Xmom,Ymom,Zmom
 Standard axis orientation,  X fwd, Z down         

  Surface #40     nacelle_11_horizontal                   
     # chordwise =  6   # spanwise = 11     First strip =633
     Surface area = 0.14624           ave. chord = 0.48058    
     CLsurf  =   0.000173     Clsurf  =   0.000055
     CYsurf  =  -0.000000     Cmsurf  =   0.000065
     CDsurf  =   0.000002     Cnsurf  =   0.000002
     CDisurf =   0.000002     CDvsurf =   0.000000

  Forces referred to Ssurf, Cave about hinge axis thru LE
     cl_surf =   0.074444     cd_surf =   0.000911

 Strip Forces referred to strip area, chord
    j    xLE         yLE         zLE         Chord       Area        Dihedral   c cl        ai_ff       cl           clj         cd          cdv         cm_c/4     c.p.x/c      Dcj
   633   10.86      -8.827       1.233      0.1677      0.5100E-02   0.000      0.2157E-01  0.8309E-01  0.1289       0.000     -0.3359E-02   0.000      0.6293E-02  0.2012       0.000    
   634   10.77      -8.796       1.233      0.3949      0.1200E-01   0.000      0.3176E-01  0.9117E-01  0.8054E-01   0.000      0.1264E-03   0.000      0.7514E-02  0.1567       0.000    
   635   10.73      -8.766       1.233      0.5215      0.1591E-01   0.000      0.3795E-01  0.9352E-01  0.7283E-01   0.000      0.8350E-03   0.000      0.7372E-02  0.1488       0.000    
   636   10.70      -8.736       1.233      0.6208      0.1887E-01   0.000      0.4180E-01  0.9761E-01  0.6736E-01   0.000      0.1426E-02   0.000      0.6975E-02  0.1465       0.000    
   637   10.68      -8.705       1.233      0.6978      0.2121E-01   0.000      0.4392E-01  0.1128      0.6294E-01   0.000      0.1867E-02   0.000      0.6623E-02  0.1448       0.000    
   638   10.68      -8.682       1.233      0.7141      0.1089E-01   0.000      0.4429E-01  0.6444E-01  0.6199E-01   0.000      0.2091E-02   0.000      0.6497E-02  0.1452       0.000    
   639   10.68      -8.667       1.233      0.6814      0.1039E-01   0.000      0.4394E-01  0.8404E-01  0.6447E-01   0.000      0.2144E-02   0.000      0.6676E-02  0.1464       0.000    
   640   10.70      -8.644       1.233      0.6208      0.1887E-01   0.000      0.4272E-01  0.9098E-01  0.6884E-01   0.000      0.1478E-02   0.000      0.7004E-02  0.1483       0.000    
   641   10.73      -8.614       1.233      0.5215      0.1585E-01   0.000      0.3898E-01  0.9243E-01  0.7481E-01   0.000      0.8447E-03   0.000      0.7409E-02  0.1510       0.000    
   642   10.77      -8.583       1.233      0.3949      0.1204E-01   0.000      0.3260E-01  0.9101E-01  0.8266E-01   0.000      0.9292E-04   0.000      0.7550E-02  0.1587       0.000    
   643   10.86      -8.553       1.233      0.1677      0.5100E-02   0.000      0.2205E-01  0.8252E-01  0.1318       0.000     -0.3603E-02   0.000      0.6324E-02  0.2020       0.000    

 Surface forces referred to Sref,Cref,Bref about Xmom,Ymom,Zmom
 Standard axis orientation,  X fwd, Z down         

  Surface #41     nacelle_11_vertical                     
     # chordwise =  6   # spanwise = 11     First strip =644
     Surface area = 0.14626           ave. chord = 0.48047    
     CLsurf  =  -0.000000     Clsurf  =   0.000000
     CYsurf  =  -0.000002     Cmsurf  =  -0.000000
     CDsurf  =  -0.000000     Cnsurf  =  -0.000000
     CDisurf =  -0.000000     CDvsurf =   0.000000

  Forces referred to Ssurf, Cave about hinge axis thru LE
     cl_surf =  -0.000002     cd_surf =  -0.000003

 Strip Forces referred to strip area, chord
    j    xLE         yLE         zLE         Chord       Area        Dihedral   c cl        ai_ff       cl           clj         cd          cdv         cm_c/4     c.p.x/c      Dcj
   644   10.86      -8.690       1.096      0.1677      0.5116E-02   90.00      0.4433E-03 -0.1488E-01  0.2643E-02   0.000     -0.8849E-05   0.000      0.1076E-02 -0.1569       0.000    
   645   10.77      -8.690       1.126      0.3948      0.1200E-01   90.00      0.1013E-02 -0.1416E-01  0.2565E-02   0.000     -0.3773E-05   0.000      0.5127E-03  0.5010E-01   0.000    
   646   10.73      -8.690       1.157      0.5215      0.1591E-01   90.00      0.1652E-02 -0.1235E-01  0.3169E-02   0.000     -0.4646E-05   0.000      0.5511E-03  0.7609E-01   0.000    
   647   10.70      -8.690       1.187      0.6208      0.1887E-01   90.00      0.2739E-02  0.4811E-03  0.4412E-02   0.000     -0.6649E-05   0.000      0.7525E-03  0.7944E-01   0.000    
   648   10.68      -8.690       1.218      0.6978      0.2121E-01   90.00      0.2568E-02  0.3263E-02  0.3681E-02   0.000     -0.1502E-05   0.000      0.5964E-03  0.8798E-01   0.000    
   649   10.68      -8.690       1.240      0.7141      0.1089E-01   90.00      0.1379E-03 -0.1977E-01  0.1931E-03   0.000      0.5380E-07   0.000     -0.4965E-04  0.5071       0.000    
   650   10.68      -8.690       1.256      0.6814      0.1039E-01   90.00     -0.1895E-02 -0.4089E-01 -0.2782E-02   0.000      0.9455E-07   0.000     -0.1111E-03  0.2101       0.000    
   651   10.70      -8.690       1.279      0.6208      0.1887E-01   90.00     -0.2189E-02 -0.2940E-01 -0.3527E-02   0.000     -0.2977E-05   0.000     -0.6147E-04  0.2326       0.000    
   652   10.73      -8.690       1.309      0.5215      0.1585E-01   90.00     -0.1129E-02 -0.1718E-01 -0.2165E-02   0.000     -0.1396E-05   0.000      0.1428E-04  0.2566       0.000    
   653   10.77      -8.690       1.339      0.3948      0.1204E-01   90.00     -0.6285E-03 -0.1771E-01 -0.1592E-02   0.000     -0.7166E-06   0.000      0.6519E-04  0.2910       0.000    
   654   10.86      -8.690       1.370      0.1677      0.5100E-02   90.00     -0.3619E-03 -0.3559E-01 -0.2157E-02   0.000     -0.1080E-05   0.000      0.3519E-03  0.4131       0.000    

 Surface forces referred to Sref,Cref,Bref about Xmom,Ymom,Zmom
 Standard axis orientation,  X fwd, Z down         

  Surface #42     nacelle_12_horizontal                   
     # chordwise =  6   # spanwise = 11     First strip =655
     Surface area = 0.14626           ave. chord = 0.48047    
     CLsurf  =   0.000171     Clsurf  =   0.000064
     CYsurf  =   0.000000     Cmsurf  =   0.000058
     CDsurf  =   0.000003     Cnsurf  =   0.000002
     CDisurf =   0.000003     CDvsurf =   0.000000

  Forces referred to Ssurf, Cave about hinge axis thru LE
     cl_surf =   0.073821     cd_surf =   0.001159

 Strip Forces referred to strip area, chord
    j    xLE         yLE         zLE         Chord       Area        Dihedral   c cl        ai_ff       cl           clj         cd          cdv         cm_c/4     c.p.x/c      Dcj
   655   10.94      -10.44       1.233      0.1677      0.5100E-02   0.000      0.2170E-01  0.7997E-01  0.1297       0.000     -0.2909E-02   0.000      0.5522E-02  0.2074       0.000    
   656   10.85      -10.41       1.233      0.3949      0.1204E-01   0.000      0.3233E-01  0.9068E-01  0.8196E-01   0.000      0.4868E-03   0.000      0.6586E-02  0.1696       0.000    
   657   10.81      -10.38       1.233      0.5215      0.1585E-01   0.000      0.3868E-01  0.9173E-01  0.7422E-01   0.000      0.1142E-02   0.000      0.6520E-02  0.1622       0.000    
   658   10.78      -10.35       1.233      0.6208      0.1887E-01   0.000      0.4240E-01  0.9006E-01  0.6831E-01   0.000      0.1685E-02   0.000      0.6223E-02  0.1589       0.000    
   659   10.76      -10.33       1.233      0.6814      0.1039E-01   0.000      0.4361E-01  0.8348E-01  0.6398E-01   0.000      0.2254E-02   0.000      0.5972E-02  0.1566       0.000    
   660   10.75      -10.31       1.233      0.7141      0.1089E-01   0.000      0.4392E-01  0.6418E-01  0.6147E-01   0.000      0.2160E-02   0.000      0.5838E-02  0.1550       0.000    
   661   10.76      -10.29       1.233      0.6977      0.2121E-01   0.000      0.4353E-01  0.1096      0.6237E-01   0.000      0.1980E-02   0.000      0.5964E-02  0.1544       0.000    
   662   10.78      -10.26       1.233      0.6208      0.1887E-01   0.000      0.4147E-01  0.9615E-01  0.6682E-01   0.000      0.1619E-02   0.000      0.6260E-02  0.1563       0.000    
   663   10.81      -10.23       1.233      0.5215      0.1591E-01   0.000      0.3772E-01  0.9400E-01  0.7237E-01   0.000      0.1101E-02   0.000      0.6580E-02  0.1591       0.000    
   664   10.85      -10.20       1.233      0.3949      0.1200E-01   0.000      0.3158E-01  0.9303E-01  0.8007E-01   0.000      0.4689E-03   0.000      0.6676E-02  0.1666       0.000    
   665   10.94      -10.17       1.233      0.1677      0.5116E-02   0.000      0.2134E-01  0.8359E-01  0.1275       0.000     -0.2753E-02   0.000      0.5668E-02  0.2056       0.000    

 Surface forces referred to Sref,Cref,Bref about Xmom,Ymom,Zmom
 Standard axis orientation,  X fwd, Z down         

  Surface #43     nacelle_12_vertical                     
     # chordwise =  6   # spanwise = 11     First strip =666
     Surface area = 0.14626           ave. chord = 0.48047    
     CLsurf  =   0.000000     Clsurf  =   0.000000
     CYsurf  =  -0.000002     Cmsurf  =   0.000000
     CDsurf  =  -0.000000     Cnsurf  =  -0.000000
     CDisurf =  -0.000000     CDvsurf =   0.000000

  Forces referred to Ssurf, Cave about hinge axis thru LE
     cl_surf =   0.000001     cd_surf =  -0.000002

 Strip Forces referred to strip area, chord
    j    xLE         yLE         zLE         Chord       Area        Dihedral   c cl        ai_ff       cl           clj         cd          cdv         cm_c/4     c.p.x/c      Dcj
   666   10.94      -10.31       1.096      0.1677      0.5116E-02   90.00     -0.2887E-04 -0.1785E-01 -0.1721E-03   0.000     -0.5773E-07   0.000     -0.1051E-03 -0.3610       0.000    
   667   10.85      -10.31       1.126      0.3948      0.1200E-01   90.00     -0.2218E-03 -0.1792E-01 -0.5616E-03   0.000     -0.3426E-06   0.000     -0.2313E-03 -0.1618       0.000    
   668   10.81      -10.31       1.157      0.5215      0.1591E-01   90.00     -0.6894E-03 -0.1975E-01 -0.1322E-02   0.000     -0.1362E-05   0.000     -0.3899E-03 -0.4496E-01   0.000    
   669   10.78      -10.31       1.187      0.6208      0.1887E-01   90.00     -0.1702E-02 -0.3271E-01 -0.2742E-02   0.000     -0.3448E-05   0.000     -0.6486E-03  0.1350E-01   0.000    
   670   10.76      -10.31       1.218      0.6978      0.2121E-01   90.00     -0.1524E-02 -0.3572E-01 -0.2184E-02   0.000     -0.5730E-06   0.000     -0.5493E-03 -0.1519E-02   0.000    
   671   10.75      -10.31       1.240      0.7141      0.1089E-01   90.00      0.9510E-03 -0.1375E-01  0.1332E-02   0.000     -0.1842E-06   0.000     -0.1250E-03  0.3439       0.000    
   672   10.76      -10.31       1.256      0.6814      0.1039E-01   90.00      0.2872E-02  0.6921E-02  0.4214E-02   0.000     -0.3291E-06   0.000     -0.8493E-04  0.2702       0.000    
   673   10.78      -10.31       1.279      0.6208      0.1887E-01   90.00      0.3041E-02 -0.4868E-02  0.4899E-02   0.000     -0.3914E-05   0.000     -0.1472E-03  0.2801       0.000    
   674   10.81      -10.31       1.309      0.5215      0.1585E-01   90.00      0.1783E-02 -0.1708E-01  0.3418E-02   0.000     -0.2208E-05   0.000     -0.2043E-03  0.3098       0.000    
   675   10.85      -10.31       1.339      0.3948      0.1204E-01   90.00      0.1062E-02 -0.1590E-01  0.2689E-02   0.000     -0.1352E-05   0.000     -0.2410E-03  0.3396       0.000    
   676   10.94      -10.31       1.370      0.1677      0.5100E-02   90.00      0.5781E-03 -0.8601E-02  0.3446E-02   0.000     -0.2245E-05   0.000     -0.6220E-03  0.4305       0.000    
