 ---------------------------------------------------------------
Surface and Strip forces by surface

 Surface forces referred to Sref,Cref,Bref about Xmom,Ymom,Zmom
 Standard axis orientation,  X fwd, Z down         

  Surface # 1     main_wing_1                             
     # chordwise = 10   # spanwise =100     First strip =  1
     Surface area =  17.624           ave. chord =  2.6938    
     CLsurf  =   0.086493     Clsurf  =  -0.009979
     CYsurf  =  -0.000119     Cmsurf  =  -0.052230
     CDsurf  =   0.001780     Cnsurf  =  -0.000338
     CDisurf =   0.000749     CDvsurf =   0.000000

  Forces referred to Ssurf, Cave about hinge axis thru LE
     cl_surf =   0.315919     cd_surf =   0.006502

 Strip Forces referred to strip area, chord
    j    xLE         yLE         zLE         Chord       Area        Dihedral   c cl        ai_ff       cl           clj         cd          cdv         cm_c/4     c.p.x/c      Dcj
     1   12.55      0.4051E-03   1.385       2.775      0.4497E-02 -0.7851E-11  0.7590     -0.3620E-02  0.2737       0.000      0.3828E-02   0.000     -0.3891E-02  0.2642       0.000    
     2   12.55      0.3646E-02   1.385       2.775      0.1349E-01  0.2618E-11  0.7590      0.1634E-01  0.2737       0.000      0.3828E-02   0.000     -0.3891E-02  0.2642       0.000    
     3   12.55      0.1012E-01   1.385       2.775      0.2246E-01   0.000      0.7591      0.1794E-01  0.2737       0.000      0.3828E-02   0.000     -0.3891E-02  0.2642       0.000    
     4   12.55      0.1983E-01   1.385       2.775      0.3142E-01   0.000      0.7591      0.1838E-01  0.2737       0.000      0.3827E-02   0.000     -0.3890E-02  0.2642       0.000    
     5   12.55      0.3276E-01   1.385       2.775      0.4034E-01   0.000      0.7591      0.1856E-01  0.2737       0.000      0.3826E-02   0.000     -0.3888E-02  0.2642       0.000    
     6   12.55      0.4890E-01   1.385       2.775      0.4922E-01  0.7173E-12  0.7591      0.1865E-01  0.2737       0.000      0.3825E-02   0.000     -0.3884E-02  0.2642       0.000    
     7   12.55      0.6823E-01   1.385       2.775      0.5805E-01 -0.1216E-11  0.7592      0.1871E-01  0.2737       0.000      0.3822E-02   0.000     -0.3878E-02  0.2642       0.000    
     8   12.55      0.9074E-01   1.385       2.775      0.6683E-01  0.1057E-11  0.7592      0.1875E-01  0.2738       0.000      0.3817E-02   0.000     -0.3868E-02  0.2641       0.000    
     9   12.55      0.1164       1.385       2.775      0.7554E-01 -0.4673E-12  0.7594      0.1878E-01  0.2738       0.000      0.3811E-02   0.000     -0.3853E-02  0.2641       0.000    
    10   12.55      0.1452       1.385       2.775      0.8418E-01   0.000      0.7595      0.1880E-01  0.2739       0.000      0.3802E-02   0.000     -0.3832E-02  0.2640       0.000    
    11   12.55      0.1771       1.385       2.775      0.9273E-01 -0.3807E-12  0.7597      0.1881E-01  0.2740       0.000      0.3789E-02   0.000     -0.3803E-02  0.2639       0.000    
    12   12.55      0.2120       1.385       2.775      0.1012      0.3489E-12  0.7600      0.1882E-01  0.2741       0.000      0.3773E-02   0.000     -0.3765E-02  0.2637       0.000    
    13   12.55      0.2500       1.385       2.775      0.1096       0.000      0.7604      0.1883E-01  0.2742       0.000      0.3752E-02   0.000     -0.3715E-02  0.2636       0.000    
    14   12.55      0.2910       1.385       2.775      0.1178     -0.2997E-12  0.7609      0.1883E-01  0.2744       0.000      0.3726E-02   0.000     -0.3653E-02  0.2633       0.000    
    15   12.55      0.3349       1.385       2.775      0.1259      0.5606E-12  0.7614      0.1882E-01  0.2746       0.000      0.3693E-02   0.000     -0.3577E-02  0.2630       0.000    
    16   12.55      0.3817       1.385       2.775      0.1340     -0.2635E-12  0.7621      0.1882E-01  0.2748       0.000      0.3652E-02   0.000     -0.3484E-02  0.2627       0.000    
    17   12.55      0.4314       1.385       2.775      0.1418      0.2489E-12  0.7629      0.1881E-01  0.2751       0.000      0.3603E-02   0.000     -0.3372E-02  0.2623       0.000    
    18   12.55      0.4839       1.385       2.775      0.1496     -0.2360E-12  0.7639      0.1880E-01  0.2755       0.000      0.3545E-02   0.000     -0.3241E-02  0.2618       0.000    
    19   12.55      0.5392       1.385       2.775      0.1572     -0.2246E-12  0.7650      0.1878E-01  0.2759       0.000      0.3476E-02   0.000     -0.3088E-02  0.2612       0.000    
    20   12.55      0.5972       1.385       2.775      0.1646      0.2145E-12  0.7663      0.1875E-01  0.2763       0.000      0.3395E-02   0.000     -0.2912E-02  0.2605       0.000    
    21   12.55      0.6578       1.385       2.775      0.1719       0.000      0.7677      0.1872E-01  0.2769       0.000      0.3300E-02   0.000     -0.2711E-02  0.2598       0.000    
    22   12.55      0.7211       1.385       2.775      0.1790       0.000      0.7694      0.1867E-01  0.2775       0.000      0.3192E-02   0.000     -0.2485E-02  0.2590       0.000    
    23   12.55      0.7868       1.385       2.775      0.1859       0.000      0.7712      0.1860E-01  0.2781       0.000      0.3067E-02   0.000     -0.2233E-02  0.2580       0.000    
    24   12.55      0.8550       1.385       2.775      0.1927       0.000      0.7731      0.1851E-01  0.2788       0.000      0.2924E-02   0.000     -0.1954E-02  0.2570       0.000    
    25   12.55      0.9257       1.385       2.775      0.1992       0.000      0.7753      0.1839E-01  0.2796       0.000      0.2761E-02   0.000     -0.1648E-02  0.2559       0.000    
    26   12.55      0.9986       1.385       2.775      0.2056       0.000      0.7776      0.1823E-01  0.2805       0.000      0.2577E-02   0.000     -0.1316E-02  0.2547       0.000    
    27   12.55       1.074       1.385       2.775      0.2117       0.000      0.7801      0.1803E-01  0.2814       0.000      0.2367E-02   0.000     -0.9582E-03  0.2534       0.000    
    28   12.55       1.151       1.385       2.775      0.2177       0.000      0.7827      0.1776E-01  0.2823       0.000      0.2127E-02   0.000     -0.5743E-03  0.2520       0.000    
    29   12.55       1.231       1.385       2.775      0.2234       0.000      0.7854      0.1740E-01  0.2833       0.000      0.1852E-02   0.000     -0.1651E-03  0.2506       0.000    
    30   12.55       1.312       1.385       2.775      0.2289       0.000      0.7882      0.1692E-01  0.2843       0.000      0.1531E-02   0.000      0.2693E-03  0.2491       0.000    
    31   12.55       1.396       1.385       2.775      0.2342       0.000      0.7910      0.1626E-01  0.2854       0.000      0.1147E-02   0.000      0.7297E-03  0.2474       0.000    
    32   12.55       1.481       1.385       2.775      0.2393       0.000      0.7938      0.1533E-01  0.2864       0.000      0.6707E-03   0.000      0.1218E-02  0.2457       0.000    
    33   12.55       1.568       1.385       2.775      0.2441       0.000      0.7966      0.1395E-01  0.2874       0.000      0.5055E-04   0.000      0.1736E-02  0.2440       0.000    
    34   12.55       1.653       1.385       2.774      0.2250       0.000      0.7992      0.1179E-01  0.2885       0.000     -0.8280E-03   0.000      0.2281E-02  0.2421       0.000    
    35   12.56       1.735       1.385       2.773      0.2288       0.000      0.8016      0.8110E-02  0.2896       0.000     -0.2198E-02   0.000      0.2858E-02  0.2401       0.000    
    36   12.56       1.818       1.385       2.771      0.2324       0.000      0.8039      0.9419E-04  0.2908       0.000     -0.4817E-02   0.000      0.3512E-02  0.2379       0.000    
    37   12.56       1.902       1.385       2.769      0.2357       0.000      0.8061     -0.3591E-01  0.2922       0.000     -0.1457E-01   0.000      0.4324E-02  0.2352       0.000    
    38   12.56       1.993       1.385       2.768      0.2691       0.000      0.6023      0.4753E-01  0.4007      0.1834      0.3290E-01   0.000      0.3225E-01  0.1695       2.104    
    39   12.56       2.091       1.385       2.766      0.2723       0.000      0.5647      0.4567E-01  0.4017      0.1977      0.2774E-01   0.000      0.3313E-01  0.1675       2.105    
    40   12.56       2.190       1.385       2.764      0.2752       0.000      0.5449      0.4452E-01  0.4018      0.2050      0.2643E-01   0.000      0.3370E-01  0.1661       2.107    
    41   12.56       2.290       1.385       2.762      0.2778       0.000      0.5324      0.4374E-01  0.4012      0.2087      0.2581E-01   0.000      0.3396E-01  0.1654       2.108    
    42   12.56       2.391       1.385       2.760      0.2802       0.000      0.5243      0.4328E-01  0.3998      0.2101      0.2543E-01   0.000      0.3391E-01  0.1652       2.110    
    43   12.56       2.493       1.385       2.758      0.2822      0.1243E-12  0.5192      0.4322E-01  0.3981      0.2101      0.2519E-01   0.000      0.3369E-01  0.1654       2.112    
    44   12.56       2.596       1.385       2.756      0.2840     -0.1234E-12  0.5166      0.4703E-01  0.3973      0.2101      0.2509E-01   0.000      0.3360E-01  0.1654       2.113    
    45   12.56       2.699       1.385       2.754      0.2855       0.000      0.5165      0.3320E-01  0.3985      0.2112      0.2516E-01   0.000      0.3387E-01  0.1650       2.115    
    46   12.56       2.803       1.385       2.752      0.2867       0.000      0.5186      0.4239E-01  0.4006      0.2123      0.2534E-01   0.000      0.3427E-01  0.1645       2.116    
    47   12.56       2.908       1.385       2.750      0.2876       0.000      0.5234      0.4303E-01  0.4030      0.2130      0.2563E-01   0.000      0.3466E-01  0.1640       2.118    
    48   12.56       3.013       1.385       2.748      0.2883       0.000      0.5312      0.4346E-01  0.4054      0.2123      0.2606E-01   0.000      0.3489E-01  0.1639       2.119    
    49   12.56       3.118       1.385       2.745      0.2886       0.000      0.5436      0.4419E-01  0.4070      0.2092      0.2673E-01   0.000      0.3482E-01  0.1644       2.121    
    50   12.56       3.223       1.385       2.743      0.2887       0.000      0.5637      0.4533E-01  0.4077      0.2025      0.2806E-01   0.000      0.3440E-01  0.1656       2.123    
    51   12.56       3.328       1.385       2.741      0.2885       0.000      0.6023      0.4724E-01  0.4076      0.1882      0.3301E-01   0.000      0.3363E-01  0.1675       2.124    
    52   12.56       3.430       1.385       2.739      0.2710       0.000      0.8150     -0.3210E-01  0.2987       0.000     -0.1400E-01   0.000      0.5413E-02  0.2319       0.000    
    53   12.56       3.529       1.385       2.737      0.2703       0.000      0.8135      0.9653E-03  0.2978       0.000     -0.4957E-02   0.000      0.4654E-02  0.2344       0.000    
    54   12.56       3.628       1.385       2.735      0.2693     -0.1292E-12  0.8119      0.8199E-02  0.2973       0.000     -0.2514E-02   0.000      0.4095E-02  0.2362       0.000    
    55   12.56       3.726       1.385       2.734      0.2680      0.1297E-12  0.8102      0.1141E-01  0.2969       0.000     -0.1311E-02   0.000      0.3646E-02  0.2377       0.000    
    56   12.57       3.824       1.385       2.732      0.2665       0.000      0.8084      0.1321E-01  0.2964       0.000     -0.5877E-03   0.000      0.3270E-02  0.2390       0.000    
    57   12.57       3.921       1.385       2.730      0.2648       0.000      0.8066      0.1434E-01  0.2959       0.000     -0.9310E-04   0.000      0.2949E-02  0.2400       0.000    
    58   12.57       4.018       1.385       2.728      0.2627       0.000      0.8046      0.1512E-01  0.2954       0.000      0.2825E-03   0.000      0.2669E-02  0.2410       0.000    
    59   12.57       4.114       1.385       2.726      0.2604       0.000      0.8025      0.1573E-01  0.2948       0.000      0.6212E-03   0.000      0.2421E-02  0.2418       0.000    
    60   12.57       4.211       1.385       2.719      0.2696       0.000      0.8003      0.1596E-01  0.2947       0.000      0.7956E-03   0.000      0.2218E-02  0.2425       0.000    
    61   12.57       4.310       1.385       2.707      0.2657       0.000      0.7978      0.1588E-01  0.2951       0.000      0.8427E-03   0.000      0.2045E-02  0.2431       0.000    
    62   12.57       4.407       1.385       2.695      0.2616      0.1311E-12  0.7952      0.1579E-01  0.2954       0.000      0.9083E-03   0.000      0.1889E-02  0.2436       0.000    
    63   12.58       4.504       1.385       2.683      0.2572     -0.1327E-12  0.7926      0.1567E-01  0.2958       0.000      0.9682E-03   0.000      0.1749E-02  0.2441       0.000    
    64   12.58       4.599       1.385       2.671      0.2526     -0.1345E-12  0.7899      0.1554E-01  0.2961       0.000      0.1020E-02   0.000      0.1625E-02  0.2445       0.000    
    65   12.58       4.693       1.385       2.660      0.2478       0.000      0.7872      0.1538E-01  0.2963       0.000      0.1064E-02   0.000      0.1514E-02  0.2449       0.000    
    66   12.59       4.785       1.385       2.648      0.2428      0.1387E-12  0.7845      0.1522E-01  0.2966       0.000      0.1101E-02   0.000      0.1416E-02  0.2452       0.000    
    67   12.59       4.876       1.385       2.637      0.2377       0.000      0.7819      0.1504E-01  0.2968       0.000      0.1133E-02   0.000      0.1327E-02  0.2455       0.000    
    68   12.59       4.966       1.385       2.626      0.2323      0.1438E-12  0.7792      0.1486E-01  0.2971       0.000      0.1159E-02   0.000      0.1249E-02  0.2458       0.000    
    69   12.59       5.053       1.385       2.615      0.2268     -0.2934E-12  0.7766      0.1468E-01  0.2973       0.000      0.1181E-02   0.000      0.1179E-02  0.2460       0.000    
    70   12.60       5.139       1.385       2.605      0.2211      0.1499E-12  0.7739      0.1450E-01  0.2975       0.000      0.1200E-02   0.000      0.1116E-02  0.2462       0.000    
    71   12.60       5.223       1.385       2.594      0.2153       0.000      0.7714      0.1432E-01  0.2977       0.000      0.1217E-02   0.000      0.1060E-02  0.2464       0.000    
    72   12.60       5.305       1.385       2.584      0.2093       0.000      0.7688      0.1414E-01  0.2978       0.000      0.1230E-02   0.000      0.1010E-02  0.2466       0.000    
    73   12.60       5.385       1.385       2.575      0.2031       0.000      0.7663      0.1396E-01  0.2980       0.000      0.1242E-02   0.000      0.9650E-03  0.2468       0.000    
    74   12.61       5.463       1.385       2.565      0.1968       0.000      0.7639      0.1379E-01  0.2981       0.000      0.1252E-02   0.000      0.9249E-03  0.2469       0.000    
    75   12.61       5.538       1.385       2.556      0.1904       0.000      0.7615      0.1363E-01  0.2983       0.000      0.1260E-02   0.000      0.8891E-03  0.2470       0.000    
    76   12.61       5.612       1.385       2.547      0.1839       0.000      0.7591      0.1347E-01  0.2984       0.000      0.1267E-02   0.000      0.8569E-03  0.2471       0.000    
    77   12.61       5.683       1.385       2.538      0.1772       0.000      0.7568      0.1331E-01  0.2986       0.000      0.1273E-02   0.000      0.8282E-03  0.2472       0.000    
    78   12.62       5.751       1.385       2.529      0.1705       0.000      0.7546      0.1317E-01  0.2987       0.000      0.1278E-02   0.000      0.8025E-03  0.2473       0.000    
    79   12.62       5.817       1.385       2.521      0.1636       0.000      0.7525      0.1303E-01  0.2988       0.000      0.1282E-02   0.000      0.7795E-03  0.2474       0.000    
    80   12.62       5.881       1.385       2.514      0.1566       0.000      0.7504      0.1289E-01  0.2989       0.000      0.1285E-02   0.000      0.7590E-03  0.2475       0.000    
    81   12.62       5.942       1.385       2.506      0.1495       0.000      0.7485      0.1277E-01  0.2990       0.000      0.1288E-02   0.000      0.7406E-03  0.2475       0.000    
    82   12.62       6.000       1.385       2.499      0.1424       0.000      0.7465      0.1265E-01  0.2991       0.000      0.1290E-02   0.000      0.7243E-03  0.2476       0.000    
    83   12.63       6.056       1.385       2.492      0.1351     -0.2347E-12  0.7447      0.1253E-01  0.2992       0.000      0.1292E-02   0.000      0.7097E-03  0.2476       0.000    
    84   12.63       6.109       1.385       2.486      0.1278      0.2475E-12  0.7430      0.1243E-01  0.2993       0.000      0.1293E-02   0.000      0.6968E-03  0.2477       0.000    
    85   12.63       6.159       1.385       2.479      0.1204       0.000      0.7413      0.1233E-01  0.2993       0.000      0.1294E-02   0.000      0.6854E-03  0.2477       0.000    
    86   12.63       6.206       1.385       2.474      0.1129     -0.2787E-12  0.7398      0.1224E-01  0.2994       0.000      0.1295E-02   0.000      0.6752E-03  0.2477       0.000    
    87   12.63       6.250       1.385       2.468      0.1054       0.000      0.7383      0.1215E-01  0.2995       0.000      0.1296E-02   0.000      0.6663E-03  0.2478       0.000    
    88   12.63       6.291       1.385       2.463      0.9780E-01  0.3204E-12  0.7370      0.1207E-01  0.2995       0.000      0.1296E-02   0.000      0.6584E-03  0.2478       0.000    
    89   12.63       6.329       1.385       2.458      0.9016E-01   0.000      0.7357      0.1200E-01  0.2996       0.000      0.1296E-02   0.000      0.6516E-03  0.2478       0.000    
    90   12.63       6.365       1.385       2.454      0.8248E-01   0.000      0.7345      0.1193E-01  0.2997       0.000      0.1296E-02   0.000      0.6456E-03  0.2478       0.000    
    91   12.64       6.397       1.385       2.450      0.7475E-01   0.000      0.7335      0.1187E-01  0.2997       0.000      0.1296E-02   0.000      0.6404E-03  0.2479       0.000    
    92   12.64       6.426       1.385       2.447      0.6699E-01 -0.4647E-12  0.7325      0.1182E-01  0.2997       0.000      0.1296E-02   0.000      0.6360E-03  0.2479       0.000    
    93   12.64       6.451       1.385       2.443      0.5918E-01  0.5252E-12  0.7316      0.1177E-01  0.2998       0.000      0.1295E-02   0.000      0.6322E-03  0.2479       0.000    
    94   12.64       6.474       1.385       2.441      0.5135E-01   0.000      0.7309      0.1173E-01  0.2998       0.000      0.1295E-02   0.000      0.6290E-03  0.2479       0.000    
    95   12.64       6.494       1.385       2.438      0.4350E-01   0.000      0.7302      0.1170E-01  0.2998       0.000      0.1295E-02   0.000      0.6264E-03  0.2479       0.000    
    96   12.64       6.510       1.385       2.436      0.3562E-01   0.000      0.7297      0.1167E-01  0.2999       0.000      0.1294E-02   0.000      0.6242E-03  0.2479       0.000    
    97   12.64       6.523       1.385       2.435      0.2772E-01   0.000      0.7293      0.1164E-01  0.2999       0.000      0.1294E-02   0.000      0.6226E-03  0.2479       0.000    
    98   12.64       6.533       1.385       2.433      0.1981E-01   0.000      0.7289      0.1162E-01  0.2999       0.000      0.1293E-02   0.000      0.6214E-03  0.2479       0.000    
    99   12.64       6.539       1.385       2.433      0.1189E-01   0.000      0.7287      0.1161E-01  0.2999       0.000      0.1293E-02   0.000      0.6206E-03  0.2479       0.000    
   100   12.64       6.542       1.385       2.432      0.3964E-02   0.000      0.7286      0.1161E-01  0.2999       0.000      0.1291E-02   0.000      0.6202E-03  0.2479       0.000    

 Surface forces referred to Sref,Cref,Bref about Xmom,Ymom,Zmom
 Standard axis orientation,  X fwd, Z down         

  Surface # 2     main_wing_1 (YDUP)                      
     # chordwise = 10   # spanwise =100     First strip =101
     Surface area =  17.624           ave. chord =  2.6938    
     CLsurf  =   0.086357     Clsurf  =   0.009966
     CYsurf  =   0.000119     Cmsurf  =  -0.052170
     CDsurf  =   0.001772     Cnsurf  =   0.000338
     CDisurf =   0.000749     CDvsurf =   0.000000

  Forces referred to Ssurf, Cave about hinge axis thru LE
     cl_surf =   0.315423     cd_surf =   0.006473

 Strip Forces referred to strip area, chord
    j    xLE         yLE         zLE         Chord       Area        Dihedral   c cl        ai_ff       cl           clj         cd          cdv         cm_c/4     c.p.x/c      Dcj
   101   12.55     -0.4051E-03   1.385       2.775      0.4497E-02  0.7851E-11  0.7590      0.4130E-01  0.2737       0.000      0.3828E-02   0.000     -0.3891E-02  0.2642       0.000    
   102   12.55     -0.3646E-02   1.385       2.775      0.1349E-01 -0.2618E-11  0.7590      0.2133E-01  0.2737       0.000      0.3828E-02   0.000     -0.3891E-02  0.2642       0.000    
   103   12.55     -0.1012E-01   1.385       2.775      0.2246E-01   0.000      0.7590      0.1974E-01  0.2737       0.000      0.3828E-02   0.000     -0.3891E-02  0.2642       0.000    
   104   12.55     -0.1983E-01   1.385       2.775      0.3142E-01   0.000      0.7590      0.1930E-01  0.2737       0.000      0.3828E-02   0.000     -0.3890E-02  0.2642       0.000    
   105   12.55     -0.3276E-01   1.385       2.775      0.4034E-01   0.000      0.7591      0.1912E-01  0.2737       0.000      0.3827E-02   0.000     -0.3888E-02  0.2642       0.000    
   106   12.55     -0.4890E-01   1.385       2.775      0.4922E-01 -0.7173E-12  0.7591      0.1903E-01  0.2737       0.000      0.3825E-02   0.000     -0.3884E-02  0.2642       0.000    
   107   12.55     -0.6823E-01   1.385       2.775      0.5805E-01  0.1216E-11  0.7591      0.1897E-01  0.2737       0.000      0.3823E-02   0.000     -0.3877E-02  0.2642       0.000    
   108   12.55     -0.9074E-01   1.385       2.775      0.6683E-01 -0.1057E-11  0.7592      0.1893E-01  0.2738       0.000      0.3819E-02   0.000     -0.3867E-02  0.2641       0.000    
   109   12.55     -0.1164       1.385       2.775      0.7554E-01  0.4673E-12  0.7593      0.1890E-01  0.2738       0.000      0.3813E-02   0.000     -0.3852E-02  0.2641       0.000    
   110   12.55     -0.1452       1.385       2.775      0.8418E-01   0.000      0.7594      0.1888E-01  0.2738       0.000      0.3804E-02   0.000     -0.3830E-02  0.2640       0.000    
   111   12.55     -0.1771       1.385       2.775      0.9273E-01  0.3807E-12  0.7596      0.1886E-01  0.2739       0.000      0.3792E-02   0.000     -0.3801E-02  0.2639       0.000    
   112   12.55     -0.2120       1.385       2.775      0.1012     -0.3489E-12  0.7599      0.1885E-01  0.2740       0.000      0.3775E-02   0.000     -0.3762E-02  0.2637       0.000    
   113   12.55     -0.2500       1.385       2.775      0.1096       0.000      0.7603      0.1885E-01  0.2742       0.000      0.3754E-02   0.000     -0.3713E-02  0.2635       0.000    
   114   12.55     -0.2910       1.385       2.775      0.1178      0.2997E-12  0.7607      0.1884E-01  0.2743       0.000      0.3727E-02   0.000     -0.3650E-02  0.2633       0.000    
   115   12.55     -0.3349       1.385       2.775      0.1259     -0.5606E-12  0.7613      0.1884E-01  0.2745       0.000      0.3694E-02   0.000     -0.3573E-02  0.2630       0.000    
   116   12.55     -0.3817       1.385       2.775      0.1340      0.2635E-12  0.7619      0.1883E-01  0.2748       0.000      0.3653E-02   0.000     -0.3479E-02  0.2627       0.000    
   117   12.55     -0.4314       1.385       2.775      0.1418     -0.2489E-12  0.7627      0.1882E-01  0.2751       0.000      0.3604E-02   0.000     -0.3367E-02  0.2622       0.000    
   118   12.55     -0.4839       1.385       2.775      0.1496      0.2360E-12  0.7637      0.1881E-01  0.2754       0.000      0.3545E-02   0.000     -0.3235E-02  0.2617       0.000    
   119   12.55     -0.5392       1.385       2.775      0.1572      0.2246E-12  0.7648      0.1879E-01  0.2758       0.000      0.3476E-02   0.000     -0.3081E-02  0.2612       0.000    
   120   12.55     -0.5972       1.385       2.775      0.1646     -0.2145E-12  0.7661      0.1876E-01  0.2763       0.000      0.3394E-02   0.000     -0.2904E-02  0.2605       0.000    
   121   12.55     -0.6578       1.385       2.775      0.1719       0.000      0.7675      0.1873E-01  0.2768       0.000      0.3300E-02   0.000     -0.2703E-02  0.2598       0.000    
   122   12.55     -0.7211       1.385       2.775      0.1790       0.000      0.7691      0.1868E-01  0.2774       0.000      0.3190E-02   0.000     -0.2476E-02  0.2589       0.000    
   123   12.55     -0.7868       1.385       2.775      0.1859       0.000      0.7709      0.1861E-01  0.2780       0.000      0.3065E-02   0.000     -0.2223E-02  0.2580       0.000    
   124   12.55     -0.8550       1.385       2.775      0.1927       0.000      0.7728      0.1852E-01  0.2787       0.000      0.2922E-02   0.000     -0.1944E-02  0.2570       0.000    
   125   12.55     -0.9257       1.385       2.775      0.1992       0.000      0.7750      0.1840E-01  0.2795       0.000      0.2759E-02   0.000     -0.1638E-02  0.2559       0.000    
   126   12.55     -0.9986       1.385       2.775      0.2056       0.000      0.7773      0.1824E-01  0.2803       0.000      0.2574E-02   0.000     -0.1306E-02  0.2547       0.000    
   127   12.55      -1.074       1.385       2.775      0.2117       0.000      0.7797      0.1804E-01  0.2812       0.000      0.2364E-02   0.000     -0.9475E-03  0.2534       0.000    
   128   12.55      -1.151       1.385       2.775      0.2177       0.000      0.7822      0.1777E-01  0.2822       0.000      0.2125E-02   0.000     -0.5640E-03  0.2520       0.000    
   129   12.55      -1.231       1.385       2.775      0.2234       0.000      0.7849      0.1741E-01  0.2831       0.000      0.1850E-02   0.000     -0.1556E-03  0.2505       0.000    
   130   12.55      -1.312       1.385       2.775      0.2289       0.000      0.7876      0.1694E-01  0.2841       0.000      0.1530E-02   0.000      0.2775E-03  0.2490       0.000    
   131   12.55      -1.396       1.385       2.775      0.2342       0.000      0.7904      0.1628E-01  0.2851       0.000      0.1147E-02   0.000      0.7356E-03  0.2474       0.000    
   132   12.55      -1.481       1.385       2.775      0.2393       0.000      0.7931      0.1535E-01  0.2862       0.000      0.6738E-03   0.000      0.1220E-02  0.2457       0.000    
   133   12.55      -1.568       1.385       2.775      0.2441       0.000      0.7958      0.1397E-01  0.2872       0.000      0.5835E-04   0.000      0.1733E-02  0.2440       0.000    
   134   12.55      -1.653       1.385       2.774      0.2250       0.000      0.7982      0.1181E-01  0.2882       0.000     -0.8121E-03   0.000      0.2271E-02  0.2421       0.000    
   135   12.56      -1.735       1.385       2.773      0.2288       0.000      0.8004      0.8133E-02  0.2892       0.000     -0.2167E-02   0.000      0.2836E-02  0.2402       0.000    
   136   12.56      -1.818       1.385       2.771      0.2324       0.000      0.8025      0.1212E-03  0.2903       0.000     -0.4757E-02   0.000      0.3475E-02  0.2380       0.000    
   137   12.56      -1.902       1.385       2.769      0.2357       0.000      0.8044     -0.3587E-01  0.2916       0.000     -0.1441E-01   0.000      0.4263E-02  0.2354       0.000    
   138   12.56      -1.993       1.385       2.768      0.2691       0.000      0.6011      0.4753E-01  0.3999      0.1830      0.3279E-01   0.000      0.3215E-01  0.1696       2.104    
   139   12.56      -2.091       1.385       2.766      0.2723       0.000      0.5636      0.4567E-01  0.4007      0.1971      0.2765E-01   0.000      0.3297E-01  0.1677       2.105    
   140   12.56      -2.190       1.385       2.764      0.2752       0.000      0.5437      0.4451E-01  0.4005      0.2040      0.2632E-01   0.000      0.3346E-01  0.1665       2.107    
   141   12.56      -2.290       1.385       2.762      0.2778       0.000      0.5311      0.4373E-01  0.3993      0.2072      0.2567E-01   0.000      0.3358E-01  0.1659       2.108    
   142   12.56      -2.391       1.385       2.760      0.2802       0.000      0.5228      0.4329E-01  0.3971      0.2079      0.2525E-01   0.000      0.3335E-01  0.1660       2.110    
   143   12.56      -2.493       1.385       2.758      0.2822     -0.1243E-12  0.5176      0.4334E-01  0.3948      0.2073      0.2498E-01   0.000      0.3297E-01  0.1665       2.112    
   144   12.56      -2.596       1.385       2.756      0.2840      0.1234E-12  0.5150      0.4862E-01  0.3937      0.2071      0.2486E-01   0.000      0.3281E-01  0.1667       2.113    
   145   12.56      -2.699       1.385       2.754      0.2855       0.000      0.5149      0.2946E-01  0.3951      0.2084      0.2494E-01   0.000      0.3315E-01  0.1661       2.115    
   146   12.56      -2.803       1.385       2.752      0.2867       0.000      0.5172      0.4224E-01  0.3977      0.2100      0.2515E-01   0.000      0.3366E-01  0.1654       2.116    
   147   12.56      -2.908       1.385       2.750      0.2876       0.000      0.5221      0.4302E-01  0.4008      0.2111      0.2548E-01   0.000      0.3419E-01  0.1647       2.118    
   148   12.56      -3.013       1.385       2.748      0.2883       0.000      0.5301      0.4344E-01  0.4038      0.2111      0.2595E-01   0.000      0.3459E-01  0.1643       2.119    
   149   12.56      -3.118       1.385       2.745      0.2886       0.000      0.5426      0.4418E-01  0.4059      0.2085      0.2665E-01   0.000      0.3464E-01  0.1647       2.121    
   150   12.56      -3.223       1.385       2.743      0.2887       0.000      0.5628      0.4533E-01  0.4070      0.2021      0.2800E-01   0.000      0.3430E-01  0.1657       2.123    
   151   12.56      -3.328       1.385       2.741      0.2885       0.000      0.6015      0.4724E-01  0.4071      0.1880      0.3295E-01   0.000      0.3358E-01  0.1675       2.124    
   152   12.56      -3.430       1.385       2.739      0.2710       0.000      0.8141     -0.3206E-01  0.2983       0.000     -0.1393E-01   0.000      0.5395E-02  0.2319       0.000    
   153   12.56      -3.529       1.385       2.737      0.2703       0.000      0.8128      0.9895E-03  0.2976       0.000     -0.4943E-02   0.000      0.4652E-02  0.2344       0.000    
   154   12.56      -3.628       1.385       2.735      0.2693      0.1292E-12  0.8114      0.8219E-02  0.2972       0.000     -0.2516E-02   0.000      0.4103E-02  0.2362       0.000    
   155   12.56      -3.726       1.385       2.734      0.2680     -0.1297E-12  0.8099      0.1143E-01  0.2967       0.000     -0.1320E-02   0.000      0.3660E-02  0.2377       0.000    
   156   12.57      -3.824       1.385       2.732      0.2665       0.000      0.8082      0.1322E-01  0.2963       0.000     -0.5985E-03   0.000      0.3287E-02  0.2389       0.000    
   157   12.57      -3.921       1.385       2.730      0.2648       0.000      0.8064      0.1435E-01  0.2958       0.000     -0.1048E-03   0.000      0.2967E-02  0.2400       0.000    
   158   12.57      -4.018       1.385       2.728      0.2627       0.000      0.8045      0.1513E-01  0.2953       0.000      0.2707E-03   0.000      0.2688E-02  0.2409       0.000    
   159   12.57      -4.114       1.385       2.726      0.2604       0.000      0.8025      0.1574E-01  0.2948       0.000      0.6099E-03   0.000      0.2440E-02  0.2417       0.000    
   160   12.57      -4.211       1.385       2.719      0.2696       0.000      0.8002      0.1597E-01  0.2947       0.000      0.7849E-03   0.000      0.2236E-02  0.2424       0.000    
   161   12.57      -4.310       1.385       2.707      0.2657       0.000      0.7978      0.1589E-01  0.2951       0.000      0.8325E-03   0.000      0.2063E-02  0.2430       0.000    
   162   12.57      -4.407       1.385       2.695      0.2616     -0.1311E-12  0.7952      0.1580E-01  0.2954       0.000      0.8987E-03   0.000      0.1906E-02  0.2435       0.000    
   163   12.58      -4.504       1.385       2.683      0.2572      0.1327E-12  0.7926      0.1568E-01  0.2958       0.000      0.9592E-03   0.000      0.1765E-02  0.2440       0.000    
   164   12.58      -4.599       1.385       2.671      0.2526      0.1345E-12  0.7899      0.1555E-01  0.2961       0.000      0.1012E-02   0.000      0.1640E-02  0.2445       0.000    
   165   12.58      -4.693       1.385       2.660      0.2478       0.000      0.7873      0.1539E-01  0.2964       0.000      0.1056E-02   0.000      0.1528E-02  0.2448       0.000    
   166   12.59      -4.785       1.385       2.648      0.2428     -0.1387E-12  0.7846      0.1522E-01  0.2966       0.000      0.1094E-02   0.000      0.1428E-02  0.2452       0.000    
   167   12.59      -4.876       1.385       2.637      0.2377       0.000      0.7819      0.1505E-01  0.2969       0.000      0.1126E-02   0.000      0.1339E-02  0.2455       0.000    
   168   12.59      -4.966       1.385       2.626      0.2323     -0.1438E-12  0.7793      0.1487E-01  0.2971       0.000      0.1153E-02   0.000      0.1260E-02  0.2458       0.000    
   169   12.59      -5.053       1.385       2.615      0.2268      0.2934E-12  0.7766      0.1469E-01  0.2973       0.000      0.1176E-02   0.000      0.1189E-02  0.2460       0.000    
   170   12.60      -5.139       1.385       2.605      0.2211     -0.1499E-12  0.7740      0.1450E-01  0.2975       0.000      0.1195E-02   0.000      0.1125E-02  0.2462       0.000    
   171   12.60      -5.223       1.385       2.594      0.2153       0.000      0.7714      0.1432E-01  0.2977       0.000      0.1211E-02   0.000      0.1069E-02  0.2464       0.000    
   172   12.60      -5.305       1.385       2.584      0.2093       0.000      0.7689      0.1414E-01  0.2979       0.000      0.1225E-02   0.000      0.1018E-02  0.2466       0.000    
   173   12.60      -5.385       1.385       2.575      0.2031       0.000      0.7664      0.1397E-01  0.2980       0.000      0.1237E-02   0.000      0.9725E-03  0.2467       0.000    
   174   12.61      -5.463       1.385       2.565      0.1968       0.000      0.7640      0.1380E-01  0.2982       0.000      0.1247E-02   0.000      0.9319E-03  0.2469       0.000    
   175   12.61      -5.538       1.385       2.556      0.1904       0.000      0.7616      0.1363E-01  0.2983       0.000      0.1256E-02   0.000      0.8955E-03  0.2470       0.000    
   176   12.61      -5.612       1.385       2.547      0.1839       0.000      0.7592      0.1347E-01  0.2985       0.000      0.1263E-02   0.000      0.8629E-03  0.2471       0.000    
   177   12.61      -5.683       1.385       2.538      0.1772       0.000      0.7569      0.1332E-01  0.2986       0.000      0.1269E-02   0.000      0.8337E-03  0.2472       0.000    
   178   12.62      -5.751       1.385       2.529      0.1705       0.000      0.7547      0.1317E-01  0.2987       0.000      0.1274E-02   0.000      0.8076E-03  0.2473       0.000    
   179   12.62      -5.817       1.385       2.521      0.1636       0.000      0.7526      0.1303E-01  0.2988       0.000      0.1278E-02   0.000      0.7843E-03  0.2474       0.000    
   180   12.62      -5.881       1.385       2.514      0.1566       0.000      0.7505      0.1290E-01  0.2989       0.000      0.1282E-02   0.000      0.7634E-03  0.2474       0.000    
   181   12.62      -5.942       1.385       2.506      0.1495       0.000      0.7485      0.1277E-01  0.2990       0.000      0.1285E-02   0.000      0.7448E-03  0.2475       0.000    
   182   12.62      -6.000       1.385       2.499      0.1424       0.000      0.7466      0.1265E-01  0.2991       0.000      0.1287E-02   0.000      0.7282E-03  0.2476       0.000    
   183   12.63      -6.056       1.385       2.492      0.1351      0.2347E-12  0.7448      0.1254E-01  0.2992       0.000      0.1289E-02   0.000      0.7134E-03  0.2476       0.000    
   184   12.63      -6.109       1.385       2.486      0.1278     -0.2475E-12  0.7431      0.1243E-01  0.2993       0.000      0.1290E-02   0.000      0.7003E-03  0.2477       0.000    
   185   12.63      -6.159       1.385       2.479      0.1204       0.000      0.7414      0.1233E-01  0.2994       0.000      0.1291E-02   0.000      0.6887E-03  0.2477       0.000    
   186   12.63      -6.206       1.385       2.474      0.1129      0.2787E-12  0.7399      0.1224E-01  0.2995       0.000      0.1292E-02   0.000      0.6784E-03  0.2477       0.000    
   187   12.63      -6.250       1.385       2.468      0.1054       0.000      0.7384      0.1215E-01  0.2995       0.000      0.1293E-02   0.000      0.6693E-03  0.2478       0.000    
   188   12.63      -6.291       1.385       2.463      0.9780E-01 -0.3204E-12  0.7371      0.1207E-01  0.2996       0.000      0.1293E-02   0.000      0.6613E-03  0.2478       0.000    
   189   12.63      -6.329       1.385       2.458      0.9016E-01   0.000      0.7358      0.1200E-01  0.2996       0.000      0.1293E-02   0.000      0.6543E-03  0.2478       0.000    
   190   12.63      -6.365       1.385       2.454      0.8248E-01   0.000      0.7346      0.1193E-01  0.2997       0.000      0.1294E-02   0.000      0.6482E-03  0.2478       0.000    
   191   12.64      -6.397       1.385       2.450      0.7475E-01   0.000      0.7336      0.1187E-01  0.2997       0.000      0.1293E-02   0.000      0.6429E-03  0.2479       0.000    
   192   12.64      -6.426       1.385       2.447      0.6699E-01  0.4647E-12  0.7326      0.1182E-01  0.2998       0.000      0.1293E-02   0.000      0.6384E-03  0.2479       0.000    
   193   12.64      -6.451       1.385       2.443      0.5918E-01 -0.5252E-12  0.7317      0.1177E-01  0.2998       0.000      0.1293E-02   0.000      0.6346E-03  0.2479       0.000    
   194   12.64      -6.474       1.385       2.441      0.5135E-01   0.000      0.7310      0.1173E-01  0.2998       0.000      0.1293E-02   0.000      0.6313E-03  0.2479       0.000    
   195   12.64      -6.494       1.385       2.438      0.4350E-01   0.000      0.7303      0.1170E-01  0.2999       0.000      0.1292E-02   0.000      0.6286E-03  0.2479       0.000    
   196   12.64      -6.510       1.385       2.436      0.3562E-01   0.000      0.7298      0.1167E-01  0.2999       0.000      0.1292E-02   0.000      0.6265E-03  0.2479       0.000    
   197   12.64      -6.523       1.385       2.435      0.2772E-01   0.000      0.7294      0.1164E-01  0.2999       0.000      0.1292E-02   0.000      0.6248E-03  0.2479       0.000    
   198   12.64      -6.533       1.385       2.433      0.1981E-01   0.000      0.7290      0.1162E-01  0.2999       0.000      0.1291E-02   0.000      0.6235E-03  0.2479       0.000    
   199   12.64      -6.539       1.385       2.433      0.1189E-01   0.000      0.7288      0.1161E-01  0.2999       0.000      0.1290E-02   0.000      0.6227E-03  0.2479       0.000    
   200   12.64      -6.542       1.385       2.432      0.3964E-02   0.000      0.7287      0.1161E-01  0.2999       0.000      0.1289E-02   0.000      0.6223E-03  0.2479       0.000    

 Surface forces referred to Sref,Cref,Bref about Xmom,Ymom,Zmom
 Standard axis orientation,  X fwd, Z down         

  Surface # 3     main_wing_2                             
     # chordwise = 10   # spanwise =100     First strip =201
     Surface area =  14.562           ave. chord =  1.9802    
     CLsurf  =   0.069471     Clsurf  =  -0.024362
     CYsurf  =  -0.000221     Cmsurf  =  -0.041939
     CDsurf  =   0.001423     Cnsurf  =  -0.000715
     CDisurf =   0.000520     CDvsurf =   0.000000

  Forces referred to Ssurf, Cave about hinge axis thru LE
     cl_surf =   0.307102     cd_surf =   0.006293

 Strip Forces referred to strip area, chord
    j    xLE         yLE         zLE         Chord       Area        Dihedral   c cl        ai_ff       cl           clj         cd          cdv         cm_c/4     c.p.x/c      Dcj
   201   12.64       6.543       1.385       2.432      0.4339E-02   0.000      0.7286      0.1161E-01  0.2999       0.000      0.1291E-02   0.000      0.6201E-03  0.2479       0.000    
   202   12.64       6.547       1.385       2.432      0.1301E-01   0.000      0.7285      0.1160E-01  0.2999       0.000      0.1293E-02   0.000      0.6197E-03  0.2479       0.000    
   203   12.64       6.554       1.385       2.431      0.2166E-01   0.000      0.7282      0.1159E-01  0.2999       0.000      0.1293E-02   0.000      0.6188E-03  0.2479       0.000    
   204   12.64       6.565       1.385       2.430      0.3028E-01   0.000      0.7279      0.1157E-01  0.2999       0.000      0.1294E-02   0.000      0.6176E-03  0.2479       0.000    
   205   12.64       6.579       1.385       2.428      0.3885E-01   0.000      0.7274      0.1154E-01  0.3000       0.000      0.1294E-02   0.000      0.6160E-03  0.2479       0.000    
   206   12.64       6.597       1.385       2.426      0.4736E-01 -0.6516E-12  0.7268      0.1151E-01  0.3000       0.000      0.1294E-02   0.000      0.6140E-03  0.2480       0.000    
   207   12.64       6.618       1.385       2.423      0.5580E-01   0.000      0.7261      0.1147E-01  0.3000       0.000      0.1294E-02   0.000      0.6118E-03  0.2480       0.000    
   208   12.64       6.643       1.385       2.420      0.6416E-01  0.4799E-12  0.7253      0.1143E-01  0.3001       0.000      0.1293E-02   0.000      0.6093E-03  0.2480       0.000    
   209   12.64       6.671       1.385       2.416      0.7242E-01 -0.4245E-12  0.7243      0.1138E-01  0.3001       0.000      0.1293E-02   0.000      0.6067E-03  0.2480       0.000    
   210   12.65       6.703       1.385       2.413      0.8057E-01  0.3810E-12  0.7233      0.1133E-01  0.3001       0.000      0.1292E-02   0.000      0.6040E-03  0.2480       0.000    
   211   12.65       6.738       1.385       2.408      0.8859E-01   0.000      0.7221      0.1127E-01  0.3002       0.000      0.1291E-02   0.000      0.6012E-03  0.2480       0.000    
   212   12.65       6.776       1.385       2.404      0.9649E-01   0.000      0.7208      0.1121E-01  0.3002       0.000      0.1291E-02   0.000      0.5986E-03  0.2480       0.000    
   213   12.65       6.818       1.385       2.398      0.1042       0.000      0.7194      0.1114E-01  0.3003       0.000      0.1289E-02   0.000      0.5961E-03  0.2480       0.000    
   214   12.65       6.863       1.385       2.393      0.1118       0.000      0.7179      0.1106E-01  0.3003       0.000      0.1288E-02   0.000      0.5940E-03  0.2480       0.000    
   215   12.65       6.911       1.385       2.387      0.1193       0.000      0.7162      0.1099E-01  0.3004       0.000      0.1286E-02   0.000      0.5922E-03  0.2480       0.000    
   216   12.65       6.963       1.385       2.381      0.1265       0.000      0.7145      0.1091E-01  0.3005       0.000      0.1284E-02   0.000      0.5909E-03  0.2480       0.000    
   217   12.65       7.018       1.385       2.374      0.1336     -0.2261E-12  0.7126      0.1082E-01  0.3006       0.000      0.1281E-02   0.000      0.5904E-03  0.2480       0.000    
   218   12.66       7.075       1.385       2.367      0.1404      0.2144E-12  0.7107      0.1074E-01  0.3006       0.000      0.1278E-02   0.000      0.5907E-03  0.2480       0.000    
   219   12.66       7.136       1.385       2.359      0.1471       0.000      0.7086      0.1065E-01  0.3007       0.000      0.1275E-02   0.000      0.5919E-03  0.2480       0.000    
   220   12.66       7.200       1.385       2.351      0.1536      0.1948E-12  0.7065      0.1055E-01  0.3008       0.000      0.1271E-02   0.000      0.5944E-03  0.2480       0.000    
   221   12.66       7.267       1.385       2.343      0.1598     -0.1866E-12  0.7042      0.1046E-01  0.3009       0.000      0.1266E-02   0.000      0.5984E-03  0.2480       0.000    
   222   12.66       7.336       1.385       2.335      0.1658       0.000      0.7018      0.1036E-01  0.3010       0.000      0.1261E-02   0.000      0.6040E-03  0.2480       0.000    
   223   12.67       7.409       1.385       2.326      0.1715       0.000      0.6994      0.1027E-01  0.3011       0.000      0.1254E-02   0.000      0.6116E-03  0.2480       0.000    
   224   12.67       7.484       1.385       2.316      0.1771      0.1664E-12  0.6968      0.1017E-01  0.3011       0.000      0.1247E-02   0.000      0.6215E-03  0.2479       0.000    
   225   12.67       7.562       1.385       2.307      0.1823     -0.1610E-12  0.6941      0.1007E-01  0.3012       0.000      0.1239E-02   0.000      0.6343E-03  0.2479       0.000    
   226   12.67       7.642       1.385       2.297      0.1873       0.000      0.6914      0.9963E-02  0.3013       0.000      0.1229E-02   0.000      0.6502E-03  0.2478       0.000    
   227   12.68       7.725       1.385       2.287      0.1921      0.1515E-12  0.6886      0.9860E-02  0.3015       0.000      0.1217E-02   0.000      0.6700E-03  0.2478       0.000    
   228   12.68       7.810       1.385       2.276      0.1966     -0.2946E-12  0.6857      0.9754E-02  0.3016       0.000      0.1203E-02   0.000      0.6944E-03  0.2477       0.000    
   229   12.68       7.898       1.385       2.266      0.2008      0.1435E-12  0.6827      0.9646E-02  0.3017       0.000      0.1187E-02   0.000      0.7242E-03  0.2476       0.000    
   230   12.68       7.987       1.385       2.255      0.2048       0.000      0.6796      0.9535E-02  0.3018       0.000      0.1168E-02   0.000      0.7604E-03  0.2475       0.000    
   231   12.69       8.079       1.385       2.243      0.2084       0.000      0.6765      0.9418E-02  0.3019       0.000      0.1146E-02   0.000      0.8043E-03  0.2473       0.000    
   232   12.69       8.173       1.385       2.232      0.2118       0.000      0.6733      0.9295E-02  0.3020       0.000      0.1119E-02   0.000      0.8575E-03  0.2472       0.000    
   233   12.69       8.269       1.385       2.220      0.2150       0.000      0.6700      0.9161E-02  0.3021       0.000      0.1086E-02   0.000      0.9219E-03  0.2469       0.000    
   234   12.70       8.367       1.385       2.208      0.2178       0.000      0.6666      0.9014E-02  0.3023       0.000      0.1046E-02   0.000      0.9997E-03  0.2467       0.000    
   235   12.70       8.466       1.385       2.196      0.2204       0.000      0.6632      0.8845E-02  0.3024       0.000      0.9962E-03   0.000      0.1094E-02  0.2464       0.000    
   236   12.70       8.567       1.385       2.183      0.2227       0.000      0.6597      0.8647E-02  0.3025       0.000      0.9344E-03   0.000      0.1208E-02  0.2460       0.000    
   237   12.71       8.670       1.385       2.171      0.2247       0.000      0.6562      0.8406E-02  0.3027       0.000      0.8562E-03   0.000      0.1347E-02  0.2455       0.000    
   238   12.71       8.774       1.385       2.158      0.2264       0.000      0.6526      0.8101E-02  0.3028       0.000      0.7555E-03   0.000      0.1517E-02  0.2450       0.000    
   239   12.71       8.880       1.385       2.145      0.2279       0.000      0.6490      0.7702E-02  0.3030       0.000      0.6232E-03   0.000      0.1723E-02  0.2443       0.000    
   240   12.72       8.987       1.385       2.132      0.2291       0.000      0.6453      0.7158E-02  0.3031       0.000      0.4448E-03   0.000      0.1977E-02  0.2435       0.000    
   241   12.72       9.095       1.385       2.118      0.2300       0.000      0.6416      0.6381E-02  0.3032       0.000      0.1962E-03   0.000      0.2290E-02  0.2424       0.000    
   242   12.72       9.204       1.385       2.105      0.2306       0.000      0.6378      0.5211E-02  0.3034       0.000     -0.1664E-03   0.000      0.2678E-02  0.2412       0.000    
   243   12.73       9.314       1.385       2.092      0.2310      0.1152E-12  0.6339      0.3311E-02  0.3035       0.000     -0.7322E-03   0.000      0.3166E-02  0.2396       0.000    
   244   12.73       9.425       1.385       2.078      0.2311     -0.1144E-12  0.6300     -0.1595E-03  0.3037       0.000     -0.1718E-02   0.000      0.3789E-02  0.2375       0.000    
   245   12.73       9.536       1.385       2.064      0.2309       0.000      0.6260     -0.8125E-02  0.3039       0.000     -0.3834E-02   0.000      0.4614E-02  0.2348       0.000    
   246   12.74       9.649       1.385       2.050      0.2305       0.000      0.6221     -0.4514E-01  0.3044       0.000     -0.1171E-01   0.000      0.5804E-02  0.2309       0.000    
   247   12.74       9.765       1.385       2.036      0.2440       0.000      0.4337      0.4582E-01  0.4518      0.2391      0.3499E-01   0.000      0.4430E-01  0.1519       2.860    
   248   12.74       9.885       1.385       2.021      0.2430       0.000      0.3973      0.4343E-01  0.4524      0.2562      0.3104E-01   0.000      0.4593E-01  0.1485       2.881    
   249   12.75       10.01       1.385       2.007      0.2417       0.000      0.3768      0.4203E-01  0.4518      0.2642      0.2990E-01   0.000      0.4698E-01  0.1460       2.902    
   250   12.75       10.13       1.385       1.992      0.2401     -0.1055E-12  0.3630      0.4121E-01  0.4496      0.2676      0.2930E-01   0.000      0.4743E-01  0.1445       2.924    
   251   12.75       10.25       1.385       1.977      0.2384       0.000      0.3529      0.4076E-01  0.4466      0.2684      0.2890E-01   0.000      0.4749E-01  0.1437       2.945    
   252   12.76       10.37       1.385       1.962      0.2363      0.1056E-12  0.3456      0.3897E-01  0.4444      0.2685      0.2867E-01   0.000      0.4757E-01  0.1430       2.968    
   253   12.76       10.49       1.385       1.947      0.2341       0.000      0.3407      0.4201E-01  0.4440      0.2693      0.2863E-01   0.000      0.4792E-01  0.1421       2.990    
   254   12.77       10.61       1.385       1.933      0.2316       0.000      0.3383      0.4100E-01  0.4463      0.2715      0.2883E-01   0.000      0.4871E-01  0.1408       3.013    
   255   12.77       10.73       1.385       1.918      0.2290       0.000      0.3386      0.4141E-01  0.4496      0.2733      0.2919E-01   0.000      0.4954E-01  0.1398       3.036    
   256   12.77       10.85       1.385       1.903      0.2261       0.000      0.3423      0.4228E-01  0.4519      0.2723      0.2974E-01   0.000      0.4989E-01  0.1396       3.060    
   257   12.78       10.96       1.385       1.889      0.2230       0.000      0.3521      0.4370E-01  0.4527      0.2665      0.3080E-01   0.000      0.4961E-01  0.1404       3.083    
   258   12.78       11.08       1.385       1.874      0.2198       0.000      0.3764      0.4606E-01  0.4521      0.2516      0.3456E-01   0.000      0.4866E-01  0.1424       3.107    
   259   12.78       11.20       1.385       1.860      0.2068       0.000      0.5367     -0.4197E-01  0.2895       0.000     -0.1024E-01   0.000      0.6978E-02  0.2259       0.000    
   260   12.79       11.31       1.385       1.847      0.2034       0.000      0.5284     -0.5066E-02  0.2867       0.000     -0.3099E-02   0.000      0.5812E-02  0.2297       0.000    
   261   12.79       11.42       1.385       1.833      0.1999       0.000      0.5200      0.3311E-02  0.2841       0.000     -0.1110E-02   0.000      0.5032E-02  0.2323       0.000    
   262   12.79       11.52       1.385       1.820      0.1962       0.000      0.5115      0.7237E-02  0.2815       0.000     -0.1462E-03   0.000      0.4467E-02  0.2341       0.000    
   263   12.80       11.63       1.385       1.807      0.1924       0.000      0.5028      0.9601E-02  0.2787       0.000      0.4335E-03   0.000      0.4053E-02  0.2355       0.000    
   264   12.80       11.74       1.385       1.794      0.1884     -0.1211E-12  0.4940      0.1124E-01  0.2758       0.000      0.8250E-03   0.000      0.3751E-02  0.2364       0.000    
   265   12.80       11.84       1.385       1.781      0.1843       0.000      0.4850      0.1250E-01  0.2727       0.000      0.1110E-02   0.000      0.3540E-02  0.2370       0.000    
   266   12.81       11.94       1.385       1.768      0.1801      0.1249E-12  0.4759      0.1353E-01  0.2694       0.000      0.1329E-02   0.000      0.3403E-02  0.2374       0.000    
   267   12.81       12.05       1.385       1.756      0.1758       0.000      0.4666      0.1443E-01  0.2660       0.000      0.1503E-02   0.000      0.3326E-02  0.2375       0.000    
   268   12.81       12.15       1.385       1.743      0.1713       0.000      0.4571      0.1525E-01  0.2624       0.000      0.1647E-02   0.000      0.3300E-02  0.2374       0.000    
   269   12.82       12.24       1.385       1.732      0.1668     -0.1321E-12  0.4474      0.1602E-01  0.2586       0.000      0.1769E-02   0.000      0.3318E-02  0.2372       0.000    
   270   12.82       12.34       1.385       1.720      0.1622       0.000      0.4375      0.1676E-01  0.2546       0.000      0.1873E-02   0.000      0.3372E-02  0.2368       0.000    
   271   12.82       12.43       1.385       1.708      0.1574      0.1380E-12  0.4274      0.1749E-01  0.2504       0.000      0.1965E-02   0.000      0.3459E-02  0.2362       0.000    
   272   12.82       12.52       1.385       1.697      0.1526       0.000      0.4171      0.1822E-01  0.2460       0.000      0.2045E-02   0.000      0.3573E-02  0.2355       0.000    
   273   12.83       12.61       1.385       1.686      0.1478       0.000      0.4065      0.1895E-01  0.2413       0.000      0.2116E-02   0.000      0.3711E-02  0.2346       0.000    
   274   12.83       12.70       1.385       1.676      0.1428       0.000      0.3957      0.1968E-01  0.2364       0.000      0.2180E-02   0.000      0.3869E-02  0.2336       0.000    
   275   12.83       12.78       1.385       1.665      0.1378       0.000      0.3846      0.2041E-01  0.2312       0.000      0.2235E-02   0.000      0.4044E-02  0.2325       0.000    
   276   12.83       12.86       1.385       1.655      0.1328       0.000      0.3732      0.2116E-01  0.2257       0.000      0.2284E-02   0.000      0.4233E-02  0.2312       0.000    
   277   12.84       12.94       1.385       1.646      0.1276       0.000      0.3616      0.2190E-01  0.2199       0.000      0.2326E-02   0.000      0.4431E-02  0.2299       0.000    
   278   12.84       13.02       1.385       1.636      0.1225       0.000      0.3496      0.2265E-01  0.2139       0.000      0.2360E-02   0.000      0.4636E-02  0.2283       0.000    
   279   12.84       13.09       1.385       1.627      0.1173       0.000      0.3374      0.2341E-01  0.2075       0.000      0.2387E-02   0.000      0.4843E-02  0.2267       0.000    
   280   12.84       13.16       1.385       1.618      0.1120       0.000      0.3248      0.2416E-01  0.2008       0.000      0.2407E-02   0.000      0.5047E-02  0.2249       0.000    
   281   12.85       13.23       1.385       1.610      0.1067       0.000      0.3118      0.2491E-01  0.1938       0.000      0.2418E-02   0.000      0.5245E-02  0.2229       0.000    
   282   12.85       13.29       1.385       1.602      0.1014       0.000      0.2985      0.2565E-01  0.1865       0.000      0.2421E-02   0.000      0.5430E-02  0.2209       0.000    
   283   12.85       13.36       1.385       1.595      0.9602E-01   0.000      0.2849      0.2638E-01  0.1788       0.000      0.2415E-02   0.000      0.5596E-02  0.2187       0.000    
   284   12.85       13.41       1.385       1.587      0.9064E-01   0.000      0.2710      0.2710E-01  0.1708       0.000      0.2400E-02   0.000      0.5738E-02  0.2164       0.000    
   285   12.85       13.47       1.385       1.581      0.8524E-01   0.000      0.2567      0.2780E-01  0.1625       0.000      0.2374E-02   0.000      0.5849E-02  0.2140       0.000    
   286   12.85       13.52       1.385       1.574      0.7981E-01   0.000      0.2420      0.2849E-01  0.1538       0.000      0.2338E-02   0.000      0.5921E-02  0.2115       0.000    
   287   12.86       13.57       1.385       1.568      0.7437E-01 -0.2682E-12  0.2271      0.2915E-01  0.1449       0.000      0.2290E-02   0.000      0.5949E-02  0.2089       0.000    
   288   12.86       13.62       1.385       1.562      0.6891E-01  0.2885E-12  0.2118      0.2978E-01  0.1356       0.000      0.2230E-02   0.000      0.5925E-02  0.2063       0.000    
   289   12.86       13.66       1.385       1.557      0.6344E-01   0.000      0.1961      0.3039E-01  0.1260       0.000      0.2158E-02   0.000      0.5843E-02  0.2036       0.000    
   290   12.86       13.70       1.385       1.552      0.5795E-01   0.000      0.1802      0.3097E-01  0.1161       0.000      0.2072E-02   0.000      0.5697E-02  0.2009       0.000    
   291   12.86       13.73       1.385       1.548      0.5246E-01   0.000      0.1640      0.3152E-01  0.1060       0.000      0.1972E-02   0.000      0.5482E-02  0.1983       0.000    
   292   12.86       13.77       1.385       1.544      0.4696E-01   0.000      0.1475      0.3203E-01  0.9558E-01   0.000      0.1858E-02   0.000      0.5195E-02  0.1956       0.000    
   293   12.86       13.80       1.385       1.541      0.4145E-01   0.000      0.1308      0.3250E-01  0.8493E-01   0.000      0.1728E-02   0.000      0.4832E-02  0.1931       0.000    
   294   12.86       13.82       1.385       1.537      0.3593E-01   0.000      0.1138      0.3294E-01  0.7407E-01   0.000      0.1583E-02   0.000      0.4392E-02  0.1907       0.000    
   295   12.86       13.84       1.385       1.535      0.3041E-01   0.000      0.9670E-01  0.3333E-01  0.6301E-01   0.000      0.1419E-02   0.000      0.3878E-02  0.1885       0.000    
   296   12.87       13.86       1.385       1.533      0.2489E-01   0.000      0.7937E-01  0.3368E-01  0.5179E-01   0.000      0.1230E-02   0.000      0.3291E-02  0.1864       0.000    
   297   12.87       13.87       1.385       1.531      0.1936E-01   0.000      0.6189E-01  0.3398E-01  0.4043E-01   0.000      0.1006E-02   0.000      0.2638E-02  0.1847       0.000    
   298   12.87       13.89       1.385       1.529      0.1383E-01   0.000      0.4429E-01  0.3421E-01  0.2896E-01   0.000      0.7399E-03   0.000      0.1929E-02  0.1834       0.000    
   299   12.87       13.89       1.385       1.529      0.8299E-02   0.000      0.2661E-01  0.3436E-01  0.1741E-01   0.000      0.4396E-03   0.000      0.1175E-02  0.1825       0.000    
   300   12.87       13.90       1.385       1.528      0.2766E-02   0.000      0.8876E-02  0.3444E-01  0.5809E-02   0.000      0.1285E-03   0.000      0.3947E-03  0.1821       0.000    

 Surface forces referred to Sref,Cref,Bref about Xmom,Ymom,Zmom
 Standard axis orientation,  X fwd, Z down         

  Surface # 4     main_wing_2 (YDUP)                      
     # chordwise = 10   # spanwise =100     First strip =301
     Surface area =  14.562           ave. chord =  1.9802    
     CLsurf  =   0.069475     Clsurf  =   0.024363
     CYsurf  =   0.000221     Cmsurf  =  -0.041941
     CDsurf  =   0.001423     Cnsurf  =   0.000716
     CDisurf =   0.000520     CDvsurf =   0.000000

  Forces referred to Ssurf, Cave about hinge axis thru LE
     cl_surf =   0.307119     cd_surf =   0.006292

 Strip Forces referred to strip area, chord
    j    xLE         yLE         zLE         Chord       Area        Dihedral   c cl        ai_ff       cl           clj         cd          cdv         cm_c/4     c.p.x/c      Dcj
   301   12.64      -6.543       1.385       2.432      0.4339E-02   0.000      0.7287      0.1161E-01  0.2999       0.000      0.1289E-02   0.000      0.6223E-03  0.2479       0.000    
   302   12.64      -6.547       1.385       2.432      0.1301E-01   0.000      0.7286      0.1160E-01  0.3000       0.000      0.1290E-02   0.000      0.6218E-03  0.2479       0.000    
   303   12.64      -6.554       1.385       2.431      0.2166E-01   0.000      0.7283      0.1159E-01  0.3000       0.000      0.1291E-02   0.000      0.6209E-03  0.2479       0.000    
   304   12.64      -6.565       1.385       2.430      0.3028E-01   0.000      0.7280      0.1157E-01  0.3000       0.000      0.1291E-02   0.000      0.6197E-03  0.2479       0.000    
   305   12.64      -6.579       1.385       2.428      0.3885E-01   0.000      0.7275      0.1154E-01  0.3000       0.000      0.1291E-02   0.000      0.6180E-03  0.2479       0.000    
   306   12.64      -6.597       1.385       2.426      0.4736E-01  0.6516E-12  0.7269      0.1151E-01  0.3000       0.000      0.1292E-02   0.000      0.6160E-03  0.2479       0.000    
   307   12.64      -6.618       1.385       2.423      0.5580E-01   0.000      0.7262      0.1147E-01  0.3001       0.000      0.1291E-02   0.000      0.6137E-03  0.2480       0.000    
   308   12.64      -6.643       1.385       2.420      0.6416E-01 -0.4799E-12  0.7254      0.1143E-01  0.3001       0.000      0.1291E-02   0.000      0.6112E-03  0.2480       0.000    
   309   12.64      -6.671       1.385       2.416      0.7242E-01  0.4245E-12  0.7244      0.1138E-01  0.3001       0.000      0.1291E-02   0.000      0.6085E-03  0.2480       0.000    
   310   12.65      -6.703       1.385       2.413      0.8057E-01 -0.3810E-12  0.7233      0.1133E-01  0.3002       0.000      0.1290E-02   0.000      0.6057E-03  0.2480       0.000    
   311   12.65      -6.738       1.385       2.408      0.8859E-01   0.000      0.7222      0.1127E-01  0.3002       0.000      0.1289E-02   0.000      0.6029E-03  0.2480       0.000    
   312   12.65      -6.776       1.385       2.404      0.9649E-01   0.000      0.7209      0.1121E-01  0.3003       0.000      0.1289E-02   0.000      0.6002E-03  0.2480       0.000    
   313   12.65      -6.818       1.385       2.398      0.1042       0.000      0.7195      0.1114E-01  0.3003       0.000      0.1287E-02   0.000      0.5977E-03  0.2480       0.000    
   314   12.65      -6.863       1.385       2.393      0.1118       0.000      0.7179      0.1106E-01  0.3004       0.000      0.1286E-02   0.000      0.5954E-03  0.2480       0.000    
   315   12.65      -6.911       1.385       2.387      0.1193       0.000      0.7163      0.1099E-01  0.3004       0.000      0.1284E-02   0.000      0.5936E-03  0.2480       0.000    
   316   12.65      -6.963       1.385       2.381      0.1265       0.000      0.7146      0.1091E-01  0.3005       0.000      0.1282E-02   0.000      0.5922E-03  0.2480       0.000    
   317   12.65      -7.018       1.385       2.374      0.1336      0.2261E-12  0.7127      0.1082E-01  0.3006       0.000      0.1280E-02   0.000      0.5916E-03  0.2480       0.000    
   318   12.66      -7.075       1.385       2.367      0.1404     -0.2144E-12  0.7108      0.1073E-01  0.3007       0.000      0.1277E-02   0.000      0.5918E-03  0.2480       0.000    
   319   12.66      -7.136       1.385       2.359      0.1471       0.000      0.7087      0.1064E-01  0.3007       0.000      0.1273E-02   0.000      0.5930E-03  0.2480       0.000    
   320   12.66      -7.200       1.385       2.351      0.1536     -0.1948E-12  0.7065      0.1055E-01  0.3008       0.000      0.1269E-02   0.000      0.5954E-03  0.2480       0.000    
   321   12.66      -7.267       1.385       2.343      0.1598      0.1866E-12  0.7043      0.1046E-01  0.3009       0.000      0.1265E-02   0.000      0.5992E-03  0.2480       0.000    
   322   12.66      -7.336       1.385       2.335      0.1658       0.000      0.7019      0.1036E-01  0.3010       0.000      0.1259E-02   0.000      0.6048E-03  0.2480       0.000    
   323   12.67      -7.409       1.385       2.326      0.1715       0.000      0.6994      0.1026E-01  0.3011       0.000      0.1253E-02   0.000      0.6123E-03  0.2480       0.000    
   324   12.67      -7.484       1.385       2.316      0.1771     -0.1664E-12  0.6969      0.1016E-01  0.3012       0.000      0.1246E-02   0.000      0.6222E-03  0.2479       0.000    
   325   12.67      -7.562       1.385       2.307      0.1823      0.1610E-12  0.6942      0.1006E-01  0.3013       0.000      0.1237E-02   0.000      0.6348E-03  0.2479       0.000    
   326   12.67      -7.642       1.385       2.297      0.1873       0.000      0.6915      0.9961E-02  0.3014       0.000      0.1227E-02   0.000      0.6507E-03  0.2478       0.000    
   327   12.68      -7.725       1.385       2.287      0.1921     -0.1515E-12  0.6886      0.9858E-02  0.3015       0.000      0.1216E-02   0.000      0.6705E-03  0.2478       0.000    
   328   12.68      -7.810       1.385       2.276      0.1966      0.2946E-12  0.6857      0.9752E-02  0.3016       0.000      0.1202E-02   0.000      0.6948E-03  0.2477       0.000    
   329   12.68      -7.898       1.385       2.266      0.2008     -0.1435E-12  0.6827      0.9644E-02  0.3017       0.000      0.1186E-02   0.000      0.7245E-03  0.2476       0.000    
   330   12.68      -7.987       1.385       2.255      0.2048       0.000      0.6797      0.9533E-02  0.3018       0.000      0.1167E-02   0.000      0.7607E-03  0.2475       0.000    
   331   12.69      -8.079       1.385       2.243      0.2084       0.000      0.6765      0.9416E-02  0.3019       0.000      0.1145E-02   0.000      0.8046E-03  0.2473       0.000    
   332   12.69      -8.173       1.385       2.232      0.2118       0.000      0.6733      0.9293E-02  0.3020       0.000      0.1117E-02   0.000      0.8577E-03  0.2472       0.000    
   333   12.69      -8.269       1.385       2.220      0.2150       0.000      0.6700      0.9159E-02  0.3022       0.000      0.1085E-02   0.000      0.9220E-03  0.2469       0.000    
   334   12.70      -8.367       1.385       2.208      0.2178       0.000      0.6667      0.9012E-02  0.3023       0.000      0.1045E-02   0.000      0.9999E-03  0.2467       0.000    
   335   12.70      -8.466       1.385       2.196      0.2204       0.000      0.6633      0.8843E-02  0.3024       0.000      0.9952E-03   0.000      0.1094E-02  0.2464       0.000    
   336   12.70      -8.567       1.385       2.183      0.2227       0.000      0.6598      0.8645E-02  0.3026       0.000      0.9335E-03   0.000      0.1209E-02  0.2460       0.000    
   337   12.71      -8.670       1.385       2.171      0.2247       0.000      0.6563      0.8404E-02  0.3027       0.000      0.8553E-03   0.000      0.1347E-02  0.2455       0.000    
   338   12.71      -8.774       1.385       2.158      0.2264       0.000      0.6527      0.8099E-02  0.3028       0.000      0.7546E-03   0.000      0.1517E-02  0.2450       0.000    
   339   12.71      -8.880       1.385       2.145      0.2279       0.000      0.6490      0.7700E-02  0.3030       0.000      0.6223E-03   0.000      0.1724E-02  0.2443       0.000    
   340   12.72      -8.987       1.385       2.132      0.2291       0.000      0.6453      0.7156E-02  0.3031       0.000      0.4439E-03   0.000      0.1977E-02  0.2435       0.000    
   341   12.72      -9.095       1.385       2.118      0.2300       0.000      0.6416      0.6379E-02  0.3033       0.000      0.1953E-03   0.000      0.2290E-02  0.2424       0.000    
   342   12.72      -9.204       1.385       2.105      0.2306       0.000      0.6378      0.5209E-02  0.3034       0.000     -0.1673E-03   0.000      0.2679E-02  0.2412       0.000    
   343   12.73      -9.314       1.385       2.092      0.2310     -0.1152E-12  0.6339      0.3309E-02  0.3036       0.000     -0.7332E-03   0.000      0.3166E-02  0.2396       0.000    
   344   12.73      -9.425       1.385       2.078      0.2311      0.1144E-12  0.6300     -0.1621E-03  0.3037       0.000     -0.1719E-02   0.000      0.3790E-02  0.2375       0.000    
   345   12.73      -9.536       1.385       2.064      0.2309       0.000      0.6261     -0.8128E-02  0.3039       0.000     -0.3835E-02   0.000      0.4614E-02  0.2348       0.000    
   346   12.74      -9.649       1.385       2.050      0.2305       0.000      0.6221     -0.4515E-01  0.3044       0.000     -0.1171E-01   0.000      0.5805E-02  0.2309       0.000    
   347   12.74      -9.765       1.385       2.036      0.2440       0.000      0.4337      0.4582E-01  0.4518      0.2391      0.3499E-01   0.000      0.4430E-01  0.1520       2.860    
   348   12.74      -9.885       1.385       2.021      0.2430       0.000      0.3973      0.4343E-01  0.4525      0.2562      0.3104E-01   0.000      0.4593E-01  0.1485       2.881    
   349   12.75      -10.01       1.385       2.007      0.2417       0.000      0.3768      0.4203E-01  0.4518      0.2642      0.2990E-01   0.000      0.4698E-01  0.1460       2.902    
   350   12.75      -10.13       1.385       1.992      0.2401      0.1055E-12  0.3630      0.4121E-01  0.4496      0.2676      0.2930E-01   0.000      0.4743E-01  0.1445       2.924    
   351   12.75      -10.25       1.385       1.977      0.2384       0.000      0.3529      0.4076E-01  0.4466      0.2684      0.2890E-01   0.000      0.4749E-01  0.1437       2.945    
   352   12.76      -10.37       1.385       1.962      0.2363     -0.1056E-12  0.3456      0.3897E-01  0.4444      0.2685      0.2867E-01   0.000      0.4757E-01  0.1430       2.968    
   353   12.76      -10.49       1.385       1.947      0.2341       0.000      0.3408      0.4201E-01  0.4440      0.2693      0.2864E-01   0.000      0.4792E-01  0.1421       2.990    
   354   12.77      -10.61       1.385       1.933      0.2316       0.000      0.3383      0.4100E-01  0.4463      0.2715      0.2883E-01   0.000      0.4871E-01  0.1408       3.013    
   355   12.77      -10.73       1.385       1.918      0.2290       0.000      0.3386      0.4141E-01  0.4496      0.2733      0.2920E-01   0.000      0.4954E-01  0.1398       3.036    
   356   12.77      -10.85       1.385       1.903      0.2261       0.000      0.3423      0.4228E-01  0.4519      0.2723      0.2974E-01   0.000      0.4989E-01  0.1396       3.060    
   357   12.78      -10.96       1.385       1.889      0.2230       0.000      0.3521      0.4370E-01  0.4527      0.2665      0.3080E-01   0.000      0.4961E-01  0.1404       3.083    
   358   12.78      -11.08       1.385       1.874      0.2198       0.000      0.3764      0.4606E-01  0.4522      0.2516      0.3457E-01   0.000      0.4866E-01  0.1424       3.107    
   359   12.78      -11.20       1.385       1.860      0.2068       0.000      0.5367     -0.4197E-01  0.2895       0.000     -0.1024E-01   0.000      0.6978E-02  0.2259       0.000    
   360   12.79      -11.31       1.385       1.847      0.2034       0.000      0.5284     -0.5069E-02  0.2867       0.000     -0.3100E-02   0.000      0.5812E-02  0.2297       0.000    
   361   12.79      -11.42       1.385       1.833      0.1999       0.000      0.5200      0.3309E-02  0.2841       0.000     -0.1111E-02   0.000      0.5032E-02  0.2323       0.000    
   362   12.79      -11.52       1.385       1.820      0.1962       0.000      0.5115      0.7235E-02  0.2815       0.000     -0.1467E-03   0.000      0.4467E-02  0.2341       0.000    
   363   12.80      -11.63       1.385       1.807      0.1924       0.000      0.5029      0.9599E-02  0.2787       0.000      0.4330E-03   0.000      0.4053E-02  0.2355       0.000    
   364   12.80      -11.74       1.385       1.794      0.1884      0.1211E-12  0.4940      0.1124E-01  0.2758       0.000      0.8246E-03   0.000      0.3751E-02  0.2364       0.000    
   365   12.80      -11.84       1.385       1.781      0.1843       0.000      0.4850      0.1249E-01  0.2727       0.000      0.1110E-02   0.000      0.3540E-02  0.2370       0.000    
   366   12.81      -11.94       1.385       1.768      0.1801     -0.1249E-12  0.4759      0.1353E-01  0.2695       0.000      0.1328E-02   0.000      0.3403E-02  0.2374       0.000    
   367   12.81      -12.05       1.385       1.756      0.1758       0.000      0.4666      0.1443E-01  0.2660       0.000      0.1503E-02   0.000      0.3326E-02  0.2375       0.000    
   368   12.81      -12.15       1.385       1.743      0.1713       0.000      0.4571      0.1525E-01  0.2624       0.000      0.1647E-02   0.000      0.3300E-02  0.2374       0.000    
   369   12.82      -12.24       1.385       1.732      0.1668      0.1321E-12  0.4474      0.1602E-01  0.2586       0.000      0.1768E-02   0.000      0.3318E-02  0.2372       0.000    
   370   12.82      -12.34       1.385       1.720      0.1622       0.000      0.4375      0.1676E-01  0.2546       0.000      0.1873E-02   0.000      0.3372E-02  0.2368       0.000    
   371   12.82      -12.43       1.385       1.708      0.1574     -0.1380E-12  0.4274      0.1749E-01  0.2504       0.000      0.1964E-02   0.000      0.3459E-02  0.2362       0.000    
   372   12.82      -12.52       1.385       1.697      0.1526       0.000      0.4171      0.1822E-01  0.2460       0.000      0.2045E-02   0.000      0.3573E-02  0.2355       0.000    
   373   12.83      -12.61       1.385       1.686      0.1478       0.000      0.4065      0.1895E-01  0.2413       0.000      0.2116E-02   0.000      0.3711E-02  0.2346       0.000    
   374   12.83      -12.70       1.385       1.676      0.1428       0.000      0.3957      0.1968E-01  0.2364       0.000      0.2180E-02   0.000      0.3869E-02  0.2336       0.000    
   375   12.83      -12.78       1.385       1.665      0.1378       0.000      0.3846      0.2041E-01  0.2312       0.000      0.2235E-02   0.000      0.4044E-02  0.2325       0.000    
   376   12.83      -12.86       1.385       1.655      0.1328       0.000      0.3732      0.2115E-01  0.2257       0.000      0.2284E-02   0.000      0.4233E-02  0.2312       0.000    
   377   12.84      -12.94       1.385       1.646      0.1276       0.000      0.3616      0.2190E-01  0.2199       0.000      0.2326E-02   0.000      0.4431E-02  0.2299       0.000    
   378   12.84      -13.02       1.385       1.636      0.1225       0.000      0.3496      0.2265E-01  0.2139       0.000      0.2360E-02   0.000      0.4636E-02  0.2283       0.000    
   379   12.84      -13.09       1.385       1.627      0.1173       0.000      0.3374      0.2341E-01  0.2075       0.000      0.2387E-02   0.000      0.4843E-02  0.2267       0.000    
   380   12.84      -13.16       1.385       1.618      0.1120       0.000      0.3248      0.2416E-01  0.2008       0.000      0.2407E-02   0.000      0.5047E-02  0.2249       0.000    
   381   12.85      -13.23       1.385       1.610      0.1067       0.000      0.3118      0.2491E-01  0.1938       0.000      0.2418E-02   0.000      0.5245E-02  0.2229       0.000    
   382   12.85      -13.29       1.385       1.602      0.1014       0.000      0.2986      0.2565E-01  0.1865       0.000      0.2421E-02   0.000      0.5430E-02  0.2209       0.000    
   383   12.85      -13.36       1.385       1.595      0.9602E-01   0.000      0.2849      0.2638E-01  0.1788       0.000      0.2415E-02   0.000      0.5596E-02  0.2187       0.000    
   384   12.85      -13.41       1.385       1.587      0.9064E-01   0.000      0.2710      0.2710E-01  0.1708       0.000      0.2400E-02   0.000      0.5738E-02  0.2164       0.000    
   385   12.85      -13.47       1.385       1.581      0.8524E-01   0.000      0.2567      0.2780E-01  0.1625       0.000      0.2374E-02   0.000      0.5849E-02  0.2140       0.000    
   386   12.85      -13.52       1.385       1.574      0.7981E-01   0.000      0.2420      0.2849E-01  0.1539       0.000      0.2338E-02   0.000      0.5921E-02  0.2115       0.000    
   387   12.86      -13.57       1.385       1.568      0.7437E-01  0.2682E-12  0.2271      0.2915E-01  0.1449       0.000      0.2290E-02   0.000      0.5949E-02  0.2089       0.000    
   388   12.86      -13.62       1.385       1.562      0.6891E-01 -0.2885E-12  0.2118      0.2978E-01  0.1356       0.000      0.2230E-02   0.000      0.5925E-02  0.2063       0.000    
   389   12.86      -13.66       1.385       1.557      0.6344E-01   0.000      0.1961      0.3039E-01  0.1260       0.000      0.2158E-02   0.000      0.5843E-02  0.2036       0.000    
   390   12.86      -13.70       1.385       1.552      0.5795E-01   0.000      0.1802      0.3097E-01  0.1161       0.000      0.2072E-02   0.000      0.5697E-02  0.2009       0.000    
   391   12.86      -13.73       1.385       1.548      0.5246E-01   0.000      0.1640      0.3151E-01  0.1060       0.000      0.1972E-02   0.000      0.5482E-02  0.1983       0.000    
   392   12.86      -13.77       1.385       1.544      0.4696E-01   0.000      0.1475      0.3203E-01  0.9558E-01   0.000      0.1858E-02   0.000      0.5195E-02  0.1956       0.000    
   393   12.86      -13.80       1.385       1.541      0.4145E-01   0.000      0.1308      0.3250E-01  0.8493E-01   0.000      0.1728E-02   0.000      0.4832E-02  0.1931       0.000    
   394   12.86      -13.82       1.385       1.537      0.3593E-01   0.000      0.1139      0.3294E-01  0.7407E-01   0.000      0.1583E-02   0.000      0.4393E-02  0.1907       0.000    
   395   12.86      -13.84       1.385       1.535      0.3041E-01   0.000      0.9670E-01  0.3333E-01  0.6301E-01   0.000      0.1419E-02   0.000      0.3878E-02  0.1885       0.000    
   396   12.87      -13.86       1.385       1.533      0.2489E-01   0.000      0.7937E-01  0.3368E-01  0.5179E-01   0.000      0.1230E-02   0.000      0.3291E-02  0.1865       0.000    
   397   12.87      -13.87       1.385       1.531      0.1936E-01   0.000      0.6189E-01  0.3398E-01  0.4043E-01   0.000      0.1006E-02   0.000      0.2638E-02  0.1847       0.000    
   398   12.87      -13.89       1.385       1.529      0.1383E-01   0.000      0.4429E-01  0.3421E-01  0.2896E-01   0.000      0.7399E-03   0.000      0.1929E-02  0.1834       0.000    
   399   12.87      -13.89       1.385       1.529      0.8299E-02   0.000      0.2661E-01  0.3436E-01  0.1741E-01   0.000      0.4396E-03   0.000      0.1175E-02  0.1825       0.000    
   400   12.87      -13.90       1.385       1.528      0.2766E-02   0.000      0.8876E-02  0.3444E-01  0.5810E-02   0.000      0.1285E-03   0.000      0.3947E-03  0.1821       0.000    

 Surface forces referred to Sref,Cref,Bref about Xmom,Ymom,Zmom
 Standard axis orientation,  X fwd, Z down         

  Surface # 5     horizontal_stabilizer                   
     # chordwise = 10   # spanwise = 30     First strip =401
     Surface area =  11.009           ave. chord =  1.9156    
     CLsurf  =   0.030138     Clsurf  =  -0.002719
     CYsurf  =  -0.000069     Cmsurf  =  -0.165363
     CDsurf  =   0.000654     Cnsurf  =  -0.000051
     CDisurf =   0.000654     CDvsurf =   0.000000

  Forces referred to Ssurf, Cave about hinge axis thru LE
     cl_surf =   0.176234     cd_surf =   0.003826

 Strip Forces referred to strip area, chord
    j    xLE         yLE         zLE         Chord       Area        Dihedral   c cl        ai_ff       cl           clj         cd          cdv         cm_c/4     c.p.x/c      Dcj
   401   23.86      0.3938E-02   6.009       2.394      0.3768E-01   0.000      0.4174      0.2858E-01  0.1738       0.000      0.1581E-01   0.000     -0.1251E-02  0.2572       0.000    
   402   23.86      0.3538E-01   6.009       2.389      0.1124       0.000      0.4174      0.2853E-01  0.1747       0.000      0.5493E-02   0.000     -0.1184E-02  0.2568       0.000    
   403   23.87      0.9791E-01   6.009       2.378      0.1851       0.000      0.4173      0.2847E-01  0.1755       0.000      0.4815E-02   0.000     -0.9788E-03  0.2556       0.000    
   404   23.88      0.1909       6.009       2.363      0.2547       0.000      0.4171      0.2840E-01  0.1765       0.000      0.4566E-02   0.000     -0.6842E-03  0.2539       0.000    
   405   23.90      0.3132       6.009       2.342      0.3198       0.000      0.4166      0.2832E-01  0.1779       0.000      0.4403E-02   0.000     -0.3623E-03  0.2520       0.000    
   406   23.92      0.4636       6.009       2.317      0.3796       0.000      0.4158      0.2824E-01  0.1795       0.000      0.4283E-02   0.000     -0.5495E-04  0.2503       0.000    
   407   23.95      0.6403       6.009       2.288      0.4330       0.000      0.4145      0.2815E-01  0.1812       0.000      0.4193E-02   0.000      0.2147E-03  0.2488       0.000    
   408   23.98      0.8416       6.009       2.254      0.4794       0.000      0.4125      0.2804E-01  0.1830       0.000      0.4125E-02   0.000      0.4372E-03  0.2476       0.000    
   409   24.01       1.065       6.009       2.217      0.5182       0.000      0.4098      0.2793E-01  0.1849       0.000      0.4071E-02   0.000      0.6132E-03  0.2467       0.000    
   410   24.05       1.308       6.009       2.176      0.5490       0.000      0.4062      0.2782E-01  0.1867       0.000      0.4029E-02   0.000      0.7498E-03  0.2460       0.000    
   411   24.09       1.569       6.009       2.133      0.5716       0.000      0.4016      0.2771E-01  0.1883       0.000      0.3994E-02   0.000      0.8579E-03  0.2454       0.000    
   412   24.13       1.844       6.009       2.087      0.5861       0.000      0.3959      0.2763E-01  0.1897       0.000      0.3963E-02   0.000      0.9498E-03  0.2450       0.000    
   413   24.17       2.130       6.009       2.040      0.5925       0.000      0.3892      0.2759E-01  0.1909       0.000      0.3934E-02   0.000      0.1038E-02  0.2446       0.000    
   414   24.21       2.424       6.009       1.991      0.5913       0.000      0.3812      0.2761E-01  0.1916       0.000      0.3904E-02   0.000      0.1134E-02  0.2441       0.000    
   415   24.26       2.723       6.009       1.941      0.5829       0.000      0.3721      0.2771E-01  0.1918       0.000      0.3874E-02   0.000      0.1251E-02  0.2435       0.000    
   416   24.30       3.024       6.009       1.891      0.5678       0.000      0.3618      0.2792E-01  0.1914       0.000      0.3840E-02   0.000      0.1398E-02  0.2427       0.000    
   417   24.34       3.323       6.009       1.841      0.5468       0.000      0.3501      0.2826E-01  0.1903       0.000      0.3801E-02   0.000      0.1589E-02  0.2417       0.000    
   418   24.39       3.617       6.009       1.792      0.5205       0.000      0.3371      0.2876E-01  0.1882       0.000      0.3756E-02   0.000      0.1834E-02  0.2403       0.000    
   419   24.43       3.903       6.009       1.744      0.4897       0.000      0.3225      0.2943E-01  0.1850       0.000      0.3700E-02   0.000      0.2149E-02  0.2384       0.000    
   420   24.47       4.178       6.009       1.698      0.4551       0.000      0.3062      0.3028E-01  0.1804       0.000      0.3629E-02   0.000      0.2543E-02  0.2359       0.000    
   421   24.51       4.438       6.009       1.655      0.4174       0.000      0.2880      0.3132E-01  0.1741       0.000      0.3538E-02   0.000      0.3025E-02  0.2326       0.000    
   422   24.54       4.682       6.009       1.614      0.3773       0.000      0.2677      0.3253E-01  0.1659       0.000      0.3417E-02   0.000      0.3591E-02  0.2284       0.000    
   423   24.58       4.905       6.009       1.577      0.3354       0.000      0.2450      0.3388E-01  0.1554       0.000      0.3259E-02   0.000      0.4212E-02  0.2229       0.000    
   424   24.61       5.106       6.009       1.543      0.2921       0.000      0.2198      0.3530E-01  0.1424       0.000      0.3053E-02   0.000      0.4826E-02  0.2161       0.000    
   425   24.63       5.283       6.009       1.514      0.2480       0.000      0.1919      0.3672E-01  0.1268       0.000      0.2789E-02   0.000      0.5325E-02  0.2080       0.000    
   426   24.65       5.434       6.009       1.489      0.2033       0.000      0.1615      0.3806E-01  0.1085       0.000      0.2460E-02   0.000      0.5556E-02  0.1988       0.000    
   427   24.67       5.556       6.009       1.469      0.1583       0.000      0.1286      0.3926E-01  0.8755E-01   0.000      0.2060E-02   0.000      0.5346E-02  0.1889       0.000    
   428   24.69       5.649       6.009       1.453      0.1131       0.000      0.9351E-01  0.4026E-01  0.6436E-01   0.000      0.1584E-02   0.000      0.4546E-02  0.1794       0.000    
   429   24.69       5.711       6.009       1.443      0.6787E-01   0.000      0.5682E-01  0.4103E-01  0.3939E-01   0.000      0.1024E-02   0.000      0.3100E-02  0.1713       0.000    
   430   24.70       5.743       6.009       1.437      0.2263E-01   0.000      0.1906E-01  0.4147E-01  0.1326E-01   0.000      0.3064E-03   0.000      0.1105E-02  0.1667       0.000    

 Surface forces referred to Sref,Cref,Bref about Xmom,Ymom,Zmom
 Standard axis orientation,  X fwd, Z down         

  Surface # 6     horizontal_stabilizer (YDUP)            
     # chordwise = 10   # spanwise = 30     First strip =431
     Surface area =  11.009           ave. chord =  1.9156    
     CLsurf  =   0.030135     Clsurf  =   0.002719
     CYsurf  =   0.000069     Cmsurf  =  -0.165347
     CDsurf  =   0.000654     Cnsurf  =   0.000051
     CDisurf =   0.000654     CDvsurf =   0.000000

  Forces referred to Ssurf, Cave about hinge axis thru LE
     cl_surf =   0.176218     cd_surf =   0.003826

 Strip Forces referred to strip area, chord
    j    xLE         yLE         zLE         Chord       Area        Dihedral   c cl        ai_ff       cl           clj         cd          cdv         cm_c/4     c.p.x/c      Dcj
   431   23.86     -0.3938E-02   6.009       2.394      0.3768E-01   0.000      0.4173      0.2858E-01  0.1738       0.000      0.1583E-01   0.000     -0.1250E-02  0.2572       0.000    
   432   23.86     -0.3538E-01   6.009       2.389      0.1124       0.000      0.4173      0.2853E-01  0.1747       0.000      0.5495E-02   0.000     -0.1184E-02  0.2568       0.000    
   433   23.87     -0.9791E-01   6.009       2.378      0.1851       0.000      0.4173      0.2847E-01  0.1754       0.000      0.4815E-02   0.000     -0.9790E-03  0.2556       0.000    
   434   23.88     -0.1909       6.009       2.363      0.2547       0.000      0.4170      0.2840E-01  0.1765       0.000      0.4566E-02   0.000     -0.6844E-03  0.2539       0.000    
   435   23.90     -0.3132       6.009       2.342      0.3198       0.000      0.4166      0.2833E-01  0.1779       0.000      0.4403E-02   0.000     -0.3625E-03  0.2520       0.000    
   436   23.92     -0.4636       6.009       2.317      0.3796       0.000      0.4158      0.2824E-01  0.1794       0.000      0.4283E-02   0.000     -0.5510E-04  0.2503       0.000    
   437   23.95     -0.6403       6.009       2.288      0.4330       0.000      0.4144      0.2815E-01  0.1812       0.000      0.4193E-02   0.000      0.2146E-03  0.2488       0.000    
   438   23.98     -0.8416       6.009       2.254      0.4794       0.000      0.4125      0.2804E-01  0.1830       0.000      0.4125E-02   0.000      0.4371E-03  0.2476       0.000    
   439   24.01      -1.065       6.009       2.217      0.5182       0.000      0.4098      0.2793E-01  0.1849       0.000      0.4071E-02   0.000      0.6132E-03  0.2467       0.000    
   440   24.05      -1.308       6.009       2.176      0.5490       0.000      0.4061      0.2782E-01  0.1867       0.000      0.4029E-02   0.000      0.7498E-03  0.2460       0.000    
   441   24.09      -1.569       6.009       2.133      0.5716       0.000      0.4015      0.2771E-01  0.1883       0.000      0.3994E-02   0.000      0.8579E-03  0.2454       0.000    
   442   24.13      -1.844       6.009       2.087      0.5861       0.000      0.3959      0.2763E-01  0.1897       0.000      0.3963E-02   0.000      0.9498E-03  0.2450       0.000    
   443   24.17      -2.130       6.009       2.040      0.5925       0.000      0.3891      0.2759E-01  0.1908       0.000      0.3934E-02   0.000      0.1038E-02  0.2446       0.000    
   444   24.21      -2.424       6.009       1.991      0.5913       0.000      0.3812      0.2761E-01  0.1916       0.000      0.3905E-02   0.000      0.1134E-02  0.2441       0.000    
   445   24.26      -2.723       6.009       1.941      0.5829       0.000      0.3721      0.2771E-01  0.1918       0.000      0.3874E-02   0.000      0.1251E-02  0.2435       0.000    
   446   24.30      -3.024       6.009       1.891      0.5678       0.000      0.3617      0.2793E-01  0.1914       0.000      0.3840E-02   0.000      0.1398E-02  0.2427       0.000    
   447   24.34      -3.323       6.009       1.841      0.5468       0.000      0.3501      0.2827E-01  0.1903       0.000      0.3802E-02   0.000      0.1588E-02  0.2417       0.000    
   448   24.39      -3.617       6.009       1.792      0.5205       0.000      0.3370      0.2876E-01  0.1882       0.000      0.3756E-02   0.000      0.1834E-02  0.2403       0.000    
   449   24.43      -3.903       6.009       1.744      0.4897       0.000      0.3224      0.2943E-01  0.1849       0.000      0.3700E-02   0.000      0.2148E-02  0.2384       0.000    
   450   24.47      -4.178       6.009       1.698      0.4551       0.000      0.3062      0.3028E-01  0.1803       0.000      0.3629E-02   0.000      0.2543E-02  0.2359       0.000    
   451   24.51      -4.438       6.009       1.655      0.4174       0.000      0.2880      0.3132E-01  0.1741       0.000      0.3538E-02   0.000      0.3025E-02  0.2326       0.000    
   452   24.54      -4.682       6.009       1.614      0.3773       0.000      0.2677      0.3254E-01  0.1659       0.000      0.3418E-02   0.000      0.3591E-02  0.2284       0.000    
   453   24.58      -4.905       6.009       1.577      0.3354       0.000      0.2450      0.3388E-01  0.1554       0.000      0.3259E-02   0.000      0.4212E-02  0.2229       0.000    
   454   24.61      -5.106       6.009       1.543      0.2921       0.000      0.2198      0.3530E-01  0.1424       0.000      0.3053E-02   0.000      0.4826E-02  0.2161       0.000    
   455   24.63      -5.283       6.009       1.514      0.2480       0.000      0.1919      0.3672E-01  0.1268       0.000      0.2789E-02   0.000      0.5325E-02  0.2080       0.000    
   456   24.65      -5.434       6.009       1.489      0.2033       0.000      0.1615      0.3806E-01  0.1085       0.000      0.2460E-02   0.000      0.5556E-02  0.1988       0.000    
   457   24.67      -5.556       6.009       1.469      0.1583       0.000      0.1285      0.3926E-01  0.8754E-01   0.000      0.2060E-02   0.000      0.5345E-02  0.1889       0.000    
   458   24.69      -5.649       6.009       1.453      0.1131       0.000      0.9350E-01  0.4026E-01  0.6436E-01   0.000      0.1584E-02   0.000      0.4546E-02  0.1794       0.000    
   459   24.69      -5.711       6.009       1.443      0.6787E-01   0.000      0.5681E-01  0.4103E-01  0.3938E-01   0.000      0.1024E-02   0.000      0.3100E-02  0.1713       0.000    
   460   24.70      -5.743       6.009       1.437      0.2263E-01   0.000      0.1906E-01  0.4147E-01  0.1326E-01   0.000      0.3064E-03   0.000      0.1105E-02  0.1667       0.000    

 Surface forces referred to Sref,Cref,Bref about Xmom,Ymom,Zmom
 Standard axis orientation,  X fwd, Z down         

  Surface # 7     vertical_stabilizer                     
     # chordwise = 10   # spanwise = 30     First strip =461
     Surface area =  15.442           ave. chord =  3.1066    
     CLsurf  =   0.000000     Clsurf  =  -0.000000
     CYsurf  =  -0.000005     Cmsurf  =  -0.000000
     CDsurf  =  -0.000000     Cnsurf  =   0.000002
     CDisurf =  -0.000000     CDvsurf =   0.000000

  Forces referred to Ssurf, Cave about hinge axis thru LE
     cl_surf =   0.000000     cd_surf =  -0.000000

 Strip Forces referred to strip area, chord
    j    xLE         yLE         zLE         Chord       Area        Dihedral   c cl        ai_ff       cl           clj         cd          cdv         cm_c/4     c.p.x/c      Dcj
   461   20.77       0.000       1.055       3.878      0.1484       90.00      0.2738E-04 -0.1852E-04  0.7059E-05   0.000      0.2586E-10   0.000      0.6603E-06  0.1564       0.000    
   462   20.80       0.000       1.105       3.863      0.2417       90.00      0.5065E-04  0.8216E-03  0.1311E-04   0.000     -0.3253E-10   0.000      0.1281E-05  0.1523       0.000    
   463   20.85       0.000       1.180       3.839      0.3317       90.00      0.7498E-04  0.1013E-03  0.1953E-04   0.000     -0.1807E-09   0.000      0.2067E-05  0.1442       0.000    
   464   20.91       0.000       1.278       3.809      0.4170       90.00      0.9911E-04  0.2343E-03  0.2602E-04   0.000     -0.5779E-09   0.000      0.3033E-05  0.1335       0.000    
   465   20.99       0.000       1.399       3.771      0.4962       90.00      0.2352E-03 -0.6567E-03  0.6238E-04   0.000     -0.1579E-09   0.000      0.5427E-05  0.1630       0.000    
   466   21.07       0.000       1.541       3.726      0.5681       90.00      0.9782E-04 -0.2848E-04  0.2625E-04   0.000     -0.2717E-09   0.000      0.2204E-05  0.1660       0.000    
   467   21.18       0.000       1.703       3.676      0.6317       90.00      0.1006E-03 -0.3936E-05  0.2737E-04   0.000     -0.2930E-09   0.000      0.2210E-05  0.1693       0.000    
   468   21.29       0.000       1.884       3.619      0.6862       90.00      0.9777E-04 -0.2462E-05  0.2701E-04   0.000     -0.2474E-09   0.000      0.1928E-05  0.1786       0.000    
   469   21.41       0.000       2.082       3.557      0.7308       90.00      0.9350E-04 -0.2325E-05  0.2628E-04   0.000     -0.2079E-09   0.000      0.1632E-05  0.1879       0.000    
   470   21.54       0.000       2.294       3.491      0.7653       90.00      0.8872E-04 -0.2326E-05  0.2541E-04   0.000     -0.1767E-09   0.000      0.1362E-05  0.1964       0.000    
   471   21.68       0.000       2.520       3.420      0.7894       90.00      0.8373E-04 -0.2352E-05  0.2448E-04   0.000     -0.1516E-09   0.000      0.1123E-05  0.2041       0.000    
   472   21.83       0.000       2.755       3.347      0.8033       90.00      0.7874E-04 -0.2383E-05  0.2353E-04   0.000     -0.1309E-09   0.000      0.9126E-06  0.2112       0.000    
   473   21.98       0.000       2.999       3.271      0.8072       90.00      0.7387E-04 -0.2411E-05  0.2259E-04   0.000     -0.1137E-09   0.000      0.7279E-06  0.2178       0.000    
   474   22.14       0.000       3.248       3.193      0.8015       90.00      0.6925E-04 -0.2436E-05  0.2169E-04   0.000     -0.9937E-10   0.000      0.5651E-06  0.2239       0.000    
   475   22.29       0.000       3.501       3.114      0.7868       90.00      0.6497E-04 -0.2455E-05  0.2087E-04   0.000     -0.8753E-10   0.000      0.4204E-06  0.2299       0.000    
   476   22.45       0.000       3.753       3.035      0.7640       90.00      0.6110E-04 -0.2466E-05  0.2013E-04   0.000     -0.7778E-10   0.000      0.2905E-06  0.2356       0.000    
   477   22.61       0.000       4.003       2.957      0.7337       90.00      0.5767E-04 -0.2468E-05  0.1950E-04   0.000     -0.6979E-10   0.000      0.1728E-06  0.2411       0.000    
   478   22.76       0.000       4.249       2.880      0.6970       90.00      0.5471E-04 -0.2456E-05  0.1900E-04   0.000     -0.6332E-10   0.000      0.6580E-07  0.2465       0.000    
   479   22.91       0.000       4.487       2.806      0.6546       90.00      0.5222E-04 -0.2425E-05  0.1861E-04   0.000     -0.5812E-10   0.000     -0.3004E-07  0.2516       0.000    
   480   23.05       0.000       4.715       2.735      0.6076       90.00      0.5018E-04 -0.2372E-05  0.1835E-04   0.000     -0.5404E-10   0.000     -0.1120E-06  0.2561       0.000    
   481   23.18       0.000       4.931       2.667      0.5568       90.00      0.4856E-04 -0.2294E-05  0.1821E-04   0.000     -0.5093E-10   0.000     -0.1751E-06  0.2596       0.000    
   482   23.31       0.000       5.132       2.604      0.5030       90.00      0.4731E-04 -0.2189E-05  0.1817E-04   0.000     -0.4868E-10   0.000     -0.2126E-06  0.2617       0.000    
   483   23.42       0.000       5.316       2.547      0.4469       90.00      0.4637E-04 -0.2060E-05  0.1821E-04   0.000     -0.4720E-10   0.000     -0.2175E-06  0.2619       0.000    
   484   23.53       0.000       5.482       2.495      0.3892       90.00      0.4566E-04 -0.1912E-05  0.1830E-04   0.000     -0.4645E-10   0.000     -0.1852E-06  0.2601       0.000    
   485   23.62       0.000       5.628       2.449      0.3304       90.00      0.4511E-04 -0.1750E-05  0.1842E-04   0.000     -0.4643E-10   0.000     -0.1158E-06  0.2563       0.000    
   486   23.70       0.000       5.752       2.410      0.2709       90.00      0.4466E-04 -0.1581E-05  0.1853E-04   0.000     -0.4718E-10   0.000     -0.1650E-07  0.2509       0.000    
   487   23.76       0.000       5.852       2.379      0.2109       90.00      0.4420E-04 -0.1412E-05  0.1858E-04   0.000     -0.4756E-10   0.000      0.9994E-07  0.2446       0.000    
   488   23.81       0.000       5.929       2.355      0.1507       90.00      0.4341E-04 -0.1240E-05  0.1843E-04   0.000     -0.4132E-10   0.000      0.2133E-06  0.2384       0.000    
   489   23.84       0.000       5.980       2.339      0.9044E-01   90.00      0.4057E-04 -0.1114E-05  0.1734E-04   0.000      0.7285E-11   0.000      0.1696E-06  0.2402       0.000    
   490   23.85       0.000       6.006       2.331      0.3015E-01   90.00      0.1947E-04 -0.1495E-05  0.8352E-05   0.000      0.6421E-09   0.000     -0.1743E-05  0.4587       0.000    

 Surface forces referred to Sref,Cref,Bref about Xmom,Ymom,Zmom
 Standard axis orientation,  X fwd, Z down         

  Surface # 8     fuselage_horizontal                     
     # chordwise = 10   # spanwise = 30     First strip =491
     Surface area =  65.503           ave. chord =  23.647    
     CLsurf  =   0.007512     Clsurf  =   0.000000
     CYsurf  =   0.000001     Cmsurf  =   0.049255
     CDsurf  =   0.000034     Cnsurf  =  -0.000001
     CDisurf =   0.000034     CDvsurf =   0.000000

  Forces referred to Ssurf, Cave about hinge axis thru LE
     cl_surf =   0.007383     cd_surf =   0.000033

 Strip Forces referred to strip area, chord
    j    xLE         yLE         zLE         Chord       Area        Dihedral   c cl        ai_ff       cl           clj         cd          cdv         cm_c/4     c.p.x/c      Dcj
   491   3.132      -1.339       0.000       15.61       1.441       0.000      0.6667E-01  0.4464E-01  0.4294E-02   0.000     -0.3267E-03   0.000      0.2441E-02 -0.3185       0.000    
   492   2.645      -1.247       0.000       17.73       1.637       0.000      0.1007      0.4948E-01  0.5697E-02   0.000     -0.2216E-03   0.000      0.2876E-02 -0.2548       0.000    
   493   2.159      -1.154       0.000       19.86       1.834       0.000      0.1261      0.5253E-01  0.6365E-02   0.000     -0.1098E-03   0.000      0.2938E-02 -0.2115       0.000    
   494   1.788      -1.062       0.000       21.39       1.975       0.000      0.1447      0.5392E-01  0.6777E-02   0.000     -0.2316E-04   0.000      0.3038E-02 -0.1982       0.000    
   495   1.533     -0.9695       0.000       22.32       2.061       0.000      0.1603      0.5406E-01  0.7187E-02   0.000      0.2189E-04   0.000      0.3166E-02 -0.1906       0.000    
   496   1.278     -0.8772       0.000       23.26       2.147       0.000      0.1728      0.5387E-01  0.7439E-02   0.000      0.8778E-05   0.000      0.3248E-02 -0.1866       0.000    
   497   1.058     -0.7848       0.000       24.08       2.223       0.000      0.1829      0.5330E-01  0.7607E-02   0.000      0.8262E-05   0.000      0.3316E-02 -0.1860       0.000    
   498  0.8733     -0.6925       0.000       24.78       2.288       0.000      0.1914      0.5298E-01  0.7732E-02   0.000      0.3173E-05   0.000      0.3370E-02 -0.1858       0.000    
   499  0.6887     -0.6002       0.000       25.49       2.353       0.000      0.1982      0.5247E-01  0.7790E-02   0.000     -0.2320E-04   0.000      0.3398E-02 -0.1862       0.000    
   500  0.5311     -0.5078       0.000       26.02       2.403       0.000      0.2038      0.5205E-01  0.7845E-02   0.000     -0.7607E-04   0.000      0.3428E-02 -0.1870       0.000    
   501  0.4004     -0.4155       0.000       26.38       2.436       0.000      0.2085      0.5182E-01  0.7914E-02   0.000     -0.5778E-05   0.000      0.3460E-02 -0.1873       0.000    
   502  0.2697     -0.3232       0.000       26.74       2.469       0.000      0.2121      0.5160E-01  0.7947E-02   0.000     -0.6827E-04   0.000      0.3474E-02 -0.1871       0.000    
   503  0.1703     -0.2308       0.000       26.95       2.488       0.000      0.2148      0.5153E-01  0.7982E-02   0.000     -0.1997E-04   0.000      0.3491E-02 -0.1873       0.000    
   504  0.1022     -0.1385       0.000       27.02       2.495       0.000      0.2167      0.5152E-01  0.8021E-02   0.000      0.2109E-03   0.000      0.3510E-02 -0.1876       0.000    
   505  0.3407E-01 -0.4617E-01   0.000       27.09       2.501       0.000      0.2177      0.5146E-01  0.8005E-02   0.000      0.8103E-03   0.000      0.3513E-02 -0.1889       0.000    
   506  0.3407E-01  0.4617E-01   0.000       27.09       2.501       0.000      0.2176      0.5162E-01  0.8004E-02   0.000      0.8103E-03   0.000      0.3514E-02 -0.1890       0.000    
   507  0.1022      0.1385       0.000       27.02       2.495       0.000      0.2166      0.5156E-01  0.8017E-02   0.000      0.2107E-03   0.000      0.3511E-02 -0.1879       0.000    
   508  0.1703      0.2308       0.000       26.95       2.488       0.000      0.2146      0.5154E-01  0.7977E-02   0.000     -0.2041E-04   0.000      0.3492E-02 -0.1878       0.000    
   509  0.2697      0.3232       0.000       26.74       2.469       0.000      0.2119      0.5160E-01  0.7940E-02   0.000     -0.6886E-04   0.000      0.3476E-02 -0.1877       0.000    
   510  0.4004      0.4155       0.000       26.38       2.436       0.000      0.2082      0.5182E-01  0.7906E-02   0.000     -0.6300E-05   0.000      0.3462E-02 -0.1879       0.000    
   511  0.5311      0.5078       0.000       26.02       2.403       0.000      0.2035      0.5205E-01  0.7837E-02   0.000     -0.7672E-04   0.000      0.3430E-02 -0.1877       0.000    
   512  0.6887      0.6002       0.000       25.49       2.353       0.000      0.1980      0.5247E-01  0.7781E-02   0.000     -0.2381E-04   0.000      0.3400E-02 -0.1869       0.000    
   513  0.8733      0.6925       0.000       24.78       2.288       0.000      0.1911      0.5298E-01  0.7722E-02   0.000      0.2605E-05   0.000      0.3372E-02 -0.1866       0.000    
   514   1.058      0.7848       0.000       24.08       2.223       0.000      0.1827      0.5330E-01  0.7596E-02   0.000      0.7696E-05   0.000      0.3319E-02 -0.1869       0.000    
   515   1.278      0.8772       0.000       23.26       2.147       0.000      0.1725      0.5387E-01  0.7428E-02   0.000      0.8244E-05   0.000      0.3251E-02 -0.1876       0.000    
   516   1.533      0.9695       0.000       22.32       2.061       0.000      0.1600      0.5407E-01  0.7176E-02   0.000      0.2142E-04   0.000      0.3169E-02 -0.1916       0.000    
   517   1.788       1.062       0.000       21.39       1.975       0.000      0.1445      0.5393E-01  0.6766E-02   0.000     -0.2353E-04   0.000      0.3040E-02 -0.1993       0.000    
   518   2.159       1.154       0.000       19.86       1.834       0.000      0.1259      0.5254E-01  0.6353E-02   0.000     -0.1102E-03   0.000      0.2941E-02 -0.2129       0.000    
   519   2.645       1.247       0.000       17.73       1.637       0.000      0.1005      0.4949E-01  0.5684E-02   0.000     -0.2220E-03   0.000      0.2879E-02 -0.2565       0.000    
   520   3.132       1.339       0.000       15.61       1.441       0.000      0.6650E-01  0.4465E-01  0.4284E-02   0.000     -0.3271E-03   0.000      0.2445E-02 -0.3207       0.000    

 Surface forces referred to Sref,Cref,Bref about Xmom,Ymom,Zmom
 Standard axis orientation,  X fwd, Z down         

  Surface # 9     fuselage_vertical                       
     # chordwise = 10   # spanwise = 30     First strip =521
     Surface area =  65.103           ave. chord =  23.503    
     CLsurf  =   0.000000     Clsurf  =   0.000000
     CYsurf  =  -0.000006     Cmsurf  =  -0.000000
     CDsurf  =   0.000000     Cnsurf  =   0.000001
     CDisurf =   0.000000     CDvsurf =   0.000000

  Forces referred to Ssurf, Cave about hinge axis thru LE
     cl_surf =   0.000000     cd_surf =   0.000000

 Strip Forces referred to strip area, chord
    j    xLE         yLE         zLE         Chord       Area        Dihedral   c cl        ai_ff       cl           clj         cd          cdv         cm_c/4     c.p.x/c      Dcj
   521   2.856       0.000      -1.339       15.65       1.445       90.00     -0.2539E-06 -0.7074E-05 -0.1622E-07   0.000     -0.1402E-10   0.000     -0.6707E-06  -41.11       0.000    
   522   1.819       0.000      -1.247       17.87       1.650       90.00      0.6764E-06 -0.5847E-05  0.3785E-07   0.000     -0.8652E-11   0.000     -0.8321E-06   22.23       0.000    
   523  0.7817       0.000      -1.154       20.09       1.855       90.00      0.2090E-05 -0.4590E-05  0.1041E-06   0.000      0.2179E-10   0.000     -0.8748E-06   8.657       0.000    
   524  0.2207       0.000      -1.062       21.48       1.984       90.00     -0.6502E-05 -0.3151E-05 -0.3026E-06   0.000      0.4794E-10   0.000     -0.6753E-06  -1.981       0.000    
   525  0.1361       0.000     -0.9695       22.06       2.037       90.00     -0.4589E-05 -0.2930E-05 -0.2080E-06   0.000      0.3220E-10   0.000     -0.7479E-06  -3.345       0.000    
   526  0.5142E-01   0.000     -0.8772       22.63       2.090       90.00     -0.1863E-05 -0.2590E-05 -0.8233E-07   0.000      0.3419E-10   0.000     -0.8115E-06  -9.608       0.000    
   527  0.1405E-01   0.000     -0.7848       23.10       2.133       90.00      0.3591E-06 -0.2207E-05  0.1554E-07   0.000      0.3716E-10   0.000     -0.8482E-06   54.82       0.000    
   528  0.2395E-01   0.000     -0.6925       23.47       2.167       90.00      0.5020E-05 -0.1966E-05  0.2139E-06   0.000      0.3860E-10   0.000     -0.9171E-06   4.538       0.000    
   529  0.3385E-01   0.000     -0.6002       23.83       2.200       90.00      0.1083E-04 -0.1611E-05  0.4546E-06   0.000      0.3778E-10   0.000     -0.9837E-06   2.414       0.000    
   530  0.6640E-01   0.000     -0.5078       24.15       2.229       90.00      0.1766E-04 -0.1212E-05  0.7312E-06   0.000      0.3334E-10   0.000     -0.1052E-05   1.689       0.000    
   531  0.1216       0.000     -0.4155       24.41       2.254       90.00      0.2687E-04 -0.6955E-06  0.1101E-05   0.000      0.2633E-10   0.000     -0.1126E-05   1.273       0.000    
   532  0.1768       0.000     -0.3232       24.67       2.278       90.00      0.3875E-04  0.4380E-06  0.1571E-05   0.000      0.1878E-10   0.000     -0.1200E-05   1.014       0.000    
   533  0.2450       0.000     -0.2308       24.90       2.299       90.00      0.5513E-04  0.4403E-05  0.2214E-05   0.000      0.1423E-10   0.000     -0.1305E-05  0.8394       0.000    
   534  0.3263       0.000     -0.1385       25.09       2.317       90.00      0.7900E-04  0.2208E-04  0.3148E-05   0.000      0.2078E-10   0.000     -0.1429E-05  0.7039       0.000    
   535  0.4076       0.000     -0.4617E-01   25.29       2.335       90.00      0.1125E-03  0.7912E-04  0.4447E-05   0.000      0.5232E-10   0.000     -0.1591E-05  0.6077       0.000    
   536  0.5006       0.000      0.4617E-01   25.46       2.351       90.00      0.1515E-03 -0.8105E-04  0.5948E-05   0.000      0.1020E-09   0.000     -0.1817E-05  0.5554       0.000    
   537  0.6052       0.000      0.1385       25.61       2.365       90.00      0.1834E-03 -0.2403E-04  0.7161E-05   0.000      0.1225E-09   0.000     -0.1945E-05  0.5216       0.000    
   538  0.7098       0.000      0.2308       25.76       2.378       90.00      0.1978E-03 -0.6264E-05  0.7679E-05   0.000      0.7539E-10   0.000     -0.1924E-05  0.5005       0.000    
   539  0.8268       0.000      0.3232       25.85       2.387       90.00      0.2152E-03 -0.2154E-05  0.8325E-05   0.000      0.2973E-10   0.000     -0.2147E-05  0.5079       0.000    
   540  0.9561       0.000      0.4155       25.90       2.392       90.00      0.2267E-03 -0.1107E-05  0.8752E-05   0.000      0.7043E-11   0.000     -0.2169E-05  0.4978       0.000    
   541   1.086       0.000      0.5078       25.95       2.396       90.00      0.2348E-03 -0.7883E-06  0.9051E-05   0.000     -0.4127E-10   0.000     -0.2166E-05  0.4893       0.000    
   542   1.230       0.000      0.6002       25.89       2.391       90.00      0.2578E-03 -0.7686E-06  0.9959E-05   0.000     -0.8640E-10   0.000     -0.2784E-05  0.5296       0.000    
   543   1.390       0.000      0.6925       25.73       2.376       90.00      0.2609E-03 -0.1000E-05  0.1014E-04   0.000     -0.4653E-10   0.000     -0.2775E-05  0.5236       0.000    
   544   1.549       0.000      0.7848       25.57       2.361       90.00      0.2604E-03 -0.1801E-05  0.1018E-04   0.000     -0.4491E-10   0.000     -0.2726E-05  0.5177       0.000    
   545   1.732       0.000      0.8772       25.39       2.344       90.00      0.2557E-03 -0.5390E-05  0.1007E-04   0.000     -0.9469E-10   0.000     -0.2628E-05  0.5109       0.000    
   546   1.938       0.000      0.9695       25.18       2.325       90.00      0.2397E-03 -0.3853E-04  0.9519E-05   0.000     -0.2043E-09   0.000     -0.2356E-05  0.4975       0.000    
   547   2.144       0.000       1.062       24.98       2.306       90.00      0.2070E-03 -0.8320E-04  0.8289E-05   0.000     -0.6603E-09   0.000     -0.1801E-05  0.4673       0.000    
   548   2.435       0.000       1.154       23.15       2.138       90.00      0.4380E-03  0.1222E-03  0.1892E-04   0.000      0.4788E-09   0.000     -0.1101E-04  0.8317       0.000    
   549   2.811       0.000       1.247       19.71       1.820       90.00      0.3367E-03  0.1110E-03  0.1708E-04   0.000      0.2453E-09   0.000     -0.1068E-04  0.8753       0.000    
   550   3.187       0.000       1.339       16.27       1.502       90.00      0.1561E-03 -0.2255E-03  0.9594E-05   0.000      0.1091E-09   0.000     -0.6455E-05  0.9228       0.000    

 Surface forces referred to Sref,Cref,Bref about Xmom,Ymom,Zmom
 Standard axis orientation,  X fwd, Z down         

  Surface #10     nacelle_horizontal                      
     # chordwise =  6   # spanwise = 11     First strip =551
     Surface area = 0.43562           ave. chord = 0.82928    
     CLsurf  =   0.000527     Clsurf  =  -0.000050
     CYsurf  =   0.000000     Cmsurf  =   0.000230
     CDsurf  =   0.000006     Cnsurf  =  -0.000002
     CDisurf =   0.000006     CDvsurf =   0.000000

  Forces referred to Ssurf, Cave about hinge axis thru LE
     cl_surf =   0.077864     cd_surf =   0.000903

 Strip Forces referred to strip area, chord
    j    xLE         yLE         zLE         Chord       Area        Dihedral   c cl        ai_ff       cl           clj         cd          cdv         cm_c/4     c.p.x/c      Dcj
   551   10.77       2.426       1.122      0.2895      0.1523E-01   0.000      0.3864E-01  0.8337E-01  0.1339       0.000     -0.3838E-02   0.000      0.5447E-02  0.2093       0.000    
   552   10.62       2.479       1.122      0.6814      0.3577E-01   0.000      0.5835E-01  0.9623E-01  0.8574E-01   0.000      0.4177E-04   0.000      0.6732E-02  0.1715       0.000    
   553   10.55       2.531       1.122      0.9000      0.4725E-01   0.000      0.7032E-01  0.9887E-01  0.7820E-01   0.000      0.8269E-03   0.000      0.6665E-02  0.1648       0.000    
   554   10.49       2.584       1.122       1.071      0.5636E-01   0.000      0.7734E-01  0.9705E-01  0.7220E-01   0.000      0.1496E-02   0.000      0.6340E-02  0.1622       0.000    
   555   10.47       2.623       1.122       1.176      0.3087E-01   0.000      0.7972E-01  0.8918E-01  0.6777E-01   0.000      0.2193E-02   0.000      0.6086E-02  0.1602       0.000    
   556   10.46       2.650       1.122       1.233      0.3235E-01   0.000      0.8054E-01  0.7049E-01  0.6532E-01   0.000      0.2135E-02   0.000      0.5946E-02  0.1590       0.000    
   557   10.46       2.689       1.122       1.204      0.6323E-01   0.000      0.8028E-01  0.1235      0.6666E-01   0.000      0.1914E-02   0.000      0.6073E-02  0.1589       0.000    
   558   10.49       2.742       1.122       1.071      0.5625E-01   0.000      0.7620E-01  0.1068      0.7114E-01   0.000      0.1432E-02   0.000      0.6386E-02  0.1602       0.000    
   559   10.55       2.794       1.122      0.9000      0.4734E-01   0.000      0.6873E-01  0.1008      0.7643E-01   0.000      0.8026E-03   0.000      0.6728E-02  0.1620       0.000    
   560   10.62       2.847       1.122      0.6814      0.3577E-01   0.000      0.5705E-01  0.9702E-01  0.8384E-01   0.000      0.8468E-04   0.000      0.6858E-02  0.1682       0.000    
   561   10.77       2.899       1.122      0.2895      0.1520E-01   0.000      0.3819E-01  0.8466E-01  0.1323       0.000     -0.3452E-02   0.000      0.5900E-02  0.2054       0.000    

 Surface forces referred to Sref,Cref,Bref about Xmom,Ymom,Zmom
 Standard axis orientation,  X fwd, Z down         

  Surface #11     nacelle_horizontal (YDUP)               
     # chordwise =  6   # spanwise = 11     First strip =562
     Surface area = 0.43562           ave. chord = 0.82928    
     CLsurf  =   0.000343     Clsurf  =   0.000033
     CYsurf  =  -0.000000     Cmsurf  =   0.000151
     CDsurf  =   0.000004     Cnsurf  =   0.000001
     CDisurf =   0.000004     CDvsurf =   0.000000

  Forces referred to Ssurf, Cave about hinge axis thru LE
     cl_surf =   0.050677     cd_surf =   0.000554

 Strip Forces referred to strip area, chord
    j    xLE         yLE         zLE         Chord       Area        Dihedral   c cl        ai_ff       cl           clj         cd          cdv         cm_c/4     c.p.x/c      Dcj
   562   10.77      -2.426       1.122      0.2895      0.1523E-01   0.000      0.2853E-01  0.1305      0.9877E-01   0.000     -0.1808E-02   0.000      0.5307E-02  0.1963       0.000    
   563   10.62      -2.479       1.122      0.6814      0.3577E-01   0.000      0.4034E-01  0.1254      0.5928E-01   0.000      0.1205E-03   0.000      0.5487E-02  0.1574       0.000    
   564   10.55      -2.531       1.122      0.9000      0.4725E-01   0.000      0.4780E-01  0.1408      0.5315E-01   0.000      0.5039E-03   0.000      0.5102E-02  0.1540       0.000    
   565   10.49      -2.584       1.122       1.071      0.5636E-01   0.000      0.4920E-01  0.1181      0.4593E-01   0.000      0.9248E-03   0.000      0.4399E-02  0.1542       0.000    
   566   10.47      -2.623       1.122       1.176      0.3087E-01   0.000      0.4495E-01  0.6926E-03  0.3822E-01   0.000      0.1091E-02   0.000      0.3676E-02  0.1538       0.000    
   567   10.46      -2.650       1.122       1.233      0.3235E-01   0.000      0.4509E-01 -0.4111E-01  0.3658E-01   0.000      0.9950E-03   0.000      0.3560E-02  0.1527       0.000    
   568   10.46      -2.689       1.122       1.204      0.6323E-01   0.000      0.4976E-01  0.1619      0.4132E-01   0.000      0.1044E-02   0.000      0.4042E-02  0.1522       0.000    
   569   10.49      -2.742       1.122       1.071      0.5625E-01   0.000      0.4938E-01  0.1454      0.4611E-01   0.000      0.8366E-03   0.000      0.4516E-02  0.1521       0.000    
   570   10.55      -2.794       1.122      0.9000      0.4734E-01   0.000      0.4423E-01  0.1150      0.4919E-01   0.000      0.5264E-03   0.000      0.4910E-02  0.1502       0.000    
   571   10.62      -2.847       1.122      0.6814      0.3577E-01   0.000      0.3810E-01  0.1218      0.5598E-01   0.000      0.1893E-03   0.000      0.5430E-02  0.1530       0.000    
   572   10.77      -2.899       1.122      0.2895      0.1520E-01   0.000      0.2757E-01  0.1313      0.9545E-01   0.000     -0.1439E-02   0.000      0.5521E-02  0.1922       0.000    

 Surface forces referred to Sref,Cref,Bref about Xmom,Ymom,Zmom
 Standard axis orientation,  X fwd, Z down         

  Surface #12     nacelle_vertical                        
     # chordwise =  6   # spanwise = 11     First strip =573
     Surface area = 0.43561           ave. chord = 0.82926    
     CLsurf  =   0.000000     Clsurf  =   0.000000
     CYsurf  =  -0.000053     Cmsurf  =   0.000000
     CDsurf  =  -0.000000     Cnsurf  =  -0.000002
     CDisurf =  -0.000000     CDvsurf =   0.000000

  Forces referred to Ssurf, Cave about hinge axis thru LE
     cl_surf =   0.000020     cd_surf =  -0.000027

 Strip Forces referred to strip area, chord
    j    xLE         yLE         zLE         Chord       Area        Dihedral   c cl        ai_ff       cl           clj         cd          cdv         cm_c/4     c.p.x/c      Dcj
   573   10.77       2.663      0.8860      0.2895      0.1523E-01   90.00      0.1865E-02  0.3522E-02  0.6443E-02   0.000     -0.6673E-04   0.000      0.2871E-02 -0.1956       0.000    
   574   10.62       2.663      0.9385      0.6814      0.3577E-01   90.00      0.3237E-02  0.4072E-02  0.4750E-02   0.000     -0.2273E-04   0.000      0.1206E-02 -0.3798E-02   0.000    
   575   10.55       2.663      0.9910      0.9000      0.4725E-01   90.00      0.3445E-02  0.2329E-02  0.3828E-02   0.000     -0.1256E-04   0.000      0.8836E-03  0.1916E-01   0.000    
   576   10.49       2.663       1.044       1.071      0.5625E-01   90.00      0.2448E-02 -0.1135E-01  0.2284E-02   0.000     -0.4556E-05   0.000      0.5270E-03  0.1930E-01   0.000    
   577   10.47       2.663       1.083       1.176      0.3093E-01   90.00      0.2999E-02 -0.2454E-01  0.2550E-02   0.000     -0.4894E-05   0.000      0.5197E-03  0.4623E-01   0.000    
   578   10.46       2.663       1.109       1.233      0.3242E-01   90.00      0.6118E-02 -0.3879E-02  0.4964E-02   0.000     -0.9811E-05   0.000      0.9134E-03  0.6598E-01   0.000    
   579   10.46       2.663       1.149       1.204      0.6323E-01   90.00      0.1275E-01  0.2408E-01  0.1059E-01   0.000     -0.2023E-04   0.000      0.2230E-03  0.2289       0.000    
   580   10.49       2.663       1.201       1.071      0.5625E-01   90.00      0.1326E-01  0.1930E-01  0.1238E-01   0.000     -0.3892E-04   0.000      0.7291E-04  0.2441       0.000    
   581   10.55       2.663       1.254      0.9000      0.4725E-01   90.00      0.1026E-01  0.4769E-02  0.1140E-01   0.000     -0.4128E-04   0.000     -0.1286E-03  0.2613       0.000    
   582   10.62       2.663       1.306      0.6814      0.3584E-01   90.00      0.7946E-02  0.1602E-02  0.1166E-01   0.000     -0.4686E-04   0.000     -0.4568E-03  0.2892       0.000    
   583   10.77       2.663       1.359      0.2895      0.1520E-01   90.00      0.5737E-02 -0.2572E-02  0.1982E-01   0.000     -0.1012E-03   0.000     -0.3087E-02  0.4058       0.000    

 Surface forces referred to Sref,Cref,Bref about Xmom,Ymom,Zmom
 Standard axis orientation,  X fwd, Z down         

  Surface #13     nacelle_vertical (YDUP)                 
     # chordwise =  6   # spanwise = 11     First strip =584
     Surface area = 0.43561           ave. chord = 0.82926    
     CLsurf  =   0.000000     Clsurf  =  -0.000000
     CYsurf  =   0.000035     Cmsurf  =   0.000000
     CDsurf  =  -0.000000     Cnsurf  =   0.000001
     CDisurf =  -0.000000     CDvsurf =   0.000000

  Forces referred to Ssurf, Cave about hinge axis thru LE
     cl_surf =   0.000013     cd_surf =  -0.000018

 Strip Forces referred to strip area, chord
    j    xLE         yLE         zLE         Chord       Area        Dihedral   c cl        ai_ff       cl           clj         cd          cdv         cm_c/4     c.p.x/c      Dcj
   584   10.77      -2.663      0.8860      0.2895      0.1523E-01  -90.00      0.1338E-02  0.7885E-02  0.4620E-02   0.000     -0.4275E-04   0.000      0.2180E-02 -0.2218       0.000    
   585   10.62      -2.663      0.9385      0.6814      0.3577E-01  -90.00      0.2185E-02  0.8048E-02  0.3206E-02   0.000     -0.1573E-04   0.000      0.8925E-03 -0.2838E-01   0.000    
   586   10.55      -2.663      0.9910      0.9000      0.4725E-01  -90.00      0.2110E-02  0.6467E-02  0.2345E-02   0.000     -0.8311E-05   0.000      0.6057E-03 -0.8332E-02   0.000    
   587   10.49      -2.663       1.044       1.071      0.5625E-01  -90.00      0.5553E-03 -0.2547E-01  0.5183E-03   0.000     -0.1446E-05   0.000      0.1981E-03 -0.1322       0.000    
   588   10.47      -2.663       1.083       1.176      0.3093E-01  -90.00      0.2753E-03 -0.7344E-01  0.2341E-03   0.000     -0.1087E-05   0.000      0.1086E-03 -0.2138       0.000    
   589   10.46      -2.663       1.109       1.233      0.3242E-01  -90.00      0.3166E-02 -0.7425E-01  0.2569E-02   0.000     -0.6434E-05   0.000      0.4964E-03  0.5677E-01   0.000    
   590   10.46      -2.663       1.149       1.204      0.6323E-01  -90.00      0.9365E-02  0.6844E-01  0.7776E-02   0.000     -0.1782E-04   0.000      0.2169E-03  0.2221       0.000    
   591   10.49      -2.663       1.201       1.071      0.5625E-01  -90.00      0.9719E-02  0.3625E-01  0.9071E-02   0.000     -0.3166E-04   0.000      0.1158E-03  0.2372       0.000    
   592   10.55      -2.663       1.254      0.9000      0.4725E-01  -90.00      0.6774E-02  0.2885E-02  0.7527E-02   0.000     -0.2604E-04   0.000     -0.1862E-04  0.2525       0.000    
   593   10.62      -2.663       1.306      0.6814      0.3584E-01  -90.00      0.5294E-02  0.1115E-02  0.7769E-02   0.000     -0.2836E-04   0.000     -0.2084E-03  0.2768       0.000    
   594   10.77      -2.663       1.359      0.2895      0.1520E-01  -90.00      0.4127E-02 -0.6473E-03  0.1425E-01   0.000     -0.6133E-04   0.000     -0.2055E-02  0.3942       0.000    

 Surface forces referred to Sref,Cref,Bref about Xmom,Ymom,Zmom
 Standard axis orientation,  X fwd, Z down         

  Surface #14     nacelle_2_horizontal                    
     # chordwise =  6   # spanwise = 11     First strip =595
     Surface area = 0.43561           ave. chord = 0.82926    
     CLsurf  =   0.000483     Clsurf  =  -0.000181
     CYsurf  =  -0.000000     Cmsurf  =   0.000146
     CDsurf  =   0.000008     Cnsurf  =  -0.000007
     CDisurf =   0.000008     CDvsurf =   0.000000

  Forces referred to Ssurf, Cave about hinge axis thru LE
     cl_surf =   0.071390     cd_surf =   0.001131

 Strip Forces referred to strip area, chord
    j    xLE         yLE         zLE         Chord       Area        Dihedral   c cl        ai_ff       cl           clj         cd          cdv         cm_c/4     c.p.x/c      Dcj
   595   11.09       10.19       1.122      0.2895      0.1520E-01   0.000      0.3515E-01  0.7853E-01  0.1217       0.000     -0.2413E-02   0.000      0.5295E-02  0.2065       0.000    
   596   10.94       10.24       1.122      0.6814      0.3584E-01   0.000      0.5253E-01  0.8991E-01  0.7717E-01   0.000      0.4626E-03   0.000      0.6261E-02  0.1689       0.000    
   597   10.87       10.29       1.122      0.9000      0.4725E-01   0.000      0.6312E-01  0.9311E-01  0.7017E-01   0.000      0.1053E-02   0.000      0.6141E-02  0.1625       0.000    
   598   10.81       10.34       1.122       1.071      0.5625E-01   0.000      0.6972E-01  0.9747E-01  0.6508E-01   0.000      0.1559E-02   0.000      0.5839E-02  0.1603       0.000    
   599   10.78       10.40       1.122       1.204      0.6323E-01   0.000      0.7329E-01  0.1117      0.6084E-01   0.000      0.1922E-02   0.000      0.5591E-02  0.1581       0.000    
   600   10.78       10.44       1.122       1.233      0.3242E-01   0.000      0.7371E-01  0.6627E-01  0.5978E-01   0.000      0.2096E-02   0.000      0.5501E-02  0.1580       0.000    
   601   10.79       10.46       1.122       1.176      0.3093E-01   0.000      0.7302E-01  0.8429E-01  0.6206E-01   0.000      0.2167E-02   0.000      0.5641E-02  0.1591       0.000    
   602   10.81       10.50       1.122       1.071      0.5625E-01   0.000      0.7088E-01  0.9064E-01  0.6616E-01   0.000      0.1608E-02   0.000      0.5893E-02  0.1609       0.000    
   603   10.87       10.55       1.122      0.9000      0.4725E-01   0.000      0.6444E-01  0.9151E-01  0.7165E-01   0.000      0.1080E-02   0.000      0.6208E-02  0.1633       0.000    
   604   10.94       10.61       1.122      0.6814      0.3577E-01   0.000      0.5354E-01  0.8906E-01  0.7865E-01   0.000      0.4516E-03   0.000      0.6316E-02  0.1697       0.000    
   605   11.09       10.66       1.122      0.2895      0.1523E-01   0.000      0.3569E-01  0.7749E-01  0.1236       0.000     -0.2556E-02   0.000      0.5312E-02  0.2070       0.000    

 Surface forces referred to Sref,Cref,Bref about Xmom,Ymom,Zmom
 Standard axis orientation,  X fwd, Z down         

  Surface #15     nacelle_2_vertical                      
     # chordwise =  6   # spanwise = 11     First strip =606
     Surface area = 0.43561           ave. chord = 0.82926    
     CLsurf  =   0.000000     Clsurf  =  -0.000000
     CYsurf  =   0.000015     Cmsurf  =   0.000000
     CDsurf  =  -0.000000     Cnsurf  =   0.000000
     CDisurf =  -0.000000     CDvsurf =   0.000000

  Forces referred to Ssurf, Cave about hinge axis thru LE
     cl_surf =   0.000002     cd_surf =  -0.000002

 Strip Forces referred to strip area, chord
    j    xLE         yLE         zLE         Chord       Area        Dihedral   c cl        ai_ff       cl           clj         cd          cdv         cm_c/4     c.p.x/c      Dcj
   606   11.09       10.42      0.8860      0.2895      0.1523E-01   90.00     -0.1100E-03  0.1560E-01 -0.3799E-03   0.000     -0.1766E-06   0.000     -0.1356E-03 -0.1069       0.000    
   607   10.94       10.42      0.9385      0.6814      0.3577E-01   90.00     -0.3781E-04  0.1549E-01 -0.5549E-04   0.000     -0.8540E-08   0.000      0.8889E-04   1.852       0.000    
   608   10.87       10.42      0.9910      0.9000      0.4725E-01   90.00      0.4551E-03  0.1702E-01  0.5056E-03   0.000     -0.3946E-06   0.000      0.2451E-03 -0.2347       0.000    
   609   10.81       10.42       1.044       1.071      0.5625E-01   90.00      0.1793E-02  0.2934E-01  0.1673E-02   0.000     -0.1751E-05   0.000      0.4860E-03 -0.4047E-01   0.000    
   610   10.79       10.42       1.083       1.176      0.3093E-01   90.00      0.1534E-02  0.4085E-01  0.1304E-02   0.000      0.2218E-06   0.000      0.4328E-03 -0.8181E-01   0.000    
   611   10.78       10.42       1.109       1.233      0.3242E-01   90.00     -0.1167E-02  0.2108E-01 -0.9467E-03   0.000     -0.1364E-06   0.000      0.6959E-04  0.3235       0.000    
   612   10.78       10.42       1.149       1.204      0.6323E-01   90.00     -0.6107E-02 -0.2645E-02 -0.5071E-02   0.000     -0.1766E-05   0.000      0.1175E-03  0.2732       0.000    
   613   10.81       10.42       1.201       1.071      0.5625E-01   90.00     -0.6516E-02  0.1334E-02 -0.6082E-02   0.000     -0.6037E-05   0.000      0.1797E-03  0.2795       0.000    
   614   10.87       10.42       1.254      0.9000      0.4725E-01   90.00     -0.4028E-02  0.1458E-01 -0.4476E-02   0.000     -0.4086E-05   0.000      0.2329E-03  0.3020       0.000    
   615   10.94       10.42       1.306      0.6814      0.3584E-01   90.00     -0.2511E-02  0.1761E-01 -0.3686E-02   0.000     -0.2966E-05   0.000      0.2807E-03  0.3262       0.000    
   616   11.09       10.42       1.359      0.2895      0.1520E-01   90.00     -0.1444E-02  0.2904E-01 -0.4988E-02   0.000     -0.5182E-05   0.000      0.8572E-03  0.4219       0.000    

 Surface forces referred to Sref,Cref,Bref about Xmom,Ymom,Zmom
 Standard axis orientation,  X fwd, Z down         

  Surface #16     nacelle_3_horizontal                    
     # chordwise =  6   # spanwise = 11     First strip =617
     Surface area = 0.43562           ave. chord = 0.82928    
     CLsurf  =   0.000343     Clsurf  =   0.000033
     CYsurf  =  -0.000000     Cmsurf  =   0.000151
     CDsurf  =   0.000004     Cnsurf  =   0.000001
     CDisurf =   0.000004     CDvsurf =   0.000000

  Forces referred to Ssurf, Cave about hinge axis thru LE
     cl_surf =   0.050677     cd_surf =   0.000554

 Strip Forces referred to strip area, chord
    j    xLE         yLE         zLE         Chord       Area        Dihedral   c cl        ai_ff       cl           clj         cd          cdv         cm_c/4     c.p.x/c      Dcj
   617   10.77      -2.899       1.122      0.2895      0.1520E-01   0.000      0.2757E-01  0.1313      0.9545E-01   0.000     -0.1439E-02   0.000      0.5521E-02  0.1922       0.000    
   618   10.62      -2.847       1.122      0.6814      0.3577E-01   0.000      0.3810E-01  0.1218      0.5598E-01   0.000      0.1893E-03   0.000      0.5430E-02  0.1530       0.000    
   619   10.55      -2.794       1.122      0.9000      0.4734E-01   0.000      0.4423E-01  0.1150      0.4919E-01   0.000      0.5264E-03   0.000      0.4910E-02  0.1502       0.000    
   620   10.49      -2.742       1.122       1.071      0.5625E-01   0.000      0.4938E-01  0.1454      0.4611E-01   0.000      0.8366E-03   0.000      0.4516E-02  0.1521       0.000    
   621   10.46      -2.689       1.122       1.204      0.6323E-01   0.000      0.4976E-01  0.1619      0.4132E-01   0.000      0.1044E-02   0.000      0.4042E-02  0.1522       0.000    
   622   10.46      -2.650       1.122       1.233      0.3235E-01   0.000      0.4509E-01 -0.4111E-01  0.3658E-01   0.000      0.9950E-03   0.000      0.3560E-02  0.1527       0.000    
   623   10.47      -2.623       1.122       1.176      0.3087E-01   0.000      0.4495E-01  0.6926E-03  0.3822E-01   0.000      0.1091E-02   0.000      0.3676E-02  0.1538       0.000    
   624   10.49      -2.584       1.122       1.071      0.5636E-01   0.000      0.4920E-01  0.1181      0.4593E-01   0.000      0.9248E-03   0.000      0.4399E-02  0.1542       0.000    
   625   10.55      -2.531       1.122      0.9000      0.4725E-01   0.000      0.4780E-01  0.1408      0.5315E-01   0.000      0.5039E-03   0.000      0.5102E-02  0.1540       0.000    
   626   10.62      -2.479       1.122      0.6814      0.3577E-01   0.000      0.4034E-01  0.1254      0.5928E-01   0.000      0.1205E-03   0.000      0.5487E-02  0.1574       0.000    
   627   10.77      -2.426       1.122      0.2895      0.1523E-01   0.000      0.2853E-01  0.1305      0.9877E-01   0.000     -0.1808E-02   0.000      0.5307E-02  0.1963       0.000    

 Surface forces referred to Sref,Cref,Bref about Xmom,Ymom,Zmom
 Standard axis orientation,  X fwd, Z down         

  Surface #17     nacelle_3_vertical                      
     # chordwise =  6   # spanwise = 11     First strip =628
     Surface area = 0.43561           ave. chord = 0.82926    
     CLsurf  =   0.000000     Clsurf  =  -0.000000
     CYsurf  =   0.000035     Cmsurf  =   0.000000
     CDsurf  =  -0.000000     Cnsurf  =   0.000001
     CDisurf =  -0.000000     CDvsurf =   0.000000

  Forces referred to Ssurf, Cave about hinge axis thru LE
     cl_surf =   0.000013     cd_surf =  -0.000018

 Strip Forces referred to strip area, chord
    j    xLE         yLE         zLE         Chord       Area        Dihedral   c cl        ai_ff       cl           clj         cd          cdv         cm_c/4     c.p.x/c      Dcj
   628   10.77      -2.663      0.8860      0.2895      0.1523E-01   90.00     -0.1338E-02 -0.7885E-02 -0.4620E-02   0.000     -0.4275E-04   0.000     -0.2180E-02 -0.2218       0.000    
   629   10.62      -2.663      0.9385      0.6814      0.3577E-01   90.00     -0.2185E-02 -0.8048E-02 -0.3206E-02   0.000     -0.1573E-04   0.000     -0.8925E-03 -0.2838E-01   0.000    
   630   10.55      -2.663      0.9910      0.9000      0.4725E-01   90.00     -0.2110E-02 -0.6467E-02 -0.2345E-02   0.000     -0.8311E-05   0.000     -0.6057E-03 -0.8332E-02   0.000    
   631   10.49      -2.663       1.044       1.071      0.5625E-01   90.00     -0.5553E-03  0.2547E-01 -0.5183E-03   0.000     -0.1446E-05   0.000     -0.1981E-03 -0.1322       0.000    
   632   10.47      -2.663       1.083       1.176      0.3093E-01   90.00     -0.2753E-03  0.7344E-01 -0.2341E-03   0.000     -0.1087E-05   0.000     -0.1086E-03 -0.2138       0.000    
   633   10.46      -2.663       1.109       1.233      0.3242E-01   90.00     -0.3166E-02  0.7425E-01 -0.2569E-02   0.000     -0.6434E-05   0.000     -0.4964E-03  0.5677E-01   0.000    
   634   10.46      -2.663       1.149       1.204      0.6323E-01   90.00     -0.9365E-02 -0.6844E-01 -0.7776E-02   0.000     -0.1782E-04   0.000     -0.2169E-03  0.2221       0.000    
   635   10.49      -2.663       1.201       1.071      0.5625E-01   90.00     -0.9719E-02 -0.3625E-01 -0.9071E-02   0.000     -0.3166E-04   0.000     -0.1158E-03  0.2372       0.000    
   636   10.55      -2.663       1.254      0.9000      0.4725E-01   90.00     -0.6774E-02 -0.2885E-02 -0.7527E-02   0.000     -0.2604E-04   0.000      0.1862E-04  0.2525       0.000    
   637   10.62      -2.663       1.306      0.6814      0.3584E-01   90.00     -0.5294E-02 -0.1115E-02 -0.7769E-02   0.000     -0.2836E-04   0.000      0.2084E-03  0.2768       0.000    
   638   10.77      -2.663       1.359      0.2895      0.1520E-01   90.00     -0.4127E-02  0.6473E-03 -0.1425E-01   0.000     -0.6133E-04   0.000      0.2055E-02  0.3942       0.000    

 Surface forces referred to Sref,Cref,Bref about Xmom,Ymom,Zmom
 Standard axis orientation,  X fwd, Z down         

  Surface #18     nacelle_4_horizontal                    
     # chordwise =  6   # spanwise = 11     First strip =639
     Surface area = 0.43561           ave. chord = 0.82926    
     CLsurf  =   0.000483     Clsurf  =   0.000181
     CYsurf  =   0.000000     Cmsurf  =   0.000146
     CDsurf  =   0.000008     Cnsurf  =   0.000007
     CDisurf =   0.000008     CDvsurf =   0.000000

  Forces referred to Ssurf, Cave about hinge axis thru LE
     cl_surf =   0.071392     cd_surf =   0.001131

 Strip Forces referred to strip area, chord
    j    xLE         yLE         zLE         Chord       Area        Dihedral   c cl        ai_ff       cl           clj         cd          cdv         cm_c/4     c.p.x/c      Dcj
   639   11.09      -10.66       1.122      0.2895      0.1523E-01   0.000      0.3569E-01  0.7749E-01  0.1236       0.000     -0.2556E-02   0.000      0.5312E-02  0.2070       0.000    
   640   10.94      -10.61       1.122      0.6814      0.3577E-01   0.000      0.5354E-01  0.8906E-01  0.7865E-01   0.000      0.4514E-03   0.000      0.6316E-02  0.1697       0.000    
   641   10.87      -10.55       1.122      0.9000      0.4725E-01   0.000      0.6445E-01  0.9151E-01  0.7165E-01   0.000      0.1080E-02   0.000      0.6209E-02  0.1633       0.000    
   642   10.81      -10.50       1.122       1.071      0.5625E-01   0.000      0.7088E-01  0.9064E-01  0.6617E-01   0.000      0.1608E-02   0.000      0.5893E-02  0.1609       0.000    
   643   10.79      -10.46       1.122       1.176      0.3093E-01   0.000      0.7303E-01  0.8429E-01  0.6207E-01   0.000      0.2167E-02   0.000      0.5641E-02  0.1591       0.000    
   644   10.78      -10.44       1.122       1.233      0.3242E-01   0.000      0.7372E-01  0.6627E-01  0.5978E-01   0.000      0.2096E-02   0.000      0.5501E-02  0.1580       0.000    
   645   10.78      -10.40       1.122       1.204      0.6323E-01   0.000      0.7329E-01  0.1117      0.6084E-01   0.000      0.1922E-02   0.000      0.5591E-02  0.1581       0.000    
   646   10.81      -10.34       1.122       1.071      0.5625E-01   0.000      0.6972E-01  0.9747E-01  0.6508E-01   0.000      0.1559E-02   0.000      0.5839E-02  0.1603       0.000    
   647   10.87      -10.29       1.122      0.9000      0.4725E-01   0.000      0.6312E-01  0.9311E-01  0.7018E-01   0.000      0.1053E-02   0.000      0.6141E-02  0.1625       0.000    
   648   10.94      -10.24       1.122      0.6814      0.3584E-01   0.000      0.5253E-01  0.8991E-01  0.7717E-01   0.000      0.4625E-03   0.000      0.6261E-02  0.1689       0.000    
   649   11.09      -10.19       1.122      0.2895      0.1520E-01   0.000      0.3515E-01  0.7853E-01  0.1217       0.000     -0.2413E-02   0.000      0.5295E-02  0.2065       0.000    

 Surface forces referred to Sref,Cref,Bref about Xmom,Ymom,Zmom
 Standard axis orientation,  X fwd, Z down         

  Surface #19     nacelle_4_vertical                      
     # chordwise =  6   # spanwise = 11     First strip =650
     Surface area = 0.43561           ave. chord = 0.82926    
     CLsurf  =   0.000000     Clsurf  =   0.000000
     CYsurf  =  -0.000015     Cmsurf  =   0.000000
     CDsurf  =  -0.000000     Cnsurf  =  -0.000000
     CDisurf =  -0.000000     CDvsurf =   0.000000

  Forces referred to Ssurf, Cave about hinge axis thru LE
     cl_surf =   0.000002     cd_surf =  -0.000002

 Strip Forces referred to strip area, chord
    j    xLE         yLE         zLE         Chord       Area        Dihedral   c cl        ai_ff       cl           clj         cd          cdv         cm_c/4     c.p.x/c      Dcj
   650   11.09      -10.42      0.8860      0.2895      0.1523E-01   90.00      0.1103E-03 -0.1560E-01  0.3810E-03   0.000     -0.1777E-06   0.000      0.1360E-03 -0.1071       0.000    
   651   10.94      -10.42      0.9385      0.6814      0.3577E-01   90.00      0.3840E-04 -0.1549E-01  0.5635E-04   0.000     -0.8431E-08   0.000     -0.8871E-04   1.824       0.000    
   652   10.87      -10.42      0.9910      0.9000      0.4725E-01   90.00     -0.4544E-03 -0.1702E-01 -0.5048E-03   0.000     -0.3939E-06   0.000     -0.2450E-03 -0.2352       0.000    
   653   10.81      -10.42       1.044       1.071      0.5625E-01   90.00     -0.1792E-02 -0.2934E-01 -0.1673E-02   0.000     -0.1750E-05   0.000     -0.4859E-03 -0.4055E-01   0.000    
   654   10.79      -10.42       1.083       1.176      0.3093E-01   90.00     -0.1533E-02 -0.4086E-01 -0.1304E-02   0.000      0.2220E-06   0.000     -0.4328E-03 -0.8194E-01   0.000    
   655   10.78      -10.42       1.109       1.233      0.3242E-01   90.00      0.1168E-02 -0.2108E-01  0.9474E-03   0.000     -0.1367E-06   0.000     -0.6952E-04  0.3234       0.000    
   656   10.78      -10.42       1.149       1.204      0.6323E-01   90.00      0.6108E-02  0.2644E-02  0.5072E-02   0.000     -0.1767E-05   0.000     -0.1176E-03  0.2732       0.000    
   657   10.81      -10.42       1.201       1.071      0.5625E-01   90.00      0.6517E-02 -0.1335E-02  0.6083E-02   0.000     -0.6039E-05   0.000     -0.1797E-03  0.2795       0.000    
   658   10.87      -10.42       1.254      0.9000      0.4725E-01   90.00      0.4029E-02 -0.1458E-01  0.4477E-02   0.000     -0.4088E-05   0.000     -0.2329E-03  0.3020       0.000    
   659   10.94      -10.42       1.306      0.6814      0.3584E-01   90.00      0.2512E-02 -0.1762E-01  0.3687E-02   0.000     -0.2968E-05   0.000     -0.2807E-03  0.3261       0.000    
   660   11.09      -10.42       1.359      0.2895      0.1520E-01   90.00      0.1444E-02 -0.2904E-01  0.4990E-02   0.000     -0.5186E-05   0.000     -0.8575E-03  0.4219       0.000    
