 ---------------------------------------------------------------
Surface and Strip forces by surface

 Surface forces referred to Sref,Cref,Bref about Xmom,Ymom,Zmom
 Standard axis orientation,  X fwd, Z down         

  Surface # 1     main_wing_1                             
     # chordwise = 10   # spanwise = 20     First strip =  1
     Surface area =  8.2103           ave. chord =  2.7160    
     CLsurf  =   0.039580     Clsurf  =  -0.002276
     CYsurf  =  -0.000010     Cmsurf  =  -0.025066
     CDsurf  =   0.000807     Cnsurf  =  -0.000064
     CDisurf =   0.000450     CDvsurf =   0.000000

  Forces referred to Ssurf, Cave about hinge axis thru LE
     cl_surf =   0.298723     cd_surf =   0.006094

 Strip Forces referred to strip area, chord
    j    xLE         yLE         zLE         Chord       Area        Dihedral   c cl        ai_ff       cl           clj         cd          cdv         cm_c/4     c.p.x/c      Dcj
     1   12.50      0.4970E-02   1.385       2.723      0.5404E-01   0.000      0.7393      0.1805E-01  0.2717       0.000      0.3869E-02   0.000     -0.3897E-02  0.2643       0.000    
     2   12.50      0.4455E-01   1.385       2.723      0.1608       0.000      0.7393      0.1873E-01  0.2717       0.000      0.3866E-02   0.000     -0.3893E-02  0.2643       0.000    
     3   12.50      0.1227       1.385       2.723      0.2636       0.000      0.7396      0.1879E-01  0.2718       0.000      0.3852E-02   0.000     -0.3862E-02  0.2642       0.000    
     4   12.50      0.2376       1.385       2.723      0.3599      0.9624E-13  0.7405      0.1883E-01  0.2722       0.000      0.3807E-02   0.000     -0.3759E-02  0.2638       0.000    
     5   12.50      0.3863       1.385       2.723      0.4473     -0.7743E-13  0.7424      0.1885E-01  0.2729       0.000      0.3706E-02   0.000     -0.3529E-02  0.2629       0.000    
     6   12.50      0.5652       1.385       2.723      0.5238       0.000      0.7458      0.1887E-01  0.2741       0.000      0.3518E-02   0.000     -0.3115E-02  0.2614       0.000    
     7   12.50      0.7699       1.385       2.723      0.5873       0.000      0.7510      0.1882E-01  0.2761       0.000      0.3210E-02   0.000     -0.2478E-02  0.2590       0.000    
     8   12.50      0.9953       1.385       2.723      0.6364       0.000      0.7580      0.1858E-01  0.2787       0.000      0.2743E-02   0.000     -0.1615E-02  0.2558       0.000    
     9   12.50       1.236       1.385       2.723      0.6698     -0.5171E-13  0.7661      0.1791E-01  0.2817       0.000      0.2055E-02   0.000     -0.5631E-03  0.2520       0.000    
    10   12.50       1.486       1.385       2.723      0.6867      0.5044E-13  0.7746      0.1588E-01  0.2849       0.000      0.8929E-03   0.000      0.6308E-03  0.2478       0.000    
    11   12.50       1.734       1.385       2.720      0.6623       0.000      0.7819      0.4347E-02  0.2880       0.000     -0.2823E-02   0.000      0.1991E-02  0.2431       0.000    
    12   12.50       1.958       1.385       2.716      0.5521       0.000      0.5802      0.4359E-01  0.3492      0.1358      0.2226E-01   0.000      0.1856E-01  0.1968       1.163    
    13   12.50       2.157       1.385       2.712      0.5238       0.000      0.5600      0.4331E-01  0.3463      0.1401      0.2104E-01   0.000      0.1831E-01  0.1971       1.165    
    14   12.50       2.344       1.385       2.708      0.4827      0.7137E-13  0.5656      0.4205E-01  0.3509      0.1423      0.2150E-01   0.000      0.1931E-01  0.1950       1.166    
    15   12.50       2.513       1.385       2.705      0.4300     -0.8002E-13  0.5959      0.4428E-01  0.3552      0.1352      0.2380E-01   0.000      0.1977E-01  0.1944       1.168    
    16   12.50       2.668       1.385       2.702      0.4075     -0.8435E-13  0.8006     -0.5619E-02  0.2971       0.000     -0.6962E-02   0.000      0.4105E-02  0.2362       0.000    
    17   12.50       2.805       1.385       2.699      0.3275      0.1048E-12  0.8016      0.9715E-02  0.2976       0.000     -0.2545E-02   0.000      0.3813E-02  0.2372       0.000    
    18   12.50       2.910       1.385       2.697      0.2397       0.000      0.8021      0.1208E-01  0.2979       0.000     -0.1677E-02   0.000      0.3722E-02  0.2375       0.000    
    19   12.50       2.982       1.385       2.695      0.1461       0.000      0.8023      0.1259E-01  0.2981       0.000     -0.1469E-02   0.000      0.3709E-02  0.2376       0.000    
    20   12.50       3.018       1.385       2.695      0.4910E-01   0.000      0.8024      0.1262E-01  0.2982       0.000     -0.1426E-02   0.000      0.3716E-02  0.2375       0.000    

 Surface forces referred to Sref,Cref,Bref about Xmom,Ymom,Zmom
 Standard axis orientation,  X fwd, Z down         

  Surface # 2     main_wing_1 (YDUP)                      
     # chordwise = 10   # spanwise = 20     First strip = 21
     Surface area =  8.2103           ave. chord =  2.7160    
     CLsurf  =   0.039531     Clsurf  =   0.002272
     CYsurf  =   0.000010     Cmsurf  =  -0.025042
     CDsurf  =   0.000806     Cnsurf  =   0.000064
     CDisurf =   0.000450     CDvsurf =   0.000000

  Forces referred to Ssurf, Cave about hinge axis thru LE
     cl_surf =   0.298347     cd_surf =   0.006080

 Strip Forces referred to strip area, chord
    j    xLE         yLE         zLE         Chord       Area        Dihedral   c cl        ai_ff       cl           clj         cd          cdv         cm_c/4     c.p.x/c      Dcj
    21   12.50     -0.4970E-02   1.385       2.723      0.5404E-01   0.000      0.7393      0.1958E-01  0.2717       0.000      0.3869E-02   0.000     -0.3897E-02  0.2643       0.000    
    22   12.50     -0.4455E-01   1.385       2.723      0.1608       0.000      0.7393      0.1890E-01  0.2717       0.000      0.3867E-02   0.000     -0.3893E-02  0.2643       0.000    
    23   12.50     -0.1227       1.385       2.723      0.2636       0.000      0.7396      0.1885E-01  0.2718       0.000      0.3853E-02   0.000     -0.3861E-02  0.2642       0.000    
    24   12.50     -0.2376       1.385       2.723      0.3599     -0.9624E-13  0.7404      0.1884E-01  0.2721       0.000      0.3809E-02   0.000     -0.3758E-02  0.2638       0.000    
    25   12.50     -0.3863       1.385       2.723      0.4473      0.7743E-13  0.7423      0.1886E-01  0.2728       0.000      0.3707E-02   0.000     -0.3527E-02  0.2629       0.000    
    26   12.50     -0.5652       1.385       2.723      0.5238       0.000      0.7457      0.1888E-01  0.2741       0.000      0.3519E-02   0.000     -0.3112E-02  0.2614       0.000    
    27   12.50     -0.7699       1.385       2.723      0.5873       0.000      0.7509      0.1883E-01  0.2760       0.000      0.3209E-02   0.000     -0.2474E-02  0.2590       0.000    
    28   12.50     -0.9953       1.385       2.723      0.6364       0.000      0.7577      0.1860E-01  0.2786       0.000      0.2742E-02   0.000     -0.1611E-02  0.2558       0.000    
    29   12.50      -1.236       1.385       2.723      0.6698      0.5171E-13  0.7658      0.1792E-01  0.2816       0.000      0.2054E-02   0.000     -0.5600E-03  0.2520       0.000    
    30   12.50      -1.486       1.385       2.723      0.6867     -0.5044E-13  0.7741      0.1589E-01  0.2847       0.000      0.8969E-03   0.000      0.6268E-03  0.2478       0.000    
    31   12.50      -1.734       1.385       2.720      0.6623       0.000      0.7811      0.4366E-02  0.2877       0.000     -0.2783E-02   0.000      0.1960E-02  0.2432       0.000    
    32   12.50      -1.958       1.385       2.716      0.5521       0.000      0.5795      0.4358E-01  0.3484      0.1353      0.2220E-01   0.000      0.1843E-01  0.1971       1.163    
    33   12.50      -2.157       1.385       2.712      0.5238       0.000      0.5590      0.4358E-01  0.3445      0.1386      0.2093E-01   0.000      0.1791E-01  0.1980       1.165    
    34   12.50      -2.344       1.385       2.708      0.4827     -0.7137E-13  0.5648      0.4206E-01  0.3495      0.1412      0.2142E-01   0.000      0.1901E-01  0.1956       1.166    
    35   12.50      -2.513       1.385       2.705      0.4300      0.8002E-13  0.5953      0.4427E-01  0.3547      0.1349      0.2376E-01   0.000      0.1969E-01  0.1945       1.168    
    36   12.50      -2.668       1.385       2.702      0.4075      0.8435E-13  0.8000     -0.5598E-02  0.2969       0.000     -0.6938E-02   0.000      0.4094E-02  0.2362       0.000    
    37   12.50      -2.805       1.385       2.699      0.3275     -0.1048E-12  0.8013      0.9731E-02  0.2974       0.000     -0.2549E-02   0.000      0.3817E-02  0.2372       0.000    
    38   12.50      -2.910       1.385       2.697      0.2397       0.000      0.8018      0.1209E-01  0.2978       0.000     -0.1685E-02   0.000      0.3731E-02  0.2375       0.000    
    39   12.50      -2.982       1.385       2.695      0.1461       0.000      0.8021      0.1260E-01  0.2981       0.000     -0.1477E-02   0.000      0.3719E-02  0.2375       0.000    
    40   12.50      -3.018       1.385       2.695      0.4910E-01   0.000      0.8022      0.1264E-01  0.2982       0.000     -0.1434E-02   0.000      0.3727E-02  0.2375       0.000    

 Surface forces referred to Sref,Cref,Bref about Xmom,Ymom,Zmom
 Standard axis orientation,  X fwd, Z down         

  Surface # 3     main_wing_2                             
     # chordwise = 10   # spanwise = 20     First strip = 41
     Surface area =  4.2723           ave. chord =  2.6692    
     CLsurf  =   0.022463     Clsurf  =  -0.003147
     CYsurf  =  -0.000031     Cmsurf  =  -0.013694
     CDsurf  =   0.000576     Cnsurf  =  -0.000079
     CDisurf =   0.000197     CDvsurf =   0.000000

  Forces referred to Ssurf, Cave about hinge axis thru LE
     cl_surf =   0.325800     cd_surf =   0.008353

 Strip Forces referred to strip area, chord
    j    xLE         yLE         zLE         Chord       Area        Dihedral   c cl        ai_ff       cl           clj         cd          cdv         cm_c/4     c.p.x/c      Dcj
    41   12.50       3.025       1.385       2.694      0.2633E-01   0.000      0.8024      0.1261E-01  0.2983       0.000     -0.1446E-02   0.000      0.3718E-02  0.2375       0.000    
    42   12.50       3.045       1.385       2.694      0.7833E-01   0.000      0.8024      0.1257E-01  0.2983       0.000     -0.1456E-02   0.000      0.3726E-02  0.2375       0.000    
    43   12.50       3.083       1.385       2.693      0.1284       0.000      0.8024      0.1236E-01  0.2984       0.000     -0.1527E-02   0.000      0.3750E-02  0.2374       0.000    
    44   12.50       3.140       1.385       2.692      0.1752       0.000      0.8024      0.1173E-01  0.2985       0.000     -0.1744E-02   0.000      0.3805E-02  0.2373       0.000    
    45   12.50       3.213       1.385       2.691      0.2177       0.000      0.8023      0.1015E-01  0.2987       0.000     -0.2308E-02   0.000      0.3915E-02  0.2369       0.000    
    46   12.50       3.301       1.385       2.689      0.2547       0.000      0.8020      0.5779E-02  0.2989       0.000     -0.3802E-02   0.000      0.4119E-02  0.2362       0.000    
    47   12.51       3.402       1.385       2.687      0.2854       0.000      0.8014     -0.1692E-01  0.2992       0.000     -0.1025E-01   0.000      0.4503E-02  0.2349       0.000    
    48   12.51       3.515       1.385       2.685      0.3195       0.000      0.6055      0.4475E-01  0.3585      0.1333      0.2534E-01   0.000      0.2022E-01  0.1936       1.177    
    49   12.51       3.637       1.385       2.682      0.3360       0.000      0.5745      0.4233E-01  0.3569      0.1430      0.2242E-01   0.000      0.2032E-01  0.1931       1.178    
    50   12.51       3.765       1.385       2.680      0.3442       0.000      0.5628      0.4218E-01  0.3539      0.1442      0.2171E-01   0.000      0.1985E-01  0.1939       1.179    
    51   12.51       3.894       1.385       2.677      0.3438       0.000      0.5626      0.4116E-01  0.3544      0.1445      0.2174E-01   0.000      0.1999E-01  0.1936       1.180    
    52   12.51       4.021       1.385       2.675      0.3350       0.000      0.5743      0.4240E-01  0.3570      0.1426      0.2249E-01   0.000      0.2041E-01  0.1928       1.181    
    53   12.51       4.137       1.385       2.667      0.2861       0.000      0.6054      0.4492E-01  0.3587      0.1320      0.2585E-01   0.000      0.2029E-01  0.1934       1.184    
    54   12.51       4.244       1.385       2.654      0.2819       0.000      0.7928     -0.1805E-01  0.2997       0.000     -0.9702E-02   0.000      0.4488E-02  0.2350       0.000    
    55   12.52       4.345       1.385       2.641      0.2502     -0.1343E-12  0.7912      0.3964E-02  0.3002       0.000     -0.3651E-02   0.000      0.4108E-02  0.2363       0.000    
    56   12.52       4.433       1.385       2.630      0.2128      0.1572E-12  0.7896      0.7909E-02  0.3007       0.000     -0.2252E-02   0.000      0.3910E-02  0.2370       0.000    
    57   12.52       4.507       1.385       2.621      0.1706      0.1954E-12  0.7882      0.9142E-02  0.3012       0.000     -0.1737E-02   0.000      0.3809E-02  0.2374       0.000    
    58   12.52       4.563       1.385       2.614      0.1246     -0.2668E-12  0.7870      0.9486E-02  0.3015       0.000     -0.1551E-02   0.000      0.3764E-02  0.2375       0.000    
    59   12.52       4.602       1.385       2.610      0.7590E-01   0.000      0.7862      0.9502E-02  0.3017       0.000     -0.1501E-02   0.000      0.3748E-02  0.2376       0.000    
    60   12.53       4.621       1.385       2.607      0.2549E-01   0.000      0.7858      0.9449E-02  0.3019       0.000     -0.1488E-02   0.000      0.3746E-02  0.2376       0.000    

 Surface forces referred to Sref,Cref,Bref about Xmom,Ymom,Zmom
 Standard axis orientation,  X fwd, Z down         

  Surface # 4     main_wing_2 (YDUP)                      
     # chordwise = 10   # spanwise = 20     First strip = 61
     Surface area =  4.2723           ave. chord =  2.6692    
     CLsurf  =   0.022462     Clsurf  =   0.003147
     CYsurf  =   0.000031     Cmsurf  =  -0.013693
     CDsurf  =   0.000576     Cnsurf  =   0.000079
     CDisurf =   0.000197     CDvsurf =   0.000000

  Forces referred to Ssurf, Cave about hinge axis thru LE
     cl_surf =   0.325799     cd_surf =   0.008350

 Strip Forces referred to strip area, chord
    j    xLE         yLE         zLE         Chord       Area        Dihedral   c cl        ai_ff       cl           clj         cd          cdv         cm_c/4     c.p.x/c      Dcj
    61   12.50      -3.025       1.385       2.694      0.2633E-01   0.000      0.8022      0.1263E-01  0.2982       0.000     -0.1453E-02   0.000      0.3728E-02  0.2375       0.000    
    62   12.50      -3.045       1.385       2.694      0.7833E-01   0.000      0.8022      0.1258E-01  0.2983       0.000     -0.1464E-02   0.000      0.3736E-02  0.2375       0.000    
    63   12.50      -3.083       1.385       2.693      0.1284       0.000      0.8022      0.1237E-01  0.2984       0.000     -0.1534E-02   0.000      0.3760E-02  0.2374       0.000    
    64   12.50      -3.140       1.385       2.692      0.1752       0.000      0.8022      0.1175E-01  0.2985       0.000     -0.1750E-02   0.000      0.3815E-02  0.2372       0.000    
    65   12.50      -3.213       1.385       2.691      0.2177       0.000      0.8022      0.1016E-01  0.2986       0.000     -0.2314E-02   0.000      0.3925E-02  0.2369       0.000    
    66   12.50      -3.301       1.385       2.689      0.2547       0.000      0.8019      0.5793E-02  0.2988       0.000     -0.3806E-02   0.000      0.4128E-02  0.2362       0.000    
    67   12.51      -3.402       1.385       2.687      0.2854       0.000      0.8013     -0.1690E-01  0.2991       0.000     -0.1025E-01   0.000      0.4512E-02  0.2349       0.000    
    68   12.51      -3.515       1.385       2.685      0.3195       0.000      0.6054      0.4475E-01  0.3585      0.1333      0.2534E-01   0.000      0.2023E-01  0.1936       1.177    
    69   12.51      -3.637       1.385       2.682      0.3360       0.000      0.5744      0.4233E-01  0.3570      0.1431      0.2242E-01   0.000      0.2034E-01  0.1930       1.178    
    70   12.51      -3.765       1.385       2.680      0.3442       0.000      0.5627      0.4168E-01  0.3541      0.1444      0.2171E-01   0.000      0.1990E-01  0.1938       1.179    
    71   12.51      -3.894       1.385       2.677      0.3438       0.000      0.5626      0.4144E-01  0.3543      0.1444      0.2173E-01   0.000      0.1997E-01  0.1936       1.180    
    72   12.51      -4.021       1.385       2.675      0.3350       0.000      0.5743      0.4241E-01  0.3570      0.1426      0.2249E-01   0.000      0.2042E-01  0.1928       1.181    
    73   12.51      -4.137       1.385       2.667      0.2861       0.000      0.6054      0.4492E-01  0.3587      0.1320      0.2586E-01   0.000      0.2030E-01  0.1934       1.184    
    74   12.51      -4.244       1.385       2.654      0.2819       0.000      0.7929     -0.1803E-01  0.2997       0.000     -0.9718E-02   0.000      0.4501E-02  0.2350       0.000    
    75   12.52      -4.345       1.385       2.641      0.2502      0.1343E-12  0.7913      0.3974E-02  0.3002       0.000     -0.3662E-02   0.000      0.4120E-02  0.2363       0.000    
    76   12.52      -4.433       1.385       2.630      0.2128     -0.1572E-12  0.7897      0.7918E-02  0.3007       0.000     -0.2261E-02   0.000      0.3921E-02  0.2370       0.000    
    77   12.52      -4.507       1.385       2.621      0.1706     -0.1954E-12  0.7882      0.9151E-02  0.3012       0.000     -0.1744E-02   0.000      0.3819E-02  0.2373       0.000    
    78   12.52      -4.563       1.385       2.614      0.1246      0.2668E-12  0.7871      0.9495E-02  0.3015       0.000     -0.1558E-02   0.000      0.3773E-02  0.2375       0.000    
    79   12.52      -4.602       1.385       2.610      0.7590E-01   0.000      0.7863      0.9510E-02  0.3018       0.000     -0.1507E-02   0.000      0.3757E-02  0.2375       0.000    
    80   12.53      -4.621       1.385       2.607      0.2549E-01   0.000      0.7858      0.9457E-02  0.3019       0.000     -0.1493E-02   0.000      0.3754E-02  0.2376       0.000    

 Surface forces referred to Sref,Cref,Bref about Xmom,Ymom,Zmom
 Standard axis orientation,  X fwd, Z down         

  Surface # 5     main_wing_3                             
     # chordwise = 10   # spanwise = 20     First strip = 81
     Surface area =  4.0153           ave. chord =  2.5086    
     CLsurf  =   0.021641     Clsurf  =  -0.004299
     CYsurf  =  -0.000067     Cmsurf  =  -0.013232
     CDsurf  =   0.000554     Cnsurf  =  -0.000106
     CDisurf =   0.000178     CDvsurf =   0.000000

  Forces referred to Ssurf, Cave about hinge axis thru LE
     cl_surf =   0.333977     cd_surf =   0.008543

 Strip Forces referred to strip area, chord
    j    xLE         yLE         zLE         Chord       Area        Dihedral   c cl        ai_ff       cl           clj         cd          cdv         cm_c/4     c.p.x/c      Dcj
    81   12.53       4.626       1.385       2.607      0.2548E-01   0.000      0.7857      0.9430E-02  0.3019       0.000     -0.1489E-02   0.000      0.3746E-02  0.2376       0.000    
    82   12.53       4.646       1.385       2.604      0.7574E-01   0.000      0.7853      0.9328E-02  0.3020       0.000     -0.1516E-02   0.000      0.3746E-02  0.2376       0.000    
    83   12.53       4.684       1.385       2.600      0.1239       0.000      0.7845      0.9004E-02  0.3023       0.000     -0.1594E-02   0.000      0.3757E-02  0.2376       0.000    
    84   12.53       4.741       1.385       2.593      0.1688      0.1954E-12  0.7832      0.8193E-02  0.3026       0.000     -0.1825E-02   0.000      0.3797E-02  0.2375       0.000    
    85   12.53       4.814       1.385       2.584      0.2090     -0.1572E-12  0.7815      0.6293E-02  0.3030       0.000     -0.2418E-02   0.000      0.3894E-02  0.2372       0.000    
    86   12.53       4.902       1.385       2.573      0.2437       0.000      0.7794      0.1300E-02  0.3036       0.000     -0.3980E-02   0.000      0.4094E-02  0.2365       0.000    
    87   12.54       5.003       1.385       2.560      0.2720       0.000      0.7768     -0.2393E-01  0.3044       0.000     -0.1066E-01   0.000      0.4497E-02  0.2352       0.000    
    88   12.54       5.115       1.385       2.547      0.2983       0.000      0.5819      0.4399E-01  0.3675      0.1394      0.2613E-01   0.000      0.2110E-01  0.1926       1.240    
    89   12.54       5.235       1.385       2.532      0.3122       0.000      0.5493      0.4124E-01  0.3669      0.1502      0.2323E-01   0.000      0.2134E-01  0.1918       1.248    
    90   12.55       5.361       1.385       2.516      0.3181       0.000      0.5353      0.4012E-01  0.3649      0.1524      0.2255E-01   0.000      0.2103E-01  0.1924       1.255    
    91   12.55       5.487       1.385       2.501      0.3161       0.000      0.5323      0.4024E-01  0.3657      0.1531      0.2260E-01   0.000      0.2119E-01  0.1921       1.263    
    92   12.56       5.613       1.385       2.485      0.3064       0.000      0.5405      0.4101E-01  0.3695      0.1523      0.2339E-01   0.000      0.2178E-01  0.1910       1.271    
    93   12.56       5.733       1.385       2.471      0.2894       0.000      0.5677      0.4370E-01  0.3719      0.1424      0.2642E-01   0.000      0.2170E-01  0.1916       1.279    
    94   12.56       5.845       1.385       2.457      0.2609       0.000      0.7533     -0.2771E-01  0.3076       0.000     -0.1048E-01   0.000      0.4535E-02  0.2353       0.000    
    95   12.57       5.946       1.385       2.444      0.2315       0.000      0.7505     -0.2028E-02  0.3076       0.000     -0.4049E-02   0.000      0.4085E-02  0.2367       0.000    
    96   12.57       6.034       1.385       2.434      0.1969       0.000      0.7478      0.2679E-02  0.3079       0.000     -0.2538E-02   0.000      0.3851E-02  0.2375       0.000    
    97   12.57       6.107       1.385       2.425      0.1578      0.1955E-12  0.7456      0.4234E-02  0.3080       0.000     -0.1976E-02   0.000      0.3730E-02  0.2379       0.000    
    98   12.57       6.164       1.385       2.418      0.1152     -0.2669E-12  0.7438      0.4740E-02  0.3082       0.000     -0.1765E-02   0.000      0.3676E-02  0.2381       0.000    
    99   12.57       6.202       1.385       2.413      0.7016E-01   0.000      0.7426      0.4838E-02  0.3083       0.000     -0.1705E-02   0.000      0.3658E-02  0.2381       0.000    
   100   12.57       6.222       1.385       2.411      0.2356E-01   0.000      0.7420      0.4820E-02  0.3083       0.000     -0.1698E-02   0.000      0.3655E-02  0.2381       0.000    

 Surface forces referred to Sref,Cref,Bref about Xmom,Ymom,Zmom
 Standard axis orientation,  X fwd, Z down         

  Surface # 6     main_wing_3 (YDUP)                      
     # chordwise = 10   # spanwise = 20     First strip =101
     Surface area =  4.0153           ave. chord =  2.5086    
     CLsurf  =   0.021642     Clsurf  =   0.004299
     CYsurf  =   0.000067     Cmsurf  =  -0.013232
     CDsurf  =   0.000553     Cnsurf  =   0.000106
     CDisurf =   0.000178     CDvsurf =   0.000000

  Forces referred to Ssurf, Cave about hinge axis thru LE
     cl_surf =   0.333984     cd_surf =   0.008542

 Strip Forces referred to strip area, chord
    j    xLE         yLE         zLE         Chord       Area        Dihedral   c cl        ai_ff       cl           clj         cd          cdv         cm_c/4     c.p.x/c      Dcj
   101   12.53      -4.626       1.385       2.607      0.2548E-01   0.000      0.7858      0.9438E-02  0.3019       0.000     -0.1495E-02   0.000      0.3754E-02  0.2376       0.000    
   102   12.53      -4.646       1.385       2.604      0.7574E-01   0.000      0.7854      0.9336E-02  0.3021       0.000     -0.1522E-02   0.000      0.3755E-02  0.2376       0.000    
   103   12.53      -4.684       1.385       2.600      0.1239       0.000      0.7845      0.9012E-02  0.3023       0.000     -0.1599E-02   0.000      0.3765E-02  0.2375       0.000    
   104   12.53      -4.741       1.385       2.593      0.1688     -0.1954E-12  0.7833      0.8201E-02  0.3026       0.000     -0.1830E-02   0.000      0.3804E-02  0.2374       0.000    
   105   12.53      -4.814       1.385       2.584      0.2090      0.1572E-12  0.7816      0.6302E-02  0.3031       0.000     -0.2422E-02   0.000      0.3900E-02  0.2371       0.000    
   106   12.53      -4.902       1.385       2.573      0.2437       0.000      0.7795      0.1309E-02  0.3036       0.000     -0.3984E-02   0.000      0.4100E-02  0.2365       0.000    
   107   12.54      -5.003       1.385       2.560      0.2720       0.000      0.7768     -0.2392E-01  0.3044       0.000     -0.1067E-01   0.000      0.4502E-02  0.2352       0.000    
   108   12.54      -5.115       1.385       2.547      0.2983       0.000      0.5819      0.4399E-01  0.3675      0.1394      0.2613E-01   0.000      0.2110E-01  0.1926       1.240    
   109   12.54      -5.235       1.385       2.532      0.3122       0.000      0.5493      0.4124E-01  0.3669      0.1502      0.2324E-01   0.000      0.2134E-01  0.1918       1.248    
   110   12.55      -5.361       1.385       2.516      0.3181       0.000      0.5353      0.4013E-01  0.3649      0.1524      0.2255E-01   0.000      0.2103E-01  0.1924       1.255    
   111   12.55      -5.487       1.385       2.501      0.3161       0.000      0.5323      0.4024E-01  0.3657      0.1531      0.2260E-01   0.000      0.2119E-01  0.1921       1.263    
   112   12.56      -5.613       1.385       2.485      0.3064       0.000      0.5405      0.4101E-01  0.3695      0.1523      0.2339E-01   0.000      0.2179E-01  0.1910       1.271    
   113   12.56      -5.733       1.385       2.471      0.2894       0.000      0.5677      0.4370E-01  0.3719      0.1424      0.2642E-01   0.000      0.2171E-01  0.1916       1.279    
   114   12.56      -5.845       1.385       2.457      0.2609       0.000      0.7533     -0.2770E-01  0.3076       0.000     -0.1048E-01   0.000      0.4537E-02  0.2352       0.000    
   115   12.57      -5.946       1.385       2.444      0.2315       0.000      0.7505     -0.2019E-02  0.3076       0.000     -0.4050E-02   0.000      0.4087E-02  0.2367       0.000    
   116   12.57      -6.034       1.385       2.434      0.1969       0.000      0.7478      0.2687E-02  0.3078       0.000     -0.2539E-02   0.000      0.3853E-02  0.2375       0.000    
   117   12.57      -6.107       1.385       2.425      0.1578     -0.1955E-12  0.7456      0.4242E-02  0.3080       0.000     -0.1976E-02   0.000      0.3732E-02  0.2379       0.000    
   118   12.57      -6.164       1.385       2.418      0.1152      0.2669E-12  0.7438      0.4748E-02  0.3082       0.000     -0.1766E-02   0.000      0.3678E-02  0.2381       0.000    
   119   12.57      -6.202       1.385       2.413      0.7016E-01   0.000      0.7426      0.4846E-02  0.3083       0.000     -0.1705E-02   0.000      0.3660E-02  0.2381       0.000    
   120   12.57      -6.222       1.385       2.411      0.2356E-01   0.000      0.7420      0.4828E-02  0.3083       0.000     -0.1698E-02   0.000      0.3656E-02  0.2381       0.000    

 Surface forces referred to Sref,Cref,Bref about Xmom,Ymom,Zmom
 Standard axis orientation,  X fwd, Z down         

  Surface # 7     main_wing_4                             
     # chordwise = 10   # spanwise = 20     First strip =121
     Surface area =  3.7003           ave. chord =  2.3118    
     CLsurf  =   0.020333     Clsurf  =  -0.005231
     CYsurf  =  -0.000062     Cmsurf  =  -0.012464
     CDsurf  =   0.000528     Cnsurf  =  -0.000130
     CDisurf =   0.000162     CDvsurf =   0.000000

  Forces referred to Ssurf, Cave about hinge axis thru LE
     cl_surf =   0.340504     cd_surf =   0.008838

 Strip Forces referred to strip area, chord
    j    xLE         yLE         zLE         Chord       Area        Dihedral   c cl        ai_ff       cl           clj         cd          cdv         cm_c/4     c.p.x/c      Dcj
   121   12.57       6.227       1.385       2.410      0.2356E-01   0.000      0.7419      0.4808E-02  0.3084       0.000     -0.1698E-02   0.000      0.3655E-02  0.2381       0.000    
   122   12.58       6.246       1.385       2.408      0.7002E-01   0.000      0.7413      0.4734E-02  0.3084       0.000     -0.1706E-02   0.000      0.3655E-02  0.2382       0.000    
   123   12.58       6.285       1.385       2.403      0.1146       0.000      0.7401      0.4452E-02  0.3085       0.000     -0.1770E-02   0.000      0.3666E-02  0.2381       0.000    
   124   12.58       6.341       1.385       2.396      0.1560      0.1954E-12  0.7383      0.3669E-02  0.3087       0.000     -0.1987E-02   0.000      0.3711E-02  0.2380       0.000    
   125   12.58       6.414       1.385       2.387      0.1931     -0.1572E-12  0.7359      0.1725E-02  0.3089       0.000     -0.2567E-02   0.000      0.3822E-02  0.2376       0.000    
   126   12.58       6.503       1.385       2.376      0.2251       0.000      0.7330     -0.3564E-02  0.3092       0.000     -0.4133E-02   0.000      0.4053E-02  0.2369       0.000    
   127   12.59       6.603       1.385       2.364      0.2511       0.000      0.7296     -0.3083E-01  0.3097       0.000     -0.1083E-01   0.000      0.4516E-02  0.2354       0.000    
   128   12.59       6.715       1.385       2.350      0.2753       0.000      0.5404      0.4328E-01  0.3779      0.1482      0.2691E-01   0.000      0.2259E-01  0.1902       1.344    
   129   12.59       6.836       1.385       2.335      0.2879       0.000      0.5081      0.4033E-01  0.3769      0.1596      0.2402E-01   0.000      0.2291E-01  0.1892       1.353    
   130   12.60       6.961       1.385       2.320      0.2932       0.000      0.4937      0.3908E-01  0.3744      0.1618      0.2329E-01   0.000      0.2262E-01  0.1896       1.362    
   131   12.60       7.088       1.385       2.304      0.2912       0.000      0.4899      0.3937E-01  0.3748      0.1624      0.2331E-01   0.000      0.2280E-01  0.1892       1.371    
   132   12.60       7.213       1.385       2.289      0.2822       0.000      0.4969      0.4019E-01  0.3785      0.1617      0.2409E-01   0.000      0.2344E-01  0.1881       1.380    
   133   12.61       7.334       1.385       2.274      0.2664       0.000      0.5220      0.4310E-01  0.3807      0.1514      0.2704E-01   0.000      0.2334E-01  0.1887       1.389    
   134   12.61       7.446       1.385       2.260      0.2400       0.000      0.6990     -0.3312E-01  0.3103       0.000     -0.1045E-01   0.000      0.4630E-02  0.2351       0.000    
   135   12.62       7.547       1.385       2.248      0.2129       0.000      0.6954     -0.5390E-02  0.3100       0.000     -0.4030E-02   0.000      0.4128E-02  0.2367       0.000    
   136   12.62       7.635       1.385       2.237      0.1809       0.000      0.6921     -0.1732E-03  0.3100       0.000     -0.2503E-02   0.000      0.3870E-02  0.2375       0.000    
   137   12.62       7.708       1.385       2.228      0.1450      0.1955E-12  0.6892      0.1637E-02  0.3099       0.000     -0.1931E-02   0.000      0.3740E-02  0.2379       0.000    
   138   12.62       7.764       1.385       2.221      0.1059     -0.2669E-12  0.6871      0.2294E-02  0.3099       0.000     -0.1713E-02   0.000      0.3684E-02  0.2381       0.000    
   139   12.62       7.803       1.385       2.216      0.6444E-01   0.000      0.6856      0.2480E-02  0.3099       0.000     -0.1646E-02   0.000      0.3667E-02  0.2382       0.000    
   140   12.62       7.822       1.385       2.214      0.2163E-01   0.000      0.6848      0.2502E-02  0.3099       0.000     -0.1636E-02   0.000      0.3664E-02  0.2382       0.000    

 Surface forces referred to Sref,Cref,Bref about Xmom,Ymom,Zmom
 Standard axis orientation,  X fwd, Z down         

  Surface # 8     main_wing_4 (YDUP)                      
     # chordwise = 10   # spanwise = 20     First strip =141
     Surface area =  3.7003           ave. chord =  2.3118    
     CLsurf  =   0.020332     Clsurf  =   0.005230
     CYsurf  =   0.000062     Cmsurf  =  -0.012463
     CDsurf  =   0.000528     Cnsurf  =   0.000130
     CDisurf =   0.000162     CDvsurf =   0.000000

  Forces referred to Ssurf, Cave about hinge axis thru LE
     cl_surf =   0.340479     cd_surf =   0.008838

 Strip Forces referred to strip area, chord
    j    xLE         yLE         zLE         Chord       Area        Dihedral   c cl        ai_ff       cl           clj         cd          cdv         cm_c/4     c.p.x/c      Dcj
   141   12.57      -6.227       1.385       2.410      0.2356E-01   0.000      0.7419      0.4816E-02  0.3084       0.000     -0.1698E-02   0.000      0.3656E-02  0.2381       0.000    
   142   12.58      -6.246       1.385       2.408      0.7002E-01   0.000      0.7413      0.4742E-02  0.3084       0.000     -0.1706E-02   0.000      0.3657E-02  0.2381       0.000    
   143   12.58      -6.285       1.385       2.403      0.1146       0.000      0.7401      0.4461E-02  0.3085       0.000     -0.1770E-02   0.000      0.3668E-02  0.2381       0.000    
   144   12.58      -6.341       1.385       2.396      0.1560     -0.1954E-12  0.7383      0.3677E-02  0.3087       0.000     -0.1987E-02   0.000      0.3713E-02  0.2380       0.000    
   145   12.58      -6.414       1.385       2.387      0.1931      0.1572E-12  0.7359      0.1734E-02  0.3089       0.000     -0.2567E-02   0.000      0.3824E-02  0.2376       0.000    
   146   12.58      -6.503       1.385       2.376      0.2251       0.000      0.7330     -0.3554E-02  0.3091       0.000     -0.4132E-02   0.000      0.4054E-02  0.2369       0.000    
   147   12.59      -6.603       1.385       2.364      0.2511       0.000      0.7295     -0.3082E-01  0.3096       0.000     -0.1083E-01   0.000      0.4517E-02  0.2354       0.000    
   148   12.59      -6.715       1.385       2.350      0.2753       0.000      0.5404      0.4328E-01  0.3779      0.1482      0.2691E-01   0.000      0.2259E-01  0.1902       1.344    
   149   12.59      -6.836       1.385       2.335      0.2879       0.000      0.5080      0.4033E-01  0.3768      0.1596      0.2402E-01   0.000      0.2291E-01  0.1892       1.353    
   150   12.60      -6.961       1.385       2.320      0.2932       0.000      0.4937      0.3908E-01  0.3743      0.1618      0.2329E-01   0.000      0.2262E-01  0.1896       1.362    
   151   12.60      -7.088       1.385       2.304      0.2912       0.000      0.4899      0.3937E-01  0.3748      0.1624      0.2331E-01   0.000      0.2280E-01  0.1892       1.371    
   152   12.60      -7.213       1.385       2.289      0.2822       0.000      0.4968      0.4019E-01  0.3785      0.1617      0.2409E-01   0.000      0.2344E-01  0.1881       1.380    
   153   12.61      -7.334       1.385       2.274      0.2664       0.000      0.5220      0.4310E-01  0.3807      0.1514      0.2704E-01   0.000      0.2334E-01  0.1887       1.389    
   154   12.61      -7.446       1.385       2.260      0.2400       0.000      0.6990     -0.3310E-01  0.3102       0.000     -0.1045E-01   0.000      0.4633E-02  0.2351       0.000    
   155   12.62      -7.547       1.385       2.248      0.2129       0.000      0.6953     -0.5376E-02  0.3100       0.000     -0.4030E-02   0.000      0.4132E-02  0.2367       0.000    
   156   12.62      -7.635       1.385       2.237      0.1809       0.000      0.6920     -0.1600E-03  0.3099       0.000     -0.2503E-02   0.000      0.3874E-02  0.2375       0.000    
   157   12.62      -7.708       1.385       2.228      0.1450     -0.1955E-12  0.6892      0.1651E-02  0.3099       0.000     -0.1931E-02   0.000      0.3744E-02  0.2379       0.000    
   158   12.62      -7.764       1.385       2.221      0.1059      0.2669E-12  0.6870      0.2308E-02  0.3098       0.000     -0.1713E-02   0.000      0.3689E-02  0.2381       0.000    
   159   12.62      -7.803       1.385       2.216      0.6444E-01   0.000      0.6855      0.2493E-02  0.3098       0.000     -0.1647E-02   0.000      0.3672E-02  0.2381       0.000    
   160   12.62      -7.822       1.385       2.214      0.2163E-01   0.000      0.6847      0.2516E-02  0.3098       0.000     -0.1637E-02   0.000      0.3670E-02  0.2382       0.000    

 Surface forces referred to Sref,Cref,Bref about Xmom,Ymom,Zmom
 Standard axis orientation,  X fwd, Z down         

  Surface # 9     main_wing_5                             
     # chordwise = 10   # spanwise = 20     First strip =161
     Surface area =  3.3855           ave. chord =  2.1150    
     CLsurf  =   0.018694     Clsurf  =  -0.005904
     CYsurf  =  -0.000056     Cmsurf  =  -0.011472
     CDsurf  =   0.000501     Cnsurf  =  -0.000144
     CDisurf =   0.000151     CDvsurf =   0.000000

  Forces referred to Ssurf, Cave about hinge axis thru LE
     cl_surf =   0.342158     cd_surf =   0.009163

 Strip Forces referred to strip area, chord
    j    xLE         yLE         zLE         Chord       Area        Dihedral   c cl        ai_ff       cl           clj         cd          cdv         cm_c/4     c.p.x/c      Dcj
   161   12.62       7.827       1.385       2.213      0.2163E-01   0.000      0.6847      0.2501E-02  0.3099       0.000     -0.1635E-02   0.000      0.3665E-02  0.2382       0.000    
   162   12.62       7.847       1.385       2.211      0.6430E-01   0.000      0.6839      0.2465E-02  0.3099       0.000     -0.1639E-02   0.000      0.3667E-02  0.2382       0.000    
   163   12.63       7.885       1.385       2.206      0.1052       0.000      0.6824      0.2253E-02  0.3099       0.000     -0.1695E-02   0.000      0.3683E-02  0.2381       0.000    
   164   12.63       7.942       1.385       2.199      0.1431      0.1954E-12  0.6802      0.1557E-02  0.3098       0.000     -0.1898E-02   0.000      0.3740E-02  0.2379       0.000    
   165   12.63       8.015       1.385       2.190      0.1772     -0.1572E-12  0.6773     -0.3007E-03  0.3098       0.000     -0.2453E-02   0.000      0.3874E-02  0.2375       0.000    
   166   12.63       8.103       1.385       2.179      0.2064       0.000      0.6737     -0.5568E-02  0.3098       0.000     -0.3976E-02   0.000      0.4144E-02  0.2366       0.000    
   167   12.64       8.204       1.385       2.167      0.2302       0.000      0.6695     -0.3335E-01  0.3100       0.000     -0.1050E-01   0.000      0.4681E-02  0.2349       0.000    
   168   12.64       8.316       1.385       2.153      0.2522       0.000      0.4894      0.4306E-01  0.3843      0.1573      0.2734E-01   0.000      0.2449E-01  0.1863       1.467    
   169   12.64       8.437       1.385       2.138      0.2636       0.000      0.4579      0.4006E-01  0.3828      0.1689      0.2450E-01   0.000      0.2491E-01  0.1849       1.477    
   170   12.65       8.562       1.385       2.123      0.2683      0.1006E-12  0.4434      0.3880E-01  0.3797      0.1711      0.2374E-01   0.000      0.2466E-01  0.1851       1.488    
   171   12.65       8.689       1.385       2.107      0.2664     -0.1006E-12  0.4389      0.3918E-01  0.3797      0.1717      0.2372E-01   0.000      0.2486E-01  0.1845       1.499    
   172   12.65       8.814       1.385       2.092      0.2579       0.000      0.4443      0.4003E-01  0.3832      0.1711      0.2446E-01   0.000      0.2556E-01  0.1833       1.510    
   173   12.66       8.934       1.385       2.077      0.2433       0.000      0.4669      0.4300E-01  0.3851      0.1606      0.2726E-01   0.000      0.2544E-01  0.1839       1.521    
   174   12.66       9.046       1.385       2.063      0.2192       0.000      0.6320     -0.3391E-01  0.3072       0.000     -0.9895E-02   0.000      0.4906E-02  0.2340       0.000    
   175   12.66       9.147       1.385       2.051      0.1943       0.000      0.6274     -0.5681E-02  0.3065       0.000     -0.3682E-02   0.000      0.4350E-02  0.2358       0.000    
   176   12.67       9.235       1.385       2.040      0.1651       0.000      0.6232     -0.2594E-03  0.3060       0.000     -0.2189E-02   0.000      0.4068E-02  0.2367       0.000    
   177   12.67       9.309       1.385       2.031      0.1322       0.000      0.6197      0.1683E-02  0.3056       0.000     -0.1626E-02   0.000      0.3929E-02  0.2371       0.000    
   178   12.67       9.365       1.385       2.024      0.9650E-01   0.000      0.6169      0.2428E-02  0.3053       0.000     -0.1407E-02   0.000      0.3872E-02  0.2373       0.000    
   179   12.67       9.404       1.385       2.019      0.5873E-01   0.000      0.6151      0.2667E-02  0.3051       0.000     -0.1338E-02   0.000      0.3857E-02  0.2374       0.000    
   180   12.67       9.423       1.385       2.017      0.1971E-01   0.000      0.6141      0.2714E-02  0.3049       0.000     -0.1326E-02   0.000      0.3857E-02  0.2374       0.000    

 Surface forces referred to Sref,Cref,Bref about Xmom,Ymom,Zmom
 Standard axis orientation,  X fwd, Z down         

  Surface #10     main_wing_5 (YDUP)                      
     # chordwise = 10   # spanwise = 20     First strip =181
     Surface area =  3.3855           ave. chord =  2.1150    
     CLsurf  =   0.018687     Clsurf  =   0.005902
     CYsurf  =   0.000056     Cmsurf  =  -0.011468
     CDsurf  =   0.000501     Cnsurf  =   0.000144
     CDisurf =   0.000152     CDvsurf =   0.000000

  Forces referred to Ssurf, Cave about hinge axis thru LE
     cl_surf =   0.342042     cd_surf =   0.009163

 Strip Forces referred to strip area, chord
    j    xLE         yLE         zLE         Chord       Area        Dihedral   c cl        ai_ff       cl           clj         cd          cdv         cm_c/4     c.p.x/c      Dcj
   181   12.62      -7.827       1.385       2.213      0.2163E-01   0.000      0.6846      0.2514E-02  0.3098       0.000     -0.1636E-02   0.000      0.3670E-02  0.2382       0.000    
   182   12.62      -7.847       1.385       2.211      0.6430E-01   0.000      0.6838      0.2479E-02  0.3098       0.000     -0.1640E-02   0.000      0.3672E-02  0.2381       0.000    
   183   12.63      -7.885       1.385       2.206      0.1052       0.000      0.6823      0.2267E-02  0.3098       0.000     -0.1696E-02   0.000      0.3689E-02  0.2381       0.000    
   184   12.63      -7.942       1.385       2.199      0.1431     -0.1954E-12  0.6801      0.1572E-02  0.3098       0.000     -0.1899E-02   0.000      0.3746E-02  0.2379       0.000    
   185   12.63      -8.015       1.385       2.190      0.1772      0.1572E-12  0.6772     -0.2849E-03  0.3098       0.000     -0.2455E-02   0.000      0.3880E-02  0.2375       0.000    
   186   12.63      -8.103       1.385       2.179      0.2064       0.000      0.6736     -0.5549E-02  0.3098       0.000     -0.3978E-02   0.000      0.4151E-02  0.2366       0.000    
   187   12.64      -8.204       1.385       2.167      0.2302       0.000      0.6694     -0.3332E-01  0.3099       0.000     -0.1050E-01   0.000      0.4688E-02  0.2349       0.000    
   188   12.64      -8.316       1.385       2.153      0.2522       0.000      0.4893      0.4306E-01  0.3842      0.1573      0.2733E-01   0.000      0.2449E-01  0.1863       1.467    
   189   12.64      -8.437       1.385       2.138      0.2636       0.000      0.4578      0.4007E-01  0.3827      0.1689      0.2449E-01   0.000      0.2490E-01  0.1849       1.477    
   190   12.65      -8.562       1.385       2.123      0.2683     -0.1006E-12  0.4433      0.3918E-01  0.3794      0.1709      0.2372E-01   0.000      0.2461E-01  0.1851       1.488    
   191   12.65      -8.689       1.385       2.107      0.2664      0.1006E-12  0.4387      0.3881E-01  0.3798      0.1718      0.2372E-01   0.000      0.2490E-01  0.1844       1.499    
   192   12.65      -8.814       1.385       2.092      0.2579       0.000      0.4441      0.4003E-01  0.3832      0.1711      0.2446E-01   0.000      0.2557E-01  0.1833       1.510    
   193   12.66      -8.934       1.385       2.077      0.2433       0.000      0.4667      0.4301E-01  0.3849      0.1605      0.2724E-01   0.000      0.2544E-01  0.1839       1.521    
   194   12.66      -9.046       1.385       2.063      0.2192       0.000      0.6316     -0.3387E-01  0.3071       0.000     -0.9871E-02   0.000      0.4902E-02  0.2340       0.000    
   195   12.66      -9.147       1.385       2.051      0.1943       0.000      0.6270     -0.5654E-02  0.3063       0.000     -0.3666E-02   0.000      0.4346E-02  0.2358       0.000    
   196   12.67      -9.235       1.385       2.040      0.1651       0.000      0.6228     -0.2344E-03  0.3058       0.000     -0.2175E-02   0.000      0.4064E-02  0.2367       0.000    
   197   12.67      -9.309       1.385       2.031      0.1322       0.000      0.6193      0.1708E-02  0.3054       0.000     -0.1613E-02   0.000      0.3925E-02  0.2371       0.000    
   198   12.67      -9.365       1.385       2.024      0.9650E-01   0.000      0.6165      0.2454E-02  0.3051       0.000     -0.1394E-02   0.000      0.3868E-02  0.2373       0.000    
   199   12.67      -9.404       1.385       2.019      0.5873E-01   0.000      0.6146      0.2692E-02  0.3049       0.000     -0.1324E-02   0.000      0.3853E-02  0.2374       0.000    
   200   12.67      -9.423       1.385       2.017      0.1971E-01   0.000      0.6136      0.2740E-02  0.3047       0.000     -0.1313E-02   0.000      0.3853E-02  0.2374       0.000    

 Surface forces referred to Sref,Cref,Bref about Xmom,Ymom,Zmom
 Standard axis orientation,  X fwd, Z down         

  Surface #11     main_wing_6                             
     # chordwise = 10   # spanwise = 20     First strip =201
     Surface area =  7.3990           ave. chord =  1.7580    
     CLsurf  =   0.032335     Clsurf  =  -0.013195
     CYsurf  =  -0.000108     Cmsurf  =  -0.020215
     CDsurf  =   0.000617     Cnsurf  =  -0.000436
     CDisurf =   0.000304     CDvsurf =   0.000000

  Forces referred to Ssurf, Cave about hinge axis thru LE
     cl_surf =   0.270802     cd_surf =   0.005168

 Strip Forces referred to strip area, chord
    j    xLE         yLE         zLE         Chord       Area        Dihedral   c cl        ai_ff       cl           clj         cd          cdv         cm_c/4     c.p.x/c      Dcj
   201   12.67       9.432       1.385       2.016      0.5632E-01   0.000      0.6138      0.2720E-02  0.3050       0.000     -0.1321E-02   0.000      0.3859E-02  0.2373       0.000    
   202   12.67       9.488       1.385       2.009      0.1670      0.1530E-12  0.6111      0.2515E-02  0.3047       0.000     -0.1374E-02   0.000      0.3886E-02  0.2372       0.000    
   203   12.68       9.598       1.385       1.995      0.2719     -0.9336E-13  0.6056      0.5806E-03  0.3040       0.000     -0.1907E-02   0.000      0.4064E-02  0.2366       0.000    
   204   12.68       9.760       1.385       1.976      0.3676       0.000      0.5975     -0.1502E-01  0.3031       0.000     -0.5436E-02   0.000      0.4703E-02  0.2345       0.000    
   205   12.69       9.959       1.385       1.951      0.4109       0.000      0.4089      0.4135E-01  0.3840      0.1747      0.2520E-01   0.000      0.2739E-01  0.1787       1.619    
   206   12.70       10.19       1.385       1.923      0.4742       0.000      0.3779      0.3820E-01  0.3764      0.1801      0.2341E-01   0.000      0.2710E-01  0.1780       1.643    
   207   12.70       10.45       1.385       1.891      0.5228       0.000      0.3765      0.4027E-01  0.3808      0.1819      0.2409E-01   0.000      0.2858E-01  0.1750       1.671    
   208   12.71       10.74       1.385       1.855      0.5626       0.000      0.5384     -0.4125E-02  0.2908       0.000     -0.2454E-02   0.000      0.4300E-02  0.2352       0.000    
   209   12.72       11.05       1.385       1.816      0.5798       0.000      0.5161      0.9422E-02  0.2845       0.000      0.5928E-03   0.000      0.3073E-02  0.2392       0.000    
   210   12.73       11.38       1.385       1.777      0.5814     -0.3887E-13  0.4912      0.1267E-01  0.2768       0.000      0.1373E-02   0.000      0.2601E-02  0.2406       0.000    
   211   12.74       11.71       1.385       1.736      0.5682      0.3887E-13  0.4637      0.1480E-01  0.2674       0.000      0.1762E-02   0.000      0.2583E-02  0.2403       0.000    
   212   12.75       12.03       1.385       1.696      0.5415       0.000      0.4334      0.1687E-01  0.2557       0.000      0.2023E-02   0.000      0.2881E-02  0.2387       0.000    
   213   12.76       12.34       1.385       1.658      0.5029       0.000      0.3996      0.1911E-01  0.2412       0.000      0.2223E-02   0.000      0.3420E-02  0.2358       0.000    
   214   12.77       12.64       1.385       1.622      0.4540       0.000      0.3617      0.2160E-01  0.2232       0.000      0.2371E-02   0.000      0.4137E-02  0.2315       0.000    
   215   12.78       12.90       1.385       1.589      0.3967       0.000      0.3192      0.2425E-01  0.2010       0.000      0.2453E-02   0.000      0.4936E-02  0.2254       0.000    
   216   12.79       13.13       1.385       1.561      0.3328       0.000      0.2715      0.2692E-01  0.1741       0.000      0.2441E-02   0.000      0.5633E-02  0.2176       0.000    
   217   12.79       13.33       1.385       1.537      0.2637       0.000      0.2185      0.2945E-01  0.1422       0.000      0.2299E-02   0.000      0.5940E-02  0.2082       0.000    
   218   12.80       13.48       1.385       1.519      0.1908       0.000      0.1604      0.3164E-01  0.1057       0.000      0.1988E-02   0.000      0.5496E-02  0.1980       0.000    
   219   12.80       13.58       1.385       1.506      0.1154       0.000      0.9815E-01  0.3336E-01  0.6517E-01   0.000      0.1465E-02   0.000      0.4017E-02  0.1884       0.000    
   220   12.80       13.63       1.385       1.500      0.3863E-01   0.000      0.3306E-01  0.3441E-01  0.2204E-01   0.000      0.5812E-03   0.000      0.1499E-02  0.1820       0.000    

 Surface forces referred to Sref,Cref,Bref about Xmom,Ymom,Zmom
 Standard axis orientation,  X fwd, Z down         

  Surface #12     main_wing_6 (YDUP)                      
     # chordwise = 10   # spanwise = 20     First strip =221
     Surface area =  7.3990           ave. chord =  1.7580    
     CLsurf  =   0.032304     Clsurf  =   0.013182
     CYsurf  =   0.000108     Cmsurf  =  -0.020197
     CDsurf  =   0.000617     Cnsurf  =   0.000435
     CDisurf =   0.000305     CDvsurf =   0.000000

  Forces referred to Ssurf, Cave about hinge axis thru LE
     cl_surf =   0.270539     cd_surf =   0.005169

 Strip Forces referred to strip area, chord
    j    xLE         yLE         zLE         Chord       Area        Dihedral   c cl        ai_ff       cl           clj         cd          cdv         cm_c/4     c.p.x/c      Dcj
   221   12.67      -9.432       1.385       2.016      0.5632E-01   0.000      0.6133      0.2745E-02  0.3048       0.000     -0.1308E-02   0.000      0.3854E-02  0.2374       0.000    
   222   12.67      -9.488       1.385       2.009      0.1670     -0.1530E-12  0.6106      0.2541E-02  0.3044       0.000     -0.1360E-02   0.000      0.3881E-02  0.2373       0.000    
   223   12.68      -9.598       1.385       1.995      0.2719      0.9336E-13  0.6051      0.6090E-03  0.3038       0.000     -0.1890E-02   0.000      0.4057E-02  0.2366       0.000    
   224   12.68      -9.760       1.385       1.976      0.3676       0.000      0.5969     -0.1498E-01  0.3028       0.000     -0.5405E-02   0.000      0.4690E-02  0.2345       0.000    
   225   12.69      -9.959       1.385       1.951      0.4109       0.000      0.4085      0.4136E-01  0.3836      0.1746      0.2517E-01   0.000      0.2735E-01  0.1787       1.619    
   226   12.70      -10.19       1.385       1.923      0.4742       0.000      0.3774      0.3949E-01  0.3756      0.1796      0.2336E-01   0.000      0.2697E-01  0.1782       1.643    
   227   12.70      -10.45       1.385       1.891      0.5228       0.000      0.3760      0.4027E-01  0.3803      0.1816      0.2405E-01   0.000      0.2852E-01  0.1750       1.671    
   228   12.71      -10.74       1.385       1.855      0.5626       0.000      0.5376     -0.4087E-02  0.2904       0.000     -0.2414E-02   0.000      0.4276E-02  0.2353       0.000    
   229   12.72      -11.05       1.385       1.816      0.5798       0.000      0.5155      0.9451E-02  0.2842       0.000      0.6081E-03   0.000      0.3065E-02  0.2392       0.000    
   230   12.73      -11.38       1.385       1.777      0.5814      0.3887E-13  0.4908      0.1270E-01  0.2766       0.000      0.1381E-02   0.000      0.2600E-02  0.2406       0.000    
   231   12.74      -11.71       1.385       1.736      0.5682     -0.3887E-13  0.4634      0.1483E-01  0.2672       0.000      0.1767E-02   0.000      0.2585E-02  0.2403       0.000    
   232   12.75      -12.03       1.385       1.696      0.5415       0.000      0.4331      0.1689E-01  0.2556       0.000      0.2026E-02   0.000      0.2884E-02  0.2387       0.000    
   233   12.76      -12.34       1.385       1.658      0.5029       0.000      0.3994      0.1913E-01  0.2411       0.000      0.2225E-02   0.000      0.3423E-02  0.2358       0.000    
   234   12.77      -12.64       1.385       1.622      0.4540       0.000      0.3616      0.2161E-01  0.2231       0.000      0.2372E-02   0.000      0.4140E-02  0.2314       0.000    
   235   12.78      -12.90       1.385       1.589      0.3967       0.000      0.3191      0.2426E-01  0.2009       0.000      0.2454E-02   0.000      0.4937E-02  0.2254       0.000    
   236   12.79      -13.13       1.385       1.561      0.3328       0.000      0.2715      0.2694E-01  0.1740       0.000      0.2442E-02   0.000      0.5635E-02  0.2176       0.000    
   237   12.79      -13.33       1.385       1.537      0.2637       0.000      0.2184      0.2946E-01  0.1422       0.000      0.2300E-02   0.000      0.5940E-02  0.2082       0.000    
   238   12.80      -13.48       1.385       1.519      0.1908       0.000      0.1604      0.3165E-01  0.1056       0.000      0.1988E-02   0.000      0.5496E-02  0.1980       0.000    
   239   12.80      -13.58       1.385       1.506      0.1154       0.000      0.9812E-01  0.3337E-01  0.6515E-01   0.000      0.1465E-02   0.000      0.4017E-02  0.1883       0.000    
   240   12.80      -13.63       1.385       1.500      0.3863E-01   0.000      0.3305E-01  0.3442E-01  0.2203E-01   0.000      0.5811E-03   0.000      0.1499E-02  0.1820       0.000    

 Surface forces referred to Sref,Cref,Bref about Xmom,Ymom,Zmom
 Standard axis orientation,  X fwd, Z down         

  Surface #13     horizontal_stabilizer                   
     # chordwise = 10   # spanwise = 30     First strip =241
     Surface area =  10.595           ave. chord =  1.8792    
     CLsurf  =   0.030118     Clsurf  =  -0.002712
     CYsurf  =  -0.000069     Cmsurf  =  -0.168017
     CDsurf  =   0.000654     Cnsurf  =  -0.000050
     CDisurf =   0.000654     CDvsurf =   0.000000

  Forces referred to Ssurf, Cave about hinge axis thru LE
     cl_surf =   0.176149     cd_surf =   0.003826

 Strip Forces referred to strip area, chord
    j    xLE         yLE         zLE         Chord       Area        Dihedral   c cl        ai_ff       cl           clj         cd          cdv         cm_c/4     c.p.x/c      Dcj
   241   23.77      0.3863E-02   5.862       2.348      0.3627E-01   0.000      0.4106      0.2856E-01  0.1743       0.000      0.1590E-01   0.000     -0.1236E-02  0.2571       0.000    
   242   23.77      0.3471E-01   5.862       2.343      0.1082       0.000      0.4106      0.2851E-01  0.1752       0.000      0.5495E-02   0.000     -0.1169E-02  0.2567       0.000    
   243   23.78      0.9605E-01   5.862       2.333      0.1782       0.000      0.4105      0.2844E-01  0.1760       0.000      0.4812E-02   0.000     -0.9633E-03  0.2555       0.000    
   244   23.79      0.1872       5.862       2.318      0.2451     -0.4813E-12  0.4103      0.2838E-01  0.1770       0.000      0.4561E-02   0.000     -0.6678E-03  0.2538       0.000    
   245   23.81      0.3072       5.862       2.298      0.3078      0.7598E-12  0.4099      0.2830E-01  0.1784       0.000      0.4396E-02   0.000     -0.3449E-03  0.2519       0.000    
   246   23.83      0.4548       5.862       2.273      0.3653     -0.3167E-12  0.4090      0.2822E-01  0.1800       0.000      0.4276E-02   0.000     -0.3664E-04  0.2502       0.000    
   247   23.86      0.6282       5.862       2.244      0.4168       0.000      0.4077      0.2813E-01  0.1817       0.000      0.4185E-02   0.000      0.2338E-03  0.2487       0.000    
   248   23.89      0.8256       5.862       2.211      0.4614       0.000      0.4057      0.2802E-01  0.1835       0.000      0.4115E-02   0.000      0.4569E-03  0.2475       0.000    
   249   23.92       1.045       5.862       2.175      0.4987       0.000      0.4030      0.2791E-01  0.1853       0.000      0.4062E-02   0.000      0.6331E-03  0.2466       0.000    
   250   23.95       1.284       5.862       2.135      0.5284     -0.2056E-12  0.3993      0.2780E-01  0.1871       0.000      0.4019E-02   0.000      0.7696E-03  0.2459       0.000    
   251   23.99       1.539       5.862       2.093      0.5501      0.1936E-12  0.3947      0.2770E-01  0.1887       0.000      0.3984E-02   0.000      0.8770E-03  0.2454       0.000    
   252   24.03       1.809       5.862       2.048      0.5640       0.000      0.3890      0.2763E-01  0.1900       0.000      0.3954E-02   0.000      0.9676E-03  0.2449       0.000    
   253   24.07       2.089       5.862       2.001      0.5703       0.000      0.3822      0.2759E-01  0.1911       0.000      0.3926E-02   0.000      0.1054E-02  0.2445       0.000    
   254   24.11       2.378       5.862       1.953      0.5691       0.000      0.3742      0.2762E-01  0.1917       0.000      0.3898E-02   0.000      0.1147E-02  0.2440       0.000    
   255   24.16       2.671       5.862       1.904      0.5610     -0.1727E-12  0.3650      0.2773E-01  0.1918       0.000      0.3870E-02   0.000      0.1260E-02  0.2434       0.000    
   256   24.20       2.966       5.862       1.855      0.5465      0.1727E-12  0.3546      0.2795E-01  0.1913       0.000      0.3839E-02   0.000      0.1402E-02  0.2427       0.000    
   257   24.24       3.260       5.862       1.806      0.5262       0.000      0.3429      0.2830E-01  0.1900       0.000      0.3804E-02   0.000      0.1587E-02  0.2416       0.000    
   258   24.29       3.548       5.862       1.758      0.5009       0.000      0.3299      0.2880E-01  0.1877       0.000      0.3761E-02   0.000      0.1826E-02  0.2403       0.000    
   259   24.33       3.829       5.862       1.711      0.4713      0.1847E-12  0.3153      0.2948E-01  0.1844       0.000      0.3709E-02   0.000      0.2132E-02  0.2384       0.000    
   260   24.37       4.099       5.862       1.666      0.4380       0.000      0.2991      0.3034E-01  0.1796       0.000      0.3641E-02   0.000      0.2519E-02  0.2360       0.000    
   261   24.40       4.354       5.862       1.623      0.4017     -0.2056E-12  0.2812      0.3138E-01  0.1732       0.000      0.3551E-02   0.000      0.2993E-02  0.2327       0.000    
   262   24.44       4.593       5.862       1.584      0.3631      0.2219E-12  0.2611      0.3260E-01  0.1649       0.000      0.3433E-02   0.000      0.3549E-02  0.2285       0.000    
   263   24.47       4.812       5.862       1.547      0.3228     -0.2439E-12  0.2389      0.3394E-01  0.1544       0.000      0.3275E-02   0.000      0.4162E-02  0.2231       0.000    
   264   24.50       5.010       5.862       1.514      0.2812       0.000      0.2142      0.3536E-01  0.1415       0.000      0.3068E-02   0.000      0.4769E-02  0.2163       0.000    
   265   24.53       5.183       5.862       1.485      0.2387       0.000      0.1870      0.3678E-01  0.1259       0.000      0.2803E-02   0.000      0.5262E-02  0.2082       0.000    
   266   24.55       5.331       5.862       1.461      0.1957       0.000      0.1572      0.3811E-01  0.1077       0.000      0.2471E-02   0.000      0.5490E-02  0.1990       0.000    
   267   24.56       5.451       5.862       1.441      0.1523       0.000      0.1251      0.3931E-01  0.8687E-01   0.000      0.2068E-02   0.000      0.5283E-02  0.1892       0.000    
   268   24.58       5.542       5.862       1.425      0.1089       0.000      0.9100E-01  0.4031E-01  0.6385E-01   0.000      0.1589E-02   0.000      0.4494E-02  0.1796       0.000    
   269   24.59       5.603       5.862       1.415      0.6532E-01   0.000      0.5529E-01  0.4107E-01  0.3907E-01   0.000      0.1027E-02   0.000      0.3064E-02  0.1716       0.000    
   270   24.59       5.634       5.862       1.410      0.2177E-01   0.000      0.1855E-01  0.4151E-01  0.1316E-01   0.000      0.3078E-03   0.000      0.1093E-02  0.1669       0.000    

 Surface forces referred to Sref,Cref,Bref about Xmom,Ymom,Zmom
 Standard axis orientation,  X fwd, Z down         

  Surface #14     horizontal_stabilizer (YDUP)            
     # chordwise = 10   # spanwise = 30     First strip =271
     Surface area =  10.595           ave. chord =  1.8792    
     CLsurf  =   0.030119     Clsurf  =   0.002712
     CYsurf  =   0.000069     Cmsurf  =  -0.168025
     CDsurf  =   0.000654     Cnsurf  =   0.000050
     CDisurf =   0.000654     CDvsurf =   0.000000

  Forces referred to Ssurf, Cave about hinge axis thru LE
     cl_surf =   0.176158     cd_surf =   0.003826

 Strip Forces referred to strip area, chord
    j    xLE         yLE         zLE         Chord       Area        Dihedral   c cl        ai_ff       cl           clj         cd          cdv         cm_c/4     c.p.x/c      Dcj
   271   23.77     -0.3863E-02   5.862       2.348      0.3627E-01   0.000      0.4106      0.2856E-01  0.1743       0.000      0.1588E-01   0.000     -0.1236E-02  0.2571       0.000    
   272   23.77     -0.3471E-01   5.862       2.343      0.1082       0.000      0.4106      0.2851E-01  0.1752       0.000      0.5495E-02   0.000     -0.1169E-02  0.2567       0.000    
   273   23.78     -0.9605E-01   5.862       2.333      0.1782       0.000      0.4106      0.2844E-01  0.1760       0.000      0.4811E-02   0.000     -0.9630E-03  0.2555       0.000    
   274   23.79     -0.1872       5.862       2.318      0.2451      0.4813E-12  0.4103      0.2838E-01  0.1770       0.000      0.4560E-02   0.000     -0.6676E-03  0.2538       0.000    
   275   23.81     -0.3072       5.862       2.298      0.3078     -0.7598E-12  0.4099      0.2830E-01  0.1784       0.000      0.4396E-02   0.000     -0.3447E-03  0.2519       0.000    
   276   23.83     -0.4548       5.862       2.273      0.3653      0.3167E-12  0.4091      0.2822E-01  0.1800       0.000      0.4275E-02   0.000     -0.3648E-04  0.2502       0.000    
   277   23.86     -0.6282       5.862       2.244      0.4168       0.000      0.4077      0.2813E-01  0.1817       0.000      0.4185E-02   0.000      0.2339E-03  0.2487       0.000    
   278   23.89     -0.8256       5.862       2.211      0.4614       0.000      0.4058      0.2802E-01  0.1835       0.000      0.4115E-02   0.000      0.4569E-03  0.2475       0.000    
   279   23.92      -1.045       5.862       2.175      0.4987       0.000      0.4030      0.2791E-01  0.1853       0.000      0.4062E-02   0.000      0.6331E-03  0.2466       0.000    
   280   23.95      -1.284       5.862       2.135      0.5284      0.2056E-12  0.3994      0.2780E-01  0.1871       0.000      0.4019E-02   0.000      0.7696E-03  0.2459       0.000    
   281   23.99      -1.539       5.862       2.093      0.5501     -0.1936E-12  0.3947      0.2770E-01  0.1887       0.000      0.3984E-02   0.000      0.8770E-03  0.2454       0.000    
   282   24.03      -1.809       5.862       2.048      0.5640       0.000      0.3890      0.2762E-01  0.1900       0.000      0.3954E-02   0.000      0.9676E-03  0.2449       0.000    
   283   24.07      -2.089       5.862       2.001      0.5703       0.000      0.3822      0.2759E-01  0.1911       0.000      0.3926E-02   0.000      0.1054E-02  0.2445       0.000    
   284   24.11      -2.378       5.862       1.953      0.5691       0.000      0.3742      0.2762E-01  0.1917       0.000      0.3898E-02   0.000      0.1147E-02  0.2440       0.000    
   285   24.16      -2.671       5.862       1.904      0.5610      0.1727E-12  0.3650      0.2773E-01  0.1918       0.000      0.3870E-02   0.000      0.1260E-02  0.2434       0.000    
   286   24.20      -2.966       5.862       1.855      0.5465     -0.1727E-12  0.3546      0.2795E-01  0.1913       0.000      0.3839E-02   0.000      0.1402E-02  0.2427       0.000    
   287   24.24      -3.260       5.862       1.806      0.5262       0.000      0.3429      0.2830E-01  0.1900       0.000      0.3804E-02   0.000      0.1587E-02  0.2416       0.000    
   288   24.29      -3.548       5.862       1.758      0.5009       0.000      0.3299      0.2880E-01  0.1877       0.000      0.3761E-02   0.000      0.1826E-02  0.2403       0.000    
   289   24.33      -3.829       5.862       1.711      0.4713     -0.1847E-12  0.3153      0.2948E-01  0.1844       0.000      0.3709E-02   0.000      0.2133E-02  0.2384       0.000    
   290   24.37      -4.099       5.862       1.666      0.4380       0.000      0.2992      0.3034E-01  0.1796       0.000      0.3641E-02   0.000      0.2519E-02  0.2360       0.000    
   291   24.40      -4.354       5.862       1.623      0.4017      0.2056E-12  0.2812      0.3138E-01  0.1733       0.000      0.3551E-02   0.000      0.2993E-02  0.2327       0.000    
   292   24.44      -4.593       5.862       1.584      0.3631     -0.2219E-12  0.2611      0.3260E-01  0.1650       0.000      0.3432E-02   0.000      0.3549E-02  0.2285       0.000    
   293   24.47      -4.812       5.862       1.547      0.3228      0.2439E-12  0.2389      0.3394E-01  0.1545       0.000      0.3275E-02   0.000      0.4162E-02  0.2231       0.000    
   294   24.50      -5.010       5.862       1.514      0.2812       0.000      0.2142      0.3536E-01  0.1415       0.000      0.3068E-02   0.000      0.4769E-02  0.2163       0.000    
   295   24.53      -5.183       5.862       1.485      0.2387       0.000      0.1870      0.3678E-01  0.1259       0.000      0.2803E-02   0.000      0.5262E-02  0.2082       0.000    
   296   24.55      -5.331       5.862       1.461      0.1957       0.000      0.1572      0.3811E-01  0.1077       0.000      0.2471E-02   0.000      0.5491E-02  0.1990       0.000    
   297   24.56      -5.451       5.862       1.441      0.1523       0.000      0.1251      0.3931E-01  0.8687E-01   0.000      0.2068E-02   0.000      0.5284E-02  0.1892       0.000    
   298   24.58      -5.542       5.862       1.425      0.1089       0.000      0.9101E-01  0.4031E-01  0.6385E-01   0.000      0.1589E-02   0.000      0.4494E-02  0.1796       0.000    
   299   24.59      -5.603       5.862       1.415      0.6532E-01   0.000      0.5529E-01  0.4107E-01  0.3907E-01   0.000      0.1027E-02   0.000      0.3065E-02  0.1716       0.000    
   300   24.59      -5.634       5.862       1.410      0.2177E-01   0.000      0.1855E-01  0.4151E-01  0.1316E-01   0.000      0.3078E-03   0.000      0.1093E-02  0.1669       0.000    

 Surface forces referred to Sref,Cref,Bref about Xmom,Ymom,Zmom
 Standard axis orientation,  X fwd, Z down         

  Surface #15     vertical_stabilizer                     
     # chordwise = 10   # spanwise = 30     First strip =301
     Surface area =  14.541           ave. chord =  3.0147    
     CLsurf  =   0.000000     Clsurf  =   0.000000
     CYsurf  =   0.000000     Cmsurf  =  -0.000000
     CDsurf  =  -0.000000     Cnsurf  =  -0.000000
     CDisurf =  -0.000000     CDvsurf =   0.000000

  Forces referred to Ssurf, Cave about hinge axis thru LE
     cl_surf =   0.000000     cd_surf =  -0.000000

 Strip Forces referred to strip area, chord
    j    xLE         yLE         zLE         Chord       Area        Dihedral   c cl        ai_ff       cl           clj         cd          cdv         cm_c/4     c.p.x/c      Dcj
   301   20.77       0.000       1.054       3.764      0.1398       90.00      0.1215E-04 -0.1304E-04  0.3227E-05   0.000      0.4857E-11   0.000      0.5386E-06  0.8311E-01   0.000    
   302   20.80       0.000       1.103       3.748      0.2276       90.00      0.2247E-04  0.2731E-03  0.5994E-05   0.000     -0.1287E-10   0.000      0.1016E-05  0.8056E-01   0.000    
   303   20.85       0.000       1.176       3.726      0.3124       90.00      0.3365E-04  0.3965E-04  0.9033E-05   0.000     -0.4784E-10   0.000      0.1584E-05  0.7467E-01   0.000    
   304   20.91       0.000       1.271       3.696      0.3927       90.00      0.4920E-04  0.5825E-04  0.1331E-04   0.000     -0.1064E-09   0.000      0.2449E-05  0.6605E-01   0.000    
   305   20.98       0.000       1.388       3.659      0.4673       90.00      0.9292E-04 -0.1246E-02  0.2539E-04   0.000     -0.1546E-09   0.000      0.4784E-05  0.6159E-01   0.000    
   306   21.06       0.000       1.526       3.616      0.5350       90.00      0.4622E-04  0.3465E-05  0.1278E-04   0.000     -0.1285E-09   0.000      0.2497E-05  0.5462E-01   0.000    
   307   21.16       0.000       1.684       3.567      0.5949       90.00      0.3029E-04  0.4346E-05  0.8492E-05   0.000     -0.6157E-10   0.000      0.1676E-05  0.5265E-01   0.000    
   308   21.27       0.000       1.859       3.512      0.6462       90.00      0.1944E-04  0.1968E-05  0.5534E-05   0.000     -0.2417E-10   0.000      0.1149E-05  0.4238E-01   0.000    
   309   21.39       0.000       2.051       3.452      0.6882       90.00      0.1072E-04  0.1131E-05  0.3105E-05   0.000     -0.8086E-11   0.000      0.7744E-06  0.5591E-03   0.000    
   310   21.52       0.000       2.257       3.388      0.7207       90.00      0.3482E-05  0.8426E-06  0.1028E-05   0.000     -0.1694E-11   0.000      0.5009E-06 -0.2373       0.000    
   311   21.66       0.000       2.476       3.319      0.7434       90.00     -0.2529E-05  0.7501E-06 -0.7620E-06   0.000      0.1221E-13   0.000      0.3014E-06  0.6456       0.000    
   312   21.80       0.000       2.705       3.248      0.7565       90.00     -0.7469E-05  0.7379E-06 -0.2300E-05   0.000     -0.5963E-12   0.000      0.1589E-06  0.3191       0.000    
   313   21.95       0.000       2.941       3.174      0.7601       90.00     -0.1146E-04  0.7623E-06 -0.3611E-05   0.000     -0.2259E-11   0.000      0.6083E-07  0.2668       0.000    
   314   22.10       0.000       3.183       3.098      0.7548       90.00     -0.1463E-04  0.8039E-06 -0.4721E-05   0.000     -0.4281E-11   0.000     -0.2555E-08  0.2495       0.000    
   315   22.25       0.000       3.428       3.022      0.7410       90.00     -0.1709E-04  0.8519E-06 -0.5657E-05   0.000     -0.6296E-11   0.000     -0.3960E-07  0.2430       0.000    
   316   22.40       0.000       3.673       2.945      0.7194       90.00     -0.1898E-04  0.8999E-06 -0.6446E-05   0.000     -0.8136E-11   0.000     -0.5728E-07  0.2411       0.000    
   317   22.55       0.000       3.916       2.869      0.6909       90.00     -0.2041E-04  0.9426E-06 -0.7114E-05   0.000     -0.9744E-11   0.000     -0.6135E-07  0.2414       0.000    
   318   22.70       0.000       4.154       2.795      0.6563       90.00     -0.2148E-04  0.9759E-06 -0.7685E-05   0.000     -0.1112E-10   0.000     -0.5672E-07  0.2426       0.000    
   319   22.84       0.000       4.385       2.723      0.6165       90.00     -0.2227E-04  0.9961E-06 -0.8178E-05   0.000     -0.1230E-10   0.000     -0.4779E-07  0.2442       0.000    
   320   22.98       0.000       4.606       2.654      0.5722       90.00     -0.2284E-04  0.1001E-05 -0.8607E-05   0.000     -0.1331E-10   0.000     -0.3888E-07  0.2455       0.000    
   321   23.11       0.000       4.815       2.588      0.5243       90.00     -0.2325E-04  0.9878E-06 -0.8982E-05   0.000     -0.1419E-10   0.000     -0.3443E-07  0.2462       0.000    
   322   23.23       0.000       5.011       2.527      0.4737       90.00     -0.2352E-04  0.9578E-06 -0.9308E-05   0.000     -0.1496E-10   0.000     -0.3892E-07  0.2458       0.000    
   323   23.35       0.000       5.190       2.471      0.4209       90.00     -0.2369E-04  0.9122E-06 -0.9588E-05   0.000     -0.1568E-10   0.000     -0.5629E-07  0.2441       0.000    
   324   23.45       0.000       5.351       2.421      0.3665       90.00     -0.2377E-04  0.8541E-06 -0.9819E-05   0.000     -0.1635E-10   0.000     -0.8907E-07  0.2409       0.000    
   325   23.53       0.000       5.492       2.377      0.3111       90.00     -0.2376E-04  0.7874E-06 -0.9998E-05   0.000     -0.1704E-10   0.000     -0.1372E-06  0.2363       0.000    
   326   23.61       0.000       5.612       2.339      0.2551       90.00     -0.2367E-04  0.7173E-06 -0.1012E-04   0.000     -0.1780E-10   0.000     -0.1967E-06  0.2306       0.000    
   327   23.67       0.000       5.710       2.309      0.1986       90.00     -0.2350E-04  0.6511E-06 -0.1018E-04   0.000     -0.1841E-10   0.000     -0.2610E-06  0.2244       0.000    
   328   23.72       0.000       5.784       2.285      0.1419       90.00     -0.2312E-04  0.5871E-06 -0.1012E-04   0.000     -0.1707E-10   0.000     -0.3193E-06  0.2184       0.000    
   329   23.75       0.000       5.834       2.270      0.8517E-01   90.00     -0.2170E-04  0.5162E-06 -0.9562E-05   0.000     -0.1168E-11   0.000     -0.2833E-06  0.2204       0.000    
   330   23.76       0.000       5.859       2.262      0.2839E-01   90.00     -0.1098E-04  0.4686E-06 -0.4854E-05   0.000      0.2031E-09   0.000      0.7705E-06  0.4087       0.000    

 Surface forces referred to Sref,Cref,Bref about Xmom,Ymom,Zmom
 Standard axis orientation,  X fwd, Z down         

  Surface #16     fuselage_horizontal                     
     # chordwise = 10   # spanwise = 30     First strip =331
     Surface area =  65.503           ave. chord =  23.647    
     CLsurf  =   0.007850     Clsurf  =   0.000000
     CYsurf  =   0.000000     Cmsurf  =   0.051583
     CDsurf  =   0.000041     Cnsurf  =  -0.000000
     CDisurf =   0.000041     CDvsurf =   0.000000

  Forces referred to Ssurf, Cave about hinge axis thru LE
     cl_surf =   0.007426     cd_surf =   0.000039

 Strip Forces referred to strip area, chord
    j    xLE         yLE         zLE         Chord       Area        Dihedral   c cl        ai_ff       cl           clj         cd          cdv         cm_c/4     c.p.x/c      Dcj
   331   3.132      -1.339       0.000       15.61       1.441       0.000      0.6728E-01  0.4538E-01  0.4333E-02   0.000     -0.3253E-03   0.000      0.2398E-02 -0.3035       0.000    
   332   2.645      -1.247       0.000       17.73       1.637       0.000      0.1015      0.5018E-01  0.5745E-02   0.000     -0.2247E-03   0.000      0.2828E-02 -0.2423       0.000    
   333   2.159      -1.154       0.000       19.86       1.834       0.000      0.1270      0.5309E-01  0.6411E-02   0.000     -0.1252E-03   0.000      0.2896E-02 -0.2018       0.000    
   334   1.788      -1.062       0.000       21.39       1.975       0.000      0.1459      0.5425E-01  0.6832E-02   0.000     -0.3976E-04   0.000      0.2997E-02 -0.1887       0.000    
   335   1.533     -0.9695       0.000       22.32       2.061       0.000      0.1614      0.5432E-01  0.7239E-02   0.000      0.6202E-05   0.000      0.3128E-02 -0.1822       0.000    
   336   1.278     -0.8772       0.000       23.26       2.147       0.000      0.1739      0.5404E-01  0.7487E-02   0.000     -0.2914E-05   0.000      0.3212E-02 -0.1790       0.000    
   337   1.058     -0.7848       0.000       24.08       2.223       0.000      0.1840      0.5338E-01  0.7651E-02   0.000      0.1687E-05   0.000      0.3281E-02 -0.1789       0.000    
   338  0.8733     -0.6925       0.000       24.78       2.288       0.000      0.1924      0.5300E-01  0.7773E-02   0.000      0.1580E-05   0.000      0.3335E-02 -0.1791       0.000    
   339  0.6887     -0.6002       0.000       25.49       2.353       0.000      0.1992      0.5243E-01  0.7828E-02   0.000     -0.1505E-04   0.000      0.3364E-02 -0.1797       0.000    
   340  0.5311     -0.5078       0.000       26.02       2.403       0.000      0.2047      0.5197E-01  0.7882E-02   0.000     -0.5518E-04   0.000      0.3395E-02 -0.1807       0.000    
   341  0.4004     -0.4155       0.000       26.38       2.436       0.000      0.2094      0.5171E-01  0.7949E-02   0.000      0.1099E-04   0.000      0.3427E-02 -0.1811       0.000    
   342  0.2697     -0.3232       0.000       26.74       2.469       0.000      0.2130      0.5148E-01  0.7981E-02   0.000     -0.3212E-04   0.000      0.3441E-02 -0.1812       0.000    
   343  0.1703     -0.2308       0.000       26.95       2.488       0.000      0.2157      0.5139E-01  0.8015E-02   0.000      0.2163E-04   0.000      0.3458E-02 -0.1814       0.000    
   344  0.1022     -0.1385       0.000       27.02       2.495       0.000      0.2176      0.5138E-01  0.8054E-02   0.000      0.2269E-03   0.000      0.3477E-02 -0.1817       0.000    
   345  0.3407E-01 -0.4617E-01   0.000       27.09       2.501       0.000      0.2186      0.5135E-01  0.8040E-02   0.000      0.8055E-03   0.000      0.3480E-02 -0.1829       0.000    
   346  0.3407E-01  0.4617E-01   0.000       27.09       2.501       0.000      0.2186      0.5142E-01  0.8039E-02   0.000      0.8055E-03   0.000      0.3480E-02 -0.1829       0.000    
   347  0.1022      0.1385       0.000       27.02       2.495       0.000      0.2176      0.5140E-01  0.8053E-02   0.000      0.2269E-03   0.000      0.3477E-02 -0.1818       0.000    
   348  0.1703      0.2308       0.000       26.95       2.488       0.000      0.2157      0.5140E-01  0.8013E-02   0.000      0.2145E-04   0.000      0.3458E-02 -0.1816       0.000    
   349  0.2697      0.3232       0.000       26.74       2.469       0.000      0.2130      0.5148E-01  0.7978E-02   0.000     -0.3237E-04   0.000      0.3442E-02 -0.1814       0.000    
   350  0.4004      0.4155       0.000       26.38       2.436       0.000      0.2093      0.5171E-01  0.7946E-02   0.000      0.1077E-04   0.000      0.3428E-02 -0.1814       0.000    
   351  0.5311      0.5078       0.000       26.02       2.403       0.000      0.2046      0.5197E-01  0.7879E-02   0.000     -0.5547E-04   0.000      0.3396E-02 -0.1810       0.000    
   352  0.6887      0.6002       0.000       25.49       2.353       0.000      0.1991      0.5243E-01  0.7824E-02   0.000     -0.1532E-04   0.000      0.3365E-02 -0.1800       0.000    
   353  0.8733      0.6925       0.000       24.78       2.288       0.000      0.1923      0.5300E-01  0.7769E-02   0.000      0.1335E-05   0.000      0.3336E-02 -0.1794       0.000    
   354   1.058      0.7848       0.000       24.08       2.223       0.000      0.1839      0.5338E-01  0.7647E-02   0.000      0.1445E-05   0.000      0.3282E-02 -0.1792       0.000    
   355   1.278      0.8772       0.000       23.26       2.147       0.000      0.1738      0.5404E-01  0.7482E-02   0.000     -0.3136E-05   0.000      0.3213E-02 -0.1794       0.000    
   356   1.533      0.9695       0.000       22.32       2.061       0.000      0.1613      0.5432E-01  0.7234E-02   0.000      0.6020E-05   0.000      0.3129E-02 -0.1826       0.000    
   357   1.788       1.062       0.000       21.39       1.975       0.000      0.1458      0.5425E-01  0.6827E-02   0.000     -0.3989E-04   0.000      0.2998E-02 -0.1892       0.000    
   358   2.159       1.154       0.000       19.86       1.834       0.000      0.1269      0.5309E-01  0.6406E-02   0.000     -0.1253E-03   0.000      0.2898E-02 -0.2023       0.000    
   359   2.645       1.247       0.000       17.73       1.637       0.000      0.1015      0.5019E-01  0.5740E-02   0.000     -0.2248E-03   0.000      0.2830E-02 -0.2429       0.000    
   360   3.132       1.339       0.000       15.61       1.441       0.000      0.6721E-01  0.4538E-01  0.4329E-02   0.000     -0.3254E-03   0.000      0.2400E-02 -0.3043       0.000    

 Surface forces referred to Sref,Cref,Bref about Xmom,Ymom,Zmom
 Standard axis orientation,  X fwd, Z down         

  Surface #17     fuselage_vertical                       
     # chordwise = 10   # spanwise = 30     First strip =361
     Surface area =  65.103           ave. chord =  23.503    
     CLsurf  =   0.000000     Clsurf  =   0.000000
     CYsurf  =  -0.000003     Cmsurf  =  -0.000000
     CDsurf  =   0.000000     Cnsurf  =   0.000000
     CDisurf =   0.000000     CDvsurf =   0.000000

  Forces referred to Ssurf, Cave about hinge axis thru LE
     cl_surf =   0.000000     cd_surf =   0.000000

 Strip Forces referred to strip area, chord
    j    xLE         yLE         zLE         Chord       Area        Dihedral   c cl        ai_ff       cl           clj         cd          cdv         cm_c/4     c.p.x/c      Dcj
   361   2.856       0.000      -1.339       15.65       1.445       90.00      0.3680E-05 -0.2377E-05  0.2351E-06   0.000      0.1288E-11   0.000     -0.1412E-06  0.8505       0.000    
   362   1.819       0.000      -1.247       17.87       1.650       90.00      0.5892E-05 -0.1646E-05  0.3297E-06   0.000      0.2664E-11   0.000     -0.1591E-06  0.7325       0.000    
   363  0.7817       0.000      -1.154       20.09       1.855       90.00      0.7718E-05 -0.1051E-05  0.3842E-06   0.000      0.5511E-11   0.000     -0.1486E-06  0.6368       0.000    
   364  0.2207       0.000      -1.062       21.48       1.984       90.00      0.1424E-04 -0.5392E-06  0.6629E-06   0.000      0.7939E-11   0.000     -0.3449E-06  0.7702       0.000    
   365  0.1361       0.000     -0.9695       22.06       2.037       90.00      0.1687E-04 -0.4383E-06  0.7650E-06   0.000      0.8066E-11   0.000     -0.3710E-06  0.7349       0.000    
   366  0.5142E-01   0.000     -0.8772       22.63       2.090       90.00      0.1957E-04 -0.3226E-06  0.8648E-06   0.000      0.9027E-11   0.000     -0.3914E-06  0.7026       0.000    
   367  0.1405E-01   0.000     -0.7848       23.10       2.133       90.00      0.2361E-04 -0.2150E-06  0.1022E-05   0.000      0.9826E-11   0.000     -0.4578E-06  0.6980       0.000    
   368  0.2395E-01   0.000     -0.6925       23.47       2.167       90.00      0.2682E-04 -0.1461E-06  0.1143E-05   0.000      0.1013E-10   0.000     -0.4812E-06  0.6711       0.000    
   369  0.3385E-01   0.000     -0.6002       23.83       2.200       90.00      0.3035E-04 -0.6354E-07  0.1274E-05   0.000      0.9587E-11   0.000     -0.5027E-06  0.6447       0.000    
   370  0.6640E-01   0.000     -0.5078       24.15       2.229       90.00      0.3517E-04  0.3091E-07  0.1457E-05   0.000      0.8452E-11   0.000     -0.5571E-06  0.6324       0.000    
   371  0.1216       0.000     -0.4155       24.41       2.254       90.00      0.3989E-04  0.1869E-06  0.1634E-05   0.000      0.7230E-11   0.000     -0.5815E-06  0.6058       0.000    
   372  0.1768       0.000     -0.3232       24.67       2.278       90.00      0.4561E-04  0.6135E-06  0.1849E-05   0.000      0.6320E-11   0.000     -0.6060E-06  0.5777       0.000    
   373  0.2450       0.000     -0.2308       24.90       2.299       90.00      0.5376E-04  0.2271E-05  0.2159E-05   0.000      0.6963E-11   0.000     -0.6647E-06  0.5579       0.000    
   374  0.3263       0.000     -0.1385       25.09       2.317       90.00      0.6424E-04  0.9582E-05  0.2560E-05   0.000      0.1152E-10   0.000     -0.7089E-06  0.5269       0.000    
   375  0.4076       0.000     -0.4617E-01   25.29       2.335       90.00      0.7856E-04  0.3320E-04  0.3106E-05   0.000      0.2240E-10   0.000     -0.7670E-06  0.4969       0.000    
   376  0.5006       0.000      0.4617E-01   25.46       2.351       90.00      0.9546E-04 -0.3326E-04  0.3749E-05   0.000      0.3521E-10   0.000     -0.8659E-06  0.4810       0.000    
   377  0.6052       0.000      0.1385       25.61       2.365       90.00      0.1082E-03 -0.9652E-05  0.4225E-05   0.000      0.3679E-10   0.000     -0.9040E-06  0.4640       0.000    
   378  0.7098       0.000      0.2308       25.76       2.378       90.00      0.1126E-03 -0.2372E-05  0.4371E-05   0.000      0.2029E-10   0.000     -0.8702E-06  0.4491       0.000    
   379  0.8268       0.000      0.3232       25.85       2.387       90.00      0.1200E-03 -0.7599E-06  0.4640E-05   0.000      0.6611E-11   0.000     -0.9859E-06  0.4625       0.000    
   380  0.9561       0.000      0.4155       25.90       2.392       90.00      0.1240E-03 -0.4203E-06  0.4788E-05   0.000      0.4301E-12   0.000     -0.9826E-06  0.4552       0.000    
   381   1.086       0.000      0.5078       25.95       2.396       90.00      0.1265E-03 -0.3961E-06  0.4875E-05   0.000     -0.1388E-10   0.000     -0.9685E-06  0.4487       0.000    
   382   1.230       0.000      0.6002       25.89       2.391       90.00      0.1374E-03 -0.5073E-06  0.5308E-05   0.000     -0.2603E-10   0.000     -0.1298E-05  0.4946       0.000    
   383   1.390       0.000      0.6925       25.73       2.376       90.00      0.1372E-03 -0.7657E-06  0.5333E-05   0.000     -0.1422E-10   0.000     -0.1278E-05  0.4897       0.000    
   384   1.549       0.000      0.7848       25.57       2.361       90.00      0.1351E-03 -0.1357E-05  0.5285E-05   0.000     -0.1383E-10   0.000     -0.1241E-05  0.4848       0.000    
   385   1.732       0.000      0.8772       25.39       2.344       90.00      0.1311E-03 -0.3269E-05  0.5162E-05   0.000     -0.2934E-10   0.000     -0.1184E-05  0.4794       0.000    
   386   1.938       0.000      0.9695       25.18       2.325       90.00      0.1216E-03 -0.1794E-04  0.4827E-05   0.000     -0.6224E-10   0.000     -0.1053E-05  0.4682       0.000    
   387   2.144       0.000       1.062       24.98       2.306       90.00      0.1042E-03 -0.4250E-04  0.4172E-05   0.000     -0.1919E-09   0.000     -0.7996E-06  0.4417       0.000    
   388   2.435       0.000       1.154       23.15       2.138       90.00      0.1723E-03  0.3206E-04  0.7441E-05   0.000      0.1397E-09   0.000     -0.4894E-05  0.9077       0.000    
   389   2.811       0.000       1.247       19.71       1.820       90.00      0.4035E-04  0.1457E-04  0.2047E-05   0.000      0.7938E-10   0.000     -0.3231E-05   1.828       0.000    
   390   3.187       0.000       1.339       16.27       1.502       90.00     -0.2960E-03  0.1598E-04 -0.1820E-04   0.000      0.1384E-10   0.000      0.8574E-05  0.7211       0.000    

 Surface forces referred to Sref,Cref,Bref about Xmom,Ymom,Zmom
 Standard axis orientation,  X fwd, Z down         

  Surface #18     nacelle_horizontal                      
     # chordwise =  6   # spanwise = 11     First strip =391
     Surface area = 0.14706           ave. chord = 0.48184    
     CLsurf  =   0.000186     Clsurf  =  -0.000015
     CYsurf  =   0.000000     Cmsurf  =   0.000088
     CDsurf  =   0.000002     Cnsurf  =  -0.000001
     CDisurf =   0.000002     CDvsurf =   0.000000

  Forces referred to Ssurf, Cave about hinge axis thru LE
     cl_surf =   0.078525     cd_surf =   0.001014

 Strip Forces referred to strip area, chord
    j    xLE         yLE         zLE         Chord       Area        Dihedral   c cl        ai_ff       cl           clj         cd          cdv         cm_c/4     c.p.x/c      Dcj
   391   10.60       2.085       1.232      0.1682      0.5130E-02   0.000      0.2288E-01  0.8380E-01  0.1364       0.000     -0.3938E-02   0.000      0.5511E-02  0.2096       0.000    
   392   10.51       2.116       1.232      0.3959      0.1208E-01   0.000      0.3438E-01  0.9502E-01  0.8693E-01   0.000      0.1836E-03   0.000      0.6955E-02  0.1700       0.000    
   393   10.47       2.146       1.232      0.5230      0.1595E-01   0.000      0.4132E-01  0.9694E-01  0.7907E-01   0.000      0.9779E-03   0.000      0.6925E-02  0.1624       0.000    
   394   10.44       2.177       1.232      0.6225      0.1899E-01   0.000      0.4554E-01  0.9763E-01  0.7318E-01   0.000      0.1637E-02   0.000      0.6638E-02  0.1593       0.000    
   395   10.42       2.200       1.232      0.6833      0.1045E-01   0.000      0.4691E-01  0.9275E-01  0.6863E-01   0.000      0.2326E-02   0.000      0.6393E-02  0.1568       0.000    
   396   10.41       2.215       1.232      0.7162      0.1096E-01   0.000      0.4695E-01  0.7007E-01  0.6554E-01   0.000      0.2218E-02   0.000      0.6203E-02  0.1553       0.000    
   397   10.42       2.238       1.232      0.6997      0.2134E-01   0.000      0.4622E-01  0.1159      0.6605E-01   0.000      0.1992E-02   0.000      0.6276E-02  0.1550       0.000    
   398   10.44       2.268       1.232      0.6225      0.1899E-01   0.000      0.4399E-01  0.1015      0.7068E-01   0.000      0.1565E-02   0.000      0.6643E-02  0.1560       0.000    
   399   10.47       2.299       1.232      0.5230      0.1595E-01   0.000      0.4017E-01  0.9963E-01  0.7686E-01   0.000      0.9572E-03   0.000      0.7074E-02  0.1580       0.000    
   400   10.51       2.329       1.232      0.3960      0.1208E-01   0.000      0.3373E-01  0.9750E-01  0.8530E-01   0.000      0.2175E-03   0.000      0.7269E-02  0.1648       0.000    
   401   10.60       2.360       1.232      0.1682      0.5147E-02   0.000      0.2296E-01  0.8688E-01  0.1369       0.000     -0.3560E-02   0.000      0.6398E-02  0.2033       0.000    

 Surface forces referred to Sref,Cref,Bref about Xmom,Ymom,Zmom
 Standard axis orientation,  X fwd, Z down         

  Surface #19     nacelle_horizontal (YDUP)               
     # chordwise =  6   # spanwise = 11     First strip =402
     Surface area = 0.14706           ave. chord = 0.48184    
     CLsurf  =   0.000116     Clsurf  =   0.000009
     CYsurf  =  -0.000000     Cmsurf  =   0.000055
     CDsurf  =   0.000001     Cnsurf  =   0.000000
     CDisurf =   0.000001     CDvsurf =   0.000000

  Forces referred to Ssurf, Cave about hinge axis thru LE
     cl_surf =   0.048677     cd_surf =   0.000598

 Strip Forces referred to strip area, chord
    j    xLE         yLE         zLE         Chord       Area        Dihedral   c cl        ai_ff       cl           clj         cd          cdv         cm_c/4     c.p.x/c      Dcj
   402   10.60      -2.085       1.232      0.1682      0.5130E-02   0.000      0.1616E-01  0.1322      0.9629E-01   0.000     -0.1573E-02   0.000      0.5269E-02  0.1953       0.000    
   403   10.51      -2.116       1.232      0.3959      0.1208E-01   0.000      0.2247E-01  0.1217      0.5681E-01   0.000      0.2710E-03   0.000      0.5520E-02  0.1528       0.000    
   404   10.47      -2.146       1.232      0.5230      0.1595E-01   0.000      0.2622E-01  0.1261      0.5018E-01   0.000      0.6195E-03   0.000      0.5112E-02  0.1481       0.000    
   405   10.44      -2.177       1.232      0.6225      0.1899E-01   0.000      0.2924E-01  0.1341      0.4698E-01   0.000      0.9401E-03   0.000      0.4789E-02  0.1481       0.000    
   406   10.42      -2.200       1.232      0.6833      0.1045E-01   0.000      0.2892E-01  0.8352E-01  0.4231E-01   0.000      0.1253E-02   0.000      0.4372E-02  0.1467       0.000    
   407   10.41      -2.215       1.232      0.7162      0.1096E-01   0.000      0.2607E-01  0.5157E-01  0.3640E-01   0.000      0.1111E-02   0.000      0.3802E-02  0.1456       0.000    
   408   10.42      -2.238       1.232      0.6997      0.2134E-01   0.000      0.2248E-01         NaN  0.3212E-01   0.000      0.8265E-03   0.000      0.3341E-02  0.1460       0.000    
   409   10.44      -2.268       1.232      0.6225      0.1899E-01   0.000      0.2566E-01  0.1276      0.4123E-01   0.000      0.9104E-03   0.000      0.4333E-02  0.1449       0.000    
   410   10.47      -2.299       1.232      0.5230      0.1595E-01   0.000      0.2581E-01  0.1285      0.4939E-01   0.000      0.5834E-03   0.000      0.5225E-02  0.1442       0.000    
   411   10.51      -2.329       1.232      0.3960      0.1208E-01   0.000      0.2240E-01  0.1245      0.5665E-01   0.000      0.2553E-03   0.000      0.5764E-02  0.1482       0.000    
   412   10.60      -2.360       1.232      0.1682      0.5147E-02   0.000      0.1645E-01  0.1352      0.9803E-01   0.000     -0.1476E-02   0.000      0.5899E-02  0.1898       0.000    

 Surface forces referred to Sref,Cref,Bref about Xmom,Ymom,Zmom
 Standard axis orientation,  X fwd, Z down         

  Surface #20     nacelle_vertical                        
     # chordwise =  6   # spanwise = 11     First strip =413
     Surface area = 0.14707           ave. chord = 0.48190    
     CLsurf  =   0.000000     Clsurf  =   0.000000
     CYsurf  =  -0.000024     Cmsurf  =   0.000000
     CDsurf  =  -0.000000     Cnsurf  =  -0.000001
     CDisurf =  -0.000000     CDvsurf =   0.000000

  Forces referred to Ssurf, Cave about hinge axis thru LE
     cl_surf =   0.000021     cd_surf =  -0.000048

 Strip Forces referred to strip area, chord
    j    xLE         yLE         zLE         Chord       Area        Dihedral   c cl        ai_ff       cl           clj         cd          cdv         cm_c/4     c.p.x/c      Dcj
   413   10.60       2.223       1.095      0.1682      0.5130E-02   90.00      0.1753E-02  0.1309E-02  0.1042E-01   0.000     -0.1715E-03   0.000      0.4603E-02 -0.1916       0.000    
   414   10.51       2.223       1.126      0.3959      0.1208E-01   90.00      0.3011E-02  0.2237E-02  0.7603E-02   0.000     -0.5691E-04   0.000      0.1887E-02  0.1859E-02   0.000    
   415   10.47       2.223       1.156      0.5230      0.1600E-01   90.00      0.3255E-02  0.4498E-03  0.6224E-02   0.000     -0.3259E-04   0.000      0.1367E-02  0.3031E-01   0.000    
   416   10.44       2.223       1.187      0.6225      0.1899E-01   90.00      0.2627E-02 -0.1302E-01  0.4220E-02   0.000     -0.1473E-04   0.000      0.8751E-03  0.4265E-01   0.000    
   417   10.42       2.223       1.217      0.6998      0.2134E-01   90.00      0.3172E-02 -0.1474E-01  0.4533E-02   0.000     -0.1390E-04   0.000      0.8326E-03  0.6633E-01   0.000    
   418   10.41       2.223       1.240      0.7162      0.1092E-01   90.00      0.6908E-02  0.2544E-02  0.9646E-02   0.000     -0.1916E-04   0.000      0.2168E-03  0.2275       0.000    
   419   10.42       2.223       1.255      0.6833      0.1042E-01   90.00      0.9001E-02  0.2675E-01  0.1317E-01   0.000     -0.2643E-04   0.000      0.2614E-03  0.2302       0.000    
   420   10.44       2.223       1.278      0.6225      0.1899E-01   90.00      0.9166E-02  0.1433E-01  0.1472E-01   0.000     -0.5827E-04   0.000      0.1026E-03  0.2430       0.000    
   421   10.47       2.223       1.309      0.5230      0.1600E-01   90.00      0.7399E-02 -0.1272E-02  0.1415E-01   0.000     -0.6602E-04   0.000     -0.1267E-03  0.2590       0.000    
   422   10.51       2.223       1.339      0.3960      0.1208E-01   90.00      0.5875E-02 -0.6682E-02  0.1484E-01   0.000     -0.7788E-04   0.000     -0.5527E-03  0.2872       0.000    
   423   10.60       2.223       1.370      0.1682      0.5130E-02   90.00      0.4285E-02 -0.7343E-02  0.2547E-01   0.000     -0.1688E-03   0.000     -0.3953E-02  0.4052       0.000    

 Surface forces referred to Sref,Cref,Bref about Xmom,Ymom,Zmom
 Standard axis orientation,  X fwd, Z down         

  Surface #21     nacelle_vertical (YDUP)                 
     # chordwise =  6   # spanwise = 11     First strip =424
     Surface area = 0.14707           ave. chord = 0.48190    
     CLsurf  =  -0.000000     Clsurf  =  -0.000000
     CYsurf  =   0.000016     Cmsurf  =   0.000000
     CDsurf  =  -0.000000     Cnsurf  =   0.000001
     CDisurf =  -0.000000     CDvsurf =   0.000000

  Forces referred to Ssurf, Cave about hinge axis thru LE
     cl_surf =  -0.000002     cd_surf =  -0.000034

 Strip Forces referred to strip area, chord
    j    xLE         yLE         zLE         Chord       Area        Dihedral   c cl        ai_ff       cl           clj         cd          cdv         cm_c/4     c.p.x/c      Dcj
   424   10.60      -2.223       1.095      0.1682      0.5130E-02  -90.00      0.1481E-02  0.7577E-02  0.8803E-02   0.000     -0.1446E-03   0.000      0.4040E-02 -0.2089       0.000    
   425   10.51      -2.223       1.126      0.3959      0.1208E-01  -90.00      0.2526E-02  0.5919E-02  0.6379E-02   0.000     -0.5238E-04   0.000      0.1641E-02 -0.7183E-02   0.000    
   426   10.47      -2.223       1.156      0.5230      0.1600E-01  -90.00      0.2982E-02  0.4434E-02  0.5703E-02   0.000     -0.3646E-04   0.000      0.1260E-02  0.2913E-01   0.000    
   427   10.44      -2.223       1.187      0.6225      0.1899E-01  -90.00      0.3319E-02  0.7466E-02  0.5332E-02   0.000     -0.2639E-04   0.000      0.1063E-02  0.5058E-01   0.000    
   428   10.42      -2.223       1.217      0.6998      0.2134E-01  -90.00      0.3408E-02  0.8495E-02  0.4871E-02   0.000     -0.1781E-04   0.000      0.8931E-03  0.6664E-01   0.000    
   429   10.41      -2.223       1.240      0.7162      0.1092E-01  -90.00      0.3705E-02 -0.1749E-01  0.5174E-02   0.000     -0.1418E-04   0.000      0.1554E-03  0.2200       0.000    
   430   10.42      -2.223       1.255      0.6833      0.1042E-01  -90.00      0.3712E-02 -0.1297E-01  0.5433E-02   0.000     -0.1373E-04   0.000      0.1635E-03  0.2199       0.000    
   431   10.44      -2.223       1.278      0.6225      0.1899E-01  -90.00      0.4122E-02  0.7765E-03  0.6621E-02   0.000     -0.2140E-04   0.000      0.1355E-03  0.2295       0.000    
   432   10.47      -2.223       1.309      0.5230      0.1600E-01  -90.00      0.4025E-02  0.1069E-02  0.7696E-02   0.000     -0.3185E-04   0.000      0.5757E-04  0.2425       0.000    
   433   10.51      -2.223       1.339      0.3960      0.1208E-01  -90.00      0.3462E-02 -0.4650E-02  0.8744E-02   0.000     -0.4040E-04   0.000     -0.1649E-03  0.2689       0.000    
   434   10.60      -2.223       1.370      0.1682      0.5130E-02  -90.00      0.2798E-02 -0.2567E-02  0.1663E-01   0.000     -0.8620E-04   0.000     -0.2347E-02  0.3911       0.000    

 Surface forces referred to Sref,Cref,Bref about Xmom,Ymom,Zmom
 Standard axis orientation,  X fwd, Z down         

  Surface #22     nacelle_2_horizontal                    
     # chordwise =  6   # spanwise = 11     First strip =435
     Surface area = 0.14707           ave. chord = 0.48189    
     CLsurf  =   0.000184     Clsurf  =  -0.000026
     CYsurf  =   0.000000     Cmsurf  =   0.000086
     CDsurf  =   0.000002     Cnsurf  =  -0.000001
     CDisurf =   0.000002     CDvsurf =   0.000000

  Forces referred to Ssurf, Cave about hinge axis thru LE
     cl_surf =   0.077493     cd_surf =   0.000927

 Strip Forces referred to strip area, chord
    j    xLE         yLE         zLE         Chord       Area        Dihedral   c cl        ai_ff       cl           clj         cd          cdv         cm_c/4     c.p.x/c      Dcj
   435   10.61       3.686       1.232      0.1682      0.5130E-02   0.000      0.2281E-01  0.8493E-01  0.1360       0.000     -0.3949E-02   0.000      0.6145E-02  0.2048       0.000    
   436   10.52       3.716       1.232      0.3959      0.1208E-01   0.000      0.3396E-01  0.9532E-01  0.8588E-01   0.000      0.6279E-04   0.000      0.7356E-02  0.1643       0.000    
   437   10.48       3.747       1.232      0.5230      0.1595E-01   0.000      0.4071E-01  0.9714E-01  0.7791E-01   0.000      0.8656E-03   0.000      0.7234E-02  0.1571       0.000    
   438   10.45       3.777       1.232      0.6225      0.1905E-01   0.000      0.4472E-01  0.9627E-01  0.7185E-01   0.000      0.1533E-02   0.000      0.6860E-02  0.1545       0.000    
   439   10.43       3.800       1.232      0.6833      0.1042E-01   0.000      0.4602E-01  0.8968E-01  0.6733E-01   0.000      0.2234E-02   0.000      0.6551E-02  0.1527       0.000    
   440   10.43       3.816       1.232      0.7162      0.1092E-01   0.000      0.4631E-01  0.6872E-01  0.6464E-01   0.000      0.2170E-02   0.000      0.6366E-02  0.1515       0.000    
   441   10.43       3.839       1.232      0.6997      0.2134E-01   0.000      0.4585E-01  0.1178      0.6551E-01   0.000      0.1935E-02   0.000      0.6471E-02  0.1512       0.000    
   442   10.45       3.869       1.232      0.6225      0.1899E-01   0.000      0.4363E-01  0.1023      0.7011E-01   0.000      0.1480E-02   0.000      0.6810E-02  0.1529       0.000    
   443   10.48       3.900       1.232      0.5230      0.1595E-01   0.000      0.3966E-01  0.9854E-01  0.7591E-01   0.000      0.8599E-03   0.000      0.7202E-02  0.1551       0.000    
   444   10.52       3.930       1.232      0.3960      0.1212E-01   0.000      0.3319E-01  0.9584E-01  0.8392E-01   0.000      0.1184E-03   0.000      0.7366E-02  0.1622       0.000    
   445   10.61       3.961       1.232      0.1682      0.5130E-02   0.000      0.2245E-01  0.8559E-01  0.1338       0.000     -0.3633E-02   0.000      0.6312E-02  0.2028       0.000    

 Surface forces referred to Sref,Cref,Bref about Xmom,Ymom,Zmom
 Standard axis orientation,  X fwd, Z down         

  Surface #23     nacelle_2_vertical                      
     # chordwise =  6   # spanwise = 11     First strip =446
     Surface area = 0.14707           ave. chord = 0.48190    
     CLsurf  =   0.000000     Clsurf  =   0.000000
     CYsurf  =  -0.000005     Cmsurf  =   0.000000
     CDsurf  =  -0.000000     Cnsurf  =  -0.000000
     CDisurf =  -0.000000     CDvsurf =   0.000000

  Forces referred to Ssurf, Cave about hinge axis thru LE
     cl_surf =   0.000006     cd_surf =  -0.000004

 Strip Forces referred to strip area, chord
    j    xLE         yLE         zLE         Chord       Area        Dihedral   c cl        ai_ff       cl           clj         cd          cdv         cm_c/4     c.p.x/c      Dcj
   446   10.61       3.823       1.095      0.1682      0.5130E-02   90.00      0.9692E-04  0.7628E-02  0.5762E-03   0.000     -0.1019E-05   0.000      0.3267E-03 -0.3170       0.000    
   447   10.52       3.823       1.126      0.3959      0.1208E-01   90.00     -0.1885E-04  0.7364E-02 -0.4761E-04   0.000     -0.2069E-06   0.000      0.8731E-04   2.084       0.000    
   448   10.48       3.823       1.156      0.5230      0.1600E-01   90.00     -0.4427E-03  0.5608E-02 -0.8465E-03   0.000     -0.1598E-06   0.000     -0.6571E-04  0.1724       0.000    
   449   10.45       3.823       1.187      0.6225      0.1899E-01   90.00     -0.1434E-02 -0.7600E-02 -0.2304E-02   0.000     -0.1113E-05   0.000     -0.3375E-03  0.1035       0.000    
   450   10.43       3.823       1.217      0.6998      0.2134E-01   90.00     -0.1174E-02 -0.1037E-01 -0.1678E-02   0.000      0.3213E-06   0.000     -0.2299E-03  0.1129       0.000    
   451   10.43       3.823       1.240      0.7162      0.1092E-01   90.00      0.1671E-02  0.1218E-01  0.2333E-02   0.000     -0.7344E-06   0.000      0.9643E-04  0.2087       0.000    
   452   10.43       3.823       1.255      0.6833      0.1042E-01   90.00      0.3780E-02  0.3468E-01  0.5532E-02   0.000     -0.2718E-05   0.000      0.1483E-03  0.2232       0.000    
   453   10.45       3.823       1.278      0.6225      0.1899E-01   90.00      0.4047E-02  0.2253E-01  0.6501E-02   0.000     -0.1078E-04   0.000      0.7001E-04  0.2392       0.000    
   454   10.48       3.823       1.309      0.5230      0.1600E-01   90.00      0.2780E-02  0.8948E-02  0.5315E-02   0.000     -0.9005E-05   0.000     -0.4292E-04  0.2581       0.000    
   455   10.52       3.823       1.339      0.3960      0.1208E-01   90.00      0.2008E-02  0.6430E-02  0.5071E-02   0.000     -0.8692E-05   0.000     -0.1921E-03  0.2879       0.000    
   456   10.61       3.823       1.370      0.1682      0.5130E-02   90.00      0.1394E-02  0.4145E-02  0.8288E-02   0.000     -0.1757E-04   0.000     -0.1300E-02  0.4069       0.000    

 Surface forces referred to Sref,Cref,Bref about Xmom,Ymom,Zmom
 Standard axis orientation,  X fwd, Z down         

  Surface #24     nacelle_3_horizontal                    
     # chordwise =  6   # spanwise = 11     First strip =457
     Surface area = 0.14707           ave. chord = 0.48190    
     CLsurf  =   0.000181     Clsurf  =  -0.000036
     CYsurf  =  -0.000000     Cmsurf  =   0.000079
     CDsurf  =   0.000002     Cnsurf  =  -0.000001
     CDisurf =   0.000002     CDvsurf =   0.000000

  Forces referred to Ssurf, Cave about hinge axis thru LE
     cl_surf =   0.076405     cd_surf =   0.000968

 Strip Forces referred to strip area, chord
    j    xLE         yLE         zLE         Chord       Area        Dihedral   c cl        ai_ff       cl           clj         cd          cdv         cm_c/4     c.p.x/c      Dcj
   457   10.68       5.287       1.232      0.1682      0.5130E-02   0.000      0.2210E-01  0.8321E-01  0.1318       0.000     -0.3478E-02   0.000      0.6129E-02  0.2035       0.000    
   458   10.59       5.317       1.232      0.3959      0.1208E-01   0.000      0.3275E-01  0.9335E-01  0.8281E-01   0.000      0.1675E-03   0.000      0.7203E-02  0.1630       0.000    
   459   10.55       5.348       1.232      0.5230      0.1600E-01   0.000      0.3919E-01  0.9605E-01  0.7499E-01   0.000      0.8999E-03   0.000      0.7059E-02  0.1559       0.000    
   460   10.52       5.378       1.232      0.6225      0.1899E-01   0.000      0.4316E-01  0.1002      0.6935E-01   0.000      0.1500E-02   0.000      0.6690E-02  0.1535       0.000    
   461   10.50       5.409       1.232      0.6998      0.2134E-01   0.000      0.4532E-01  0.1155      0.6475E-01   0.000      0.1941E-02   0.000      0.6364E-02  0.1517       0.000    
   462   10.50       5.432       1.232      0.7162      0.1092E-01   0.000      0.4565E-01  0.6671E-01  0.6372E-01   0.000      0.2162E-02   0.000      0.6240E-02  0.1521       0.000    
   463   10.50       5.447       1.232      0.6833      0.1042E-01   0.000      0.4525E-01  0.8637E-01  0.6620E-01   0.000      0.2225E-02   0.000      0.6409E-02  0.1532       0.000    
   464   10.52       5.470       1.232      0.6225      0.1899E-01   0.000      0.4396E-01  0.9316E-01  0.7063E-01   0.000      0.1552E-02   0.000      0.6725E-02  0.1548       0.000    
   465   10.55       5.500       1.232      0.5230      0.1600E-01   0.000      0.4006E-01  0.9436E-01  0.7666E-01   0.000      0.9189E-03   0.000      0.7121E-02  0.1571       0.000    
   466   10.59       5.531       1.232      0.3960      0.1208E-01   0.000      0.3343E-01  0.9239E-01  0.8453E-01   0.000      0.1452E-03   0.000      0.7272E-02  0.1640       0.000    
   467   10.68       5.561       1.232      0.1682      0.5130E-02   0.000      0.2251E-01  0.8206E-01  0.1342       0.000     -0.3667E-02   0.000      0.6190E-02  0.2039       0.000    

 Surface forces referred to Sref,Cref,Bref about Xmom,Ymom,Zmom
 Standard axis orientation,  X fwd, Z down         

  Surface #25     nacelle_3_vertical                      
     # chordwise =  6   # spanwise = 11     First strip =468
     Surface area = 0.14707           ave. chord = 0.48190    
     CLsurf  =  -0.000000     Clsurf  =   0.000000
     CYsurf  =  -0.000002     Cmsurf  =  -0.000000
     CDsurf  =  -0.000000     Cnsurf  =  -0.000000
     CDisurf =  -0.000000     CDvsurf =   0.000000

  Forces referred to Ssurf, Cave about hinge axis thru LE
     cl_surf =  -0.000002     cd_surf =  -0.000003

 Strip Forces referred to strip area, chord
    j    xLE         yLE         zLE         Chord       Area        Dihedral   c cl        ai_ff       cl           clj         cd          cdv         cm_c/4     c.p.x/c      Dcj
   468   10.68       5.424       1.095      0.1682      0.5130E-02   90.00      0.4165E-03  0.1073E-01  0.2476E-02   0.000     -0.8025E-05   0.000      0.1026E-02 -0.1645       0.000    
   469   10.59       5.424       1.126      0.3959      0.1208E-01   90.00      0.9773E-03  0.1148E-01  0.2468E-02   0.000     -0.3884E-05   0.000      0.5266E-03  0.3668E-01   0.000    
   470   10.55       5.424       1.156      0.5230      0.1600E-01   90.00      0.1641E-02  0.1344E-01  0.3137E-02   0.000     -0.5098E-05   0.000      0.5852E-03  0.6348E-01   0.000    
   471   10.52       5.424       1.187      0.6225      0.1899E-01   90.00      0.2787E-02  0.2680E-01  0.4477E-02   0.000     -0.7535E-05   0.000      0.7977E-03  0.7182E-01   0.000    
   472   10.50       5.424       1.217      0.6998      0.2134E-01   90.00      0.2670E-02  0.3028E-01  0.3816E-02   0.000     -0.2086E-05   0.000      0.6555E-03  0.7820E-01   0.000    
   473   10.50       5.424       1.240      0.7162      0.1092E-01   90.00      0.2330E-03  0.5645E-02  0.3253E-03   0.000     -0.7331E-07   0.000      0.3014E-05  0.2407       0.000    
   474   10.50       5.424       1.255      0.6833      0.1042E-01   90.00     -0.1812E-02 -0.1558E-01 -0.2651E-02   0.000      0.2891E-06   0.000     -0.4557E-04  0.2328       0.000    
   475   10.52       5.424       1.278      0.6225      0.1899E-01   90.00     -0.2058E-02 -0.3226E-02 -0.3305E-02   0.000     -0.2139E-05   0.000      0.1989E-05  0.2506       0.000    
   476   10.55       5.424       1.309      0.5230      0.1600E-01   90.00     -0.9118E-03  0.1041E-01 -0.1744E-02   0.000     -0.6731E-06   0.000      0.5831E-04  0.2834       0.000    
   477   10.59       5.424       1.339      0.3960      0.1208E-01   90.00     -0.3783E-03  0.1369E-01 -0.9554E-03   0.000     -0.1331E-06   0.000      0.8017E-04  0.3339       0.000    
   478   10.68       5.424       1.370      0.1682      0.5130E-02   90.00     -0.1188E-03  0.2495E-01 -0.7065E-03   0.000     -0.5090E-07   0.000      0.1527E-03  0.4661       0.000    

 Surface forces referred to Sref,Cref,Bref about Xmom,Ymom,Zmom
 Standard axis orientation,  X fwd, Z down         

  Surface #26     nacelle_4_horizontal                    
     # chordwise =  6   # spanwise = 11     First strip =479
     Surface area = 0.14707           ave. chord = 0.48189    
     CLsurf  =   0.000179     Clsurf  =  -0.000046
     CYsurf  =  -0.000000     Cmsurf  =   0.000072
     CDsurf  =   0.000002     Cnsurf  =  -0.000002
     CDisurf =   0.000002     CDvsurf =   0.000000

  Forces referred to Ssurf, Cave about hinge axis thru LE
     cl_surf =   0.075426     cd_surf =   0.001008

 Strip Forces referred to strip area, chord
    j    xLE         yLE         zLE         Chord       Area        Dihedral   c cl        ai_ff       cl           clj         cd          cdv         cm_c/4     c.p.x/c      Dcj
   479   10.75       6.887       1.232      0.1682      0.5130E-02   0.000      0.2183E-01  0.8090E-01  0.1302       0.000     -0.3283E-02   0.000      0.6064E-02  0.2034       0.000    
   480   10.67       6.918       1.232      0.3959      0.1212E-01   0.000      0.3234E-01  0.9094E-01  0.8178E-01   0.000      0.2383E-03   0.000      0.7107E-02  0.1631       0.000    
   481   10.63       6.948       1.232      0.5230      0.1595E-01   0.000      0.3869E-01  0.9368E-01  0.7403E-01   0.000      0.9407E-03   0.000      0.6942E-02  0.1562       0.000    
   482   10.59       6.979       1.232      0.6225      0.1899E-01   0.000      0.4260E-01  0.9776E-01  0.6845E-01   0.000      0.1523E-02   0.000      0.6568E-02  0.1540       0.000    
   483   10.58       7.009       1.232      0.6998      0.2134E-01   0.000      0.4473E-01  0.1128      0.6391E-01   0.000      0.1945E-02   0.000      0.6246E-02  0.1523       0.000    
   484   10.57       7.032       1.232      0.7162      0.1092E-01   0.000      0.4507E-01  0.6500E-01  0.6291E-01   0.000      0.2157E-02   0.000      0.6128E-02  0.1526       0.000    
   485   10.58       7.047       1.232      0.6833      0.1042E-01   0.000      0.4470E-01  0.8447E-01  0.6539E-01   0.000      0.2222E-02   0.000      0.6295E-02  0.1537       0.000    
   486   10.59       7.070       1.232      0.6225      0.1905E-01   0.000      0.4341E-01  0.9105E-01  0.6975E-01   0.000      0.1575E-02   0.000      0.6604E-02  0.1553       0.000    
   487   10.63       7.101       1.232      0.5230      0.1595E-01   0.000      0.3954E-01  0.9206E-01  0.7566E-01   0.000      0.9602E-03   0.000      0.6992E-02  0.1576       0.000    
   488   10.67       7.131       1.232      0.3960      0.1208E-01   0.000      0.3298E-01  0.9003E-01  0.8341E-01   0.000      0.2144E-03   0.000      0.7152E-02  0.1642       0.000    
   489   10.75       7.162       1.232      0.1682      0.5130E-02   0.000      0.2220E-01  0.7983E-01  0.1323       0.000     -0.3467E-02   0.000      0.6078E-02  0.2041       0.000    

 Surface forces referred to Sref,Cref,Bref about Xmom,Ymom,Zmom
 Standard axis orientation,  X fwd, Z down         

  Surface #27     nacelle_4_vertical                      
     # chordwise =  6   # spanwise = 11     First strip =490
     Surface area = 0.14707           ave. chord = 0.48190    
     CLsurf  =  -0.000000     Clsurf  =   0.000000
     CYsurf  =  -0.000001     Cmsurf  =  -0.000000
     CDsurf  =  -0.000000     Cnsurf  =  -0.000000
     CDisurf =  -0.000000     CDvsurf =   0.000000

  Forces referred to Ssurf, Cave about hinge axis thru LE
     cl_surf =  -0.000001     cd_surf =  -0.000002

 Strip Forces referred to strip area, chord
    j    xLE         yLE         zLE         Chord       Area        Dihedral   c cl        ai_ff       cl           clj         cd          cdv         cm_c/4     c.p.x/c      Dcj
   490   10.75       7.024       1.095      0.1682      0.5130E-02   90.00      0.2997E-03  0.1226E-01  0.1782E-02   0.000     -0.3943E-05   0.000      0.7256E-03 -0.1573       0.000    
   491   10.67       7.024       1.126      0.3959      0.1208E-01   90.00      0.7571E-03  0.1288E-01  0.1912E-02   0.000     -0.2146E-05   0.000      0.3978E-03  0.4193E-01   0.000    
   492   10.63       7.024       1.156      0.5230      0.1600E-01   90.00      0.1361E-02  0.1476E-01  0.2602E-02   0.000     -0.3345E-05   0.000      0.4783E-03  0.6621E-01   0.000    
   493   10.59       7.024       1.187      0.6225      0.1899E-01   90.00      0.2461E-02  0.2786E-01  0.3953E-02   0.000     -0.5651E-05   0.000      0.7009E-03  0.7270E-01   0.000    
   494   10.58       7.024       1.217      0.6998      0.2134E-01   90.00      0.2329E-02  0.3123E-01  0.3329E-02   0.000     -0.1292E-05   0.000      0.5715E-03  0.7833E-01   0.000    
   495   10.57       7.024       1.240      0.7162      0.1092E-01   90.00     -0.1303E-03  0.7293E-02 -0.1819E-03   0.000      0.6042E-07   0.000     -0.5694E-05  0.2187       0.000    
   496   10.58       7.024       1.255      0.6833      0.1042E-01   90.00     -0.2141E-02 -0.1373E-01 -0.3133E-02   0.000      0.3883E-07   0.000     -0.5293E-04  0.2331       0.000    
   497   10.59       7.024       1.278      0.6225      0.1899E-01   90.00     -0.2373E-02 -0.1519E-02 -0.3812E-02   0.000     -0.3017E-05   0.000     -0.1307E-05  0.2497       0.000    
   498   10.63       7.024       1.309      0.5230      0.1600E-01   90.00     -0.1216E-02  0.1202E-01 -0.2326E-02   0.000     -0.1336E-05   0.000      0.6190E-04  0.2766       0.000    
   499   10.67       7.024       1.339      0.3960      0.1208E-01   90.00     -0.6438E-03  0.1581E-01 -0.1626E-02   0.000     -0.5890E-06   0.000      0.1026E-03  0.3131       0.000    
   500   10.75       7.024       1.370      0.1682      0.5130E-02   90.00     -0.3235E-03  0.3122E-01 -0.1923E-02   0.000     -0.7231E-06   0.000      0.3384E-03  0.4260       0.000    

 Surface forces referred to Sref,Cref,Bref about Xmom,Ymom,Zmom
 Standard axis orientation,  X fwd, Z down         

  Surface #28     nacelle_5_horizontal                    
     # chordwise =  6   # spanwise = 11     First strip =501
     Surface area = 0.14706           ave. chord = 0.48184    
     CLsurf  =   0.000176     Clsurf  =  -0.000056
     CYsurf  =  -0.000000     Cmsurf  =   0.000065
     CDsurf  =   0.000003     Cnsurf  =  -0.000002
     CDisurf =   0.000003     CDvsurf =   0.000000

  Forces referred to Ssurf, Cave about hinge axis thru LE
     cl_surf =   0.074031     cd_surf =   0.001058

 Strip Forces referred to strip area, chord
    j    xLE         yLE         zLE         Chord       Area        Dihedral   c cl        ai_ff       cl           clj         cd          cdv         cm_c/4     c.p.x/c      Dcj
   501   10.83       8.488       1.232      0.1682      0.5130E-02   0.000      0.2144E-01  0.7941E-01  0.1278       0.000     -0.3022E-02   0.000      0.5954E-02  0.2034       0.000    
   502   10.75       8.518       1.232      0.3959      0.1208E-01   0.000      0.3174E-01  0.8922E-01  0.8024E-01   0.000      0.3199E-03   0.000      0.6962E-02  0.1632       0.000    
   503   10.70       8.549       1.232      0.5230      0.1595E-01   0.000      0.3796E-01  0.9198E-01  0.7264E-01   0.000      0.9929E-03   0.000      0.6793E-02  0.1565       0.000    
   504   10.67       8.579       1.232      0.6225      0.1899E-01   0.000      0.4180E-01  0.9597E-01  0.6716E-01   0.000      0.1547E-02   0.000      0.6425E-02  0.1543       0.000    
   505   10.66       8.610       1.232      0.6997      0.2141E-01   0.000      0.4390E-01  0.1107      0.6271E-01   0.000      0.1941E-02   0.000      0.6111E-02  0.1526       0.000    
   506   10.65       8.633       1.232      0.7162      0.1092E-01   0.000      0.4424E-01  0.6381E-01  0.6174E-01   0.000      0.2143E-02   0.000      0.5995E-02  0.1529       0.000    
   507   10.66       8.648       1.232      0.6833      0.1042E-01   0.000      0.4388E-01  0.8305E-01  0.6418E-01   0.000      0.2212E-02   0.000      0.6158E-02  0.1541       0.000    
   508   10.67       8.671       1.232      0.6225      0.1899E-01   0.000      0.4261E-01  0.8947E-01  0.6846E-01   0.000      0.1599E-02   0.000      0.6456E-02  0.1557       0.000    
   509   10.70       8.701       1.232      0.5230      0.1595E-01   0.000      0.3881E-01  0.9041E-01  0.7426E-01   0.000      0.1016E-02   0.000      0.6837E-02  0.1579       0.000    
   510   10.75       8.732       1.232      0.3960      0.1208E-01   0.000      0.3238E-01  0.8838E-01  0.8187E-01   0.000      0.3072E-03   0.000      0.6999E-02  0.1645       0.000    
   511   10.83       8.762       1.232      0.1682      0.5147E-02   0.000      0.2180E-01  0.7844E-01  0.1300       0.000     -0.3175E-02   0.000      0.5943E-02  0.2043       0.000    

 Surface forces referred to Sref,Cref,Bref about Xmom,Ymom,Zmom
 Standard axis orientation,  X fwd, Z down         

  Surface #29     nacelle_5_vertical                      
     # chordwise =  6   # spanwise = 11     First strip =512
     Surface area = 0.14707           ave. chord = 0.48190    
     CLsurf  =  -0.000000     Clsurf  =   0.000000
     CYsurf  =  -0.000000     Cmsurf  =   0.000000
     CDsurf  =  -0.000000     Cnsurf  =  -0.000000
     CDisurf =  -0.000000     CDvsurf =   0.000000

  Forces referred to Ssurf, Cave about hinge axis thru LE
     cl_surf =  -0.000000     cd_surf =  -0.000002

 Strip Forces referred to strip area, chord
    j    xLE         yLE         zLE         Chord       Area        Dihedral   c cl        ai_ff       cl           clj         cd          cdv         cm_c/4     c.p.x/c      Dcj
   512   10.83       8.625       1.095      0.1682      0.5130E-02   90.00      0.2382E-03  0.1339E-01  0.1416E-02   0.000     -0.2384E-05   0.000      0.5687E-03 -0.1516       0.000    
   513   10.75       8.625       1.126      0.3959      0.1208E-01   90.00      0.6415E-03  0.1393E-01  0.1620E-02   0.000     -0.1454E-05   0.000      0.3335E-03  0.4417E-01   0.000    
   514   10.70       8.625       1.156      0.5230      0.1600E-01   90.00      0.1215E-02  0.1578E-01  0.2324E-02   0.000     -0.2595E-05   0.000      0.4267E-03  0.6642E-01   0.000    
   515   10.67       8.625       1.187      0.6225      0.1899E-01   90.00      0.2288E-02  0.2870E-01  0.3675E-02   0.000     -0.4762E-05   0.000      0.6546E-03  0.7188E-01   0.000    
   516   10.66       8.625       1.217      0.6998      0.2134E-01   90.00      0.2143E-02  0.3190E-01  0.3063E-02   0.000     -0.9614E-06   0.000      0.5310E-03  0.7664E-01   0.000    
   517   10.65       8.625       1.240      0.7162      0.1092E-01   90.00     -0.3081E-03  0.8422E-02 -0.4302E-03   0.000      0.7503E-07   0.000     -0.4697E-05  0.2391       0.000    
   518   10.66       8.625       1.255      0.6833      0.1042E-01   90.00     -0.2287E-02 -0.1231E-01 -0.3347E-02   0.000     -0.1055E-06   0.000     -0.5012E-04  0.2350       0.000    
   519   10.67       8.625       1.278      0.6225      0.1899E-01   90.00     -0.2517E-02 -0.3509E-03 -0.4044E-02   0.000     -0.3386E-05   0.000      0.3958E-05  0.2510       0.000    
   520   10.70       8.625       1.309      0.5230      0.1600E-01   90.00     -0.1356E-02  0.1315E-01 -0.2594E-02   0.000     -0.1675E-05   0.000      0.6929E-04  0.2767       0.000    
   521   10.75       8.625       1.339      0.3960      0.1208E-01   90.00     -0.7617E-03  0.1744E-01 -0.1924E-02   0.000     -0.8749E-06   0.000      0.1171E-03  0.3109       0.000    
   522   10.83       8.625       1.370      0.1682      0.5130E-02   90.00     -0.4108E-03  0.3674E-01 -0.2443E-02   0.000     -0.1232E-05   0.000      0.4197E-03  0.4218       0.000    

 Surface forces referred to Sref,Cref,Bref about Xmom,Ymom,Zmom
 Standard axis orientation,  X fwd, Z down         

  Surface #30     nacelle_6_horizontal                    
     # chordwise =  6   # spanwise = 11     First strip =523
     Surface area = 0.14707           ave. chord = 0.48189    
     CLsurf  =   0.000174     Clsurf  =  -0.000065
     CYsurf  =  -0.000000     Cmsurf  =   0.000058
     CDsurf  =   0.000003     Cnsurf  =  -0.000002
     CDisurf =   0.000003     CDvsurf =   0.000000

  Forces referred to Ssurf, Cave about hinge axis thru LE
     cl_surf =   0.073193     cd_surf =   0.001217

 Strip Forces referred to strip area, chord
    j    xLE         yLE         zLE         Chord       Area        Dihedral   c cl        ai_ff       cl           clj         cd          cdv         cm_c/4     c.p.x/c      Dcj
   523   10.91       10.09       1.232      0.1682      0.5130E-02   0.000      0.2116E-01  0.7777E-01  0.1261       0.000     -0.2565E-02   0.000      0.5475E-02  0.2066       0.000    
   524   10.83       10.12       1.232      0.3959      0.1208E-01   0.000      0.3140E-01  0.8821E-01  0.7939E-01   0.000      0.5603E-03   0.000      0.6405E-02  0.1693       0.000    
   525   10.78       10.15       1.232      0.5230      0.1595E-01   0.000      0.3755E-01  0.9081E-01  0.7184E-01   0.000      0.1167E-02   0.000      0.6276E-02  0.1626       0.000    
   526   10.75       10.18       1.232      0.6225      0.1905E-01   0.000      0.4132E-01  0.9502E-01  0.6639E-01   0.000      0.1667E-02   0.000      0.5952E-02  0.1603       0.000    
   527   10.73       10.21       1.232      0.6997      0.2134E-01   0.000      0.4338E-01  0.1102      0.6198E-01   0.000      0.2006E-02   0.000      0.5666E-02  0.1586       0.000    
   528   10.73       10.23       1.232      0.7162      0.1092E-01   0.000      0.4374E-01  0.6506E-01  0.6105E-01   0.000      0.2172E-02   0.000      0.5551E-02  0.1591       0.000    
   529   10.74       10.25       1.232      0.6833      0.1042E-01   0.000      0.4340E-01  0.8442E-01  0.6349E-01   0.000      0.2275E-02   0.000      0.5689E-02  0.1604       0.000    
   530   10.75       10.27       1.232      0.6225      0.1899E-01   0.000      0.4217E-01  0.9105E-01  0.6774E-01   0.000      0.1724E-02   0.000      0.5944E-02  0.1623       0.000    
   531   10.78       10.30       1.232      0.5230      0.1595E-01   0.000      0.3843E-01  0.9232E-01  0.7352E-01   0.000      0.1200E-02   0.000      0.6265E-02  0.1648       0.000    
   532   10.83       10.33       1.232      0.3960      0.1212E-01   0.000      0.3206E-01  0.9063E-01  0.8105E-01   0.000      0.5652E-03   0.000      0.6378E-02  0.1713       0.000    
   533   10.91       10.36       1.232      0.1682      0.5130E-02   0.000      0.2148E-01  0.7956E-01  0.1280       0.000     -0.2704E-02   0.000      0.5397E-02  0.2078       0.000    

 Surface forces referred to Sref,Cref,Bref about Xmom,Ymom,Zmom
 Standard axis orientation,  X fwd, Z down         

  Surface #31     nacelle_6_vertical                      
     # chordwise =  6   # spanwise = 11     First strip =534
     Surface area = 0.14707           ave. chord = 0.48190    
     CLsurf  =   0.000000     Clsurf  =   0.000000
     CYsurf  =   0.000001     Cmsurf  =   0.000000
     CDsurf  =  -0.000000     Cnsurf  =   0.000000
     CDisurf =  -0.000000     CDvsurf =   0.000000

  Forces referred to Ssurf, Cave about hinge axis thru LE
     cl_surf =   0.000000     cd_surf =  -0.000002

 Strip Forces referred to strip area, chord
    j    xLE         yLE         zLE         Chord       Area        Dihedral   c cl        ai_ff       cl           clj         cd          cdv         cm_c/4     c.p.x/c      Dcj
   534   10.91       10.23       1.095      0.1682      0.5130E-02   90.00      0.1201E-03  0.1569E-01  0.7139E-03   0.000     -0.5704E-06   0.000      0.2894E-03 -0.1554       0.000    
   535   10.83       10.23       1.126      0.3959      0.1208E-01   90.00      0.4148E-03  0.1581E-01  0.1048E-02   0.000     -0.6404E-06   0.000      0.2527E-03  0.8755E-02   0.000    
   536   10.78       10.23       1.156      0.5230      0.1600E-01   90.00      0.9378E-03  0.1736E-01  0.1793E-02   0.000     -0.1683E-05   0.000      0.3770E-03  0.3979E-01   0.000    
   537   10.75       10.23       1.187      0.6225      0.1899E-01   90.00      0.1983E-02  0.2980E-01  0.3185E-02   0.000     -0.3678E-05   0.000      0.6135E-03  0.5736E-01   0.000    
   538   10.73       10.23       1.217      0.6998      0.2134E-01   90.00      0.1835E-02  0.3243E-01  0.2623E-02   0.000     -0.6192E-06   0.000      0.5089E-03  0.5597E-01   0.000    
   539   10.73       10.23       1.240      0.7162      0.1092E-01   90.00     -0.6154E-03  0.9143E-02 -0.8593E-03   0.000     -0.6820E-08   0.000      0.4967E-04  0.3078       0.000    
   540   10.74       10.23       1.255      0.6833      0.1042E-01   90.00     -0.2551E-02 -0.1186E-01 -0.3733E-02   0.000     -0.2706E-06   0.000      0.1862E-04  0.2550       0.000    
   541   10.75       10.23       1.278      0.6225      0.1899E-01   90.00     -0.2750E-02 -0.9664E-03 -0.4418E-02   0.000     -0.3589E-05   0.000      0.7607E-04  0.2672       0.000    
   542   10.78       10.23       1.309      0.5230      0.1600E-01   90.00     -0.1546E-02  0.1017E-01 -0.2957E-02   0.000     -0.1925E-05   0.000      0.1280E-03  0.2933       0.000    
   543   10.83       10.23       1.339      0.3960      0.1208E-01   90.00     -0.8973E-03  0.9174E-02 -0.2266E-02   0.000     -0.1114E-05   0.000      0.1673E-03  0.3238       0.000    
   544   10.91       10.23       1.370      0.1682      0.5130E-02   90.00     -0.4895E-03  0.5336E-02 -0.2910E-02   0.000     -0.1707E-05   0.000      0.5049E-03  0.4235       0.000    

 Surface forces referred to Sref,Cref,Bref about Xmom,Ymom,Zmom
 Standard axis orientation,  X fwd, Z down         

  Surface #32     nacelle_7_horizontal                    
     # chordwise =  6   # spanwise = 11     First strip =545
     Surface area = 0.14706           ave. chord = 0.48184    
     CLsurf  =   0.000117     Clsurf  =   0.000010
     CYsurf  =   0.000000     Cmsurf  =   0.000055
     CDsurf  =   0.000001     Cnsurf  =   0.000000
     CDisurf =   0.000001     CDvsurf =   0.000000

  Forces referred to Ssurf, Cave about hinge axis thru LE
     cl_surf =   0.049205     cd_surf =   0.000612

 Strip Forces referred to strip area, chord
    j    xLE         yLE         zLE         Chord       Area        Dihedral   c cl        ai_ff       cl           clj         cd          cdv         cm_c/4     c.p.x/c      Dcj
   545   10.60      -2.360       1.232      0.1682      0.5147E-02   0.000      0.1661E-01  0.1352      0.9897E-01   0.000     -0.1510E-02   0.000      0.5895E-02  0.1904       0.000    
   546   10.51      -2.329       1.232      0.3959      0.1208E-01   0.000      0.2272E-01  0.1245      0.5745E-01   0.000      0.2695E-03   0.000      0.5767E-02  0.1496       0.000    
   547   10.47      -2.299       1.232      0.5230      0.1595E-01   0.000      0.2633E-01  0.1285      0.5039E-01   0.000      0.6220E-03   0.000      0.5240E-02  0.1460       0.000    
   548   10.44      -2.268       1.232      0.6225      0.1899E-01   0.000      0.2898E-01  0.1276      0.4656E-01   0.000      0.9430E-03   0.000      0.4786E-02  0.1472       0.000    
   549   10.42      -2.246       1.232      0.6833      0.1042E-01   0.000      0.2859E-01  0.6717E-01  0.4183E-01   0.000      0.1244E-02   0.000      0.4293E-02  0.1474       0.000    
   550   10.41      -2.230       1.232      0.7162      0.1092E-01   0.000      0.2635E-01  0.2398E-01  0.3679E-01   0.000      0.1129E-02   0.000      0.3786E-02  0.1471       0.000    
   551   10.42      -2.207       1.232      0.6997      0.2141E-01   0.000      0.2345E-01         NaN  0.3351E-01   0.000      0.8719E-03   0.000      0.3436E-02  0.1474       0.000    
   552   10.44      -2.177       1.232      0.6225      0.1899E-01   0.000      0.2654E-01  0.1341      0.4264E-01   0.000      0.9468E-03   0.000      0.4361E-02  0.1477       0.000    
   553   10.47      -2.146       1.232      0.5230      0.1595E-01   0.000      0.2619E-01  0.1261      0.5012E-01   0.000      0.6033E-03   0.000      0.5118E-02  0.1479       0.000    
   554   10.51      -2.116       1.232      0.3960      0.1208E-01   0.000      0.2248E-01  0.1217      0.5685E-01   0.000      0.2658E-03   0.000      0.5528E-02  0.1528       0.000    
   555   10.60      -2.085       1.232      0.1682      0.5130E-02   0.000      0.1617E-01  0.1322      0.9636E-01   0.000     -0.1578E-02   0.000      0.5271E-02  0.1953       0.000    

 Surface forces referred to Sref,Cref,Bref about Xmom,Ymom,Zmom
 Standard axis orientation,  X fwd, Z down         

  Surface #33     nacelle_7_vertical                      
     # chordwise =  6   # spanwise = 11     First strip =556
     Surface area = 0.14707           ave. chord = 0.48190    
     CLsurf  =  -0.000000     Clsurf  =  -0.000000
     CYsurf  =   0.000016     Cmsurf  =   0.000000
     CDsurf  =  -0.000000     Cnsurf  =   0.000001
     CDisurf =  -0.000000     CDvsurf =   0.000000

  Forces referred to Ssurf, Cave about hinge axis thru LE
     cl_surf =  -0.000002     cd_surf =  -0.000034

 Strip Forces referred to strip area, chord
    j    xLE         yLE         zLE         Chord       Area        Dihedral   c cl        ai_ff       cl           clj         cd          cdv         cm_c/4     c.p.x/c      Dcj
   556   10.60      -2.223       1.095      0.1682      0.5130E-02   90.00     -0.1481E-02 -0.7577E-02 -0.8803E-02   0.000     -0.1446E-03   0.000     -0.4040E-02 -0.2089       0.000    
   557   10.51      -2.223       1.126      0.3959      0.1208E-01   90.00     -0.2526E-02 -0.5919E-02 -0.6379E-02   0.000     -0.5238E-04   0.000     -0.1641E-02 -0.7183E-02   0.000    
   558   10.47      -2.223       1.156      0.5230      0.1600E-01   90.00     -0.2982E-02 -0.4434E-02 -0.5703E-02   0.000     -0.3646E-04   0.000     -0.1260E-02  0.2913E-01   0.000    
   559   10.44      -2.223       1.187      0.6225      0.1899E-01   90.00     -0.3319E-02 -0.7466E-02 -0.5332E-02   0.000     -0.2639E-04   0.000     -0.1063E-02  0.5058E-01   0.000    
   560   10.42      -2.223       1.217      0.6998      0.2134E-01   90.00     -0.3408E-02 -0.8495E-02 -0.4871E-02   0.000     -0.1781E-04   0.000     -0.8931E-03  0.6664E-01   0.000    
   561   10.41      -2.223       1.240      0.7162      0.1092E-01   90.00     -0.3705E-02  0.1749E-01 -0.5174E-02   0.000     -0.1418E-04   0.000     -0.1554E-03  0.2200       0.000    
   562   10.42      -2.223       1.255      0.6833      0.1042E-01   90.00     -0.3712E-02  0.1297E-01 -0.5433E-02   0.000     -0.1373E-04   0.000     -0.1635E-03  0.2199       0.000    
   563   10.44      -2.223       1.278      0.6225      0.1899E-01   90.00     -0.4122E-02 -0.7765E-03 -0.6621E-02   0.000     -0.2140E-04   0.000     -0.1355E-03  0.2295       0.000    
   564   10.47      -2.223       1.309      0.5230      0.1600E-01   90.00     -0.4025E-02 -0.1069E-02 -0.7696E-02   0.000     -0.3185E-04   0.000     -0.5757E-04  0.2425       0.000    
   565   10.51      -2.223       1.339      0.3960      0.1208E-01   90.00     -0.3462E-02  0.4650E-02 -0.8744E-02   0.000     -0.4040E-04   0.000      0.1649E-03  0.2689       0.000    
   566   10.60      -2.223       1.370      0.1682      0.5130E-02   90.00     -0.2798E-02  0.2567E-02 -0.1663E-01   0.000     -0.8620E-04   0.000      0.2347E-02  0.3911       0.000    

 Surface forces referred to Sref,Cref,Bref about Xmom,Ymom,Zmom
 Standard axis orientation,  X fwd, Z down         

  Surface #34     nacelle_8_horizontal                    
     # chordwise =  6   # spanwise = 11     First strip =567
     Surface area = 0.14707           ave. chord = 0.48189    
     CLsurf  =   0.000184     Clsurf  =   0.000026
     CYsurf  =   0.000000     Cmsurf  =   0.000086
     CDsurf  =   0.000002     Cnsurf  =   0.000001
     CDisurf =   0.000002     CDvsurf =   0.000000

  Forces referred to Ssurf, Cave about hinge axis thru LE
     cl_surf =   0.077546     cd_surf =   0.000926

 Strip Forces referred to strip area, chord
    j    xLE         yLE         zLE         Chord       Area        Dihedral   c cl        ai_ff       cl           clj         cd          cdv         cm_c/4     c.p.x/c      Dcj
   567   10.61      -3.961       1.232      0.1682      0.5130E-02   0.000      0.2288E-01  0.8486E-01  0.1364       0.000     -0.3867E-02   0.000      0.6320E-02  0.2037       0.000    
   568   10.52      -3.930       1.232      0.3959      0.1212E-01   0.000      0.3395E-01  0.9536E-01  0.8587E-01   0.000      0.8569E-04   0.000      0.7406E-02  0.1637       0.000    
   569   10.48      -3.900       1.232      0.5230      0.1595E-01   0.000      0.4065E-01  0.9719E-01  0.7779E-01   0.000      0.8741E-03   0.000      0.7250E-02  0.1568       0.000    
   570   10.45      -3.869       1.232      0.6225      0.1899E-01   0.000      0.4456E-01  0.9555E-01  0.7160E-01   0.000      0.1533E-02   0.000      0.6846E-02  0.1544       0.000    
   571   10.43      -3.846       1.232      0.6833      0.1042E-01   0.000      0.4586E-01  0.8822E-01  0.6709E-01   0.000      0.2227E-02   0.000      0.6525E-02  0.1527       0.000    
   572   10.43      -3.831       1.232      0.7162      0.1092E-01   0.000      0.4632E-01  0.6861E-01  0.6465E-01   0.000      0.2169E-02   0.000      0.6363E-02  0.1516       0.000    
   573   10.43      -3.808       1.232      0.6997      0.2134E-01   0.000      0.4604E-01  0.1188      0.6578E-01   0.000      0.1941E-02   0.000      0.6504E-02  0.1511       0.000    
   574   10.45      -3.777       1.232      0.6225      0.1905E-01   0.000      0.4384E-01  0.1031      0.7045E-01   0.000      0.1479E-02   0.000      0.6834E-02  0.1530       0.000    
   575   10.48      -3.747       1.232      0.5230      0.1595E-01   0.000      0.3976E-01  0.9854E-01  0.7610E-01   0.000      0.8488E-03   0.000      0.7196E-02  0.1554       0.000    
   576   10.52      -3.716       1.232      0.3960      0.1208E-01   0.000      0.3322E-01  0.9583E-01  0.8401E-01   0.000      0.9142E-04   0.000      0.7326E-02  0.1628       0.000    
   577   10.61      -3.686       1.232      0.1682      0.5130E-02   0.000      0.2240E-01  0.8569E-01  0.1335       0.000     -0.3727E-02   0.000      0.6148E-02  0.2040       0.000    

 Surface forces referred to Sref,Cref,Bref about Xmom,Ymom,Zmom
 Standard axis orientation,  X fwd, Z down         

  Surface #35     nacelle_8_vertical                      
     # chordwise =  6   # spanwise = 11     First strip =578
     Surface area = 0.14707           ave. chord = 0.48190    
     CLsurf  =  -0.000000     Clsurf  =  -0.000000
     CYsurf  =   0.000006     Cmsurf  =  -0.000000
     CDsurf  =  -0.000000     Cnsurf  =   0.000000
     CDisurf =  -0.000000     CDvsurf =   0.000000

  Forces referred to Ssurf, Cave about hinge axis thru LE
     cl_surf =  -0.000006     cd_surf =  -0.000007

 Strip Forces referred to strip area, chord
    j    xLE         yLE         zLE         Chord       Area        Dihedral   c cl        ai_ff       cl           clj         cd          cdv         cm_c/4     c.p.x/c      Dcj
   578   10.61      -3.823       1.095      0.1682      0.5130E-02   90.00     -0.7704E-03 -0.6523E-02 -0.4580E-02   0.000     -0.2943E-04   0.000     -0.1944E-02 -0.1744       0.000    
   579   10.52      -3.823       1.126      0.3959      0.1208E-01   90.00     -0.1636E-02 -0.7526E-02 -0.4131E-02   0.000     -0.1245E-04   0.000     -0.9278E-03  0.2540E-01   0.000    
   580   10.48      -3.823       1.156      0.5230      0.1600E-01   90.00     -0.2465E-02 -0.9557E-02 -0.4713E-02   0.000     -0.1277E-04   0.000     -0.9166E-03  0.5553E-01   0.000    
   581   10.45      -3.823       1.187      0.6225      0.1899E-01   90.00     -0.3725E-02 -0.2320E-01 -0.5984E-02   0.000     -0.1482E-04   0.000     -0.1090E-02  0.6784E-01   0.000    
   582   10.43      -3.823       1.217      0.6998      0.2134E-01   90.00     -0.3674E-02 -0.2693E-01 -0.5250E-02   0.000     -0.5619E-05   0.000     -0.9155E-03  0.7562E-01   0.000    
   583   10.43      -3.823       1.240      0.7162      0.1092E-01   90.00     -0.1400E-02 -0.7569E-03 -0.1954E-02   0.000     -0.1335E-05   0.000     -0.4446E-04  0.2272       0.000    
   584   10.43      -3.823       1.255      0.6833      0.1042E-01   90.00      0.6804E-03  0.2048E-01  0.9957E-03   0.000      0.3008E-06   0.000      0.3765E-05  0.2462       0.000    
   585   10.45      -3.823       1.278      0.6225      0.1899E-01   90.00      0.9480E-03  0.7987E-02  0.1523E-02   0.000     -0.2826E-06   0.000     -0.2906E-04  0.2691       0.000    
   586   10.48      -3.823       1.309      0.5230      0.1600E-01   90.00     -0.1263E-03 -0.5450E-02 -0.2414E-03   0.000     -0.2357E-06   0.000     -0.5751E-04  0.1180E-01   0.000    
   587   10.52      -3.823       1.339      0.3960      0.1208E-01   90.00     -0.5139E-03 -0.7214E-02 -0.1298E-02   0.000     -0.1129E-05   0.000     -0.1163E-04  0.2410       0.000    
   588   10.61      -3.823       1.370      0.1682      0.5130E-02   90.00     -0.5634E-03 -0.8156E-02 -0.3350E-02   0.000     -0.3567E-05   0.000      0.4668E-03  0.3893       0.000    

 Surface forces referred to Sref,Cref,Bref about Xmom,Ymom,Zmom
 Standard axis orientation,  X fwd, Z down         

  Surface #36     nacelle_9_horizontal                    
     # chordwise =  6   # spanwise = 11     First strip =589
     Surface area = 0.14707           ave. chord = 0.48190    
     CLsurf  =   0.000181     Clsurf  =   0.000036
     CYsurf  =   0.000000     Cmsurf  =   0.000079
     CDsurf  =   0.000002     Cnsurf  =   0.000001
     CDisurf =   0.000002     CDvsurf =   0.000000

  Forces referred to Ssurf, Cave about hinge axis thru LE
     cl_surf =   0.076407     cd_surf =   0.000968

 Strip Forces referred to strip area, chord
    j    xLE         yLE         zLE         Chord       Area        Dihedral   c cl        ai_ff       cl           clj         cd          cdv         cm_c/4     c.p.x/c      Dcj
   589   10.68      -5.561       1.232      0.1682      0.5130E-02   0.000      0.2251E-01  0.8207E-01  0.1342       0.000     -0.3667E-02   0.000      0.6190E-02  0.2039       0.000    
   590   10.59      -5.531       1.232      0.3959      0.1208E-01   0.000      0.3343E-01  0.9240E-01  0.8453E-01   0.000      0.1450E-03   0.000      0.7272E-02  0.1640       0.000    
   591   10.55      -5.500       1.232      0.5230      0.1600E-01   0.000      0.4006E-01  0.9436E-01  0.7666E-01   0.000      0.9187E-03   0.000      0.7121E-02  0.1571       0.000    
   592   10.52      -5.470       1.232      0.6225      0.1899E-01   0.000      0.4396E-01  0.9317E-01  0.7063E-01   0.000      0.1552E-02   0.000      0.6725E-02  0.1548       0.000    
   593   10.50      -5.447       1.232      0.6833      0.1042E-01   0.000      0.4526E-01  0.8638E-01  0.6620E-01   0.000      0.2224E-02   0.000      0.6410E-02  0.1532       0.000    
   594   10.50      -5.432       1.232      0.7162      0.1092E-01   0.000      0.4565E-01  0.6672E-01  0.6372E-01   0.000      0.2162E-02   0.000      0.6241E-02  0.1521       0.000    
   595   10.50      -5.409       1.232      0.6997      0.2134E-01   0.000      0.4532E-01  0.1155      0.6475E-01   0.000      0.1941E-02   0.000      0.6364E-02  0.1517       0.000    
   596   10.52      -5.378       1.232      0.6225      0.1899E-01   0.000      0.4316E-01  0.1002      0.6936E-01   0.000      0.1500E-02   0.000      0.6690E-02  0.1535       0.000    
   597   10.55      -5.348       1.232      0.5230      0.1600E-01   0.000      0.3919E-01  0.9606E-01  0.7499E-01   0.000      0.8997E-03   0.000      0.7060E-02  0.1559       0.000    
   598   10.59      -5.317       1.232      0.3960      0.1208E-01   0.000      0.3275E-01  0.9335E-01  0.8281E-01   0.000      0.1672E-03   0.000      0.7204E-02  0.1630       0.000    
   599   10.68      -5.287       1.232      0.1682      0.5130E-02   0.000      0.2210E-01  0.8322E-01  0.1318       0.000     -0.3479E-02   0.000      0.6130E-02  0.2035       0.000    

 Surface forces referred to Sref,Cref,Bref about Xmom,Ymom,Zmom
 Standard axis orientation,  X fwd, Z down         

  Surface #37     nacelle_9_vertical                      
     # chordwise =  6   # spanwise = 11     First strip =600
     Surface area = 0.14707           ave. chord = 0.48190    
     CLsurf  =  -0.000000     Clsurf  =  -0.000000
     CYsurf  =   0.000002     Cmsurf  =  -0.000000
     CDsurf  =  -0.000000     Cnsurf  =   0.000000
     CDisurf =  -0.000000     CDvsurf =   0.000000

  Forces referred to Ssurf, Cave about hinge axis thru LE
     cl_surf =  -0.000002     cd_surf =  -0.000003

 Strip Forces referred to strip area, chord
    j    xLE         yLE         zLE         Chord       Area        Dihedral   c cl        ai_ff       cl           clj         cd          cdv         cm_c/4     c.p.x/c      Dcj
   600   10.68      -5.424       1.095      0.1682      0.5130E-02   90.00     -0.4153E-03 -0.1074E-01 -0.2469E-02   0.000     -0.7978E-05   0.000     -0.1023E-02 -0.1645       0.000    
   601   10.59      -5.424       1.126      0.3959      0.1208E-01   90.00     -0.9750E-03 -0.1149E-01 -0.2462E-02   0.000     -0.3866E-05   0.000     -0.5255E-03  0.3658E-01   0.000    
   602   10.55      -5.424       1.156      0.5230      0.1600E-01   90.00     -0.1638E-02 -0.1346E-01 -0.3132E-02   0.000     -0.5082E-05   0.000     -0.5845E-03  0.6337E-01   0.000    
   603   10.52      -5.424       1.187      0.6225      0.1899E-01   90.00     -0.2784E-02 -0.2681E-01 -0.4472E-02   0.000     -0.7520E-05   0.000     -0.7972E-03  0.7173E-01   0.000    
   604   10.50      -5.424       1.217      0.6998      0.2134E-01   90.00     -0.2667E-02 -0.3029E-01 -0.3811E-02   0.000     -0.2079E-05   0.000     -0.6552E-03  0.7807E-01   0.000    
   605   10.50      -5.424       1.240      0.7162      0.1092E-01   90.00     -0.2288E-03 -0.5660E-02 -0.3195E-03   0.000     -0.7186E-07   0.000     -0.3312E-05  0.2396       0.000    
   606   10.50      -5.424       1.255      0.6833      0.1042E-01   90.00      0.1816E-02  0.1557E-01  0.2657E-02   0.000      0.2877E-06   0.000      0.4527E-04  0.2330       0.000    
   607   10.52      -5.424       1.278      0.6225      0.1899E-01   90.00      0.2062E-02  0.3211E-02  0.3312E-02   0.000     -0.2146E-05   0.000     -0.2359E-05  0.2507       0.000    
   608   10.55      -5.424       1.309      0.5230      0.1600E-01   90.00      0.9153E-03 -0.1043E-01  0.1750E-02   0.000     -0.6779E-06   0.000     -0.5876E-04  0.2836       0.000    
   609   10.59      -5.424       1.339      0.3960      0.1208E-01   90.00      0.3811E-03 -0.1371E-01  0.9626E-03   0.000     -0.1356E-06   0.000     -0.8076E-04  0.3339       0.000    
   610   10.68      -5.424       1.370      0.1682      0.5130E-02   90.00      0.1208E-03 -0.2500E-01  0.7183E-03   0.000     -0.5338E-07   0.000     -0.1547E-03  0.4654       0.000    

 Surface forces referred to Sref,Cref,Bref about Xmom,Ymom,Zmom
 Standard axis orientation,  X fwd, Z down         

  Surface #38     nacelle_10_horizontal                   
     # chordwise =  6   # spanwise = 11     First strip =611
     Surface area = 0.14707           ave. chord = 0.48189    
     CLsurf  =   0.000179     Clsurf  =   0.000046
     CYsurf  =   0.000000     Cmsurf  =   0.000072
     CDsurf  =   0.000002     Cnsurf  =   0.000002
     CDisurf =   0.000002     CDvsurf =   0.000000

  Forces referred to Ssurf, Cave about hinge axis thru LE
     cl_surf =   0.075423     cd_surf =   0.001008

 Strip Forces referred to strip area, chord
    j    xLE         yLE         zLE         Chord       Area        Dihedral   c cl        ai_ff       cl           clj         cd          cdv         cm_c/4     c.p.x/c      Dcj
   611   10.75      -7.162       1.232      0.1682      0.5130E-02   0.000      0.2220E-01  0.7984E-01  0.1323       0.000     -0.3467E-02   0.000      0.6078E-02  0.2041       0.000    
   612   10.67      -7.131       1.232      0.3959      0.1208E-01   0.000      0.3298E-01  0.9004E-01  0.8340E-01   0.000      0.2144E-03   0.000      0.7152E-02  0.1642       0.000    
   613   10.63      -7.101       1.232      0.5230      0.1595E-01   0.000      0.3954E-01  0.9206E-01  0.7566E-01   0.000      0.9602E-03   0.000      0.6992E-02  0.1576       0.000    
   614   10.59      -7.070       1.232      0.6225      0.1905E-01   0.000      0.4341E-01  0.9105E-01  0.6975E-01   0.000      0.1575E-02   0.000      0.6603E-02  0.1553       0.000    
   615   10.58      -7.047       1.232      0.6833      0.1042E-01   0.000      0.4470E-01  0.8447E-01  0.6538E-01   0.000      0.2222E-02   0.000      0.6295E-02  0.1537       0.000    
   616   10.57      -7.032       1.232      0.7162      0.1092E-01   0.000      0.4507E-01  0.6501E-01  0.6291E-01   0.000      0.2157E-02   0.000      0.6127E-02  0.1526       0.000    
   617   10.58      -7.009       1.232      0.6997      0.2134E-01   0.000      0.4473E-01  0.1128      0.6391E-01   0.000      0.1945E-02   0.000      0.6246E-02  0.1523       0.000    
   618   10.59      -6.979       1.232      0.6225      0.1899E-01   0.000      0.4260E-01  0.9777E-01  0.6845E-01   0.000      0.1523E-02   0.000      0.6568E-02  0.1540       0.000    
   619   10.63      -6.948       1.232      0.5230      0.1595E-01   0.000      0.3869E-01  0.9369E-01  0.7403E-01   0.000      0.9407E-03   0.000      0.6941E-02  0.1562       0.000    
   620   10.67      -6.918       1.232      0.3960      0.1212E-01   0.000      0.3234E-01  0.9094E-01  0.8178E-01   0.000      0.2383E-03   0.000      0.7106E-02  0.1631       0.000    
   621   10.75      -6.887       1.232      0.1682      0.5130E-02   0.000      0.2183E-01  0.8090E-01  0.1302       0.000     -0.3282E-02   0.000      0.6064E-02  0.2034       0.000    

 Surface forces referred to Sref,Cref,Bref about Xmom,Ymom,Zmom
 Standard axis orientation,  X fwd, Z down         

  Surface #39     nacelle_10_vertical                     
     # chordwise =  6   # spanwise = 11     First strip =622
     Surface area = 0.14707           ave. chord = 0.48190    
     CLsurf  =  -0.000000     Clsurf  =  -0.000000
     CYsurf  =   0.000001     Cmsurf  =  -0.000000
     CDsurf  =  -0.000000     Cnsurf  =   0.000000
     CDisurf =  -0.000000     CDvsurf =   0.000000

  Forces referred to Ssurf, Cave about hinge axis thru LE
     cl_surf =  -0.000001     cd_surf =  -0.000002

 Strip Forces referred to strip area, chord
    j    xLE         yLE         zLE         Chord       Area        Dihedral   c cl        ai_ff       cl           clj         cd          cdv         cm_c/4     c.p.x/c      Dcj
   622   10.75      -7.024       1.095      0.1682      0.5130E-02   90.00     -0.3000E-03 -0.1226E-01 -0.1784E-02   0.000     -0.3952E-05   0.000     -0.7264E-03 -0.1572       0.000    
   623   10.67      -7.024       1.126      0.3959      0.1208E-01   90.00     -0.7578E-03 -0.1288E-01 -0.1914E-02   0.000     -0.2149E-05   0.000     -0.3980E-03  0.4203E-01   0.000    
   624   10.63      -7.024       1.156      0.5230      0.1600E-01   90.00     -0.1362E-02 -0.1476E-01 -0.2604E-02   0.000     -0.3348E-05   0.000     -0.4784E-03  0.6631E-01   0.000    
   625   10.59      -7.024       1.187      0.6225      0.1899E-01   90.00     -0.2462E-02 -0.2786E-01 -0.3955E-02   0.000     -0.5654E-05   0.000     -0.7009E-03  0.7278E-01   0.000    
   626   10.58      -7.024       1.217      0.6998      0.2134E-01   90.00     -0.2331E-02 -0.3124E-01 -0.3331E-02   0.000     -0.1293E-05   0.000     -0.5715E-03  0.7843E-01   0.000    
   627   10.57      -7.024       1.240      0.7162      0.1092E-01   90.00      0.1286E-03 -0.7301E-02  0.1796E-03   0.000      0.6044E-07   0.000      0.5958E-05  0.2168       0.000    
   628   10.58      -7.024       1.255      0.6833      0.1042E-01   90.00      0.2139E-02  0.1372E-01  0.3130E-02   0.000      0.3929E-07   0.000      0.5321E-04  0.2330       0.000    
   629   10.59      -7.024       1.278      0.6225      0.1899E-01   90.00      0.2371E-02  0.1511E-02  0.3810E-02   0.000     -0.3014E-05   0.000      0.1615E-05  0.2496       0.000    
   630   10.63      -7.024       1.309      0.5230      0.1600E-01   90.00      0.1215E-02 -0.1203E-01  0.2323E-02   0.000     -0.1333E-05   0.000     -0.6157E-04  0.2765       0.000    
   631   10.67      -7.024       1.339      0.3960      0.1208E-01   90.00      0.6426E-03 -0.1581E-01  0.1623E-02   0.000     -0.5872E-06   0.000     -0.1023E-03  0.3130       0.000    
   632   10.75      -7.024       1.370      0.1682      0.5130E-02   90.00      0.3227E-03 -0.3124E-01  0.1918E-02   0.000     -0.7195E-06   0.000     -0.3375E-03  0.4260       0.000    

 Surface forces referred to Sref,Cref,Bref about Xmom,Ymom,Zmom
 Standard axis orientation,  X fwd, Z down         

  Surface #40     nacelle_11_horizontal                   
     # chordwise =  6   # spanwise = 11     First strip =633
     Surface area = 0.14706           ave. chord = 0.48184    
     CLsurf  =   0.000176     Clsurf  =   0.000056
     CYsurf  =  -0.000000     Cmsurf  =   0.000065
     CDsurf  =   0.000003     Cnsurf  =   0.000002
     CDisurf =   0.000003     CDvsurf =   0.000000

  Forces referred to Ssurf, Cave about hinge axis thru LE
     cl_surf =   0.074025     cd_surf =   0.001058

 Strip Forces referred to strip area, chord
    j    xLE         yLE         zLE         Chord       Area        Dihedral   c cl        ai_ff       cl           clj         cd          cdv         cm_c/4     c.p.x/c      Dcj
   633   10.83      -8.762       1.232      0.1682      0.5147E-02   0.000      0.2140E-01  0.7916E-01  0.1275       0.000     -0.2974E-02   0.000      0.5940E-02  0.2034       0.000    
   634   10.75      -8.732       1.232      0.3959      0.1208E-01   0.000      0.3166E-01  0.8886E-01  0.8004E-01   0.000      0.3300E-03   0.000      0.6966E-02  0.1630       0.000    
   635   10.70      -8.701       1.232      0.5230      0.1595E-01   0.000      0.3788E-01  0.9172E-01  0.7248E-01   0.000      0.9970E-03   0.000      0.6796E-02  0.1562       0.000    
   636   10.67      -8.671       1.232      0.6225      0.1899E-01   0.000      0.4175E-01  0.9599E-01  0.6708E-01   0.000      0.1547E-02   0.000      0.6427E-02  0.1542       0.000    
   637   10.66      -8.640       1.232      0.6997      0.2134E-01   0.000      0.4388E-01  0.1111      0.6269E-01   0.000      0.1942E-02   0.000      0.6111E-02  0.1525       0.000    
   638   10.65      -8.618       1.232      0.7162      0.1096E-01   0.000      0.4424E-01  0.6339E-01  0.6175E-01   0.000      0.2141E-02   0.000      0.5995E-02  0.1529       0.000    
   639   10.66      -8.602       1.232      0.6833      0.1045E-01   0.000      0.4390E-01  0.8276E-01  0.6421E-01   0.000      0.2211E-02   0.000      0.6157E-02  0.1541       0.000    
   640   10.67      -8.579       1.232      0.6225      0.1899E-01   0.000      0.4266E-01  0.8949E-01  0.6854E-01   0.000      0.1599E-02   0.000      0.6454E-02  0.1558       0.000    
   641   10.70      -8.549       1.232      0.5230      0.1595E-01   0.000      0.3889E-01  0.9067E-01  0.7441E-01   0.000      0.1013E-02   0.000      0.6832E-02  0.1582       0.000    
   642   10.75      -8.518       1.232      0.3960      0.1208E-01   0.000      0.3245E-01  0.8875E-01  0.8206E-01   0.000      0.2976E-03   0.000      0.6993E-02  0.1648       0.000    
   643   10.83      -8.488       1.232      0.1682      0.5130E-02   0.000      0.2185E-01  0.7869E-01  0.1302       0.000     -0.3221E-02   0.000      0.5956E-02  0.2043       0.000    

 Surface forces referred to Sref,Cref,Bref about Xmom,Ymom,Zmom
 Standard axis orientation,  X fwd, Z down         

  Surface #41     nacelle_11_vertical                     
     # chordwise =  6   # spanwise = 11     First strip =644
     Surface area = 0.14707           ave. chord = 0.48190    
     CLsurf  =  -0.000000     Clsurf  =   0.000000
     CYsurf  =  -0.000001     Cmsurf  =  -0.000000
     CDsurf  =  -0.000000     Cnsurf  =  -0.000000
     CDisurf =  -0.000000     CDvsurf =   0.000000

  Forces referred to Ssurf, Cave about hinge axis thru LE
     cl_surf =  -0.000001     cd_surf =  -0.000003

 Strip Forces referred to strip area, chord
    j    xLE         yLE         zLE         Chord       Area        Dihedral   c cl        ai_ff       cl           clj         cd          cdv         cm_c/4     c.p.x/c      Dcj
   644   10.83      -8.625       1.095      0.1682      0.5130E-02   90.00      0.4021E-03 -0.1446E-01  0.2391E-02   0.000     -0.7181E-05   0.000      0.9715E-03 -0.1564       0.000    
   645   10.75      -8.625       1.126      0.3959      0.1208E-01   90.00      0.9392E-03 -0.1379E-01  0.2372E-02   0.000     -0.3144E-05   0.000      0.4647E-03  0.5409E-01   0.000    
   646   10.70      -8.625       1.156      0.5230      0.1600E-01   90.00      0.1564E-02 -0.1200E-01  0.2991E-02   0.000     -0.4020E-05   0.000      0.5058E-03  0.8092E-01   0.000    
   647   10.67      -8.625       1.187      0.6225      0.1899E-01   90.00      0.2645E-02  0.7590E-03  0.4249E-02   0.000     -0.5927E-05   0.000      0.7005E-03  0.8515E-01   0.000    
   648   10.66      -8.625       1.217      0.6998      0.2134E-01   90.00      0.2479E-02  0.3566E-02  0.3543E-02   0.000     -0.1319E-05   0.000      0.5526E-03  0.9402E-01   0.000    
   649   10.65      -8.625       1.240      0.7162      0.1092E-01   90.00      0.4702E-04 -0.1928E-01  0.6566E-04   0.000      0.6832E-07   0.000     -0.4334E-04  0.9101       0.000    
   650   10.66      -8.625       1.255      0.6833      0.1042E-01   90.00     -0.1970E-02 -0.4023E-01 -0.2883E-02   0.000      0.3870E-07   0.000     -0.8649E-04  0.2200       0.000    
   651   10.67      -8.625       1.278      0.6225      0.1899E-01   90.00     -0.2265E-02 -0.2888E-01 -0.3639E-02   0.000     -0.2971E-05   0.000     -0.3415E-04  0.2406       0.000    
   652   10.70      -8.625       1.309      0.5230      0.1600E-01   90.00     -0.1188E-02 -0.1653E-01 -0.2271E-02   0.000     -0.1440E-05   0.000      0.3109E-04  0.2637       0.000    
   653   10.75      -8.625       1.339      0.3960      0.1208E-01   90.00     -0.6708E-03 -0.1669E-01 -0.1694E-02   0.000     -0.7771E-06   0.000      0.7946E-04  0.2969       0.000    
   654   10.83      -8.625       1.370      0.1682      0.5130E-02   90.00     -0.3861E-03 -0.3246E-01 -0.2295E-02   0.000     -0.1194E-05   0.000      0.3767E-03  0.4141       0.000    

 Surface forces referred to Sref,Cref,Bref about Xmom,Ymom,Zmom
 Standard axis orientation,  X fwd, Z down         

  Surface #42     nacelle_12_horizontal                   
     # chordwise =  6   # spanwise = 11     First strip =655
     Surface area = 0.14707           ave. chord = 0.48189    
     CLsurf  =   0.000174     Clsurf  =   0.000065
     CYsurf  =  -0.000000     Cmsurf  =   0.000058
     CDsurf  =   0.000003     Cnsurf  =   0.000002
     CDisurf =   0.000003     CDvsurf =   0.000000

  Forces referred to Ssurf, Cave about hinge axis thru LE
     cl_surf =   0.073265     cd_surf =   0.001221

 Strip Forces referred to strip area, chord
    j    xLE         yLE         zLE         Chord       Area        Dihedral   c cl        ai_ff       cl           clj         cd          cdv         cm_c/4     c.p.x/c      Dcj
   655   10.91      -10.36       1.232      0.1682      0.5130E-02   0.000      0.2110E-01  0.7989E-01  0.1257       0.000     -0.2522E-02   0.000      0.5388E-02  0.2071       0.000    
   656   10.83      -10.33       1.232      0.3959      0.1212E-01   0.000      0.3138E-01  0.9070E-01  0.7934E-01   0.000      0.5845E-03   0.000      0.6337E-02  0.1701       0.000    
   657   10.78      -10.30       1.232      0.5230      0.1595E-01   0.000      0.3756E-01  0.9317E-01  0.7185E-01   0.000      0.1180E-02   0.000      0.6217E-02  0.1635       0.000    
   658   10.75      -10.27       1.232      0.6225      0.1899E-01   0.000      0.4137E-01  0.9701E-01  0.6646E-01   0.000      0.1675E-02   0.000      0.5907E-02  0.1611       0.000    
   659   10.73      -10.24       1.232      0.6997      0.2134E-01   0.000      0.4345E-01  0.1115      0.6208E-01   0.000      0.2012E-02   0.000      0.5641E-02  0.1591       0.000    
   660   10.73      -10.22       1.232      0.7162      0.1092E-01   0.000      0.4379E-01  0.6304E-01  0.6112E-01   0.000      0.2175E-02   0.000      0.5541E-02  0.1593       0.000    
   661   10.74      -10.20       1.232      0.6833      0.1042E-01   0.000      0.4343E-01  0.8187E-01  0.6353E-01   0.000      0.2276E-02   0.000      0.5690E-02  0.1604       0.000    
   662   10.75      -10.18       1.232      0.6225      0.1905E-01   0.000      0.4221E-01  0.8822E-01  0.6782E-01   0.000      0.1723E-02   0.000      0.5961E-02  0.1621       0.000    
   663   10.78      -10.15       1.232      0.5230      0.1595E-01   0.000      0.3849E-01  0.8918E-01  0.7364E-01   0.000      0.1193E-02   0.000      0.6297E-02  0.1645       0.000    
   664   10.83      -10.12       1.232      0.3960      0.1208E-01   0.000      0.3213E-01  0.8742E-01  0.8123E-01   0.000      0.5459E-03   0.000      0.6423E-02  0.1709       0.000    
   665   10.91      -10.09       1.232      0.1682      0.5130E-02   0.000      0.2156E-01  0.7675E-01  0.1285       0.000     -0.2752E-02   0.000      0.5472E-02  0.2074       0.000    

 Surface forces referred to Sref,Cref,Bref about Xmom,Ymom,Zmom
 Standard axis orientation,  X fwd, Z down         

  Surface #43     nacelle_12_vertical                     
     # chordwise =  6   # spanwise = 11     First strip =666
     Surface area = 0.14707           ave. chord = 0.48190    
     CLsurf  =  -0.000000     Clsurf  =   0.000000
     CYsurf  =  -0.000002     Cmsurf  =  -0.000000
     CDsurf  =  -0.000000     Cnsurf  =  -0.000000
     CDisurf =  -0.000000     CDvsurf =   0.000000

  Forces referred to Ssurf, Cave about hinge axis thru LE
     cl_surf =  -0.000002     cd_surf =  -0.000003

 Strip Forces referred to strip area, chord
    j    xLE         yLE         zLE         Chord       Area        Dihedral   c cl        ai_ff       cl           clj         cd          cdv         cm_c/4     c.p.x/c      Dcj
   666   10.91      -10.23       1.095      0.1682      0.5130E-02   90.00      0.5093E-03 -0.1680E-01  0.3028E-02   0.000     -0.1132E-04   0.000      0.1209E-02 -0.1494       0.000    
   667   10.83      -10.23       1.126      0.3959      0.1208E-01   90.00      0.1147E-02 -0.1568E-01  0.2897E-02   0.000     -0.4334E-05   0.000      0.5113E-03  0.7352E-01   0.000    
   668   10.78      -10.23       1.156      0.5230      0.1600E-01   90.00      0.1813E-02 -0.1367E-01  0.3467E-02   0.000     -0.4800E-05   0.000      0.5078E-03  0.1036       0.000    
   669   10.75      -10.23       1.187      0.6225      0.1899E-01   90.00      0.2903E-02 -0.8028E-03  0.4664E-02   0.000     -0.6329E-05   0.000      0.6709E-03  0.1061       0.000    
   670   10.73      -10.23       1.217      0.6998      0.2134E-01   90.00      0.2762E-02  0.2699E-02  0.3948E-02   0.000     -0.1581E-05   0.000      0.5206E-03  0.1181       0.000    
   671   10.73      -10.23       1.240      0.7162      0.1092E-01   90.00      0.3708E-03 -0.2007E-01  0.5178E-03   0.000      0.1141E-07   0.000     -0.9630E-04  0.4360       0.000    
   672   10.74      -10.23       1.255      0.6833      0.1042E-01   90.00     -0.1645E-02 -0.4032E-01 -0.2408E-02   0.000      0.1412E-06   0.000     -0.1221E-03  0.1993       0.000    
   673   10.75      -10.23       1.278      0.6225      0.1899E-01   90.00     -0.1956E-02 -0.2806E-01 -0.3142E-02   0.000     -0.2325E-05   0.000     -0.6933E-04  0.2279       0.000    
   674   10.78      -10.23       1.309      0.5230      0.1600E-01   90.00     -0.9500E-03 -0.1393E-01 -0.1817E-02   0.000     -0.1018E-05   0.000     -0.1145E-04  0.2437       0.000    
   675   10.83      -10.23       1.339      0.3960      0.1208E-01   90.00     -0.5054E-03 -0.9448E-02 -0.1276E-02   0.000     -0.4801E-06   0.000      0.3478E-04  0.2772       0.000    
   676   10.91      -10.23       1.370      0.1682      0.5130E-02   90.00     -0.2874E-03 -0.4818E-02 -0.1709E-02   0.000     -0.6813E-06   0.000      0.2706E-03  0.4084       0.000    
